2026-04-28 01:05:01,602 - Namespace(config='', data_dir='./dataset/data_raw/', dataset='CIFAR10', device=0, results_dir='./results/AVGuard/threeclient_full_avguard_fixed_lambda_anchor_theta_supp_sensitivity/theta_supp_0.05/CIFAR10/stage2', seed=100, epoch=100, batch_size=256, client_num=3, pretrained_checkpoint='./results/AVGuard/threeclient_full_avguard_fixed_lambda_anchor_theta_supp_sensitivity/theta_supp_0.05/CIFAR10/stage2\\latest_checkpoint.pth.tar', test_checkpoint=None, resume_latest=True, lr=0.001, start_epoch=0, print_steps=10, early_stop=20, attack='LFBA', target_label=None, poison_rate=0.05, poison_dimensions=5, trigger_feature_clip=1.0, attack_client_num=2, feature_extractor='', select_rate=0.5, lfba_poison_source='gradient', random_select=False, poison_all=False, anchor_idx=23470, pretrain_stage=0, mode='train', defense='anchor', defense_scheme='AVGuard', enable_stage1=True, force_stage1_retrain=False, enable_anchor_loss=True, lambda_anchor=0.5, lambda_stage1_anchor=0.5, anchor_pretrain_epochs=40, anchor_pretrain_early_stop=5, anchor_pretrain_min_delta=0.0001, anchor_scale=16, anchor_margin=0, anchor_bank_path='./results/AVGuard/threeclient_full_avguard_fixed_lambda_anchor_theta_supp_sensitivity/theta_supp_0.05/CIFAR10/stage1/anchor_bank.pt', anchor_stage1_dir='./results/AVGuard/threeclient_full_avguard_fixed_lambda_anchor_theta_supp_sensitivity/theta_supp_0.05/CIFAR10/stage1/anchor_stage1', anchor_ema_momentum=1.0, anchor_ema_update_freq=1, stage3_enable_joint_weighted_voting=True, stage3_enable_static_reliability=True, disable_stage3_eval=False, gamma=2.0, theta_supp=0.15, stage3_required_support_count=2, enable_conservative_correction=False, tau_corr=0.0, top_k=4, stage3_debug_batches=0, stage3_debug_max_samples=8, original_dataset='CIFAR10', attack_target_label=None, anchor_margin_auto_adjusted=False, requested_anchor_margin=0)
2026-04-28 01:05:01,605 - => Defense scheme: AVGuard
2026-04-28 01:05:01,606 - => LFBA poison-set source: gradient
2026-04-28 01:05:01,607 - => Python executable: D:\python3\generative-compression-master1\KAVF\python.exe
2026-04-28 01:05:01,608 - => Torch version: 2.7.1+cu126, compiled CUDA: 12.6, cuda available: True, visible GPU count: 1
2026-04-28 01:05:01,608 - => Using GPU cuda:0 (NVIDIA GeForce RTX 4080)
2026-04-28 01:05:01,609 - => Preparing data...
2026-04-28 01:05:03,692 - => Resolved LFBA attack target label=6 from training anchor_idx=23470
2026-04-28 01:05:05,139 - => No checkpoint found at './results/AVGuard/threeclient_full_avguard_fixed_lambda_anchor_theta_supp_sensitivity/theta_supp_0.05/CIFAR10/stage2\latest_checkpoint.pth.tar'
2026-04-28 01:05:05,388 - => Loading stage1 local models and anchors from './results/AVGuard/threeclient_full_avguard_fixed_lambda_anchor_theta_supp_sensitivity/theta_supp_0.05/CIFAR10/stage1/anchor_stage1/stage1_artifact.pt'
2026-04-28 01:05:05,850 - => Stage 3 is ready; it will use Stage 1 client reliability from the loaded anchor state when available. Stage 2 client anchor-loss stats are optional diagnostics.
2026-04-28 01:05:05,882 - =>Add Trigger to Test Data
2026-04-28 01:05:05,999 - Add Trigger to 9000 Poison Samples, 1000 Clean Samples (1.00)
2026-04-28 01:05:06,003 - => Start Training with LFBA...
2026-04-28 01:05:06,003 - => Enter Stage 2: joint VFL training starts from stage1 passive local backbones with frozen anchor heads
2026-04-28 01:05:06,004 - => Stage 2 anchor loss enabled: True
2026-04-28 01:05:06,004 - => Stage 2 loss form: total_loss=(1-lambda_anchor)*CE + lambda_anchor*anchor_loss with lambda_anchor=0.5000
2026-04-28 01:05:06,005 - => Stage 2 EMA anchor calibration disabled: momentum=1.0000 makes anchor updates a no-op, update_freq=1 epoch(s)
2026-04-28 01:05:06,005 - => Stage 2 latest checkpoint path: './results/AVGuard/threeclient_full_avguard_fixed_lambda_anchor_theta_supp_sensitivity/theta_supp_0.05/CIFAR10/stage2\latest_checkpoint.pth.tar'
2026-04-28 01:05:06,005 - => Stage 2 best checkpoint path: './results/AVGuard/threeclient_full_avguard_fixed_lambda_anchor_theta_supp_sensitivity/theta_supp_0.05/CIFAR10/stage2\best_checkpoint.pth.tar'
2026-04-28 01:05:06,006 - => Stage 2 best checkpoint compatibility alias path: './results/AVGuard/threeclient_full_avguard_fixed_lambda_anchor_theta_supp_sensitivity/theta_supp_0.05/CIFAR10/stage2\best_clean_checkpoint.pth.tar'
2026-04-28 01:05:06,007 - => Stage 2 best checkpoint metric: mean(clean_acc, detection_recall, correction_rate)
2026-04-28 01:05:06,023 - => Start Training for Injecting Backdoor...
2026-04-28 01:05:07,062 - Epoch: 1, 1/196: VFL loss: 4.0506, total loss: 2.1299, anchor loss: 0.2092, VFL train accuracy: 0.1172
2026-04-28 01:05:10,932 - Epoch: 1, 11/196: VFL loss: 2.9058, total loss: 1.5646, anchor loss: 0.2234, VFL train accuracy: 0.3906
2026-04-28 01:05:14,805 - Epoch: 1, 21/196: VFL loss: 2.1048, total loss: 1.1635, anchor loss: 0.2222, VFL train accuracy: 0.4974
2026-04-28 01:05:18,625 - Epoch: 1, 31/196: VFL loss: 1.7676, total loss: 0.9919, anchor loss: 0.2162, VFL train accuracy: 0.5393
2026-04-28 01:05:22,316 - Epoch: 1, 41/196: VFL loss: 1.5654, total loss: 0.8882, anchor loss: 0.2109, VFL train accuracy: 0.5696
2026-04-28 01:05:26,108 - Epoch: 1, 51/196: VFL loss: 1.4265, total loss: 0.8162, anchor loss: 0.2060, VFL train accuracy: 0.5944
2026-04-28 01:05:30,011 - Epoch: 1, 61/196: VFL loss: 1.3225, total loss: 0.7617, anchor loss: 0.2010, VFL train accuracy: 0.6148
2026-04-28 01:05:33,802 - Epoch: 1, 71/196: VFL loss: 1.2520, total loss: 0.7244, anchor loss: 0.1967, VFL train accuracy: 0.6291
2026-04-28 01:05:37,646 - Epoch: 1, 81/196: VFL loss: 1.1945, total loss: 0.6939, anchor loss: 0.1933, VFL train accuracy: 0.6409
2026-04-28 01:05:41,496 - Epoch: 1, 91/196: VFL loss: 1.1483, total loss: 0.6694, anchor loss: 0.1904, VFL train accuracy: 0.6499
2026-04-28 01:05:45,354 - Epoch: 1, 101/196: VFL loss: 1.1090, total loss: 0.6485, anchor loss: 0.1879, VFL train accuracy: 0.6585
2026-04-28 01:05:49,196 - Epoch: 1, 111/196: VFL loss: 1.0803, total loss: 0.6331, anchor loss: 0.1859, VFL train accuracy: 0.6648
2026-04-28 01:05:52,958 - Epoch: 1, 121/196: VFL loss: 1.0503, total loss: 0.6170, anchor loss: 0.1838, VFL train accuracy: 0.6717
2026-04-28 01:05:56,756 - Epoch: 1, 131/196: VFL loss: 1.0255, total loss: 0.6036, anchor loss: 0.1817, VFL train accuracy: 0.6776
2026-04-28 01:06:00,606 - Epoch: 1, 141/196: VFL loss: 1.0091, total loss: 0.5947, anchor loss: 0.1802, VFL train accuracy: 0.6815
2026-04-28 01:06:04,500 - Epoch: 1, 151/196: VFL loss: 0.9935, total loss: 0.5862, anchor loss: 0.1789, VFL train accuracy: 0.6847
2026-04-28 01:06:08,336 - Epoch: 1, 161/196: VFL loss: 0.9793, total loss: 0.5785, anchor loss: 0.1776, VFL train accuracy: 0.6878
2026-04-28 01:06:12,088 - Epoch: 1, 171/196: VFL loss: 0.9648, total loss: 0.5705, anchor loss: 0.1762, VFL train accuracy: 0.6906
2026-04-28 01:06:15,894 - Epoch: 1, 181/196: VFL loss: 0.9521, total loss: 0.5635, anchor loss: 0.1750, VFL train accuracy: 0.6941
2026-04-28 01:06:19,677 - Epoch: 1, 191/196: VFL loss: 0.9371, total loss: 0.5554, anchor loss: 0.1737, VFL train accuracy: 0.6982
2026-04-28 01:06:21,477 - => Recorded Stage 2 client anchor losses for epoch 1 to './results/AVGuard/threeclient_full_avguard_fixed_lambda_anchor_theta_supp_sensitivity/theta_supp_0.05/CIFAR10/stage2\stage2_final_epoch_client_anchor_losses.json': {0: 0.174769, 1: 0.172431, 2: 0.172398}
2026-04-28 01:06:21,493 - => Stage 2 EMA anchor update skipped at epoch 1 because momentum=1.0000 disables EMA; eligible classes per client {0: 10, 1: 10, 2: 10}
2026-04-28 01:06:21,494 - => Stage 2 Epoch 1 Training Summary: VFL loss: 0.9324, total loss: 0.5528, anchor loss: 0.1732, VFL train accuracy: 0.6994
2026-04-28 01:06:21,495 - => Test ASR...
2026-04-28 01:06:21,535 - =>Add Trigger to Test Data
2026-04-28 01:06:21,653 - Add Trigger to 9000 Poison Samples, 1000 Clean Samples (1.00)
2026-04-28 01:06:39,016 - => Test Epoch: 1, main task samples: 10000, attack samples: 10000, test loss: 0.7166, clean acc: 0.6254, Top-4: 0.9700, ASR: 0.3153, RAC: 0.4960, test target accuracy: 0.8580, stage3 final accuracy: 0.6254, stage3 final target accuracy: 0.6640, stage3 final asr: 0.3153, anchor loss: 0.1480
2026-04-28 01:06:39,017 - => Stage 3 Detection Summary: recall: 0.8654, precision: 0.1938, f1: 0.3166, false positive rate: 0.3584, correction rate: 0.5023
2026-04-28 01:06:39,018 - => Stage 3 Debug (clean): suspicious=3584/10000, correction_applied=3552, prediction_changed=3552, skipped_tied_vote=0, skipped_low_margin=0, skipped_other=32
2026-04-28 01:06:39,018 - => Stage 3 Debug (poison-valid): suspicious=5210/9000, correction_applied=5210, prediction_changed=5210, skipped_tied_vote=0, skipped_low_margin=0, skipped_other=0
2026-04-28 01:06:39,019 - => Stage 3 Debug (attack-success): suspicious=1704/1969, correction_applied=1704, prediction_changed=1704, corrected_to_true=856
2026-04-28 01:06:39,020 - => Stage 3 Effective Support Avg: clean(all)=1.8601, clean_suspicious(false_positive)=0.8613, clean_correction_applied=0.8601, poison_valid(all)=1.3740, poison_valid_suspicious=0.9094, poison_valid_correction_applied=0.9094, attack_success(all)=1.1153, attack_success_suspicious=0.9683
2026-04-28 01:06:39,021 - => Stage 2 checkpoint score: mean(clean_acc=0.6254, recall=0.8654, correction_rate=0.5023) = 0.6644
2026-04-28 01:06:39,022 - => Save best checkpoint model...
2026-04-28 01:06:41,412 - => End Epoch: 1, early stop epochs: 0, best epoch: 1, best clean acc: 0.6254, best Top-4: 0.9700, best ASR: 0.3153, best RAC: 0.4960, anchor loss: 0.1480, best checkpoint score: 0.6644
2026-04-28 01:06:41,413 - => Stage 3 Detection Summary: recall: 0.8654, precision: 0.1938, f1: 0.3166, false positive rate: 0.3584, correction rate: 0.5023
2026-04-28 01:06:41,459 - => Rebuilt LFBA poison set from cached gradients: anchor label=6, poison samples=2500, same-label poison samples=2500, consistent rate=1.0000
2026-04-28 01:06:41,472 - => LFBA current anchor-derived target label: 6
2026-04-28 01:06:41,547 - =>Add Trigger to Train Data
2026-04-28 01:06:41,655 - Add Trigger to 2500 Poison Samples, 47500 Clean Samples (0.05)
2026-04-28 01:06:41,674 - => Start Training for Injecting Backdoor...
2026-04-28 01:06:42,061 - Epoch: 2, 1/196: VFL loss: 0.7143, total loss: 0.4332, anchor loss: 0.1520, VFL train accuracy: 0.7188
2026-04-28 01:06:45,958 - Epoch: 2, 11/196: VFL loss: 0.7147, total loss: 0.4327, anchor loss: 0.1507, VFL train accuracy: 0.7500
2026-04-28 01:06:49,856 - Epoch: 2, 21/196: VFL loss: 0.7259, total loss: 0.4395, anchor loss: 0.1531, VFL train accuracy: 0.7487
2026-04-28 01:06:53,767 - Epoch: 2, 31/196: VFL loss: 0.7142, total loss: 0.4336, anchor loss: 0.1530, VFL train accuracy: 0.7516
2026-04-28 01:06:57,702 - Epoch: 2, 41/196: VFL loss: 0.7088, total loss: 0.4306, anchor loss: 0.1525, VFL train accuracy: 0.7535
2026-04-28 01:07:01,680 - Epoch: 2, 51/196: VFL loss: 0.7089, total loss: 0.4307, anchor loss: 0.1525, VFL train accuracy: 0.7515
2026-04-28 01:07:05,577 - Epoch: 2, 61/196: VFL loss: 0.7138, total loss: 0.4332, anchor loss: 0.1526, VFL train accuracy: 0.7520
2026-04-28 01:07:09,501 - Epoch: 2, 71/196: VFL loss: 0.7116, total loss: 0.4319, anchor loss: 0.1522, VFL train accuracy: 0.7537
2026-04-28 01:07:13,350 - Epoch: 2, 81/196: VFL loss: 0.7046, total loss: 0.4282, anchor loss: 0.1517, VFL train accuracy: 0.7557
2026-04-28 01:07:17,247 - Epoch: 2, 91/196: VFL loss: 0.7010, total loss: 0.4261, anchor loss: 0.1512, VFL train accuracy: 0.7572
2026-04-28 01:07:21,177 - Epoch: 2, 101/196: VFL loss: 0.7009, total loss: 0.4260, anchor loss: 0.1512, VFL train accuracy: 0.7579
2026-04-28 01:07:25,027 - Epoch: 2, 111/196: VFL loss: 0.6965, total loss: 0.4236, anchor loss: 0.1508, VFL train accuracy: 0.7591
2026-04-28 01:07:28,951 - Epoch: 2, 121/196: VFL loss: 0.6933, total loss: 0.4219, anchor loss: 0.1506, VFL train accuracy: 0.7604
2026-04-28 01:07:32,756 - Epoch: 2, 131/196: VFL loss: 0.6947, total loss: 0.4226, anchor loss: 0.1504, VFL train accuracy: 0.7603
2026-04-28 01:07:36,609 - Epoch: 2, 141/196: VFL loss: 0.6937, total loss: 0.4220, anchor loss: 0.1504, VFL train accuracy: 0.7599
2026-04-28 01:07:40,537 - Epoch: 2, 151/196: VFL loss: 0.6954, total loss: 0.4229, anchor loss: 0.1503, VFL train accuracy: 0.7593
2026-04-28 01:07:44,472 - Epoch: 2, 161/196: VFL loss: 0.6922, total loss: 0.4211, anchor loss: 0.1500, VFL train accuracy: 0.7604
2026-04-28 01:07:48,352 - Epoch: 2, 171/196: VFL loss: 0.6893, total loss: 0.4195, anchor loss: 0.1498, VFL train accuracy: 0.7617
2026-04-28 01:07:52,195 - Epoch: 2, 181/196: VFL loss: 0.6905, total loss: 0.4201, anchor loss: 0.1498, VFL train accuracy: 0.7620
2026-04-28 01:07:56,077 - Epoch: 2, 191/196: VFL loss: 0.6910, total loss: 0.4204, anchor loss: 0.1498, VFL train accuracy: 0.7619
2026-04-28 01:07:57,848 - => Recorded Stage 2 client anchor losses for epoch 2 to './results/AVGuard/threeclient_full_avguard_fixed_lambda_anchor_theta_supp_sensitivity/theta_supp_0.05/CIFAR10/stage2\stage2_final_epoch_client_anchor_losses.json': {0: 0.152456, 1: 0.14644, 2: 0.150412}
2026-04-28 01:07:57,849 - => Stage 2 EMA anchor update skipped at epoch 2 because momentum=1.0000 disables EMA; eligible classes per client {0: 10, 1: 10, 2: 10}
2026-04-28 01:07:57,849 - => Stage 2 Epoch 2 Training Summary: VFL loss: 0.6910, total loss: 0.4204, anchor loss: 0.1498, VFL train accuracy: 0.7621
2026-04-28 01:07:57,850 - => Test ASR...
2026-04-28 01:07:57,890 - =>Add Trigger to Test Data
2026-04-28 01:07:58,007 - Add Trigger to 9000 Poison Samples, 1000 Clean Samples (1.00)
2026-04-28 01:08:15,182 - => Test Epoch: 2, main task samples: 10000, attack samples: 10000, test loss: 0.6801, clean acc: 0.6356, Top-4: 0.9708, ASR: 0.0294, RAC: 0.6985, test target accuracy: 0.7200, stage3 final accuracy: 0.6356, stage3 final target accuracy: 0.6500, stage3 final asr: 0.0294, anchor loss: 0.1437
2026-04-28 01:08:15,183 - => Stage 3 Detection Summary: recall: 0.9706, precision: 0.7123, f1: 0.8217, false positive rate: 0.3495, correction rate: 0.7229
2026-04-28 01:08:15,184 - => Stage 3 Debug (clean): suspicious=3495/10000, correction_applied=3456, prediction_changed=3456, skipped_tied_vote=0, skipped_low_margin=0, skipped_other=39
2026-04-28 01:08:15,184 - => Stage 3 Debug (poison-valid): suspicious=8662/9000, correction_applied=8661, prediction_changed=8661, skipped_tied_vote=0, skipped_low_margin=0, skipped_other=1
2026-04-28 01:08:15,184 - => Stage 3 Debug (attack-success): suspicious=8660/8922, correction_applied=8659, prediction_changed=8659, corrected_to_true=6260
2026-04-28 01:08:15,185 - => Stage 3 Effective Support Avg: clean(all)=1.8797, clean_suspicious(false_positive)=0.8629, clean_correction_applied=0.8617, poison_valid(all)=1.0384, poison_valid_suspicious=1.0000, poison_valid_correction_applied=1.0000, attack_success(all)=1.0303, attack_success_suspicious=1.0000
2026-04-28 01:08:15,185 - => Stage 2 checkpoint score: mean(clean_acc=0.6356, recall=0.9706, correction_rate=0.7229) = 0.7764
2026-04-28 01:08:15,186 - => Save best checkpoint model...
2026-04-28 01:08:18,107 - => End Epoch: 2, early stop epochs: 0, best epoch: 2, best clean acc: 0.6356, best Top-4: 0.9708, best ASR: 0.0294, best RAC: 0.6985, anchor loss: 0.1437, best checkpoint score: 0.7764
2026-04-28 01:08:18,108 - => Stage 3 Detection Summary: recall: 0.9706, precision: 0.7123, f1: 0.8217, false positive rate: 0.3495, correction rate: 0.7229
2026-04-28 01:08:18,155 - => LFBA current anchor-derived target label: 6
2026-04-28 01:08:18,232 - =>Add Trigger to Train Data
2026-04-28 01:08:18,338 - Add Trigger to 2500 Poison Samples, 47500 Clean Samples (0.05)
2026-04-28 01:08:18,357 - => Start Training for Injecting Backdoor...
2026-04-28 01:08:18,752 - Epoch: 3, 1/196: VFL loss: 0.6593, total loss: 0.4043, anchor loss: 0.1493, VFL train accuracy: 0.7891
2026-04-28 01:08:22,677 - Epoch: 3, 11/196: VFL loss: 0.6586, total loss: 0.4026, anchor loss: 0.1467, VFL train accuracy: 0.7699
2026-04-28 01:08:26,557 - Epoch: 3, 21/196: VFL loss: 0.6824, total loss: 0.4152, anchor loss: 0.1480, VFL train accuracy: 0.7682
2026-04-28 01:08:30,518 - Epoch: 3, 31/196: VFL loss: 0.6786, total loss: 0.4133, anchor loss: 0.1480, VFL train accuracy: 0.7684
2026-04-28 01:08:34,437 - Epoch: 3, 41/196: VFL loss: 0.6666, total loss: 0.4068, anchor loss: 0.1469, VFL train accuracy: 0.7718
2026-04-28 01:08:38,317 - Epoch: 3, 51/196: VFL loss: 0.6609, total loss: 0.4036, anchor loss: 0.1462, VFL train accuracy: 0.7760
2026-04-28 01:08:42,237 - Epoch: 3, 61/196: VFL loss: 0.6607, total loss: 0.4035, anchor loss: 0.1462, VFL train accuracy: 0.7759
2026-04-28 01:08:46,136 - Epoch: 3, 71/196: VFL loss: 0.6583, total loss: 0.4022, anchor loss: 0.1460, VFL train accuracy: 0.7771
2026-04-28 01:08:49,977 - Epoch: 3, 81/196: VFL loss: 0.6572, total loss: 0.4017, anchor loss: 0.1462, VFL train accuracy: 0.7768
2026-04-28 01:08:53,850 - Epoch: 3, 91/196: VFL loss: 0.6566, total loss: 0.4014, anchor loss: 0.1462, VFL train accuracy: 0.7759
2026-04-28 01:08:57,722 - Epoch: 3, 101/196: VFL loss: 0.6530, total loss: 0.3996, anchor loss: 0.1462, VFL train accuracy: 0.7766
2026-04-28 01:09:01,648 - Epoch: 3, 111/196: VFL loss: 0.6538, total loss: 0.4000, anchor loss: 0.1462, VFL train accuracy: 0.7767
2026-04-28 01:09:05,561 - Epoch: 3, 121/196: VFL loss: 0.6555, total loss: 0.4009, anchor loss: 0.1463, VFL train accuracy: 0.7761
2026-04-28 01:09:09,477 - Epoch: 3, 131/196: VFL loss: 0.6551, total loss: 0.4006, anchor loss: 0.1460, VFL train accuracy: 0.7761
2026-04-28 01:09:13,361 - Epoch: 3, 141/196: VFL loss: 0.6526, total loss: 0.3991, anchor loss: 0.1456, VFL train accuracy: 0.7767
2026-04-28 01:09:17,273 - Epoch: 3, 151/196: VFL loss: 0.6501, total loss: 0.3978, anchor loss: 0.1455, VFL train accuracy: 0.7772
2026-04-28 01:09:21,140 - Epoch: 3, 161/196: VFL loss: 0.6488, total loss: 0.3971, anchor loss: 0.1454, VFL train accuracy: 0.7773
2026-04-28 01:09:25,019 - Epoch: 3, 171/196: VFL loss: 0.6480, total loss: 0.3966, anchor loss: 0.1453, VFL train accuracy: 0.7769
2026-04-28 01:09:28,857 - Epoch: 3, 181/196: VFL loss: 0.6492, total loss: 0.3973, anchor loss: 0.1453, VFL train accuracy: 0.7767
2026-04-28 01:09:32,696 - Epoch: 3, 191/196: VFL loss: 0.6487, total loss: 0.3970, anchor loss: 0.1453, VFL train accuracy: 0.7765
2026-04-28 01:09:34,496 - => Recorded Stage 2 client anchor losses for epoch 3 to './results/AVGuard/threeclient_full_avguard_fixed_lambda_anchor_theta_supp_sensitivity/theta_supp_0.05/CIFAR10/stage2\stage2_final_epoch_client_anchor_losses.json': {0: 0.148799, 1: 0.141528, 2: 0.14576}
2026-04-28 01:09:34,499 - => Stage 2 EMA anchor update skipped at epoch 3 because momentum=1.0000 disables EMA; eligible classes per client {0: 10, 1: 10, 2: 10}
2026-04-28 01:09:34,500 - => Stage 2 Epoch 3 Training Summary: VFL loss: 0.6480, total loss: 0.3967, anchor loss: 0.1453, VFL train accuracy: 0.7765
2026-04-28 01:09:34,501 - => Test ASR...
2026-04-28 01:09:34,549 - =>Add Trigger to Test Data
2026-04-28 01:09:34,666 - Add Trigger to 9000 Poison Samples, 1000 Clean Samples (1.00)
2026-04-28 01:09:51,970 - => Test Epoch: 3, main task samples: 10000, attack samples: 10000, test loss: 0.6841, clean acc: 0.6446, Top-4: 0.9694, ASR: 0.0482, RAC: 0.6911, test target accuracy: 0.8130, stage3 final accuracy: 0.6446, stage3 final target accuracy: 0.7070, stage3 final asr: 0.0482, anchor loss: 0.1430
2026-04-28 01:09:51,971 - => Stage 3 Detection Summary: recall: 0.9517, precision: 0.7078, f1: 0.8118, false positive rate: 0.3531, correction rate: 0.7238
2026-04-28 01:09:51,971 - => Stage 3 Debug (clean): suspicious=3531/10000, correction_applied=3498, prediction_changed=3498, skipped_tied_vote=0, skipped_low_margin=0, skipped_other=33
2026-04-28 01:09:51,972 - => Stage 3 Debug (poison-valid): suspicious=8553/9000, correction_applied=8553, prediction_changed=8553, skipped_tied_vote=0, skipped_low_margin=0, skipped_other=0
2026-04-28 01:09:51,972 - => Stage 3 Debug (attack-success): suspicious=8553/8987, correction_applied=8553, prediction_changed=8553, corrected_to_true=6191
2026-04-28 01:09:51,972 - => Stage 3 Effective Support Avg: clean(all)=1.8720, clean_suspicious(false_positive)=0.8536, clean_correction_applied=0.8522, poison_valid(all)=1.0538, poison_valid_suspicious=1.0000, poison_valid_correction_applied=1.0000, attack_success(all)=1.0524, attack_success_suspicious=1.0000
2026-04-28 01:09:51,973 - => Stage 2 checkpoint score: mean(clean_acc=0.6446, recall=0.9517, correction_rate=0.7238) = 0.7734
2026-04-28 01:09:53,019 - => End Epoch: 3, early stop epochs: 1, best epoch: 2, best clean acc: 0.6356, best Top-4: 0.9708, best ASR: 0.0294, best RAC: 0.6985, anchor loss: 0.1437, best checkpoint score: 0.7764
2026-04-28 01:09:53,020 - => Stage 3 Detection Summary: recall: 0.9706, precision: 0.7123, f1: 0.8217, false positive rate: 0.3495, correction rate: 0.7229
2026-04-28 01:09:53,082 - => LFBA current anchor-derived target label: 6
2026-04-28 01:09:53,159 - =>Add Trigger to Train Data
2026-04-28 01:09:53,267 - Add Trigger to 2500 Poison Samples, 47500 Clean Samples (0.05)
2026-04-28 01:09:53,286 - => Start Training for Injecting Backdoor...
2026-04-28 01:09:53,681 - Epoch: 4, 1/196: VFL loss: 0.6219, total loss: 0.3821, anchor loss: 0.1423, VFL train accuracy: 0.7773
2026-04-28 01:09:57,718 - Epoch: 4, 11/196: VFL loss: 0.6070, total loss: 0.3741, anchor loss: 0.1411, VFL train accuracy: 0.7919
2026-04-28 01:10:01,646 - Epoch: 4, 21/196: VFL loss: 0.6218, total loss: 0.3815, anchor loss: 0.1411, VFL train accuracy: 0.7859
2026-04-28 01:10:05,529 - Epoch: 4, 31/196: VFL loss: 0.6181, total loss: 0.3796, anchor loss: 0.1411, VFL train accuracy: 0.7873
2026-04-28 01:10:09,428 - Epoch: 4, 41/196: VFL loss: 0.6222, total loss: 0.3820, anchor loss: 0.1417, VFL train accuracy: 0.7850
2026-04-28 01:10:13,344 - Epoch: 4, 51/196: VFL loss: 0.6195, total loss: 0.3805, anchor loss: 0.1416, VFL train accuracy: 0.7852
2026-04-28 01:10:17,249 - Epoch: 4, 61/196: VFL loss: 0.6175, total loss: 0.3796, anchor loss: 0.1417, VFL train accuracy: 0.7853
2026-04-28 01:10:21,144 - Epoch: 4, 71/196: VFL loss: 0.6196, total loss: 0.3808, anchor loss: 0.1420, VFL train accuracy: 0.7844
2026-04-28 01:10:25,114 - Epoch: 4, 81/196: VFL loss: 0.6158, total loss: 0.3791, anchor loss: 0.1423, VFL train accuracy: 0.7857
2026-04-28 01:10:29,049 - Epoch: 4, 91/196: VFL loss: 0.6151, total loss: 0.3787, anchor loss: 0.1423, VFL train accuracy: 0.7858
2026-04-28 01:10:32,963 - Epoch: 4, 101/196: VFL loss: 0.6155, total loss: 0.3790, anchor loss: 0.1424, VFL train accuracy: 0.7857
2026-04-28 01:10:36,879 - Epoch: 4, 111/196: VFL loss: 0.6183, total loss: 0.3804, anchor loss: 0.1426, VFL train accuracy: 0.7850
2026-04-28 01:10:40,841 - Epoch: 4, 121/196: VFL loss: 0.6176, total loss: 0.3801, anchor loss: 0.1425, VFL train accuracy: 0.7846
2026-04-28 01:10:44,756 - Epoch: 4, 131/196: VFL loss: 0.6183, total loss: 0.3803, anchor loss: 0.1423, VFL train accuracy: 0.7841
2026-04-28 01:10:48,746 - Epoch: 4, 141/196: VFL loss: 0.6164, total loss: 0.3794, anchor loss: 0.1423, VFL train accuracy: 0.7844
2026-04-28 01:10:52,646 - Epoch: 4, 151/196: VFL loss: 0.6158, total loss: 0.3790, anchor loss: 0.1422, VFL train accuracy: 0.7847
2026-04-28 01:10:56,577 - Epoch: 4, 161/196: VFL loss: 0.6152, total loss: 0.3787, anchor loss: 0.1421, VFL train accuracy: 0.7850
2026-04-28 01:11:00,493 - Epoch: 4, 171/196: VFL loss: 0.6165, total loss: 0.3793, anchor loss: 0.1422, VFL train accuracy: 0.7849
2026-04-28 01:11:04,436 - Epoch: 4, 181/196: VFL loss: 0.6154, total loss: 0.3788, anchor loss: 0.1422, VFL train accuracy: 0.7855
2026-04-28 01:11:08,334 - Epoch: 4, 191/196: VFL loss: 0.6145, total loss: 0.3784, anchor loss: 0.1422, VFL train accuracy: 0.7860
2026-04-28 01:11:10,118 - => Recorded Stage 2 client anchor losses for epoch 4 to './results/AVGuard/threeclient_full_avguard_fixed_lambda_anchor_theta_supp_sensitivity/theta_supp_0.05/CIFAR10/stage2\stage2_final_epoch_client_anchor_losses.json': {0: 0.146876, 1: 0.137159, 2: 0.142336}
2026-04-28 01:11:10,120 - => Stage 2 EMA anchor update skipped at epoch 4 because momentum=1.0000 disables EMA; eligible classes per client {0: 10, 1: 10, 2: 10}
2026-04-28 01:11:10,120 - => Stage 2 Epoch 4 Training Summary: VFL loss: 0.6148, total loss: 0.3785, anchor loss: 0.1422, VFL train accuracy: 0.7863
2026-04-28 01:11:10,120 - => Test ASR...
2026-04-28 01:11:10,159 - =>Add Trigger to Test Data
2026-04-28 01:11:10,276 - Add Trigger to 9000 Poison Samples, 1000 Clean Samples (1.00)
2026-04-28 01:11:27,458 - => Test Epoch: 4, main task samples: 10000, attack samples: 10000, test loss: 0.6883, clean acc: 0.6483, Top-4: 0.9740, ASR: 0.0499, RAC: 0.7023, test target accuracy: 0.7940, stage3 final accuracy: 0.6483, stage3 final target accuracy: 0.7040, stage3 final asr: 0.0499, anchor loss: 0.1386
2026-04-28 01:11:27,458 - => Stage 3 Detection Summary: recall: 0.9501, precision: 0.7135, f1: 0.8150, false positive rate: 0.3318, correction rate: 0.7309
2026-04-28 01:11:27,459 - => Stage 3 Debug (clean): suspicious=3318/10000, correction_applied=3293, prediction_changed=3293, skipped_tied_vote=0, skipped_low_margin=0, skipped_other=25
2026-04-28 01:11:27,459 - => Stage 3 Debug (poison-valid): suspicious=8307/9000, correction_applied=8305, prediction_changed=8305, skipped_tied_vote=0, skipped_low_margin=0, skipped_other=2
2026-04-28 01:11:27,460 - => Stage 3 Debug (attack-success): suspicious=8295/8731, correction_applied=8293, prediction_changed=8293, corrected_to_true=6063
2026-04-28 01:11:27,460 - => Stage 3 Effective Support Avg: clean(all)=1.9257, clean_suspicious(false_positive)=0.8689, clean_correction_applied=0.8679, poison_valid(all)=1.0802, poison_valid_suspicious=0.9999, poison_valid_correction_applied=0.9999, attack_success(all)=1.0534, attack_success_suspicious=1.0000
2026-04-28 01:11:27,461 - => Stage 2 checkpoint score: mean(clean_acc=0.6483, recall=0.9501, correction_rate=0.7309) = 0.7764
2026-04-28 01:11:27,461 - => Save best checkpoint model...
2026-04-28 01:11:30,282 - => End Epoch: 4, early stop epochs: 0, best epoch: 4, best clean acc: 0.6483, best Top-4: 0.9740, best ASR: 0.0499, best RAC: 0.7023, anchor loss: 0.1386, best checkpoint score: 0.7764
2026-04-28 01:11:30,283 - => Stage 3 Detection Summary: recall: 0.9501, precision: 0.7135, f1: 0.8150, false positive rate: 0.3318, correction rate: 0.7309
2026-04-28 01:11:30,332 - => LFBA current anchor-derived target label: 6
2026-04-28 01:11:30,408 - =>Add Trigger to Train Data
2026-04-28 01:11:30,515 - Add Trigger to 2500 Poison Samples, 47500 Clean Samples (0.05)
2026-04-28 01:11:30,536 - => Start Training for Injecting Backdoor...
2026-04-28 01:11:30,942 - Epoch: 5, 1/196: VFL loss: 0.4493, total loss: 0.2910, anchor loss: 0.1327, VFL train accuracy: 0.8438
2026-04-28 01:11:34,857 - Epoch: 5, 11/196: VFL loss: 0.5702, total loss: 0.3538, anchor loss: 0.1374, VFL train accuracy: 0.8040
2026-04-28 01:11:38,742 - Epoch: 5, 21/196: VFL loss: 0.5913, total loss: 0.3654, anchor loss: 0.1394, VFL train accuracy: 0.7952
2026-04-28 01:11:42,629 - Epoch: 5, 31/196: VFL loss: 0.5948, total loss: 0.3672, anchor loss: 0.1397, VFL train accuracy: 0.7947
2026-04-28 01:11:46,528 - Epoch: 5, 41/196: VFL loss: 0.5910, total loss: 0.3652, anchor loss: 0.1395, VFL train accuracy: 0.7963
2026-04-28 01:11:50,407 - Epoch: 5, 51/196: VFL loss: 0.5964, total loss: 0.3682, anchor loss: 0.1401, VFL train accuracy: 0.7943
2026-04-28 01:11:54,327 - Epoch: 5, 61/196: VFL loss: 0.5999, total loss: 0.3702, anchor loss: 0.1404, VFL train accuracy: 0.7930
2026-04-28 01:11:58,211 - Epoch: 5, 71/196: VFL loss: 0.6019, total loss: 0.3711, anchor loss: 0.1404, VFL train accuracy: 0.7919
2026-04-28 01:12:02,167 - Epoch: 5, 81/196: VFL loss: 0.5932, total loss: 0.3665, anchor loss: 0.1399, VFL train accuracy: 0.7938
2026-04-28 01:12:06,086 - Epoch: 5, 91/196: VFL loss: 0.5901, total loss: 0.3648, anchor loss: 0.1395, VFL train accuracy: 0.7952
2026-04-28 01:12:09,952 - Epoch: 5, 101/196: VFL loss: 0.5933, total loss: 0.3665, anchor loss: 0.1397, VFL train accuracy: 0.7937
2026-04-28 01:12:13,856 - Epoch: 5, 111/196: VFL loss: 0.5922, total loss: 0.3659, anchor loss: 0.1397, VFL train accuracy: 0.7948
2026-04-28 01:12:17,693 - Epoch: 5, 121/196: VFL loss: 0.5888, total loss: 0.3641, anchor loss: 0.1395, VFL train accuracy: 0.7963
2026-04-28 01:12:21,593 - Epoch: 5, 131/196: VFL loss: 0.5891, total loss: 0.3643, anchor loss: 0.1396, VFL train accuracy: 0.7960
2026-04-28 01:12:25,430 - Epoch: 5, 141/196: VFL loss: 0.5888, total loss: 0.3641, anchor loss: 0.1394, VFL train accuracy: 0.7964
2026-04-28 01:12:29,335 - Epoch: 5, 151/196: VFL loss: 0.5873, total loss: 0.3633, anchor loss: 0.1393, VFL train accuracy: 0.7971
2026-04-28 01:12:33,238 - Epoch: 5, 161/196: VFL loss: 0.5891, total loss: 0.3643, anchor loss: 0.1395, VFL train accuracy: 0.7968
2026-04-28 01:12:37,151 - Epoch: 5, 171/196: VFL loss: 0.5916, total loss: 0.3657, anchor loss: 0.1397, VFL train accuracy: 0.7958
2026-04-28 01:12:41,067 - Epoch: 5, 181/196: VFL loss: 0.5910, total loss: 0.3654, anchor loss: 0.1397, VFL train accuracy: 0.7962
2026-04-28 01:12:44,966 - Epoch: 5, 191/196: VFL loss: 0.5911, total loss: 0.3654, anchor loss: 0.1397, VFL train accuracy: 0.7961
2026-04-28 01:12:46,739 - => Recorded Stage 2 client anchor losses for epoch 5 to './results/AVGuard/threeclient_full_avguard_fixed_lambda_anchor_theta_supp_sensitivity/theta_supp_0.05/CIFAR10/stage2\stage2_final_epoch_client_anchor_losses.json': {0: 0.144141, 1: 0.13396, 2: 0.140803}
2026-04-28 01:12:46,740 - => Stage 2 EMA anchor update skipped at epoch 5 because momentum=1.0000 disables EMA; eligible classes per client {0: 10, 1: 10, 2: 10}
2026-04-28 01:12:46,741 - => Stage 2 Epoch 5 Training Summary: VFL loss: 0.5913, total loss: 0.3655, anchor loss: 0.1397, VFL train accuracy: 0.7959
2026-04-28 01:12:46,741 - => Test ASR...
2026-04-28 01:12:46,783 - =>Add Trigger to Test Data
2026-04-28 01:12:46,899 - Add Trigger to 9000 Poison Samples, 1000 Clean Samples (1.00)
2026-04-28 01:13:04,121 - => Test Epoch: 5, main task samples: 10000, attack samples: 10000, test loss: 0.7083, clean acc: 0.6576, Top-4: 0.9710, ASR: 0.0441, RAC: 0.7107, test target accuracy: 0.5780, stage3 final accuracy: 0.6576, stage3 final target accuracy: 0.7360, stage3 final asr: 0.0441, anchor loss: 0.1377
2026-04-28 01:13:04,122 - => Stage 3 Detection Summary: recall: 0.9588, precision: 0.7014, f1: 0.8102, false positive rate: 0.3424, correction rate: 0.7269
2026-04-28 01:13:04,123 - => Stage 3 Debug (clean): suspicious=3424/10000, correction_applied=3401, prediction_changed=3401, skipped_tied_vote=0, skipped_low_margin=0, skipped_other=23
2026-04-28 01:13:04,124 - => Stage 3 Debug (poison-valid): suspicious=8201/9000, correction_applied=8201, prediction_changed=8201, skipped_tied_vote=0, skipped_low_margin=0, skipped_other=0
2026-04-28 01:13:04,124 - => Stage 3 Debug (attack-success): suspicious=8154/8504, correction_applied=8154, prediction_changed=8154, corrected_to_true=5927
2026-04-28 01:13:04,125 - => Stage 3 Effective Support Avg: clean(all)=1.8969, clean_suspicious(false_positive)=0.8481, clean_correction_applied=0.8480, poison_valid(all)=1.0907, poison_valid_suspicious=1.0000, poison_valid_correction_applied=1.0000, attack_success(all)=1.0432, attack_success_suspicious=1.0000
2026-04-28 01:13:04,125 - => Stage 2 checkpoint score: mean(clean_acc=0.6576, recall=0.9588, correction_rate=0.7269) = 0.7811
2026-04-28 01:13:04,125 - => Save best checkpoint model...
2026-04-28 01:13:06,721 - => End Epoch: 5, early stop epochs: 0, best epoch: 5, best clean acc: 0.6576, best Top-4: 0.9710, best ASR: 0.0441, best RAC: 0.7107, anchor loss: 0.1377, best checkpoint score: 0.7811
2026-04-28 01:13:06,723 - => Stage 3 Detection Summary: recall: 0.9588, precision: 0.7014, f1: 0.8102, false positive rate: 0.3424, correction rate: 0.7269
2026-04-28 01:13:06,778 - => LFBA current anchor-derived target label: 6
2026-04-28 01:13:06,861 - =>Add Trigger to Train Data
2026-04-28 01:13:06,968 - Add Trigger to 2500 Poison Samples, 47500 Clean Samples (0.05)
2026-04-28 01:13:06,986 - => Start Training for Injecting Backdoor...
2026-04-28 01:13:07,370 - Epoch: 6, 1/196: VFL loss: 0.5955, total loss: 0.3673, anchor loss: 0.1391, VFL train accuracy: 0.7891
2026-04-28 01:13:11,277 - Epoch: 6, 11/196: VFL loss: 0.6135, total loss: 0.3778, anchor loss: 0.1422, VFL train accuracy: 0.7951
2026-04-28 01:13:15,162 - Epoch: 6, 21/196: VFL loss: 0.6038, total loss: 0.3732, anchor loss: 0.1426, VFL train accuracy: 0.7948
2026-04-28 01:13:19,088 - Epoch: 6, 31/196: VFL loss: 0.5841, total loss: 0.3625, anchor loss: 0.1408, VFL train accuracy: 0.7985
2026-04-28 01:13:22,978 - Epoch: 6, 41/196: VFL loss: 0.5759, total loss: 0.3579, anchor loss: 0.1399, VFL train accuracy: 0.8036
2026-04-28 01:13:26,878 - Epoch: 6, 51/196: VFL loss: 0.5740, total loss: 0.3570, anchor loss: 0.1399, VFL train accuracy: 0.8039
2026-04-28 01:13:30,717 - Epoch: 6, 61/196: VFL loss: 0.5682, total loss: 0.3537, anchor loss: 0.1393, VFL train accuracy: 0.8058
2026-04-28 01:13:34,598 - Epoch: 6, 71/196: VFL loss: 0.5688, total loss: 0.3539, anchor loss: 0.1390, VFL train accuracy: 0.8055
2026-04-28 01:13:38,486 - Epoch: 6, 81/196: VFL loss: 0.5674, total loss: 0.3530, anchor loss: 0.1386, VFL train accuracy: 0.8053
2026-04-28 01:13:42,388 - Epoch: 6, 91/196: VFL loss: 0.5679, total loss: 0.3533, anchor loss: 0.1386, VFL train accuracy: 0.8049
2026-04-28 01:13:46,237 - Epoch: 6, 101/196: VFL loss: 0.5691, total loss: 0.3538, anchor loss: 0.1385, VFL train accuracy: 0.8044
2026-04-28 01:13:50,124 - Epoch: 6, 111/196: VFL loss: 0.5711, total loss: 0.3549, anchor loss: 0.1387, VFL train accuracy: 0.8031
2026-04-28 01:13:54,002 - Epoch: 6, 121/196: VFL loss: 0.5693, total loss: 0.3539, anchor loss: 0.1385, VFL train accuracy: 0.8037
2026-04-28 01:13:57,894 - Epoch: 6, 131/196: VFL loss: 0.5691, total loss: 0.3538, anchor loss: 0.1385, VFL train accuracy: 0.8041
2026-04-28 01:14:01,858 - Epoch: 6, 141/196: VFL loss: 0.5687, total loss: 0.3535, anchor loss: 0.1384, VFL train accuracy: 0.8041
2026-04-28 01:14:05,769 - Epoch: 6, 151/196: VFL loss: 0.5698, total loss: 0.3541, anchor loss: 0.1383, VFL train accuracy: 0.8035
2026-04-28 01:14:09,657 - Epoch: 6, 161/196: VFL loss: 0.5689, total loss: 0.3536, anchor loss: 0.1383, VFL train accuracy: 0.8040
2026-04-28 01:14:13,556 - Epoch: 6, 171/196: VFL loss: 0.5685, total loss: 0.3533, anchor loss: 0.1381, VFL train accuracy: 0.8042
2026-04-28 01:14:17,407 - Epoch: 6, 181/196: VFL loss: 0.5672, total loss: 0.3526, anchor loss: 0.1380, VFL train accuracy: 0.8045
2026-04-28 01:14:21,328 - Epoch: 6, 191/196: VFL loss: 0.5676, total loss: 0.3528, anchor loss: 0.1379, VFL train accuracy: 0.8040
2026-04-28 01:14:23,099 - => Recorded Stage 2 client anchor losses for epoch 6 to './results/AVGuard/threeclient_full_avguard_fixed_lambda_anchor_theta_supp_sensitivity/theta_supp_0.05/CIFAR10/stage2\stage2_final_epoch_client_anchor_losses.json': {0: 0.141926, 1: 0.131868, 2: 0.140054}
2026-04-28 01:14:23,102 - => Stage 2 EMA anchor update skipped at epoch 6 because momentum=1.0000 disables EMA; eligible classes per client {0: 10, 1: 10, 2: 10}
2026-04-28 01:14:23,103 - => Stage 2 Epoch 6 Training Summary: VFL loss: 0.5691, total loss: 0.3535, anchor loss: 0.1380, VFL train accuracy: 0.8036
2026-04-28 01:14:23,104 - => Test ASR...
2026-04-28 01:14:23,149 - =>Add Trigger to Test Data
2026-04-28 01:14:23,266 - Add Trigger to 9000 Poison Samples, 1000 Clean Samples (1.00)
2026-04-28 01:14:40,473 - => Test Epoch: 6, main task samples: 10000, attack samples: 10000, test loss: 0.6221, clean acc: 0.6554, Top-4: 0.9754, ASR: 0.0512, RAC: 0.7097, test target accuracy: 0.8460, stage3 final accuracy: 0.6554, stage3 final target accuracy: 0.7210, stage3 final asr: 0.0512, anchor loss: 0.1361
2026-04-28 01:14:40,474 - => Stage 3 Detection Summary: recall: 0.9487, precision: 0.7242, f1: 0.8214, false positive rate: 0.3249, correction rate: 0.7465
2026-04-28 01:14:40,475 - => Stage 3 Debug (clean): suspicious=3249/10000, correction_applied=3214, prediction_changed=3214, skipped_tied_vote=0, skipped_low_margin=0, skipped_other=35
2026-04-28 01:14:40,476 - => Stage 3 Debug (poison-valid): suspicious=8531/9000, correction_applied=8531, prediction_changed=8531, skipped_tied_vote=0, skipped_low_margin=0, skipped_other=0
2026-04-28 01:14:40,476 - => Stage 3 Debug (attack-success): suspicious=8531/8992, correction_applied=8531, prediction_changed=8531, corrected_to_true=6368
2026-04-28 01:14:40,477 - => Stage 3 Effective Support Avg: clean(all)=1.9335, clean_suspicious(false_positive)=0.8806, clean_correction_applied=0.8793, poison_valid(all)=1.0560, poison_valid_suspicious=1.0000, poison_valid_correction_applied=1.0000, attack_success(all)=1.0552, attack_success_suspicious=1.0000
2026-04-28 01:14:40,478 - => Stage 2 checkpoint score: mean(clean_acc=0.6554, recall=0.9487, correction_rate=0.7465) = 0.7835
2026-04-28 01:14:40,479 - => Save best checkpoint model...
2026-04-28 01:14:43,031 - => End Epoch: 6, early stop epochs: 0, best epoch: 6, best clean acc: 0.6554, best Top-4: 0.9754, best ASR: 0.0512, best RAC: 0.7097, anchor loss: 0.1361, best checkpoint score: 0.7835
2026-04-28 01:14:43,032 - => Stage 3 Detection Summary: recall: 0.9487, precision: 0.7242, f1: 0.8214, false positive rate: 0.3249, correction rate: 0.7465
2026-04-28 01:14:43,093 - => LFBA current anchor-derived target label: 6
2026-04-28 01:14:43,172 - =>Add Trigger to Train Data
2026-04-28 01:14:43,296 - Add Trigger to 2500 Poison Samples, 47500 Clean Samples (0.05)
2026-04-28 01:14:43,313 - => Start Training for Injecting Backdoor...
2026-04-28 01:14:43,749 - Epoch: 7, 1/196: VFL loss: 0.5565, total loss: 0.3491, anchor loss: 0.1417, VFL train accuracy: 0.8008
2026-04-28 01:14:47,669 - Epoch: 7, 11/196: VFL loss: 0.5573, total loss: 0.3480, anchor loss: 0.1386, VFL train accuracy: 0.8058
2026-04-28 01:14:51,568 - Epoch: 7, 21/196: VFL loss: 0.5553, total loss: 0.3466, anchor loss: 0.1380, VFL train accuracy: 0.8106
2026-04-28 01:14:55,477 - Epoch: 7, 31/196: VFL loss: 0.5464, total loss: 0.3419, anchor loss: 0.1374, VFL train accuracy: 0.8136
2026-04-28 01:14:59,527 - Epoch: 7, 41/196: VFL loss: 0.5363, total loss: 0.3365, anchor loss: 0.1367, VFL train accuracy: 0.8149
2026-04-28 01:15:03,507 - Epoch: 7, 51/196: VFL loss: 0.5386, total loss: 0.3379, anchor loss: 0.1372, VFL train accuracy: 0.8146
2026-04-28 01:15:07,377 - Epoch: 7, 61/196: VFL loss: 0.5426, total loss: 0.3398, anchor loss: 0.1370, VFL train accuracy: 0.8109
2026-04-28 01:15:11,312 - Epoch: 7, 71/196: VFL loss: 0.5473, total loss: 0.3424, anchor loss: 0.1376, VFL train accuracy: 0.8100
2026-04-28 01:15:15,238 - Epoch: 7, 81/196: VFL loss: 0.5491, total loss: 0.3434, anchor loss: 0.1376, VFL train accuracy: 0.8090
2026-04-28 01:15:19,101 - Epoch: 7, 91/196: VFL loss: 0.5469, total loss: 0.3420, anchor loss: 0.1372, VFL train accuracy: 0.8096
2026-04-28 01:15:22,978 - Epoch: 7, 101/196: VFL loss: 0.5476, total loss: 0.3424, anchor loss: 0.1371, VFL train accuracy: 0.8095
2026-04-28 01:15:26,877 - Epoch: 7, 111/196: VFL loss: 0.5459, total loss: 0.3414, anchor loss: 0.1368, VFL train accuracy: 0.8099
2026-04-28 01:15:30,807 - Epoch: 7, 121/196: VFL loss: 0.5452, total loss: 0.3409, anchor loss: 0.1366, VFL train accuracy: 0.8100
2026-04-28 01:15:34,680 - Epoch: 7, 131/196: VFL loss: 0.5466, total loss: 0.3416, anchor loss: 0.1366, VFL train accuracy: 0.8095
2026-04-28 01:15:38,577 - Epoch: 7, 141/196: VFL loss: 0.5487, total loss: 0.3427, anchor loss: 0.1366, VFL train accuracy: 0.8086
2026-04-28 01:15:42,451 - Epoch: 7, 151/196: VFL loss: 0.5524, total loss: 0.3446, anchor loss: 0.1368, VFL train accuracy: 0.8075
2026-04-28 01:15:46,288 - Epoch: 7, 161/196: VFL loss: 0.5522, total loss: 0.3445, anchor loss: 0.1367, VFL train accuracy: 0.8079
2026-04-28 01:15:50,187 - Epoch: 7, 171/196: VFL loss: 0.5537, total loss: 0.3453, anchor loss: 0.1368, VFL train accuracy: 0.8076
2026-04-28 01:15:54,085 - Epoch: 7, 181/196: VFL loss: 0.5543, total loss: 0.3456, anchor loss: 0.1368, VFL train accuracy: 0.8074
2026-04-28 01:15:57,958 - Epoch: 7, 191/196: VFL loss: 0.5535, total loss: 0.3451, anchor loss: 0.1368, VFL train accuracy: 0.8077
2026-04-28 01:15:59,674 - => Recorded Stage 2 client anchor losses for epoch 7 to './results/AVGuard/threeclient_full_avguard_fixed_lambda_anchor_theta_supp_sensitivity/theta_supp_0.05/CIFAR10/stage2\stage2_final_epoch_client_anchor_losses.json': {0: 0.141584, 1: 0.129293, 2: 0.139039}
2026-04-28 01:15:59,677 - => Stage 2 EMA anchor update skipped at epoch 7 because momentum=1.0000 disables EMA; eligible classes per client {0: 10, 1: 10, 2: 10}
2026-04-28 01:15:59,678 - => Stage 2 Epoch 7 Training Summary: VFL loss: 0.5531, total loss: 0.3449, anchor loss: 0.1367, VFL train accuracy: 0.8082
2026-04-28 01:15:59,678 - => Test ASR...
2026-04-28 01:15:59,721 - =>Add Trigger to Test Data
2026-04-28 01:15:59,838 - Add Trigger to 9000 Poison Samples, 1000 Clean Samples (1.00)
2026-04-28 01:16:17,042 - => Test Epoch: 7, main task samples: 10000, attack samples: 10000, test loss: 0.6502, clean acc: 0.6613, Top-4: 0.9732, ASR: 0.0574, RAC: 0.7060, test target accuracy: 0.8350, stage3 final accuracy: 0.6613, stage3 final target accuracy: 0.7450, stage3 final asr: 0.0574, anchor loss: 0.1355
2026-04-28 01:16:17,043 - => Stage 3 Detection Summary: recall: 0.9425, precision: 0.7289, f1: 0.8221, false positive rate: 0.3153, correction rate: 0.7442
2026-04-28 01:16:17,043 - => Stage 3 Debug (clean): suspicious=3153/10000, correction_applied=3128, prediction_changed=3128, skipped_tied_vote=0, skipped_low_margin=0, skipped_other=25
2026-04-28 01:16:17,043 - => Stage 3 Debug (poison-valid): suspicious=8477/9000, correction_applied=8477, prediction_changed=8477, skipped_tied_vote=0, skipped_low_margin=0, skipped_other=0
2026-04-28 01:16:17,044 - => Stage 3 Debug (attack-success): suspicious=8477/8994, correction_applied=8477, prediction_changed=8477, corrected_to_true=6309
2026-04-28 01:16:17,044 - => Stage 3 Effective Support Avg: clean(all)=1.9516, clean_suspicious(false_positive)=0.8773, clean_correction_applied=0.8769, poison_valid(all)=1.0620, poison_valid_suspicious=1.0000, poison_valid_correction_applied=1.0000, attack_success(all)=1.0614, attack_success_suspicious=1.0000
2026-04-28 01:16:17,045 - => Stage 2 checkpoint score: mean(clean_acc=0.6613, recall=0.9425, correction_rate=0.7442) = 0.7827
2026-04-28 01:16:17,892 - => End Epoch: 7, early stop epochs: 1, best epoch: 6, best clean acc: 0.6554, best Top-4: 0.9754, best ASR: 0.0512, best RAC: 0.7097, anchor loss: 0.1361, best checkpoint score: 0.7835
2026-04-28 01:16:17,894 - => Stage 3 Detection Summary: recall: 0.9487, precision: 0.7242, f1: 0.8214, false positive rate: 0.3249, correction rate: 0.7465
2026-04-28 01:16:17,944 - => LFBA current anchor-derived target label: 6
2026-04-28 01:16:18,019 - =>Add Trigger to Train Data
2026-04-28 01:16:18,126 - Add Trigger to 2500 Poison Samples, 47500 Clean Samples (0.05)
2026-04-28 01:16:18,145 - => Start Training for Injecting Backdoor...
2026-04-28 01:16:18,539 - Epoch: 8, 1/196: VFL loss: 0.4692, total loss: 0.2997, anchor loss: 0.1303, VFL train accuracy: 0.8477
2026-04-28 01:16:22,482 - Epoch: 8, 11/196: VFL loss: 0.5289, total loss: 0.3307, anchor loss: 0.1325, VFL train accuracy: 0.8150
2026-04-28 01:16:26,412 - Epoch: 8, 21/196: VFL loss: 0.5405, total loss: 0.3372, anchor loss: 0.1340, VFL train accuracy: 0.8106
2026-04-28 01:16:30,328 - Epoch: 8, 31/196: VFL loss: 0.5284, total loss: 0.3309, anchor loss: 0.1334, VFL train accuracy: 0.8136
2026-04-28 01:16:34,194 - Epoch: 8, 41/196: VFL loss: 0.5259, total loss: 0.3298, anchor loss: 0.1337, VFL train accuracy: 0.8179
2026-04-28 01:16:38,070 - Epoch: 8, 51/196: VFL loss: 0.5295, total loss: 0.3320, anchor loss: 0.1345, VFL train accuracy: 0.8163
2026-04-28 01:16:41,967 - Epoch: 8, 61/196: VFL loss: 0.5334, total loss: 0.3341, anchor loss: 0.1348, VFL train accuracy: 0.8141
2026-04-28 01:16:45,866 - Epoch: 8, 71/196: VFL loss: 0.5379, total loss: 0.3365, anchor loss: 0.1351, VFL train accuracy: 0.8129
2026-04-28 01:16:49,779 - Epoch: 8, 81/196: VFL loss: 0.5341, total loss: 0.3344, anchor loss: 0.1348, VFL train accuracy: 0.8142
2026-04-28 01:16:53,692 - Epoch: 8, 91/196: VFL loss: 0.5348, total loss: 0.3349, anchor loss: 0.1350, VFL train accuracy: 0.8143
2026-04-28 01:16:57,600 - Epoch: 8, 101/196: VFL loss: 0.5359, total loss: 0.3355, anchor loss: 0.1351, VFL train accuracy: 0.8139
2026-04-28 01:17:01,527 - Epoch: 8, 111/196: VFL loss: 0.5372, total loss: 0.3360, anchor loss: 0.1349, VFL train accuracy: 0.8132
2026-04-28 01:17:05,368 - Epoch: 8, 121/196: VFL loss: 0.5357, total loss: 0.3352, anchor loss: 0.1348, VFL train accuracy: 0.8135
2026-04-28 01:17:09,268 - Epoch: 8, 131/196: VFL loss: 0.5371, total loss: 0.3360, anchor loss: 0.1349, VFL train accuracy: 0.8133
2026-04-28 01:17:13,119 - Epoch: 8, 141/196: VFL loss: 0.5365, total loss: 0.3357, anchor loss: 0.1349, VFL train accuracy: 0.8132
2026-04-28 01:17:17,002 - Epoch: 8, 151/196: VFL loss: 0.5374, total loss: 0.3361, anchor loss: 0.1348, VFL train accuracy: 0.8131
2026-04-28 01:17:20,813 - Epoch: 8, 161/196: VFL loss: 0.5374, total loss: 0.3361, anchor loss: 0.1348, VFL train accuracy: 0.8131
2026-04-28 01:17:24,680 - Epoch: 8, 171/196: VFL loss: 0.5386, total loss: 0.3367, anchor loss: 0.1348, VFL train accuracy: 0.8128
2026-04-28 01:17:28,587 - Epoch: 8, 181/196: VFL loss: 0.5384, total loss: 0.3366, anchor loss: 0.1348, VFL train accuracy: 0.8126
2026-04-28 01:17:32,451 - Epoch: 8, 191/196: VFL loss: 0.5375, total loss: 0.3361, anchor loss: 0.1348, VFL train accuracy: 0.8131
2026-04-28 01:17:34,244 - => Recorded Stage 2 client anchor losses for epoch 8 to './results/AVGuard/threeclient_full_avguard_fixed_lambda_anchor_theta_supp_sensitivity/theta_supp_0.05/CIFAR10/stage2\stage2_final_epoch_client_anchor_losses.json': {0: 0.139407, 1: 0.128232, 2: 0.13662}
2026-04-28 01:17:34,247 - => Stage 2 EMA anchor update skipped at epoch 8 because momentum=1.0000 disables EMA; eligible classes per client {0: 10, 1: 10, 2: 10}
2026-04-28 01:17:34,248 - => Stage 2 Epoch 8 Training Summary: VFL loss: 0.5373, total loss: 0.3360, anchor loss: 0.1347, VFL train accuracy: 0.8129
2026-04-28 01:17:34,248 - => Test ASR...
2026-04-28 01:17:34,288 - =>Add Trigger to Test Data
2026-04-28 01:17:34,405 - Add Trigger to 9000 Poison Samples, 1000 Clean Samples (1.00)
2026-04-28 01:17:51,607 - => Test Epoch: 8, main task samples: 10000, attack samples: 10000, test loss: 0.6463, clean acc: 0.6639, Top-4: 0.9747, ASR: 0.0382, RAC: 0.7123, test target accuracy: 0.7680, stage3 final accuracy: 0.6639, stage3 final target accuracy: 0.6850, stage3 final asr: 0.0382, anchor loss: 0.1354
2026-04-28 01:17:51,608 - => Stage 3 Detection Summary: recall: 0.9617, precision: 0.7291, f1: 0.8294, false positive rate: 0.3211, correction rate: 0.7435
2026-04-28 01:17:51,608 - => Stage 3 Debug (clean): suspicious=3211/10000, correction_applied=3180, prediction_changed=3180, skipped_tied_vote=0, skipped_low_margin=0, skipped_other=31
2026-04-28 01:17:51,608 - => Stage 3 Debug (poison-valid): suspicious=8643/9000, correction_applied=8643, prediction_changed=8643, skipped_tied_vote=0, skipped_low_margin=0, skipped_other=0
2026-04-28 01:17:51,609 - => Stage 3 Debug (attack-success): suspicious=8643/8987, correction_applied=8643, prediction_changed=8643, corrected_to_true=6426
2026-04-28 01:17:51,609 - => Stage 3 Effective Support Avg: clean(all)=1.9447, clean_suspicious(false_positive)=0.8801, clean_correction_applied=0.8799, poison_valid(all)=1.0418, poison_valid_suspicious=1.0000, poison_valid_correction_applied=1.0000, attack_success(all)=1.0404, attack_success_suspicious=1.0000
2026-04-28 01:17:51,610 - => Stage 2 checkpoint score: mean(clean_acc=0.6639, recall=0.9617, correction_rate=0.7435) = 0.7897
2026-04-28 01:17:51,610 - => Save best checkpoint model...
2026-04-28 01:17:55,070 - => End Epoch: 8, early stop epochs: 0, best epoch: 8, best clean acc: 0.6639, best Top-4: 0.9747, best ASR: 0.0382, best RAC: 0.7123, anchor loss: 0.1354, best checkpoint score: 0.7897
2026-04-28 01:17:55,072 - => Stage 3 Detection Summary: recall: 0.9617, precision: 0.7291, f1: 0.8294, false positive rate: 0.3211, correction rate: 0.7435
2026-04-28 01:17:55,127 - => LFBA current anchor-derived target label: 6
2026-04-28 01:17:55,207 - =>Add Trigger to Train Data
2026-04-28 01:17:55,314 - Add Trigger to 2500 Poison Samples, 47500 Clean Samples (0.05)
2026-04-28 01:17:55,332 - => Start Training for Injecting Backdoor...
2026-04-28 01:17:55,753 - Epoch: 9, 1/196: VFL loss: 0.4619, total loss: 0.2969, anchor loss: 0.1319, VFL train accuracy: 0.8320
2026-04-28 01:17:59,638 - Epoch: 9, 11/196: VFL loss: 0.5286, total loss: 0.3312, anchor loss: 0.1338, VFL train accuracy: 0.8161
2026-04-28 01:18:03,541 - Epoch: 9, 21/196: VFL loss: 0.5177, total loss: 0.3254, anchor loss: 0.1332, VFL train accuracy: 0.8235
2026-04-28 01:18:07,387 - Epoch: 9, 31/196: VFL loss: 0.5077, total loss: 0.3200, anchor loss: 0.1322, VFL train accuracy: 0.8260
2026-04-28 01:18:11,291 - Epoch: 9, 41/196: VFL loss: 0.5052, total loss: 0.3190, anchor loss: 0.1328, VFL train accuracy: 0.8283
2026-04-28 01:18:15,207 - Epoch: 9, 51/196: VFL loss: 0.5095, total loss: 0.3213, anchor loss: 0.1330, VFL train accuracy: 0.8268
2026-04-28 01:18:19,112 - Epoch: 9, 61/196: VFL loss: 0.5091, total loss: 0.3210, anchor loss: 0.1330, VFL train accuracy: 0.8267
2026-04-28 01:18:23,009 - Epoch: 9, 71/196: VFL loss: 0.5109, total loss: 0.3219, anchor loss: 0.1329, VFL train accuracy: 0.8255
2026-04-28 01:18:26,937 - Epoch: 9, 81/196: VFL loss: 0.5119, total loss: 0.3224, anchor loss: 0.1330, VFL train accuracy: 0.8249
2026-04-28 01:18:30,837 - Epoch: 9, 91/196: VFL loss: 0.5179, total loss: 0.3256, anchor loss: 0.1333, VFL train accuracy: 0.8225
2026-04-28 01:18:34,778 - Epoch: 9, 101/196: VFL loss: 0.5165, total loss: 0.3248, anchor loss: 0.1332, VFL train accuracy: 0.8224
2026-04-28 01:18:38,697 - Epoch: 9, 111/196: VFL loss: 0.5165, total loss: 0.3248, anchor loss: 0.1331, VFL train accuracy: 0.8229
2026-04-28 01:18:42,567 - Epoch: 9, 121/196: VFL loss: 0.5161, total loss: 0.3245, anchor loss: 0.1329, VFL train accuracy: 0.8222
2026-04-28 01:18:46,469 - Epoch: 9, 131/196: VFL loss: 0.5155, total loss: 0.3242, anchor loss: 0.1329, VFL train accuracy: 0.8220
2026-04-28 01:18:50,322 - Epoch: 9, 141/196: VFL loss: 0.5169, total loss: 0.3249, anchor loss: 0.1330, VFL train accuracy: 0.8215
2026-04-28 01:18:54,208 - Epoch: 9, 151/196: VFL loss: 0.5185, total loss: 0.3259, anchor loss: 0.1332, VFL train accuracy: 0.8210
2026-04-28 01:18:58,106 - Epoch: 9, 161/196: VFL loss: 0.5169, total loss: 0.3251, anchor loss: 0.1333, VFL train accuracy: 0.8215
2026-04-28 01:19:02,040 - Epoch: 9, 171/196: VFL loss: 0.5166, total loss: 0.3249, anchor loss: 0.1332, VFL train accuracy: 0.8210
2026-04-28 01:19:05,937 - Epoch: 9, 181/196: VFL loss: 0.5167, total loss: 0.3250, anchor loss: 0.1333, VFL train accuracy: 0.8210
2026-04-28 01:19:09,837 - Epoch: 9, 191/196: VFL loss: 0.5191, total loss: 0.3262, anchor loss: 0.1334, VFL train accuracy: 0.8202
2026-04-28 01:19:11,597 - => Recorded Stage 2 client anchor losses for epoch 9 to './results/AVGuard/threeclient_full_avguard_fixed_lambda_anchor_theta_supp_sensitivity/theta_supp_0.05/CIFAR10/stage2\stage2_final_epoch_client_anchor_losses.json': {0: 0.137097, 1: 0.126165, 2: 0.136869}
2026-04-28 01:19:11,600 - => Stage 2 EMA anchor update skipped at epoch 9 because momentum=1.0000 disables EMA; eligible classes per client {0: 10, 1: 10, 2: 10}
2026-04-28 01:19:11,601 - => Stage 2 Epoch 9 Training Summary: VFL loss: 0.5203, total loss: 0.3268, anchor loss: 0.1334, VFL train accuracy: 0.8201
2026-04-28 01:19:11,602 - => Test ASR...
2026-04-28 01:19:11,643 - =>Add Trigger to Test Data
2026-04-28 01:19:11,769 - Add Trigger to 9000 Poison Samples, 1000 Clean Samples (1.00)
2026-04-28 01:19:28,969 - => Test Epoch: 9, main task samples: 10000, attack samples: 10000, test loss: 0.6275, clean acc: 0.6640, Top-4: 0.9760, ASR: 0.0699, RAC: 0.7065, test target accuracy: 0.8420, stage3 final accuracy: 0.6640, stage3 final target accuracy: 0.7710, stage3 final asr: 0.0699, anchor loss: 0.1337
2026-04-28 01:19:28,970 - => Stage 3 Detection Summary: recall: 0.9295, precision: 0.7211, f1: 0.8121, false positive rate: 0.3193, correction rate: 0.7486
2026-04-28 01:19:28,971 - => Stage 3 Debug (clean): suspicious=3193/10000, correction_applied=3160, prediction_changed=3160, skipped_tied_vote=0, skipped_low_margin=0, skipped_other=33
2026-04-28 01:19:28,971 - => Stage 3 Debug (poison-valid): suspicious=8264/9000, correction_applied=8264, prediction_changed=8264, skipped_tied_vote=0, skipped_low_margin=0, skipped_other=0
2026-04-28 01:19:28,971 - => Stage 3 Debug (attack-success): suspicious=8262/8889, correction_applied=8262, prediction_changed=8262, corrected_to_true=6185
2026-04-28 01:19:28,972 - => Stage 3 Effective Support Avg: clean(all)=1.9461, clean_suspicious(false_positive)=0.8766, clean_correction_applied=0.8756, poison_valid(all)=1.0873, poison_valid_suspicious=1.0000, poison_valid_correction_applied=1.0000, attack_success(all)=1.0762, attack_success_suspicious=1.0000
2026-04-28 01:19:28,972 - => Stage 2 checkpoint score: mean(clean_acc=0.6640, recall=0.9295, correction_rate=0.7486) = 0.7807
2026-04-28 01:19:30,035 - => End Epoch: 9, early stop epochs: 1, best epoch: 8, best clean acc: 0.6639, best Top-4: 0.9747, best ASR: 0.0382, best RAC: 0.7123, anchor loss: 0.1354, best checkpoint score: 0.7897
2026-04-28 01:19:30,037 - => Stage 3 Detection Summary: recall: 0.9617, precision: 0.7291, f1: 0.8294, false positive rate: 0.3211, correction rate: 0.7435
2026-04-28 01:19:30,092 - => LFBA current anchor-derived target label: 6
2026-04-28 01:19:30,167 - =>Add Trigger to Train Data
2026-04-28 01:19:30,277 - Add Trigger to 2500 Poison Samples, 47500 Clean Samples (0.05)
2026-04-28 01:19:30,296 - => Start Training for Injecting Backdoor...
2026-04-28 01:19:30,687 - Epoch: 10, 1/196: VFL loss: 0.4683, total loss: 0.3004, anchor loss: 0.1325, VFL train accuracy: 0.8164
2026-04-28 01:19:34,598 - Epoch: 10, 11/196: VFL loss: 0.5438, total loss: 0.3391, anchor loss: 0.1344, VFL train accuracy: 0.8118
2026-04-28 01:19:38,517 - Epoch: 10, 21/196: VFL loss: 0.5114, total loss: 0.3216, anchor loss: 0.1318, VFL train accuracy: 0.8251
2026-04-28 01:19:42,388 - Epoch: 10, 31/196: VFL loss: 0.5133, total loss: 0.3223, anchor loss: 0.1313, VFL train accuracy: 0.8217
2026-04-28 01:19:46,258 - Epoch: 10, 41/196: VFL loss: 0.5134, total loss: 0.3224, anchor loss: 0.1314, VFL train accuracy: 0.8221
2026-04-28 01:19:50,168 - Epoch: 10, 51/196: VFL loss: 0.5145, total loss: 0.3232, anchor loss: 0.1319, VFL train accuracy: 0.8214
2026-04-28 01:19:54,088 - Epoch: 10, 61/196: VFL loss: 0.5082, total loss: 0.3201, anchor loss: 0.1320, VFL train accuracy: 0.8236
2026-04-28 01:19:57,967 - Epoch: 10, 71/196: VFL loss: 0.5080, total loss: 0.3198, anchor loss: 0.1316, VFL train accuracy: 0.8231
2026-04-28 01:20:01,918 - Epoch: 10, 81/196: VFL loss: 0.5082, total loss: 0.3200, anchor loss: 0.1318, VFL train accuracy: 0.8229
2026-04-28 01:20:05,800 - Epoch: 10, 91/196: VFL loss: 0.5065, total loss: 0.3193, anchor loss: 0.1321, VFL train accuracy: 0.8235
2026-04-28 01:20:09,834 - Epoch: 10, 101/196: VFL loss: 0.5076, total loss: 0.3199, anchor loss: 0.1322, VFL train accuracy: 0.8233
2026-04-28 01:20:13,738 - Epoch: 10, 111/196: VFL loss: 0.5084, total loss: 0.3203, anchor loss: 0.1323, VFL train accuracy: 0.8233
2026-04-28 01:20:17,633 - Epoch: 10, 121/196: VFL loss: 0.5099, total loss: 0.3212, anchor loss: 0.1325, VFL train accuracy: 0.8236
2026-04-28 01:20:21,567 - Epoch: 10, 131/196: VFL loss: 0.5104, total loss: 0.3215, anchor loss: 0.1326, VFL train accuracy: 0.8234
2026-04-28 01:20:25,437 - Epoch: 10, 141/196: VFL loss: 0.5102, total loss: 0.3213, anchor loss: 0.1325, VFL train accuracy: 0.8236
2026-04-28 01:20:29,304 - Epoch: 10, 151/196: VFL loss: 0.5111, total loss: 0.3218, anchor loss: 0.1325, VFL train accuracy: 0.8228
2026-04-28 01:20:33,187 - Epoch: 10, 161/196: VFL loss: 0.5125, total loss: 0.3226, anchor loss: 0.1326, VFL train accuracy: 0.8221
2026-04-28 01:20:37,108 - Epoch: 10, 171/196: VFL loss: 0.5121, total loss: 0.3224, anchor loss: 0.1326, VFL train accuracy: 0.8222
2026-04-28 01:20:41,036 - Epoch: 10, 181/196: VFL loss: 0.5110, total loss: 0.3218, anchor loss: 0.1327, VFL train accuracy: 0.8227
2026-04-28 01:20:44,933 - Epoch: 10, 191/196: VFL loss: 0.5100, total loss: 0.3212, anchor loss: 0.1324, VFL train accuracy: 0.8229
2026-04-28 01:20:46,717 - => Recorded Stage 2 client anchor losses for epoch 10 to './results/AVGuard/threeclient_full_avguard_fixed_lambda_anchor_theta_supp_sensitivity/theta_supp_0.05/CIFAR10/stage2\stage2_final_epoch_client_anchor_losses.json': {0: 0.136473, 1: 0.124941, 2: 0.135732}
2026-04-28 01:20:46,719 - => Stage 2 EMA anchor update skipped at epoch 10 because momentum=1.0000 disables EMA; eligible classes per client {0: 10, 1: 10, 2: 10}
2026-04-28 01:20:46,719 - => Stage 2 Epoch 10 Training Summary: VFL loss: 0.5101, total loss: 0.3213, anchor loss: 0.1324, VFL train accuracy: 0.8231
2026-04-28 01:20:46,719 - => Test ASR...
2026-04-28 01:20:46,759 - =>Add Trigger to Test Data
2026-04-28 01:20:46,875 - Add Trigger to 9000 Poison Samples, 1000 Clean Samples (1.00)
2026-04-28 01:21:04,114 - => Test Epoch: 10, main task samples: 10000, attack samples: 10000, test loss: 0.6149, clean acc: 0.6683, Top-4: 0.9773, ASR: 0.0557, RAC: 0.7126, test target accuracy: 0.8120, stage3 final accuracy: 0.6683, stage3 final target accuracy: 0.7580, stage3 final asr: 0.0557, anchor loss: 0.1318
2026-04-28 01:21:04,115 - => Stage 3 Detection Summary: recall: 0.9440, precision: 0.7232, f1: 0.8190, false positive rate: 0.3116, correction rate: 0.7399
2026-04-28 01:21:04,116 - => Stage 3 Debug (clean): suspicious=3116/10000, correction_applied=3092, prediction_changed=3092, skipped_tied_vote=0, skipped_low_margin=0, skipped_other=24
2026-04-28 01:21:04,117 - => Stage 3 Debug (poison-valid): suspicious=8198/9000, correction_applied=8197, prediction_changed=8197, skipped_tied_vote=0, skipped_low_margin=0, skipped_other=1
2026-04-28 01:21:04,118 - => Stage 3 Debug (attack-success): suspicious=8182/8667, correction_applied=8181, prediction_changed=8181, corrected_to_true=6054
2026-04-28 01:21:04,118 - => Stage 3 Effective Support Avg: clean(all)=1.9668, clean_suspicious(false_positive)=0.8771, clean_correction_applied=0.8765, poison_valid(all)=1.0921, poison_valid_suspicious=0.9999, poison_valid_correction_applied=0.9999, attack_success(all)=1.0592, attack_success_suspicious=1.0000
2026-04-28 01:21:04,120 - => Stage 2 checkpoint score: mean(clean_acc=0.6683, recall=0.9440, correction_rate=0.7399) = 0.7841
2026-04-28 01:21:05,009 - => End Epoch: 10, early stop epochs: 2, best epoch: 8, best clean acc: 0.6639, best Top-4: 0.9747, best ASR: 0.0382, best RAC: 0.7123, anchor loss: 0.1354, best checkpoint score: 0.7897
2026-04-28 01:21:05,010 - => Stage 3 Detection Summary: recall: 0.9617, precision: 0.7291, f1: 0.8294, false positive rate: 0.3211, correction rate: 0.7435
2026-04-28 01:21:05,060 - => LFBA current anchor-derived target label: 6
2026-04-28 01:21:05,135 - =>Add Trigger to Train Data
2026-04-28 01:21:05,241 - Add Trigger to 2500 Poison Samples, 47500 Clean Samples (0.05)
2026-04-28 01:21:05,260 - => Start Training for Injecting Backdoor...
2026-04-28 01:21:05,644 - Epoch: 11, 1/196: VFL loss: 0.4137, total loss: 0.2691, anchor loss: 0.1245, VFL train accuracy: 0.8477
2026-04-28 01:21:09,538 - Epoch: 11, 11/196: VFL loss: 0.4794, total loss: 0.3055, anchor loss: 0.1317, VFL train accuracy: 0.8402
2026-04-28 01:21:13,437 - Epoch: 11, 21/196: VFL loss: 0.4943, total loss: 0.3134, anchor loss: 0.1325, VFL train accuracy: 0.8302
2026-04-28 01:21:17,307 - Epoch: 11, 31/196: VFL loss: 0.4892, total loss: 0.3104, anchor loss: 0.1317, VFL train accuracy: 0.8291
2026-04-28 01:21:21,202 - Epoch: 11, 41/196: VFL loss: 0.4875, total loss: 0.3095, anchor loss: 0.1315, VFL train accuracy: 0.8271
2026-04-28 01:21:25,083 - Epoch: 11, 51/196: VFL loss: 0.4806, total loss: 0.3056, anchor loss: 0.1306, VFL train accuracy: 0.8312
2026-04-28 01:21:28,991 - Epoch: 11, 61/196: VFL loss: 0.4834, total loss: 0.3070, anchor loss: 0.1307, VFL train accuracy: 0.8316
2026-04-28 01:21:32,878 - Epoch: 11, 71/196: VFL loss: 0.4846, total loss: 0.3077, anchor loss: 0.1307, VFL train accuracy: 0.8311
2026-04-28 01:21:36,772 - Epoch: 11, 81/196: VFL loss: 0.4828, total loss: 0.3066, anchor loss: 0.1305, VFL train accuracy: 0.8317
2026-04-28 01:21:40,677 - Epoch: 11, 91/196: VFL loss: 0.4812, total loss: 0.3058, anchor loss: 0.1304, VFL train accuracy: 0.8317
2026-04-28 01:21:44,577 - Epoch: 11, 101/196: VFL loss: 0.4775, total loss: 0.3039, anchor loss: 0.1302, VFL train accuracy: 0.8326
2026-04-28 01:21:48,477 - Epoch: 11, 111/196: VFL loss: 0.4820, total loss: 0.3062, anchor loss: 0.1304, VFL train accuracy: 0.8316
2026-04-28 01:21:52,345 - Epoch: 11, 121/196: VFL loss: 0.4829, total loss: 0.3067, anchor loss: 0.1305, VFL train accuracy: 0.8319
2026-04-28 01:21:56,187 - Epoch: 11, 131/196: VFL loss: 0.4821, total loss: 0.3063, anchor loss: 0.1306, VFL train accuracy: 0.8326
2026-04-28 01:22:00,058 - Epoch: 11, 141/196: VFL loss: 0.4833, total loss: 0.3071, anchor loss: 0.1308, VFL train accuracy: 0.8326
2026-04-28 01:22:03,922 - Epoch: 11, 151/196: VFL loss: 0.4833, total loss: 0.3070, anchor loss: 0.1307, VFL train accuracy: 0.8328
2026-04-28 01:22:07,781 - Epoch: 11, 161/196: VFL loss: 0.4838, total loss: 0.3073, anchor loss: 0.1307, VFL train accuracy: 0.8326
2026-04-28 01:22:11,694 - Epoch: 11, 171/196: VFL loss: 0.4856, total loss: 0.3082, anchor loss: 0.1308, VFL train accuracy: 0.8324
2026-04-28 01:22:15,596 - Epoch: 11, 181/196: VFL loss: 0.4870, total loss: 0.3090, anchor loss: 0.1309, VFL train accuracy: 0.8319
2026-04-28 01:22:19,523 - Epoch: 11, 191/196: VFL loss: 0.4878, total loss: 0.3094, anchor loss: 0.1310, VFL train accuracy: 0.8313
2026-04-28 01:22:21,257 - => Recorded Stage 2 client anchor losses for epoch 11 to './results/AVGuard/threeclient_full_avguard_fixed_lambda_anchor_theta_supp_sensitivity/theta_supp_0.05/CIFAR10/stage2\stage2_final_epoch_client_anchor_losses.json': {0: 0.135546, 1: 0.122658, 2: 0.134387}
2026-04-28 01:22:21,261 - => Stage 2 EMA anchor update skipped at epoch 11 because momentum=1.0000 disables EMA; eligible classes per client {0: 10, 1: 10, 2: 10}
2026-04-28 01:22:21,262 - => Stage 2 Epoch 11 Training Summary: VFL loss: 0.4880, total loss: 0.3095, anchor loss: 0.1309, VFL train accuracy: 0.8312
2026-04-28 01:22:21,263 - => Test ASR...
2026-04-28 01:22:21,308 - =>Add Trigger to Test Data
2026-04-28 01:22:21,425 - Add Trigger to 9000 Poison Samples, 1000 Clean Samples (1.00)
2026-04-28 01:22:38,788 - => Test Epoch: 11, main task samples: 10000, attack samples: 10000, test loss: 0.6188, clean acc: 0.6698, Top-4: 0.9766, ASR: 0.0463, RAC: 0.7128, test target accuracy: 0.8180, stage3 final accuracy: 0.6698, stage3 final target accuracy: 0.7300, stage3 final asr: 0.0463, anchor loss: 0.1315
2026-04-28 01:22:38,789 - => Stage 3 Detection Summary: recall: 0.9545, precision: 0.7231, f1: 0.8228, false positive rate: 0.3145, correction rate: 0.7364
2026-04-28 01:22:38,790 - => Stage 3 Debug (clean): suspicious=3145/10000, correction_applied=3116, prediction_changed=3116, skipped_tied_vote=0, skipped_low_margin=0, skipped_other=29
2026-04-28 01:22:38,791 - => Stage 3 Debug (poison-valid): suspicious=8301/9000, correction_applied=8301, prediction_changed=8301, skipped_tied_vote=0, skipped_low_margin=0, skipped_other=0
2026-04-28 01:22:38,792 - => Stage 3 Debug (attack-success): suspicious=8277/8672, correction_applied=8277, prediction_changed=8277, corrected_to_true=6095
2026-04-28 01:22:38,793 - => Stage 3 Effective Support Avg: clean(all)=1.9687, clean_suspicious(false_positive)=0.8900, clean_correction_applied=0.8890, poison_valid(all)=1.0801, poison_valid_suspicious=0.9998, poison_valid_correction_applied=0.9998, attack_success(all)=1.0480, attack_success_suspicious=0.9998
2026-04-28 01:22:38,794 - => Stage 2 checkpoint score: mean(clean_acc=0.6698, recall=0.9545, correction_rate=0.7364) = 0.7869
2026-04-28 01:22:39,637 - => End Epoch: 11, early stop epochs: 3, best epoch: 8, best clean acc: 0.6639, best Top-4: 0.9747, best ASR: 0.0382, best RAC: 0.7123, anchor loss: 0.1354, best checkpoint score: 0.7897
2026-04-28 01:22:39,638 - => Stage 3 Detection Summary: recall: 0.9617, precision: 0.7291, f1: 0.8294, false positive rate: 0.3211, correction rate: 0.7435
2026-04-28 01:22:39,693 - => LFBA current anchor-derived target label: 6
2026-04-28 01:22:39,776 - =>Add Trigger to Train Data
2026-04-28 01:22:39,898 - Add Trigger to 2500 Poison Samples, 47500 Clean Samples (0.05)
2026-04-28 01:22:39,915 - => Start Training for Injecting Backdoor...
2026-04-28 01:22:40,302 - Epoch: 12, 1/196: VFL loss: 0.4422, total loss: 0.2840, anchor loss: 0.1258, VFL train accuracy: 0.8203
2026-04-28 01:22:44,198 - Epoch: 12, 11/196: VFL loss: 0.4797, total loss: 0.3056, anchor loss: 0.1315, VFL train accuracy: 0.8388
2026-04-28 01:22:48,087 - Epoch: 12, 21/196: VFL loss: 0.4948, total loss: 0.3132, anchor loss: 0.1316, VFL train accuracy: 0.8385
2026-04-28 01:22:51,988 - Epoch: 12, 31/196: VFL loss: 0.4856, total loss: 0.3088, anchor loss: 0.1320, VFL train accuracy: 0.8410
2026-04-28 01:22:55,859 - Epoch: 12, 41/196: VFL loss: 0.4827, total loss: 0.3072, anchor loss: 0.1316, VFL train accuracy: 0.8390
2026-04-28 01:22:59,728 - Epoch: 12, 51/196: VFL loss: 0.4797, total loss: 0.3054, anchor loss: 0.1311, VFL train accuracy: 0.8390
2026-04-28 01:23:03,687 - Epoch: 12, 61/196: VFL loss: 0.4742, total loss: 0.3024, anchor loss: 0.1306, VFL train accuracy: 0.8411
2026-04-28 01:23:07,588 - Epoch: 12, 71/196: VFL loss: 0.4700, total loss: 0.3000, anchor loss: 0.1301, VFL train accuracy: 0.8422
2026-04-28 01:23:11,488 - Epoch: 12, 81/196: VFL loss: 0.4686, total loss: 0.2993, anchor loss: 0.1300, VFL train accuracy: 0.8420
2026-04-28 01:23:15,387 - Epoch: 12, 91/196: VFL loss: 0.4681, total loss: 0.2990, anchor loss: 0.1299, VFL train accuracy: 0.8414
2026-04-28 01:23:19,286 - Epoch: 12, 101/196: VFL loss: 0.4693, total loss: 0.2997, anchor loss: 0.1302, VFL train accuracy: 0.8406
2026-04-28 01:23:23,185 - Epoch: 12, 111/196: VFL loss: 0.4711, total loss: 0.3006, anchor loss: 0.1302, VFL train accuracy: 0.8388
2026-04-28 01:23:27,068 - Epoch: 12, 121/196: VFL loss: 0.4767, total loss: 0.3036, anchor loss: 0.1305, VFL train accuracy: 0.8373
2026-04-28 01:23:30,987 - Epoch: 12, 131/196: VFL loss: 0.4767, total loss: 0.3036, anchor loss: 0.1305, VFL train accuracy: 0.8367
2026-04-28 01:23:34,807 - Epoch: 12, 141/196: VFL loss: 0.4763, total loss: 0.3034, anchor loss: 0.1304, VFL train accuracy: 0.8363
2026-04-28 01:23:38,727 - Epoch: 12, 151/196: VFL loss: 0.4751, total loss: 0.3027, anchor loss: 0.1303, VFL train accuracy: 0.8370
2026-04-28 01:23:42,628 - Epoch: 12, 161/196: VFL loss: 0.4761, total loss: 0.3032, anchor loss: 0.1303, VFL train accuracy: 0.8370
2026-04-28 01:23:46,537 - Epoch: 12, 171/196: VFL loss: 0.4776, total loss: 0.3040, anchor loss: 0.1303, VFL train accuracy: 0.8361
2026-04-28 01:23:50,457 - Epoch: 12, 181/196: VFL loss: 0.4777, total loss: 0.3040, anchor loss: 0.1302, VFL train accuracy: 0.8357
2026-04-28 01:23:54,324 - Epoch: 12, 191/196: VFL loss: 0.4796, total loss: 0.3049, anchor loss: 0.1302, VFL train accuracy: 0.8351
2026-04-28 01:23:56,085 - => Recorded Stage 2 client anchor losses for epoch 12 to './results/AVGuard/threeclient_full_avguard_fixed_lambda_anchor_theta_supp_sensitivity/theta_supp_0.05/CIFAR10/stage2\stage2_final_epoch_client_anchor_losses.json': {0: 0.134222, 1: 0.122241, 2: 0.134176}
2026-04-28 01:23:56,088 - => Stage 2 EMA anchor update skipped at epoch 12 because momentum=1.0000 disables EMA; eligible classes per client {0: 10, 1: 10, 2: 10}
2026-04-28 01:23:56,089 - => Stage 2 Epoch 12 Training Summary: VFL loss: 0.4800, total loss: 0.3051, anchor loss: 0.1302, VFL train accuracy: 0.8349
2026-04-28 01:23:56,090 - => Test ASR...
2026-04-28 01:23:56,134 - =>Add Trigger to Test Data
2026-04-28 01:23:56,251 - Add Trigger to 9000 Poison Samples, 1000 Clean Samples (1.00)
2026-04-28 01:24:13,488 - => Test Epoch: 12, main task samples: 10000, attack samples: 10000, test loss: 0.6809, clean acc: 0.6714, Top-4: 0.9745, ASR: 0.0344, RAC: 0.7216, test target accuracy: 0.6630, stage3 final accuracy: 0.6714, stage3 final target accuracy: 0.7370, stage3 final asr: 0.0344, anchor loss: 0.1348
2026-04-28 01:24:13,489 - => Stage 3 Detection Summary: recall: 0.9657, precision: 0.7199, f1: 0.8248, false positive rate: 0.3285, correction rate: 0.7391
2026-04-28 01:24:13,490 - => Stage 3 Debug (clean): suspicious=3285/10000, correction_applied=3267, prediction_changed=3267, skipped_tied_vote=0, skipped_low_margin=0, skipped_other=18
2026-04-28 01:24:13,490 - => Stage 3 Debug (poison-valid): suspicious=8473/9000, correction_applied=8472, prediction_changed=8472, skipped_tied_vote=0, skipped_low_margin=0, skipped_other=1
2026-04-28 01:24:13,490 - => Stage 3 Debug (attack-success): suspicious=8464/8765, correction_applied=8463, prediction_changed=8463, corrected_to_true=6256
2026-04-28 01:24:13,491 - => Stage 3 Effective Support Avg: clean(all)=1.9288, clean_suspicious(false_positive)=0.8594, clean_correction_applied=0.8586, poison_valid(all)=1.0602, poison_valid_suspicious=0.9999, poison_valid_correction_applied=0.9999, attack_success(all)=1.0362, attack_success_suspicious=1.0000
2026-04-28 01:24:13,491 - => Stage 2 checkpoint score: mean(clean_acc=0.6714, recall=0.9657, correction_rate=0.7391) = 0.7921
2026-04-28 01:24:13,492 - => Save best checkpoint model...
2026-04-28 01:24:16,853 - => End Epoch: 12, early stop epochs: 0, best epoch: 12, best clean acc: 0.6714, best Top-4: 0.9745, best ASR: 0.0344, best RAC: 0.7216, anchor loss: 0.1348, best checkpoint score: 0.7921
2026-04-28 01:24:16,854 - => Stage 3 Detection Summary: recall: 0.9657, precision: 0.7199, f1: 0.8248, false positive rate: 0.3285, correction rate: 0.7391
2026-04-28 01:24:16,904 - => LFBA current anchor-derived target label: 6
2026-04-28 01:24:16,980 - =>Add Trigger to Train Data
2026-04-28 01:24:17,087 - Add Trigger to 2500 Poison Samples, 47500 Clean Samples (0.05)
2026-04-28 01:24:17,106 - => Start Training for Injecting Backdoor...
2026-04-28 01:24:17,504 - Epoch: 13, 1/196: VFL loss: 0.4338, total loss: 0.2792, anchor loss: 0.1246, VFL train accuracy: 0.8633
2026-04-28 01:24:21,382 - Epoch: 13, 11/196: VFL loss: 0.4813, total loss: 0.3050, anchor loss: 0.1287, VFL train accuracy: 0.8299
2026-04-28 01:24:25,193 - Epoch: 13, 21/196: VFL loss: 0.4523, total loss: 0.2896, anchor loss: 0.1268, VFL train accuracy: 0.8421
2026-04-28 01:24:29,094 - Epoch: 13, 31/196: VFL loss: 0.4568, total loss: 0.2924, anchor loss: 0.1280, VFL train accuracy: 0.8398
2026-04-28 01:24:32,993 - Epoch: 13, 41/196: VFL loss: 0.4579, total loss: 0.2931, anchor loss: 0.1284, VFL train accuracy: 0.8410
2026-04-28 01:24:36,851 - Epoch: 13, 51/196: VFL loss: 0.4730, total loss: 0.3012, anchor loss: 0.1293, VFL train accuracy: 0.8357
2026-04-28 01:24:40,706 - Epoch: 13, 61/196: VFL loss: 0.4771, total loss: 0.3031, anchor loss: 0.1291, VFL train accuracy: 0.8346
2026-04-28 01:24:44,600 - Epoch: 13, 71/196: VFL loss: 0.4732, total loss: 0.3011, anchor loss: 0.1289, VFL train accuracy: 0.8351
2026-04-28 01:24:48,479 - Epoch: 13, 81/196: VFL loss: 0.4730, total loss: 0.3011, anchor loss: 0.1293, VFL train accuracy: 0.8356
2026-04-28 01:24:52,389 - Epoch: 13, 91/196: VFL loss: 0.4683, total loss: 0.2986, anchor loss: 0.1290, VFL train accuracy: 0.8369
2026-04-28 01:24:56,351 - Epoch: 13, 101/196: VFL loss: 0.4694, total loss: 0.2992, anchor loss: 0.1289, VFL train accuracy: 0.8374
2026-04-28 01:25:00,311 - Epoch: 13, 111/196: VFL loss: 0.4700, total loss: 0.2995, anchor loss: 0.1289, VFL train accuracy: 0.8370
2026-04-28 01:25:04,226 - Epoch: 13, 121/196: VFL loss: 0.4680, total loss: 0.2984, anchor loss: 0.1287, VFL train accuracy: 0.8378
2026-04-28 01:25:08,157 - Epoch: 13, 131/196: VFL loss: 0.4677, total loss: 0.2982, anchor loss: 0.1288, VFL train accuracy: 0.8376
2026-04-28 01:25:12,052 - Epoch: 13, 141/196: VFL loss: 0.4699, total loss: 0.2994, anchor loss: 0.1290, VFL train accuracy: 0.8374
2026-04-28 01:25:16,046 - Epoch: 13, 151/196: VFL loss: 0.4702, total loss: 0.2996, anchor loss: 0.1289, VFL train accuracy: 0.8376
2026-04-28 01:25:19,953 - Epoch: 13, 161/196: VFL loss: 0.4709, total loss: 0.3000, anchor loss: 0.1291, VFL train accuracy: 0.8378
2026-04-28 01:25:23,877 - Epoch: 13, 171/196: VFL loss: 0.4716, total loss: 0.3003, anchor loss: 0.1291, VFL train accuracy: 0.8374
2026-04-28 01:25:27,716 - Epoch: 13, 181/196: VFL loss: 0.4711, total loss: 0.3001, anchor loss: 0.1291, VFL train accuracy: 0.8379
2026-04-28 01:25:31,632 - Epoch: 13, 191/196: VFL loss: 0.4710, total loss: 0.3001, anchor loss: 0.1292, VFL train accuracy: 0.8377
2026-04-28 01:25:33,403 - => Recorded Stage 2 client anchor losses for epoch 13 to './results/AVGuard/threeclient_full_avguard_fixed_lambda_anchor_theta_supp_sensitivity/theta_supp_0.05/CIFAR10/stage2\stage2_final_epoch_client_anchor_losses.json': {0: 0.133475, 1: 0.120876, 2: 0.133099}
2026-04-28 01:25:33,406 - => Stage 2 EMA anchor update skipped at epoch 13 because momentum=1.0000 disables EMA; eligible classes per client {0: 10, 1: 10, 2: 10}
2026-04-28 01:25:33,406 - => Stage 2 Epoch 13 Training Summary: VFL loss: 0.4717, total loss: 0.3004, anchor loss: 0.1292, VFL train accuracy: 0.8379
2026-04-28 01:25:33,406 - => Test ASR...
2026-04-28 01:25:33,446 - =>Add Trigger to Test Data
2026-04-28 01:25:33,563 - Add Trigger to 9000 Poison Samples, 1000 Clean Samples (1.00)
2026-04-28 01:25:50,749 - => Test Epoch: 13, main task samples: 10000, attack samples: 10000, test loss: 0.6028, clean acc: 0.6691, Top-4: 0.9775, ASR: 0.0576, RAC: 0.7177, test target accuracy: 0.8700, stage3 final accuracy: 0.6691, stage3 final target accuracy: 0.7650, stage3 final asr: 0.0576, anchor loss: 0.1315
2026-04-28 01:25:50,749 - => Stage 3 Detection Summary: recall: 0.9425, precision: 0.7276, f1: 0.8213, false positive rate: 0.3160, correction rate: 0.7546
2026-04-28 01:25:50,750 - => Stage 3 Debug (clean): suspicious=3160/10000, correction_applied=3132, prediction_changed=3132, skipped_tied_vote=0, skipped_low_margin=0, skipped_other=28
2026-04-28 01:25:50,750 - => Stage 3 Debug (poison-valid): suspicious=8446/9000, correction_applied=8444, prediction_changed=8444, skipped_tied_vote=0, skipped_low_margin=0, skipped_other=2
2026-04-28 01:25:50,751 - => Stage 3 Debug (attack-success): suspicious=8445/8960, correction_applied=8443, prediction_changed=8443, corrected_to_true=6373
2026-04-28 01:25:50,751 - => Stage 3 Effective Support Avg: clean(all)=1.9564, clean_suspicious(false_positive)=0.8703, clean_correction_applied=0.8697, poison_valid(all)=1.0656, poison_valid_suspicious=1.0000, poison_valid_correction_applied=1.0000, attack_success(all)=1.0615, attack_success_suspicious=1.0000
2026-04-28 01:25:50,752 - => Stage 2 checkpoint score: mean(clean_acc=0.6691, recall=0.9425, correction_rate=0.7546) = 0.7888
2026-04-28 01:25:51,842 - => End Epoch: 13, early stop epochs: 1, best epoch: 12, best clean acc: 0.6714, best Top-4: 0.9745, best ASR: 0.0344, best RAC: 0.7216, anchor loss: 0.1348, best checkpoint score: 0.7921
2026-04-28 01:25:51,844 - => Stage 3 Detection Summary: recall: 0.9657, precision: 0.7199, f1: 0.8248, false positive rate: 0.3285, correction rate: 0.7391
2026-04-28 01:25:51,897 - => LFBA current anchor-derived target label: 6
2026-04-28 01:25:51,973 - =>Add Trigger to Train Data
2026-04-28 01:25:52,082 - Add Trigger to 2500 Poison Samples, 47500 Clean Samples (0.05)
2026-04-28 01:25:52,100 - => Start Training for Injecting Backdoor...
2026-04-28 01:25:52,504 - Epoch: 14, 1/196: VFL loss: 0.4394, total loss: 0.2855, anchor loss: 0.1316, VFL train accuracy: 0.8633
2026-04-28 01:25:56,368 - Epoch: 14, 11/196: VFL loss: 0.4764, total loss: 0.3029, anchor loss: 0.1294, VFL train accuracy: 0.8359
2026-04-28 01:26:00,268 - Epoch: 14, 21/196: VFL loss: 0.4600, total loss: 0.2941, anchor loss: 0.1283, VFL train accuracy: 0.8408
2026-04-28 01:26:04,197 - Epoch: 14, 31/196: VFL loss: 0.4552, total loss: 0.2914, anchor loss: 0.1277, VFL train accuracy: 0.8431
2026-04-28 01:26:08,081 - Epoch: 14, 41/196: VFL loss: 0.4523, total loss: 0.2900, anchor loss: 0.1277, VFL train accuracy: 0.8445
2026-04-28 01:26:11,968 - Epoch: 14, 51/196: VFL loss: 0.4517, total loss: 0.2895, anchor loss: 0.1273, VFL train accuracy: 0.8449
2026-04-28 01:26:15,868 - Epoch: 14, 61/196: VFL loss: 0.4580, total loss: 0.2928, anchor loss: 0.1277, VFL train accuracy: 0.8423
2026-04-28 01:26:19,739 - Epoch: 14, 71/196: VFL loss: 0.4589, total loss: 0.2933, anchor loss: 0.1278, VFL train accuracy: 0.8419
2026-04-28 01:26:23,578 - Epoch: 14, 81/196: VFL loss: 0.4584, total loss: 0.2932, anchor loss: 0.1279, VFL train accuracy: 0.8410
2026-04-28 01:26:27,448 - Epoch: 14, 91/196: VFL loss: 0.4573, total loss: 0.2926, anchor loss: 0.1279, VFL train accuracy: 0.8408
2026-04-28 01:26:31,318 - Epoch: 14, 101/196: VFL loss: 0.4586, total loss: 0.2932, anchor loss: 0.1279, VFL train accuracy: 0.8408
2026-04-28 01:26:35,196 - Epoch: 14, 111/196: VFL loss: 0.4589, total loss: 0.2933, anchor loss: 0.1277, VFL train accuracy: 0.8403
2026-04-28 01:26:39,082 - Epoch: 14, 121/196: VFL loss: 0.4597, total loss: 0.2937, anchor loss: 0.1278, VFL train accuracy: 0.8402
2026-04-28 01:26:42,983 - Epoch: 14, 131/196: VFL loss: 0.4629, total loss: 0.2956, anchor loss: 0.1282, VFL train accuracy: 0.8395
2026-04-28 01:26:46,887 - Epoch: 14, 141/196: VFL loss: 0.4638, total loss: 0.2960, anchor loss: 0.1282, VFL train accuracy: 0.8389
2026-04-28 01:26:50,787 - Epoch: 14, 151/196: VFL loss: 0.4658, total loss: 0.2970, anchor loss: 0.1282, VFL train accuracy: 0.8381
2026-04-28 01:26:54,657 - Epoch: 14, 161/196: VFL loss: 0.4677, total loss: 0.2980, anchor loss: 0.1283, VFL train accuracy: 0.8374
2026-04-28 01:26:58,560 - Epoch: 14, 171/196: VFL loss: 0.4664, total loss: 0.2973, anchor loss: 0.1282, VFL train accuracy: 0.8378
2026-04-28 01:27:02,458 - Epoch: 14, 181/196: VFL loss: 0.4663, total loss: 0.2972, anchor loss: 0.1282, VFL train accuracy: 0.8377
2026-04-28 01:27:06,299 - Epoch: 14, 191/196: VFL loss: 0.4659, total loss: 0.2970, anchor loss: 0.1282, VFL train accuracy: 0.8378
2026-04-28 01:27:08,083 - => Recorded Stage 2 client anchor losses for epoch 14 to './results/AVGuard/threeclient_full_avguard_fixed_lambda_anchor_theta_supp_sensitivity/theta_supp_0.05/CIFAR10/stage2\stage2_final_epoch_client_anchor_losses.json': {0: 0.131873, 1: 0.120349, 2: 0.132262}
2026-04-28 01:27:08,087 - => Stage 2 EMA anchor update skipped at epoch 14 because momentum=1.0000 disables EMA; eligible classes per client {0: 10, 1: 10, 2: 10}
2026-04-28 01:27:08,088 - => Stage 2 Epoch 14 Training Summary: VFL loss: 0.4657, total loss: 0.2970, anchor loss: 0.1282, VFL train accuracy: 0.8377
2026-04-28 01:27:08,089 - => Test ASR...
2026-04-28 01:27:08,133 - =>Add Trigger to Test Data
2026-04-28 01:27:08,251 - Add Trigger to 9000 Poison Samples, 1000 Clean Samples (1.00)
2026-04-28 01:27:25,486 - => Test Epoch: 14, main task samples: 10000, attack samples: 10000, test loss: 0.6171, clean acc: 0.6663, Top-4: 0.9759, ASR: 0.0459, RAC: 0.7107, test target accuracy: 0.8640, stage3 final accuracy: 0.6663, stage3 final target accuracy: 0.7560, stage3 final asr: 0.0459, anchor loss: 0.1327
2026-04-28 01:27:25,487 - => Stage 3 Detection Summary: recall: 0.9540, precision: 0.7341, f1: 0.8297, false positive rate: 0.3095, correction rate: 0.7385
2026-04-28 01:27:25,488 - => Stage 3 Debug (clean): suspicious=3095/10000, correction_applied=3069, prediction_changed=3069, skipped_tied_vote=0, skipped_low_margin=0, skipped_other=26
2026-04-28 01:27:25,488 - => Stage 3 Debug (poison-valid): suspicious=8548/9000, correction_applied=8548, prediction_changed=8548, skipped_tied_vote=0, skipped_low_margin=0, skipped_other=0
2026-04-28 01:27:25,489 - => Stage 3 Debug (attack-success): suspicious=8547/8959, correction_applied=8547, prediction_changed=8547, corrected_to_true=6312
2026-04-28 01:27:25,489 - => Stage 3 Effective Support Avg: clean(all)=1.9666, clean_suspicious(false_positive)=0.8908, clean_correction_applied=0.8899, poison_valid(all)=1.0520, poison_valid_suspicious=1.0000, poison_valid_correction_applied=1.0000, attack_success(all)=1.0478, attack_success_suspicious=1.0000
2026-04-28 01:27:25,490 - => Stage 2 checkpoint score: mean(clean_acc=0.6663, recall=0.9540, correction_rate=0.7385) = 0.7863
2026-04-28 01:27:26,797 - => End Epoch: 14, early stop epochs: 2, best epoch: 12, best clean acc: 0.6714, best Top-4: 0.9745, best ASR: 0.0344, best RAC: 0.7216, anchor loss: 0.1348, best checkpoint score: 0.7921
2026-04-28 01:27:26,798 - => Stage 3 Detection Summary: recall: 0.9657, precision: 0.7199, f1: 0.8248, false positive rate: 0.3285, correction rate: 0.7391
2026-04-28 01:27:26,851 - => LFBA current anchor-derived target label: 6
2026-04-28 01:27:26,927 - =>Add Trigger to Train Data
2026-04-28 01:27:27,035 - Add Trigger to 2500 Poison Samples, 47500 Clean Samples (0.05)
2026-04-28 01:27:27,053 - => Start Training for Injecting Backdoor...
2026-04-28 01:27:27,461 - Epoch: 15, 1/196: VFL loss: 0.4614, total loss: 0.2999, anchor loss: 0.1384, VFL train accuracy: 0.8242
2026-04-28 01:27:31,408 - Epoch: 15, 11/196: VFL loss: 0.4476, total loss: 0.2880, anchor loss: 0.1283, VFL train accuracy: 0.8430
2026-04-28 01:27:35,279 - Epoch: 15, 21/196: VFL loss: 0.4276, total loss: 0.2771, anchor loss: 0.1266, VFL train accuracy: 0.8490
2026-04-28 01:27:39,188 - Epoch: 15, 31/196: VFL loss: 0.4343, total loss: 0.2799, anchor loss: 0.1254, VFL train accuracy: 0.8518
2026-04-28 01:27:43,110 - Epoch: 15, 41/196: VFL loss: 0.4349, total loss: 0.2802, anchor loss: 0.1255, VFL train accuracy: 0.8509
2026-04-28 01:27:47,022 - Epoch: 15, 51/196: VFL loss: 0.4329, total loss: 0.2791, anchor loss: 0.1253, VFL train accuracy: 0.8508
2026-04-28 01:27:50,938 - Epoch: 15, 61/196: VFL loss: 0.4375, total loss: 0.2818, anchor loss: 0.1261, VFL train accuracy: 0.8486
2026-04-28 01:27:54,818 - Epoch: 15, 71/196: VFL loss: 0.4419, total loss: 0.2843, anchor loss: 0.1267, VFL train accuracy: 0.8484
2026-04-28 01:27:58,738 - Epoch: 15, 81/196: VFL loss: 0.4496, total loss: 0.2884, anchor loss: 0.1272, VFL train accuracy: 0.8465
2026-04-28 01:28:02,664 - Epoch: 15, 91/196: VFL loss: 0.4514, total loss: 0.2892, anchor loss: 0.1271, VFL train accuracy: 0.8457
2026-04-28 01:28:06,565 - Epoch: 15, 101/196: VFL loss: 0.4495, total loss: 0.2884, anchor loss: 0.1273, VFL train accuracy: 0.8459
2026-04-28 01:28:10,452 - Epoch: 15, 111/196: VFL loss: 0.4504, total loss: 0.2889, anchor loss: 0.1273, VFL train accuracy: 0.8453
2026-04-28 01:28:14,352 - Epoch: 15, 121/196: VFL loss: 0.4508, total loss: 0.2890, anchor loss: 0.1272, VFL train accuracy: 0.8448
2026-04-28 01:28:18,251 - Epoch: 15, 131/196: VFL loss: 0.4527, total loss: 0.2900, anchor loss: 0.1273, VFL train accuracy: 0.8440
2026-04-28 01:28:22,170 - Epoch: 15, 141/196: VFL loss: 0.4538, total loss: 0.2906, anchor loss: 0.1274, VFL train accuracy: 0.8433
2026-04-28 01:28:26,097 - Epoch: 15, 151/196: VFL loss: 0.4537, total loss: 0.2906, anchor loss: 0.1275, VFL train accuracy: 0.8435
2026-04-28 01:28:29,997 - Epoch: 15, 161/196: VFL loss: 0.4531, total loss: 0.2902, anchor loss: 0.1274, VFL train accuracy: 0.8434
2026-04-28 01:28:33,879 - Epoch: 15, 171/196: VFL loss: 0.4540, total loss: 0.2907, anchor loss: 0.1274, VFL train accuracy: 0.8433
2026-04-28 01:28:37,771 - Epoch: 15, 181/196: VFL loss: 0.4552, total loss: 0.2913, anchor loss: 0.1274, VFL train accuracy: 0.8427
2026-04-28 01:28:41,651 - Epoch: 15, 191/196: VFL loss: 0.4551, total loss: 0.2913, anchor loss: 0.1275, VFL train accuracy: 0.8426
2026-04-28 01:28:43,428 - => Recorded Stage 2 client anchor losses for epoch 15 to './results/AVGuard/threeclient_full_avguard_fixed_lambda_anchor_theta_supp_sensitivity/theta_supp_0.05/CIFAR10/stage2\stage2_final_epoch_client_anchor_losses.json': {0: 0.133001, 1: 0.118448, 2: 0.131215}
2026-04-28 01:28:43,430 - => Stage 2 EMA anchor update skipped at epoch 15 because momentum=1.0000 disables EMA; eligible classes per client {0: 10, 1: 10, 2: 10}
2026-04-28 01:28:43,431 - => Stage 2 Epoch 15 Training Summary: VFL loss: 0.4563, total loss: 0.2919, anchor loss: 0.1276, VFL train accuracy: 0.8423
2026-04-28 01:28:43,431 - => Test ASR...
2026-04-28 01:28:43,467 - =>Add Trigger to Test Data
2026-04-28 01:28:43,584 - Add Trigger to 9000 Poison Samples, 1000 Clean Samples (1.00)
2026-04-28 01:29:00,837 - => Test Epoch: 15, main task samples: 10000, attack samples: 10000, test loss: 0.6103, clean acc: 0.6693, Top-4: 0.9762, ASR: 0.0591, RAC: 0.7156, test target accuracy: 0.8500, stage3 final accuracy: 0.6693, stage3 final target accuracy: 0.7670, stage3 final asr: 0.0591, anchor loss: 0.1324
2026-04-28 01:29:00,838 - => Stage 3 Detection Summary: recall: 0.9409, precision: 0.7363, f1: 0.8261, false positive rate: 0.3032, correction rate: 0.7544
2026-04-28 01:29:00,838 - => Stage 3 Debug (clean): suspicious=3032/10000, correction_applied=3011, prediction_changed=3011, skipped_tied_vote=0, skipped_low_margin=0, skipped_other=21
2026-04-28 01:29:00,838 - => Stage 3 Debug (poison-valid): suspicious=8465/9000, correction_applied=8465, prediction_changed=8465, skipped_tied_vote=0, skipped_low_margin=0, skipped_other=0
2026-04-28 01:29:00,839 - => Stage 3 Debug (attack-success): suspicious=8465/8997, correction_applied=8465, prediction_changed=8465, corrected_to_true=6386
2026-04-28 01:29:00,839 - => Stage 3 Effective Support Avg: clean(all)=1.9716, clean_suspicious(false_positive)=0.8687, clean_correction_applied=0.8682, poison_valid(all)=1.0632, poison_valid_suspicious=1.0000, poison_valid_correction_applied=1.0000, attack_success(all)=1.0629, attack_success_suspicious=1.0000
2026-04-28 01:29:00,840 - => Stage 2 checkpoint score: mean(clean_acc=0.6693, recall=0.9409, correction_rate=0.7544) = 0.7882
2026-04-28 01:29:01,955 - => End Epoch: 15, early stop epochs: 3, best epoch: 12, best clean acc: 0.6714, best Top-4: 0.9745, best ASR: 0.0344, best RAC: 0.7216, anchor loss: 0.1348, best checkpoint score: 0.7921
2026-04-28 01:29:01,956 - => Stage 3 Detection Summary: recall: 0.9657, precision: 0.7199, f1: 0.8248, false positive rate: 0.3285, correction rate: 0.7391
2026-04-28 01:29:02,011 - => LFBA current anchor-derived target label: 6
2026-04-28 01:29:02,086 - =>Add Trigger to Train Data
2026-04-28 01:29:02,193 - Add Trigger to 2500 Poison Samples, 47500 Clean Samples (0.05)
2026-04-28 01:29:02,212 - => Start Training for Injecting Backdoor...
2026-04-28 01:29:02,609 - Epoch: 16, 1/196: VFL loss: 0.4224, total loss: 0.2764, anchor loss: 0.1303, VFL train accuracy: 0.8750
2026-04-28 01:29:06,447 - Epoch: 16, 11/196: VFL loss: 0.4494, total loss: 0.2890, anchor loss: 0.1285, VFL train accuracy: 0.8494
2026-04-28 01:29:10,327 - Epoch: 16, 21/196: VFL loss: 0.4502, total loss: 0.2895, anchor loss: 0.1288, VFL train accuracy: 0.8465
2026-04-28 01:29:14,247 - Epoch: 16, 31/196: VFL loss: 0.4521, total loss: 0.2904, anchor loss: 0.1288, VFL train accuracy: 0.8482
2026-04-28 01:29:18,149 - Epoch: 16, 41/196: VFL loss: 0.4415, total loss: 0.2847, anchor loss: 0.1278, VFL train accuracy: 0.8500
2026-04-28 01:29:22,048 - Epoch: 16, 51/196: VFL loss: 0.4366, total loss: 0.2819, anchor loss: 0.1271, VFL train accuracy: 0.8501
2026-04-28 01:29:25,947 - Epoch: 16, 61/196: VFL loss: 0.4350, total loss: 0.2809, anchor loss: 0.1268, VFL train accuracy: 0.8505
2026-04-28 01:29:29,816 - Epoch: 16, 71/196: VFL loss: 0.4355, total loss: 0.2810, anchor loss: 0.1265, VFL train accuracy: 0.8506
2026-04-28 01:29:33,690 - Epoch: 16, 81/196: VFL loss: 0.4373, total loss: 0.2819, anchor loss: 0.1265, VFL train accuracy: 0.8498
2026-04-28 01:29:37,560 - Epoch: 16, 91/196: VFL loss: 0.4367, total loss: 0.2816, anchor loss: 0.1265, VFL train accuracy: 0.8496
2026-04-28 01:29:41,481 - Epoch: 16, 101/196: VFL loss: 0.4352, total loss: 0.2808, anchor loss: 0.1264, VFL train accuracy: 0.8503
2026-04-28 01:29:45,388 - Epoch: 16, 111/196: VFL loss: 0.4339, total loss: 0.2801, anchor loss: 0.1264, VFL train accuracy: 0.8505
2026-04-28 01:29:49,298 - Epoch: 16, 121/196: VFL loss: 0.4332, total loss: 0.2797, anchor loss: 0.1262, VFL train accuracy: 0.8503
2026-04-28 01:29:53,218 - Epoch: 16, 131/196: VFL loss: 0.4336, total loss: 0.2797, anchor loss: 0.1259, VFL train accuracy: 0.8500
2026-04-28 01:29:57,115 - Epoch: 16, 141/196: VFL loss: 0.4349, total loss: 0.2805, anchor loss: 0.1260, VFL train accuracy: 0.8492
2026-04-28 01:30:01,018 - Epoch: 16, 151/196: VFL loss: 0.4388, total loss: 0.2825, anchor loss: 0.1261, VFL train accuracy: 0.8478
2026-04-28 01:30:04,949 - Epoch: 16, 161/196: VFL loss: 0.4385, total loss: 0.2822, anchor loss: 0.1260, VFL train accuracy: 0.8479
2026-04-28 01:30:08,847 - Epoch: 16, 171/196: VFL loss: 0.4395, total loss: 0.2828, anchor loss: 0.1261, VFL train accuracy: 0.8475
2026-04-28 01:30:12,777 - Epoch: 16, 181/196: VFL loss: 0.4403, total loss: 0.2832, anchor loss: 0.1261, VFL train accuracy: 0.8470
2026-04-28 01:30:16,648 - Epoch: 16, 191/196: VFL loss: 0.4407, total loss: 0.2834, anchor loss: 0.1261, VFL train accuracy: 0.8467
2026-04-28 01:30:18,444 - => Recorded Stage 2 client anchor losses for epoch 16 to './results/AVGuard/threeclient_full_avguard_fixed_lambda_anchor_theta_supp_sensitivity/theta_supp_0.05/CIFAR10/stage2\stage2_final_epoch_client_anchor_losses.json': {0: 0.13111, 1: 0.115654, 2: 0.131163}
2026-04-28 01:30:18,446 - => Stage 2 EMA anchor update skipped at epoch 16 because momentum=1.0000 disables EMA; eligible classes per client {0: 10, 1: 10, 2: 10}
2026-04-28 01:30:18,446 - => Stage 2 Epoch 16 Training Summary: VFL loss: 0.4395, total loss: 0.2828, anchor loss: 0.1260, VFL train accuracy: 0.8471
2026-04-28 01:30:18,446 - => Test ASR...
2026-04-28 01:30:18,483 - =>Add Trigger to Test Data
2026-04-28 01:30:18,609 - Add Trigger to 9000 Poison Samples, 1000 Clean Samples (1.00)
2026-04-28 01:30:35,946 - => Test Epoch: 16, main task samples: 10000, attack samples: 10000, test loss: 0.6109, clean acc: 0.6737, Top-4: 0.9772, ASR: 0.0400, RAC: 0.7232, test target accuracy: 0.8060, stage3 final accuracy: 0.6737, stage3 final target accuracy: 0.7030, stage3 final asr: 0.0400, anchor loss: 0.1287
2026-04-28 01:30:35,947 - => Stage 3 Detection Summary: recall: 0.9598, precision: 0.7296, f1: 0.8290, false positive rate: 0.3158, correction rate: 0.7526
2026-04-28 01:30:35,948 - => Stage 3 Debug (clean): suspicious=3158/10000, correction_applied=3130, prediction_changed=3130, skipped_tied_vote=0, skipped_low_margin=0, skipped_other=28
2026-04-28 01:30:35,949 - => Stage 3 Debug (poison-valid): suspicious=8533/9000, correction_applied=8533, prediction_changed=8533, skipped_tied_vote=0, skipped_low_margin=0, skipped_other=0
2026-04-28 01:30:35,949 - => Stage 3 Debug (attack-success): suspicious=8530/8887, correction_applied=8530, prediction_changed=8530, corrected_to_true=6420
2026-04-28 01:30:35,950 - => Stage 3 Effective Support Avg: clean(all)=1.9527, clean_suspicious(false_positive)=0.8749, clean_correction_applied=0.8741, poison_valid(all)=1.0541, poison_valid_suspicious=1.0000, poison_valid_correction_applied=1.0000, attack_success(all)=1.0424, attack_success_suspicious=1.0000
2026-04-28 01:30:35,952 - => Stage 2 checkpoint score: mean(clean_acc=0.6737, recall=0.9598, correction_rate=0.7526) = 0.7954
2026-04-28 01:30:35,952 - => Save best checkpoint model...
2026-04-28 01:30:39,729 - => End Epoch: 16, early stop epochs: 0, best epoch: 16, best clean acc: 0.6737, best Top-4: 0.9772, best ASR: 0.0400, best RAC: 0.7232, anchor loss: 0.1287, best checkpoint score: 0.7954
2026-04-28 01:30:39,731 - => Stage 3 Detection Summary: recall: 0.9598, precision: 0.7296, f1: 0.8290, false positive rate: 0.3158, correction rate: 0.7526
2026-04-28 01:30:39,793 - => LFBA current anchor-derived target label: 6
2026-04-28 01:30:39,870 - =>Add Trigger to Train Data
2026-04-28 01:30:39,976 - Add Trigger to 2500 Poison Samples, 47500 Clean Samples (0.05)
2026-04-28 01:30:40,000 - => Start Training for Injecting Backdoor...
2026-04-28 01:30:40,383 - Epoch: 17, 1/196: VFL loss: 0.3785, total loss: 0.2493, anchor loss: 0.1201, VFL train accuracy: 0.8438
2026-04-28 01:30:44,278 - Epoch: 17, 11/196: VFL loss: 0.4089, total loss: 0.2661, anchor loss: 0.1232, VFL train accuracy: 0.8530
2026-04-28 01:30:48,149 - Epoch: 17, 21/196: VFL loss: 0.4153, total loss: 0.2694, anchor loss: 0.1235, VFL train accuracy: 0.8531
2026-04-28 01:30:52,028 - Epoch: 17, 31/196: VFL loss: 0.4260, total loss: 0.2753, anchor loss: 0.1245, VFL train accuracy: 0.8499
2026-04-28 01:30:55,887 - Epoch: 17, 41/196: VFL loss: 0.4261, total loss: 0.2756, anchor loss: 0.1250, VFL train accuracy: 0.8506
2026-04-28 01:30:59,798 - Epoch: 17, 51/196: VFL loss: 0.4230, total loss: 0.2739, anchor loss: 0.1247, VFL train accuracy: 0.8523
2026-04-28 01:31:03,719 - Epoch: 17, 61/196: VFL loss: 0.4244, total loss: 0.2745, anchor loss: 0.1247, VFL train accuracy: 0.8537
2026-04-28 01:31:07,557 - Epoch: 17, 71/196: VFL loss: 0.4242, total loss: 0.2745, anchor loss: 0.1248, VFL train accuracy: 0.8542
2026-04-28 01:31:11,458 - Epoch: 17, 81/196: VFL loss: 0.4241, total loss: 0.2744, anchor loss: 0.1247, VFL train accuracy: 0.8542
2026-04-28 01:31:15,359 - Epoch: 17, 91/196: VFL loss: 0.4256, total loss: 0.2753, anchor loss: 0.1249, VFL train accuracy: 0.8532
2026-04-28 01:31:19,267 - Epoch: 17, 101/196: VFL loss: 0.4277, total loss: 0.2763, anchor loss: 0.1249, VFL train accuracy: 0.8524
2026-04-28 01:31:23,201 - Epoch: 17, 111/196: VFL loss: 0.4305, total loss: 0.2778, anchor loss: 0.1251, VFL train accuracy: 0.8516
2026-04-28 01:31:27,118 - Epoch: 17, 121/196: VFL loss: 0.4333, total loss: 0.2793, anchor loss: 0.1253, VFL train accuracy: 0.8505
2026-04-28 01:31:31,012 - Epoch: 17, 131/196: VFL loss: 0.4348, total loss: 0.2801, anchor loss: 0.1254, VFL train accuracy: 0.8504
2026-04-28 01:31:34,917 - Epoch: 17, 141/196: VFL loss: 0.4353, total loss: 0.2804, anchor loss: 0.1255, VFL train accuracy: 0.8501
2026-04-28 01:31:38,817 - Epoch: 17, 151/196: VFL loss: 0.4354, total loss: 0.2804, anchor loss: 0.1255, VFL train accuracy: 0.8493
2026-04-28 01:31:42,717 - Epoch: 17, 161/196: VFL loss: 0.4324, total loss: 0.2789, anchor loss: 0.1253, VFL train accuracy: 0.8504
2026-04-28 01:31:46,647 - Epoch: 17, 171/196: VFL loss: 0.4302, total loss: 0.2777, anchor loss: 0.1253, VFL train accuracy: 0.8508
2026-04-28 01:31:50,541 - Epoch: 17, 181/196: VFL loss: 0.4286, total loss: 0.2769, anchor loss: 0.1252, VFL train accuracy: 0.8514
2026-04-28 01:31:54,432 - Epoch: 17, 191/196: VFL loss: 0.4273, total loss: 0.2762, anchor loss: 0.1251, VFL train accuracy: 0.8517
2026-04-28 01:31:56,159 - => Recorded Stage 2 client anchor losses for epoch 17 to './results/AVGuard/threeclient_full_avguard_fixed_lambda_anchor_theta_supp_sensitivity/theta_supp_0.05/CIFAR10/stage2\stage2_final_epoch_client_anchor_losses.json': {0: 0.130289, 1: 0.114816, 2: 0.129806}
2026-04-28 01:31:56,162 - => Stage 2 EMA anchor update skipped at epoch 17 because momentum=1.0000 disables EMA; eligible classes per client {0: 10, 1: 10, 2: 10}
2026-04-28 01:31:56,162 - => Stage 2 Epoch 17 Training Summary: VFL loss: 0.4261, total loss: 0.2755, anchor loss: 0.1249, VFL train accuracy: 0.8519
2026-04-28 01:31:56,163 - => Test ASR...
2026-04-28 01:31:56,209 - =>Add Trigger to Test Data
2026-04-28 01:31:56,325 - Add Trigger to 9000 Poison Samples, 1000 Clean Samples (1.00)
2026-04-28 01:32:13,552 - => Test Epoch: 17, main task samples: 10000, attack samples: 10000, test loss: 0.6237, clean acc: 0.6752, Top-4: 0.9768, ASR: 0.0470, RAC: 0.7227, test target accuracy: 0.8450, stage3 final accuracy: 0.6752, stage3 final target accuracy: 0.7500, stage3 final asr: 0.0470, anchor loss: 0.1312
2026-04-28 01:32:13,553 - => Stage 3 Detection Summary: recall: 0.9539, precision: 0.7266, f1: 0.8249, false positive rate: 0.3129, correction rate: 0.7492
2026-04-28 01:32:13,554 - => Stage 3 Debug (clean): suspicious=3129/10000, correction_applied=3097, prediction_changed=3097, skipped_tied_vote=0, skipped_low_margin=0, skipped_other=32
2026-04-28 01:32:13,554 - => Stage 3 Debug (poison-valid): suspicious=8385/9000, correction_applied=8384, prediction_changed=8384, skipped_tied_vote=0, skipped_low_margin=0, skipped_other=1
2026-04-28 01:32:13,554 - => Stage 3 Debug (attack-success): suspicious=8366/8770, correction_applied=8365, prediction_changed=8365, corrected_to_true=6268
2026-04-28 01:32:13,555 - => Stage 3 Effective Support Avg: clean(all)=1.9518, clean_suspicious(false_positive)=0.8718, clean_correction_applied=0.8712, poison_valid(all)=1.0713, poison_valid_suspicious=1.0000, poison_valid_correction_applied=1.0000, attack_success(all)=1.0491, attack_success_suspicious=1.0000
2026-04-28 01:32:13,555 - => Stage 2 checkpoint score: mean(clean_acc=0.6752, recall=0.9539, correction_rate=0.7492) = 0.7928
2026-04-28 01:32:14,691 - => End Epoch: 17, early stop epochs: 1, best epoch: 16, best clean acc: 0.6737, best Top-4: 0.9772, best ASR: 0.0400, best RAC: 0.7232, anchor loss: 0.1287, best checkpoint score: 0.7954
2026-04-28 01:32:14,693 - => Stage 3 Detection Summary: recall: 0.9598, precision: 0.7296, f1: 0.8290, false positive rate: 0.3158, correction rate: 0.7526
2026-04-28 01:32:14,747 - => LFBA current anchor-derived target label: 6
2026-04-28 01:32:14,826 - =>Add Trigger to Train Data
2026-04-28 01:32:14,933 - Add Trigger to 2500 Poison Samples, 47500 Clean Samples (0.05)
2026-04-28 01:32:14,951 - => Start Training for Injecting Backdoor...
2026-04-28 01:32:15,338 - Epoch: 18, 1/196: VFL loss: 0.4336, total loss: 0.2798, anchor loss: 0.1261, VFL train accuracy: 0.8594
2026-04-28 01:32:19,198 - Epoch: 18, 11/196: VFL loss: 0.4477, total loss: 0.2878, anchor loss: 0.1280, VFL train accuracy: 0.8413
2026-04-28 01:32:23,111 - Epoch: 18, 21/196: VFL loss: 0.4158, total loss: 0.2705, anchor loss: 0.1252, VFL train accuracy: 0.8544
2026-04-28 01:32:27,028 - Epoch: 18, 31/196: VFL loss: 0.4117, total loss: 0.2677, anchor loss: 0.1236, VFL train accuracy: 0.8564
2026-04-28 01:32:30,897 - Epoch: 18, 41/196: VFL loss: 0.4084, total loss: 0.2659, anchor loss: 0.1235, VFL train accuracy: 0.8558
2026-04-28 01:32:34,799 - Epoch: 18, 51/196: VFL loss: 0.4025, total loss: 0.2631, anchor loss: 0.1236, VFL train accuracy: 0.8572
2026-04-28 01:32:38,700 - Epoch: 18, 61/196: VFL loss: 0.4004, total loss: 0.2619, anchor loss: 0.1234, VFL train accuracy: 0.8588
2026-04-28 01:32:42,578 - Epoch: 18, 71/196: VFL loss: 0.4046, total loss: 0.2641, anchor loss: 0.1236, VFL train accuracy: 0.8575
2026-04-28 01:32:46,498 - Epoch: 18, 81/196: VFL loss: 0.4048, total loss: 0.2642, anchor loss: 0.1235, VFL train accuracy: 0.8574
2026-04-28 01:32:50,440 - Epoch: 18, 91/196: VFL loss: 0.4077, total loss: 0.2657, anchor loss: 0.1237, VFL train accuracy: 0.8567
2026-04-28 01:32:54,393 - Epoch: 18, 101/196: VFL loss: 0.4070, total loss: 0.2653, anchor loss: 0.1236, VFL train accuracy: 0.8570
2026-04-28 01:32:58,290 - Epoch: 18, 111/196: VFL loss: 0.4104, total loss: 0.2669, anchor loss: 0.1235, VFL train accuracy: 0.8561
2026-04-28 01:33:02,228 - Epoch: 18, 121/196: VFL loss: 0.4129, total loss: 0.2684, anchor loss: 0.1239, VFL train accuracy: 0.8555
2026-04-28 01:33:06,147 - Epoch: 18, 131/196: VFL loss: 0.4146, total loss: 0.2693, anchor loss: 0.1239, VFL train accuracy: 0.8547
2026-04-28 01:33:10,029 - Epoch: 18, 141/196: VFL loss: 0.4179, total loss: 0.2710, anchor loss: 0.1241, VFL train accuracy: 0.8540
2026-04-28 01:33:13,949 - Epoch: 18, 151/196: VFL loss: 0.4206, total loss: 0.2725, anchor loss: 0.1244, VFL train accuracy: 0.8530
2026-04-28 01:33:17,861 - Epoch: 18, 161/196: VFL loss: 0.4226, total loss: 0.2736, anchor loss: 0.1245, VFL train accuracy: 0.8525
2026-04-28 01:33:21,778 - Epoch: 18, 171/196: VFL loss: 0.4237, total loss: 0.2741, anchor loss: 0.1245, VFL train accuracy: 0.8522
2026-04-28 01:33:25,692 - Epoch: 18, 181/196: VFL loss: 0.4246, total loss: 0.2745, anchor loss: 0.1244, VFL train accuracy: 0.8518
2026-04-28 01:33:29,588 - Epoch: 18, 191/196: VFL loss: 0.4245, total loss: 0.2744, anchor loss: 0.1244, VFL train accuracy: 0.8519
2026-04-28 01:33:31,369 - => Recorded Stage 2 client anchor losses for epoch 18 to './results/AVGuard/threeclient_full_avguard_fixed_lambda_anchor_theta_supp_sensitivity/theta_supp_0.05/CIFAR10/stage2\stage2_final_epoch_client_anchor_losses.json': {0: 0.1292, 1: 0.114424, 2: 0.12986}
2026-04-28 01:33:31,372 - => Stage 2 EMA anchor update skipped at epoch 18 because momentum=1.0000 disables EMA; eligible classes per client {0: 10, 1: 10, 2: 10}
2026-04-28 01:33:31,373 - => Stage 2 Epoch 18 Training Summary: VFL loss: 0.4269, total loss: 0.2757, anchor loss: 0.1245, VFL train accuracy: 0.8513
2026-04-28 01:33:31,373 - => Test ASR...
2026-04-28 01:33:31,423 - =>Add Trigger to Test Data
2026-04-28 01:33:31,541 - Add Trigger to 9000 Poison Samples, 1000 Clean Samples (1.00)
2026-04-28 01:33:48,769 - => Test Epoch: 18, main task samples: 10000, attack samples: 10000, test loss: 0.6300, clean acc: 0.6790, Top-4: 0.9777, ASR: 0.0426, RAC: 0.7231, test target accuracy: 0.8250, stage3 final accuracy: 0.6790, stage3 final target accuracy: 0.7060, stage3 final asr: 0.0426, anchor loss: 0.1291
2026-04-28 01:33:48,770 - => Stage 3 Detection Summary: recall: 0.9570, precision: 0.7312, f1: 0.8290, false positive rate: 0.3043, correction rate: 0.7486
2026-04-28 01:33:48,771 - => Stage 3 Debug (clean): suspicious=3043/10000, correction_applied=3014, prediction_changed=3014, skipped_tied_vote=0, skipped_low_margin=0, skipped_other=29
2026-04-28 01:33:48,772 - => Stage 3 Debug (poison-valid): suspicious=8318/9000, correction_applied=8318, prediction_changed=8318, skipped_tied_vote=0, skipped_low_margin=0, skipped_other=0
2026-04-28 01:33:48,772 - => Stage 3 Debug (attack-success): suspicious=8307/8680, correction_applied=8307, prediction_changed=8307, corrected_to_true=6219
2026-04-28 01:33:48,773 - => Stage 3 Effective Support Avg: clean(all)=1.9801, clean_suspicious(false_positive)=0.8797, clean_correction_applied=0.8786, poison_valid(all)=1.0780, poison_valid_suspicious=1.0000, poison_valid_correction_applied=1.0000, attack_success(all)=1.0453, attack_success_suspicious=1.0000
2026-04-28 01:33:48,775 - => Stage 2 checkpoint score: mean(clean_acc=0.6790, recall=0.9570, correction_rate=0.7486) = 0.7949
2026-04-28 01:33:50,074 - => End Epoch: 18, early stop epochs: 2, best epoch: 16, best clean acc: 0.6737, best Top-4: 0.9772, best ASR: 0.0400, best RAC: 0.7232, anchor loss: 0.1287, best checkpoint score: 0.7954
2026-04-28 01:33:50,075 - => Stage 3 Detection Summary: recall: 0.9598, precision: 0.7296, f1: 0.8290, false positive rate: 0.3158, correction rate: 0.7526
2026-04-28 01:33:50,126 - => LFBA current anchor-derived target label: 6
2026-04-28 01:33:50,213 - =>Add Trigger to Train Data
2026-04-28 01:33:50,320 - Add Trigger to 2500 Poison Samples, 47500 Clean Samples (0.05)
2026-04-28 01:33:50,337 - => Start Training for Injecting Backdoor...
2026-04-28 01:33:50,760 - Epoch: 19, 1/196: VFL loss: 0.3295, total loss: 0.2219, anchor loss: 0.1142, VFL train accuracy: 0.8711
2026-04-28 01:33:54,729 - Epoch: 19, 11/196: VFL loss: 0.4173, total loss: 0.2705, anchor loss: 0.1238, VFL train accuracy: 0.8533
2026-04-28 01:33:58,659 - Epoch: 19, 21/196: VFL loss: 0.4213, total loss: 0.2730, anchor loss: 0.1247, VFL train accuracy: 0.8510
2026-04-28 01:34:02,579 - Epoch: 19, 31/196: VFL loss: 0.4084, total loss: 0.2662, anchor loss: 0.1239, VFL train accuracy: 0.8569
2026-04-28 01:34:06,451 - Epoch: 19, 41/196: VFL loss: 0.3984, total loss: 0.2609, anchor loss: 0.1235, VFL train accuracy: 0.8608
2026-04-28 01:34:10,345 - Epoch: 19, 51/196: VFL loss: 0.4034, total loss: 0.2636, anchor loss: 0.1237, VFL train accuracy: 0.8587
2026-04-28 01:34:14,250 - Epoch: 19, 61/196: VFL loss: 0.4068, total loss: 0.2654, anchor loss: 0.1240, VFL train accuracy: 0.8584
2026-04-28 01:34:18,147 - Epoch: 19, 71/196: VFL loss: 0.4088, total loss: 0.2666, anchor loss: 0.1243, VFL train accuracy: 0.8579
2026-04-28 01:34:21,985 - Epoch: 19, 81/196: VFL loss: 0.4084, total loss: 0.2663, anchor loss: 0.1242, VFL train accuracy: 0.8586
2026-04-28 01:34:25,859 - Epoch: 19, 91/196: VFL loss: 0.4089, total loss: 0.2666, anchor loss: 0.1243, VFL train accuracy: 0.8583
2026-04-28 01:34:29,739 - Epoch: 19, 101/196: VFL loss: 0.4076, total loss: 0.2659, anchor loss: 0.1242, VFL train accuracy: 0.8586
2026-04-28 01:34:33,660 - Epoch: 19, 111/196: VFL loss: 0.4065, total loss: 0.2652, anchor loss: 0.1239, VFL train accuracy: 0.8587
2026-04-28 01:34:37,529 - Epoch: 19, 121/196: VFL loss: 0.4074, total loss: 0.2657, anchor loss: 0.1241, VFL train accuracy: 0.8588
2026-04-28 01:34:41,427 - Epoch: 19, 131/196: VFL loss: 0.4097, total loss: 0.2669, anchor loss: 0.1241, VFL train accuracy: 0.8579
2026-04-28 01:34:45,328 - Epoch: 19, 141/196: VFL loss: 0.4107, total loss: 0.2674, anchor loss: 0.1241, VFL train accuracy: 0.8575
2026-04-28 01:34:49,178 - Epoch: 19, 151/196: VFL loss: 0.4106, total loss: 0.2673, anchor loss: 0.1240, VFL train accuracy: 0.8576
2026-04-28 01:34:53,097 - Epoch: 19, 161/196: VFL loss: 0.4091, total loss: 0.2665, anchor loss: 0.1239, VFL train accuracy: 0.8579
2026-04-28 01:34:56,998 - Epoch: 19, 171/196: VFL loss: 0.4099, total loss: 0.2669, anchor loss: 0.1239, VFL train accuracy: 0.8577
2026-04-28 01:35:00,911 - Epoch: 19, 181/196: VFL loss: 0.4108, total loss: 0.2674, anchor loss: 0.1240, VFL train accuracy: 0.8575
2026-04-28 01:35:04,835 - Epoch: 19, 191/196: VFL loss: 0.4111, total loss: 0.2676, anchor loss: 0.1240, VFL train accuracy: 0.8574
2026-04-28 01:35:06,624 - => Recorded Stage 2 client anchor losses for epoch 19 to './results/AVGuard/threeclient_full_avguard_fixed_lambda_anchor_theta_supp_sensitivity/theta_supp_0.05/CIFAR10/stage2\stage2_final_epoch_client_anchor_losses.json': {0: 0.129304, 1: 0.114261, 2: 0.128324}
2026-04-28 01:35:06,628 - => Stage 2 EMA anchor update skipped at epoch 19 because momentum=1.0000 disables EMA; eligible classes per client {0: 10, 1: 10, 2: 10}
2026-04-28 01:35:06,629 - => Stage 2 Epoch 19 Training Summary: VFL loss: 0.4116, total loss: 0.2678, anchor loss: 0.1239, VFL train accuracy: 0.8574
2026-04-28 01:35:06,629 - => Test ASR...
2026-04-28 01:35:06,682 - =>Add Trigger to Test Data
2026-04-28 01:35:06,799 - Add Trigger to 9000 Poison Samples, 1000 Clean Samples (1.00)
2026-04-28 01:35:24,143 - => Test Epoch: 19, main task samples: 10000, attack samples: 10000, test loss: 0.6184, clean acc: 0.6788, Top-4: 0.9776, ASR: 0.0472, RAC: 0.7152, test target accuracy: 0.7550, stage3 final accuracy: 0.6788, stage3 final target accuracy: 0.6960, stage3 final asr: 0.0472, anchor loss: 0.1295
2026-04-28 01:35:24,144 - => Stage 3 Detection Summary: recall: 0.9649, precision: 0.7021, f1: 0.8128, false positive rate: 0.3086, correction rate: 0.7249
2026-04-28 01:35:24,145 - => Stage 3 Debug (clean): suspicious=3086/10000, correction_applied=3058, prediction_changed=3058, skipped_tied_vote=0, skipped_low_margin=0, skipped_other=28
2026-04-28 01:35:24,145 - => Stage 3 Debug (poison-valid): suspicious=7785/9000, correction_applied=7785, prediction_changed=7785, skipped_tied_vote=0, skipped_low_margin=0, skipped_other=0
2026-04-28 01:35:24,145 - => Stage 3 Debug (attack-success): suspicious=7633/7911, correction_applied=7633, prediction_changed=7633, corrected_to_true=5533
2026-04-28 01:35:24,146 - => Stage 3 Effective Support Avg: clean(all)=1.9753, clean_suspicious(false_positive)=0.8820, clean_correction_applied=0.8810, poison_valid(all)=1.1361, poison_valid_suspicious=0.9991, poison_valid_correction_applied=0.9991, attack_success(all)=1.0372, attack_success_suspicious=0.9999
2026-04-28 01:35:24,146 - => Stage 2 checkpoint score: mean(clean_acc=0.6788, recall=0.9649, correction_rate=0.7249) = 0.7895
2026-04-28 01:35:24,982 - => End Epoch: 19, early stop epochs: 3, best epoch: 16, best clean acc: 0.6737, best Top-4: 0.9772, best ASR: 0.0400, best RAC: 0.7232, anchor loss: 0.1287, best checkpoint score: 0.7954
2026-04-28 01:35:24,983 - => Stage 3 Detection Summary: recall: 0.9598, precision: 0.7296, f1: 0.8290, false positive rate: 0.3158, correction rate: 0.7526
2026-04-28 01:35:25,037 - => LFBA current anchor-derived target label: 6
2026-04-28 01:35:25,111 - =>Add Trigger to Train Data
2026-04-28 01:35:25,218 - Add Trigger to 2500 Poison Samples, 47500 Clean Samples (0.05)
2026-04-28 01:35:25,237 - => Start Training for Injecting Backdoor...
2026-04-28 01:35:25,623 - Epoch: 20, 1/196: VFL loss: 0.4934, total loss: 0.3097, anchor loss: 0.1260, VFL train accuracy: 0.8164
2026-04-28 01:35:29,547 - Epoch: 20, 11/196: VFL loss: 0.3844, total loss: 0.2536, anchor loss: 0.1228, VFL train accuracy: 0.8562
2026-04-28 01:35:33,418 - Epoch: 20, 21/196: VFL loss: 0.3955, total loss: 0.2591, anchor loss: 0.1228, VFL train accuracy: 0.8605
2026-04-28 01:35:37,318 - Epoch: 20, 31/196: VFL loss: 0.3911, total loss: 0.2564, anchor loss: 0.1216, VFL train accuracy: 0.8620
2026-04-28 01:35:41,218 - Epoch: 20, 41/196: VFL loss: 0.3956, total loss: 0.2586, anchor loss: 0.1217, VFL train accuracy: 0.8597
2026-04-28 01:35:45,117 - Epoch: 20, 51/196: VFL loss: 0.3963, total loss: 0.2591, anchor loss: 0.1219, VFL train accuracy: 0.8609
2026-04-28 01:35:48,988 - Epoch: 20, 61/196: VFL loss: 0.3992, total loss: 0.2608, anchor loss: 0.1224, VFL train accuracy: 0.8607
2026-04-28 01:35:52,918 - Epoch: 20, 71/196: VFL loss: 0.3985, total loss: 0.2605, anchor loss: 0.1225, VFL train accuracy: 0.8611
2026-04-28 01:35:56,832 - Epoch: 20, 81/196: VFL loss: 0.4004, total loss: 0.2617, anchor loss: 0.1229, VFL train accuracy: 0.8614
2026-04-28 01:36:00,782 - Epoch: 20, 91/196: VFL loss: 0.4029, total loss: 0.2631, anchor loss: 0.1233, VFL train accuracy: 0.8601
2026-04-28 01:36:04,717 - Epoch: 20, 101/196: VFL loss: 0.4056, total loss: 0.2644, anchor loss: 0.1233, VFL train accuracy: 0.8595
2026-04-28 01:36:08,638 - Epoch: 20, 111/196: VFL loss: 0.4071, total loss: 0.2652, anchor loss: 0.1232, VFL train accuracy: 0.8584
2026-04-28 01:36:12,534 - Epoch: 20, 121/196: VFL loss: 0.4091, total loss: 0.2661, anchor loss: 0.1232, VFL train accuracy: 0.8578
2026-04-28 01:36:16,438 - Epoch: 20, 131/196: VFL loss: 0.4112, total loss: 0.2673, anchor loss: 0.1234, VFL train accuracy: 0.8571
2026-04-28 01:36:20,317 - Epoch: 20, 141/196: VFL loss: 0.4104, total loss: 0.2668, anchor loss: 0.1233, VFL train accuracy: 0.8575
2026-04-28 01:36:24,249 - Epoch: 20, 151/196: VFL loss: 0.4091, total loss: 0.2661, anchor loss: 0.1231, VFL train accuracy: 0.8577
2026-04-28 01:36:28,168 - Epoch: 20, 161/196: VFL loss: 0.4105, total loss: 0.2669, anchor loss: 0.1232, VFL train accuracy: 0.8575
2026-04-28 01:36:32,048 - Epoch: 20, 171/196: VFL loss: 0.4098, total loss: 0.2665, anchor loss: 0.1232, VFL train accuracy: 0.8573
2026-04-28 01:36:35,968 - Epoch: 20, 181/196: VFL loss: 0.4094, total loss: 0.2663, anchor loss: 0.1233, VFL train accuracy: 0.8577
2026-04-28 01:36:39,868 - Epoch: 20, 191/196: VFL loss: 0.4094, total loss: 0.2664, anchor loss: 0.1233, VFL train accuracy: 0.8579
2026-04-28 01:36:41,643 - => Recorded Stage 2 client anchor losses for epoch 20 to './results/AVGuard/threeclient_full_avguard_fixed_lambda_anchor_theta_supp_sensitivity/theta_supp_0.05/CIFAR10/stage2\stage2_final_epoch_client_anchor_losses.json': {0: 0.128853, 1: 0.113231, 2: 0.127743}
2026-04-28 01:36:41,646 - => Stage 2 EMA anchor update skipped at epoch 20 because momentum=1.0000 disables EMA; eligible classes per client {0: 10, 1: 10, 2: 10}
2026-04-28 01:36:41,646 - => Stage 2 Epoch 20 Training Summary: VFL loss: 0.4096, total loss: 0.2664, anchor loss: 0.1233, VFL train accuracy: 0.8578
2026-04-28 01:36:41,647 - => Test ASR...
2026-04-28 01:36:41,690 - =>Add Trigger to Test Data
2026-04-28 01:36:41,806 - Add Trigger to 9000 Poison Samples, 1000 Clean Samples (1.00)
2026-04-28 01:36:59,021 - => Test Epoch: 20, main task samples: 10000, attack samples: 10000, test loss: 0.5935, clean acc: 0.6782, Top-4: 0.9777, ASR: 0.0528, RAC: 0.7244, test target accuracy: 0.8290, stage3 final accuracy: 0.6782, stage3 final target accuracy: 0.7720, stage3 final asr: 0.0528, anchor loss: 0.1280
2026-04-28 01:36:59,022 - => Stage 3 Detection Summary: recall: 0.9477, precision: 0.7293, f1: 0.8243, false positive rate: 0.3086, correction rate: 0.7544
2026-04-28 01:36:59,022 - => Stage 3 Debug (clean): suspicious=3086/10000, correction_applied=3052, prediction_changed=3052, skipped_tied_vote=0, skipped_low_margin=0, skipped_other=34
2026-04-28 01:36:59,023 - => Stage 3 Debug (poison-valid): suspicious=8369/9000, correction_applied=8369, prediction_changed=8369, skipped_tied_vote=0, skipped_low_margin=0, skipped_other=0
2026-04-28 01:36:59,023 - => Stage 3 Debug (attack-success): suspicious=8354/8815, correction_applied=8354, prediction_changed=8354, corrected_to_true=6302
2026-04-28 01:36:59,024 - => Stage 3 Effective Support Avg: clean(all)=1.9743, clean_suspicious(false_positive)=0.8756, clean_correction_applied=0.8742, poison_valid(all)=1.0739, poison_valid_suspicious=0.9999, poison_valid_correction_applied=0.9999, attack_success(all)=1.0563, attack_success_suspicious=1.0000
2026-04-28 01:36:59,024 - => Stage 2 checkpoint score: mean(clean_acc=0.6782, recall=0.9477, correction_rate=0.7544) = 0.7934
2026-04-28 01:37:00,108 - => End Epoch: 20, early stop epochs: 4, best epoch: 16, best clean acc: 0.6737, best Top-4: 0.9772, best ASR: 0.0400, best RAC: 0.7232, anchor loss: 0.1287, best checkpoint score: 0.7954
2026-04-28 01:37:00,109 - => Stage 3 Detection Summary: recall: 0.9598, precision: 0.7296, f1: 0.8290, false positive rate: 0.3158, correction rate: 0.7526
2026-04-28 01:37:00,176 - => LFBA current anchor-derived target label: 6
2026-04-28 01:37:00,250 - =>Add Trigger to Train Data
2026-04-28 01:37:00,367 - Add Trigger to 2500 Poison Samples, 47500 Clean Samples (0.05)
2026-04-28 01:37:00,398 - => Start Training for Injecting Backdoor...
2026-04-28 01:37:00,818 - Epoch: 21, 1/196: VFL loss: 0.3120, total loss: 0.2170, anchor loss: 0.1220, VFL train accuracy: 0.8906
2026-04-28 01:37:04,736 - Epoch: 21, 11/196: VFL loss: 0.3589, total loss: 0.2405, anchor loss: 0.1221, VFL train accuracy: 0.8814
2026-04-28 01:37:08,606 - Epoch: 21, 21/196: VFL loss: 0.3444, total loss: 0.2326, anchor loss: 0.1208, VFL train accuracy: 0.8828
2026-04-28 01:37:12,508 - Epoch: 21, 31/196: VFL loss: 0.3413, total loss: 0.2305, anchor loss: 0.1197, VFL train accuracy: 0.8842
2026-04-28 01:37:16,387 - Epoch: 21, 41/196: VFL loss: 0.3402, total loss: 0.2297, anchor loss: 0.1193, VFL train accuracy: 0.8845
2026-04-28 01:37:20,347 - Epoch: 21, 51/196: VFL loss: 0.3404, total loss: 0.2299, anchor loss: 0.1193, VFL train accuracy: 0.8833
2026-04-28 01:37:24,238 - Epoch: 21, 61/196: VFL loss: 0.3374, total loss: 0.2281, anchor loss: 0.1188, VFL train accuracy: 0.8842
2026-04-28 01:37:28,151 - Epoch: 21, 71/196: VFL loss: 0.3376, total loss: 0.2282, anchor loss: 0.1187, VFL train accuracy: 0.8831
2026-04-28 01:37:32,070 - Epoch: 21, 81/196: VFL loss: 0.3350, total loss: 0.2266, anchor loss: 0.1181, VFL train accuracy: 0.8836
2026-04-28 01:37:35,939 - Epoch: 21, 91/196: VFL loss: 0.3330, total loss: 0.2254, anchor loss: 0.1179, VFL train accuracy: 0.8850
2026-04-28 01:37:39,837 - Epoch: 21, 101/196: VFL loss: 0.3321, total loss: 0.2250, anchor loss: 0.1179, VFL train accuracy: 0.8849
2026-04-28 01:37:43,738 - Epoch: 21, 111/196: VFL loss: 0.3293, total loss: 0.2234, anchor loss: 0.1175, VFL train accuracy: 0.8857
2026-04-28 01:37:47,637 - Epoch: 21, 121/196: VFL loss: 0.3272, total loss: 0.2222, anchor loss: 0.1172, VFL train accuracy: 0.8864
2026-04-28 01:37:51,547 - Epoch: 21, 131/196: VFL loss: 0.3238, total loss: 0.2204, anchor loss: 0.1170, VFL train accuracy: 0.8873
2026-04-28 01:37:55,467 - Epoch: 21, 141/196: VFL loss: 0.3230, total loss: 0.2198, anchor loss: 0.1167, VFL train accuracy: 0.8876
2026-04-28 01:37:59,351 - Epoch: 21, 151/196: VFL loss: 0.3216, total loss: 0.2190, anchor loss: 0.1165, VFL train accuracy: 0.8880
2026-04-28 01:38:03,269 - Epoch: 21, 161/196: VFL loss: 0.3211, total loss: 0.2187, anchor loss: 0.1163, VFL train accuracy: 0.8879
2026-04-28 01:38:07,167 - Epoch: 21, 171/196: VFL loss: 0.3214, total loss: 0.2188, anchor loss: 0.1163, VFL train accuracy: 0.8876
2026-04-28 01:38:11,037 - Epoch: 21, 181/196: VFL loss: 0.3214, total loss: 0.2188, anchor loss: 0.1163, VFL train accuracy: 0.8876
2026-04-28 01:38:14,904 - Epoch: 21, 191/196: VFL loss: 0.3201, total loss: 0.2181, anchor loss: 0.1161, VFL train accuracy: 0.8883
2026-04-28 01:38:16,678 - => Recorded Stage 2 client anchor losses for epoch 21 to './results/AVGuard/threeclient_full_avguard_fixed_lambda_anchor_theta_supp_sensitivity/theta_supp_0.05/CIFAR10/stage2\stage2_final_epoch_client_anchor_losses.json': {0: 0.122383, 1: 0.103977, 2: 0.121881}
2026-04-28 01:38:16,680 - => Stage 2 EMA anchor update skipped at epoch 21 because momentum=1.0000 disables EMA; eligible classes per client {0: 10, 1: 10, 2: 10}
2026-04-28 01:38:16,680 - => Stage 2 Epoch 21 Training Summary: VFL loss: 0.3202, total loss: 0.2181, anchor loss: 0.1161, VFL train accuracy: 0.8882
2026-04-28 01:38:16,680 - => Test ASR...
2026-04-28 01:38:16,723 - =>Add Trigger to Test Data
2026-04-28 01:38:16,839 - Add Trigger to 9000 Poison Samples, 1000 Clean Samples (1.00)
2026-04-28 01:38:34,112 - => Test Epoch: 21, main task samples: 10000, attack samples: 10000, test loss: 0.5468, clean acc: 0.7054, Top-4: 0.9819, ASR: 0.0472, RAC: 0.7513, test target accuracy: 0.8640, stage3 final accuracy: 0.7054, stage3 final target accuracy: 0.7940, stage3 final asr: 0.0472, anchor loss: 0.1198
2026-04-28 01:38:34,112 - => Stage 3 Detection Summary: recall: 0.9526, precision: 0.7532, f1: 0.8413, false positive rate: 0.2790, correction rate: 0.7821
2026-04-28 01:38:34,113 - => Stage 3 Debug (clean): suspicious=2790/10000, correction_applied=2757, prediction_changed=2757, skipped_tied_vote=0, skipped_low_margin=0, skipped_other=33
2026-04-28 01:38:34,113 - => Stage 3 Debug (poison-valid): suspicious=8520/9000, correction_applied=8520, prediction_changed=8520, skipped_tied_vote=0, skipped_low_margin=0, skipped_other=0
2026-04-28 01:38:34,114 - => Stage 3 Debug (attack-success): suspicious=8519/8943, correction_applied=8519, prediction_changed=8519, corrected_to_true=6663
2026-04-28 01:38:34,114 - => Stage 3 Effective Support Avg: clean(all)=2.0436, clean_suspicious(false_positive)=0.8857, clean_correction_applied=0.8843, poison_valid(all)=1.0568, poison_valid_suspicious=1.0000, poison_valid_correction_applied=1.0000, attack_success(all)=1.0509, attack_success_suspicious=1.0000
2026-04-28 01:38:34,115 - => Stage 2 checkpoint score: mean(clean_acc=0.7054, recall=0.9526, correction_rate=0.7821) = 0.8134
2026-04-28 01:38:34,115 - => Save best checkpoint model...
2026-04-28 01:38:37,070 - => End Epoch: 21, early stop epochs: 0, best epoch: 21, best clean acc: 0.7054, best Top-4: 0.9819, best ASR: 0.0472, best RAC: 0.7513, anchor loss: 0.1198, best checkpoint score: 0.8134
2026-04-28 01:38:37,072 - => Stage 3 Detection Summary: recall: 0.9526, precision: 0.7532, f1: 0.8413, false positive rate: 0.2790, correction rate: 0.7821
2026-04-28 01:38:37,116 - => LFBA current anchor-derived target label: 6
2026-04-28 01:38:37,192 - =>Add Trigger to Train Data
2026-04-28 01:38:37,300 - Add Trigger to 2500 Poison Samples, 47500 Clean Samples (0.05)
2026-04-28 01:38:37,318 - => Start Training for Injecting Backdoor...
2026-04-28 01:38:37,713 - Epoch: 22, 1/196: VFL loss: 0.4062, total loss: 0.2642, anchor loss: 0.1223, VFL train accuracy: 0.8594
2026-04-28 01:38:41,639 - Epoch: 22, 11/196: VFL loss: 0.2937, total loss: 0.2035, anchor loss: 0.1133, VFL train accuracy: 0.8981
2026-04-28 01:38:45,549 - Epoch: 22, 21/196: VFL loss: 0.2977, total loss: 0.2057, anchor loss: 0.1138, VFL train accuracy: 0.8981
2026-04-28 01:38:49,468 - Epoch: 22, 31/196: VFL loss: 0.2955, total loss: 0.2044, anchor loss: 0.1133, VFL train accuracy: 0.8978
2026-04-28 01:38:53,369 - Epoch: 22, 41/196: VFL loss: 0.2955, total loss: 0.2043, anchor loss: 0.1130, VFL train accuracy: 0.8968
2026-04-28 01:38:57,240 - Epoch: 22, 51/196: VFL loss: 0.2983, total loss: 0.2056, anchor loss: 0.1130, VFL train accuracy: 0.8955
2026-04-28 01:39:01,198 - Epoch: 22, 61/196: VFL loss: 0.2963, total loss: 0.2047, anchor loss: 0.1131, VFL train accuracy: 0.8973
2026-04-28 01:39:05,097 - Epoch: 22, 71/196: VFL loss: 0.2968, total loss: 0.2049, anchor loss: 0.1131, VFL train accuracy: 0.8972
2026-04-28 01:39:09,000 - Epoch: 22, 81/196: VFL loss: 0.2970, total loss: 0.2049, anchor loss: 0.1129, VFL train accuracy: 0.8973
2026-04-28 01:39:12,899 - Epoch: 22, 91/196: VFL loss: 0.2939, total loss: 0.2032, anchor loss: 0.1126, VFL train accuracy: 0.8979
2026-04-28 01:39:16,780 - Epoch: 22, 101/196: VFL loss: 0.2936, total loss: 0.2031, anchor loss: 0.1127, VFL train accuracy: 0.8976
2026-04-28 01:39:20,663 - Epoch: 22, 111/196: VFL loss: 0.2933, total loss: 0.2030, anchor loss: 0.1128, VFL train accuracy: 0.8977
2026-04-28 01:39:24,535 - Epoch: 22, 121/196: VFL loss: 0.2931, total loss: 0.2029, anchor loss: 0.1127, VFL train accuracy: 0.8977
2026-04-28 01:39:28,409 - Epoch: 22, 131/196: VFL loss: 0.2941, total loss: 0.2034, anchor loss: 0.1127, VFL train accuracy: 0.8977
2026-04-28 01:39:32,307 - Epoch: 22, 141/196: VFL loss: 0.2922, total loss: 0.2024, anchor loss: 0.1126, VFL train accuracy: 0.8987
2026-04-28 01:39:36,222 - Epoch: 22, 151/196: VFL loss: 0.2909, total loss: 0.2017, anchor loss: 0.1124, VFL train accuracy: 0.8992
2026-04-28 01:39:40,133 - Epoch: 22, 161/196: VFL loss: 0.2903, total loss: 0.2013, anchor loss: 0.1124, VFL train accuracy: 0.8992
2026-04-28 01:39:43,988 - Epoch: 22, 171/196: VFL loss: 0.2894, total loss: 0.2008, anchor loss: 0.1123, VFL train accuracy: 0.8993
2026-04-28 01:39:47,907 - Epoch: 22, 181/196: VFL loss: 0.2897, total loss: 0.2010, anchor loss: 0.1123, VFL train accuracy: 0.8993
2026-04-28 01:39:51,817 - Epoch: 22, 191/196: VFL loss: 0.2903, total loss: 0.2013, anchor loss: 0.1124, VFL train accuracy: 0.8992
2026-04-28 01:39:53,588 - => Recorded Stage 2 client anchor losses for epoch 22 to './results/AVGuard/threeclient_full_avguard_fixed_lambda_anchor_theta_supp_sensitivity/theta_supp_0.05/CIFAR10/stage2\stage2_final_epoch_client_anchor_losses.json': {0: 0.11821, 1: 0.100751, 2: 0.118014}
2026-04-28 01:39:53,589 - => Stage 2 EMA anchor update skipped at epoch 22 because momentum=1.0000 disables EMA; eligible classes per client {0: 10, 1: 10, 2: 10}
2026-04-28 01:39:53,590 - => Stage 2 Epoch 22 Training Summary: VFL loss: 0.2890, total loss: 0.2006, anchor loss: 0.1123, VFL train accuracy: 0.8995
2026-04-28 01:39:53,590 - => Test ASR...
2026-04-28 01:39:53,629 - =>Add Trigger to Test Data
2026-04-28 01:39:53,744 - Add Trigger to 9000 Poison Samples, 1000 Clean Samples (1.00)
2026-04-28 01:40:10,979 - => Test Epoch: 22, main task samples: 10000, attack samples: 10000, test loss: 0.5449, clean acc: 0.7004, Top-4: 0.9831, ASR: 0.0483, RAC: 0.7513, test target accuracy: 0.8670, stage3 final accuracy: 0.7004, stage3 final target accuracy: 0.7710, stage3 final asr: 0.0483, anchor loss: 0.1186
2026-04-28 01:40:10,980 - => Stage 3 Detection Summary: recall: 0.9514, precision: 0.7514, f1: 0.8397, false positive rate: 0.2817, correction rate: 0.7859
2026-04-28 01:40:10,981 - => Stage 3 Debug (clean): suspicious=2817/10000, correction_applied=2786, prediction_changed=2786, skipped_tied_vote=0, skipped_low_margin=0, skipped_other=31
2026-04-28 01:40:10,982 - => Stage 3 Debug (poison-valid): suspicious=8515/9000, correction_applied=8515, prediction_changed=8515, skipped_tied_vote=0, skipped_low_margin=0, skipped_other=0
2026-04-28 01:40:10,982 - => Stage 3 Debug (attack-success): suspicious=8515/8950, correction_applied=8515, prediction_changed=8515, corrected_to_true=6692
2026-04-28 01:40:10,983 - => Stage 3 Effective Support Avg: clean(all)=2.0384, clean_suspicious(false_positive)=0.8814, clean_correction_applied=0.8801, poison_valid(all)=1.0577, poison_valid_suspicious=1.0000, poison_valid_correction_applied=1.0000, attack_success(all)=1.0524, attack_success_suspicious=1.0000
2026-04-28 01:40:10,984 - => Stage 2 checkpoint score: mean(clean_acc=0.7004, recall=0.9514, correction_rate=0.7859) = 0.8126
2026-04-28 01:40:12,111 - => End Epoch: 22, early stop epochs: 1, best epoch: 21, best clean acc: 0.7054, best Top-4: 0.9819, best ASR: 0.0472, best RAC: 0.7513, anchor loss: 0.1198, best checkpoint score: 0.8134
2026-04-28 01:40:12,112 - => Stage 3 Detection Summary: recall: 0.9526, precision: 0.7532, f1: 0.8413, false positive rate: 0.2790, correction rate: 0.7821
2026-04-28 01:40:12,165 - => LFBA current anchor-derived target label: 6
2026-04-28 01:40:12,242 - =>Add Trigger to Train Data
2026-04-28 01:40:12,349 - Add Trigger to 2500 Poison Samples, 47500 Clean Samples (0.05)
2026-04-28 01:40:12,367 - => Start Training for Injecting Backdoor...
2026-04-28 01:40:12,761 - Epoch: 23, 1/196: VFL loss: 0.2242, total loss: 0.1660, anchor loss: 0.1078, VFL train accuracy: 0.9336
2026-04-28 01:40:16,708 - Epoch: 23, 11/196: VFL loss: 0.2824, total loss: 0.1966, anchor loss: 0.1108, VFL train accuracy: 0.8981
2026-04-28 01:40:20,707 - Epoch: 23, 21/196: VFL loss: 0.2689, total loss: 0.1896, anchor loss: 0.1102, VFL train accuracy: 0.9057
2026-04-28 01:40:24,597 - Epoch: 23, 31/196: VFL loss: 0.2755, total loss: 0.1928, anchor loss: 0.1102, VFL train accuracy: 0.9036
2026-04-28 01:40:28,468 - Epoch: 23, 41/196: VFL loss: 0.2767, total loss: 0.1935, anchor loss: 0.1103, VFL train accuracy: 0.9059
2026-04-28 01:40:32,367 - Epoch: 23, 51/196: VFL loss: 0.2797, total loss: 0.1950, anchor loss: 0.1103, VFL train accuracy: 0.9053
2026-04-28 01:40:36,236 - Epoch: 23, 61/196: VFL loss: 0.2795, total loss: 0.1950, anchor loss: 0.1104, VFL train accuracy: 0.9053
2026-04-28 01:40:40,138 - Epoch: 23, 71/196: VFL loss: 0.2827, total loss: 0.1969, anchor loss: 0.1111, VFL train accuracy: 0.9033
2026-04-28 01:40:44,017 - Epoch: 23, 81/196: VFL loss: 0.2815, total loss: 0.1964, anchor loss: 0.1112, VFL train accuracy: 0.9030
2026-04-28 01:40:47,937 - Epoch: 23, 91/196: VFL loss: 0.2801, total loss: 0.1957, anchor loss: 0.1112, VFL train accuracy: 0.9034
2026-04-28 01:40:51,808 - Epoch: 23, 101/196: VFL loss: 0.2807, total loss: 0.1959, anchor loss: 0.1111, VFL train accuracy: 0.9034
2026-04-28 01:40:55,718 - Epoch: 23, 111/196: VFL loss: 0.2808, total loss: 0.1960, anchor loss: 0.1111, VFL train accuracy: 0.9029
2026-04-28 01:40:59,606 - Epoch: 23, 121/196: VFL loss: 0.2804, total loss: 0.1958, anchor loss: 0.1112, VFL train accuracy: 0.9035
2026-04-28 01:41:03,568 - Epoch: 23, 131/196: VFL loss: 0.2804, total loss: 0.1958, anchor loss: 0.1111, VFL train accuracy: 0.9037
2026-04-28 01:41:07,438 - Epoch: 23, 141/196: VFL loss: 0.2807, total loss: 0.1959, anchor loss: 0.1111, VFL train accuracy: 0.9034
2026-04-28 01:41:11,363 - Epoch: 23, 151/196: VFL loss: 0.2802, total loss: 0.1956, anchor loss: 0.1110, VFL train accuracy: 0.9034
2026-04-28 01:41:15,237 - Epoch: 23, 161/196: VFL loss: 0.2792, total loss: 0.1951, anchor loss: 0.1110, VFL train accuracy: 0.9037
2026-04-28 01:41:19,147 - Epoch: 23, 171/196: VFL loss: 0.2776, total loss: 0.1942, anchor loss: 0.1108, VFL train accuracy: 0.9045
2026-04-28 01:41:23,018 - Epoch: 23, 181/196: VFL loss: 0.2783, total loss: 0.1946, anchor loss: 0.1108, VFL train accuracy: 0.9042
2026-04-28 01:41:26,947 - Epoch: 23, 191/196: VFL loss: 0.2776, total loss: 0.1943, anchor loss: 0.1109, VFL train accuracy: 0.9045
2026-04-28 01:41:28,738 - => Recorded Stage 2 client anchor losses for epoch 23 to './results/AVGuard/threeclient_full_avguard_fixed_lambda_anchor_theta_supp_sensitivity/theta_supp_0.05/CIFAR10/stage2\stage2_final_epoch_client_anchor_losses.json': {0: 0.116724, 1: 0.098643, 2: 0.117545}
2026-04-28 01:41:28,741 - => Stage 2 EMA anchor update skipped at epoch 23 because momentum=1.0000 disables EMA; eligible classes per client {0: 10, 1: 10, 2: 10}
2026-04-28 01:41:28,741 - => Stage 2 Epoch 23 Training Summary: VFL loss: 0.2778, total loss: 0.1944, anchor loss: 0.1110, VFL train accuracy: 0.9042
2026-04-28 01:41:28,742 - => Test ASR...
2026-04-28 01:41:28,788 - =>Add Trigger to Test Data
2026-04-28 01:41:28,904 - Add Trigger to 9000 Poison Samples, 1000 Clean Samples (1.00)
2026-04-28 01:41:46,131 - => Test Epoch: 23, main task samples: 10000, attack samples: 10000, test loss: 0.5474, clean acc: 0.7034, Top-4: 0.9824, ASR: 0.0464, RAC: 0.7514, test target accuracy: 0.8610, stage3 final accuracy: 0.7034, stage3 final target accuracy: 0.7660, stage3 final asr: 0.0464, anchor loss: 0.1187
2026-04-28 01:41:46,132 - => Stage 3 Detection Summary: recall: 0.9534, precision: 0.7517, f1: 0.8406, false positive rate: 0.2809, correction rate: 0.7845
2026-04-28 01:41:46,133 - => Stage 3 Debug (clean): suspicious=2809/10000, correction_applied=2792, prediction_changed=2792, skipped_tied_vote=0, skipped_low_margin=0, skipped_other=17
2026-04-28 01:41:46,134 - => Stage 3 Debug (poison-valid): suspicious=8511/9000, correction_applied=8511, prediction_changed=8511, skipped_tied_vote=0, skipped_low_margin=0, skipped_other=0
2026-04-28 01:41:46,135 - => Stage 3 Debug (attack-success): suspicious=8509/8925, correction_applied=8509, prediction_changed=8509, corrected_to_true=6675
2026-04-28 01:41:46,136 - => Stage 3 Effective Support Avg: clean(all)=2.0390, clean_suspicious(false_positive)=0.8729, clean_correction_applied=0.8721, poison_valid(all)=1.0580, poison_valid_suspicious=1.0000, poison_valid_correction_applied=1.0000, attack_success(all)=1.0503, attack_success_suspicious=1.0000
2026-04-28 01:41:46,137 - => Stage 2 checkpoint score: mean(clean_acc=0.7034, recall=0.9534, correction_rate=0.7845) = 0.8138
2026-04-28 01:41:46,138 - => Save best checkpoint model...
2026-04-28 01:41:49,455 - => End Epoch: 23, early stop epochs: 0, best epoch: 23, best clean acc: 0.7034, best Top-4: 0.9824, best ASR: 0.0464, best RAC: 0.7514, anchor loss: 0.1187, best checkpoint score: 0.8138
2026-04-28 01:41:49,456 - => Stage 3 Detection Summary: recall: 0.9534, precision: 0.7517, f1: 0.8406, false positive rate: 0.2809, correction rate: 0.7845
2026-04-28 01:41:49,517 - => LFBA current anchor-derived target label: 6
2026-04-28 01:41:49,590 - =>Add Trigger to Train Data
2026-04-28 01:41:49,697 - Add Trigger to 2500 Poison Samples, 47500 Clean Samples (0.05)
2026-04-28 01:41:49,715 - => Start Training for Injecting Backdoor...
2026-04-28 01:41:50,108 - Epoch: 24, 1/196: VFL loss: 0.2408, total loss: 0.1773, anchor loss: 0.1137, VFL train accuracy: 0.9141
2026-04-28 01:41:54,098 - Epoch: 24, 11/196: VFL loss: 0.2452, total loss: 0.1772, anchor loss: 0.1093, VFL train accuracy: 0.9144
2026-04-28 01:41:58,017 - Epoch: 24, 21/196: VFL loss: 0.2608, total loss: 0.1848, anchor loss: 0.1089, VFL train accuracy: 0.9113
2026-04-28 01:42:02,008 - Epoch: 24, 31/196: VFL loss: 0.2555, total loss: 0.1821, anchor loss: 0.1087, VFL train accuracy: 0.9122
2026-04-28 01:42:05,917 - Epoch: 24, 41/196: VFL loss: 0.2566, total loss: 0.1828, anchor loss: 0.1090, VFL train accuracy: 0.9113
2026-04-28 01:42:09,839 - Epoch: 24, 51/196: VFL loss: 0.2603, total loss: 0.1849, anchor loss: 0.1095, VFL train accuracy: 0.9099
2026-04-28 01:42:13,739 - Epoch: 24, 61/196: VFL loss: 0.2637, total loss: 0.1867, anchor loss: 0.1097, VFL train accuracy: 0.9089
2026-04-28 01:42:17,638 - Epoch: 24, 71/196: VFL loss: 0.2660, total loss: 0.1879, anchor loss: 0.1098, VFL train accuracy: 0.9079
2026-04-28 01:42:21,550 - Epoch: 24, 81/196: VFL loss: 0.2660, total loss: 0.1879, anchor loss: 0.1099, VFL train accuracy: 0.9078
2026-04-28 01:42:25,419 - Epoch: 24, 91/196: VFL loss: 0.2650, total loss: 0.1875, anchor loss: 0.1099, VFL train accuracy: 0.9084
2026-04-28 01:42:29,337 - Epoch: 24, 101/196: VFL loss: 0.2657, total loss: 0.1878, anchor loss: 0.1098, VFL train accuracy: 0.9082
2026-04-28 01:42:33,238 - Epoch: 24, 111/196: VFL loss: 0.2682, total loss: 0.1891, anchor loss: 0.1101, VFL train accuracy: 0.9070
2026-04-28 01:42:37,139 - Epoch: 24, 121/196: VFL loss: 0.2694, total loss: 0.1898, anchor loss: 0.1101, VFL train accuracy: 0.9066
2026-04-28 01:42:41,080 - Epoch: 24, 131/196: VFL loss: 0.2695, total loss: 0.1898, anchor loss: 0.1102, VFL train accuracy: 0.9063
2026-04-28 01:42:44,938 - Epoch: 24, 141/196: VFL loss: 0.2670, total loss: 0.1886, anchor loss: 0.1101, VFL train accuracy: 0.9069
2026-04-28 01:42:48,877 - Epoch: 24, 151/196: VFL loss: 0.2666, total loss: 0.1883, anchor loss: 0.1101, VFL train accuracy: 0.9070
2026-04-28 01:42:52,799 - Epoch: 24, 161/196: VFL loss: 0.2659, total loss: 0.1880, anchor loss: 0.1101, VFL train accuracy: 0.9072
2026-04-28 01:42:56,697 - Epoch: 24, 171/196: VFL loss: 0.2679, total loss: 0.1891, anchor loss: 0.1103, VFL train accuracy: 0.9065
2026-04-28 01:43:00,641 - Epoch: 24, 181/196: VFL loss: 0.2681, total loss: 0.1891, anchor loss: 0.1102, VFL train accuracy: 0.9068
2026-04-28 01:43:04,538 - Epoch: 24, 191/196: VFL loss: 0.2670, total loss: 0.1885, anchor loss: 0.1100, VFL train accuracy: 0.9073
2026-04-28 01:43:06,308 - => Recorded Stage 2 client anchor losses for epoch 24 to './results/AVGuard/threeclient_full_avguard_fixed_lambda_anchor_theta_supp_sensitivity/theta_supp_0.05/CIFAR10/stage2\stage2_final_epoch_client_anchor_losses.json': {0: 0.115709, 1: 0.097301, 2: 0.117237}
2026-04-28 01:43:06,309 - => Stage 2 EMA anchor update skipped at epoch 24 because momentum=1.0000 disables EMA; eligible classes per client {0: 10, 1: 10, 2: 10}
2026-04-28 01:43:06,310 - => Stage 2 Epoch 24 Training Summary: VFL loss: 0.2681, total loss: 0.1891, anchor loss: 0.1101, VFL train accuracy: 0.9068
2026-04-28 01:43:06,310 - => Test ASR...
2026-04-28 01:43:06,348 - =>Add Trigger to Test Data
2026-04-28 01:43:06,463 - Add Trigger to 9000 Poison Samples, 1000 Clean Samples (1.00)
2026-04-28 01:43:23,699 - => Test Epoch: 24, main task samples: 10000, attack samples: 10000, test loss: 0.5484, clean acc: 0.7071, Top-4: 0.9831, ASR: 0.0427, RAC: 0.7546, test target accuracy: 0.8550, stage3 final accuracy: 0.7071, stage3 final target accuracy: 0.7680, stage3 final asr: 0.0427, anchor loss: 0.1180
2026-04-28 01:43:23,700 - => Stage 3 Detection Summary: recall: 0.9573, precision: 0.7541, f1: 0.8436, false positive rate: 0.2763, correction rate: 0.7836
2026-04-28 01:43:23,700 - => Stage 3 Debug (clean): suspicious=2763/10000, correction_applied=2736, prediction_changed=2736, skipped_tied_vote=0, skipped_low_margin=0, skipped_other=27
2026-04-28 01:43:23,701 - => Stage 3 Debug (poison-valid): suspicious=8492/9000, correction_applied=8492, prediction_changed=8492, skipped_tied_vote=0, skipped_low_margin=0, skipped_other=0
2026-04-28 01:43:23,701 - => Stage 3 Debug (attack-success): suspicious=8487/8866, correction_applied=8487, prediction_changed=8487, corrected_to_true=6650
2026-04-28 01:43:23,701 - => Stage 3 Effective Support Avg: clean(all)=2.0463, clean_suspicious(false_positive)=0.8766, clean_correction_applied=0.8761, poison_valid(all)=1.0594, poison_valid_suspicious=1.0000, poison_valid_correction_applied=1.0000, attack_success(all)=1.0458, attack_success_suspicious=1.0000
2026-04-28 01:43:23,702 - => Stage 2 checkpoint score: mean(clean_acc=0.7071, recall=0.9573, correction_rate=0.7836) = 0.8160
2026-04-28 01:43:23,702 - => Save best checkpoint model...
2026-04-28 01:43:27,068 - => End Epoch: 24, early stop epochs: 0, best epoch: 24, best clean acc: 0.7071, best Top-4: 0.9831, best ASR: 0.0427, best RAC: 0.7546, anchor loss: 0.1180, best checkpoint score: 0.8160
2026-04-28 01:43:27,069 - => Stage 3 Detection Summary: recall: 0.9573, precision: 0.7541, f1: 0.8436, false positive rate: 0.2763, correction rate: 0.7836
2026-04-28 01:43:27,124 - => LFBA current anchor-derived target label: 6
2026-04-28 01:43:27,198 - =>Add Trigger to Train Data
2026-04-28 01:43:27,305 - Add Trigger to 2500 Poison Samples, 47500 Clean Samples (0.05)
2026-04-28 01:43:27,324 - => Start Training for Injecting Backdoor...
2026-04-28 01:43:27,732 - Epoch: 25, 1/196: VFL loss: 0.2901, total loss: 0.2030, anchor loss: 0.1158, VFL train accuracy: 0.9219
2026-04-28 01:43:31,647 - Epoch: 25, 11/196: VFL loss: 0.2683, total loss: 0.1901, anchor loss: 0.1119, VFL train accuracy: 0.9102
2026-04-28 01:43:35,549 - Epoch: 25, 21/196: VFL loss: 0.2548, total loss: 0.1823, anchor loss: 0.1097, VFL train accuracy: 0.9144
2026-04-28 01:43:39,448 - Epoch: 25, 31/196: VFL loss: 0.2575, total loss: 0.1835, anchor loss: 0.1094, VFL train accuracy: 0.9118
2026-04-28 01:43:43,286 - Epoch: 25, 41/196: VFL loss: 0.2605, total loss: 0.1851, anchor loss: 0.1097, VFL train accuracy: 0.9109
2026-04-28 01:43:47,127 - Epoch: 25, 51/196: VFL loss: 0.2578, total loss: 0.1838, anchor loss: 0.1099, VFL train accuracy: 0.9118
2026-04-28 01:43:51,007 - Epoch: 25, 61/196: VFL loss: 0.2573, total loss: 0.1836, anchor loss: 0.1098, VFL train accuracy: 0.9122
2026-04-28 01:43:54,928 - Epoch: 25, 71/196: VFL loss: 0.2586, total loss: 0.1841, anchor loss: 0.1096, VFL train accuracy: 0.9113
2026-04-28 01:43:58,839 - Epoch: 25, 81/196: VFL loss: 0.2603, total loss: 0.1851, anchor loss: 0.1098, VFL train accuracy: 0.9096
2026-04-28 01:44:02,816 - Epoch: 25, 91/196: VFL loss: 0.2597, total loss: 0.1846, anchor loss: 0.1095, VFL train accuracy: 0.9095
2026-04-28 01:44:06,687 - Epoch: 25, 101/196: VFL loss: 0.2617, total loss: 0.1857, anchor loss: 0.1098, VFL train accuracy: 0.9086
2026-04-28 01:44:10,588 - Epoch: 25, 111/196: VFL loss: 0.2596, total loss: 0.1845, anchor loss: 0.1094, VFL train accuracy: 0.9091
2026-04-28 01:44:14,481 - Epoch: 25, 121/196: VFL loss: 0.2560, total loss: 0.1826, anchor loss: 0.1091, VFL train accuracy: 0.9103
2026-04-28 01:44:18,321 - Epoch: 25, 131/196: VFL loss: 0.2565, total loss: 0.1828, anchor loss: 0.1091, VFL train accuracy: 0.9101
2026-04-28 01:44:22,228 - Epoch: 25, 141/196: VFL loss: 0.2554, total loss: 0.1823, anchor loss: 0.1092, VFL train accuracy: 0.9102
2026-04-28 01:44:26,018 - Epoch: 25, 151/196: VFL loss: 0.2552, total loss: 0.1822, anchor loss: 0.1092, VFL train accuracy: 0.9098
2026-04-28 01:44:29,910 - Epoch: 25, 161/196: VFL loss: 0.2564, total loss: 0.1829, anchor loss: 0.1093, VFL train accuracy: 0.9094
2026-04-28 01:44:33,757 - Epoch: 25, 171/196: VFL loss: 0.2558, total loss: 0.1825, anchor loss: 0.1092, VFL train accuracy: 0.9095
2026-04-28 01:44:37,677 - Epoch: 25, 181/196: VFL loss: 0.2578, total loss: 0.1836, anchor loss: 0.1094, VFL train accuracy: 0.9089
2026-04-28 01:44:41,558 - Epoch: 25, 191/196: VFL loss: 0.2588, total loss: 0.1841, anchor loss: 0.1094, VFL train accuracy: 0.9086
2026-04-28 01:44:43,329 - => Recorded Stage 2 client anchor losses for epoch 25 to './results/AVGuard/threeclient_full_avguard_fixed_lambda_anchor_theta_supp_sensitivity/theta_supp_0.05/CIFAR10/stage2\stage2_final_epoch_client_anchor_losses.json': {0: 0.116018, 1: 0.096514, 2: 0.115575}
2026-04-28 01:44:43,330 - => Stage 2 EMA anchor update skipped at epoch 25 because momentum=1.0000 disables EMA; eligible classes per client {0: 10, 1: 10, 2: 10}
2026-04-28 01:44:43,331 - => Stage 2 Epoch 25 Training Summary: VFL loss: 0.2589, total loss: 0.1842, anchor loss: 0.1094, VFL train accuracy: 0.9088
2026-04-28 01:44:43,331 - => Test ASR...
2026-04-28 01:44:43,369 - =>Add Trigger to Test Data
2026-04-28 01:44:43,485 - Add Trigger to 9000 Poison Samples, 1000 Clean Samples (1.00)
2026-04-28 01:45:00,729 - => Test Epoch: 25, main task samples: 10000, attack samples: 10000, test loss: 0.5535, clean acc: 0.7030, Top-4: 0.9819, ASR: 0.0437, RAC: 0.7536, test target accuracy: 0.8500, stage3 final accuracy: 0.7030, stage3 final target accuracy: 0.7610, stage3 final asr: 0.0437, anchor loss: 0.1179
2026-04-28 01:45:00,730 - => Stage 3 Detection Summary: recall: 0.9564, precision: 0.7463, f1: 0.8384, false positive rate: 0.2818, correction rate: 0.7804
2026-04-28 01:45:00,731 - => Stage 3 Debug (clean): suspicious=2818/10000, correction_applied=2794, prediction_changed=2794, skipped_tied_vote=0, skipped_low_margin=0, skipped_other=24
2026-04-28 01:45:00,731 - => Stage 3 Debug (poison-valid): suspicious=8341/9000, correction_applied=8341, prediction_changed=8341, skipped_tied_vote=0, skipped_low_margin=0, skipped_other=0
2026-04-28 01:45:00,732 - => Stage 3 Debug (attack-success): suspicious=8328/8708, correction_applied=8328, prediction_changed=8328, corrected_to_true=6499
2026-04-28 01:45:00,733 - => Stage 3 Effective Support Avg: clean(all)=2.0353, clean_suspicious(false_positive)=0.8648, clean_correction_applied=0.8640, poison_valid(all)=1.0767, poison_valid_suspicious=1.0000, poison_valid_correction_applied=1.0000, attack_success(all)=1.0472, attack_success_suspicious=1.0000
2026-04-28 01:45:00,734 - => Stage 2 checkpoint score: mean(clean_acc=0.7030, recall=0.9564, correction_rate=0.7804) = 0.8132
2026-04-28 01:45:01,827 - => End Epoch: 25, early stop epochs: 1, best epoch: 24, best clean acc: 0.7071, best Top-4: 0.9831, best ASR: 0.0427, best RAC: 0.7546, anchor loss: 0.1180, best checkpoint score: 0.8160
2026-04-28 01:45:01,829 - => Stage 3 Detection Summary: recall: 0.9573, precision: 0.7541, f1: 0.8436, false positive rate: 0.2763, correction rate: 0.7836
2026-04-28 01:45:01,880 - => LFBA current anchor-derived target label: 6
2026-04-28 01:45:01,955 - =>Add Trigger to Train Data
2026-04-28 01:45:02,064 - Add Trigger to 2500 Poison Samples, 47500 Clean Samples (0.05)
2026-04-28 01:45:02,082 - => Start Training for Injecting Backdoor...
2026-04-28 01:45:02,465 - Epoch: 26, 1/196: VFL loss: 0.2534, total loss: 0.1837, anchor loss: 0.1139, VFL train accuracy: 0.9219
2026-04-28 01:45:06,389 - Epoch: 26, 11/196: VFL loss: 0.2639, total loss: 0.1871, anchor loss: 0.1102, VFL train accuracy: 0.9130
2026-04-28 01:45:10,300 - Epoch: 26, 21/196: VFL loss: 0.2680, total loss: 0.1893, anchor loss: 0.1105, VFL train accuracy: 0.9085
2026-04-28 01:45:14,218 - Epoch: 26, 31/196: VFL loss: 0.2613, total loss: 0.1857, anchor loss: 0.1100, VFL train accuracy: 0.9105
2026-04-28 01:45:18,145 - Epoch: 26, 41/196: VFL loss: 0.2590, total loss: 0.1843, anchor loss: 0.1097, VFL train accuracy: 0.9116
2026-04-28 01:45:22,073 - Epoch: 26, 51/196: VFL loss: 0.2553, total loss: 0.1823, anchor loss: 0.1093, VFL train accuracy: 0.9134
2026-04-28 01:45:25,883 - Epoch: 26, 61/196: VFL loss: 0.2529, total loss: 0.1812, anchor loss: 0.1095, VFL train accuracy: 0.9150
2026-04-28 01:45:29,818 - Epoch: 26, 71/196: VFL loss: 0.2503, total loss: 0.1797, anchor loss: 0.1092, VFL train accuracy: 0.9154
2026-04-28 01:45:33,717 - Epoch: 26, 81/196: VFL loss: 0.2508, total loss: 0.1800, anchor loss: 0.1092, VFL train accuracy: 0.9153
2026-04-28 01:45:37,617 - Epoch: 26, 91/196: VFL loss: 0.2511, total loss: 0.1802, anchor loss: 0.1094, VFL train accuracy: 0.9148
2026-04-28 01:45:41,488 - Epoch: 26, 101/196: VFL loss: 0.2495, total loss: 0.1795, anchor loss: 0.1094, VFL train accuracy: 0.9150
2026-04-28 01:45:45,367 - Epoch: 26, 111/196: VFL loss: 0.2492, total loss: 0.1793, anchor loss: 0.1094, VFL train accuracy: 0.9148
2026-04-28 01:45:49,197 - Epoch: 26, 121/196: VFL loss: 0.2510, total loss: 0.1803, anchor loss: 0.1095, VFL train accuracy: 0.9140
2026-04-28 01:45:53,094 - Epoch: 26, 131/196: VFL loss: 0.2513, total loss: 0.1803, anchor loss: 0.1094, VFL train accuracy: 0.9135
2026-04-28 01:45:56,965 - Epoch: 26, 141/196: VFL loss: 0.2501, total loss: 0.1797, anchor loss: 0.1092, VFL train accuracy: 0.9141
2026-04-28 01:46:00,875 - Epoch: 26, 151/196: VFL loss: 0.2509, total loss: 0.1801, anchor loss: 0.1093, VFL train accuracy: 0.9138
2026-04-28 01:46:04,792 - Epoch: 26, 161/196: VFL loss: 0.2496, total loss: 0.1793, anchor loss: 0.1091, VFL train accuracy: 0.9140
2026-04-28 01:46:08,696 - Epoch: 26, 171/196: VFL loss: 0.2502, total loss: 0.1796, anchor loss: 0.1090, VFL train accuracy: 0.9138
2026-04-28 01:46:12,580 - Epoch: 26, 181/196: VFL loss: 0.2505, total loss: 0.1797, anchor loss: 0.1089, VFL train accuracy: 0.9135
2026-04-28 01:46:16,509 - Epoch: 26, 191/196: VFL loss: 0.2515, total loss: 0.1802, anchor loss: 0.1090, VFL train accuracy: 0.9130
2026-04-28 01:46:18,274 - => Recorded Stage 2 client anchor losses for epoch 26 to './results/AVGuard/threeclient_full_avguard_fixed_lambda_anchor_theta_supp_sensitivity/theta_supp_0.05/CIFAR10/stage2\stage2_final_epoch_client_anchor_losses.json': {0: 0.115049, 1: 0.096544, 2: 0.115327}
2026-04-28 01:46:18,277 - => Stage 2 EMA anchor update skipped at epoch 26 because momentum=1.0000 disables EMA; eligible classes per client {0: 10, 1: 10, 2: 10}
2026-04-28 01:46:18,278 - => Stage 2 Epoch 26 Training Summary: VFL loss: 0.2510, total loss: 0.1800, anchor loss: 0.1090, VFL train accuracy: 0.9133
2026-04-28 01:46:18,279 - => Test ASR...
2026-04-28 01:46:18,322 - =>Add Trigger to Test Data
2026-04-28 01:46:18,438 - Add Trigger to 9000 Poison Samples, 1000 Clean Samples (1.00)
2026-04-28 01:46:35,659 - => Test Epoch: 26, main task samples: 10000, attack samples: 10000, test loss: 0.5606, clean acc: 0.7069, Top-4: 0.9825, ASR: 0.0456, RAC: 0.7500, test target accuracy: 0.8620, stage3 final accuracy: 0.7069, stage3 final target accuracy: 0.7770, stage3 final asr: 0.0456, anchor loss: 0.1181
2026-04-28 01:46:35,660 - => Stage 3 Detection Summary: recall: 0.9543, precision: 0.7517, f1: 0.8410, false positive rate: 0.2815, correction rate: 0.7811
2026-04-28 01:46:35,660 - => Stage 3 Debug (clean): suspicious=2815/10000, correction_applied=2783, prediction_changed=2783, skipped_tied_vote=0, skipped_low_margin=0, skipped_other=32
2026-04-28 01:46:35,661 - => Stage 3 Debug (poison-valid): suspicious=8528/9000, correction_applied=8528, prediction_changed=8528, skipped_tied_vote=0, skipped_low_margin=0, skipped_other=0
2026-04-28 01:46:35,661 - => Stage 3 Debug (attack-success): suspicious=8526/8934, correction_applied=8526, prediction_changed=8526, corrected_to_true=6660
2026-04-28 01:46:35,661 - => Stage 3 Effective Support Avg: clean(all)=2.0365, clean_suspicious(false_positive)=0.8657, clean_correction_applied=0.8653, poison_valid(all)=1.0560, poison_valid_suspicious=1.0000, poison_valid_correction_applied=1.0000, attack_success(all)=1.0493, attack_success_suspicious=1.0000
2026-04-28 01:46:35,662 - => Stage 2 checkpoint score: mean(clean_acc=0.7069, recall=0.9543, correction_rate=0.7811) = 0.8141
2026-04-28 01:46:36,537 - => End Epoch: 26, early stop epochs: 2, best epoch: 24, best clean acc: 0.7071, best Top-4: 0.9831, best ASR: 0.0427, best RAC: 0.7546, anchor loss: 0.1180, best checkpoint score: 0.8160
2026-04-28 01:46:36,538 - => Stage 3 Detection Summary: recall: 0.9573, precision: 0.7541, f1: 0.8436, false positive rate: 0.2763, correction rate: 0.7836
2026-04-28 01:46:36,585 - => LFBA current anchor-derived target label: 6
2026-04-28 01:46:36,661 - =>Add Trigger to Train Data
2026-04-28 01:46:36,769 - Add Trigger to 2500 Poison Samples, 47500 Clean Samples (0.05)
2026-04-28 01:46:36,788 - => Start Training for Injecting Backdoor...
2026-04-28 01:46:37,171 - Epoch: 27, 1/196: VFL loss: 0.2665, total loss: 0.1869, anchor loss: 0.1072, VFL train accuracy: 0.9062
2026-04-28 01:46:41,037 - Epoch: 27, 11/196: VFL loss: 0.2487, total loss: 0.1772, anchor loss: 0.1057, VFL train accuracy: 0.9137
2026-04-28 01:46:44,937 - Epoch: 27, 21/196: VFL loss: 0.2512, total loss: 0.1795, anchor loss: 0.1078, VFL train accuracy: 0.9122
2026-04-28 01:46:48,838 - Epoch: 27, 31/196: VFL loss: 0.2428, total loss: 0.1749, anchor loss: 0.1071, VFL train accuracy: 0.9154
2026-04-28 01:46:52,744 - Epoch: 27, 41/196: VFL loss: 0.2421, total loss: 0.1747, anchor loss: 0.1073, VFL train accuracy: 0.9150
2026-04-28 01:46:56,604 - Epoch: 27, 51/196: VFL loss: 0.2429, total loss: 0.1755, anchor loss: 0.1080, VFL train accuracy: 0.9149
2026-04-28 01:47:00,534 - Epoch: 27, 61/196: VFL loss: 0.2444, total loss: 0.1764, anchor loss: 0.1085, VFL train accuracy: 0.9159
2026-04-28 01:47:04,436 - Epoch: 27, 71/196: VFL loss: 0.2450, total loss: 0.1767, anchor loss: 0.1085, VFL train accuracy: 0.9151
2026-04-28 01:47:08,337 - Epoch: 27, 81/196: VFL loss: 0.2469, total loss: 0.1778, anchor loss: 0.1087, VFL train accuracy: 0.9146
2026-04-28 01:47:12,208 - Epoch: 27, 91/196: VFL loss: 0.2462, total loss: 0.1774, anchor loss: 0.1086, VFL train accuracy: 0.9150
2026-04-28 01:47:16,085 - Epoch: 27, 101/196: VFL loss: 0.2444, total loss: 0.1764, anchor loss: 0.1084, VFL train accuracy: 0.9158
2026-04-28 01:47:19,992 - Epoch: 27, 111/196: VFL loss: 0.2436, total loss: 0.1760, anchor loss: 0.1084, VFL train accuracy: 0.9160
2026-04-28 01:47:23,891 - Epoch: 27, 121/196: VFL loss: 0.2426, total loss: 0.1755, anchor loss: 0.1084, VFL train accuracy: 0.9161
2026-04-28 01:47:27,820 - Epoch: 27, 131/196: VFL loss: 0.2419, total loss: 0.1751, anchor loss: 0.1083, VFL train accuracy: 0.9159
2026-04-28 01:47:31,758 - Epoch: 27, 141/196: VFL loss: 0.2435, total loss: 0.1760, anchor loss: 0.1085, VFL train accuracy: 0.9156
2026-04-28 01:47:35,680 - Epoch: 27, 151/196: VFL loss: 0.2430, total loss: 0.1757, anchor loss: 0.1084, VFL train accuracy: 0.9159
2026-04-28 01:47:39,583 - Epoch: 27, 161/196: VFL loss: 0.2424, total loss: 0.1754, anchor loss: 0.1084, VFL train accuracy: 0.9159
2026-04-28 01:47:43,509 - Epoch: 27, 171/196: VFL loss: 0.2431, total loss: 0.1757, anchor loss: 0.1084, VFL train accuracy: 0.9157
2026-04-28 01:47:47,427 - Epoch: 27, 181/196: VFL loss: 0.2445, total loss: 0.1764, anchor loss: 0.1084, VFL train accuracy: 0.9153
2026-04-28 01:47:51,327 - Epoch: 27, 191/196: VFL loss: 0.2445, total loss: 0.1765, anchor loss: 0.1084, VFL train accuracy: 0.9155
2026-04-28 01:47:53,095 - => Recorded Stage 2 client anchor losses for epoch 27 to './results/AVGuard/threeclient_full_avguard_fixed_lambda_anchor_theta_supp_sensitivity/theta_supp_0.05/CIFAR10/stage2\stage2_final_epoch_client_anchor_losses.json': {0: 0.11502, 1: 0.095736, 2: 0.11453}
2026-04-28 01:47:53,098 - => Stage 2 EMA anchor update skipped at epoch 27 because momentum=1.0000 disables EMA; eligible classes per client {0: 10, 1: 10, 2: 10}
2026-04-28 01:47:53,098 - => Stage 2 Epoch 27 Training Summary: VFL loss: 0.2455, total loss: 0.1770, anchor loss: 0.1085, VFL train accuracy: 0.9153
2026-04-28 01:47:53,099 - => Test ASR...
2026-04-28 01:47:53,145 - =>Add Trigger to Test Data
2026-04-28 01:47:53,261 - Add Trigger to 9000 Poison Samples, 1000 Clean Samples (1.00)
2026-04-28 01:48:10,520 - => Test Epoch: 27, main task samples: 10000, attack samples: 10000, test loss: 0.5636, clean acc: 0.7063, Top-4: 0.9834, ASR: 0.0443, RAC: 0.7530, test target accuracy: 0.8640, stage3 final accuracy: 0.7063, stage3 final target accuracy: 0.7750, stage3 final asr: 0.0443, anchor loss: 0.1180
2026-04-28 01:48:10,522 - => Stage 3 Detection Summary: recall: 0.9554, precision: 0.7497, f1: 0.8402, false positive rate: 0.2824, correction rate: 0.7822
2026-04-28 01:48:10,522 - => Stage 3 Debug (clean): suspicious=2824/10000, correction_applied=2804, prediction_changed=2804, skipped_tied_vote=0, skipped_low_margin=0, skipped_other=20
2026-04-28 01:48:10,523 - => Stage 3 Debug (poison-valid): suspicious=8474/9000, correction_applied=8474, prediction_changed=8474, skipped_tied_vote=0, skipped_low_margin=0, skipped_other=0
2026-04-28 01:48:10,524 - => Stage 3 Debug (attack-success): suspicious=8470/8865, correction_applied=8470, prediction_changed=8470, corrected_to_true=6625
2026-04-28 01:48:10,525 - => Stage 3 Effective Support Avg: clean(all)=2.0357, clean_suspicious(false_positive)=0.8633, clean_correction_applied=0.8634, poison_valid(all)=1.0618, poison_valid_suspicious=1.0000, poison_valid_correction_applied=1.0000, attack_success(all)=1.0479, attack_success_suspicious=1.0000
2026-04-28 01:48:10,526 - => Stage 2 checkpoint score: mean(clean_acc=0.7063, recall=0.9554, correction_rate=0.7822) = 0.8146
2026-04-28 01:48:11,622 - => End Epoch: 27, early stop epochs: 3, best epoch: 24, best clean acc: 0.7071, best Top-4: 0.9831, best ASR: 0.0427, best RAC: 0.7546, anchor loss: 0.1180, best checkpoint score: 0.8160
2026-04-28 01:48:11,623 - => Stage 3 Detection Summary: recall: 0.9573, precision: 0.7541, f1: 0.8436, false positive rate: 0.2763, correction rate: 0.7836
2026-04-28 01:48:11,683 - => LFBA current anchor-derived target label: 6
2026-04-28 01:48:11,759 - =>Add Trigger to Train Data
2026-04-28 01:48:11,867 - Add Trigger to 2500 Poison Samples, 47500 Clean Samples (0.05)
2026-04-28 01:48:11,886 - => Start Training for Injecting Backdoor...
2026-04-28 01:48:12,273 - Epoch: 28, 1/196: VFL loss: 0.2681, total loss: 0.1882, anchor loss: 0.1083, VFL train accuracy: 0.9102
2026-04-28 01:48:16,198 - Epoch: 28, 11/196: VFL loss: 0.2407, total loss: 0.1740, anchor loss: 0.1074, VFL train accuracy: 0.9183
2026-04-28 01:48:20,095 - Epoch: 28, 21/196: VFL loss: 0.2284, total loss: 0.1678, anchor loss: 0.1072, VFL train accuracy: 0.9237
2026-04-28 01:48:24,010 - Epoch: 28, 31/196: VFL loss: 0.2350, total loss: 0.1714, anchor loss: 0.1079, VFL train accuracy: 0.9209
2026-04-28 01:48:27,927 - Epoch: 28, 41/196: VFL loss: 0.2390, total loss: 0.1736, anchor loss: 0.1082, VFL train accuracy: 0.9186
2026-04-28 01:48:31,838 - Epoch: 28, 51/196: VFL loss: 0.2393, total loss: 0.1737, anchor loss: 0.1081, VFL train accuracy: 0.9180
2026-04-28 01:48:35,758 - Epoch: 28, 61/196: VFL loss: 0.2405, total loss: 0.1742, anchor loss: 0.1079, VFL train accuracy: 0.9175
2026-04-28 01:48:39,658 - Epoch: 28, 71/196: VFL loss: 0.2434, total loss: 0.1759, anchor loss: 0.1085, VFL train accuracy: 0.9164
2026-04-28 01:48:43,557 - Epoch: 28, 81/196: VFL loss: 0.2435, total loss: 0.1760, anchor loss: 0.1085, VFL train accuracy: 0.9161
2026-04-28 01:48:47,397 - Epoch: 28, 91/196: VFL loss: 0.2428, total loss: 0.1756, anchor loss: 0.1085, VFL train accuracy: 0.9160
2026-04-28 01:48:51,307 - Epoch: 28, 101/196: VFL loss: 0.2433, total loss: 0.1757, anchor loss: 0.1082, VFL train accuracy: 0.9156
2026-04-28 01:48:55,227 - Epoch: 28, 111/196: VFL loss: 0.2431, total loss: 0.1756, anchor loss: 0.1081, VFL train accuracy: 0.9162
2026-04-28 01:48:59,137 - Epoch: 28, 121/196: VFL loss: 0.2428, total loss: 0.1755, anchor loss: 0.1081, VFL train accuracy: 0.9159
2026-04-28 01:49:03,101 - Epoch: 28, 131/196: VFL loss: 0.2412, total loss: 0.1746, anchor loss: 0.1080, VFL train accuracy: 0.9165
2026-04-28 01:49:06,957 - Epoch: 28, 141/196: VFL loss: 0.2408, total loss: 0.1744, anchor loss: 0.1080, VFL train accuracy: 0.9165
2026-04-28 01:49:10,868 - Epoch: 28, 151/196: VFL loss: 0.2408, total loss: 0.1743, anchor loss: 0.1079, VFL train accuracy: 0.9162
2026-04-28 01:49:14,787 - Epoch: 28, 161/196: VFL loss: 0.2403, total loss: 0.1741, anchor loss: 0.1078, VFL train accuracy: 0.9167
2026-04-28 01:49:18,703 - Epoch: 28, 171/196: VFL loss: 0.2407, total loss: 0.1742, anchor loss: 0.1078, VFL train accuracy: 0.9163
2026-04-28 01:49:22,584 - Epoch: 28, 181/196: VFL loss: 0.2400, total loss: 0.1738, anchor loss: 0.1077, VFL train accuracy: 0.9165
2026-04-28 01:49:26,424 - Epoch: 28, 191/196: VFL loss: 0.2405, total loss: 0.1741, anchor loss: 0.1078, VFL train accuracy: 0.9165
2026-04-28 01:49:28,221 - => Recorded Stage 2 client anchor losses for epoch 28 to './results/AVGuard/threeclient_full_avguard_fixed_lambda_anchor_theta_supp_sensitivity/theta_supp_0.05/CIFAR10/stage2\stage2_final_epoch_client_anchor_losses.json': {0: 0.113318, 1: 0.095439, 2: 0.114502}
2026-04-28 01:49:28,225 - => Stage 2 EMA anchor update skipped at epoch 28 because momentum=1.0000 disables EMA; eligible classes per client {0: 10, 1: 10, 2: 10}
2026-04-28 01:49:28,225 - => Stage 2 Epoch 28 Training Summary: VFL loss: 0.2408, total loss: 0.1743, anchor loss: 0.1077, VFL train accuracy: 0.9164
2026-04-28 01:49:28,226 - => Test ASR...
2026-04-28 01:49:28,272 - =>Add Trigger to Test Data
2026-04-28 01:49:28,390 - Add Trigger to 9000 Poison Samples, 1000 Clean Samples (1.00)
2026-04-28 01:49:45,626 - => Test Epoch: 28, main task samples: 10000, attack samples: 10000, test loss: 0.5631, clean acc: 0.7072, Top-4: 0.9832, ASR: 0.0411, RAC: 0.7587, test target accuracy: 0.8380, stage3 final accuracy: 0.7072, stage3 final target accuracy: 0.7860, stage3 final asr: 0.0411, anchor loss: 0.1175
2026-04-28 01:49:45,627 - => Stage 3 Detection Summary: recall: 0.9587, precision: 0.7521, f1: 0.8429, false positive rate: 0.2832, correction rate: 0.7871
2026-04-28 01:49:45,627 - => Stage 3 Debug (clean): suspicious=2832/10000, correction_applied=2803, prediction_changed=2803, skipped_tied_vote=0, skipped_low_margin=0, skipped_other=29
2026-04-28 01:49:45,628 - => Stage 3 Debug (poison-valid): suspicious=8592/9000, correction_applied=8592, prediction_changed=8592, skipped_tied_vote=0, skipped_low_margin=0, skipped_other=0
2026-04-28 01:49:45,629 - => Stage 3 Debug (attack-success): suspicious=8592/8962, correction_applied=8592, prediction_changed=8592, corrected_to_true=6763
2026-04-28 01:49:45,630 - => Stage 3 Effective Support Avg: clean(all)=2.0369, clean_suspicious(false_positive)=0.8754, clean_correction_applied=0.8744, poison_valid(all)=1.0484, poison_valid_suspicious=1.0000, poison_valid_correction_applied=1.0000, attack_success(all)=1.0444, attack_success_suspicious=1.0000
2026-04-28 01:49:45,631 - => Stage 2 checkpoint score: mean(clean_acc=0.7072, recall=0.9587, correction_rate=0.7871) = 0.8177
2026-04-28 01:49:45,632 - => Save best checkpoint model...
2026-04-28 01:49:48,604 - => End Epoch: 28, early stop epochs: 0, best epoch: 28, best clean acc: 0.7072, best Top-4: 0.9832, best ASR: 0.0411, best RAC: 0.7587, anchor loss: 0.1175, best checkpoint score: 0.8177
2026-04-28 01:49:48,606 - => Stage 3 Detection Summary: recall: 0.9587, precision: 0.7521, f1: 0.8429, false positive rate: 0.2832, correction rate: 0.7871
2026-04-28 01:49:48,655 - => LFBA current anchor-derived target label: 6
2026-04-28 01:49:48,731 - =>Add Trigger to Train Data
2026-04-28 01:49:48,839 - Add Trigger to 2500 Poison Samples, 47500 Clean Samples (0.05)
2026-04-28 01:49:48,857 - => Start Training for Injecting Backdoor...
2026-04-28 01:49:49,268 - Epoch: 29, 1/196: VFL loss: 0.2305, total loss: 0.1661, anchor loss: 0.1018, VFL train accuracy: 0.9141
2026-04-28 01:49:53,157 - Epoch: 29, 11/196: VFL loss: 0.2544, total loss: 0.1809, anchor loss: 0.1074, VFL train accuracy: 0.9070
2026-04-28 01:49:57,040 - Epoch: 29, 21/196: VFL loss: 0.2447, total loss: 0.1763, anchor loss: 0.1079, VFL train accuracy: 0.9105
2026-04-28 01:50:01,023 - Epoch: 29, 31/196: VFL loss: 0.2408, total loss: 0.1744, anchor loss: 0.1081, VFL train accuracy: 0.9129
2026-04-28 01:50:04,900 - Epoch: 29, 41/196: VFL loss: 0.2434, total loss: 0.1756, anchor loss: 0.1078, VFL train accuracy: 0.9143
2026-04-28 01:50:08,814 - Epoch: 29, 51/196: VFL loss: 0.2428, total loss: 0.1753, anchor loss: 0.1079, VFL train accuracy: 0.9151
2026-04-28 01:50:12,716 - Epoch: 29, 61/196: VFL loss: 0.2408, total loss: 0.1742, anchor loss: 0.1076, VFL train accuracy: 0.9159
2026-04-28 01:50:16,688 - Epoch: 29, 71/196: VFL loss: 0.2428, total loss: 0.1753, anchor loss: 0.1077, VFL train accuracy: 0.9148
2026-04-28 01:50:20,579 - Epoch: 29, 81/196: VFL loss: 0.2427, total loss: 0.1752, anchor loss: 0.1077, VFL train accuracy: 0.9142
2026-04-28 01:50:24,462 - Epoch: 29, 91/196: VFL loss: 0.2427, total loss: 0.1752, anchor loss: 0.1076, VFL train accuracy: 0.9147
2026-04-28 01:50:28,377 - Epoch: 29, 101/196: VFL loss: 0.2429, total loss: 0.1752, anchor loss: 0.1075, VFL train accuracy: 0.9147
2026-04-28 01:50:32,240 - Epoch: 29, 111/196: VFL loss: 0.2422, total loss: 0.1749, anchor loss: 0.1075, VFL train accuracy: 0.9148
2026-04-28 01:50:36,147 - Epoch: 29, 121/196: VFL loss: 0.2410, total loss: 0.1743, anchor loss: 0.1075, VFL train accuracy: 0.9154
2026-04-28 01:50:40,048 - Epoch: 29, 131/196: VFL loss: 0.2393, total loss: 0.1734, anchor loss: 0.1074, VFL train accuracy: 0.9166
2026-04-28 01:50:43,989 - Epoch: 29, 141/196: VFL loss: 0.2391, total loss: 0.1733, anchor loss: 0.1075, VFL train accuracy: 0.9165
2026-04-28 01:50:47,909 - Epoch: 29, 151/196: VFL loss: 0.2390, total loss: 0.1733, anchor loss: 0.1076, VFL train accuracy: 0.9165
2026-04-28 01:50:51,772 - Epoch: 29, 161/196: VFL loss: 0.2400, total loss: 0.1739, anchor loss: 0.1077, VFL train accuracy: 0.9164
2026-04-28 01:50:55,687 - Epoch: 29, 171/196: VFL loss: 0.2396, total loss: 0.1736, anchor loss: 0.1076, VFL train accuracy: 0.9165
2026-04-28 01:50:59,607 - Epoch: 29, 181/196: VFL loss: 0.2390, total loss: 0.1733, anchor loss: 0.1076, VFL train accuracy: 0.9166
2026-04-28 01:51:03,503 - Epoch: 29, 191/196: VFL loss: 0.2395, total loss: 0.1736, anchor loss: 0.1076, VFL train accuracy: 0.9164
2026-04-28 01:51:05,262 - => Recorded Stage 2 client anchor losses for epoch 29 to './results/AVGuard/threeclient_full_avguard_fixed_lambda_anchor_theta_supp_sensitivity/theta_supp_0.05/CIFAR10/stage2\stage2_final_epoch_client_anchor_losses.json': {0: 0.114138, 1: 0.094326, 2: 0.11436}
2026-04-28 01:51:05,264 - => Stage 2 EMA anchor update skipped at epoch 29 because momentum=1.0000 disables EMA; eligible classes per client {0: 10, 1: 10, 2: 10}
2026-04-28 01:51:05,264 - => Stage 2 Epoch 29 Training Summary: VFL loss: 0.2398, total loss: 0.1737, anchor loss: 0.1076, VFL train accuracy: 0.9165
2026-04-28 01:51:05,264 - => Test ASR...
2026-04-28 01:51:05,303 - =>Add Trigger to Test Data
2026-04-28 01:51:05,420 - Add Trigger to 9000 Poison Samples, 1000 Clean Samples (1.00)
2026-04-28 01:51:22,640 - => Test Epoch: 29, main task samples: 10000, attack samples: 10000, test loss: 0.5701, clean acc: 0.7071, Top-4: 0.9834, ASR: 0.0433, RAC: 0.7553, test target accuracy: 0.8570, stage3 final accuracy: 0.7071, stage3 final target accuracy: 0.7720, stage3 final asr: 0.0433, anchor loss: 0.1173
2026-04-28 01:51:22,641 - => Stage 3 Detection Summary: recall: 0.9566, precision: 0.7539, f1: 0.8432, false positive rate: 0.2804, correction rate: 0.7871
2026-04-28 01:51:22,642 - => Stage 3 Debug (clean): suspicious=2804/10000, correction_applied=2781, prediction_changed=2781, skipped_tied_vote=0, skipped_low_margin=0, skipped_other=23
2026-04-28 01:51:22,642 - => Stage 3 Debug (poison-valid): suspicious=8589/9000, correction_applied=8589, prediction_changed=8589, skipped_tied_vote=0, skipped_low_margin=0, skipped_other=0
2026-04-28 01:51:22,642 - => Stage 3 Debug (attack-success): suspicious=8589/8979, correction_applied=8589, prediction_changed=8589, corrected_to_true=6760
2026-04-28 01:51:22,643 - => Stage 3 Effective Support Avg: clean(all)=2.0404, clean_suspicious(false_positive)=0.8659, clean_correction_applied=0.8652, poison_valid(all)=1.0489, poison_valid_suspicious=1.0000, poison_valid_correction_applied=1.0000, attack_success(all)=1.0467, attack_success_suspicious=1.0000
2026-04-28 01:51:22,643 - => Stage 2 checkpoint score: mean(clean_acc=0.7071, recall=0.9566, correction_rate=0.7871) = 0.8169
2026-04-28 01:51:23,465 - => End Epoch: 29, early stop epochs: 1, best epoch: 28, best clean acc: 0.7072, best Top-4: 0.9832, best ASR: 0.0411, best RAC: 0.7587, anchor loss: 0.1175, best checkpoint score: 0.8177
2026-04-28 01:51:23,467 - => Stage 3 Detection Summary: recall: 0.9587, precision: 0.7521, f1: 0.8429, false positive rate: 0.2832, correction rate: 0.7871
2026-04-28 01:51:23,522 - => LFBA current anchor-derived target label: 6
2026-04-28 01:51:23,596 - =>Add Trigger to Train Data
2026-04-28 01:51:23,703 - Add Trigger to 2500 Poison Samples, 47500 Clean Samples (0.05)
2026-04-28 01:51:23,722 - => Start Training for Injecting Backdoor...
2026-04-28 01:51:24,130 - Epoch: 30, 1/196: VFL loss: 0.1637, total loss: 0.1317, anchor loss: 0.0998, VFL train accuracy: 0.9375
2026-04-28 01:51:28,076 - Epoch: 30, 11/196: VFL loss: 0.2298, total loss: 0.1686, anchor loss: 0.1074, VFL train accuracy: 0.9233
2026-04-28 01:51:31,989 - Epoch: 30, 21/196: VFL loss: 0.2240, total loss: 0.1652, anchor loss: 0.1063, VFL train accuracy: 0.9241
2026-04-28 01:51:35,876 - Epoch: 30, 31/196: VFL loss: 0.2219, total loss: 0.1642, anchor loss: 0.1065, VFL train accuracy: 0.9235
2026-04-28 01:51:39,731 - Epoch: 30, 41/196: VFL loss: 0.2227, total loss: 0.1644, anchor loss: 0.1061, VFL train accuracy: 0.9211
2026-04-28 01:51:43,691 - Epoch: 30, 51/196: VFL loss: 0.2242, total loss: 0.1653, anchor loss: 0.1064, VFL train accuracy: 0.9210
2026-04-28 01:51:47,547 - Epoch: 30, 61/196: VFL loss: 0.2241, total loss: 0.1654, anchor loss: 0.1067, VFL train accuracy: 0.9212
2026-04-28 01:51:51,416 - Epoch: 30, 71/196: VFL loss: 0.2255, total loss: 0.1660, anchor loss: 0.1066, VFL train accuracy: 0.9201
2026-04-28 01:51:55,345 - Epoch: 30, 81/196: VFL loss: 0.2317, total loss: 0.1692, anchor loss: 0.1067, VFL train accuracy: 0.9185
2026-04-28 01:51:59,241 - Epoch: 30, 91/196: VFL loss: 0.2333, total loss: 0.1701, anchor loss: 0.1069, VFL train accuracy: 0.9184
2026-04-28 01:52:03,161 - Epoch: 30, 101/196: VFL loss: 0.2345, total loss: 0.1707, anchor loss: 0.1069, VFL train accuracy: 0.9184
2026-04-28 01:52:07,073 - Epoch: 30, 111/196: VFL loss: 0.2331, total loss: 0.1700, anchor loss: 0.1069, VFL train accuracy: 0.9188
2026-04-28 01:52:10,982 - Epoch: 30, 121/196: VFL loss: 0.2327, total loss: 0.1699, anchor loss: 0.1071, VFL train accuracy: 0.9192
2026-04-28 01:52:14,877 - Epoch: 30, 131/196: VFL loss: 0.2339, total loss: 0.1705, anchor loss: 0.1071, VFL train accuracy: 0.9187
2026-04-28 01:52:18,775 - Epoch: 30, 141/196: VFL loss: 0.2339, total loss: 0.1705, anchor loss: 0.1071, VFL train accuracy: 0.9186
2026-04-28 01:52:22,659 - Epoch: 30, 151/196: VFL loss: 0.2352, total loss: 0.1711, anchor loss: 0.1071, VFL train accuracy: 0.9178
2026-04-28 01:52:26,546 - Epoch: 30, 161/196: VFL loss: 0.2355, total loss: 0.1714, anchor loss: 0.1073, VFL train accuracy: 0.9175
2026-04-28 01:52:30,412 - Epoch: 30, 171/196: VFL loss: 0.2346, total loss: 0.1709, anchor loss: 0.1073, VFL train accuracy: 0.9179
2026-04-28 01:52:34,314 - Epoch: 30, 181/196: VFL loss: 0.2359, total loss: 0.1716, anchor loss: 0.1073, VFL train accuracy: 0.9177
2026-04-28 01:52:38,157 - Epoch: 30, 191/196: VFL loss: 0.2351, total loss: 0.1712, anchor loss: 0.1072, VFL train accuracy: 0.9178
2026-04-28 01:52:39,974 - => Recorded Stage 2 client anchor losses for epoch 30 to './results/AVGuard/threeclient_full_avguard_fixed_lambda_anchor_theta_supp_sensitivity/theta_supp_0.05/CIFAR10/stage2\stage2_final_epoch_client_anchor_losses.json': {0: 0.114052, 1: 0.094188, 2: 0.113536}
2026-04-28 01:52:39,976 - => Stage 2 EMA anchor update skipped at epoch 30 because momentum=1.0000 disables EMA; eligible classes per client {0: 10, 1: 10, 2: 10}
2026-04-28 01:52:39,977 - => Stage 2 Epoch 30 Training Summary: VFL loss: 0.2350, total loss: 0.1711, anchor loss: 0.1073, VFL train accuracy: 0.9178
2026-04-28 01:52:39,977 - => Test ASR...
2026-04-28 01:52:40,015 - =>Add Trigger to Test Data
2026-04-28 01:52:40,131 - Add Trigger to 9000 Poison Samples, 1000 Clean Samples (1.00)
2026-04-28 01:52:57,363 - => Test Epoch: 30, main task samples: 10000, attack samples: 10000, test loss: 0.5607, clean acc: 0.7036, Top-4: 0.9836, ASR: 0.0480, RAC: 0.7550, test target accuracy: 0.8710, stage3 final accuracy: 0.7036, stage3 final target accuracy: 0.7980, stage3 final asr: 0.0480, anchor loss: 0.1167
2026-04-28 01:52:57,364 - => Stage 3 Detection Summary: recall: 0.9518, precision: 0.7500, f1: 0.8389, false positive rate: 0.2816, correction rate: 0.7854
2026-04-28 01:52:57,365 - => Stage 3 Debug (clean): suspicious=2816/10000, correction_applied=2788, prediction_changed=2788, skipped_tied_vote=0, skipped_low_margin=0, skipped_other=28
2026-04-28 01:52:57,365 - => Stage 3 Debug (poison-valid): suspicious=8459/9000, correction_applied=8458, prediction_changed=8458, skipped_tied_vote=0, skipped_low_margin=0, skipped_other=1
2026-04-28 01:52:57,365 - => Stage 3 Debug (attack-success): suspicious=8456/8884, correction_applied=8455, prediction_changed=8455, corrected_to_true=6641
2026-04-28 01:52:57,366 - => Stage 3 Effective Support Avg: clean(all)=2.0453, clean_suspicious(false_positive)=0.8722, clean_correction_applied=0.8709, poison_valid(all)=1.0636, poison_valid_suspicious=1.0000, poison_valid_correction_applied=1.0000, attack_success(all)=1.0517, attack_success_suspicious=1.0000
2026-04-28 01:52:57,366 - => Stage 2 checkpoint score: mean(clean_acc=0.7036, recall=0.9518, correction_rate=0.7854) = 0.8136
2026-04-28 01:52:58,462 - => End Epoch: 30, early stop epochs: 2, best epoch: 28, best clean acc: 0.7072, best Top-4: 0.9832, best ASR: 0.0411, best RAC: 0.7587, anchor loss: 0.1175, best checkpoint score: 0.8177
2026-04-28 01:52:58,463 - => Stage 3 Detection Summary: recall: 0.9587, precision: 0.7521, f1: 0.8429, false positive rate: 0.2832, correction rate: 0.7871
2026-04-28 01:52:58,511 - => LFBA current anchor-derived target label: 6
2026-04-28 01:52:58,585 - =>Add Trigger to Train Data
2026-04-28 01:52:58,692 - Add Trigger to 2500 Poison Samples, 47500 Clean Samples (0.05)
2026-04-28 01:52:58,711 - => Start Training for Injecting Backdoor...
2026-04-28 01:52:59,099 - Epoch: 31, 1/196: VFL loss: 0.1893, total loss: 0.1476, anchor loss: 0.1058, VFL train accuracy: 0.9453
2026-04-28 01:53:03,059 - Epoch: 31, 11/196: VFL loss: 0.2268, total loss: 0.1671, anchor loss: 0.1074, VFL train accuracy: 0.9183
2026-04-28 01:53:06,958 - Epoch: 31, 21/196: VFL loss: 0.2244, total loss: 0.1658, anchor loss: 0.1072, VFL train accuracy: 0.9198
2026-04-28 01:53:10,828 - Epoch: 31, 31/196: VFL loss: 0.2283, total loss: 0.1679, anchor loss: 0.1074, VFL train accuracy: 0.9207
2026-04-28 01:53:14,727 - Epoch: 31, 41/196: VFL loss: 0.2302, total loss: 0.1687, anchor loss: 0.1073, VFL train accuracy: 0.9204
2026-04-28 01:53:18,597 - Epoch: 31, 51/196: VFL loss: 0.2328, total loss: 0.1700, anchor loss: 0.1073, VFL train accuracy: 0.9191
2026-04-28 01:53:22,478 - Epoch: 31, 61/196: VFL loss: 0.2355, total loss: 0.1714, anchor loss: 0.1072, VFL train accuracy: 0.9179
2026-04-28 01:53:26,379 - Epoch: 31, 71/196: VFL loss: 0.2324, total loss: 0.1696, anchor loss: 0.1068, VFL train accuracy: 0.9186
2026-04-28 01:53:30,327 - Epoch: 31, 81/196: VFL loss: 0.2288, total loss: 0.1678, anchor loss: 0.1068, VFL train accuracy: 0.9196
2026-04-28 01:53:34,226 - Epoch: 31, 91/196: VFL loss: 0.2275, total loss: 0.1671, anchor loss: 0.1067, VFL train accuracy: 0.9201
2026-04-28 01:53:38,123 - Epoch: 31, 101/196: VFL loss: 0.2285, total loss: 0.1676, anchor loss: 0.1067, VFL train accuracy: 0.9197
2026-04-28 01:53:42,009 - Epoch: 31, 111/196: VFL loss: 0.2274, total loss: 0.1671, anchor loss: 0.1067, VFL train accuracy: 0.9197
2026-04-28 01:53:45,926 - Epoch: 31, 121/196: VFL loss: 0.2272, total loss: 0.1669, anchor loss: 0.1067, VFL train accuracy: 0.9200
2026-04-28 01:53:49,794 - Epoch: 31, 131/196: VFL loss: 0.2270, total loss: 0.1669, anchor loss: 0.1068, VFL train accuracy: 0.9203
2026-04-28 01:53:53,697 - Epoch: 31, 141/196: VFL loss: 0.2279, total loss: 0.1673, anchor loss: 0.1067, VFL train accuracy: 0.9202
2026-04-28 01:53:57,595 - Epoch: 31, 151/196: VFL loss: 0.2277, total loss: 0.1672, anchor loss: 0.1067, VFL train accuracy: 0.9207
2026-04-28 01:54:01,497 - Epoch: 31, 161/196: VFL loss: 0.2282, total loss: 0.1675, anchor loss: 0.1067, VFL train accuracy: 0.9203
2026-04-28 01:54:05,437 - Epoch: 31, 171/196: VFL loss: 0.2279, total loss: 0.1672, anchor loss: 0.1066, VFL train accuracy: 0.9204
2026-04-28 01:54:09,357 - Epoch: 31, 181/196: VFL loss: 0.2275, total loss: 0.1671, anchor loss: 0.1066, VFL train accuracy: 0.9208
2026-04-28 01:54:13,302 - Epoch: 31, 191/196: VFL loss: 0.2272, total loss: 0.1669, anchor loss: 0.1065, VFL train accuracy: 0.9206
2026-04-28 01:54:15,075 - => Recorded Stage 2 client anchor losses for epoch 31 to './results/AVGuard/threeclient_full_avguard_fixed_lambda_anchor_theta_supp_sensitivity/theta_supp_0.05/CIFAR10/stage2\stage2_final_epoch_client_anchor_losses.json': {0: 0.112551, 1: 0.093501, 2: 0.113258}
2026-04-28 01:54:15,077 - => Stage 2 EMA anchor update skipped at epoch 31 because momentum=1.0000 disables EMA; eligible classes per client {0: 10, 1: 10, 2: 10}
2026-04-28 01:54:15,077 - => Stage 2 Epoch 31 Training Summary: VFL loss: 0.2268, total loss: 0.1666, anchor loss: 0.1064, VFL train accuracy: 0.9207
2026-04-28 01:54:15,078 - => Test ASR...
2026-04-28 01:54:15,114 - =>Add Trigger to Test Data
2026-04-28 01:54:15,231 - Add Trigger to 9000 Poison Samples, 1000 Clean Samples (1.00)
2026-04-28 01:54:32,480 - => Test Epoch: 31, main task samples: 10000, attack samples: 10000, test loss: 0.5724, clean acc: 0.7055, Top-4: 0.9826, ASR: 0.0419, RAC: 0.7573, test target accuracy: 0.8410, stage3 final accuracy: 0.7055, stage3 final target accuracy: 0.7780, stage3 final asr: 0.0419, anchor loss: 0.1169
2026-04-28 01:54:32,481 - => Stage 3 Detection Summary: recall: 0.9580, precision: 0.7514, f1: 0.8422, false positive rate: 0.2822, correction rate: 0.7862
2026-04-28 01:54:32,482 - => Stage 3 Debug (clean): suspicious=2822/10000, correction_applied=2799, prediction_changed=2799, skipped_tied_vote=0, skipped_low_margin=0, skipped_other=23
2026-04-28 01:54:32,482 - => Stage 3 Debug (poison-valid): suspicious=8541/9000, correction_applied=8541, prediction_changed=8541, skipped_tied_vote=0, skipped_low_margin=0, skipped_other=0
2026-04-28 01:54:32,483 - => Stage 3 Debug (attack-success): suspicious=8538/8912, correction_applied=8538, prediction_changed=8538, corrected_to_true=6713
2026-04-28 01:54:32,484 - => Stage 3 Effective Support Avg: clean(all)=2.0379, clean_suspicious(false_positive)=0.8788, clean_correction_applied=0.8778, poison_valid(all)=1.0540, poison_valid_suspicious=1.0000, poison_valid_correction_applied=1.0000, attack_success(all)=1.0450, attack_success_suspicious=1.0000
2026-04-28 01:54:32,485 - => Stage 2 checkpoint score: mean(clean_acc=0.7055, recall=0.9580, correction_rate=0.7862) = 0.8166
2026-04-28 01:54:34,536 - => End Epoch: 31, early stop epochs: 3, best epoch: 28, best clean acc: 0.7072, best Top-4: 0.9832, best ASR: 0.0411, best RAC: 0.7587, anchor loss: 0.1175, best checkpoint score: 0.8177
2026-04-28 01:54:34,537 - => Stage 3 Detection Summary: recall: 0.9587, precision: 0.7521, f1: 0.8429, false positive rate: 0.2832, correction rate: 0.7871
2026-04-28 01:54:34,590 - => LFBA current anchor-derived target label: 6
2026-04-28 01:54:34,665 - =>Add Trigger to Train Data
2026-04-28 01:54:34,772 - Add Trigger to 2500 Poison Samples, 47500 Clean Samples (0.05)
2026-04-28 01:54:34,791 - => Start Training for Injecting Backdoor...
2026-04-28 01:54:35,202 - Epoch: 32, 1/196: VFL loss: 0.2031, total loss: 0.1562, anchor loss: 0.1092, VFL train accuracy: 0.9375
2026-04-28 01:54:39,149 - Epoch: 32, 11/196: VFL loss: 0.2213, total loss: 0.1642, anchor loss: 0.1070, VFL train accuracy: 0.9205
2026-04-28 01:54:43,060 - Epoch: 32, 21/196: VFL loss: 0.2172, total loss: 0.1616, anchor loss: 0.1061, VFL train accuracy: 0.9239
2026-04-28 01:54:46,961 - Epoch: 32, 31/196: VFL loss: 0.2270, total loss: 0.1670, anchor loss: 0.1070, VFL train accuracy: 0.9219
2026-04-28 01:54:50,877 - Epoch: 32, 41/196: VFL loss: 0.2255, total loss: 0.1661, anchor loss: 0.1066, VFL train accuracy: 0.9218
2026-04-28 01:54:54,778 - Epoch: 32, 51/196: VFL loss: 0.2236, total loss: 0.1650, anchor loss: 0.1065, VFL train accuracy: 0.9222
2026-04-28 01:54:58,658 - Epoch: 32, 61/196: VFL loss: 0.2222, total loss: 0.1642, anchor loss: 0.1061, VFL train accuracy: 0.9224
2026-04-28 01:55:02,548 - Epoch: 32, 71/196: VFL loss: 0.2252, total loss: 0.1658, anchor loss: 0.1063, VFL train accuracy: 0.9216
2026-04-28 01:55:06,447 - Epoch: 32, 81/196: VFL loss: 0.2257, total loss: 0.1660, anchor loss: 0.1064, VFL train accuracy: 0.9219
2026-04-28 01:55:10,391 - Epoch: 32, 91/196: VFL loss: 0.2284, total loss: 0.1675, anchor loss: 0.1066, VFL train accuracy: 0.9211
2026-04-28 01:55:14,291 - Epoch: 32, 101/196: VFL loss: 0.2267, total loss: 0.1667, anchor loss: 0.1066, VFL train accuracy: 0.9219
2026-04-28 01:55:18,208 - Epoch: 32, 111/196: VFL loss: 0.2252, total loss: 0.1659, anchor loss: 0.1067, VFL train accuracy: 0.9224
2026-04-28 01:55:22,108 - Epoch: 32, 121/196: VFL loss: 0.2247, total loss: 0.1656, anchor loss: 0.1065, VFL train accuracy: 0.9229
2026-04-28 01:55:25,992 - Epoch: 32, 131/196: VFL loss: 0.2248, total loss: 0.1656, anchor loss: 0.1064, VFL train accuracy: 0.9230
2026-04-28 01:55:29,876 - Epoch: 32, 141/196: VFL loss: 0.2257, total loss: 0.1661, anchor loss: 0.1065, VFL train accuracy: 0.9224
2026-04-28 01:55:33,820 - Epoch: 32, 151/196: VFL loss: 0.2262, total loss: 0.1663, anchor loss: 0.1063, VFL train accuracy: 0.9219
2026-04-28 01:55:37,707 - Epoch: 32, 161/196: VFL loss: 0.2278, total loss: 0.1672, anchor loss: 0.1065, VFL train accuracy: 0.9211
2026-04-28 01:55:41,574 - Epoch: 32, 171/196: VFL loss: 0.2275, total loss: 0.1670, anchor loss: 0.1064, VFL train accuracy: 0.9213
2026-04-28 01:55:45,447 - Epoch: 32, 181/196: VFL loss: 0.2281, total loss: 0.1672, anchor loss: 0.1064, VFL train accuracy: 0.9211
2026-04-28 01:55:49,466 - Epoch: 32, 191/196: VFL loss: 0.2291, total loss: 0.1678, anchor loss: 0.1064, VFL train accuracy: 0.9210
2026-04-28 01:55:51,234 - => Recorded Stage 2 client anchor losses for epoch 32 to './results/AVGuard/threeclient_full_avguard_fixed_lambda_anchor_theta_supp_sensitivity/theta_supp_0.05/CIFAR10/stage2\stage2_final_epoch_client_anchor_losses.json': {0: 0.113034, 1: 0.093209, 2: 0.112904}
2026-04-28 01:55:51,237 - => Stage 2 EMA anchor update skipped at epoch 32 because momentum=1.0000 disables EMA; eligible classes per client {0: 10, 1: 10, 2: 10}
2026-04-28 01:55:51,238 - => Stage 2 Epoch 32 Training Summary: VFL loss: 0.2291, total loss: 0.1677, anchor loss: 0.1064, VFL train accuracy: 0.9211
2026-04-28 01:55:51,239 - => Test ASR...
2026-04-28 01:55:51,286 - =>Add Trigger to Test Data
2026-04-28 01:55:51,403 - Add Trigger to 9000 Poison Samples, 1000 Clean Samples (1.00)
2026-04-28 01:56:08,705 - => Test Epoch: 32, main task samples: 10000, attack samples: 10000, test loss: 0.5698, clean acc: 0.7080, Top-4: 0.9832, ASR: 0.0408, RAC: 0.7564, test target accuracy: 0.8350, stage3 final accuracy: 0.7080, stage3 final target accuracy: 0.7680, stage3 final asr: 0.0408, anchor loss: 0.1164
2026-04-28 01:56:08,706 - => Stage 3 Detection Summary: recall: 0.9592, precision: 0.7552, f1: 0.8450, false positive rate: 0.2762, correction rate: 0.7847
2026-04-28 01:56:08,707 - => Stage 3 Debug (clean): suspicious=2762/10000, correction_applied=2737, prediction_changed=2737, skipped_tied_vote=0, skipped_low_margin=0, skipped_other=25
2026-04-28 01:56:08,708 - => Stage 3 Debug (poison-valid): suspicious=8535/9000, correction_applied=8535, prediction_changed=8535, skipped_tied_vote=0, skipped_low_margin=0, skipped_other=0
2026-04-28 01:56:08,709 - => Stage 3 Debug (attack-success): suspicious=8531/8894, correction_applied=8531, prediction_changed=8531, corrected_to_true=6694
2026-04-28 01:56:08,709 - => Stage 3 Effective Support Avg: clean(all)=2.0516, clean_suspicious(false_positive)=0.8693, clean_correction_applied=0.8681, poison_valid(all)=1.0544, poison_valid_suspicious=1.0000, poison_valid_correction_applied=1.0000, attack_success(all)=1.0436, attack_success_suspicious=1.0000
2026-04-28 01:56:08,711 - => Stage 2 checkpoint score: mean(clean_acc=0.7080, recall=0.9592, correction_rate=0.7847) = 0.8173
2026-04-28 01:56:09,515 - => End Epoch: 32, early stop epochs: 4, best epoch: 28, best clean acc: 0.7072, best Top-4: 0.9832, best ASR: 0.0411, best RAC: 0.7587, anchor loss: 0.1175, best checkpoint score: 0.8177
2026-04-28 01:56:09,517 - => Stage 3 Detection Summary: recall: 0.9587, precision: 0.7521, f1: 0.8429, false positive rate: 0.2832, correction rate: 0.7871
2026-04-28 01:56:09,571 - => LFBA current anchor-derived target label: 6
2026-04-28 01:56:09,645 - =>Add Trigger to Train Data
2026-04-28 01:56:09,752 - Add Trigger to 2500 Poison Samples, 47500 Clean Samples (0.05)
2026-04-28 01:56:09,771 - => Start Training for Injecting Backdoor...
2026-04-28 01:56:10,178 - Epoch: 33, 1/196: VFL loss: 0.2488, total loss: 0.1787, anchor loss: 0.1086, VFL train accuracy: 0.9141
2026-04-28 01:56:14,066 - Epoch: 33, 11/196: VFL loss: 0.2132, total loss: 0.1593, anchor loss: 0.1053, VFL train accuracy: 0.9265
2026-04-28 01:56:17,937 - Epoch: 33, 21/196: VFL loss: 0.2182, total loss: 0.1624, anchor loss: 0.1065, VFL train accuracy: 0.9250
2026-04-28 01:56:21,837 - Epoch: 33, 31/196: VFL loss: 0.2270, total loss: 0.1671, anchor loss: 0.1071, VFL train accuracy: 0.9240
2026-04-28 01:56:25,702 - Epoch: 33, 41/196: VFL loss: 0.2258, total loss: 0.1663, anchor loss: 0.1068, VFL train accuracy: 0.9233
2026-04-28 01:56:29,639 - Epoch: 33, 51/196: VFL loss: 0.2281, total loss: 0.1675, anchor loss: 0.1069, VFL train accuracy: 0.9230
2026-04-28 01:56:33,551 - Epoch: 33, 61/196: VFL loss: 0.2277, total loss: 0.1672, anchor loss: 0.1067, VFL train accuracy: 0.9223
2026-04-28 01:56:37,437 - Epoch: 33, 71/196: VFL loss: 0.2247, total loss: 0.1657, anchor loss: 0.1066, VFL train accuracy: 0.9235
2026-04-28 01:56:41,308 - Epoch: 33, 81/196: VFL loss: 0.2255, total loss: 0.1660, anchor loss: 0.1065, VFL train accuracy: 0.9233
2026-04-28 01:56:45,148 - Epoch: 33, 91/196: VFL loss: 0.2263, total loss: 0.1664, anchor loss: 0.1065, VFL train accuracy: 0.9232
2026-04-28 01:56:49,048 - Epoch: 33, 101/196: VFL loss: 0.2269, total loss: 0.1667, anchor loss: 0.1066, VFL train accuracy: 0.9232
2026-04-28 01:56:52,890 - Epoch: 33, 111/196: VFL loss: 0.2272, total loss: 0.1669, anchor loss: 0.1067, VFL train accuracy: 0.9228
2026-04-28 01:56:56,707 - Epoch: 33, 121/196: VFL loss: 0.2254, total loss: 0.1660, anchor loss: 0.1066, VFL train accuracy: 0.9231
2026-04-28 01:57:00,605 - Epoch: 33, 131/196: VFL loss: 0.2245, total loss: 0.1655, anchor loss: 0.1065, VFL train accuracy: 0.9235
2026-04-28 01:57:04,477 - Epoch: 33, 141/196: VFL loss: 0.2248, total loss: 0.1656, anchor loss: 0.1065, VFL train accuracy: 0.9235
2026-04-28 01:57:08,367 - Epoch: 33, 151/196: VFL loss: 0.2246, total loss: 0.1656, anchor loss: 0.1066, VFL train accuracy: 0.9235
2026-04-28 01:57:12,246 - Epoch: 33, 161/196: VFL loss: 0.2252, total loss: 0.1659, anchor loss: 0.1067, VFL train accuracy: 0.9233
2026-04-28 01:57:16,150 - Epoch: 33, 171/196: VFL loss: 0.2246, total loss: 0.1656, anchor loss: 0.1065, VFL train accuracy: 0.9235
2026-04-28 01:57:20,068 - Epoch: 33, 181/196: VFL loss: 0.2233, total loss: 0.1649, anchor loss: 0.1064, VFL train accuracy: 0.9238
2026-04-28 01:57:23,936 - Epoch: 33, 191/196: VFL loss: 0.2231, total loss: 0.1648, anchor loss: 0.1064, VFL train accuracy: 0.9238
2026-04-28 01:57:25,720 - => Recorded Stage 2 client anchor losses for epoch 33 to './results/AVGuard/threeclient_full_avguard_fixed_lambda_anchor_theta_supp_sensitivity/theta_supp_0.05/CIFAR10/stage2\stage2_final_epoch_client_anchor_losses.json': {0: 0.112898, 1: 0.093265, 2: 0.113179}
2026-04-28 01:57:25,722 - => Stage 2 EMA anchor update skipped at epoch 33 because momentum=1.0000 disables EMA; eligible classes per client {0: 10, 1: 10, 2: 10}
2026-04-28 01:57:25,723 - => Stage 2 Epoch 33 Training Summary: VFL loss: 0.2232, total loss: 0.1648, anchor loss: 0.1064, VFL train accuracy: 0.9237
2026-04-28 01:57:25,724 - => Test ASR...
2026-04-28 01:57:25,770 - =>Add Trigger to Test Data
2026-04-28 01:57:25,887 - Add Trigger to 9000 Poison Samples, 1000 Clean Samples (1.00)
2026-04-28 01:57:43,174 - => Test Epoch: 33, main task samples: 10000, attack samples: 10000, test loss: 0.5780, clean acc: 0.7073, Top-4: 0.9831, ASR: 0.0429, RAC: 0.7554, test target accuracy: 0.8410, stage3 final accuracy: 0.7073, stage3 final target accuracy: 0.7640, stage3 final asr: 0.0429, anchor loss: 0.1167
2026-04-28 01:57:43,175 - => Stage 3 Detection Summary: recall: 0.9570, precision: 0.7551, f1: 0.8441, false positive rate: 0.2759, correction rate: 0.7858
2026-04-28 01:57:43,176 - => Stage 3 Debug (clean): suspicious=2759/10000, correction_applied=2734, prediction_changed=2734, skipped_tied_vote=0, skipped_low_margin=0, skipped_other=25
2026-04-28 01:57:43,177 - => Stage 3 Debug (poison-valid): suspicious=8520/9000, correction_applied=8520, prediction_changed=8520, skipped_tied_vote=0, skipped_low_margin=0, skipped_other=0
2026-04-28 01:57:43,177 - => Stage 3 Debug (attack-success): suspicious=8517/8900, correction_applied=8517, prediction_changed=8517, corrected_to_true=6693
2026-04-28 01:57:43,178 - => Stage 3 Effective Support Avg: clean(all)=2.0518, clean_suspicious(false_positive)=0.8728, clean_correction_applied=0.8720, poison_valid(all)=1.0568, poison_valid_suspicious=1.0000, poison_valid_correction_applied=1.0000, attack_success(all)=1.0465, attack_success_suspicious=1.0000
2026-04-28 01:57:43,179 - => Stage 2 checkpoint score: mean(clean_acc=0.7073, recall=0.9570, correction_rate=0.7858) = 0.8167
2026-04-28 01:57:44,023 - => End Epoch: 33, early stop epochs: 5, best epoch: 28, best clean acc: 0.7072, best Top-4: 0.9832, best ASR: 0.0411, best RAC: 0.7587, anchor loss: 0.1175, best checkpoint score: 0.8177
2026-04-28 01:57:44,024 - => Stage 3 Detection Summary: recall: 0.9587, precision: 0.7521, f1: 0.8429, false positive rate: 0.2832, correction rate: 0.7871
2026-04-28 01:57:44,083 - => LFBA current anchor-derived target label: 6
2026-04-28 01:57:44,158 - =>Add Trigger to Train Data
2026-04-28 01:57:44,265 - Add Trigger to 2500 Poison Samples, 47500 Clean Samples (0.05)
2026-04-28 01:57:44,284 - => Start Training for Injecting Backdoor...
2026-04-28 01:57:44,674 - Epoch: 34, 1/196: VFL loss: 0.2528, total loss: 0.1773, anchor loss: 0.1019, VFL train accuracy: 0.9102
2026-04-28 01:57:48,599 - Epoch: 34, 11/196: VFL loss: 0.2200, total loss: 0.1632, anchor loss: 0.1064, VFL train accuracy: 0.9251
2026-04-28 01:57:52,529 - Epoch: 34, 21/196: VFL loss: 0.2213, total loss: 0.1639, anchor loss: 0.1066, VFL train accuracy: 0.9250
2026-04-28 01:57:56,498 - Epoch: 34, 31/196: VFL loss: 0.2173, total loss: 0.1619, anchor loss: 0.1065, VFL train accuracy: 0.9248
2026-04-28 01:58:00,364 - Epoch: 34, 41/196: VFL loss: 0.2139, total loss: 0.1598, anchor loss: 0.1057, VFL train accuracy: 0.9263
2026-04-28 01:58:04,258 - Epoch: 34, 51/196: VFL loss: 0.2140, total loss: 0.1597, anchor loss: 0.1054, VFL train accuracy: 0.9257
2026-04-28 01:58:08,159 - Epoch: 34, 61/196: VFL loss: 0.2157, total loss: 0.1605, anchor loss: 0.1054, VFL train accuracy: 0.9257
2026-04-28 01:58:12,071 - Epoch: 34, 71/196: VFL loss: 0.2181, total loss: 0.1618, anchor loss: 0.1056, VFL train accuracy: 0.9254
2026-04-28 01:58:15,988 - Epoch: 34, 81/196: VFL loss: 0.2192, total loss: 0.1625, anchor loss: 0.1058, VFL train accuracy: 0.9247
2026-04-28 01:58:19,868 - Epoch: 34, 91/196: VFL loss: 0.2192, total loss: 0.1625, anchor loss: 0.1058, VFL train accuracy: 0.9248
2026-04-28 01:58:23,758 - Epoch: 34, 101/196: VFL loss: 0.2199, total loss: 0.1628, anchor loss: 0.1058, VFL train accuracy: 0.9250
2026-04-28 01:58:27,688 - Epoch: 34, 111/196: VFL loss: 0.2213, total loss: 0.1636, anchor loss: 0.1059, VFL train accuracy: 0.9248
2026-04-28 01:58:31,587 - Epoch: 34, 121/196: VFL loss: 0.2219, total loss: 0.1640, anchor loss: 0.1062, VFL train accuracy: 0.9245
2026-04-28 01:58:35,518 - Epoch: 34, 131/196: VFL loss: 0.2219, total loss: 0.1640, anchor loss: 0.1062, VFL train accuracy: 0.9241
2026-04-28 01:58:39,449 - Epoch: 34, 141/196: VFL loss: 0.2222, total loss: 0.1642, anchor loss: 0.1061, VFL train accuracy: 0.9241
2026-04-28 01:58:43,378 - Epoch: 34, 151/196: VFL loss: 0.2235, total loss: 0.1649, anchor loss: 0.1062, VFL train accuracy: 0.9236
2026-04-28 01:58:47,291 - Epoch: 34, 161/196: VFL loss: 0.2224, total loss: 0.1642, anchor loss: 0.1061, VFL train accuracy: 0.9240
2026-04-28 01:58:51,208 - Epoch: 34, 171/196: VFL loss: 0.2227, total loss: 0.1644, anchor loss: 0.1061, VFL train accuracy: 0.9239
2026-04-28 01:58:55,088 - Epoch: 34, 181/196: VFL loss: 0.2218, total loss: 0.1639, anchor loss: 0.1060, VFL train accuracy: 0.9240
2026-04-28 01:58:59,009 - Epoch: 34, 191/196: VFL loss: 0.2223, total loss: 0.1641, anchor loss: 0.1059, VFL train accuracy: 0.9238
2026-04-28 01:59:00,846 - => Recorded Stage 2 client anchor losses for epoch 34 to './results/AVGuard/threeclient_full_avguard_fixed_lambda_anchor_theta_supp_sensitivity/theta_supp_0.05/CIFAR10/stage2\stage2_final_epoch_client_anchor_losses.json': {0: 0.112615, 1: 0.092469, 2: 0.112855}
2026-04-28 01:59:00,847 - => Stage 2 EMA anchor update skipped at epoch 34 because momentum=1.0000 disables EMA; eligible classes per client {0: 10, 1: 10, 2: 10}
2026-04-28 01:59:00,848 - => Stage 2 Epoch 34 Training Summary: VFL loss: 0.2223, total loss: 0.1641, anchor loss: 0.1060, VFL train accuracy: 0.9242
2026-04-28 01:59:00,848 - => Test ASR...
2026-04-28 01:59:00,892 - =>Add Trigger to Test Data
2026-04-28 01:59:01,008 - Add Trigger to 9000 Poison Samples, 1000 Clean Samples (1.00)
2026-04-28 01:59:18,255 - => Test Epoch: 34, main task samples: 10000, attack samples: 10000, test loss: 0.5759, clean acc: 0.7114, Top-4: 0.9837, ASR: 0.0414, RAC: 0.7568, test target accuracy: 0.8390, stage3 final accuracy: 0.7114, stage3 final target accuracy: 0.7680, stage3 final asr: 0.0414, anchor loss: 0.1160
2026-04-28 01:59:18,256 - => Stage 3 Detection Summary: recall: 0.9583, precision: 0.7532, f1: 0.8435, false positive rate: 0.2754, correction rate: 0.7835
2026-04-28 01:59:18,256 - => Stage 3 Debug (clean): suspicious=2754/10000, correction_applied=2736, prediction_changed=2736, skipped_tied_vote=0, skipped_low_margin=0, skipped_other=18
2026-04-28 01:59:18,256 - => Stage 3 Debug (poison-valid): suspicious=8430/9000, correction_applied=8430, prediction_changed=8430, skipped_tied_vote=0, skipped_low_margin=0, skipped_other=0
2026-04-28 01:59:18,256 - => Stage 3 Debug (attack-success): suspicious=8424/8791, correction_applied=8424, prediction_changed=8424, corrected_to_true=6600
2026-04-28 01:59:18,257 - => Stage 3 Effective Support Avg: clean(all)=2.0531, clean_suspicious(false_positive)=0.8725, clean_correction_applied=0.8717, poison_valid(all)=1.0662, poison_valid_suspicious=1.0000, poison_valid_correction_applied=1.0000, attack_success(all)=1.0447, attack_success_suspicious=1.0000
2026-04-28 01:59:18,257 - => Stage 2 checkpoint score: mean(clean_acc=0.7114, recall=0.9583, correction_rate=0.7835) = 0.8177
2026-04-28 01:59:18,257 - => Save best checkpoint model...
2026-04-28 01:59:21,037 - => End Epoch: 34, early stop epochs: 0, best epoch: 34, best clean acc: 0.7114, best Top-4: 0.9837, best ASR: 0.0414, best RAC: 0.7568, anchor loss: 0.1160, best checkpoint score: 0.8177
2026-04-28 01:59:21,039 - => Stage 3 Detection Summary: recall: 0.9583, precision: 0.7532, f1: 0.8435, false positive rate: 0.2754, correction rate: 0.7835
2026-04-28 01:59:21,091 - => LFBA current anchor-derived target label: 6
2026-04-28 01:59:21,165 - =>Add Trigger to Train Data
2026-04-28 01:59:21,272 - Add Trigger to 2500 Poison Samples, 47500 Clean Samples (0.05)
2026-04-28 01:59:21,291 - => Start Training for Injecting Backdoor...
2026-04-28 01:59:21,701 - Epoch: 35, 1/196: VFL loss: 0.2884, total loss: 0.2019, anchor loss: 0.1153, VFL train accuracy: 0.8945
2026-04-28 01:59:25,617 - Epoch: 35, 11/196: VFL loss: 0.2158, total loss: 0.1601, anchor loss: 0.1045, VFL train accuracy: 0.9229
2026-04-28 01:59:29,488 - Epoch: 35, 21/196: VFL loss: 0.2144, total loss: 0.1597, anchor loss: 0.1050, VFL train accuracy: 0.9260
2026-04-28 01:59:33,389 - Epoch: 35, 31/196: VFL loss: 0.2115, total loss: 0.1579, anchor loss: 0.1044, VFL train accuracy: 0.9282
2026-04-28 01:59:37,228 - Epoch: 35, 41/196: VFL loss: 0.2062, total loss: 0.1551, anchor loss: 0.1041, VFL train accuracy: 0.9296
2026-04-28 01:59:41,112 - Epoch: 35, 51/196: VFL loss: 0.2071, total loss: 0.1555, anchor loss: 0.1040, VFL train accuracy: 0.9298
2026-04-28 01:59:45,028 - Epoch: 35, 61/196: VFL loss: 0.2110, total loss: 0.1578, anchor loss: 0.1046, VFL train accuracy: 0.9278
2026-04-28 01:59:48,909 - Epoch: 35, 71/196: VFL loss: 0.2098, total loss: 0.1572, anchor loss: 0.1046, VFL train accuracy: 0.9279
2026-04-28 01:59:52,828 - Epoch: 35, 81/196: VFL loss: 0.2122, total loss: 0.1585, anchor loss: 0.1048, VFL train accuracy: 0.9271
2026-04-28 01:59:56,678 - Epoch: 35, 91/196: VFL loss: 0.2134, total loss: 0.1590, anchor loss: 0.1046, VFL train accuracy: 0.9268
2026-04-28 02:00:00,597 - Epoch: 35, 101/196: VFL loss: 0.2148, total loss: 0.1598, anchor loss: 0.1048, VFL train accuracy: 0.9262
2026-04-28 02:00:04,441 - Epoch: 35, 111/196: VFL loss: 0.2159, total loss: 0.1603, anchor loss: 0.1047, VFL train accuracy: 0.9258
2026-04-28 02:00:08,337 - Epoch: 35, 121/196: VFL loss: 0.2158, total loss: 0.1602, anchor loss: 0.1047, VFL train accuracy: 0.9261
2026-04-28 02:00:12,208 - Epoch: 35, 131/196: VFL loss: 0.2159, total loss: 0.1604, anchor loss: 0.1049, VFL train accuracy: 0.9258
2026-04-28 02:00:16,108 - Epoch: 35, 141/196: VFL loss: 0.2152, total loss: 0.1600, anchor loss: 0.1049, VFL train accuracy: 0.9262
2026-04-28 02:00:19,982 - Epoch: 35, 151/196: VFL loss: 0.2163, total loss: 0.1607, anchor loss: 0.1051, VFL train accuracy: 0.9258
2026-04-28 02:00:23,908 - Epoch: 35, 161/196: VFL loss: 0.2160, total loss: 0.1606, anchor loss: 0.1052, VFL train accuracy: 0.9255
2026-04-28 02:00:27,807 - Epoch: 35, 171/196: VFL loss: 0.2165, total loss: 0.1609, anchor loss: 0.1053, VFL train accuracy: 0.9251
2026-04-28 02:00:31,678 - Epoch: 35, 181/196: VFL loss: 0.2172, total loss: 0.1613, anchor loss: 0.1053, VFL train accuracy: 0.9247
2026-04-28 02:00:35,592 - Epoch: 35, 191/196: VFL loss: 0.2171, total loss: 0.1613, anchor loss: 0.1055, VFL train accuracy: 0.9248
2026-04-28 02:00:37,369 - => Recorded Stage 2 client anchor losses for epoch 35 to './results/AVGuard/threeclient_full_avguard_fixed_lambda_anchor_theta_supp_sensitivity/theta_supp_0.05/CIFAR10/stage2\stage2_final_epoch_client_anchor_losses.json': {0: 0.111573, 1: 0.092284, 2: 0.11262}
2026-04-28 02:00:37,372 - => Stage 2 EMA anchor update skipped at epoch 35 because momentum=1.0000 disables EMA; eligible classes per client {0: 10, 1: 10, 2: 10}
2026-04-28 02:00:37,372 - => Stage 2 Epoch 35 Training Summary: VFL loss: 0.2176, total loss: 0.1615, anchor loss: 0.1055, VFL train accuracy: 0.9245
2026-04-28 02:00:37,373 - => Test ASR...
2026-04-28 02:00:37,423 - =>Add Trigger to Test Data
2026-04-28 02:00:37,542 - Add Trigger to 9000 Poison Samples, 1000 Clean Samples (1.00)
2026-04-28 02:00:55,185 - => Test Epoch: 35, main task samples: 10000, attack samples: 10000, test loss: 0.5839, clean acc: 0.7082, Top-4: 0.9825, ASR: 0.0467, RAC: 0.7521, test target accuracy: 0.8590, stage3 final accuracy: 0.7082, stage3 final target accuracy: 0.7710, stage3 final asr: 0.0467, anchor loss: 0.1161
2026-04-28 02:00:55,186 - => Stage 3 Detection Summary: recall: 0.9528, precision: 0.7490, f1: 0.8387, false positive rate: 0.2781, correction rate: 0.7804
2026-04-28 02:00:55,187 - => Stage 3 Debug (clean): suspicious=2781/10000, correction_applied=2763, prediction_changed=2763, skipped_tied_vote=0, skipped_low_margin=0, skipped_other=18
2026-04-28 02:00:55,187 - => Stage 3 Debug (poison-valid): suspicious=8332/9000, correction_applied=8332, prediction_changed=8332, skipped_tied_vote=0, skipped_low_margin=0, skipped_other=0
2026-04-28 02:00:55,189 - => Stage 3 Debug (attack-success): suspicious=8324/8736, correction_applied=8324, prediction_changed=8324, corrected_to_true=6496
2026-04-28 02:00:55,189 - => Stage 3 Effective Support Avg: clean(all)=2.0482, clean_suspicious(false_positive)=0.8702, clean_correction_applied=0.8697, poison_valid(all)=1.0776, poison_valid_suspicious=1.0000, poison_valid_correction_applied=1.0000, attack_success(all)=1.0506, attack_success_suspicious=1.0000
2026-04-28 02:00:55,191 - => Stage 2 checkpoint score: mean(clean_acc=0.7082, recall=0.9528, correction_rate=0.7804) = 0.8138
2026-04-28 02:00:56,050 - => End Epoch: 35, early stop epochs: 1, best epoch: 34, best clean acc: 0.7114, best Top-4: 0.9837, best ASR: 0.0414, best RAC: 0.7568, anchor loss: 0.1160, best checkpoint score: 0.8177
2026-04-28 02:00:56,052 - => Stage 3 Detection Summary: recall: 0.9583, precision: 0.7532, f1: 0.8435, false positive rate: 0.2754, correction rate: 0.7835
2026-04-28 02:00:56,112 - => LFBA current anchor-derived target label: 6
2026-04-28 02:00:56,188 - =>Add Trigger to Train Data
2026-04-28 02:00:56,296 - Add Trigger to 2500 Poison Samples, 47500 Clean Samples (0.05)
2026-04-28 02:00:56,321 - => Start Training for Injecting Backdoor...
2026-04-28 02:00:56,739 - Epoch: 36, 1/196: VFL loss: 0.2327, total loss: 0.1716, anchor loss: 0.1104, VFL train accuracy: 0.9180
2026-04-28 02:01:00,760 - Epoch: 36, 11/196: VFL loss: 0.2162, total loss: 0.1611, anchor loss: 0.1060, VFL train accuracy: 0.9208
2026-04-28 02:01:04,661 - Epoch: 36, 21/196: VFL loss: 0.2091, total loss: 0.1573, anchor loss: 0.1055, VFL train accuracy: 0.9247
2026-04-28 02:01:08,608 - Epoch: 36, 31/196: VFL loss: 0.2067, total loss: 0.1558, anchor loss: 0.1050, VFL train accuracy: 0.9258
2026-04-28 02:01:12,477 - Epoch: 36, 41/196: VFL loss: 0.2074, total loss: 0.1561, anchor loss: 0.1047, VFL train accuracy: 0.9252
2026-04-28 02:01:16,378 - Epoch: 36, 51/196: VFL loss: 0.2078, total loss: 0.1562, anchor loss: 0.1046, VFL train accuracy: 0.9250
2026-04-28 02:01:20,273 - Epoch: 36, 61/196: VFL loss: 0.2094, total loss: 0.1570, anchor loss: 0.1047, VFL train accuracy: 0.9249
2026-04-28 02:01:24,175 - Epoch: 36, 71/196: VFL loss: 0.2087, total loss: 0.1568, anchor loss: 0.1048, VFL train accuracy: 0.9259
2026-04-28 02:01:28,061 - Epoch: 36, 81/196: VFL loss: 0.2105, total loss: 0.1577, anchor loss: 0.1049, VFL train accuracy: 0.9259
2026-04-28 02:01:31,975 - Epoch: 36, 91/196: VFL loss: 0.2104, total loss: 0.1577, anchor loss: 0.1051, VFL train accuracy: 0.9257
2026-04-28 02:01:35,879 - Epoch: 36, 101/196: VFL loss: 0.2089, total loss: 0.1570, anchor loss: 0.1051, VFL train accuracy: 0.9266
2026-04-28 02:01:39,777 - Epoch: 36, 111/196: VFL loss: 0.2069, total loss: 0.1560, anchor loss: 0.1051, VFL train accuracy: 0.9272
2026-04-28 02:01:43,570 - Epoch: 36, 121/196: VFL loss: 0.2077, total loss: 0.1564, anchor loss: 0.1050, VFL train accuracy: 0.9266
2026-04-28 02:01:47,456 - Epoch: 36, 131/196: VFL loss: 0.2087, total loss: 0.1569, anchor loss: 0.1050, VFL train accuracy: 0.9263
2026-04-28 02:01:51,388 - Epoch: 36, 141/196: VFL loss: 0.2086, total loss: 0.1569, anchor loss: 0.1051, VFL train accuracy: 0.9266
2026-04-28 02:01:55,254 - Epoch: 36, 151/196: VFL loss: 0.2080, total loss: 0.1565, anchor loss: 0.1050, VFL train accuracy: 0.9267
2026-04-28 02:01:59,092 - Epoch: 36, 161/196: VFL loss: 0.2093, total loss: 0.1572, anchor loss: 0.1050, VFL train accuracy: 0.9265
2026-04-28 02:02:03,113 - Epoch: 36, 171/196: VFL loss: 0.2100, total loss: 0.1575, anchor loss: 0.1050, VFL train accuracy: 0.9260
2026-04-28 02:02:06,955 - Epoch: 36, 181/196: VFL loss: 0.2097, total loss: 0.1573, anchor loss: 0.1050, VFL train accuracy: 0.9260
2026-04-28 02:02:10,825 - Epoch: 36, 191/196: VFL loss: 0.2099, total loss: 0.1574, anchor loss: 0.1049, VFL train accuracy: 0.9261
2026-04-28 02:02:12,610 - => Recorded Stage 2 client anchor losses for epoch 36 to './results/AVGuard/threeclient_full_avguard_fixed_lambda_anchor_theta_supp_sensitivity/theta_supp_0.05/CIFAR10/stage2\stage2_final_epoch_client_anchor_losses.json': {0: 0.111158, 1: 0.091336, 2: 0.112074}
2026-04-28 02:02:12,613 - => Stage 2 EMA anchor update skipped at epoch 36 because momentum=1.0000 disables EMA; eligible classes per client {0: 10, 1: 10, 2: 10}
2026-04-28 02:02:12,614 - => Stage 2 Epoch 36 Training Summary: VFL loss: 0.2097, total loss: 0.1573, anchor loss: 0.1049, VFL train accuracy: 0.9262
2026-04-28 02:02:12,615 - => Test ASR...
2026-04-28 02:02:12,661 - =>Add Trigger to Test Data
2026-04-28 02:02:12,779 - Add Trigger to 9000 Poison Samples, 1000 Clean Samples (1.00)
2026-04-28 02:02:29,999 - => Test Epoch: 36, main task samples: 10000, attack samples: 10000, test loss: 0.5816, clean acc: 0.7109, Top-4: 0.9831, ASR: 0.0439, RAC: 0.7575, test target accuracy: 0.8560, stage3 final accuracy: 0.7109, stage3 final target accuracy: 0.7910, stage3 final asr: 0.0439, anchor loss: 0.1156
2026-04-28 02:02:30,000 - => Stage 3 Detection Summary: recall: 0.9559, precision: 0.7549, f1: 0.8436, false positive rate: 0.2764, correction rate: 0.7862
2026-04-28 02:02:30,000 - => Stage 3 Debug (clean): suspicious=2764/10000, correction_applied=2744, prediction_changed=2744, skipped_tied_vote=0, skipped_low_margin=0, skipped_other=20
2026-04-28 02:02:30,001 - => Stage 3 Debug (poison-valid): suspicious=8521/9000, correction_applied=8521, prediction_changed=8521, skipped_tied_vote=0, skipped_low_margin=0, skipped_other=0
2026-04-28 02:02:30,001 - => Stage 3 Debug (attack-success): suspicious=8519/8912, correction_applied=8519, prediction_changed=8519, corrected_to_true=6698
2026-04-28 02:02:30,001 - => Stage 3 Effective Support Avg: clean(all)=2.0543, clean_suspicious(false_positive)=0.8705, clean_correction_applied=0.8695, poison_valid(all)=1.0558, poison_valid_suspicious=1.0000, poison_valid_correction_applied=1.0000, attack_success(all)=1.0467, attack_success_suspicious=1.0000
2026-04-28 02:02:30,002 - => Stage 2 checkpoint score: mean(clean_acc=0.7109, recall=0.9559, correction_rate=0.7862) = 0.8177
2026-04-28 02:02:30,781 - => End Epoch: 36, early stop epochs: 2, best epoch: 34, best clean acc: 0.7114, best Top-4: 0.9837, best ASR: 0.0414, best RAC: 0.7568, anchor loss: 0.1160, best checkpoint score: 0.8177
2026-04-28 02:02:30,782 - => Stage 3 Detection Summary: recall: 0.9583, precision: 0.7532, f1: 0.8435, false positive rate: 0.2754, correction rate: 0.7835
2026-04-28 02:02:30,831 - => LFBA current anchor-derived target label: 6
2026-04-28 02:02:30,906 - =>Add Trigger to Train Data
2026-04-28 02:02:31,015 - Add Trigger to 2500 Poison Samples, 47500 Clean Samples (0.05)
2026-04-28 02:02:31,034 - => Start Training for Injecting Backdoor...
2026-04-28 02:02:31,416 - Epoch: 37, 1/196: VFL loss: 0.1925, total loss: 0.1489, anchor loss: 0.1052, VFL train accuracy: 0.9375
2026-04-28 02:02:35,278 - Epoch: 37, 11/196: VFL loss: 0.2104, total loss: 0.1572, anchor loss: 0.1040, VFL train accuracy: 0.9272
2026-04-28 02:02:39,188 - Epoch: 37, 21/196: VFL loss: 0.2107, total loss: 0.1577, anchor loss: 0.1046, VFL train accuracy: 0.9282
2026-04-28 02:02:43,068 - Epoch: 37, 31/196: VFL loss: 0.2049, total loss: 0.1543, anchor loss: 0.1036, VFL train accuracy: 0.9298
2026-04-28 02:02:46,989 - Epoch: 37, 41/196: VFL loss: 0.2062, total loss: 0.1552, anchor loss: 0.1043, VFL train accuracy: 0.9295
2026-04-28 02:02:50,905 - Epoch: 37, 51/196: VFL loss: 0.2015, total loss: 0.1527, anchor loss: 0.1040, VFL train accuracy: 0.9316
2026-04-28 02:02:54,750 - Epoch: 37, 61/196: VFL loss: 0.2016, total loss: 0.1529, anchor loss: 0.1042, VFL train accuracy: 0.9304
2026-04-28 02:02:58,602 - Epoch: 37, 71/196: VFL loss: 0.2054, total loss: 0.1551, anchor loss: 0.1047, VFL train accuracy: 0.9294
2026-04-28 02:03:02,466 - Epoch: 37, 81/196: VFL loss: 0.2039, total loss: 0.1542, anchor loss: 0.1046, VFL train accuracy: 0.9306
2026-04-28 02:03:06,343 - Epoch: 37, 91/196: VFL loss: 0.2043, total loss: 0.1543, anchor loss: 0.1044, VFL train accuracy: 0.9299
2026-04-28 02:03:10,242 - Epoch: 37, 101/196: VFL loss: 0.2049, total loss: 0.1546, anchor loss: 0.1043, VFL train accuracy: 0.9296
2026-04-28 02:03:14,156 - Epoch: 37, 111/196: VFL loss: 0.2038, total loss: 0.1540, anchor loss: 0.1042, VFL train accuracy: 0.9301
2026-04-28 02:03:18,053 - Epoch: 37, 121/196: VFL loss: 0.2037, total loss: 0.1540, anchor loss: 0.1042, VFL train accuracy: 0.9299
2026-04-28 02:03:22,013 - Epoch: 37, 131/196: VFL loss: 0.2046, total loss: 0.1545, anchor loss: 0.1043, VFL train accuracy: 0.9296
2026-04-28 02:03:25,859 - Epoch: 37, 141/196: VFL loss: 0.2066, total loss: 0.1555, anchor loss: 0.1045, VFL train accuracy: 0.9289
2026-04-28 02:03:29,752 - Epoch: 37, 151/196: VFL loss: 0.2052, total loss: 0.1549, anchor loss: 0.1045, VFL train accuracy: 0.9295
2026-04-28 02:03:33,596 - Epoch: 37, 161/196: VFL loss: 0.2072, total loss: 0.1559, anchor loss: 0.1046, VFL train accuracy: 0.9289
2026-04-28 02:03:37,509 - Epoch: 37, 171/196: VFL loss: 0.2082, total loss: 0.1564, anchor loss: 0.1046, VFL train accuracy: 0.9285
2026-04-28 02:03:41,412 - Epoch: 37, 181/196: VFL loss: 0.2085, total loss: 0.1566, anchor loss: 0.1047, VFL train accuracy: 0.9283
2026-04-28 02:03:45,339 - Epoch: 37, 191/196: VFL loss: 0.2077, total loss: 0.1562, anchor loss: 0.1047, VFL train accuracy: 0.9287
2026-04-28 02:03:47,122 - => Recorded Stage 2 client anchor losses for epoch 37 to './results/AVGuard/threeclient_full_avguard_fixed_lambda_anchor_theta_supp_sensitivity/theta_supp_0.05/CIFAR10/stage2\stage2_final_epoch_client_anchor_losses.json': {0: 0.110417, 1: 0.091447, 2: 0.112352}
2026-04-28 02:03:47,126 - => Stage 2 EMA anchor update skipped at epoch 37 because momentum=1.0000 disables EMA; eligible classes per client {0: 10, 1: 10, 2: 10}
2026-04-28 02:03:47,126 - => Stage 2 Epoch 37 Training Summary: VFL loss: 0.2078, total loss: 0.1563, anchor loss: 0.1047, VFL train accuracy: 0.9284
2026-04-28 02:03:47,127 - => Test ASR...
2026-04-28 02:03:47,168 - =>Add Trigger to Test Data
2026-04-28 02:03:47,285 - Add Trigger to 9000 Poison Samples, 1000 Clean Samples (1.00)
2026-04-28 02:04:04,555 - => Test Epoch: 37, main task samples: 10000, attack samples: 10000, test loss: 0.5976, clean acc: 0.7074, Top-4: 0.9824, ASR: 0.0453, RAC: 0.7545, test target accuracy: 0.8600, stage3 final accuracy: 0.7074, stage3 final target accuracy: 0.7790, stage3 final asr: 0.0453, anchor loss: 0.1158
2026-04-28 02:04:04,556 - => Stage 3 Detection Summary: recall: 0.9547, precision: 0.7530, f1: 0.8420, false positive rate: 0.2765, correction rate: 0.7841
2026-04-28 02:04:04,556 - => Stage 3 Debug (clean): suspicious=2765/10000, correction_applied=2738, prediction_changed=2738, skipped_tied_vote=0, skipped_low_margin=0, skipped_other=27
2026-04-28 02:04:04,557 - => Stage 3 Debug (poison-valid): suspicious=8459/9000, correction_applied=8459, prediction_changed=8459, skipped_tied_vote=0, skipped_low_margin=0, skipped_other=0
2026-04-28 02:04:04,557 - => Stage 3 Debug (attack-success): suspicious=8452/8853, correction_applied=8452, prediction_changed=8452, corrected_to_true=6627
2026-04-28 02:04:04,558 - => Stage 3 Effective Support Avg: clean(all)=2.0562, clean_suspicious(false_positive)=0.8741, clean_correction_applied=0.8733, poison_valid(all)=1.0634, poison_valid_suspicious=1.0000, poison_valid_correction_applied=1.0000, attack_success(all)=1.0487, attack_success_suspicious=1.0000
2026-04-28 02:04:04,558 - => Stage 2 checkpoint score: mean(clean_acc=0.7074, recall=0.9547, correction_rate=0.7841) = 0.8154
2026-04-28 02:04:05,364 - => End Epoch: 37, early stop epochs: 3, best epoch: 34, best clean acc: 0.7114, best Top-4: 0.9837, best ASR: 0.0414, best RAC: 0.7568, anchor loss: 0.1160, best checkpoint score: 0.8177
2026-04-28 02:04:05,365 - => Stage 3 Detection Summary: recall: 0.9583, precision: 0.7532, f1: 0.8435, false positive rate: 0.2754, correction rate: 0.7835
2026-04-28 02:04:05,412 - => LFBA current anchor-derived target label: 6
2026-04-28 02:04:05,487 - =>Add Trigger to Train Data
2026-04-28 02:04:05,594 - Add Trigger to 2500 Poison Samples, 47500 Clean Samples (0.05)
2026-04-28 02:04:05,613 - => Start Training for Injecting Backdoor...
2026-04-28 02:04:06,003 - Epoch: 38, 1/196: VFL loss: 0.2571, total loss: 0.1810, anchor loss: 0.1049, VFL train accuracy: 0.9180
2026-04-28 02:04:09,927 - Epoch: 38, 11/196: VFL loss: 0.2163, total loss: 0.1611, anchor loss: 0.1060, VFL train accuracy: 0.9229
2026-04-28 02:04:13,807 - Epoch: 38, 21/196: VFL loss: 0.2087, total loss: 0.1574, anchor loss: 0.1060, VFL train accuracy: 0.9288
2026-04-28 02:04:17,757 - Epoch: 38, 31/196: VFL loss: 0.2025, total loss: 0.1538, anchor loss: 0.1050, VFL train accuracy: 0.9311
2026-04-28 02:04:21,688 - Epoch: 38, 41/196: VFL loss: 0.1995, total loss: 0.1521, anchor loss: 0.1046, VFL train accuracy: 0.9318
2026-04-28 02:04:25,557 - Epoch: 38, 51/196: VFL loss: 0.1998, total loss: 0.1522, anchor loss: 0.1046, VFL train accuracy: 0.9318
2026-04-28 02:04:29,471 - Epoch: 38, 61/196: VFL loss: 0.1997, total loss: 0.1521, anchor loss: 0.1044, VFL train accuracy: 0.9312
2026-04-28 02:04:33,401 - Epoch: 38, 71/196: VFL loss: 0.1995, total loss: 0.1520, anchor loss: 0.1046, VFL train accuracy: 0.9317
2026-04-28 02:04:37,302 - Epoch: 38, 81/196: VFL loss: 0.2009, total loss: 0.1526, anchor loss: 0.1044, VFL train accuracy: 0.9309
2026-04-28 02:04:41,218 - Epoch: 38, 91/196: VFL loss: 0.2012, total loss: 0.1528, anchor loss: 0.1044, VFL train accuracy: 0.9304
2026-04-28 02:04:45,148 - Epoch: 38, 101/196: VFL loss: 0.2010, total loss: 0.1526, anchor loss: 0.1042, VFL train accuracy: 0.9305
2026-04-28 02:04:49,029 - Epoch: 38, 111/196: VFL loss: 0.2023, total loss: 0.1533, anchor loss: 0.1043, VFL train accuracy: 0.9299
2026-04-28 02:04:52,948 - Epoch: 38, 121/196: VFL loss: 0.2031, total loss: 0.1537, anchor loss: 0.1044, VFL train accuracy: 0.9298
2026-04-28 02:04:56,828 - Epoch: 38, 131/196: VFL loss: 0.2044, total loss: 0.1545, anchor loss: 0.1045, VFL train accuracy: 0.9294
2026-04-28 02:05:00,747 - Epoch: 38, 141/196: VFL loss: 0.2048, total loss: 0.1547, anchor loss: 0.1045, VFL train accuracy: 0.9292
2026-04-28 02:05:04,644 - Epoch: 38, 151/196: VFL loss: 0.2061, total loss: 0.1554, anchor loss: 0.1047, VFL train accuracy: 0.9284
2026-04-28 02:05:08,498 - Epoch: 38, 161/196: VFL loss: 0.2082, total loss: 0.1565, anchor loss: 0.1048, VFL train accuracy: 0.9278
2026-04-28 02:05:12,418 - Epoch: 38, 171/196: VFL loss: 0.2101, total loss: 0.1574, anchor loss: 0.1048, VFL train accuracy: 0.9272
2026-04-28 02:05:16,315 - Epoch: 38, 181/196: VFL loss: 0.2092, total loss: 0.1570, anchor loss: 0.1048, VFL train accuracy: 0.9275
2026-04-28 02:05:20,202 - Epoch: 38, 191/196: VFL loss: 0.2085, total loss: 0.1566, anchor loss: 0.1047, VFL train accuracy: 0.9281
2026-04-28 02:05:21,938 - => Recorded Stage 2 client anchor losses for epoch 38 to './results/AVGuard/threeclient_full_avguard_fixed_lambda_anchor_theta_supp_sensitivity/theta_supp_0.05/CIFAR10/stage2\stage2_final_epoch_client_anchor_losses.json': {0: 0.111384, 1: 0.090683, 2: 0.112146}
2026-04-28 02:05:21,939 - => Stage 2 EMA anchor update skipped at epoch 38 because momentum=1.0000 disables EMA; eligible classes per client {0: 10, 1: 10, 2: 10}
2026-04-28 02:05:21,940 - => Stage 2 Epoch 38 Training Summary: VFL loss: 0.2085, total loss: 0.1567, anchor loss: 0.1048, VFL train accuracy: 0.9282
2026-04-28 02:05:21,940 - => Test ASR...
2026-04-28 02:05:21,979 - =>Add Trigger to Test Data
2026-04-28 02:05:22,095 - Add Trigger to 9000 Poison Samples, 1000 Clean Samples (1.00)
2026-04-28 02:05:39,394 - => Test Epoch: 38, main task samples: 10000, attack samples: 10000, test loss: 0.5894, clean acc: 0.7084, Top-4: 0.9820, ASR: 0.0448, RAC: 0.7553, test target accuracy: 0.8650, stage3 final accuracy: 0.7084, stage3 final target accuracy: 0.7730, stage3 final asr: 0.0448, anchor loss: 0.1157
2026-04-28 02:05:39,395 - => Stage 3 Detection Summary: recall: 0.9551, precision: 0.7542, f1: 0.8429, false positive rate: 0.2781, correction rate: 0.7871
2026-04-28 02:05:39,396 - => Stage 3 Debug (clean): suspicious=2781/10000, correction_applied=2756, prediction_changed=2756, skipped_tied_vote=0, skipped_low_margin=0, skipped_other=25
2026-04-28 02:05:39,396 - => Stage 3 Debug (poison-valid): suspicious=8539/9000, correction_applied=8538, prediction_changed=8538, skipped_tied_vote=0, skipped_low_margin=0, skipped_other=1
2026-04-28 02:05:39,396 - => Stage 3 Debug (attack-success): suspicious=8538/8939, correction_applied=8537, prediction_changed=8537, corrected_to_true=6720
2026-04-28 02:05:39,397 - => Stage 3 Effective Support Avg: clean(all)=2.0529, clean_suspicious(false_positive)=0.8673, clean_correction_applied=0.8665, poison_valid(all)=1.0541, poison_valid_suspicious=1.0000, poison_valid_correction_applied=1.0000, attack_success(all)=1.0478, attack_success_suspicious=1.0000
2026-04-28 02:05:39,397 - => Stage 2 checkpoint score: mean(clean_acc=0.7084, recall=0.9551, correction_rate=0.7871) = 0.8169
2026-04-28 02:05:40,322 - => End Epoch: 38, early stop epochs: 4, best epoch: 34, best clean acc: 0.7114, best Top-4: 0.9837, best ASR: 0.0414, best RAC: 0.7568, anchor loss: 0.1160, best checkpoint score: 0.8177
2026-04-28 02:05:40,323 - => Stage 3 Detection Summary: recall: 0.9583, precision: 0.7532, f1: 0.8435, false positive rate: 0.2754, correction rate: 0.7835
2026-04-28 02:05:40,378 - => LFBA current anchor-derived target label: 6
2026-04-28 02:05:40,454 - =>Add Trigger to Train Data
2026-04-28 02:05:40,562 - Add Trigger to 2500 Poison Samples, 47500 Clean Samples (0.05)
2026-04-28 02:05:40,597 - => Start Training for Injecting Backdoor...
2026-04-28 02:05:41,019 - Epoch: 39, 1/196: VFL loss: 0.2108, total loss: 0.1602, anchor loss: 0.1097, VFL train accuracy: 0.9258
2026-04-28 02:05:44,938 - Epoch: 39, 11/196: VFL loss: 0.2034, total loss: 0.1542, anchor loss: 0.1049, VFL train accuracy: 0.9329
2026-04-28 02:05:48,839 - Epoch: 39, 21/196: VFL loss: 0.2018, total loss: 0.1533, anchor loss: 0.1048, VFL train accuracy: 0.9304
2026-04-28 02:05:52,718 - Epoch: 39, 31/196: VFL loss: 0.2075, total loss: 0.1562, anchor loss: 0.1049, VFL train accuracy: 0.9301
2026-04-28 02:05:56,639 - Epoch: 39, 41/196: VFL loss: 0.2042, total loss: 0.1544, anchor loss: 0.1046, VFL train accuracy: 0.9312
2026-04-28 02:06:00,560 - Epoch: 39, 51/196: VFL loss: 0.2065, total loss: 0.1555, anchor loss: 0.1046, VFL train accuracy: 0.9298
2026-04-28 02:06:04,436 - Epoch: 39, 61/196: VFL loss: 0.2069, total loss: 0.1556, anchor loss: 0.1042, VFL train accuracy: 0.9299
2026-04-28 02:06:08,340 - Epoch: 39, 71/196: VFL loss: 0.2036, total loss: 0.1538, anchor loss: 0.1041, VFL train accuracy: 0.9305
2026-04-28 02:06:12,207 - Epoch: 39, 81/196: VFL loss: 0.2053, total loss: 0.1547, anchor loss: 0.1042, VFL train accuracy: 0.9293
2026-04-28 02:06:16,117 - Epoch: 39, 91/196: VFL loss: 0.2027, total loss: 0.1533, anchor loss: 0.1039, VFL train accuracy: 0.9298
2026-04-28 02:06:20,067 - Epoch: 39, 101/196: VFL loss: 0.2006, total loss: 0.1523, anchor loss: 0.1041, VFL train accuracy: 0.9307
2026-04-28 02:06:23,982 - Epoch: 39, 111/196: VFL loss: 0.2001, total loss: 0.1521, anchor loss: 0.1041, VFL train accuracy: 0.9307
2026-04-28 02:06:27,927 - Epoch: 39, 121/196: VFL loss: 0.1986, total loss: 0.1513, anchor loss: 0.1040, VFL train accuracy: 0.9309
2026-04-28 02:06:31,827 - Epoch: 39, 131/196: VFL loss: 0.1993, total loss: 0.1516, anchor loss: 0.1040, VFL train accuracy: 0.9309
2026-04-28 02:06:35,855 - Epoch: 39, 141/196: VFL loss: 0.1985, total loss: 0.1512, anchor loss: 0.1040, VFL train accuracy: 0.9312
2026-04-28 02:06:39,778 - Epoch: 39, 151/196: VFL loss: 0.1998, total loss: 0.1519, anchor loss: 0.1039, VFL train accuracy: 0.9308
2026-04-28 02:06:43,687 - Epoch: 39, 161/196: VFL loss: 0.2006, total loss: 0.1523, anchor loss: 0.1040, VFL train accuracy: 0.9305
2026-04-28 02:06:47,527 - Epoch: 39, 171/196: VFL loss: 0.2008, total loss: 0.1524, anchor loss: 0.1040, VFL train accuracy: 0.9304
2026-04-28 02:06:51,458 - Epoch: 39, 181/196: VFL loss: 0.2015, total loss: 0.1527, anchor loss: 0.1040, VFL train accuracy: 0.9303
2026-04-28 02:06:55,348 - Epoch: 39, 191/196: VFL loss: 0.2027, total loss: 0.1534, anchor loss: 0.1041, VFL train accuracy: 0.9298
2026-04-28 02:06:57,123 - => Recorded Stage 2 client anchor losses for epoch 39 to './results/AVGuard/threeclient_full_avguard_fixed_lambda_anchor_theta_supp_sensitivity/theta_supp_0.05/CIFAR10/stage2\stage2_final_epoch_client_anchor_losses.json': {0: 0.111233, 1: 0.08997, 2: 0.111462}
2026-04-28 02:06:57,125 - => Stage 2 EMA anchor update skipped at epoch 39 because momentum=1.0000 disables EMA; eligible classes per client {0: 10, 1: 10, 2: 10}
2026-04-28 02:06:57,125 - => Stage 2 Epoch 39 Training Summary: VFL loss: 0.2033, total loss: 0.1538, anchor loss: 0.1043, VFL train accuracy: 0.9296
2026-04-28 02:06:57,126 - => Test ASR...
2026-04-28 02:06:57,170 - =>Add Trigger to Test Data
2026-04-28 02:06:57,286 - Add Trigger to 9000 Poison Samples, 1000 Clean Samples (1.00)
2026-04-28 02:07:14,634 - => Test Epoch: 39, main task samples: 10000, attack samples: 10000, test loss: 0.5989, clean acc: 0.7124, Top-4: 0.9826, ASR: 0.0448, RAC: 0.7563, test target accuracy: 0.8510, stage3 final accuracy: 0.7124, stage3 final target accuracy: 0.7900, stage3 final asr: 0.0448, anchor loss: 0.1152
2026-04-28 02:07:14,635 - => Stage 3 Detection Summary: recall: 0.9552, precision: 0.7582, f1: 0.8454, false positive rate: 0.2711, correction rate: 0.7857
2026-04-28 02:07:14,636 - => Stage 3 Debug (clean): suspicious=2711/10000, correction_applied=2688, prediction_changed=2688, skipped_tied_vote=0, skipped_low_margin=0, skipped_other=23
2026-04-28 02:07:14,636 - => Stage 3 Debug (poison-valid): suspicious=8513/9000, correction_applied=8512, prediction_changed=8512, skipped_tied_vote=0, skipped_low_margin=0, skipped_other=1
2026-04-28 02:07:14,637 - => Stage 3 Debug (attack-success): suspicious=8510/8909, correction_applied=8509, prediction_changed=8509, corrected_to_true=6686
2026-04-28 02:07:14,638 - => Stage 3 Effective Support Avg: clean(all)=2.0635, clean_suspicious(false_positive)=0.8639, clean_correction_applied=0.8631, poison_valid(all)=1.0571, poison_valid_suspicious=1.0000, poison_valid_correction_applied=1.0000, attack_success(all)=1.0478, attack_success_suspicious=1.0000
2026-04-28 02:07:14,639 - => Stage 2 checkpoint score: mean(clean_acc=0.7124, recall=0.9552, correction_rate=0.7857) = 0.8178
2026-04-28 02:07:14,640 - => Save best checkpoint model...
2026-04-28 02:07:17,418 - => End Epoch: 39, early stop epochs: 0, best epoch: 39, best clean acc: 0.7124, best Top-4: 0.9826, best ASR: 0.0448, best RAC: 0.7563, anchor loss: 0.1152, best checkpoint score: 0.8178
2026-04-28 02:07:17,419 - => Stage 3 Detection Summary: recall: 0.9552, precision: 0.7582, f1: 0.8454, false positive rate: 0.2711, correction rate: 0.7857
2026-04-28 02:07:17,465 - => LFBA current anchor-derived target label: 6
2026-04-28 02:07:17,549 - =>Add Trigger to Train Data
2026-04-28 02:07:17,675 - Add Trigger to 2500 Poison Samples, 47500 Clean Samples (0.05)
2026-04-28 02:07:17,692 - => Start Training for Injecting Backdoor...
2026-04-28 02:07:18,101 - Epoch: 40, 1/196: VFL loss: 0.2079, total loss: 0.1571, anchor loss: 0.1063, VFL train accuracy: 0.9297
2026-04-28 02:07:22,016 - Epoch: 40, 11/196: VFL loss: 0.1954, total loss: 0.1486, anchor loss: 0.1018, VFL train accuracy: 0.9339
2026-04-28 02:07:25,916 - Epoch: 40, 21/196: VFL loss: 0.1927, total loss: 0.1473, anchor loss: 0.1018, VFL train accuracy: 0.9299
2026-04-28 02:07:29,848 - Epoch: 40, 31/196: VFL loss: 0.1964, total loss: 0.1497, anchor loss: 0.1029, VFL train accuracy: 0.9302
2026-04-28 02:07:33,748 - Epoch: 40, 41/196: VFL loss: 0.2008, total loss: 0.1522, anchor loss: 0.1037, VFL train accuracy: 0.9304
2026-04-28 02:07:37,618 - Epoch: 40, 51/196: VFL loss: 0.2035, total loss: 0.1537, anchor loss: 0.1038, VFL train accuracy: 0.9297
2026-04-28 02:07:41,518 - Epoch: 40, 61/196: VFL loss: 0.2012, total loss: 0.1524, anchor loss: 0.1036, VFL train accuracy: 0.9308
2026-04-28 02:07:45,388 - Epoch: 40, 71/196: VFL loss: 0.2014, total loss: 0.1525, anchor loss: 0.1036, VFL train accuracy: 0.9309
2026-04-28 02:07:49,289 - Epoch: 40, 81/196: VFL loss: 0.2005, total loss: 0.1520, anchor loss: 0.1036, VFL train accuracy: 0.9312
2026-04-28 02:07:53,168 - Epoch: 40, 91/196: VFL loss: 0.2007, total loss: 0.1521, anchor loss: 0.1036, VFL train accuracy: 0.9309
2026-04-28 02:07:57,088 - Epoch: 40, 101/196: VFL loss: 0.1995, total loss: 0.1515, anchor loss: 0.1035, VFL train accuracy: 0.9310
2026-04-28 02:08:01,032 - Epoch: 40, 111/196: VFL loss: 0.2005, total loss: 0.1520, anchor loss: 0.1034, VFL train accuracy: 0.9308
2026-04-28 02:08:04,949 - Epoch: 40, 121/196: VFL loss: 0.1999, total loss: 0.1517, anchor loss: 0.1034, VFL train accuracy: 0.9304
2026-04-28 02:08:08,828 - Epoch: 40, 131/196: VFL loss: 0.2016, total loss: 0.1526, anchor loss: 0.1035, VFL train accuracy: 0.9294
2026-04-28 02:08:12,748 - Epoch: 40, 141/196: VFL loss: 0.2022, total loss: 0.1529, anchor loss: 0.1037, VFL train accuracy: 0.9290
2026-04-28 02:08:16,649 - Epoch: 40, 151/196: VFL loss: 0.2021, total loss: 0.1528, anchor loss: 0.1035, VFL train accuracy: 0.9288
2026-04-28 02:08:20,518 - Epoch: 40, 161/196: VFL loss: 0.2035, total loss: 0.1536, anchor loss: 0.1036, VFL train accuracy: 0.9284
2026-04-28 02:08:24,388 - Epoch: 40, 171/196: VFL loss: 0.2044, total loss: 0.1540, anchor loss: 0.1037, VFL train accuracy: 0.9283
2026-04-28 02:08:28,286 - Epoch: 40, 181/196: VFL loss: 0.2047, total loss: 0.1542, anchor loss: 0.1037, VFL train accuracy: 0.9279
2026-04-28 02:08:32,188 - Epoch: 40, 191/196: VFL loss: 0.2043, total loss: 0.1540, anchor loss: 0.1037, VFL train accuracy: 0.9279
2026-04-28 02:08:33,941 - => Recorded Stage 2 client anchor losses for epoch 40 to './results/AVGuard/threeclient_full_avguard_fixed_lambda_anchor_theta_supp_sensitivity/theta_supp_0.05/CIFAR10/stage2\stage2_final_epoch_client_anchor_losses.json': {0: 0.111291, 1: 0.08978, 2: 0.110175}
2026-04-28 02:08:33,943 - => Stage 2 EMA anchor update skipped at epoch 40 because momentum=1.0000 disables EMA; eligible classes per client {0: 10, 1: 10, 2: 10}
2026-04-28 02:08:33,943 - => Stage 2 Epoch 40 Training Summary: VFL loss: 0.2041, total loss: 0.1539, anchor loss: 0.1037, VFL train accuracy: 0.9280
2026-04-28 02:08:33,943 - => Test ASR...
2026-04-28 02:08:33,982 - =>Add Trigger to Test Data
2026-04-28 02:08:34,114 - Add Trigger to 9000 Poison Samples, 1000 Clean Samples (1.00)
2026-04-28 02:08:51,337 - => Test Epoch: 40, main task samples: 10000, attack samples: 10000, test loss: 0.5918, clean acc: 0.7105, Top-4: 0.9819, ASR: 0.0476, RAC: 0.7567, test target accuracy: 0.8490, stage3 final accuracy: 0.7105, stage3 final target accuracy: 0.7940, stage3 final asr: 0.0476, anchor loss: 0.1154
2026-04-28 02:08:51,338 - => Stage 3 Detection Summary: recall: 0.9520, precision: 0.7537, f1: 0.8413, false positive rate: 0.2735, correction rate: 0.7859
2026-04-28 02:08:51,338 - => Stage 3 Debug (clean): suspicious=2735/10000, correction_applied=2715, prediction_changed=2715, skipped_tied_vote=0, skipped_low_margin=0, skipped_other=20
2026-04-28 02:08:51,338 - => Stage 3 Debug (poison-valid): suspicious=8390/9000, correction_applied=8390, prediction_changed=8390, skipped_tied_vote=0, skipped_low_margin=0, skipped_other=0
2026-04-28 02:08:51,339 - => Stage 3 Debug (attack-success): suspicious=8385/8808, correction_applied=8385, prediction_changed=8385, corrected_to_true=6590
2026-04-28 02:08:51,339 - => Stage 3 Effective Support Avg: clean(all)=2.0581, clean_suspicious(false_positive)=0.8658, clean_correction_applied=0.8656, poison_valid(all)=1.0709, poison_valid_suspicious=1.0000, poison_valid_correction_applied=1.0000, attack_success(all)=1.0512, attack_success_suspicious=1.0000
2026-04-28 02:08:51,340 - => Stage 2 checkpoint score: mean(clean_acc=0.7105, recall=0.9520, correction_rate=0.7859) = 0.8161
2026-04-28 02:08:52,170 - => End Epoch: 40, early stop epochs: 1, best epoch: 39, best clean acc: 0.7124, best Top-4: 0.9826, best ASR: 0.0448, best RAC: 0.7563, anchor loss: 0.1152, best checkpoint score: 0.8178
2026-04-28 02:08:52,172 - => Stage 3 Detection Summary: recall: 0.9552, precision: 0.7582, f1: 0.8454, false positive rate: 0.2711, correction rate: 0.7857
2026-04-28 02:08:52,225 - => LFBA current anchor-derived target label: 6
2026-04-28 02:08:52,302 - =>Add Trigger to Train Data
2026-04-28 02:08:52,411 - Add Trigger to 2500 Poison Samples, 47500 Clean Samples (0.05)
2026-04-28 02:08:52,430 - => Start Training for Injecting Backdoor...
2026-04-28 02:08:52,841 - Epoch: 41, 1/196: VFL loss: 0.2177, total loss: 0.1620, anchor loss: 0.1062, VFL train accuracy: 0.9336
2026-04-28 02:08:56,709 - Epoch: 41, 11/196: VFL loss: 0.2123, total loss: 0.1573, anchor loss: 0.1024, VFL train accuracy: 0.9297
2026-04-28 02:09:00,678 - Epoch: 41, 21/196: VFL loss: 0.2031, total loss: 0.1534, anchor loss: 0.1038, VFL train accuracy: 0.9325
2026-04-28 02:09:04,589 - Epoch: 41, 31/196: VFL loss: 0.1967, total loss: 0.1504, anchor loss: 0.1041, VFL train accuracy: 0.9333
2026-04-28 02:09:08,464 - Epoch: 41, 41/196: VFL loss: 0.1959, total loss: 0.1497, anchor loss: 0.1035, VFL train accuracy: 0.9333
2026-04-28 02:09:12,358 - Epoch: 41, 51/196: VFL loss: 0.1965, total loss: 0.1500, anchor loss: 0.1035, VFL train accuracy: 0.9328
2026-04-28 02:09:16,237 - Epoch: 41, 61/196: VFL loss: 0.1963, total loss: 0.1500, anchor loss: 0.1037, VFL train accuracy: 0.9329
2026-04-28 02:09:20,158 - Epoch: 41, 71/196: VFL loss: 0.1975, total loss: 0.1506, anchor loss: 0.1038, VFL train accuracy: 0.9322
2026-04-28 02:09:24,021 - Epoch: 41, 81/196: VFL loss: 0.1965, total loss: 0.1501, anchor loss: 0.1037, VFL train accuracy: 0.9323
2026-04-28 02:09:27,880 - Epoch: 41, 91/196: VFL loss: 0.1961, total loss: 0.1498, anchor loss: 0.1035, VFL train accuracy: 0.9328
2026-04-28 02:09:31,764 - Epoch: 41, 101/196: VFL loss: 0.1949, total loss: 0.1493, anchor loss: 0.1036, VFL train accuracy: 0.9335
2026-04-28 02:09:35,638 - Epoch: 41, 111/196: VFL loss: 0.1963, total loss: 0.1499, anchor loss: 0.1036, VFL train accuracy: 0.9331
2026-04-28 02:09:39,477 - Epoch: 41, 121/196: VFL loss: 0.1964, total loss: 0.1501, anchor loss: 0.1037, VFL train accuracy: 0.9329
2026-04-28 02:09:43,496 - Epoch: 41, 131/196: VFL loss: 0.1959, total loss: 0.1498, anchor loss: 0.1037, VFL train accuracy: 0.9333
2026-04-28 02:09:47,439 - Epoch: 41, 141/196: VFL loss: 0.1961, total loss: 0.1499, anchor loss: 0.1036, VFL train accuracy: 0.9333
2026-04-28 02:09:51,490 - Epoch: 41, 151/196: VFL loss: 0.1966, total loss: 0.1501, anchor loss: 0.1035, VFL train accuracy: 0.9330
2026-04-28 02:09:55,439 - Epoch: 41, 161/196: VFL loss: 0.1971, total loss: 0.1502, anchor loss: 0.1033, VFL train accuracy: 0.9328
2026-04-28 02:09:59,425 - Epoch: 41, 171/196: VFL loss: 0.1974, total loss: 0.1504, anchor loss: 0.1033, VFL train accuracy: 0.9325
2026-04-28 02:10:03,372 - Epoch: 41, 181/196: VFL loss: 0.1968, total loss: 0.1500, anchor loss: 0.1032, VFL train accuracy: 0.9326
2026-04-28 02:10:07,301 - Epoch: 41, 191/196: VFL loss: 0.1971, total loss: 0.1502, anchor loss: 0.1034, VFL train accuracy: 0.9324
2026-04-28 02:10:09,101 - => Recorded Stage 2 client anchor losses for epoch 41 to './results/AVGuard/threeclient_full_avguard_fixed_lambda_anchor_theta_supp_sensitivity/theta_supp_0.05/CIFAR10/stage2\stage2_final_epoch_client_anchor_losses.json': {0: 0.109624, 1: 0.090066, 2: 0.110379}
2026-04-28 02:10:09,103 - => Stage 2 EMA anchor update skipped at epoch 41 because momentum=1.0000 disables EMA; eligible classes per client {0: 10, 1: 10, 2: 10}
2026-04-28 02:10:09,103 - => Stage 2 Epoch 41 Training Summary: VFL loss: 0.1964, total loss: 0.1499, anchor loss: 0.1034, VFL train accuracy: 0.9326
2026-04-28 02:10:09,103 - => Test ASR...
2026-04-28 02:10:09,142 - =>Add Trigger to Test Data
2026-04-28 02:10:09,258 - Add Trigger to 9000 Poison Samples, 1000 Clean Samples (1.00)
2026-04-28 02:10:26,507 - => Test Epoch: 41, main task samples: 10000, attack samples: 10000, test loss: 0.5884, clean acc: 0.7105, Top-4: 0.9822, ASR: 0.0481, RAC: 0.7558, test target accuracy: 0.8610, stage3 final accuracy: 0.7105, stage3 final target accuracy: 0.7810, stage3 final asr: 0.0481, anchor loss: 0.1149
2026-04-28 02:10:26,507 - => Stage 3 Detection Summary: recall: 0.9514, precision: 0.7543, f1: 0.8415, false positive rate: 0.2724, correction rate: 0.7868
2026-04-28 02:10:26,508 - => Stage 3 Debug (clean): suspicious=2724/10000, correction_applied=2702, prediction_changed=2702, skipped_tied_vote=0, skipped_low_margin=0, skipped_other=22
2026-04-28 02:10:26,508 - => Stage 3 Debug (poison-valid): suspicious=8385/9000, correction_applied=8385, prediction_changed=8385, skipped_tied_vote=0, skipped_low_margin=0, skipped_other=0
2026-04-28 02:10:26,509 - => Stage 3 Debug (attack-success): suspicious=8380/8808, correction_applied=8380, prediction_changed=8380, corrected_to_true=6593
2026-04-28 02:10:26,509 - => Stage 3 Effective Support Avg: clean(all)=2.0645, clean_suspicious(false_positive)=0.8741, clean_correction_applied=0.8738, poison_valid(all)=1.0714, poison_valid_suspicious=1.0000, poison_valid_correction_applied=1.0000, attack_success(all)=1.0518, attack_success_suspicious=1.0000
2026-04-28 02:10:26,509 - => Stage 2 checkpoint score: mean(clean_acc=0.7105, recall=0.9514, correction_rate=0.7868) = 0.8162
2026-04-28 02:10:27,836 - => End Epoch: 41, early stop epochs: 2, best epoch: 39, best clean acc: 0.7124, best Top-4: 0.9826, best ASR: 0.0448, best RAC: 0.7563, anchor loss: 0.1152, best checkpoint score: 0.8178
2026-04-28 02:10:27,838 - => Stage 3 Detection Summary: recall: 0.9552, precision: 0.7582, f1: 0.8454, false positive rate: 0.2711, correction rate: 0.7857
2026-04-28 02:10:27,890 - => LFBA current anchor-derived target label: 6
2026-04-28 02:10:27,966 - =>Add Trigger to Train Data
2026-04-28 02:10:28,075 - Add Trigger to 2500 Poison Samples, 47500 Clean Samples (0.05)
2026-04-28 02:10:28,094 - => Start Training for Injecting Backdoor...
2026-04-28 02:10:28,475 - Epoch: 42, 1/196: VFL loss: 0.2020, total loss: 0.1489, anchor loss: 0.0958, VFL train accuracy: 0.9414
2026-04-28 02:10:32,367 - Epoch: 42, 11/196: VFL loss: 0.2019, total loss: 0.1520, anchor loss: 0.1022, VFL train accuracy: 0.9318
2026-04-28 02:10:36,277 - Epoch: 42, 21/196: VFL loss: 0.1931, total loss: 0.1479, anchor loss: 0.1027, VFL train accuracy: 0.9325
2026-04-28 02:10:40,198 - Epoch: 42, 31/196: VFL loss: 0.1957, total loss: 0.1491, anchor loss: 0.1025, VFL train accuracy: 0.9331
2026-04-28 02:10:44,098 - Epoch: 42, 41/196: VFL loss: 0.1937, total loss: 0.1483, anchor loss: 0.1029, VFL train accuracy: 0.9340
2026-04-28 02:10:48,028 - Epoch: 42, 51/196: VFL loss: 0.1938, total loss: 0.1484, anchor loss: 0.1030, VFL train accuracy: 0.9331
2026-04-28 02:10:51,928 - Epoch: 42, 61/196: VFL loss: 0.1938, total loss: 0.1485, anchor loss: 0.1032, VFL train accuracy: 0.9346
2026-04-28 02:10:55,858 - Epoch: 42, 71/196: VFL loss: 0.1926, total loss: 0.1476, anchor loss: 0.1027, VFL train accuracy: 0.9348
2026-04-28 02:10:59,758 - Epoch: 42, 81/196: VFL loss: 0.1920, total loss: 0.1474, anchor loss: 0.1029, VFL train accuracy: 0.9348
2026-04-28 02:11:03,688 - Epoch: 42, 91/196: VFL loss: 0.1925, total loss: 0.1477, anchor loss: 0.1030, VFL train accuracy: 0.9353
2026-04-28 02:11:07,628 - Epoch: 42, 101/196: VFL loss: 0.1910, total loss: 0.1469, anchor loss: 0.1029, VFL train accuracy: 0.9360
2026-04-28 02:11:11,528 - Epoch: 42, 111/196: VFL loss: 0.1915, total loss: 0.1472, anchor loss: 0.1029, VFL train accuracy: 0.9355
2026-04-28 02:11:15,447 - Epoch: 42, 121/196: VFL loss: 0.1924, total loss: 0.1477, anchor loss: 0.1030, VFL train accuracy: 0.9354
2026-04-28 02:11:19,327 - Epoch: 42, 131/196: VFL loss: 0.1918, total loss: 0.1474, anchor loss: 0.1030, VFL train accuracy: 0.9355
2026-04-28 02:11:23,218 - Epoch: 42, 141/196: VFL loss: 0.1921, total loss: 0.1475, anchor loss: 0.1028, VFL train accuracy: 0.9355
2026-04-28 02:11:27,118 - Epoch: 42, 151/196: VFL loss: 0.1913, total loss: 0.1471, anchor loss: 0.1029, VFL train accuracy: 0.9356
2026-04-28 02:11:31,058 - Epoch: 42, 161/196: VFL loss: 0.1906, total loss: 0.1468, anchor loss: 0.1029, VFL train accuracy: 0.9356
2026-04-28 02:11:34,988 - Epoch: 42, 171/196: VFL loss: 0.1899, total loss: 0.1464, anchor loss: 0.1029, VFL train accuracy: 0.9355
2026-04-28 02:11:38,878 - Epoch: 42, 181/196: VFL loss: 0.1896, total loss: 0.1462, anchor loss: 0.1027, VFL train accuracy: 0.9355
2026-04-28 02:11:42,818 - Epoch: 42, 191/196: VFL loss: 0.1895, total loss: 0.1461, anchor loss: 0.1027, VFL train accuracy: 0.9355
2026-04-28 02:11:44,596 - => Recorded Stage 2 client anchor losses for epoch 42 to './results/AVGuard/threeclient_full_avguard_fixed_lambda_anchor_theta_supp_sensitivity/theta_supp_0.05/CIFAR10/stage2\stage2_final_epoch_client_anchor_losses.json': {0: 0.109453, 1: 0.088632, 2: 0.110086}
2026-04-28 02:11:44,597 - => Stage 2 EMA anchor update skipped at epoch 42 because momentum=1.0000 disables EMA; eligible classes per client {0: 10, 1: 10, 2: 10}
2026-04-28 02:11:44,597 - => Stage 2 Epoch 42 Training Summary: VFL loss: 0.1897, total loss: 0.1462, anchor loss: 0.1028, VFL train accuracy: 0.9356
2026-04-28 02:11:44,598 - => Test ASR...
2026-04-28 02:11:44,634 - =>Add Trigger to Test Data
2026-04-28 02:11:44,750 - Add Trigger to 9000 Poison Samples, 1000 Clean Samples (1.00)
2026-04-28 02:12:02,173 - => Test Epoch: 42, main task samples: 10000, attack samples: 10000, test loss: 0.5912, clean acc: 0.7111, Top-4: 0.9819, ASR: 0.0478, RAC: 0.7564, test target accuracy: 0.8610, stage3 final accuracy: 0.7111, stage3 final target accuracy: 0.7940, stage3 final asr: 0.0478, anchor loss: 0.1150
2026-04-28 02:12:02,174 - => Stage 3 Detection Summary: recall: 0.9523, precision: 0.7569, f1: 0.8434, false positive rate: 0.2710, correction rate: 0.7873
2026-04-28 02:12:02,175 - => Stage 3 Debug (clean): suspicious=2710/10000, correction_applied=2691, prediction_changed=2691, skipped_tied_vote=0, skipped_low_margin=0, skipped_other=19
2026-04-28 02:12:02,175 - => Stage 3 Debug (poison-valid): suspicious=8463/9000, correction_applied=8463, prediction_changed=8463, skipped_tied_vote=0, skipped_low_margin=0, skipped_other=0
2026-04-28 02:12:02,175 - => Stage 3 Debug (attack-success): suspicious=8457/8881, correction_applied=8457, prediction_changed=8457, corrected_to_true=6658
2026-04-28 02:12:02,176 - => Stage 3 Effective Support Avg: clean(all)=2.0663, clean_suspicious(false_positive)=0.8731, clean_correction_applied=0.8733, poison_valid(all)=1.0629, poison_valid_suspicious=1.0000, poison_valid_correction_applied=1.0000, attack_success(all)=1.0510, attack_success_suspicious=1.0000
2026-04-28 02:12:02,176 - => Stage 2 checkpoint score: mean(clean_acc=0.7111, recall=0.9523, correction_rate=0.7873) = 0.8169
2026-04-28 02:12:03,078 - => End Epoch: 42, early stop epochs: 3, best epoch: 39, best clean acc: 0.7124, best Top-4: 0.9826, best ASR: 0.0448, best RAC: 0.7563, anchor loss: 0.1152, best checkpoint score: 0.8178
2026-04-28 02:12:03,080 - => Stage 3 Detection Summary: recall: 0.9552, precision: 0.7582, f1: 0.8454, false positive rate: 0.2711, correction rate: 0.7857
2026-04-28 02:12:03,132 - => LFBA current anchor-derived target label: 6
2026-04-28 02:12:03,209 - =>Add Trigger to Train Data
2026-04-28 02:12:03,316 - Add Trigger to 2500 Poison Samples, 47500 Clean Samples (0.05)
2026-04-28 02:12:03,335 - => Start Training for Injecting Backdoor...
2026-04-28 02:12:03,723 - Epoch: 43, 1/196: VFL loss: 0.2248, total loss: 0.1659, anchor loss: 0.1071, VFL train accuracy: 0.9180
2026-04-28 02:12:07,648 - Epoch: 43, 11/196: VFL loss: 0.1913, total loss: 0.1474, anchor loss: 0.1035, VFL train accuracy: 0.9311
2026-04-28 02:12:11,548 - Epoch: 43, 21/196: VFL loss: 0.1892, total loss: 0.1460, anchor loss: 0.1028, VFL train accuracy: 0.9319
2026-04-28 02:12:15,461 - Epoch: 43, 31/196: VFL loss: 0.1940, total loss: 0.1483, anchor loss: 0.1026, VFL train accuracy: 0.9316
2026-04-28 02:12:19,379 - Epoch: 43, 41/196: VFL loss: 0.1905, total loss: 0.1464, anchor loss: 0.1022, VFL train accuracy: 0.9330
2026-04-28 02:12:23,288 - Epoch: 43, 51/196: VFL loss: 0.1863, total loss: 0.1439, anchor loss: 0.1016, VFL train accuracy: 0.9347
2026-04-28 02:12:27,208 - Epoch: 43, 61/196: VFL loss: 0.1902, total loss: 0.1459, anchor loss: 0.1017, VFL train accuracy: 0.9334
2026-04-28 02:12:31,141 - Epoch: 43, 71/196: VFL loss: 0.1914, total loss: 0.1468, anchor loss: 0.1021, VFL train accuracy: 0.9333
2026-04-28 02:12:35,041 - Epoch: 43, 81/196: VFL loss: 0.1925, total loss: 0.1473, anchor loss: 0.1021, VFL train accuracy: 0.9330
2026-04-28 02:12:38,919 - Epoch: 43, 91/196: VFL loss: 0.1922, total loss: 0.1473, anchor loss: 0.1024, VFL train accuracy: 0.9334
2026-04-28 02:12:42,808 - Epoch: 43, 101/196: VFL loss: 0.1913, total loss: 0.1468, anchor loss: 0.1024, VFL train accuracy: 0.9341
2026-04-28 02:12:46,708 - Epoch: 43, 111/196: VFL loss: 0.1892, total loss: 0.1458, anchor loss: 0.1025, VFL train accuracy: 0.9346
2026-04-28 02:12:50,614 - Epoch: 43, 121/196: VFL loss: 0.1884, total loss: 0.1454, anchor loss: 0.1024, VFL train accuracy: 0.9350
2026-04-28 02:12:54,508 - Epoch: 43, 131/196: VFL loss: 0.1886, total loss: 0.1456, anchor loss: 0.1025, VFL train accuracy: 0.9352
2026-04-28 02:12:58,407 - Epoch: 43, 141/196: VFL loss: 0.1879, total loss: 0.1452, anchor loss: 0.1024, VFL train accuracy: 0.9358
2026-04-28 02:13:02,310 - Epoch: 43, 151/196: VFL loss: 0.1891, total loss: 0.1459, anchor loss: 0.1026, VFL train accuracy: 0.9354
2026-04-28 02:13:06,176 - Epoch: 43, 161/196: VFL loss: 0.1889, total loss: 0.1457, anchor loss: 0.1026, VFL train accuracy: 0.9354
2026-04-28 02:13:10,077 - Epoch: 43, 171/196: VFL loss: 0.1884, total loss: 0.1455, anchor loss: 0.1025, VFL train accuracy: 0.9354
2026-04-28 02:13:13,978 - Epoch: 43, 181/196: VFL loss: 0.1883, total loss: 0.1454, anchor loss: 0.1026, VFL train accuracy: 0.9356
2026-04-28 02:13:17,892 - Epoch: 43, 191/196: VFL loss: 0.1888, total loss: 0.1458, anchor loss: 0.1027, VFL train accuracy: 0.9353
2026-04-28 02:13:19,659 - => Recorded Stage 2 client anchor losses for epoch 43 to './results/AVGuard/threeclient_full_avguard_fixed_lambda_anchor_theta_supp_sensitivity/theta_supp_0.05/CIFAR10/stage2\stage2_final_epoch_client_anchor_losses.json': {0: 0.109483, 1: 0.088481, 2: 0.110253}
2026-04-28 02:13:19,661 - => Stage 2 EMA anchor update skipped at epoch 43 because momentum=1.0000 disables EMA; eligible classes per client {0: 10, 1: 10, 2: 10}
2026-04-28 02:13:19,661 - => Stage 2 Epoch 43 Training Summary: VFL loss: 0.1886, total loss: 0.1457, anchor loss: 0.1028, VFL train accuracy: 0.9355
2026-04-28 02:13:19,661 - => Test ASR...
2026-04-28 02:13:19,701 - =>Add Trigger to Test Data
2026-04-28 02:13:19,817 - Add Trigger to 9000 Poison Samples, 1000 Clean Samples (1.00)
2026-04-28 02:13:37,134 - => Test Epoch: 43, main task samples: 10000, attack samples: 10000, test loss: 0.5948, clean acc: 0.7096, Top-4: 0.9816, ASR: 0.0482, RAC: 0.7558, test target accuracy: 0.8620, stage3 final accuracy: 0.7096, stage3 final target accuracy: 0.7920, stage3 final asr: 0.0482, anchor loss: 0.1147
2026-04-28 02:13:37,135 - => Stage 3 Detection Summary: recall: 0.9516, precision: 0.7575, f1: 0.8435, false positive rate: 0.2712, correction rate: 0.7875
2026-04-28 02:13:37,135 - => Stage 3 Debug (clean): suspicious=2712/10000, correction_applied=2692, prediction_changed=2692, skipped_tied_vote=0, skipped_low_margin=0, skipped_other=20
2026-04-28 02:13:37,136 - => Stage 3 Debug (poison-valid): suspicious=8478/9000, correction_applied=8477, prediction_changed=8477, skipped_tied_vote=0, skipped_low_margin=0, skipped_other=1
2026-04-28 02:13:37,136 - => Stage 3 Debug (attack-success): suspicious=8476/8907, correction_applied=8475, prediction_changed=8475, corrected_to_true=6675
2026-04-28 02:13:37,136 - => Stage 3 Effective Support Avg: clean(all)=2.0681, clean_suspicious(false_positive)=0.8783, clean_correction_applied=0.8782, poison_valid(all)=1.0613, poison_valid_suspicious=1.0000, poison_valid_correction_applied=1.0000, attack_success(all)=1.0518, attack_success_suspicious=1.0000
2026-04-28 02:13:37,137 - => Stage 2 checkpoint score: mean(clean_acc=0.7096, recall=0.9516, correction_rate=0.7875) = 0.8162
2026-04-28 02:13:37,968 - => End Epoch: 43, early stop epochs: 4, best epoch: 39, best clean acc: 0.7124, best Top-4: 0.9826, best ASR: 0.0448, best RAC: 0.7563, anchor loss: 0.1152, best checkpoint score: 0.8178
2026-04-28 02:13:37,970 - => Stage 3 Detection Summary: recall: 0.9552, precision: 0.7582, f1: 0.8454, false positive rate: 0.2711, correction rate: 0.7857
2026-04-28 02:13:38,025 - => LFBA current anchor-derived target label: 6
2026-04-28 02:13:38,101 - =>Add Trigger to Train Data
2026-04-28 02:13:38,208 - Add Trigger to 2500 Poison Samples, 47500 Clean Samples (0.05)
2026-04-28 02:13:38,227 - => Start Training for Injecting Backdoor...
2026-04-28 02:13:38,651 - Epoch: 44, 1/196: VFL loss: 0.1379, total loss: 0.1204, anchor loss: 0.1028, VFL train accuracy: 0.9453
2026-04-28 02:13:42,597 - Epoch: 44, 11/196: VFL loss: 0.1887, total loss: 0.1453, anchor loss: 0.1019, VFL train accuracy: 0.9347
2026-04-28 02:13:46,528 - Epoch: 44, 21/196: VFL loss: 0.1913, total loss: 0.1468, anchor loss: 0.1023, VFL train accuracy: 0.9334
2026-04-28 02:13:50,408 - Epoch: 44, 31/196: VFL loss: 0.1912, total loss: 0.1467, anchor loss: 0.1023, VFL train accuracy: 0.9323
2026-04-28 02:13:54,328 - Epoch: 44, 41/196: VFL loss: 0.1913, total loss: 0.1469, anchor loss: 0.1025, VFL train accuracy: 0.9321
2026-04-28 02:13:58,259 - Epoch: 44, 51/196: VFL loss: 0.1919, total loss: 0.1472, anchor loss: 0.1025, VFL train accuracy: 0.9313
2026-04-28 02:14:02,200 - Epoch: 44, 61/196: VFL loss: 0.1917, total loss: 0.1471, anchor loss: 0.1025, VFL train accuracy: 0.9326
2026-04-28 02:14:06,118 - Epoch: 44, 71/196: VFL loss: 0.1900, total loss: 0.1462, anchor loss: 0.1024, VFL train accuracy: 0.9335
2026-04-28 02:14:10,018 - Epoch: 44, 81/196: VFL loss: 0.1886, total loss: 0.1455, anchor loss: 0.1025, VFL train accuracy: 0.9343
2026-04-28 02:14:13,918 - Epoch: 44, 91/196: VFL loss: 0.1869, total loss: 0.1446, anchor loss: 0.1022, VFL train accuracy: 0.9348
2026-04-28 02:14:17,818 - Epoch: 44, 101/196: VFL loss: 0.1867, total loss: 0.1445, anchor loss: 0.1024, VFL train accuracy: 0.9350
2026-04-28 02:14:21,728 - Epoch: 44, 111/196: VFL loss: 0.1863, total loss: 0.1444, anchor loss: 0.1024, VFL train accuracy: 0.9349
2026-04-28 02:14:25,647 - Epoch: 44, 121/196: VFL loss: 0.1864, total loss: 0.1444, anchor loss: 0.1025, VFL train accuracy: 0.9349
2026-04-28 02:14:29,548 - Epoch: 44, 131/196: VFL loss: 0.1868, total loss: 0.1446, anchor loss: 0.1024, VFL train accuracy: 0.9348
2026-04-28 02:14:33,508 - Epoch: 44, 141/196: VFL loss: 0.1865, total loss: 0.1444, anchor loss: 0.1023, VFL train accuracy: 0.9350
2026-04-28 02:14:37,408 - Epoch: 44, 151/196: VFL loss: 0.1861, total loss: 0.1442, anchor loss: 0.1023, VFL train accuracy: 0.9347
2026-04-28 02:14:41,288 - Epoch: 44, 161/196: VFL loss: 0.1864, total loss: 0.1444, anchor loss: 0.1024, VFL train accuracy: 0.9349
2026-04-28 02:14:45,208 - Epoch: 44, 171/196: VFL loss: 0.1870, total loss: 0.1447, anchor loss: 0.1025, VFL train accuracy: 0.9348
2026-04-28 02:14:49,078 - Epoch: 44, 181/196: VFL loss: 0.1880, total loss: 0.1453, anchor loss: 0.1025, VFL train accuracy: 0.9343
2026-04-28 02:14:52,992 - Epoch: 44, 191/196: VFL loss: 0.1882, total loss: 0.1454, anchor loss: 0.1025, VFL train accuracy: 0.9342
2026-04-28 02:14:54,757 - => Recorded Stage 2 client anchor losses for epoch 44 to './results/AVGuard/threeclient_full_avguard_fixed_lambda_anchor_theta_supp_sensitivity/theta_supp_0.05/CIFAR10/stage2\stage2_final_epoch_client_anchor_losses.json': {0: 0.109696, 1: 0.08831, 2: 0.109533}
2026-04-28 02:14:54,759 - => Stage 2 EMA anchor update skipped at epoch 44 because momentum=1.0000 disables EMA; eligible classes per client {0: 10, 1: 10, 2: 10}
2026-04-28 02:14:54,759 - => Stage 2 Epoch 44 Training Summary: VFL loss: 0.1876, total loss: 0.1451, anchor loss: 0.1025, VFL train accuracy: 0.9345
2026-04-28 02:14:54,759 - => Test ASR...
2026-04-28 02:14:54,799 - =>Add Trigger to Test Data
2026-04-28 02:14:54,915 - Add Trigger to 9000 Poison Samples, 1000 Clean Samples (1.00)
2026-04-28 02:15:12,190 - => Test Epoch: 44, main task samples: 10000, attack samples: 10000, test loss: 0.5949, clean acc: 0.7137, Top-4: 0.9819, ASR: 0.0462, RAC: 0.7582, test target accuracy: 0.8580, stage3 final accuracy: 0.7137, stage3 final target accuracy: 0.7870, stage3 final asr: 0.0462, anchor loss: 0.1147
2026-04-28 02:15:12,191 - => Stage 3 Detection Summary: recall: 0.9535, precision: 0.7570, f1: 0.8440, false positive rate: 0.2708, correction rate: 0.7883
2026-04-28 02:15:12,192 - => Stage 3 Debug (clean): suspicious=2708/10000, correction_applied=2676, prediction_changed=2676, skipped_tied_vote=0, skipped_low_margin=0, skipped_other=32
2026-04-28 02:15:12,193 - => Stage 3 Debug (poison-valid): suspicious=8453/9000, correction_applied=8453, prediction_changed=8453, skipped_tied_vote=0, skipped_low_margin=0, skipped_other=0
2026-04-28 02:15:12,194 - => Stage 3 Debug (attack-success): suspicious=8449/8861, correction_applied=8449, prediction_changed=8449, corrected_to_true=6660
2026-04-28 02:15:12,195 - => Stage 3 Effective Support Avg: clean(all)=2.0697, clean_suspicious(false_positive)=0.8792, clean_correction_applied=0.8782, poison_valid(all)=1.0638, poison_valid_suspicious=1.0000, poison_valid_correction_applied=1.0000, attack_success(all)=1.0495, attack_success_suspicious=1.0000
2026-04-28 02:15:12,196 - => Stage 2 checkpoint score: mean(clean_acc=0.7137, recall=0.9535, correction_rate=0.7883) = 0.8185
2026-04-28 02:15:12,197 - => Save best checkpoint model...
2026-04-28 02:15:14,667 - => End Epoch: 44, early stop epochs: 0, best epoch: 44, best clean acc: 0.7137, best Top-4: 0.9819, best ASR: 0.0462, best RAC: 0.7582, anchor loss: 0.1147, best checkpoint score: 0.8185
2026-04-28 02:15:14,668 - => Stage 3 Detection Summary: recall: 0.9535, precision: 0.7570, f1: 0.8440, false positive rate: 0.2708, correction rate: 0.7883
2026-04-28 02:15:14,722 - => LFBA current anchor-derived target label: 6
2026-04-28 02:15:14,799 - =>Add Trigger to Train Data
2026-04-28 02:15:14,907 - Add Trigger to 2500 Poison Samples, 47500 Clean Samples (0.05)
2026-04-28 02:15:14,926 - => Start Training for Injecting Backdoor...
2026-04-28 02:15:15,338 - Epoch: 45, 1/196: VFL loss: 0.1846, total loss: 0.1448, anchor loss: 0.1050, VFL train accuracy: 0.9297
2026-04-28 02:15:19,288 - Epoch: 45, 11/196: VFL loss: 0.1681, total loss: 0.1343, anchor loss: 0.1006, VFL train accuracy: 0.9400
2026-04-28 02:15:23,171 - Epoch: 45, 21/196: VFL loss: 0.1891, total loss: 0.1461, anchor loss: 0.1030, VFL train accuracy: 0.9342
2026-04-28 02:15:27,053 - Epoch: 45, 31/196: VFL loss: 0.1902, total loss: 0.1467, anchor loss: 0.1032, VFL train accuracy: 0.9337
2026-04-28 02:15:30,923 - Epoch: 45, 41/196: VFL loss: 0.1897, total loss: 0.1466, anchor loss: 0.1034, VFL train accuracy: 0.9340
2026-04-28 02:15:34,854 - Epoch: 45, 51/196: VFL loss: 0.1898, total loss: 0.1465, anchor loss: 0.1032, VFL train accuracy: 0.9344
2026-04-28 02:15:38,756 - Epoch: 45, 61/196: VFL loss: 0.1888, total loss: 0.1458, anchor loss: 0.1029, VFL train accuracy: 0.9346
2026-04-28 02:15:42,627 - Epoch: 45, 71/196: VFL loss: 0.1895, total loss: 0.1461, anchor loss: 0.1027, VFL train accuracy: 0.9348
2026-04-28 02:15:46,495 - Epoch: 45, 81/196: VFL loss: 0.1902, total loss: 0.1465, anchor loss: 0.1028, VFL train accuracy: 0.9346
2026-04-28 02:15:50,397 - Epoch: 45, 91/196: VFL loss: 0.1924, total loss: 0.1477, anchor loss: 0.1030, VFL train accuracy: 0.9341
2026-04-28 02:15:54,273 - Epoch: 45, 101/196: VFL loss: 0.1909, total loss: 0.1469, anchor loss: 0.1028, VFL train accuracy: 0.9349
2026-04-28 02:15:58,197 - Epoch: 45, 111/196: VFL loss: 0.1901, total loss: 0.1465, anchor loss: 0.1029, VFL train accuracy: 0.9354
2026-04-28 02:16:02,123 - Epoch: 45, 121/196: VFL loss: 0.1890, total loss: 0.1459, anchor loss: 0.1029, VFL train accuracy: 0.9362
2026-04-28 02:16:05,966 - Epoch: 45, 131/196: VFL loss: 0.1891, total loss: 0.1459, anchor loss: 0.1026, VFL train accuracy: 0.9359
2026-04-28 02:16:09,834 - Epoch: 45, 141/196: VFL loss: 0.1884, total loss: 0.1454, anchor loss: 0.1025, VFL train accuracy: 0.9358
2026-04-28 02:16:13,721 - Epoch: 45, 151/196: VFL loss: 0.1887, total loss: 0.1455, anchor loss: 0.1023, VFL train accuracy: 0.9356
2026-04-28 02:16:17,604 - Epoch: 45, 161/196: VFL loss: 0.1882, total loss: 0.1452, anchor loss: 0.1023, VFL train accuracy: 0.9356
2026-04-28 02:16:21,505 - Epoch: 45, 171/196: VFL loss: 0.1867, total loss: 0.1445, anchor loss: 0.1022, VFL train accuracy: 0.9358
2026-04-28 02:16:25,451 - Epoch: 45, 181/196: VFL loss: 0.1862, total loss: 0.1442, anchor loss: 0.1022, VFL train accuracy: 0.9358
2026-04-28 02:16:29,307 - Epoch: 45, 191/196: VFL loss: 0.1871, total loss: 0.1447, anchor loss: 0.1023, VFL train accuracy: 0.9355
2026-04-28 02:16:31,029 - => Recorded Stage 2 client anchor losses for epoch 45 to './results/AVGuard/threeclient_full_avguard_fixed_lambda_anchor_theta_supp_sensitivity/theta_supp_0.05/CIFAR10/stage2\stage2_final_epoch_client_anchor_losses.json': {0: 0.109475, 1: 0.087995, 2: 0.109273}
2026-04-28 02:16:31,031 - => Stage 2 EMA anchor update skipped at epoch 45 because momentum=1.0000 disables EMA; eligible classes per client {0: 10, 1: 10, 2: 10}
2026-04-28 02:16:31,031 - => Stage 2 Epoch 45 Training Summary: VFL loss: 0.1879, total loss: 0.1451, anchor loss: 0.1023, VFL train accuracy: 0.9355
2026-04-28 02:16:31,031 - => Test ASR...
2026-04-28 02:16:31,070 - =>Add Trigger to Test Data
2026-04-28 02:16:31,187 - Add Trigger to 9000 Poison Samples, 1000 Clean Samples (1.00)
2026-04-28 02:16:48,413 - => Test Epoch: 45, main task samples: 10000, attack samples: 10000, test loss: 0.5987, clean acc: 0.7130, Top-4: 0.9817, ASR: 0.0438, RAC: 0.7604, test target accuracy: 0.8520, stage3 final accuracy: 0.7130, stage3 final target accuracy: 0.7800, stage3 final asr: 0.0438, anchor loss: 0.1146
2026-04-28 02:16:48,414 - => Stage 3 Detection Summary: recall: 0.9559, precision: 0.7571, f1: 0.8450, false positive rate: 0.2727, correction rate: 0.7905
2026-04-28 02:16:48,414 - => Stage 3 Debug (clean): suspicious=2727/10000, correction_applied=2704, prediction_changed=2704, skipped_tied_vote=0, skipped_low_margin=0, skipped_other=23
2026-04-28 02:16:48,414 - => Stage 3 Debug (poison-valid): suspicious=8507/9000, correction_applied=8507, prediction_changed=8507, skipped_tied_vote=0, skipped_low_margin=0, skipped_other=0
2026-04-28 02:16:48,415 - => Stage 3 Debug (attack-success): suspicious=8505/8897, correction_applied=8505, prediction_changed=8505, corrected_to_true=6723
2026-04-28 02:16:48,415 - => Stage 3 Effective Support Avg: clean(all)=2.0686, clean_suspicious(false_positive)=0.8750, clean_correction_applied=0.8739, poison_valid(all)=1.0576, poison_valid_suspicious=1.0000, poison_valid_correction_applied=1.0000, attack_success(all)=1.0469, attack_success_suspicious=1.0000
2026-04-28 02:16:48,416 - => Stage 2 checkpoint score: mean(clean_acc=0.7130, recall=0.9559, correction_rate=0.7905) = 0.8198
2026-04-28 02:16:48,416 - => Save best checkpoint model...
2026-04-28 02:16:51,148 - => End Epoch: 45, early stop epochs: 0, best epoch: 45, best clean acc: 0.7130, best Top-4: 0.9817, best ASR: 0.0438, best RAC: 0.7604, anchor loss: 0.1146, best checkpoint score: 0.8198
2026-04-28 02:16:51,150 - => Stage 3 Detection Summary: recall: 0.9559, precision: 0.7571, f1: 0.8450, false positive rate: 0.2727, correction rate: 0.7905
2026-04-28 02:16:51,194 - => LFBA current anchor-derived target label: 6
2026-04-28 02:16:51,270 - =>Add Trigger to Train Data
2026-04-28 02:16:51,380 - Add Trigger to 2500 Poison Samples, 47500 Clean Samples (0.05)
2026-04-28 02:16:51,398 - => Start Training for Injecting Backdoor...
2026-04-28 02:16:51,782 - Epoch: 46, 1/196: VFL loss: 0.1739, total loss: 0.1364, anchor loss: 0.0989, VFL train accuracy: 0.9336
2026-04-28 02:16:55,749 - Epoch: 46, 11/196: VFL loss: 0.1568, total loss: 0.1280, anchor loss: 0.0993, VFL train accuracy: 0.9450
2026-04-28 02:16:59,668 - Epoch: 46, 21/196: VFL loss: 0.1694, total loss: 0.1355, anchor loss: 0.1016, VFL train accuracy: 0.9384
2026-04-28 02:17:03,598 - Epoch: 46, 31/196: VFL loss: 0.1696, total loss: 0.1356, anchor loss: 0.1016, VFL train accuracy: 0.9390
2026-04-28 02:17:07,647 - Epoch: 46, 41/196: VFL loss: 0.1779, total loss: 0.1401, anchor loss: 0.1023, VFL train accuracy: 0.9363
2026-04-28 02:17:11,551 - Epoch: 46, 51/196: VFL loss: 0.1777, total loss: 0.1401, anchor loss: 0.1025, VFL train accuracy: 0.9358
2026-04-28 02:17:15,398 - Epoch: 46, 61/196: VFL loss: 0.1785, total loss: 0.1405, anchor loss: 0.1026, VFL train accuracy: 0.9366
2026-04-28 02:17:19,318 - Epoch: 46, 71/196: VFL loss: 0.1792, total loss: 0.1406, anchor loss: 0.1021, VFL train accuracy: 0.9361
2026-04-28 02:17:23,219 - Epoch: 46, 81/196: VFL loss: 0.1821, total loss: 0.1423, anchor loss: 0.1025, VFL train accuracy: 0.9350
2026-04-28 02:17:27,088 - Epoch: 46, 91/196: VFL loss: 0.1833, total loss: 0.1430, anchor loss: 0.1028, VFL train accuracy: 0.9342
2026-04-28 02:17:31,018 - Epoch: 46, 101/196: VFL loss: 0.1853, total loss: 0.1440, anchor loss: 0.1028, VFL train accuracy: 0.9341
2026-04-28 02:17:34,898 - Epoch: 46, 111/196: VFL loss: 0.1863, total loss: 0.1445, anchor loss: 0.1027, VFL train accuracy: 0.9345
2026-04-28 02:17:38,849 - Epoch: 46, 121/196: VFL loss: 0.1872, total loss: 0.1449, anchor loss: 0.1026, VFL train accuracy: 0.9346
2026-04-28 02:17:42,749 - Epoch: 46, 131/196: VFL loss: 0.1861, total loss: 0.1444, anchor loss: 0.1026, VFL train accuracy: 0.9348
2026-04-28 02:17:46,647 - Epoch: 46, 141/196: VFL loss: 0.1860, total loss: 0.1442, anchor loss: 0.1024, VFL train accuracy: 0.9351
2026-04-28 02:17:50,514 - Epoch: 46, 151/196: VFL loss: 0.1872, total loss: 0.1448, anchor loss: 0.1024, VFL train accuracy: 0.9348
2026-04-28 02:17:54,417 - Epoch: 46, 161/196: VFL loss: 0.1891, total loss: 0.1458, anchor loss: 0.1026, VFL train accuracy: 0.9343
2026-04-28 02:17:58,319 - Epoch: 46, 171/196: VFL loss: 0.1884, total loss: 0.1454, anchor loss: 0.1024, VFL train accuracy: 0.9346
2026-04-28 02:18:02,248 - Epoch: 46, 181/196: VFL loss: 0.1884, total loss: 0.1455, anchor loss: 0.1026, VFL train accuracy: 0.9346
2026-04-28 02:18:06,147 - Epoch: 46, 191/196: VFL loss: 0.1887, total loss: 0.1457, anchor loss: 0.1027, VFL train accuracy: 0.9348
2026-04-28 02:18:07,939 - => Recorded Stage 2 client anchor losses for epoch 46 to './results/AVGuard/threeclient_full_avguard_fixed_lambda_anchor_theta_supp_sensitivity/theta_supp_0.05/CIFAR10/stage2\stage2_final_epoch_client_anchor_losses.json': {0: 0.10989, 1: 0.088527, 2: 0.10973}
2026-04-28 02:18:07,942 - => Stage 2 EMA anchor update skipped at epoch 46 because momentum=1.0000 disables EMA; eligible classes per client {0: 10, 1: 10, 2: 10}
2026-04-28 02:18:07,942 - => Stage 2 Epoch 46 Training Summary: VFL loss: 0.1886, total loss: 0.1457, anchor loss: 0.1028, VFL train accuracy: 0.9347
2026-04-28 02:18:07,942 - => Test ASR...
2026-04-28 02:18:07,993 - =>Add Trigger to Test Data
2026-04-28 02:18:08,110 - Add Trigger to 9000 Poison Samples, 1000 Clean Samples (1.00)
2026-04-28 02:18:25,345 - => Test Epoch: 46, main task samples: 10000, attack samples: 10000, test loss: 0.5974, clean acc: 0.7127, Top-4: 0.9820, ASR: 0.0460, RAC: 0.7591, test target accuracy: 0.8570, stage3 final accuracy: 0.7127, stage3 final target accuracy: 0.7930, stage3 final asr: 0.0460, anchor loss: 0.1147
2026-04-28 02:18:25,345 - => Stage 3 Detection Summary: recall: 0.9538, precision: 0.7577, f1: 0.8445, false positive rate: 0.2708, correction rate: 0.7891
2026-04-28 02:18:25,346 - => Stage 3 Debug (clean): suspicious=2708/10000, correction_applied=2683, prediction_changed=2683, skipped_tied_vote=0, skipped_low_margin=0, skipped_other=25
2026-04-28 02:18:25,346 - => Stage 3 Debug (poison-valid): suspicious=8479/9000, correction_applied=8479, prediction_changed=8479, skipped_tied_vote=0, skipped_low_margin=0, skipped_other=0
2026-04-28 02:18:25,346 - => Stage 3 Debug (attack-success): suspicious=8476/8887, correction_applied=8476, prediction_changed=8476, corrected_to_true=6688
2026-04-28 02:18:25,347 - => Stage 3 Effective Support Avg: clean(all)=2.0666, clean_suspicious(false_positive)=0.8696, clean_correction_applied=0.8692, poison_valid(all)=1.0613, poison_valid_suspicious=1.0000, poison_valid_correction_applied=1.0000, attack_success(all)=1.0497, attack_success_suspicious=1.0000
2026-04-28 02:18:25,348 - => Stage 2 checkpoint score: mean(clean_acc=0.7127, recall=0.9538, correction_rate=0.7891) = 0.8185
2026-04-28 02:18:26,703 - => End Epoch: 46, early stop epochs: 1, best epoch: 45, best clean acc: 0.7130, best Top-4: 0.9817, best ASR: 0.0438, best RAC: 0.7604, anchor loss: 0.1146, best checkpoint score: 0.8198
2026-04-28 02:18:26,704 - => Stage 3 Detection Summary: recall: 0.9559, precision: 0.7571, f1: 0.8450, false positive rate: 0.2727, correction rate: 0.7905
2026-04-28 02:18:26,754 - => LFBA current anchor-derived target label: 6
2026-04-28 02:18:26,829 - =>Add Trigger to Train Data
2026-04-28 02:18:26,937 - Add Trigger to 2500 Poison Samples, 47500 Clean Samples (0.05)
2026-04-28 02:18:26,956 - => Start Training for Injecting Backdoor...
2026-04-28 02:18:27,367 - Epoch: 47, 1/196: VFL loss: 0.1936, total loss: 0.1479, anchor loss: 0.1022, VFL train accuracy: 0.9336
2026-04-28 02:18:31,258 - Epoch: 47, 11/196: VFL loss: 0.2112, total loss: 0.1568, anchor loss: 0.1025, VFL train accuracy: 0.9251
2026-04-28 02:18:35,108 - Epoch: 47, 21/196: VFL loss: 0.1962, total loss: 0.1493, anchor loss: 0.1024, VFL train accuracy: 0.9330
2026-04-28 02:18:39,057 - Epoch: 47, 31/196: VFL loss: 0.1923, total loss: 0.1471, anchor loss: 0.1018, VFL train accuracy: 0.9338
2026-04-28 02:18:42,958 - Epoch: 47, 41/196: VFL loss: 0.1880, total loss: 0.1447, anchor loss: 0.1014, VFL train accuracy: 0.9362
2026-04-28 02:18:46,858 - Epoch: 47, 51/196: VFL loss: 0.1876, total loss: 0.1447, anchor loss: 0.1018, VFL train accuracy: 0.9358
2026-04-28 02:18:50,758 - Epoch: 47, 61/196: VFL loss: 0.1865, total loss: 0.1443, anchor loss: 0.1020, VFL train accuracy: 0.9354
2026-04-28 02:18:54,657 - Epoch: 47, 71/196: VFL loss: 0.1875, total loss: 0.1449, anchor loss: 0.1023, VFL train accuracy: 0.9343
2026-04-28 02:18:58,557 - Epoch: 47, 81/196: VFL loss: 0.1895, total loss: 0.1459, anchor loss: 0.1024, VFL train accuracy: 0.9336
2026-04-28 02:19:02,498 - Epoch: 47, 91/196: VFL loss: 0.1893, total loss: 0.1458, anchor loss: 0.1023, VFL train accuracy: 0.9334
2026-04-28 02:19:06,427 - Epoch: 47, 101/196: VFL loss: 0.1887, total loss: 0.1455, anchor loss: 0.1022, VFL train accuracy: 0.9331
2026-04-28 02:19:10,345 - Epoch: 47, 111/196: VFL loss: 0.1894, total loss: 0.1459, anchor loss: 0.1024, VFL train accuracy: 0.9332
2026-04-28 02:19:14,219 - Epoch: 47, 121/196: VFL loss: 0.1907, total loss: 0.1467, anchor loss: 0.1026, VFL train accuracy: 0.9327
2026-04-28 02:19:18,117 - Epoch: 47, 131/196: VFL loss: 0.1904, total loss: 0.1466, anchor loss: 0.1027, VFL train accuracy: 0.9330
2026-04-28 02:19:21,957 - Epoch: 47, 141/196: VFL loss: 0.1899, total loss: 0.1462, anchor loss: 0.1025, VFL train accuracy: 0.9331
2026-04-28 02:19:25,858 - Epoch: 47, 151/196: VFL loss: 0.1896, total loss: 0.1460, anchor loss: 0.1025, VFL train accuracy: 0.9333
2026-04-28 02:19:29,762 - Epoch: 47, 161/196: VFL loss: 0.1892, total loss: 0.1458, anchor loss: 0.1025, VFL train accuracy: 0.9330
2026-04-28 02:19:33,653 - Epoch: 47, 171/196: VFL loss: 0.1892, total loss: 0.1458, anchor loss: 0.1025, VFL train accuracy: 0.9329
2026-04-28 02:19:37,557 - Epoch: 47, 181/196: VFL loss: 0.1889, total loss: 0.1456, anchor loss: 0.1024, VFL train accuracy: 0.9332
2026-04-28 02:19:41,394 - Epoch: 47, 191/196: VFL loss: 0.1879, total loss: 0.1451, anchor loss: 0.1023, VFL train accuracy: 0.9337
2026-04-28 02:19:43,168 - => Recorded Stage 2 client anchor losses for epoch 47 to './results/AVGuard/threeclient_full_avguard_fixed_lambda_anchor_theta_supp_sensitivity/theta_supp_0.05/CIFAR10/stage2\stage2_final_epoch_client_anchor_losses.json': {0: 0.109423, 1: 0.088424, 2: 0.109268}
2026-04-28 02:19:43,170 - => Stage 2 EMA anchor update skipped at epoch 47 because momentum=1.0000 disables EMA; eligible classes per client {0: 10, 1: 10, 2: 10}
2026-04-28 02:19:43,171 - => Stage 2 Epoch 47 Training Summary: VFL loss: 0.1887, total loss: 0.1455, anchor loss: 0.1024, VFL train accuracy: 0.9337
2026-04-28 02:19:43,172 - => Test ASR...
2026-04-28 02:19:43,221 - =>Add Trigger to Test Data
2026-04-28 02:19:43,339 - Add Trigger to 9000 Poison Samples, 1000 Clean Samples (1.00)
2026-04-28 02:20:00,570 - => Test Epoch: 47, main task samples: 10000, attack samples: 10000, test loss: 0.5969, clean acc: 0.7136, Top-4: 0.9821, ASR: 0.0441, RAC: 0.7595, test target accuracy: 0.8550, stage3 final accuracy: 0.7136, stage3 final target accuracy: 0.7830, stage3 final asr: 0.0441, anchor loss: 0.1145
2026-04-28 02:20:00,571 - => Stage 3 Detection Summary: recall: 0.9557, precision: 0.7551, f1: 0.8436, false positive rate: 0.2705, correction rate: 0.7862
2026-04-28 02:20:00,572 - => Stage 3 Debug (clean): suspicious=2705/10000, correction_applied=2682, prediction_changed=2682, skipped_tied_vote=0, skipped_low_margin=0, skipped_other=23
2026-04-28 02:20:00,572 - => Stage 3 Debug (poison-valid): suspicious=8377/9000, correction_applied=8377, prediction_changed=8377, skipped_tied_vote=0, skipped_low_margin=0, skipped_other=0
2026-04-28 02:20:00,573 - => Stage 3 Debug (attack-success): suspicious=8368/8756, correction_applied=8368, prediction_changed=8368, corrected_to_true=6579
2026-04-28 02:20:00,574 - => Stage 3 Effective Support Avg: clean(all)=2.0696, clean_suspicious(false_positive)=0.8706, clean_correction_applied=0.8695, poison_valid(all)=1.0722, poison_valid_suspicious=1.0000, poison_valid_correction_applied=1.0000, attack_success(all)=1.0474, attack_success_suspicious=1.0000
2026-04-28 02:20:00,575 - => Stage 2 checkpoint score: mean(clean_acc=0.7136, recall=0.9557, correction_rate=0.7862) = 0.8185
2026-04-28 02:20:01,446 - => End Epoch: 47, early stop epochs: 2, best epoch: 45, best clean acc: 0.7130, best Top-4: 0.9817, best ASR: 0.0438, best RAC: 0.7604, anchor loss: 0.1146, best checkpoint score: 0.8198
2026-04-28 02:20:01,448 - => Stage 3 Detection Summary: recall: 0.9559, precision: 0.7571, f1: 0.8450, false positive rate: 0.2727, correction rate: 0.7905
2026-04-28 02:20:01,505 - => LFBA current anchor-derived target label: 6
2026-04-28 02:20:01,579 - =>Add Trigger to Train Data
2026-04-28 02:20:01,686 - Add Trigger to 2500 Poison Samples, 47500 Clean Samples (0.05)
2026-04-28 02:20:01,704 - => Start Training for Injecting Backdoor...
2026-04-28 02:20:02,109 - Epoch: 48, 1/196: VFL loss: 0.2158, total loss: 0.1589, anchor loss: 0.1020, VFL train accuracy: 0.9023
2026-04-28 02:20:06,068 - Epoch: 48, 11/196: VFL loss: 0.1815, total loss: 0.1413, anchor loss: 0.1011, VFL train accuracy: 0.9386
2026-04-28 02:20:10,013 - Epoch: 48, 21/196: VFL loss: 0.1749, total loss: 0.1378, anchor loss: 0.1008, VFL train accuracy: 0.9386
2026-04-28 02:20:13,888 - Epoch: 48, 31/196: VFL loss: 0.1793, total loss: 0.1403, anchor loss: 0.1012, VFL train accuracy: 0.9375
2026-04-28 02:20:17,768 - Epoch: 48, 41/196: VFL loss: 0.1806, total loss: 0.1413, anchor loss: 0.1020, VFL train accuracy: 0.9380
2026-04-28 02:20:21,687 - Epoch: 48, 51/196: VFL loss: 0.1807, total loss: 0.1413, anchor loss: 0.1019, VFL train accuracy: 0.9384
2026-04-28 02:20:25,588 - Epoch: 48, 61/196: VFL loss: 0.1792, total loss: 0.1405, anchor loss: 0.1018, VFL train accuracy: 0.9388
2026-04-28 02:20:29,525 - Epoch: 48, 71/196: VFL loss: 0.1769, total loss: 0.1393, anchor loss: 0.1017, VFL train accuracy: 0.9396
2026-04-28 02:20:33,445 - Epoch: 48, 81/196: VFL loss: 0.1775, total loss: 0.1396, anchor loss: 0.1018, VFL train accuracy: 0.9389
2026-04-28 02:20:37,348 - Epoch: 48, 91/196: VFL loss: 0.1810, total loss: 0.1415, anchor loss: 0.1021, VFL train accuracy: 0.9377
2026-04-28 02:20:41,212 - Epoch: 48, 101/196: VFL loss: 0.1815, total loss: 0.1418, anchor loss: 0.1021, VFL train accuracy: 0.9375
2026-04-28 02:20:45,117 - Epoch: 48, 111/196: VFL loss: 0.1824, total loss: 0.1422, anchor loss: 0.1021, VFL train accuracy: 0.9376
2026-04-28 02:20:48,988 - Epoch: 48, 121/196: VFL loss: 0.1848, total loss: 0.1436, anchor loss: 0.1023, VFL train accuracy: 0.9366
2026-04-28 02:20:52,887 - Epoch: 48, 131/196: VFL loss: 0.1839, total loss: 0.1431, anchor loss: 0.1022, VFL train accuracy: 0.9366
2026-04-28 02:20:56,792 - Epoch: 48, 141/196: VFL loss: 0.1853, total loss: 0.1437, anchor loss: 0.1022, VFL train accuracy: 0.9361
2026-04-28 02:21:00,733 - Epoch: 48, 151/196: VFL loss: 0.1849, total loss: 0.1436, anchor loss: 0.1023, VFL train accuracy: 0.9364
2026-04-28 02:21:04,617 - Epoch: 48, 161/196: VFL loss: 0.1853, total loss: 0.1438, anchor loss: 0.1023, VFL train accuracy: 0.9363
2026-04-28 02:21:08,498 - Epoch: 48, 171/196: VFL loss: 0.1854, total loss: 0.1438, anchor loss: 0.1022, VFL train accuracy: 0.9362
2026-04-28 02:21:12,388 - Epoch: 48, 181/196: VFL loss: 0.1848, total loss: 0.1435, anchor loss: 0.1022, VFL train accuracy: 0.9365
2026-04-28 02:21:16,288 - Epoch: 48, 191/196: VFL loss: 0.1855, total loss: 0.1439, anchor loss: 0.1023, VFL train accuracy: 0.9362
2026-04-28 02:21:18,032 - => Recorded Stage 2 client anchor losses for epoch 48 to './results/AVGuard/threeclient_full_avguard_fixed_lambda_anchor_theta_supp_sensitivity/theta_supp_0.05/CIFAR10/stage2\stage2_final_epoch_client_anchor_losses.json': {0: 0.108905, 1: 0.087785, 2: 0.110103}
2026-04-28 02:21:18,035 - => Stage 2 EMA anchor update skipped at epoch 48 because momentum=1.0000 disables EMA; eligible classes per client {0: 10, 1: 10, 2: 10}
2026-04-28 02:21:18,036 - => Stage 2 Epoch 48 Training Summary: VFL loss: 0.1862, total loss: 0.1442, anchor loss: 0.1023, VFL train accuracy: 0.9360
2026-04-28 02:21:18,036 - => Test ASR...
2026-04-28 02:21:18,078 - =>Add Trigger to Test Data
2026-04-28 02:21:18,195 - Add Trigger to 9000 Poison Samples, 1000 Clean Samples (1.00)
2026-04-28 02:21:35,453 - => Test Epoch: 48, main task samples: 10000, attack samples: 10000, test loss: 0.5943, clean acc: 0.7133, Top-4: 0.9822, ASR: 0.0452, RAC: 0.7585, test target accuracy: 0.8610, stage3 final accuracy: 0.7133, stage3 final target accuracy: 0.7960, stage3 final asr: 0.0452, anchor loss: 0.1145
2026-04-28 02:21:35,454 - => Stage 3 Detection Summary: recall: 0.9544, precision: 0.7564, f1: 0.8440, false positive rate: 0.2707, correction rate: 0.7861
2026-04-28 02:21:35,455 - => Stage 3 Debug (clean): suspicious=2707/10000, correction_applied=2683, prediction_changed=2683, skipped_tied_vote=0, skipped_low_margin=0, skipped_other=24
2026-04-28 02:21:35,455 - => Stage 3 Debug (poison-valid): suspicious=8426/9000, correction_applied=8426, prediction_changed=8426, skipped_tied_vote=0, skipped_low_margin=0, skipped_other=0
2026-04-28 02:21:35,456 - => Stage 3 Debug (attack-success): suspicious=8421/8823, correction_applied=8421, prediction_changed=8421, corrected_to_true=6620
2026-04-28 02:21:35,457 - => Stage 3 Effective Support Avg: clean(all)=2.0679, clean_suspicious(false_positive)=0.8729, clean_correction_applied=0.8722, poison_valid(all)=1.0667, poison_valid_suspicious=1.0000, poison_valid_correction_applied=1.0000, attack_success(all)=1.0485, attack_success_suspicious=1.0000
2026-04-28 02:21:35,458 - => Stage 2 checkpoint score: mean(clean_acc=0.7133, recall=0.9544, correction_rate=0.7861) = 0.8180
2026-04-28 02:21:36,289 - => End Epoch: 48, early stop epochs: 3, best epoch: 45, best clean acc: 0.7130, best Top-4: 0.9817, best ASR: 0.0438, best RAC: 0.7604, anchor loss: 0.1146, best checkpoint score: 0.8198
2026-04-28 02:21:36,291 - => Stage 3 Detection Summary: recall: 0.9559, precision: 0.7571, f1: 0.8450, false positive rate: 0.2727, correction rate: 0.7905
2026-04-28 02:21:36,334 - => LFBA current anchor-derived target label: 6
2026-04-28 02:21:36,409 - =>Add Trigger to Train Data
2026-04-28 02:21:36,517 - Add Trigger to 2500 Poison Samples, 47500 Clean Samples (0.05)
2026-04-28 02:21:36,536 - => Start Training for Injecting Backdoor...
2026-04-28 02:21:36,942 - Epoch: 49, 1/196: VFL loss: 0.1580, total loss: 0.1304, anchor loss: 0.1028, VFL train accuracy: 0.9297
2026-04-28 02:21:40,798 - Epoch: 49, 11/196: VFL loss: 0.1768, total loss: 0.1390, anchor loss: 0.1013, VFL train accuracy: 0.9339
2026-04-28 02:21:44,698 - Epoch: 49, 21/196: VFL loss: 0.1816, total loss: 0.1418, anchor loss: 0.1020, VFL train accuracy: 0.9336
2026-04-28 02:21:48,568 - Epoch: 49, 31/196: VFL loss: 0.1765, total loss: 0.1391, anchor loss: 0.1018, VFL train accuracy: 0.9371
2026-04-28 02:21:52,467 - Epoch: 49, 41/196: VFL loss: 0.1778, total loss: 0.1398, anchor loss: 0.1018, VFL train accuracy: 0.9371
2026-04-28 02:21:56,368 - Epoch: 49, 51/196: VFL loss: 0.1807, total loss: 0.1414, anchor loss: 0.1021, VFL train accuracy: 0.9352
2026-04-28 02:22:00,237 - Epoch: 49, 61/196: VFL loss: 0.1828, total loss: 0.1424, anchor loss: 0.1020, VFL train accuracy: 0.9342
2026-04-28 02:22:04,210 - Epoch: 49, 71/196: VFL loss: 0.1834, total loss: 0.1428, anchor loss: 0.1023, VFL train accuracy: 0.9344
2026-04-28 02:22:08,097 - Epoch: 49, 81/196: VFL loss: 0.1826, total loss: 0.1425, anchor loss: 0.1023, VFL train accuracy: 0.9354
2026-04-28 02:22:12,010 - Epoch: 49, 91/196: VFL loss: 0.1840, total loss: 0.1431, anchor loss: 0.1023, VFL train accuracy: 0.9351
2026-04-28 02:22:15,998 - Epoch: 49, 101/196: VFL loss: 0.1843, total loss: 0.1432, anchor loss: 0.1022, VFL train accuracy: 0.9357
2026-04-28 02:22:19,883 - Epoch: 49, 111/196: VFL loss: 0.1839, total loss: 0.1431, anchor loss: 0.1022, VFL train accuracy: 0.9359
2026-04-28 02:22:23,857 - Epoch: 49, 121/196: VFL loss: 0.1841, total loss: 0.1432, anchor loss: 0.1023, VFL train accuracy: 0.9362
2026-04-28 02:22:27,779 - Epoch: 49, 131/196: VFL loss: 0.1851, total loss: 0.1438, anchor loss: 0.1025, VFL train accuracy: 0.9354
2026-04-28 02:22:31,805 - Epoch: 49, 141/196: VFL loss: 0.1861, total loss: 0.1443, anchor loss: 0.1025, VFL train accuracy: 0.9349
2026-04-28 02:22:35,707 - Epoch: 49, 151/196: VFL loss: 0.1866, total loss: 0.1445, anchor loss: 0.1024, VFL train accuracy: 0.9344
2026-04-28 02:22:39,628 - Epoch: 49, 161/196: VFL loss: 0.1862, total loss: 0.1443, anchor loss: 0.1024, VFL train accuracy: 0.9346
2026-04-28 02:22:43,510 - Epoch: 49, 171/196: VFL loss: 0.1864, total loss: 0.1443, anchor loss: 0.1022, VFL train accuracy: 0.9346
2026-04-28 02:22:47,408 - Epoch: 49, 181/196: VFL loss: 0.1866, total loss: 0.1444, anchor loss: 0.1021, VFL train accuracy: 0.9347
2026-04-28 02:22:51,329 - Epoch: 49, 191/196: VFL loss: 0.1863, total loss: 0.1442, anchor loss: 0.1022, VFL train accuracy: 0.9351
2026-04-28 02:22:53,112 - => Recorded Stage 2 client anchor losses for epoch 49 to './results/AVGuard/threeclient_full_avguard_fixed_lambda_anchor_theta_supp_sensitivity/theta_supp_0.05/CIFAR10/stage2\stage2_final_epoch_client_anchor_losses.json': {0: 0.109855, 1: 0.088069, 2: 0.108743}
2026-04-28 02:22:53,116 - => Stage 2 EMA anchor update skipped at epoch 49 because momentum=1.0000 disables EMA; eligible classes per client {0: 10, 1: 10, 2: 10}
2026-04-28 02:22:53,117 - => Stage 2 Epoch 49 Training Summary: VFL loss: 0.1868, total loss: 0.1445, anchor loss: 0.1022, VFL train accuracy: 0.9348
2026-04-28 02:22:53,117 - => Test ASR...
2026-04-28 02:22:53,162 - =>Add Trigger to Test Data
2026-04-28 02:22:53,279 - Add Trigger to 9000 Poison Samples, 1000 Clean Samples (1.00)
2026-04-28 02:23:10,593 - => Test Epoch: 49, main task samples: 10000, attack samples: 10000, test loss: 0.5962, clean acc: 0.7118, Top-4: 0.9821, ASR: 0.0482, RAC: 0.7570, test target accuracy: 0.8540, stage3 final accuracy: 0.7118, stage3 final target accuracy: 0.7930, stage3 final asr: 0.0482, anchor loss: 0.1145
2026-04-28 02:23:10,594 - => Stage 3 Detection Summary: recall: 0.9513, precision: 0.7508, f1: 0.8393, false positive rate: 0.2716, correction rate: 0.7828
2026-04-28 02:23:10,595 - => Stage 3 Debug (clean): suspicious=2716/10000, correction_applied=2695, prediction_changed=2695, skipped_tied_vote=0, skipped_low_margin=0, skipped_other=21
2026-04-28 02:23:10,596 - => Stage 3 Debug (poison-valid): suspicious=8236/9000, correction_applied=8236, prediction_changed=8236, skipped_tied_vote=0, skipped_low_margin=0, skipped_other=0
2026-04-28 02:23:10,597 - => Stage 3 Debug (attack-success): suspicious=8223/8644, correction_applied=8223, prediction_changed=8223, corrected_to_true=6437
2026-04-28 02:23:10,597 - => Stage 3 Effective Support Avg: clean(all)=2.0665, clean_suspicious(false_positive)=0.8733, clean_correction_applied=0.8731, poison_valid(all)=1.0879, poison_valid_suspicious=1.0000, poison_valid_correction_applied=1.0000, attack_success(all)=1.0518, attack_success_suspicious=1.0000
2026-04-28 02:23:10,599 - => Stage 2 checkpoint score: mean(clean_acc=0.7118, recall=0.9513, correction_rate=0.7828) = 0.8153
2026-04-28 02:23:11,490 - => End Epoch: 49, early stop epochs: 4, best epoch: 45, best clean acc: 0.7130, best Top-4: 0.9817, best ASR: 0.0438, best RAC: 0.7604, anchor loss: 0.1146, best checkpoint score: 0.8198
2026-04-28 02:23:11,491 - => Stage 3 Detection Summary: recall: 0.9559, precision: 0.7571, f1: 0.8450, false positive rate: 0.2727, correction rate: 0.7905
2026-04-28 02:23:11,544 - => LFBA current anchor-derived target label: 6
2026-04-28 02:23:11,618 - =>Add Trigger to Train Data
2026-04-28 02:23:11,727 - Add Trigger to 2500 Poison Samples, 47500 Clean Samples (0.05)
2026-04-28 02:23:11,746 - => Start Training for Injecting Backdoor...
2026-04-28 02:23:12,160 - Epoch: 50, 1/196: VFL loss: 0.1337, total loss: 0.1154, anchor loss: 0.0971, VFL train accuracy: 0.9688
2026-04-28 02:23:16,078 - Epoch: 50, 11/196: VFL loss: 0.1676, total loss: 0.1346, anchor loss: 0.1017, VFL train accuracy: 0.9435
2026-04-28 02:23:19,945 - Epoch: 50, 21/196: VFL loss: 0.1747, total loss: 0.1387, anchor loss: 0.1027, VFL train accuracy: 0.9403
2026-04-28 02:23:23,788 - Epoch: 50, 31/196: VFL loss: 0.1693, total loss: 0.1353, anchor loss: 0.1013, VFL train accuracy: 0.9410
2026-04-28 02:23:27,659 - Epoch: 50, 41/196: VFL loss: 0.1756, total loss: 0.1386, anchor loss: 0.1016, VFL train accuracy: 0.9397
2026-04-28 02:23:31,537 - Epoch: 50, 51/196: VFL loss: 0.1748, total loss: 0.1381, anchor loss: 0.1014, VFL train accuracy: 0.9390
2026-04-28 02:23:35,457 - Epoch: 50, 61/196: VFL loss: 0.1750, total loss: 0.1381, anchor loss: 0.1011, VFL train accuracy: 0.9390
2026-04-28 02:23:39,368 - Epoch: 50, 71/196: VFL loss: 0.1739, total loss: 0.1376, anchor loss: 0.1013, VFL train accuracy: 0.9388
2026-04-28 02:23:43,318 - Epoch: 50, 81/196: VFL loss: 0.1738, total loss: 0.1376, anchor loss: 0.1015, VFL train accuracy: 0.9392
2026-04-28 02:23:47,247 - Epoch: 50, 91/196: VFL loss: 0.1740, total loss: 0.1376, anchor loss: 0.1012, VFL train accuracy: 0.9391
2026-04-28 02:23:51,147 - Epoch: 50, 101/196: VFL loss: 0.1749, total loss: 0.1381, anchor loss: 0.1014, VFL train accuracy: 0.9392
2026-04-28 02:23:55,061 - Epoch: 50, 111/196: VFL loss: 0.1763, total loss: 0.1390, anchor loss: 0.1016, VFL train accuracy: 0.9386
2026-04-28 02:23:59,195 - Epoch: 50, 121/196: VFL loss: 0.1772, total loss: 0.1394, anchor loss: 0.1016, VFL train accuracy: 0.9385
2026-04-28 02:24:03,330 - Epoch: 50, 131/196: VFL loss: 0.1777, total loss: 0.1397, anchor loss: 0.1018, VFL train accuracy: 0.9384
2026-04-28 02:24:07,395 - Epoch: 50, 141/196: VFL loss: 0.1797, total loss: 0.1408, anchor loss: 0.1019, VFL train accuracy: 0.9375
2026-04-28 02:24:11,475 - Epoch: 50, 151/196: VFL loss: 0.1788, total loss: 0.1403, anchor loss: 0.1019, VFL train accuracy: 0.9374
2026-04-28 02:24:15,583 - Epoch: 50, 161/196: VFL loss: 0.1797, total loss: 0.1409, anchor loss: 0.1020, VFL train accuracy: 0.9373
2026-04-28 02:24:19,588 - Epoch: 50, 171/196: VFL loss: 0.1797, total loss: 0.1408, anchor loss: 0.1019, VFL train accuracy: 0.9372
2026-04-28 02:24:23,487 - Epoch: 50, 181/196: VFL loss: 0.1815, total loss: 0.1418, anchor loss: 0.1021, VFL train accuracy: 0.9366
2026-04-28 02:24:27,388 - Epoch: 50, 191/196: VFL loss: 0.1818, total loss: 0.1420, anchor loss: 0.1021, VFL train accuracy: 0.9365
2026-04-28 02:24:29,108 - => Recorded Stage 2 client anchor losses for epoch 50 to './results/AVGuard/threeclient_full_avguard_fixed_lambda_anchor_theta_supp_sensitivity/theta_supp_0.05/CIFAR10/stage2\stage2_final_epoch_client_anchor_losses.json': {0: 0.10853, 1: 0.087859, 2: 0.110041}
2026-04-28 02:24:29,109 - => Stage 2 EMA anchor update skipped at epoch 50 because momentum=1.0000 disables EMA; eligible classes per client {0: 10, 1: 10, 2: 10}
2026-04-28 02:24:29,109 - => Stage 2 Epoch 50 Training Summary: VFL loss: 0.1818, total loss: 0.1420, anchor loss: 0.1022, VFL train accuracy: 0.9367
2026-04-28 02:24:29,110 - => Test ASR...
2026-04-28 02:24:29,149 - =>Add Trigger to Test Data
2026-04-28 02:24:29,265 - Add Trigger to 9000 Poison Samples, 1000 Clean Samples (1.00)
2026-04-28 02:24:46,516 - => Test Epoch: 50, main task samples: 10000, attack samples: 10000, test loss: 0.6008, clean acc: 0.7138, Top-4: 0.9825, ASR: 0.0459, RAC: 0.7592, test target accuracy: 0.8520, stage3 final accuracy: 0.7138, stage3 final target accuracy: 0.7890, stage3 final asr: 0.0459, anchor loss: 0.1145
2026-04-28 02:24:46,517 - => Stage 3 Detection Summary: recall: 0.9538, precision: 0.7516, f1: 0.8407, false positive rate: 0.2738, correction rate: 0.7858
2026-04-28 02:24:46,518 - => Stage 3 Debug (clean): suspicious=2738/10000, correction_applied=2713, prediction_changed=2713, skipped_tied_vote=0, skipped_low_margin=0, skipped_other=25
2026-04-28 02:24:46,519 - => Stage 3 Debug (poison-valid): suspicious=8326/9000, correction_applied=8326, prediction_changed=8326, skipped_tied_vote=0, skipped_low_margin=0, skipped_other=0
2026-04-28 02:24:46,520 - => Stage 3 Debug (attack-success): suspicious=8316/8719, correction_applied=8316, prediction_changed=8316, corrected_to_true=6535
2026-04-28 02:24:46,520 - => Stage 3 Effective Support Avg: clean(all)=2.0650, clean_suspicious(false_positive)=0.8736, clean_correction_applied=0.8725, poison_valid(all)=1.0777, poison_valid_suspicious=1.0000, poison_valid_correction_applied=1.0000, attack_success(all)=1.0491, attack_success_suspicious=1.0000
2026-04-28 02:24:46,522 - => Stage 2 checkpoint score: mean(clean_acc=0.7138, recall=0.9538, correction_rate=0.7858) = 0.8178
2026-04-28 02:24:47,315 - => End Epoch: 50, early stop epochs: 5, best epoch: 45, best clean acc: 0.7130, best Top-4: 0.9817, best ASR: 0.0438, best RAC: 0.7604, anchor loss: 0.1146, best checkpoint score: 0.8198
2026-04-28 02:24:47,317 - => Stage 3 Detection Summary: recall: 0.9559, precision: 0.7571, f1: 0.8450, false positive rate: 0.2727, correction rate: 0.7905
2026-04-28 02:24:47,371 - => LFBA current anchor-derived target label: 6
2026-04-28 02:24:47,447 - =>Add Trigger to Train Data
2026-04-28 02:24:47,556 - Add Trigger to 2500 Poison Samples, 47500 Clean Samples (0.05)
2026-04-28 02:24:47,575 - => Start Training for Injecting Backdoor...
2026-04-28 02:24:47,982 - Epoch: 51, 1/196: VFL loss: 0.1922, total loss: 0.1496, anchor loss: 0.1070, VFL train accuracy: 0.9375
2026-04-28 02:24:51,972 - Epoch: 51, 11/196: VFL loss: 0.1979, total loss: 0.1509, anchor loss: 0.1040, VFL train accuracy: 0.9304
2026-04-28 02:24:55,888 - Epoch: 51, 21/196: VFL loss: 0.1877, total loss: 0.1453, anchor loss: 0.1030, VFL train accuracy: 0.9349
2026-04-28 02:24:59,759 - Epoch: 51, 31/196: VFL loss: 0.1939, total loss: 0.1487, anchor loss: 0.1034, VFL train accuracy: 0.9338
2026-04-28 02:25:03,727 - Epoch: 51, 41/196: VFL loss: 0.1937, total loss: 0.1483, anchor loss: 0.1030, VFL train accuracy: 0.9328
2026-04-28 02:25:07,647 - Epoch: 51, 51/196: VFL loss: 0.1889, total loss: 0.1457, anchor loss: 0.1025, VFL train accuracy: 0.9342
2026-04-28 02:25:11,574 - Epoch: 51, 61/196: VFL loss: 0.1857, total loss: 0.1440, anchor loss: 0.1022, VFL train accuracy: 0.9349
2026-04-28 02:25:15,444 - Epoch: 51, 71/196: VFL loss: 0.1843, total loss: 0.1432, anchor loss: 0.1021, VFL train accuracy: 0.9357
2026-04-28 02:25:19,344 - Epoch: 51, 81/196: VFL loss: 0.1841, total loss: 0.1431, anchor loss: 0.1021, VFL train accuracy: 0.9359
2026-04-28 02:25:23,214 - Epoch: 51, 91/196: VFL loss: 0.1827, total loss: 0.1423, anchor loss: 0.1019, VFL train accuracy: 0.9368
2026-04-28 02:25:27,115 - Epoch: 51, 101/196: VFL loss: 0.1822, total loss: 0.1421, anchor loss: 0.1020, VFL train accuracy: 0.9372
2026-04-28 02:25:31,044 - Epoch: 51, 111/196: VFL loss: 0.1822, total loss: 0.1422, anchor loss: 0.1021, VFL train accuracy: 0.9371
2026-04-28 02:25:35,008 - Epoch: 51, 121/196: VFL loss: 0.1828, total loss: 0.1424, anchor loss: 0.1020, VFL train accuracy: 0.9374
2026-04-28 02:25:38,889 - Epoch: 51, 131/196: VFL loss: 0.1830, total loss: 0.1425, anchor loss: 0.1021, VFL train accuracy: 0.9374
2026-04-28 02:25:42,748 - Epoch: 51, 141/196: VFL loss: 0.1841, total loss: 0.1431, anchor loss: 0.1021, VFL train accuracy: 0.9372
2026-04-28 02:25:46,642 - Epoch: 51, 151/196: VFL loss: 0.1838, total loss: 0.1430, anchor loss: 0.1021, VFL train accuracy: 0.9375
2026-04-28 02:25:50,547 - Epoch: 51, 161/196: VFL loss: 0.1839, total loss: 0.1430, anchor loss: 0.1020, VFL train accuracy: 0.9374
2026-04-28 02:25:54,479 - Epoch: 51, 171/196: VFL loss: 0.1861, total loss: 0.1441, anchor loss: 0.1021, VFL train accuracy: 0.9369
2026-04-28 02:25:58,405 - Epoch: 51, 181/196: VFL loss: 0.1860, total loss: 0.1441, anchor loss: 0.1021, VFL train accuracy: 0.9370
2026-04-28 02:26:02,351 - Epoch: 51, 191/196: VFL loss: 0.1869, total loss: 0.1445, anchor loss: 0.1021, VFL train accuracy: 0.9366
2026-04-28 02:26:04,148 - => Recorded Stage 2 client anchor losses for epoch 51 to './results/AVGuard/threeclient_full_avguard_fixed_lambda_anchor_theta_supp_sensitivity/theta_supp_0.05/CIFAR10/stage2\stage2_final_epoch_client_anchor_losses.json': {0: 0.109331, 1: 0.087685, 2: 0.109284}
2026-04-28 02:26:04,149 - => Stage 2 EMA anchor update skipped at epoch 51 because momentum=1.0000 disables EMA; eligible classes per client {0: 10, 1: 10, 2: 10}
2026-04-28 02:26:04,149 - => Stage 2 Epoch 51 Training Summary: VFL loss: 0.1874, total loss: 0.1448, anchor loss: 0.1021, VFL train accuracy: 0.9365
2026-04-28 02:26:04,150 - => Test ASR...
2026-04-28 02:26:04,189 - =>Add Trigger to Test Data
2026-04-28 02:26:04,305 - Add Trigger to 9000 Poison Samples, 1000 Clean Samples (1.00)
2026-04-28 02:26:21,544 - => Test Epoch: 51, main task samples: 10000, attack samples: 10000, test loss: 0.5990, clean acc: 0.7111, Top-4: 0.9821, ASR: 0.0486, RAC: 0.7590, test target accuracy: 0.8710, stage3 final accuracy: 0.7111, stage3 final target accuracy: 0.8020, stage3 final asr: 0.0486, anchor loss: 0.1146
2026-04-28 02:26:21,545 - => Stage 3 Detection Summary: recall: 0.9512, precision: 0.7562, f1: 0.8426, false positive rate: 0.2732, correction rate: 0.7907
2026-04-28 02:26:21,545 - => Stage 3 Debug (clean): suspicious=2732/10000, correction_applied=2707, prediction_changed=2707, skipped_tied_vote=0, skipped_low_margin=0, skipped_other=25
2026-04-28 02:26:21,546 - => Stage 3 Debug (poison-valid): suspicious=8482/9000, correction_applied=8482, prediction_changed=8482, skipped_tied_vote=0, skipped_low_margin=0, skipped_other=0
2026-04-28 02:26:21,546 - => Stage 3 Debug (attack-success): suspicious=8480/8915, correction_applied=8480, prediction_changed=8480, corrected_to_true=6705
2026-04-28 02:26:21,546 - => Stage 3 Effective Support Avg: clean(all)=2.0635, clean_suspicious(false_positive)=0.8726, clean_correction_applied=0.8714, poison_valid(all)=1.0609, poison_valid_suspicious=1.0000, poison_valid_correction_applied=1.0000, attack_success(all)=1.0522, attack_success_suspicious=1.0000
2026-04-28 02:26:21,547 - => Stage 2 checkpoint score: mean(clean_acc=0.7111, recall=0.9512, correction_rate=0.7907) = 0.8177
2026-04-28 02:26:22,869 - => End Epoch: 51, early stop epochs: 6, best epoch: 45, best clean acc: 0.7130, best Top-4: 0.9817, best ASR: 0.0438, best RAC: 0.7604, anchor loss: 0.1146, best checkpoint score: 0.8198
2026-04-28 02:26:22,870 - => Stage 3 Detection Summary: recall: 0.9559, precision: 0.7571, f1: 0.8450, false positive rate: 0.2727, correction rate: 0.7905
2026-04-28 02:26:22,922 - => LFBA current anchor-derived target label: 6
2026-04-28 02:26:22,997 - =>Add Trigger to Train Data
2026-04-28 02:26:23,105 - Add Trigger to 2500 Poison Samples, 47500 Clean Samples (0.05)
2026-04-28 02:26:23,124 - => Start Training for Injecting Backdoor...
2026-04-28 02:26:23,524 - Epoch: 52, 1/196: VFL loss: 0.1593, total loss: 0.1289, anchor loss: 0.0985, VFL train accuracy: 0.9492
2026-04-28 02:26:27,417 - Epoch: 52, 11/196: VFL loss: 0.1733, total loss: 0.1374, anchor loss: 0.1016, VFL train accuracy: 0.9393
2026-04-28 02:26:31,344 - Epoch: 52, 21/196: VFL loss: 0.1772, total loss: 0.1395, anchor loss: 0.1017, VFL train accuracy: 0.9390
2026-04-28 02:26:35,280 - Epoch: 52, 31/196: VFL loss: 0.1768, total loss: 0.1391, anchor loss: 0.1014, VFL train accuracy: 0.9386
2026-04-28 02:26:39,208 - Epoch: 52, 41/196: VFL loss: 0.1771, total loss: 0.1394, anchor loss: 0.1018, VFL train accuracy: 0.9384
2026-04-28 02:26:43,108 - Epoch: 52, 51/196: VFL loss: 0.1774, total loss: 0.1398, anchor loss: 0.1022, VFL train accuracy: 0.9383
2026-04-28 02:26:46,953 - Epoch: 52, 61/196: VFL loss: 0.1771, total loss: 0.1396, anchor loss: 0.1021, VFL train accuracy: 0.9379
2026-04-28 02:26:50,829 - Epoch: 52, 71/196: VFL loss: 0.1784, total loss: 0.1402, anchor loss: 0.1021, VFL train accuracy: 0.9380
2026-04-28 02:26:54,748 - Epoch: 52, 81/196: VFL loss: 0.1774, total loss: 0.1398, anchor loss: 0.1021, VFL train accuracy: 0.9386
2026-04-28 02:26:58,647 - Epoch: 52, 91/196: VFL loss: 0.1767, total loss: 0.1394, anchor loss: 0.1020, VFL train accuracy: 0.9387
2026-04-28 02:27:02,607 - Epoch: 52, 101/196: VFL loss: 0.1796, total loss: 0.1408, anchor loss: 0.1019, VFL train accuracy: 0.9377
2026-04-28 02:27:06,501 - Epoch: 52, 111/196: VFL loss: 0.1803, total loss: 0.1412, anchor loss: 0.1021, VFL train accuracy: 0.9375
2026-04-28 02:27:10,349 - Epoch: 52, 121/196: VFL loss: 0.1808, total loss: 0.1415, anchor loss: 0.1022, VFL train accuracy: 0.9371
2026-04-28 02:27:14,218 - Epoch: 52, 131/196: VFL loss: 0.1804, total loss: 0.1413, anchor loss: 0.1021, VFL train accuracy: 0.9369
2026-04-28 02:27:18,117 - Epoch: 52, 141/196: VFL loss: 0.1810, total loss: 0.1416, anchor loss: 0.1021, VFL train accuracy: 0.9367
2026-04-28 02:27:22,033 - Epoch: 52, 151/196: VFL loss: 0.1799, total loss: 0.1410, anchor loss: 0.1020, VFL train accuracy: 0.9371
2026-04-28 02:27:25,947 - Epoch: 52, 161/196: VFL loss: 0.1803, total loss: 0.1412, anchor loss: 0.1021, VFL train accuracy: 0.9372
2026-04-28 02:27:29,847 - Epoch: 52, 171/196: VFL loss: 0.1798, total loss: 0.1409, anchor loss: 0.1020, VFL train accuracy: 0.9374
2026-04-28 02:27:33,757 - Epoch: 52, 181/196: VFL loss: 0.1805, total loss: 0.1413, anchor loss: 0.1021, VFL train accuracy: 0.9374
2026-04-28 02:27:37,678 - Epoch: 52, 191/196: VFL loss: 0.1800, total loss: 0.1411, anchor loss: 0.1022, VFL train accuracy: 0.9376
2026-04-28 02:27:39,436 - => Recorded Stage 2 client anchor losses for epoch 52 to './results/AVGuard/threeclient_full_avguard_fixed_lambda_anchor_theta_supp_sensitivity/theta_supp_0.05/CIFAR10/stage2\stage2_final_epoch_client_anchor_losses.json': {0: 0.109598, 1: 0.087409, 2: 0.109417}
2026-04-28 02:27:39,440 - => Stage 2 EMA anchor update skipped at epoch 52 because momentum=1.0000 disables EMA; eligible classes per client {0: 10, 1: 10, 2: 10}
2026-04-28 02:27:39,441 - => Stage 2 Epoch 52 Training Summary: VFL loss: 0.1805, total loss: 0.1413, anchor loss: 0.1022, VFL train accuracy: 0.9375
2026-04-28 02:27:39,442 - => Test ASR...
2026-04-28 02:27:39,489 - =>Add Trigger to Test Data
2026-04-28 02:27:39,607 - Add Trigger to 9000 Poison Samples, 1000 Clean Samples (1.00)
2026-04-28 02:27:56,963 - => Test Epoch: 52, main task samples: 10000, attack samples: 10000, test loss: 0.6015, clean acc: 0.7117, Top-4: 0.9826, ASR: 0.0487, RAC: 0.7591, test target accuracy: 0.8690, stage3 final accuracy: 0.7117, stage3 final target accuracy: 0.8000, stage3 final asr: 0.0487, anchor loss: 0.1145
2026-04-28 02:27:56,964 - => Stage 3 Detection Summary: recall: 0.9511, precision: 0.7553, f1: 0.8419, false positive rate: 0.2717, correction rate: 0.7892
2026-04-28 02:27:56,965 - => Stage 3 Debug (clean): suspicious=2717/10000, correction_applied=2698, prediction_changed=2698, skipped_tied_vote=0, skipped_low_margin=0, skipped_other=19
2026-04-28 02:27:56,965 - => Stage 3 Debug (poison-valid): suspicious=8405/9000, correction_applied=8404, prediction_changed=8404, skipped_tied_vote=0, skipped_low_margin=0, skipped_other=1
2026-04-28 02:27:56,965 - => Stage 3 Debug (attack-success): suspicious=8400/8832, correction_applied=8399, prediction_changed=8399, corrected_to_true=6629
2026-04-28 02:27:56,966 - => Stage 3 Effective Support Avg: clean(all)=2.0658, clean_suspicious(false_positive)=0.8745, clean_correction_applied=0.8736, poison_valid(all)=1.0694, poison_valid_suspicious=1.0000, poison_valid_correction_applied=1.0000, attack_success(all)=1.0523, attack_success_suspicious=1.0000
2026-04-28 02:27:56,966 - => Stage 2 checkpoint score: mean(clean_acc=0.7117, recall=0.9511, correction_rate=0.7892) = 0.8173
2026-04-28 02:27:57,830 - => End Epoch: 52, early stop epochs: 7, best epoch: 45, best clean acc: 0.7130, best Top-4: 0.9817, best ASR: 0.0438, best RAC: 0.7604, anchor loss: 0.1146, best checkpoint score: 0.8198
2026-04-28 02:27:57,831 - => Stage 3 Detection Summary: recall: 0.9559, precision: 0.7571, f1: 0.8450, false positive rate: 0.2727, correction rate: 0.7905
2026-04-28 02:27:57,882 - => LFBA current anchor-derived target label: 6
2026-04-28 02:27:57,957 - =>Add Trigger to Train Data
2026-04-28 02:27:58,064 - Add Trigger to 2500 Poison Samples, 47500 Clean Samples (0.05)
2026-04-28 02:27:58,083 - => Start Training for Injecting Backdoor...
2026-04-28 02:27:58,469 - Epoch: 53, 1/196: VFL loss: 0.1730, total loss: 0.1402, anchor loss: 0.1074, VFL train accuracy: 0.9258
2026-04-28 02:28:02,427 - Epoch: 53, 11/196: VFL loss: 0.1736, total loss: 0.1382, anchor loss: 0.1028, VFL train accuracy: 0.9403
2026-04-28 02:28:06,307 - Epoch: 53, 21/196: VFL loss: 0.1672, total loss: 0.1345, anchor loss: 0.1019, VFL train accuracy: 0.9405
2026-04-28 02:28:10,238 - Epoch: 53, 31/196: VFL loss: 0.1767, total loss: 0.1395, anchor loss: 0.1022, VFL train accuracy: 0.9371
2026-04-28 02:28:14,157 - Epoch: 53, 41/196: VFL loss: 0.1773, total loss: 0.1399, anchor loss: 0.1024, VFL train accuracy: 0.9357
2026-04-28 02:28:18,058 - Epoch: 53, 51/196: VFL loss: 0.1787, total loss: 0.1405, anchor loss: 0.1023, VFL train accuracy: 0.9368
2026-04-28 02:28:21,967 - Epoch: 53, 61/196: VFL loss: 0.1785, total loss: 0.1404, anchor loss: 0.1023, VFL train accuracy: 0.9371
2026-04-28 02:28:25,898 - Epoch: 53, 71/196: VFL loss: 0.1767, total loss: 0.1394, anchor loss: 0.1020, VFL train accuracy: 0.9378
2026-04-28 02:28:29,827 - Epoch: 53, 81/196: VFL loss: 0.1788, total loss: 0.1404, anchor loss: 0.1021, VFL train accuracy: 0.9372
2026-04-28 02:28:33,746 - Epoch: 53, 91/196: VFL loss: 0.1775, total loss: 0.1397, anchor loss: 0.1018, VFL train accuracy: 0.9380
2026-04-28 02:28:37,588 - Epoch: 53, 101/196: VFL loss: 0.1787, total loss: 0.1403, anchor loss: 0.1020, VFL train accuracy: 0.9377
2026-04-28 02:28:41,471 - Epoch: 53, 111/196: VFL loss: 0.1798, total loss: 0.1408, anchor loss: 0.1019, VFL train accuracy: 0.9376
2026-04-28 02:28:45,458 - Epoch: 53, 121/196: VFL loss: 0.1788, total loss: 0.1403, anchor loss: 0.1018, VFL train accuracy: 0.9380
2026-04-28 02:28:49,376 - Epoch: 53, 131/196: VFL loss: 0.1792, total loss: 0.1404, anchor loss: 0.1017, VFL train accuracy: 0.9380
2026-04-28 02:28:53,304 - Epoch: 53, 141/196: VFL loss: 0.1802, total loss: 0.1409, anchor loss: 0.1017, VFL train accuracy: 0.9379
2026-04-28 02:28:57,251 - Epoch: 53, 151/196: VFL loss: 0.1795, total loss: 0.1406, anchor loss: 0.1016, VFL train accuracy: 0.9382
2026-04-28 02:29:01,269 - Epoch: 53, 161/196: VFL loss: 0.1794, total loss: 0.1405, anchor loss: 0.1016, VFL train accuracy: 0.9381
2026-04-28 02:29:05,216 - Epoch: 53, 171/196: VFL loss: 0.1798, total loss: 0.1407, anchor loss: 0.1017, VFL train accuracy: 0.9378
2026-04-28 02:29:09,210 - Epoch: 53, 181/196: VFL loss: 0.1802, total loss: 0.1410, anchor loss: 0.1018, VFL train accuracy: 0.9377
2026-04-28 02:29:13,121 - Epoch: 53, 191/196: VFL loss: 0.1803, total loss: 0.1411, anchor loss: 0.1018, VFL train accuracy: 0.9376
2026-04-28 02:29:14,888 - => Recorded Stage 2 client anchor losses for epoch 53 to './results/AVGuard/threeclient_full_avguard_fixed_lambda_anchor_theta_supp_sensitivity/theta_supp_0.05/CIFAR10/stage2\stage2_final_epoch_client_anchor_losses.json': {0: 0.108948, 1: 0.087184, 2: 0.109297}
2026-04-28 02:29:14,890 - => Stage 2 EMA anchor update skipped at epoch 53 because momentum=1.0000 disables EMA; eligible classes per client {0: 10, 1: 10, 2: 10}
2026-04-28 02:29:14,890 - => Stage 2 Epoch 53 Training Summary: VFL loss: 0.1804, total loss: 0.1411, anchor loss: 0.1018, VFL train accuracy: 0.9378
2026-04-28 02:29:14,890 - => Test ASR...
2026-04-28 02:29:14,930 - =>Add Trigger to Test Data
2026-04-28 02:29:15,045 - Add Trigger to 9000 Poison Samples, 1000 Clean Samples (1.00)
2026-04-28 02:29:32,276 - => Test Epoch: 53, main task samples: 10000, attack samples: 10000, test loss: 0.6014, clean acc: 0.7137, Top-4: 0.9818, ASR: 0.0451, RAC: 0.7600, test target accuracy: 0.8550, stage3 final accuracy: 0.7137, stage3 final target accuracy: 0.7870, stage3 final asr: 0.0451, anchor loss: 0.1144
2026-04-28 02:29:32,277 - => Stage 3 Detection Summary: recall: 0.9550, precision: 0.7497, f1: 0.8400, false positive rate: 0.2723, correction rate: 0.7837
2026-04-28 02:29:32,278 - => Stage 3 Debug (clean): suspicious=2723/10000, correction_applied=2695, prediction_changed=2695, skipped_tied_vote=0, skipped_low_margin=0, skipped_other=28
2026-04-28 02:29:32,278 - => Stage 3 Debug (poison-valid): suspicious=8233/9000, correction_applied=8233, prediction_changed=8233, skipped_tied_vote=0, skipped_low_margin=0, skipped_other=0
2026-04-28 02:29:32,279 - => Stage 3 Debug (attack-success): suspicious=8214/8601, correction_applied=8214, prediction_changed=8214, corrected_to_true=6437
2026-04-28 02:29:32,280 - => Stage 3 Effective Support Avg: clean(all)=2.0693, clean_suspicious(false_positive)=0.8795, clean_correction_applied=0.8787, poison_valid(all)=1.0879, poison_valid_suspicious=1.0000, poison_valid_correction_applied=1.0000, attack_success(all)=1.0478, attack_success_suspicious=1.0000
2026-04-28 02:29:32,281 - => Stage 2 checkpoint score: mean(clean_acc=0.7137, recall=0.9550, correction_rate=0.7837) = 0.8175
2026-04-28 02:29:33,558 - => End Epoch: 53, early stop epochs: 8, best epoch: 45, best clean acc: 0.7130, best Top-4: 0.9817, best ASR: 0.0438, best RAC: 0.7604, anchor loss: 0.1146, best checkpoint score: 0.8198
2026-04-28 02:29:33,559 - => Stage 3 Detection Summary: recall: 0.9559, precision: 0.7571, f1: 0.8450, false positive rate: 0.2727, correction rate: 0.7905
2026-04-28 02:29:33,615 - => LFBA current anchor-derived target label: 6
2026-04-28 02:29:33,690 - =>Add Trigger to Train Data
2026-04-28 02:29:33,798 - Add Trigger to 2500 Poison Samples, 47500 Clean Samples (0.05)
2026-04-28 02:29:33,817 - => Start Training for Injecting Backdoor...
2026-04-28 02:29:34,203 - Epoch: 54, 1/196: VFL loss: 0.1572, total loss: 0.1290, anchor loss: 0.1009, VFL train accuracy: 0.9414
2026-04-28 02:29:38,158 - Epoch: 54, 11/196: VFL loss: 0.1857, total loss: 0.1427, anchor loss: 0.0997, VFL train accuracy: 0.9350
2026-04-28 02:29:42,058 - Epoch: 54, 21/196: VFL loss: 0.1788, total loss: 0.1391, anchor loss: 0.0993, VFL train accuracy: 0.9373
2026-04-28 02:29:45,985 - Epoch: 54, 31/196: VFL loss: 0.1845, total loss: 0.1425, anchor loss: 0.1005, VFL train accuracy: 0.9355
2026-04-28 02:29:49,899 - Epoch: 54, 41/196: VFL loss: 0.1813, total loss: 0.1409, anchor loss: 0.1006, VFL train accuracy: 0.9357
2026-04-28 02:29:53,818 - Epoch: 54, 51/196: VFL loss: 0.1874, total loss: 0.1444, anchor loss: 0.1013, VFL train accuracy: 0.9338
2026-04-28 02:29:57,693 - Epoch: 54, 61/196: VFL loss: 0.1848, total loss: 0.1431, anchor loss: 0.1014, VFL train accuracy: 0.9345
2026-04-28 02:30:01,618 - Epoch: 54, 71/196: VFL loss: 0.1835, total loss: 0.1426, anchor loss: 0.1016, VFL train accuracy: 0.9347
2026-04-28 02:30:05,519 - Epoch: 54, 81/196: VFL loss: 0.1847, total loss: 0.1431, anchor loss: 0.1015, VFL train accuracy: 0.9344
2026-04-28 02:30:09,417 - Epoch: 54, 91/196: VFL loss: 0.1858, total loss: 0.1439, anchor loss: 0.1021, VFL train accuracy: 0.9342
2026-04-28 02:30:13,331 - Epoch: 54, 101/196: VFL loss: 0.1827, total loss: 0.1423, anchor loss: 0.1019, VFL train accuracy: 0.9355
2026-04-28 02:30:17,189 - Epoch: 54, 111/196: VFL loss: 0.1820, total loss: 0.1420, anchor loss: 0.1020, VFL train accuracy: 0.9361
2026-04-28 02:30:21,085 - Epoch: 54, 121/196: VFL loss: 0.1825, total loss: 0.1422, anchor loss: 0.1020, VFL train accuracy: 0.9359
2026-04-28 02:30:25,027 - Epoch: 54, 131/196: VFL loss: 0.1826, total loss: 0.1422, anchor loss: 0.1019, VFL train accuracy: 0.9358
2026-04-28 02:30:28,859 - Epoch: 54, 141/196: VFL loss: 0.1829, total loss: 0.1425, anchor loss: 0.1020, VFL train accuracy: 0.9357
2026-04-28 02:30:32,709 - Epoch: 54, 151/196: VFL loss: 0.1826, total loss: 0.1423, anchor loss: 0.1020, VFL train accuracy: 0.9357
2026-04-28 02:30:36,668 - Epoch: 54, 161/196: VFL loss: 0.1831, total loss: 0.1426, anchor loss: 0.1021, VFL train accuracy: 0.9354
2026-04-28 02:30:40,527 - Epoch: 54, 171/196: VFL loss: 0.1837, total loss: 0.1430, anchor loss: 0.1022, VFL train accuracy: 0.9354
2026-04-28 02:30:44,468 - Epoch: 54, 181/196: VFL loss: 0.1847, total loss: 0.1435, anchor loss: 0.1022, VFL train accuracy: 0.9351
2026-04-28 02:30:48,400 - Epoch: 54, 191/196: VFL loss: 0.1849, total loss: 0.1436, anchor loss: 0.1023, VFL train accuracy: 0.9350
2026-04-28 02:30:50,237 - => Recorded Stage 2 client anchor losses for epoch 54 to './results/AVGuard/threeclient_full_avguard_fixed_lambda_anchor_theta_supp_sensitivity/theta_supp_0.05/CIFAR10/stage2\stage2_final_epoch_client_anchor_losses.json': {0: 0.109186, 1: 0.0878, 2: 0.109833}
2026-04-28 02:30:50,241 - => Stage 2 EMA anchor update skipped at epoch 54 because momentum=1.0000 disables EMA; eligible classes per client {0: 10, 1: 10, 2: 10}
2026-04-28 02:30:50,241 - => Stage 2 Epoch 54 Training Summary: VFL loss: 0.1851, total loss: 0.1437, anchor loss: 0.1023, VFL train accuracy: 0.9349
2026-04-28 02:30:50,242 - => Test ASR...
2026-04-28 02:30:50,287 - =>Add Trigger to Test Data
2026-04-28 02:30:50,412 - Add Trigger to 9000 Poison Samples, 1000 Clean Samples (1.00)
2026-04-28 02:31:07,701 - => Test Epoch: 54, main task samples: 10000, attack samples: 10000, test loss: 0.6030, clean acc: 0.7121, Top-4: 0.9815, ASR: 0.0427, RAC: 0.7610, test target accuracy: 0.8440, stage3 final accuracy: 0.7121, stage3 final target accuracy: 0.7810, stage3 final asr: 0.0427, anchor loss: 0.1144
2026-04-28 02:31:07,702 - => Stage 3 Detection Summary: recall: 0.9572, precision: 0.7536, f1: 0.8433, false positive rate: 0.2750, correction rate: 0.7883
2026-04-28 02:31:07,703 - => Stage 3 Debug (clean): suspicious=2750/10000, correction_applied=2726, prediction_changed=2726, skipped_tied_vote=0, skipped_low_margin=0, skipped_other=24
2026-04-28 02:31:07,703 - => Stage 3 Debug (poison-valid): suspicious=8440/9000, correction_applied=8440, prediction_changed=8440, skipped_tied_vote=0, skipped_low_margin=0, skipped_other=0
2026-04-28 02:31:07,703 - => Stage 3 Debug (attack-success): suspicious=8433/8810, correction_applied=8433, prediction_changed=8433, corrected_to_true=6648
2026-04-28 02:31:07,704 - => Stage 3 Effective Support Avg: clean(all)=2.0640, clean_suspicious(false_positive)=0.8764, clean_correction_applied=0.8753, poison_valid(all)=1.0644, poison_valid_suspicious=1.0000, poison_valid_correction_applied=1.0000, attack_success(all)=1.0451, attack_success_suspicious=1.0000
2026-04-28 02:31:07,704 - => Stage 2 checkpoint score: mean(clean_acc=0.7121, recall=0.9572, correction_rate=0.7883) = 0.8192
2026-04-28 02:31:08,857 - => End Epoch: 54, early stop epochs: 9, best epoch: 45, best clean acc: 0.7130, best Top-4: 0.9817, best ASR: 0.0438, best RAC: 0.7604, anchor loss: 0.1146, best checkpoint score: 0.8198
2026-04-28 02:31:08,858 - => Stage 3 Detection Summary: recall: 0.9559, precision: 0.7571, f1: 0.8450, false positive rate: 0.2727, correction rate: 0.7905
2026-04-28 02:31:08,912 - => LFBA current anchor-derived target label: 6
2026-04-28 02:31:08,986 - =>Add Trigger to Train Data
2026-04-28 02:31:09,092 - Add Trigger to 2500 Poison Samples, 47500 Clean Samples (0.05)
2026-04-28 02:31:09,111 - => Start Training for Injecting Backdoor...
2026-04-28 02:31:09,507 - Epoch: 55, 1/196: VFL loss: 0.2275, total loss: 0.1660, anchor loss: 0.1045, VFL train accuracy: 0.9336
2026-04-28 02:31:13,389 - Epoch: 55, 11/196: VFL loss: 0.2152, total loss: 0.1589, anchor loss: 0.1026, VFL train accuracy: 0.9251
2026-04-28 02:31:17,277 - Epoch: 55, 21/196: VFL loss: 0.2026, total loss: 0.1521, anchor loss: 0.1017, VFL train accuracy: 0.9288
2026-04-28 02:31:21,178 - Epoch: 55, 31/196: VFL loss: 0.2054, total loss: 0.1538, anchor loss: 0.1021, VFL train accuracy: 0.9278
2026-04-28 02:31:25,077 - Epoch: 55, 41/196: VFL loss: 0.1968, total loss: 0.1494, anchor loss: 0.1021, VFL train accuracy: 0.9304
2026-04-28 02:31:28,949 - Epoch: 55, 51/196: VFL loss: 0.1945, total loss: 0.1484, anchor loss: 0.1024, VFL train accuracy: 0.9308
2026-04-28 02:31:32,818 - Epoch: 55, 61/196: VFL loss: 0.1935, total loss: 0.1479, anchor loss: 0.1023, VFL train accuracy: 0.9315
2026-04-28 02:31:36,718 - Epoch: 55, 71/196: VFL loss: 0.1914, total loss: 0.1468, anchor loss: 0.1022, VFL train accuracy: 0.9324
2026-04-28 02:31:40,557 - Epoch: 55, 81/196: VFL loss: 0.1913, total loss: 0.1466, anchor loss: 0.1020, VFL train accuracy: 0.9330
2026-04-28 02:31:44,459 - Epoch: 55, 91/196: VFL loss: 0.1882, total loss: 0.1450, anchor loss: 0.1017, VFL train accuracy: 0.9341
2026-04-28 02:31:48,327 - Epoch: 55, 101/196: VFL loss: 0.1862, total loss: 0.1439, anchor loss: 0.1017, VFL train accuracy: 0.9351
2026-04-28 02:31:52,227 - Epoch: 55, 111/196: VFL loss: 0.1846, total loss: 0.1432, anchor loss: 0.1018, VFL train accuracy: 0.9358
2026-04-28 02:31:56,128 - Epoch: 55, 121/196: VFL loss: 0.1846, total loss: 0.1433, anchor loss: 0.1020, VFL train accuracy: 0.9359
2026-04-28 02:31:59,998 - Epoch: 55, 131/196: VFL loss: 0.1849, total loss: 0.1434, anchor loss: 0.1019, VFL train accuracy: 0.9361
2026-04-28 02:32:03,941 - Epoch: 55, 141/196: VFL loss: 0.1845, total loss: 0.1432, anchor loss: 0.1019, VFL train accuracy: 0.9363
2026-04-28 02:32:07,827 - Epoch: 55, 151/196: VFL loss: 0.1847, total loss: 0.1433, anchor loss: 0.1018, VFL train accuracy: 0.9362
2026-04-28 02:32:11,727 - Epoch: 55, 161/196: VFL loss: 0.1852, total loss: 0.1435, anchor loss: 0.1019, VFL train accuracy: 0.9361
2026-04-28 02:32:15,624 - Epoch: 55, 171/196: VFL loss: 0.1842, total loss: 0.1430, anchor loss: 0.1018, VFL train accuracy: 0.9365
2026-04-28 02:32:19,491 - Epoch: 55, 181/196: VFL loss: 0.1834, total loss: 0.1426, anchor loss: 0.1018, VFL train accuracy: 0.9367
2026-04-28 02:32:23,398 - Epoch: 55, 191/196: VFL loss: 0.1828, total loss: 0.1423, anchor loss: 0.1019, VFL train accuracy: 0.9366
2026-04-28 02:32:25,159 - => Recorded Stage 2 client anchor losses for epoch 55 to './results/AVGuard/threeclient_full_avguard_fixed_lambda_anchor_theta_supp_sensitivity/theta_supp_0.05/CIFAR10/stage2\stage2_final_epoch_client_anchor_losses.json': {0: 0.10821, 1: 0.087692, 2: 0.109579}
2026-04-28 02:32:25,163 - => Stage 2 EMA anchor update skipped at epoch 55 because momentum=1.0000 disables EMA; eligible classes per client {0: 10, 1: 10, 2: 10}
2026-04-28 02:32:25,163 - => Stage 2 Epoch 55 Training Summary: VFL loss: 0.1829, total loss: 0.1424, anchor loss: 0.1018, VFL train accuracy: 0.9367
2026-04-28 02:32:25,163 - => Test ASR...
2026-04-28 02:32:25,214 - =>Add Trigger to Test Data
2026-04-28 02:32:25,331 - Add Trigger to 9000 Poison Samples, 1000 Clean Samples (1.00)
2026-04-28 02:32:42,685 - => Test Epoch: 55, main task samples: 10000, attack samples: 10000, test loss: 0.6009, clean acc: 0.7111, Top-4: 0.9819, ASR: 0.0414, RAC: 0.7593, test target accuracy: 0.8460, stage3 final accuracy: 0.7111, stage3 final target accuracy: 0.7680, stage3 final asr: 0.0414, anchor loss: 0.1143
2026-04-28 02:32:42,685 - => Stage 3 Detection Summary: recall: 0.9584, precision: 0.7543, f1: 0.8442, false positive rate: 0.2747, correction rate: 0.7871
2026-04-28 02:32:42,686 - => Stage 3 Debug (clean): suspicious=2747/10000, correction_applied=2718, prediction_changed=2718, skipped_tied_vote=0, skipped_low_margin=0, skipped_other=29
2026-04-28 02:32:42,686 - => Stage 3 Debug (poison-valid): suspicious=8460/9000, correction_applied=8460, prediction_changed=8460, skipped_tied_vote=0, skipped_low_margin=0, skipped_other=0
2026-04-28 02:32:42,687 - => Stage 3 Debug (attack-success): suspicious=8454/8821, correction_applied=8454, prediction_changed=8454, corrected_to_true=6654
2026-04-28 02:32:42,687 - => Stage 3 Effective Support Avg: clean(all)=2.0641, clean_suspicious(false_positive)=0.8802, clean_correction_applied=0.8790, poison_valid(all)=1.0623, poison_valid_suspicious=1.0000, poison_valid_correction_applied=1.0000, attack_success(all)=1.0440, attack_success_suspicious=1.0000
2026-04-28 02:32:42,688 - => Stage 2 checkpoint score: mean(clean_acc=0.7111, recall=0.9584, correction_rate=0.7871) = 0.8189
2026-04-28 02:32:43,888 - => End Epoch: 55, early stop epochs: 10, best epoch: 45, best clean acc: 0.7130, best Top-4: 0.9817, best ASR: 0.0438, best RAC: 0.7604, anchor loss: 0.1146, best checkpoint score: 0.8198
2026-04-28 02:32:43,890 - => Stage 3 Detection Summary: recall: 0.9559, precision: 0.7571, f1: 0.8450, false positive rate: 0.2727, correction rate: 0.7905
2026-04-28 02:32:43,943 - => LFBA current anchor-derived target label: 6
2026-04-28 02:32:44,018 - =>Add Trigger to Train Data
2026-04-28 02:32:44,126 - Add Trigger to 2500 Poison Samples, 47500 Clean Samples (0.05)
2026-04-28 02:32:44,162 - => Start Training for Injecting Backdoor...
2026-04-28 02:32:44,548 - Epoch: 56, 1/196: VFL loss: 0.1649, total loss: 0.1338, anchor loss: 0.1026, VFL train accuracy: 0.9375
2026-04-28 02:32:48,448 - Epoch: 56, 11/196: VFL loss: 0.1867, total loss: 0.1435, anchor loss: 0.1004, VFL train accuracy: 0.9393
2026-04-28 02:32:52,466 - Epoch: 56, 21/196: VFL loss: 0.1936, total loss: 0.1475, anchor loss: 0.1013, VFL train accuracy: 0.9358
2026-04-28 02:32:56,398 - Epoch: 56, 31/196: VFL loss: 0.1853, total loss: 0.1430, anchor loss: 0.1007, VFL train accuracy: 0.9369
2026-04-28 02:33:00,299 - Epoch: 56, 41/196: VFL loss: 0.1805, total loss: 0.1407, anchor loss: 0.1010, VFL train accuracy: 0.9389
2026-04-28 02:33:04,255 - Epoch: 56, 51/196: VFL loss: 0.1809, total loss: 0.1411, anchor loss: 0.1012, VFL train accuracy: 0.9390
2026-04-28 02:33:08,158 - Epoch: 56, 61/196: VFL loss: 0.1817, total loss: 0.1416, anchor loss: 0.1014, VFL train accuracy: 0.9395
2026-04-28 02:33:12,058 - Epoch: 56, 71/196: VFL loss: 0.1806, total loss: 0.1412, anchor loss: 0.1017, VFL train accuracy: 0.9394
2026-04-28 02:33:15,938 - Epoch: 56, 81/196: VFL loss: 0.1783, total loss: 0.1400, anchor loss: 0.1018, VFL train accuracy: 0.9403
2026-04-28 02:33:19,885 - Epoch: 56, 91/196: VFL loss: 0.1795, total loss: 0.1407, anchor loss: 0.1019, VFL train accuracy: 0.9399
2026-04-28 02:33:23,789 - Epoch: 56, 101/196: VFL loss: 0.1796, total loss: 0.1407, anchor loss: 0.1017, VFL train accuracy: 0.9400
2026-04-28 02:33:27,689 - Epoch: 56, 111/196: VFL loss: 0.1784, total loss: 0.1401, anchor loss: 0.1018, VFL train accuracy: 0.9402
2026-04-28 02:33:31,603 - Epoch: 56, 121/196: VFL loss: 0.1796, total loss: 0.1406, anchor loss: 0.1017, VFL train accuracy: 0.9394
2026-04-28 02:33:35,540 - Epoch: 56, 131/196: VFL loss: 0.1785, total loss: 0.1400, anchor loss: 0.1015, VFL train accuracy: 0.9394
2026-04-28 02:33:39,429 - Epoch: 56, 141/196: VFL loss: 0.1793, total loss: 0.1404, anchor loss: 0.1015, VFL train accuracy: 0.9392
2026-04-28 02:33:43,329 - Epoch: 56, 151/196: VFL loss: 0.1803, total loss: 0.1410, anchor loss: 0.1017, VFL train accuracy: 0.9386
2026-04-28 02:33:47,217 - Epoch: 56, 161/196: VFL loss: 0.1810, total loss: 0.1414, anchor loss: 0.1018, VFL train accuracy: 0.9385
2026-04-28 02:33:51,087 - Epoch: 56, 171/196: VFL loss: 0.1808, total loss: 0.1413, anchor loss: 0.1018, VFL train accuracy: 0.9385
2026-04-28 02:33:54,999 - Epoch: 56, 181/196: VFL loss: 0.1807, total loss: 0.1413, anchor loss: 0.1018, VFL train accuracy: 0.9384
2026-04-28 02:33:58,901 - Epoch: 56, 191/196: VFL loss: 0.1803, total loss: 0.1410, anchor loss: 0.1018, VFL train accuracy: 0.9385
2026-04-28 02:34:00,700 - => Recorded Stage 2 client anchor losses for epoch 56 to './results/AVGuard/threeclient_full_avguard_fixed_lambda_anchor_theta_supp_sensitivity/theta_supp_0.05/CIFAR10/stage2\stage2_final_epoch_client_anchor_losses.json': {0: 0.108822, 1: 0.087733, 2: 0.10876}
2026-04-28 02:34:00,703 - => Stage 2 EMA anchor update skipped at epoch 56 because momentum=1.0000 disables EMA; eligible classes per client {0: 10, 1: 10, 2: 10}
2026-04-28 02:34:00,704 - => Stage 2 Epoch 56 Training Summary: VFL loss: 0.1809, total loss: 0.1414, anchor loss: 0.1018, VFL train accuracy: 0.9385
2026-04-28 02:34:00,705 - => Test ASR...
2026-04-28 02:34:00,751 - =>Add Trigger to Test Data
2026-04-28 02:34:00,874 - Add Trigger to 9000 Poison Samples, 1000 Clean Samples (1.00)
2026-04-28 02:34:18,073 - => Test Epoch: 56, main task samples: 10000, attack samples: 10000, test loss: 0.6029, clean acc: 0.7136, Top-4: 0.9821, ASR: 0.0447, RAC: 0.7593, test target accuracy: 0.8560, stage3 final accuracy: 0.7136, stage3 final target accuracy: 0.7870, stage3 final asr: 0.0447, anchor loss: 0.1143
2026-04-28 02:34:18,074 - => Stage 3 Detection Summary: recall: 0.9551, precision: 0.7569, f1: 0.8445, false positive rate: 0.2710, correction rate: 0.7880
2026-04-28 02:34:18,074 - => Stage 3 Debug (clean): suspicious=2710/10000, correction_applied=2678, prediction_changed=2678, skipped_tied_vote=0, skipped_low_margin=0, skipped_other=32
2026-04-28 02:34:18,075 - => Stage 3 Debug (poison-valid): suspicious=8458/9000, correction_applied=8458, prediction_changed=8458, skipped_tied_vote=0, skipped_low_margin=0, skipped_other=0
2026-04-28 02:34:18,075 - => Stage 3 Debug (attack-success): suspicious=8453/8850, correction_applied=8453, prediction_changed=8453, corrected_to_true=6661
2026-04-28 02:34:18,075 - => Stage 3 Effective Support Avg: clean(all)=2.0659, clean_suspicious(false_positive)=0.8760, clean_correction_applied=0.8757, poison_valid(all)=1.0632, poison_valid_suspicious=1.0000, poison_valid_correction_applied=1.0000, attack_success(all)=1.0479, attack_success_suspicious=1.0000
2026-04-28 02:34:18,076 - => Stage 2 checkpoint score: mean(clean_acc=0.7136, recall=0.9551, correction_rate=0.7880) = 0.8189
2026-04-28 02:34:19,180 - => End Epoch: 56, early stop epochs: 11, best epoch: 45, best clean acc: 0.7130, best Top-4: 0.9817, best ASR: 0.0438, best RAC: 0.7604, anchor loss: 0.1146, best checkpoint score: 0.8198
2026-04-28 02:34:19,181 - => Stage 3 Detection Summary: recall: 0.9559, precision: 0.7571, f1: 0.8450, false positive rate: 0.2727, correction rate: 0.7905
2026-04-28 02:34:19,237 - => LFBA current anchor-derived target label: 6
2026-04-28 02:34:19,311 - =>Add Trigger to Train Data
2026-04-28 02:34:19,418 - Add Trigger to 2500 Poison Samples, 47500 Clean Samples (0.05)
2026-04-28 02:34:19,438 - => Start Training for Injecting Backdoor...
2026-04-28 02:34:19,833 - Epoch: 57, 1/196: VFL loss: 0.1873, total loss: 0.1417, anchor loss: 0.0961, VFL train accuracy: 0.9375
2026-04-28 02:34:23,758 - Epoch: 57, 11/196: VFL loss: 0.1966, total loss: 0.1490, anchor loss: 0.1015, VFL train accuracy: 0.9350
2026-04-28 02:34:27,697 - Epoch: 57, 21/196: VFL loss: 0.1897, total loss: 0.1452, anchor loss: 0.1007, VFL train accuracy: 0.9356
2026-04-28 02:34:31,617 - Epoch: 57, 31/196: VFL loss: 0.1843, total loss: 0.1428, anchor loss: 0.1012, VFL train accuracy: 0.9369
2026-04-28 02:34:35,548 - Epoch: 57, 41/196: VFL loss: 0.1783, total loss: 0.1397, anchor loss: 0.1010, VFL train accuracy: 0.9385
2026-04-28 02:34:39,449 - Epoch: 57, 51/196: VFL loss: 0.1796, total loss: 0.1405, anchor loss: 0.1013, VFL train accuracy: 0.9374
2026-04-28 02:34:43,298 - Epoch: 57, 61/196: VFL loss: 0.1809, total loss: 0.1411, anchor loss: 0.1012, VFL train accuracy: 0.9378
2026-04-28 02:34:47,249 - Epoch: 57, 71/196: VFL loss: 0.1824, total loss: 0.1419, anchor loss: 0.1014, VFL train accuracy: 0.9366
2026-04-28 02:34:51,147 - Epoch: 57, 81/196: VFL loss: 0.1836, total loss: 0.1426, anchor loss: 0.1015, VFL train accuracy: 0.9367
2026-04-28 02:34:55,048 - Epoch: 57, 91/196: VFL loss: 0.1844, total loss: 0.1429, anchor loss: 0.1015, VFL train accuracy: 0.9372
2026-04-28 02:34:58,918 - Epoch: 57, 101/196: VFL loss: 0.1845, total loss: 0.1430, anchor loss: 0.1015, VFL train accuracy: 0.9373
2026-04-28 02:35:02,847 - Epoch: 57, 111/196: VFL loss: 0.1857, total loss: 0.1437, anchor loss: 0.1018, VFL train accuracy: 0.9371
2026-04-28 02:35:06,748 - Epoch: 57, 121/196: VFL loss: 0.1859, total loss: 0.1438, anchor loss: 0.1018, VFL train accuracy: 0.9372
2026-04-28 02:35:10,648 - Epoch: 57, 131/196: VFL loss: 0.1850, total loss: 0.1433, anchor loss: 0.1017, VFL train accuracy: 0.9375
2026-04-28 02:35:14,524 - Epoch: 57, 141/196: VFL loss: 0.1840, total loss: 0.1429, anchor loss: 0.1018, VFL train accuracy: 0.9376
2026-04-28 02:35:18,427 - Epoch: 57, 151/196: VFL loss: 0.1846, total loss: 0.1432, anchor loss: 0.1019, VFL train accuracy: 0.9374
2026-04-28 02:35:22,348 - Epoch: 57, 161/196: VFL loss: 0.1839, total loss: 0.1428, anchor loss: 0.1018, VFL train accuracy: 0.9372
2026-04-28 02:35:26,262 - Epoch: 57, 171/196: VFL loss: 0.1832, total loss: 0.1424, anchor loss: 0.1017, VFL train accuracy: 0.9373
2026-04-28 02:35:30,172 - Epoch: 57, 181/196: VFL loss: 0.1825, total loss: 0.1421, anchor loss: 0.1017, VFL train accuracy: 0.9378
2026-04-28 02:35:34,047 - Epoch: 57, 191/196: VFL loss: 0.1822, total loss: 0.1420, anchor loss: 0.1018, VFL train accuracy: 0.9378
2026-04-28 02:35:35,802 - => Recorded Stage 2 client anchor losses for epoch 57 to './results/AVGuard/threeclient_full_avguard_fixed_lambda_anchor_theta_supp_sensitivity/theta_supp_0.05/CIFAR10/stage2\stage2_final_epoch_client_anchor_losses.json': {0: 0.108441, 1: 0.087514, 2: 0.109408}
2026-04-28 02:35:35,806 - => Stage 2 EMA anchor update skipped at epoch 57 because momentum=1.0000 disables EMA; eligible classes per client {0: 10, 1: 10, 2: 10}
2026-04-28 02:35:35,807 - => Stage 2 Epoch 57 Training Summary: VFL loss: 0.1815, total loss: 0.1416, anchor loss: 0.1018, VFL train accuracy: 0.9379
2026-04-28 02:35:35,808 - => Test ASR...
2026-04-28 02:35:35,859 - =>Add Trigger to Test Data
2026-04-28 02:35:35,975 - Add Trigger to 9000 Poison Samples, 1000 Clean Samples (1.00)
2026-04-28 02:35:53,192 - => Test Epoch: 57, main task samples: 10000, attack samples: 10000, test loss: 0.6029, clean acc: 0.7129, Top-4: 0.9824, ASR: 0.0451, RAC: 0.7578, test target accuracy: 0.8530, stage3 final accuracy: 0.7129, stage3 final target accuracy: 0.7890, stage3 final asr: 0.0451, anchor loss: 0.1144
2026-04-28 02:35:53,193 - => Stage 3 Detection Summary: recall: 0.9548, precision: 0.7512, f1: 0.8409, false positive rate: 0.2723, correction rate: 0.7820
2026-04-28 02:35:53,193 - => Stage 3 Debug (clean): suspicious=2723/10000, correction_applied=2688, prediction_changed=2688, skipped_tied_vote=0, skipped_low_margin=0, skipped_other=35
2026-04-28 02:35:53,194 - => Stage 3 Debug (poison-valid): suspicious=8281/9000, correction_applied=8281, prediction_changed=8281, skipped_tied_vote=0, skipped_low_margin=0, skipped_other=0
2026-04-28 02:35:53,194 - => Stage 3 Debug (attack-success): suspicious=8266/8657, correction_applied=8266, prediction_changed=8266, corrected_to_true=6464
2026-04-28 02:35:53,195 - => Stage 3 Effective Support Avg: clean(all)=2.0648, clean_suspicious(false_positive)=0.8792, clean_correction_applied=0.8780, poison_valid(all)=1.0827, poison_valid_suspicious=1.0000, poison_valid_correction_applied=1.0000, attack_success(all)=1.0481, attack_success_suspicious=1.0000
2026-04-28 02:35:53,195 - => Stage 2 checkpoint score: mean(clean_acc=0.7129, recall=0.9548, correction_rate=0.7820) = 0.8166
2026-04-28 02:35:54,305 - => End Epoch: 57, early stop epochs: 12, best epoch: 45, best clean acc: 0.7130, best Top-4: 0.9817, best ASR: 0.0438, best RAC: 0.7604, anchor loss: 0.1146, best checkpoint score: 0.8198
2026-04-28 02:35:54,307 - => Stage 3 Detection Summary: recall: 0.9559, precision: 0.7571, f1: 0.8450, false positive rate: 0.2727, correction rate: 0.7905
2026-04-28 02:35:54,359 - => LFBA current anchor-derived target label: 6
2026-04-28 02:35:54,434 - =>Add Trigger to Train Data
2026-04-28 02:35:54,540 - Add Trigger to 2500 Poison Samples, 47500 Clean Samples (0.05)
2026-04-28 02:35:54,559 - => Start Training for Injecting Backdoor...
2026-04-28 02:35:54,970 - Epoch: 58, 1/196: VFL loss: 0.2008, total loss: 0.1516, anchor loss: 0.1023, VFL train accuracy: 0.9141
2026-04-28 02:35:58,827 - Epoch: 58, 11/196: VFL loss: 0.1758, total loss: 0.1391, anchor loss: 0.1024, VFL train accuracy: 0.9357
2026-04-28 02:36:02,798 - Epoch: 58, 21/196: VFL loss: 0.1858, total loss: 0.1442, anchor loss: 0.1025, VFL train accuracy: 0.9355
2026-04-28 02:36:06,718 - Epoch: 58, 31/196: VFL loss: 0.1871, total loss: 0.1449, anchor loss: 0.1027, VFL train accuracy: 0.9359
2026-04-28 02:36:10,630 - Epoch: 58, 41/196: VFL loss: 0.1855, total loss: 0.1439, anchor loss: 0.1024, VFL train accuracy: 0.9371
2026-04-28 02:36:14,578 - Epoch: 58, 51/196: VFL loss: 0.1808, total loss: 0.1415, anchor loss: 0.1022, VFL train accuracy: 0.9381
2026-04-28 02:36:18,480 - Epoch: 58, 61/196: VFL loss: 0.1784, total loss: 0.1402, anchor loss: 0.1021, VFL train accuracy: 0.9382
2026-04-28 02:36:22,374 - Epoch: 58, 71/196: VFL loss: 0.1772, total loss: 0.1396, anchor loss: 0.1021, VFL train accuracy: 0.9388
2026-04-28 02:36:26,289 - Epoch: 58, 81/196: VFL loss: 0.1786, total loss: 0.1403, anchor loss: 0.1020, VFL train accuracy: 0.9384
2026-04-28 02:36:30,209 - Epoch: 58, 91/196: VFL loss: 0.1793, total loss: 0.1407, anchor loss: 0.1021, VFL train accuracy: 0.9380
2026-04-28 02:36:34,078 - Epoch: 58, 101/196: VFL loss: 0.1817, total loss: 0.1418, anchor loss: 0.1020, VFL train accuracy: 0.9373
2026-04-28 02:36:38,007 - Epoch: 58, 111/196: VFL loss: 0.1816, total loss: 0.1418, anchor loss: 0.1020, VFL train accuracy: 0.9373
2026-04-28 02:36:41,908 - Epoch: 58, 121/196: VFL loss: 0.1825, total loss: 0.1422, anchor loss: 0.1020, VFL train accuracy: 0.9370
2026-04-28 02:36:45,808 - Epoch: 58, 131/196: VFL loss: 0.1822, total loss: 0.1420, anchor loss: 0.1018, VFL train accuracy: 0.9374
2026-04-28 02:36:49,708 - Epoch: 58, 141/196: VFL loss: 0.1833, total loss: 0.1426, anchor loss: 0.1019, VFL train accuracy: 0.9372
2026-04-28 02:36:53,608 - Epoch: 58, 151/196: VFL loss: 0.1829, total loss: 0.1423, anchor loss: 0.1018, VFL train accuracy: 0.9374
2026-04-28 02:36:57,518 - Epoch: 58, 161/196: VFL loss: 0.1830, total loss: 0.1424, anchor loss: 0.1017, VFL train accuracy: 0.9376
2026-04-28 02:37:01,499 - Epoch: 58, 171/196: VFL loss: 0.1831, total loss: 0.1424, anchor loss: 0.1017, VFL train accuracy: 0.9376
2026-04-28 02:37:05,428 - Epoch: 58, 181/196: VFL loss: 0.1837, total loss: 0.1427, anchor loss: 0.1017, VFL train accuracy: 0.9374
2026-04-28 02:37:09,327 - Epoch: 58, 191/196: VFL loss: 0.1833, total loss: 0.1425, anchor loss: 0.1017, VFL train accuracy: 0.9377
2026-04-28 02:37:11,102 - => Recorded Stage 2 client anchor losses for epoch 58 to './results/AVGuard/threeclient_full_avguard_fixed_lambda_anchor_theta_supp_sensitivity/theta_supp_0.05/CIFAR10/stage2\stage2_final_epoch_client_anchor_losses.json': {0: 0.109286, 1: 0.087314, 2: 0.108417}
2026-04-28 02:37:11,105 - => Stage 2 EMA anchor update skipped at epoch 58 because momentum=1.0000 disables EMA; eligible classes per client {0: 10, 1: 10, 2: 10}
2026-04-28 02:37:11,106 - => Stage 2 Epoch 58 Training Summary: VFL loss: 0.1828, total loss: 0.1422, anchor loss: 0.1017, VFL train accuracy: 0.9378
2026-04-28 02:37:11,106 - => Test ASR...
2026-04-28 02:37:11,151 - =>Add Trigger to Test Data
2026-04-28 02:37:11,267 - Add Trigger to 9000 Poison Samples, 1000 Clean Samples (1.00)
2026-04-28 02:37:28,510 - => Test Epoch: 58, main task samples: 10000, attack samples: 10000, test loss: 0.6046, clean acc: 0.7127, Top-4: 0.9821, ASR: 0.0440, RAC: 0.7590, test target accuracy: 0.8650, stage3 final accuracy: 0.7127, stage3 final target accuracy: 0.7820, stage3 final asr: 0.0440, anchor loss: 0.1142
2026-04-28 02:37:28,511 - => Stage 3 Detection Summary: recall: 0.9559, precision: 0.7588, f1: 0.8460, false positive rate: 0.2719, correction rate: 0.7901
2026-04-28 02:37:28,511 - => Stage 3 Debug (clean): suspicious=2719/10000, correction_applied=2690, prediction_changed=2690, skipped_tied_vote=0, skipped_low_margin=0, skipped_other=29
2026-04-28 02:37:28,512 - => Stage 3 Debug (poison-valid): suspicious=8556/9000, correction_applied=8556, prediction_changed=8556, skipped_tied_vote=0, skipped_low_margin=0, skipped_other=0
2026-04-28 02:37:28,512 - => Stage 3 Debug (attack-success): suspicious=8555/8950, correction_applied=8555, prediction_changed=8555, corrected_to_true=6759
2026-04-28 02:37:28,512 - => Stage 3 Effective Support Avg: clean(all)=2.0676, clean_suspicious(false_positive)=0.8779, clean_correction_applied=0.8770, poison_valid(all)=1.0522, poison_valid_suspicious=1.0000, poison_valid_correction_applied=1.0000, attack_success(all)=1.0470, attack_success_suspicious=1.0000
2026-04-28 02:37:28,513 - => Stage 2 checkpoint score: mean(clean_acc=0.7127, recall=0.9559, correction_rate=0.7901) = 0.8195
2026-04-28 02:37:29,592 - => End Epoch: 58, early stop epochs: 13, best epoch: 45, best clean acc: 0.7130, best Top-4: 0.9817, best ASR: 0.0438, best RAC: 0.7604, anchor loss: 0.1146, best checkpoint score: 0.8198
2026-04-28 02:37:29,593 - => Stage 3 Detection Summary: recall: 0.9559, precision: 0.7571, f1: 0.8450, false positive rate: 0.2727, correction rate: 0.7905
2026-04-28 02:37:29,648 - => LFBA current anchor-derived target label: 6
2026-04-28 02:37:29,724 - =>Add Trigger to Train Data
2026-04-28 02:37:29,832 - Add Trigger to 2500 Poison Samples, 47500 Clean Samples (0.05)
2026-04-28 02:37:29,850 - => Start Training for Injecting Backdoor...
2026-04-28 02:37:30,236 - Epoch: 59, 1/196: VFL loss: 0.1329, total loss: 0.1179, anchor loss: 0.1029, VFL train accuracy: 0.9570
2026-04-28 02:37:34,140 - Epoch: 59, 11/196: VFL loss: 0.1865, total loss: 0.1452, anchor loss: 0.1039, VFL train accuracy: 0.9318
2026-04-28 02:37:38,008 - Epoch: 59, 21/196: VFL loss: 0.1789, total loss: 0.1408, anchor loss: 0.1027, VFL train accuracy: 0.9375
2026-04-28 02:37:41,909 - Epoch: 59, 31/196: VFL loss: 0.1774, total loss: 0.1400, anchor loss: 0.1026, VFL train accuracy: 0.9381
2026-04-28 02:37:45,808 - Epoch: 59, 41/196: VFL loss: 0.1839, total loss: 0.1432, anchor loss: 0.1024, VFL train accuracy: 0.9356
2026-04-28 02:37:49,707 - Epoch: 59, 51/196: VFL loss: 0.1827, total loss: 0.1424, anchor loss: 0.1020, VFL train accuracy: 0.9360
2026-04-28 02:37:53,577 - Epoch: 59, 61/196: VFL loss: 0.1807, total loss: 0.1412, anchor loss: 0.1017, VFL train accuracy: 0.9370
2026-04-28 02:37:57,475 - Epoch: 59, 71/196: VFL loss: 0.1820, total loss: 0.1419, anchor loss: 0.1018, VFL train accuracy: 0.9365
2026-04-28 02:38:01,408 - Epoch: 59, 81/196: VFL loss: 0.1835, total loss: 0.1427, anchor loss: 0.1018, VFL train accuracy: 0.9349
2026-04-28 02:38:05,308 - Epoch: 59, 91/196: VFL loss: 0.1834, total loss: 0.1427, anchor loss: 0.1019, VFL train accuracy: 0.9349
2026-04-28 02:38:09,207 - Epoch: 59, 101/196: VFL loss: 0.1847, total loss: 0.1434, anchor loss: 0.1021, VFL train accuracy: 0.9346
2026-04-28 02:38:13,107 - Epoch: 59, 111/196: VFL loss: 0.1855, total loss: 0.1439, anchor loss: 0.1022, VFL train accuracy: 0.9346
2026-04-28 02:38:17,108 - Epoch: 59, 121/196: VFL loss: 0.1836, total loss: 0.1429, anchor loss: 0.1021, VFL train accuracy: 0.9353
2026-04-28 02:38:21,007 - Epoch: 59, 131/196: VFL loss: 0.1829, total loss: 0.1425, anchor loss: 0.1021, VFL train accuracy: 0.9355
2026-04-28 02:38:24,927 - Epoch: 59, 141/196: VFL loss: 0.1833, total loss: 0.1427, anchor loss: 0.1022, VFL train accuracy: 0.9354
2026-04-28 02:38:28,828 - Epoch: 59, 151/196: VFL loss: 0.1835, total loss: 0.1429, anchor loss: 0.1022, VFL train accuracy: 0.9351
2026-04-28 02:38:32,694 - Epoch: 59, 161/196: VFL loss: 0.1845, total loss: 0.1434, anchor loss: 0.1023, VFL train accuracy: 0.9351
2026-04-28 02:38:36,597 - Epoch: 59, 171/196: VFL loss: 0.1849, total loss: 0.1436, anchor loss: 0.1023, VFL train accuracy: 0.9347
2026-04-28 02:38:40,511 - Epoch: 59, 181/196: VFL loss: 0.1850, total loss: 0.1436, anchor loss: 0.1022, VFL train accuracy: 0.9345
2026-04-28 02:38:44,397 - Epoch: 59, 191/196: VFL loss: 0.1849, total loss: 0.1436, anchor loss: 0.1023, VFL train accuracy: 0.9346
2026-04-28 02:38:46,141 - => Recorded Stage 2 client anchor losses for epoch 59 to './results/AVGuard/threeclient_full_avguard_fixed_lambda_anchor_theta_supp_sensitivity/theta_supp_0.05/CIFAR10/stage2\stage2_final_epoch_client_anchor_losses.json': {0: 0.109617, 1: 0.087824, 2: 0.109282}
2026-04-28 02:38:46,144 - => Stage 2 EMA anchor update skipped at epoch 59 because momentum=1.0000 disables EMA; eligible classes per client {0: 10, 1: 10, 2: 10}
2026-04-28 02:38:46,144 - => Stage 2 Epoch 59 Training Summary: VFL loss: 0.1850, total loss: 0.1436, anchor loss: 0.1022, VFL train accuracy: 0.9346
2026-04-28 02:38:46,145 - => Test ASR...
2026-04-28 02:38:46,194 - =>Add Trigger to Test Data
2026-04-28 02:38:46,311 - Add Trigger to 9000 Poison Samples, 1000 Clean Samples (1.00)
2026-04-28 02:39:03,596 - => Test Epoch: 59, main task samples: 10000, attack samples: 10000, test loss: 0.6034, clean acc: 0.7148, Top-4: 0.9828, ASR: 0.0440, RAC: 0.7602, test target accuracy: 0.8550, stage3 final accuracy: 0.7148, stage3 final target accuracy: 0.7910, stage3 final asr: 0.0440, anchor loss: 0.1143
2026-04-28 02:39:03,597 - => Stage 3 Detection Summary: recall: 0.9560, precision: 0.7523, f1: 0.8420, false positive rate: 0.2761, correction rate: 0.7869
2026-04-28 02:39:03,597 - => Stage 3 Debug (clean): suspicious=2761/10000, correction_applied=2726, prediction_changed=2726, skipped_tied_vote=0, skipped_low_margin=0, skipped_other=35
2026-04-28 02:39:03,597 - => Stage 3 Debug (poison-valid): suspicious=8420/9000, correction_applied=8420, prediction_changed=8420, skipped_tied_vote=0, skipped_low_margin=0, skipped_other=0
2026-04-28 02:39:03,598 - => Stage 3 Debug (attack-success): suspicious=8411/8798, correction_applied=8411, prediction_changed=8411, corrected_to_true=6619
2026-04-28 02:39:03,598 - => Stage 3 Effective Support Avg: clean(all)=2.0598, clean_suspicious(false_positive)=0.8711, clean_correction_applied=0.8698, poison_valid(all)=1.0673, poison_valid_suspicious=1.0000, poison_valid_correction_applied=1.0000, attack_success(all)=1.0469, attack_success_suspicious=1.0000
2026-04-28 02:39:03,599 - => Stage 2 checkpoint score: mean(clean_acc=0.7148, recall=0.9560, correction_rate=0.7869) = 0.8193
2026-04-28 02:39:04,418 - => End Epoch: 59, early stop epochs: 14, best epoch: 45, best clean acc: 0.7130, best Top-4: 0.9817, best ASR: 0.0438, best RAC: 0.7604, anchor loss: 0.1146, best checkpoint score: 0.8198
2026-04-28 02:39:04,419 - => Stage 3 Detection Summary: recall: 0.9559, precision: 0.7571, f1: 0.8450, false positive rate: 0.2727, correction rate: 0.7905
2026-04-28 02:39:04,482 - => LFBA current anchor-derived target label: 6
2026-04-28 02:39:04,557 - =>Add Trigger to Train Data
2026-04-28 02:39:04,664 - Add Trigger to 2500 Poison Samples, 47500 Clean Samples (0.05)
2026-04-28 02:39:04,683 - => Start Training for Injecting Backdoor...
2026-04-28 02:39:05,070 - Epoch: 60, 1/196: VFL loss: 0.1905, total loss: 0.1446, anchor loss: 0.0987, VFL train accuracy: 0.9336
2026-04-28 02:39:09,010 - Epoch: 60, 11/196: VFL loss: 0.1714, total loss: 0.1356, anchor loss: 0.0999, VFL train accuracy: 0.9393
2026-04-28 02:39:12,894 - Epoch: 60, 21/196: VFL loss: 0.1769, total loss: 0.1396, anchor loss: 0.1022, VFL train accuracy: 0.9392
2026-04-28 02:39:16,799 - Epoch: 60, 31/196: VFL loss: 0.1716, total loss: 0.1366, anchor loss: 0.1017, VFL train accuracy: 0.9405
2026-04-28 02:39:20,729 - Epoch: 60, 41/196: VFL loss: 0.1785, total loss: 0.1404, anchor loss: 0.1023, VFL train accuracy: 0.9392
2026-04-28 02:39:24,671 - Epoch: 60, 51/196: VFL loss: 0.1835, total loss: 0.1431, anchor loss: 0.1026, VFL train accuracy: 0.9373
2026-04-28 02:39:28,590 - Epoch: 60, 61/196: VFL loss: 0.1826, total loss: 0.1424, anchor loss: 0.1022, VFL train accuracy: 0.9367
2026-04-28 02:39:32,502 - Epoch: 60, 71/196: VFL loss: 0.1831, total loss: 0.1428, anchor loss: 0.1024, VFL train accuracy: 0.9362
2026-04-28 02:39:36,397 - Epoch: 60, 81/196: VFL loss: 0.1835, total loss: 0.1430, anchor loss: 0.1024, VFL train accuracy: 0.9366
2026-04-28 02:39:40,391 - Epoch: 60, 91/196: VFL loss: 0.1837, total loss: 0.1431, anchor loss: 0.1025, VFL train accuracy: 0.9365
2026-04-28 02:39:44,338 - Epoch: 60, 101/196: VFL loss: 0.1844, total loss: 0.1435, anchor loss: 0.1027, VFL train accuracy: 0.9363
2026-04-28 02:39:48,278 - Epoch: 60, 111/196: VFL loss: 0.1843, total loss: 0.1433, anchor loss: 0.1024, VFL train accuracy: 0.9365
2026-04-28 02:39:52,240 - Epoch: 60, 121/196: VFL loss: 0.1832, total loss: 0.1427, anchor loss: 0.1022, VFL train accuracy: 0.9370
2026-04-28 02:39:56,198 - Epoch: 60, 131/196: VFL loss: 0.1820, total loss: 0.1421, anchor loss: 0.1021, VFL train accuracy: 0.9371
2026-04-28 02:40:00,119 - Epoch: 60, 141/196: VFL loss: 0.1815, total loss: 0.1418, anchor loss: 0.1020, VFL train accuracy: 0.9373
2026-04-28 02:40:04,028 - Epoch: 60, 151/196: VFL loss: 0.1805, total loss: 0.1412, anchor loss: 0.1019, VFL train accuracy: 0.9377
2026-04-28 02:40:07,918 - Epoch: 60, 161/196: VFL loss: 0.1811, total loss: 0.1415, anchor loss: 0.1019, VFL train accuracy: 0.9374
2026-04-28 02:40:11,818 - Epoch: 60, 171/196: VFL loss: 0.1815, total loss: 0.1417, anchor loss: 0.1019, VFL train accuracy: 0.9368
2026-04-28 02:40:15,698 - Epoch: 60, 181/196: VFL loss: 0.1822, total loss: 0.1421, anchor loss: 0.1020, VFL train accuracy: 0.9366
2026-04-28 02:40:19,601 - Epoch: 60, 191/196: VFL loss: 0.1815, total loss: 0.1417, anchor loss: 0.1020, VFL train accuracy: 0.9371
2026-04-28 02:40:21,368 - => Recorded Stage 2 client anchor losses for epoch 60 to './results/AVGuard/threeclient_full_avguard_fixed_lambda_anchor_theta_supp_sensitivity/theta_supp_0.05/CIFAR10/stage2\stage2_final_epoch_client_anchor_losses.json': {0: 0.108664, 1: 0.087883, 2: 0.109589}
2026-04-28 02:40:21,369 - => Stage 2 EMA anchor update skipped at epoch 60 because momentum=1.0000 disables EMA; eligible classes per client {0: 10, 1: 10, 2: 10}
2026-04-28 02:40:21,369 - => Stage 2 Epoch 60 Training Summary: VFL loss: 0.1816, total loss: 0.1418, anchor loss: 0.1020, VFL train accuracy: 0.9371
2026-04-28 02:40:21,370 - => Test ASR...
2026-04-28 02:40:21,410 - =>Add Trigger to Test Data
2026-04-28 02:40:21,525 - Add Trigger to 9000 Poison Samples, 1000 Clean Samples (1.00)
2026-04-28 02:40:38,785 - => Test Epoch: 60, main task samples: 10000, attack samples: 10000, test loss: 0.6058, clean acc: 0.7131, Top-4: 0.9825, ASR: 0.0443, RAC: 0.7604, test target accuracy: 0.8630, stage3 final accuracy: 0.7131, stage3 final target accuracy: 0.7900, stage3 final asr: 0.0443, anchor loss: 0.1142
2026-04-28 02:40:38,786 - => Stage 3 Detection Summary: recall: 0.9556, precision: 0.7580, f1: 0.8454, false positive rate: 0.2721, correction rate: 0.7906
2026-04-28 02:40:38,787 - => Stage 3 Debug (clean): suspicious=2721/10000, correction_applied=2691, prediction_changed=2691, skipped_tied_vote=0, skipped_low_margin=0, skipped_other=30
2026-04-28 02:40:38,788 - => Stage 3 Debug (poison-valid): suspicious=8535/9000, correction_applied=8535, prediction_changed=8535, skipped_tied_vote=0, skipped_low_margin=0, skipped_other=0
2026-04-28 02:40:38,788 - => Stage 3 Debug (attack-success): suspicious=8532/8928, correction_applied=8532, prediction_changed=8532, corrected_to_true=6745
2026-04-28 02:40:38,788 - => Stage 3 Effective Support Avg: clean(all)=2.0672, clean_suspicious(false_positive)=0.8780, clean_correction_applied=0.8770, poison_valid(all)=1.0548, poison_valid_suspicious=1.0000, poison_valid_correction_applied=1.0000, attack_success(all)=1.0475, attack_success_suspicious=1.0000
2026-04-28 02:40:38,789 - => Stage 2 checkpoint score: mean(clean_acc=0.7131, recall=0.9556, correction_rate=0.7906) = 0.8198
2026-04-28 02:40:39,793 - => End Epoch: 60, early stop epochs: 15, best epoch: 45, best clean acc: 0.7130, best Top-4: 0.9817, best ASR: 0.0438, best RAC: 0.7604, anchor loss: 0.1146, best checkpoint score: 0.8198
2026-04-28 02:40:39,795 - => Stage 3 Detection Summary: recall: 0.9559, precision: 0.7571, f1: 0.8450, false positive rate: 0.2727, correction rate: 0.7905
2026-04-28 02:40:39,853 - => LFBA current anchor-derived target label: 6
2026-04-28 02:40:39,929 - =>Add Trigger to Train Data
2026-04-28 02:40:40,036 - Add Trigger to 2500 Poison Samples, 47500 Clean Samples (0.05)
2026-04-28 02:40:40,055 - => Start Training for Injecting Backdoor...
2026-04-28 02:40:40,443 - Epoch: 61, 1/196: VFL loss: 0.1407, total loss: 0.1202, anchor loss: 0.0998, VFL train accuracy: 0.9570
2026-04-28 02:40:44,368 - Epoch: 61, 11/196: VFL loss: 0.1911, total loss: 0.1462, anchor loss: 0.1014, VFL train accuracy: 0.9382
2026-04-28 02:40:48,235 - Epoch: 61, 21/196: VFL loss: 0.1887, total loss: 0.1451, anchor loss: 0.1015, VFL train accuracy: 0.9381
2026-04-28 02:40:52,194 - Epoch: 61, 31/196: VFL loss: 0.1835, total loss: 0.1425, anchor loss: 0.1015, VFL train accuracy: 0.9379
2026-04-28 02:40:56,142 - Epoch: 61, 41/196: VFL loss: 0.1805, total loss: 0.1409, anchor loss: 0.1012, VFL train accuracy: 0.9378
2026-04-28 02:41:00,070 - Epoch: 61, 51/196: VFL loss: 0.1751, total loss: 0.1381, anchor loss: 0.1010, VFL train accuracy: 0.9404
2026-04-28 02:41:04,043 - Epoch: 61, 61/196: VFL loss: 0.1731, total loss: 0.1371, anchor loss: 0.1010, VFL train accuracy: 0.9413
2026-04-28 02:41:07,948 - Epoch: 61, 71/196: VFL loss: 0.1739, total loss: 0.1376, anchor loss: 0.1013, VFL train accuracy: 0.9411
2026-04-28 02:41:11,846 - Epoch: 61, 81/196: VFL loss: 0.1751, total loss: 0.1383, anchor loss: 0.1016, VFL train accuracy: 0.9406
2026-04-28 02:41:15,717 - Epoch: 61, 91/196: VFL loss: 0.1782, total loss: 0.1401, anchor loss: 0.1020, VFL train accuracy: 0.9396
2026-04-28 02:41:19,602 - Epoch: 61, 101/196: VFL loss: 0.1771, total loss: 0.1394, anchor loss: 0.1016, VFL train accuracy: 0.9397
2026-04-28 02:41:23,514 - Epoch: 61, 111/196: VFL loss: 0.1773, total loss: 0.1394, anchor loss: 0.1014, VFL train accuracy: 0.9394
2026-04-28 02:41:27,383 - Epoch: 61, 121/196: VFL loss: 0.1770, total loss: 0.1392, anchor loss: 0.1015, VFL train accuracy: 0.9394
2026-04-28 02:41:31,287 - Epoch: 61, 131/196: VFL loss: 0.1770, total loss: 0.1393, anchor loss: 0.1016, VFL train accuracy: 0.9394
2026-04-28 02:41:35,215 - Epoch: 61, 141/196: VFL loss: 0.1772, total loss: 0.1394, anchor loss: 0.1016, VFL train accuracy: 0.9392
2026-04-28 02:41:39,100 - Epoch: 61, 151/196: VFL loss: 0.1772, total loss: 0.1395, anchor loss: 0.1017, VFL train accuracy: 0.9392
2026-04-28 02:41:42,957 - Epoch: 61, 161/196: VFL loss: 0.1781, total loss: 0.1399, anchor loss: 0.1018, VFL train accuracy: 0.9389
2026-04-28 02:41:46,826 - Epoch: 61, 171/196: VFL loss: 0.1783, total loss: 0.1401, anchor loss: 0.1018, VFL train accuracy: 0.9386
2026-04-28 02:41:50,682 - Epoch: 61, 181/196: VFL loss: 0.1778, total loss: 0.1398, anchor loss: 0.1018, VFL train accuracy: 0.9385
2026-04-28 02:41:54,593 - Epoch: 61, 191/196: VFL loss: 0.1774, total loss: 0.1396, anchor loss: 0.1018, VFL train accuracy: 0.9387
2026-04-28 02:41:56,371 - => Recorded Stage 2 client anchor losses for epoch 61 to './results/AVGuard/threeclient_full_avguard_fixed_lambda_anchor_theta_supp_sensitivity/theta_supp_0.05/CIFAR10/stage2\stage2_final_epoch_client_anchor_losses.json': {0: 0.108593, 1: 0.087688, 2: 0.109352}
2026-04-28 02:41:56,374 - => Stage 2 EMA anchor update skipped at epoch 61 because momentum=1.0000 disables EMA; eligible classes per client {0: 10, 1: 10, 2: 10}
2026-04-28 02:41:56,374 - => Stage 2 Epoch 61 Training Summary: VFL loss: 0.1771, total loss: 0.1395, anchor loss: 0.1019, VFL train accuracy: 0.9388
2026-04-28 02:41:56,375 - => Test ASR...
2026-04-28 02:41:56,420 - =>Add Trigger to Test Data
2026-04-28 02:41:56,537 - Add Trigger to 9000 Poison Samples, 1000 Clean Samples (1.00)
2026-04-28 02:42:13,816 - => Test Epoch: 61, main task samples: 10000, attack samples: 10000, test loss: 0.6030, clean acc: 0.7117, Top-4: 0.9824, ASR: 0.0466, RAC: 0.7578, test target accuracy: 0.8690, stage3 final accuracy: 0.7117, stage3 final target accuracy: 0.7890, stage3 final asr: 0.0466, anchor loss: 0.1143
2026-04-28 02:42:13,817 - => Stage 3 Detection Summary: recall: 0.9534, precision: 0.7571, f1: 0.8440, false positive rate: 0.2723, correction rate: 0.7892
2026-04-28 02:42:13,818 - => Stage 3 Debug (clean): suspicious=2723/10000, correction_applied=2695, prediction_changed=2695, skipped_tied_vote=0, skipped_low_margin=0, skipped_other=28
2026-04-28 02:42:13,818 - => Stage 3 Debug (poison-valid): suspicious=8503/9000, correction_applied=8503, prediction_changed=8503, skipped_tied_vote=0, skipped_low_margin=0, skipped_other=0
2026-04-28 02:42:13,819 - => Stage 3 Debug (attack-success): suspicious=8499/8914, correction_applied=8499, prediction_changed=8499, corrected_to_true=6707
2026-04-28 02:42:13,820 - => Stage 3 Effective Support Avg: clean(all)=2.0681, clean_suspicious(false_positive)=0.8715, clean_correction_applied=0.8705, poison_valid(all)=1.0586, poison_valid_suspicious=1.0000, poison_valid_correction_applied=1.0000, attack_success(all)=1.0499, attack_success_suspicious=1.0000
2026-04-28 02:42:13,821 - => Stage 2 checkpoint score: mean(clean_acc=0.7117, recall=0.9534, correction_rate=0.7892) = 0.8181
2026-04-28 02:42:14,641 - => End Epoch: 61, early stop epochs: 16, best epoch: 45, best clean acc: 0.7130, best Top-4: 0.9817, best ASR: 0.0438, best RAC: 0.7604, anchor loss: 0.1146, best checkpoint score: 0.8198
2026-04-28 02:42:14,643 - => Stage 3 Detection Summary: recall: 0.9559, precision: 0.7571, f1: 0.8450, false positive rate: 0.2727, correction rate: 0.7905
2026-04-28 02:42:14,696 - => LFBA current anchor-derived target label: 6
2026-04-28 02:42:14,773 - =>Add Trigger to Train Data
2026-04-28 02:42:14,882 - Add Trigger to 2500 Poison Samples, 47500 Clean Samples (0.05)
2026-04-28 02:42:14,900 - => Start Training for Injecting Backdoor...
2026-04-28 02:42:15,310 - Epoch: 62, 1/196: VFL loss: 0.1502, total loss: 0.1272, anchor loss: 0.1041, VFL train accuracy: 0.9453
2026-04-28 02:42:19,259 - Epoch: 62, 11/196: VFL loss: 0.1577, total loss: 0.1288, anchor loss: 0.0998, VFL train accuracy: 0.9439
2026-04-28 02:42:23,217 - Epoch: 62, 21/196: VFL loss: 0.1604, total loss: 0.1302, anchor loss: 0.1000, VFL train accuracy: 0.9448
2026-04-28 02:42:27,158 - Epoch: 62, 31/196: VFL loss: 0.1663, total loss: 0.1335, anchor loss: 0.1007, VFL train accuracy: 0.9425
2026-04-28 02:42:31,118 - Epoch: 62, 41/196: VFL loss: 0.1677, total loss: 0.1341, anchor loss: 0.1006, VFL train accuracy: 0.9431
2026-04-28 02:42:35,038 - Epoch: 62, 51/196: VFL loss: 0.1681, total loss: 0.1345, anchor loss: 0.1009, VFL train accuracy: 0.9432
2026-04-28 02:42:38,938 - Epoch: 62, 61/196: VFL loss: 0.1716, total loss: 0.1364, anchor loss: 0.1012, VFL train accuracy: 0.9419
2026-04-28 02:42:42,868 - Epoch: 62, 71/196: VFL loss: 0.1763, total loss: 0.1390, anchor loss: 0.1017, VFL train accuracy: 0.9401
2026-04-28 02:42:46,768 - Epoch: 62, 81/196: VFL loss: 0.1792, total loss: 0.1406, anchor loss: 0.1019, VFL train accuracy: 0.9386
2026-04-28 02:42:50,665 - Epoch: 62, 91/196: VFL loss: 0.1786, total loss: 0.1402, anchor loss: 0.1018, VFL train accuracy: 0.9386
2026-04-28 02:42:54,580 - Epoch: 62, 101/196: VFL loss: 0.1792, total loss: 0.1405, anchor loss: 0.1018, VFL train accuracy: 0.9382
2026-04-28 02:42:58,507 - Epoch: 62, 111/196: VFL loss: 0.1793, total loss: 0.1406, anchor loss: 0.1020, VFL train accuracy: 0.9384
2026-04-28 02:43:02,457 - Epoch: 62, 121/196: VFL loss: 0.1780, total loss: 0.1399, anchor loss: 0.1018, VFL train accuracy: 0.9386
2026-04-28 02:43:06,358 - Epoch: 62, 131/196: VFL loss: 0.1777, total loss: 0.1396, anchor loss: 0.1016, VFL train accuracy: 0.9390
2026-04-28 02:43:10,208 - Epoch: 62, 141/196: VFL loss: 0.1782, total loss: 0.1399, anchor loss: 0.1017, VFL train accuracy: 0.9387
2026-04-28 02:43:14,139 - Epoch: 62, 151/196: VFL loss: 0.1783, total loss: 0.1400, anchor loss: 0.1017, VFL train accuracy: 0.9386
2026-04-28 02:43:17,998 - Epoch: 62, 161/196: VFL loss: 0.1787, total loss: 0.1402, anchor loss: 0.1017, VFL train accuracy: 0.9384
2026-04-28 02:43:21,938 - Epoch: 62, 171/196: VFL loss: 0.1785, total loss: 0.1401, anchor loss: 0.1017, VFL train accuracy: 0.9386
2026-04-28 02:43:25,858 - Epoch: 62, 181/196: VFL loss: 0.1781, total loss: 0.1399, anchor loss: 0.1016, VFL train accuracy: 0.9389
2026-04-28 02:43:29,758 - Epoch: 62, 191/196: VFL loss: 0.1782, total loss: 0.1399, anchor loss: 0.1015, VFL train accuracy: 0.9388
2026-04-28 02:43:31,511 - => Recorded Stage 2 client anchor losses for epoch 62 to './results/AVGuard/threeclient_full_avguard_fixed_lambda_anchor_theta_supp_sensitivity/theta_supp_0.05/CIFAR10/stage2\stage2_final_epoch_client_anchor_losses.json': {0: 0.108185, 1: 0.087333, 2: 0.108904}
2026-04-28 02:43:31,512 - => Stage 2 EMA anchor update skipped at epoch 62 because momentum=1.0000 disables EMA; eligible classes per client {0: 10, 1: 10, 2: 10}
2026-04-28 02:43:31,512 - => Stage 2 Epoch 62 Training Summary: VFL loss: 0.1778, total loss: 0.1397, anchor loss: 0.1015, VFL train accuracy: 0.9389
2026-04-28 02:43:31,513 - => Test ASR...
2026-04-28 02:43:31,551 - =>Add Trigger to Test Data
2026-04-28 02:43:31,667 - Add Trigger to 9000 Poison Samples, 1000 Clean Samples (1.00)
2026-04-28 02:43:49,008 - => Test Epoch: 62, main task samples: 10000, attack samples: 10000, test loss: 0.6019, clean acc: 0.7132, Top-4: 0.9828, ASR: 0.0416, RAC: 0.7605, test target accuracy: 0.8520, stage3 final accuracy: 0.7132, stage3 final target accuracy: 0.7800, stage3 final asr: 0.0416, anchor loss: 0.1141
2026-04-28 02:43:49,009 - => Stage 3 Detection Summary: recall: 0.9583, precision: 0.7547, f1: 0.8444, false positive rate: 0.2731, correction rate: 0.7866
2026-04-28 02:43:49,010 - => Stage 3 Debug (clean): suspicious=2731/10000, correction_applied=2705, prediction_changed=2705, skipped_tied_vote=0, skipped_low_margin=0, skipped_other=26
2026-04-28 02:43:49,010 - => Stage 3 Debug (poison-valid): suspicious=8431/9000, correction_applied=8431, prediction_changed=8431, skipped_tied_vote=0, skipped_low_margin=0, skipped_other=0
2026-04-28 02:43:49,010 - => Stage 3 Debug (attack-success): suspicious=8424/8791, correction_applied=8424, prediction_changed=8424, corrected_to_true=6626
2026-04-28 02:43:49,011 - => Stage 3 Effective Support Avg: clean(all)=2.0678, clean_suspicious(false_positive)=0.8773, clean_correction_applied=0.8769, poison_valid(all)=1.0657, poison_valid_suspicious=1.0000, poison_valid_correction_applied=1.0000, attack_success(all)=1.0442, attack_success_suspicious=1.0000
2026-04-28 02:43:49,011 - => Stage 2 checkpoint score: mean(clean_acc=0.7132, recall=0.9583, correction_rate=0.7866) = 0.8193
2026-04-28 02:43:50,105 - => End Epoch: 62, early stop epochs: 17, best epoch: 45, best clean acc: 0.7130, best Top-4: 0.9817, best ASR: 0.0438, best RAC: 0.7604, anchor loss: 0.1146, best checkpoint score: 0.8198
2026-04-28 02:43:50,106 - => Stage 3 Detection Summary: recall: 0.9559, precision: 0.7571, f1: 0.8450, false positive rate: 0.2727, correction rate: 0.7905
2026-04-28 02:43:50,157 - => LFBA current anchor-derived target label: 6
2026-04-28 02:43:50,230 - =>Add Trigger to Train Data
2026-04-28 02:43:50,345 - Add Trigger to 2500 Poison Samples, 47500 Clean Samples (0.05)
2026-04-28 02:43:50,363 - => Start Training for Injecting Backdoor...
2026-04-28 02:43:50,764 - Epoch: 63, 1/196: VFL loss: 0.1889, total loss: 0.1449, anchor loss: 0.1010, VFL train accuracy: 0.9414
2026-04-28 02:43:54,730 - Epoch: 63, 11/196: VFL loss: 0.1584, total loss: 0.1302, anchor loss: 0.1020, VFL train accuracy: 0.9425
2026-04-28 02:43:58,647 - Epoch: 63, 21/196: VFL loss: 0.1599, total loss: 0.1306, anchor loss: 0.1012, VFL train accuracy: 0.9433
2026-04-28 02:44:02,548 - Epoch: 63, 31/196: VFL loss: 0.1579, total loss: 0.1292, anchor loss: 0.1004, VFL train accuracy: 0.9454
2026-04-28 02:44:06,460 - Epoch: 63, 41/196: VFL loss: 0.1634, total loss: 0.1321, anchor loss: 0.1008, VFL train accuracy: 0.9444
2026-04-28 02:44:10,377 - Epoch: 63, 51/196: VFL loss: 0.1677, total loss: 0.1345, anchor loss: 0.1013, VFL train accuracy: 0.9428
2026-04-28 02:44:14,248 - Epoch: 63, 61/196: VFL loss: 0.1763, total loss: 0.1390, anchor loss: 0.1018, VFL train accuracy: 0.9408
2026-04-28 02:44:18,127 - Epoch: 63, 71/196: VFL loss: 0.1772, total loss: 0.1395, anchor loss: 0.1019, VFL train accuracy: 0.9402
2026-04-28 02:44:22,003 - Epoch: 63, 81/196: VFL loss: 0.1807, total loss: 0.1414, anchor loss: 0.1021, VFL train accuracy: 0.9387
2026-04-28 02:44:25,917 - Epoch: 63, 91/196: VFL loss: 0.1797, total loss: 0.1410, anchor loss: 0.1022, VFL train accuracy: 0.9390
2026-04-28 02:44:29,831 - Epoch: 63, 101/196: VFL loss: 0.1780, total loss: 0.1400, anchor loss: 0.1021, VFL train accuracy: 0.9396
2026-04-28 02:44:33,747 - Epoch: 63, 111/196: VFL loss: 0.1784, total loss: 0.1403, anchor loss: 0.1022, VFL train accuracy: 0.9393
2026-04-28 02:44:37,600 - Epoch: 63, 121/196: VFL loss: 0.1799, total loss: 0.1411, anchor loss: 0.1022, VFL train accuracy: 0.9386
2026-04-28 02:44:41,498 - Epoch: 63, 131/196: VFL loss: 0.1792, total loss: 0.1406, anchor loss: 0.1020, VFL train accuracy: 0.9390
2026-04-28 02:44:45,398 - Epoch: 63, 141/196: VFL loss: 0.1785, total loss: 0.1401, anchor loss: 0.1018, VFL train accuracy: 0.9390
2026-04-28 02:44:49,329 - Epoch: 63, 151/196: VFL loss: 0.1782, total loss: 0.1400, anchor loss: 0.1018, VFL train accuracy: 0.9390
2026-04-28 02:44:53,262 - Epoch: 63, 161/196: VFL loss: 0.1788, total loss: 0.1403, anchor loss: 0.1018, VFL train accuracy: 0.9390
2026-04-28 02:44:57,176 - Epoch: 63, 171/196: VFL loss: 0.1777, total loss: 0.1397, anchor loss: 0.1018, VFL train accuracy: 0.9393
2026-04-28 02:45:01,093 - Epoch: 63, 181/196: VFL loss: 0.1796, total loss: 0.1408, anchor loss: 0.1019, VFL train accuracy: 0.9388
2026-04-28 02:45:05,263 - Epoch: 63, 191/196: VFL loss: 0.1795, total loss: 0.1407, anchor loss: 0.1018, VFL train accuracy: 0.9387
2026-04-28 02:45:07,169 - => Recorded Stage 2 client anchor losses for epoch 63 to './results/AVGuard/threeclient_full_avguard_fixed_lambda_anchor_theta_supp_sensitivity/theta_supp_0.05/CIFAR10/stage2\stage2_final_epoch_client_anchor_losses.json': {0: 0.109272, 1: 0.08741, 2: 0.109095}
2026-04-28 02:45:07,172 - => Stage 2 EMA anchor update skipped at epoch 63 because momentum=1.0000 disables EMA; eligible classes per client {0: 10, 1: 10, 2: 10}
2026-04-28 02:45:07,173 - => Stage 2 Epoch 63 Training Summary: VFL loss: 0.1800, total loss: 0.1409, anchor loss: 0.1019, VFL train accuracy: 0.9386
2026-04-28 02:45:07,174 - => Test ASR...
2026-04-28 02:45:07,220 - =>Add Trigger to Test Data
2026-04-28 02:45:07,337 - Add Trigger to 9000 Poison Samples, 1000 Clean Samples (1.00)
2026-04-28 02:45:24,579 - => Test Epoch: 63, main task samples: 10000, attack samples: 10000, test loss: 0.6024, clean acc: 0.7136, Top-4: 0.9824, ASR: 0.0452, RAC: 0.7600, test target accuracy: 0.8630, stage3 final accuracy: 0.7136, stage3 final target accuracy: 0.7910, stage3 final asr: 0.0452, anchor loss: 0.1142
2026-04-28 02:45:24,580 - => Stage 3 Detection Summary: recall: 0.9544, precision: 0.7568, f1: 0.8442, false positive rate: 0.2709, correction rate: 0.7888
2026-04-28 02:45:24,580 - => Stage 3 Debug (clean): suspicious=2709/10000, correction_applied=2684, prediction_changed=2684, skipped_tied_vote=0, skipped_low_margin=0, skipped_other=25
2026-04-28 02:45:24,581 - => Stage 3 Debug (poison-valid): suspicious=8448/9000, correction_applied=8448, prediction_changed=8448, skipped_tied_vote=0, skipped_low_margin=0, skipped_other=0
2026-04-28 02:45:24,581 - => Stage 3 Debug (attack-success): suspicious=8444/8847, correction_applied=8444, prediction_changed=8444, corrected_to_true=6661
2026-04-28 02:45:24,581 - => Stage 3 Effective Support Avg: clean(all)=2.0667, clean_suspicious(false_positive)=0.8690, clean_correction_applied=0.8685, poison_valid(all)=1.0646, poison_valid_suspicious=1.0000, poison_valid_correction_applied=1.0000, attack_success(all)=1.0488, attack_success_suspicious=1.0000
2026-04-28 02:45:24,582 - => Stage 2 checkpoint score: mean(clean_acc=0.7136, recall=0.9544, correction_rate=0.7888) = 0.8190
2026-04-28 02:45:25,673 - => End Epoch: 63, early stop epochs: 18, best epoch: 45, best clean acc: 0.7130, best Top-4: 0.9817, best ASR: 0.0438, best RAC: 0.7604, anchor loss: 0.1146, best checkpoint score: 0.8198
2026-04-28 02:45:25,674 - => Stage 3 Detection Summary: recall: 0.9559, precision: 0.7571, f1: 0.8450, false positive rate: 0.2727, correction rate: 0.7905
2026-04-28 02:45:25,737 - => LFBA current anchor-derived target label: 6
2026-04-28 02:45:25,809 - =>Add Trigger to Train Data
2026-04-28 02:45:25,916 - Add Trigger to 2500 Poison Samples, 47500 Clean Samples (0.05)
2026-04-28 02:45:25,934 - => Start Training for Injecting Backdoor...
2026-04-28 02:45:26,335 - Epoch: 64, 1/196: VFL loss: 0.1537, total loss: 0.1266, anchor loss: 0.0995, VFL train accuracy: 0.9453
2026-04-28 02:45:30,279 - Epoch: 64, 11/196: VFL loss: 0.1575, total loss: 0.1284, anchor loss: 0.0992, VFL train accuracy: 0.9450
2026-04-28 02:45:34,199 - Epoch: 64, 21/196: VFL loss: 0.1700, total loss: 0.1355, anchor loss: 0.1009, VFL train accuracy: 0.9416
2026-04-28 02:45:38,098 - Epoch: 64, 31/196: VFL loss: 0.1697, total loss: 0.1354, anchor loss: 0.1011, VFL train accuracy: 0.9415
2026-04-28 02:45:41,968 - Epoch: 64, 41/196: VFL loss: 0.1715, total loss: 0.1361, anchor loss: 0.1008, VFL train accuracy: 0.9400
2026-04-28 02:45:45,868 - Epoch: 64, 51/196: VFL loss: 0.1718, total loss: 0.1364, anchor loss: 0.1009, VFL train accuracy: 0.9409
2026-04-28 02:45:49,769 - Epoch: 64, 61/196: VFL loss: 0.1768, total loss: 0.1391, anchor loss: 0.1013, VFL train accuracy: 0.9392
2026-04-28 02:45:53,668 - Epoch: 64, 71/196: VFL loss: 0.1754, total loss: 0.1383, anchor loss: 0.1012, VFL train accuracy: 0.9389
2026-04-28 02:45:57,568 - Epoch: 64, 81/196: VFL loss: 0.1776, total loss: 0.1395, anchor loss: 0.1014, VFL train accuracy: 0.9380
2026-04-28 02:46:01,502 - Epoch: 64, 91/196: VFL loss: 0.1765, total loss: 0.1390, anchor loss: 0.1014, VFL train accuracy: 0.9383
2026-04-28 02:46:05,428 - Epoch: 64, 101/196: VFL loss: 0.1759, total loss: 0.1387, anchor loss: 0.1014, VFL train accuracy: 0.9384
2026-04-28 02:46:09,328 - Epoch: 64, 111/196: VFL loss: 0.1748, total loss: 0.1381, anchor loss: 0.1014, VFL train accuracy: 0.9386
2026-04-28 02:46:13,207 - Epoch: 64, 121/196: VFL loss: 0.1745, total loss: 0.1380, anchor loss: 0.1014, VFL train accuracy: 0.9389
2026-04-28 02:46:17,127 - Epoch: 64, 131/196: VFL loss: 0.1746, total loss: 0.1380, anchor loss: 0.1013, VFL train accuracy: 0.9388
2026-04-28 02:46:20,967 - Epoch: 64, 141/196: VFL loss: 0.1747, total loss: 0.1380, anchor loss: 0.1014, VFL train accuracy: 0.9389
2026-04-28 02:46:24,869 - Epoch: 64, 151/196: VFL loss: 0.1758, total loss: 0.1387, anchor loss: 0.1015, VFL train accuracy: 0.9385
2026-04-28 02:46:28,797 - Epoch: 64, 161/196: VFL loss: 0.1766, total loss: 0.1391, anchor loss: 0.1016, VFL train accuracy: 0.9381
2026-04-28 02:46:32,652 - Epoch: 64, 171/196: VFL loss: 0.1766, total loss: 0.1391, anchor loss: 0.1017, VFL train accuracy: 0.9382
2026-04-28 02:46:36,582 - Epoch: 64, 181/196: VFL loss: 0.1773, total loss: 0.1395, anchor loss: 0.1017, VFL train accuracy: 0.9381
2026-04-28 02:46:40,420 - Epoch: 64, 191/196: VFL loss: 0.1779, total loss: 0.1397, anchor loss: 0.1016, VFL train accuracy: 0.9380
2026-04-28 02:46:42,231 - => Recorded Stage 2 client anchor losses for epoch 64 to './results/AVGuard/threeclient_full_avguard_fixed_lambda_anchor_theta_supp_sensitivity/theta_supp_0.05/CIFAR10/stage2\stage2_final_epoch_client_anchor_losses.json': {0: 0.108704, 1: 0.086931, 2: 0.109434}
2026-04-28 02:46:42,235 - => Stage 2 EMA anchor update skipped at epoch 64 because momentum=1.0000 disables EMA; eligible classes per client {0: 10, 1: 10, 2: 10}
2026-04-28 02:46:42,236 - => Stage 2 Epoch 64 Training Summary: VFL loss: 0.1778, total loss: 0.1397, anchor loss: 0.1017, VFL train accuracy: 0.9380
2026-04-28 02:46:42,237 - => Test ASR...
2026-04-28 02:46:42,286 - =>Add Trigger to Test Data
2026-04-28 02:46:42,403 - Add Trigger to 9000 Poison Samples, 1000 Clean Samples (1.00)
2026-04-28 02:46:59,636 - => Test Epoch: 64, main task samples: 10000, attack samples: 10000, test loss: 0.6067, clean acc: 0.7136, Top-4: 0.9825, ASR: 0.0441, RAC: 0.7592, test target accuracy: 0.8620, stage3 final accuracy: 0.7136, stage3 final target accuracy: 0.7910, stage3 final asr: 0.0441, anchor loss: 0.1145
2026-04-28 02:46:59,637 - => Stage 3 Detection Summary: recall: 0.9557, precision: 0.7576, f1: 0.8452, false positive rate: 0.2712, correction rate: 0.7877
2026-04-28 02:46:59,637 - => Stage 3 Debug (clean): suspicious=2712/10000, correction_applied=2685, prediction_changed=2685, skipped_tied_vote=0, skipped_low_margin=0, skipped_other=27
2026-04-28 02:46:59,638 - => Stage 3 Debug (poison-valid): suspicious=8492/9000, correction_applied=8492, prediction_changed=8492, skipped_tied_vote=0, skipped_low_margin=0, skipped_other=0
2026-04-28 02:46:59,638 - => Stage 3 Debug (attack-success): suspicious=8488/8881, correction_applied=8488, prediction_changed=8488, corrected_to_true=6686
2026-04-28 02:46:59,638 - => Stage 3 Effective Support Avg: clean(all)=2.0674, clean_suspicious(false_positive)=0.8721, clean_correction_applied=0.8711, poison_valid(all)=1.0594, poison_valid_suspicious=1.0000, poison_valid_correction_applied=1.0000, attack_success(all)=1.0473, attack_success_suspicious=1.0000
2026-04-28 02:46:59,639 - => Stage 2 checkpoint score: mean(clean_acc=0.7136, recall=0.9557, correction_rate=0.7877) = 0.8190
2026-04-28 02:47:00,882 - => End Epoch: 64, early stop epochs: 19, best epoch: 45, best clean acc: 0.7130, best Top-4: 0.9817, best ASR: 0.0438, best RAC: 0.7604, anchor loss: 0.1146, best checkpoint score: 0.8198
2026-04-28 02:47:00,883 - => Stage 3 Detection Summary: recall: 0.9559, precision: 0.7571, f1: 0.8450, false positive rate: 0.2727, correction rate: 0.7905
2026-04-28 02:47:00,938 - => LFBA current anchor-derived target label: 6
2026-04-28 02:47:01,014 - =>Add Trigger to Train Data
2026-04-28 02:47:01,140 - Add Trigger to 2500 Poison Samples, 47500 Clean Samples (0.05)
2026-04-28 02:47:01,156 - => Start Training for Injecting Backdoor...
2026-04-28 02:47:01,559 - Epoch: 65, 1/196: VFL loss: 0.1635, total loss: 0.1313, anchor loss: 0.0990, VFL train accuracy: 0.9297
2026-04-28 02:47:05,421 - Epoch: 65, 11/196: VFL loss: 0.1732, total loss: 0.1376, anchor loss: 0.1020, VFL train accuracy: 0.9371
2026-04-28 02:47:09,303 - Epoch: 65, 21/196: VFL loss: 0.1682, total loss: 0.1350, anchor loss: 0.1017, VFL train accuracy: 0.9414
2026-04-28 02:47:13,166 - Epoch: 65, 31/196: VFL loss: 0.1717, total loss: 0.1369, anchor loss: 0.1021, VFL train accuracy: 0.9399
2026-04-28 02:47:17,031 - Epoch: 65, 41/196: VFL loss: 0.1766, total loss: 0.1394, anchor loss: 0.1022, VFL train accuracy: 0.9382
2026-04-28 02:47:20,939 - Epoch: 65, 51/196: VFL loss: 0.1735, total loss: 0.1377, anchor loss: 0.1019, VFL train accuracy: 0.9391
2026-04-28 02:47:24,838 - Epoch: 65, 61/196: VFL loss: 0.1736, total loss: 0.1378, anchor loss: 0.1020, VFL train accuracy: 0.9385
2026-04-28 02:47:28,701 - Epoch: 65, 71/196: VFL loss: 0.1717, total loss: 0.1367, anchor loss: 0.1016, VFL train accuracy: 0.9395
2026-04-28 02:47:32,559 - Epoch: 65, 81/196: VFL loss: 0.1704, total loss: 0.1360, anchor loss: 0.1016, VFL train accuracy: 0.9400
2026-04-28 02:47:36,383 - Epoch: 65, 91/196: VFL loss: 0.1707, total loss: 0.1361, anchor loss: 0.1015, VFL train accuracy: 0.9403
2026-04-28 02:47:40,257 - Epoch: 65, 101/196: VFL loss: 0.1713, total loss: 0.1364, anchor loss: 0.1016, VFL train accuracy: 0.9403
2026-04-28 02:47:44,109 - Epoch: 65, 111/196: VFL loss: 0.1727, total loss: 0.1372, anchor loss: 0.1016, VFL train accuracy: 0.9398
2026-04-28 02:47:48,039 - Epoch: 65, 121/196: VFL loss: 0.1760, total loss: 0.1390, anchor loss: 0.1019, VFL train accuracy: 0.9387
2026-04-28 02:47:51,907 - Epoch: 65, 131/196: VFL loss: 0.1771, total loss: 0.1394, anchor loss: 0.1018, VFL train accuracy: 0.9379
2026-04-28 02:47:55,793 - Epoch: 65, 141/196: VFL loss: 0.1769, total loss: 0.1393, anchor loss: 0.1018, VFL train accuracy: 0.9382
2026-04-28 02:47:59,652 - Epoch: 65, 151/196: VFL loss: 0.1767, total loss: 0.1392, anchor loss: 0.1016, VFL train accuracy: 0.9385
2026-04-28 02:48:03,579 - Epoch: 65, 161/196: VFL loss: 0.1763, total loss: 0.1390, anchor loss: 0.1016, VFL train accuracy: 0.9384
2026-04-28 02:48:07,543 - Epoch: 65, 171/196: VFL loss: 0.1773, total loss: 0.1395, anchor loss: 0.1016, VFL train accuracy: 0.9380
2026-04-28 02:48:11,427 - Epoch: 65, 181/196: VFL loss: 0.1776, total loss: 0.1395, anchor loss: 0.1015, VFL train accuracy: 0.9380
2026-04-28 02:48:15,266 - Epoch: 65, 191/196: VFL loss: 0.1769, total loss: 0.1392, anchor loss: 0.1015, VFL train accuracy: 0.9383
2026-04-28 02:48:17,009 - => Recorded Stage 2 client anchor losses for epoch 65 to './results/AVGuard/threeclient_full_avguard_fixed_lambda_anchor_theta_supp_sensitivity/theta_supp_0.05/CIFAR10/stage2\stage2_final_epoch_client_anchor_losses.json': {0: 0.108117, 1: 0.087137, 2: 0.109007}
2026-04-28 02:48:17,012 - => Stage 2 EMA anchor update skipped at epoch 65 because momentum=1.0000 disables EMA; eligible classes per client {0: 10, 1: 10, 2: 10}
2026-04-28 02:48:17,013 - => Stage 2 Epoch 65 Training Summary: VFL loss: 0.1779, total loss: 0.1397, anchor loss: 0.1014, VFL train accuracy: 0.9382
2026-04-28 02:48:17,013 - => Test ASR...
2026-04-28 02:48:17,059 - =>Add Trigger to Test Data
2026-04-28 02:48:17,177 - Add Trigger to 9000 Poison Samples, 1000 Clean Samples (1.00)
2026-04-28 02:48:34,381 - => Test Epoch: 65, main task samples: 10000, attack samples: 10000, test loss: 0.6010, clean acc: 0.7117, Top-4: 0.9825, ASR: 0.0456, RAC: 0.7593, test target accuracy: 0.8640, stage3 final accuracy: 0.7117, stage3 final target accuracy: 0.7920, stage3 final asr: 0.0456, anchor loss: 0.1142
2026-04-28 02:48:34,382 - => Stage 3 Detection Summary: recall: 0.9545, precision: 0.7568, f1: 0.8442, false positive rate: 0.2720, correction rate: 0.7891
2026-04-28 02:48:34,383 - => Stage 3 Debug (clean): suspicious=2720/10000, correction_applied=2692, prediction_changed=2692, skipped_tied_vote=0, skipped_low_margin=0, skipped_other=28
2026-04-28 02:48:34,383 - => Stage 3 Debug (poison-valid): suspicious=8487/9000, correction_applied=8487, prediction_changed=8487, skipped_tied_vote=0, skipped_low_margin=0, skipped_other=0
2026-04-28 02:48:34,383 - => Stage 3 Debug (attack-success): suspicious=8481/8885, correction_applied=8481, prediction_changed=8481, corrected_to_true=6692
2026-04-28 02:48:34,384 - => Stage 3 Effective Support Avg: clean(all)=2.0627, clean_suspicious(false_positive)=0.8688, clean_correction_applied=0.8689, poison_valid(all)=1.0601, poison_valid_suspicious=1.0000, poison_valid_correction_applied=1.0000, attack_success(all)=1.0486, attack_success_suspicious=1.0000
2026-04-28 02:48:34,384 - => Stage 2 checkpoint score: mean(clean_acc=0.7117, recall=0.9545, correction_rate=0.7891) = 0.8184
2026-04-28 02:48:35,310 - => End Epoch: 65, early stop epochs: 20, best epoch: 45, best clean acc: 0.7130, best Top-4: 0.9817, best ASR: 0.0438, best RAC: 0.7604, anchor loss: 0.1146, best checkpoint score: 0.8198
2026-04-28 02:48:35,311 - => Stage 3 Detection Summary: recall: 0.9559, precision: 0.7571, f1: 0.8450, false positive rate: 0.2727, correction rate: 0.7905
