2026-04-09 22:34:42,348 - Namespace(config='', data_dir='./dataset/data_raw/', dataset='NUSWIDE', device=0, results_dir='./results/AVGuard/Fourclient/NUSWIDE/lambda_scan/noema_lambda_0.7', seed=100, epoch=50, batch_size=256, client_num=4, pretrained_checkpoint=None, test_checkpoint=None, resume_latest=False, lr=0.001, start_epoch=0, print_steps=10, early_stop=0, attack='LFBA', target_label=None, poison_rate=0.1, poison_dimensions=10, trigger_feature_clip=1.0, attack_client_num=3, feature_extractor='', select_rate=0.3, lfba_poison_source='gradient', random_select=False, poison_all=False, anchor_idx=33930, pretrain_stage=0, mode='train', defense='anchor', defense_scheme='AVGuard', enable_stage1=True, force_stage1_retrain=False, enable_anchor_loss=True, lambda_anchor=0.7, lambda_stage1_anchor=0.3, anchor_pretrain_epochs=20, anchor_pretrain_early_stop=5, anchor_pretrain_min_delta=0.0001, anchor_scale=16.0, anchor_margin=0.2, anchor_bank_path='./results/AVGuard/Fourclient/NUSWIDE/NUSWIDE_anchor_stage1_4clients_chcm55_corr_edhwt/anchor_bank.pt', anchor_stage1_dir='./results/AVGuard/Fourclient/NUSWIDE/NUSWIDE_anchor_stage1_4clients_chcm55_corr_edhwt/anchor_stage1', anchor_ema_momentum=1.0, anchor_ema_update_freq=1, stage3_enable_joint_weighted_voting=True, stage3_enable_static_reliability=True, gamma=2.0, theta_supp=0.15, enable_conservative_correction=False, tau_corr=0.0, top_k=4, stage3_debug_batches=0, stage3_debug_max_samples=8, original_dataset='NUSWIDE', attack_target_label=None, anchor_margin_auto_adjusted=False, requested_anchor_margin=0.2)
2026-04-09 22:34:42,348 - => Defense scheme: AVGuard
2026-04-09 22:34:42,350 - => LFBA poison-set source: gradient
2026-04-09 22:34:42,350 - => Python executable: D:\Code\Miniconda\envs\backdoor\python.exe
2026-04-09 22:34:42,350 - => Torch version: 2.5.1+cu121, compiled CUDA: 12.1, cuda available: True, visible GPU count: 1
2026-04-09 22:34:42,350 - => Using GPU cuda:0 (NVIDIA GeForce RTX 4060 Laptop GPU)
2026-04-09 22:34:42,350 - => Preparing data...
2026-04-09 22:35:21,588 - => NUSWIDE total feature dim: 1634, client_num: 4, local output dims: [60, 16, 8, 16]
2026-04-09 22:35:21,589 - => NUSWIDE fixed feature order: [CH | CM55 | CORR | EDH | WT | Tags1k]
2026-04-09 22:35:21,589 - => NUSWIDE split: client0 = TEXT[1000]
2026-04-09 22:35:21,589 - => NUSWIDE split: client1 = CH + CM55 [289]
2026-04-09 22:35:21,589 - => NUSWIDE split: client2 = CORR [144]
2026-04-09 22:35:21,589 - => NUSWIDE split: client3 = EDH + WT [201]
2026-04-09 22:35:21,589 - => NUSWIDE attacker client: client3
2026-04-09 22:35:21,707 - => Resolved LFBA attack target label=3 from training anchor_idx=33930
2026-04-09 22:35:21,861 - => Loading stage1 local models and anchors from './results/AVGuard/Fourclient/NUSWIDE/NUSWIDE_anchor_stage1_4clients_chcm55_corr_edhwt/anchor_stage1/stage1_artifact.pt'
2026-04-09 22:35:22,071 - => Stage 3 is ready; it will use Stage 1 client reliability from the loaded anchor state when available. Stage 2 client anchor-loss stats are optional diagnostics.
2026-04-09 22:35:22,132 - =>Add Trigger to Test Data
2026-04-09 22:35:24,168 - Add Trigger to 37064 Bad Samples, 9629 Clean Samples (1.00)
2026-04-09 22:35:24,169 - => Start Training with LFBA...
2026-04-09 22:35:24,169 - => Enter Stage 2: joint VFL training starts from stage1 passive local backbones with frozen anchor heads
2026-04-09 22:35:24,169 - => Stage 2 anchor loss enabled: True
2026-04-09 22:35:24,169 - => Stage 2 EMA anchor calibration disabled: momentum=1.0000 makes anchor updates a no-op, update_freq=1 epoch(s)
2026-04-09 22:35:24,169 - => Stage 2 latest checkpoint path: './results/AVGuard/Fourclient/NUSWIDE/lambda_scan/noema_lambda_0.7\latest_checkpoint.pth.tar'
2026-04-09 22:35:24,169 - => Stage 2 best checkpoint path: './results/AVGuard/Fourclient/NUSWIDE/lambda_scan/noema_lambda_0.7\best_checkpoint.pth.tar'
2026-04-09 22:35:24,181 - => Start Training for Injecting Backdoor...
2026-04-09 22:35:24,843 - Epoch: 1, 1/274: VFL loss: 1.6296, total loss: 1.6818, anchor loss: 0.0746, VFL train accuracy: 0.1211
2026-04-09 22:35:25,247 - Epoch: 1, 11/274: VFL loss: 1.4007, total loss: 1.4516, anchor loss: 0.0727, VFL train accuracy: 0.5348
2026-04-09 22:35:25,544 - Epoch: 1, 21/274: VFL loss: 1.1069, total loss: 1.1620, anchor loss: 0.0787, VFL train accuracy: 0.6494
2026-04-09 22:35:25,843 - Epoch: 1, 31/274: VFL loss: 0.9282, total loss: 0.9868, anchor loss: 0.0837, VFL train accuracy: 0.7107
2026-04-09 22:35:26,174 - Epoch: 1, 41/274: VFL loss: 0.7986, total loss: 0.8585, anchor loss: 0.0855, VFL train accuracy: 0.7543
2026-04-09 22:35:26,507 - Epoch: 1, 51/274: VFL loss: 0.7193, total loss: 0.7796, anchor loss: 0.0861, VFL train accuracy: 0.7780
2026-04-09 22:35:26,816 - Epoch: 1, 61/274: VFL loss: 0.6570, total loss: 0.7172, anchor loss: 0.0860, VFL train accuracy: 0.7966
2026-04-09 22:35:27,139 - Epoch: 1, 71/274: VFL loss: 0.6095, total loss: 0.6695, anchor loss: 0.0857, VFL train accuracy: 0.8100
2026-04-09 22:35:27,468 - Epoch: 1, 81/274: VFL loss: 0.5738, total loss: 0.6337, anchor loss: 0.0855, VFL train accuracy: 0.8209
2026-04-09 22:35:27,749 - Epoch: 1, 91/274: VFL loss: 0.5492, total loss: 0.6089, anchor loss: 0.0853, VFL train accuracy: 0.8280
2026-04-09 22:35:28,045 - Epoch: 1, 101/274: VFL loss: 0.5280, total loss: 0.5876, anchor loss: 0.0851, VFL train accuracy: 0.8344
2026-04-09 22:35:28,506 - Epoch: 1, 111/274: VFL loss: 0.5085, total loss: 0.5677, anchor loss: 0.0846, VFL train accuracy: 0.8404
2026-04-09 22:35:28,831 - Epoch: 1, 121/274: VFL loss: 0.4955, total loss: 0.5547, anchor loss: 0.0846, VFL train accuracy: 0.8448
2026-04-09 22:35:29,164 - Epoch: 1, 131/274: VFL loss: 0.4784, total loss: 0.5372, anchor loss: 0.0841, VFL train accuracy: 0.8498
2026-04-09 22:35:29,480 - Epoch: 1, 141/274: VFL loss: 0.4684, total loss: 0.5271, anchor loss: 0.0839, VFL train accuracy: 0.8525
2026-04-09 22:35:29,812 - Epoch: 1, 151/274: VFL loss: 0.4575, total loss: 0.5160, anchor loss: 0.0837, VFL train accuracy: 0.8550
2026-04-09 22:35:30,139 - Epoch: 1, 161/274: VFL loss: 0.4470, total loss: 0.5054, anchor loss: 0.0835, VFL train accuracy: 0.8584
2026-04-09 22:35:30,442 - Epoch: 1, 171/274: VFL loss: 0.4378, total loss: 0.4960, anchor loss: 0.0832, VFL train accuracy: 0.8614
2026-04-09 22:35:30,759 - Epoch: 1, 181/274: VFL loss: 0.4304, total loss: 0.4884, anchor loss: 0.0829, VFL train accuracy: 0.8636
2026-04-09 22:35:31,085 - Epoch: 1, 191/274: VFL loss: 0.4228, total loss: 0.4807, anchor loss: 0.0827, VFL train accuracy: 0.8657
2026-04-09 22:35:31,402 - Epoch: 1, 201/274: VFL loss: 0.4157, total loss: 0.4733, anchor loss: 0.0824, VFL train accuracy: 0.8679
2026-04-09 22:35:31,700 - Epoch: 1, 211/274: VFL loss: 0.4087, total loss: 0.4663, anchor loss: 0.0822, VFL train accuracy: 0.8702
2026-04-09 22:35:32,029 - Epoch: 1, 221/274: VFL loss: 0.4023, total loss: 0.4596, anchor loss: 0.0819, VFL train accuracy: 0.8719
2026-04-09 22:35:32,331 - Epoch: 1, 231/274: VFL loss: 0.3969, total loss: 0.4541, anchor loss: 0.0817, VFL train accuracy: 0.8735
2026-04-09 22:35:32,654 - Epoch: 1, 241/274: VFL loss: 0.3922, total loss: 0.4493, anchor loss: 0.0816, VFL train accuracy: 0.8749
2026-04-09 22:35:32,977 - Epoch: 1, 251/274: VFL loss: 0.3883, total loss: 0.4453, anchor loss: 0.0814, VFL train accuracy: 0.8758
2026-04-09 22:35:33,292 - Epoch: 1, 261/274: VFL loss: 0.3855, total loss: 0.4425, anchor loss: 0.0814, VFL train accuracy: 0.8765
2026-04-09 22:35:33,607 - Epoch: 1, 271/274: VFL loss: 0.3816, total loss: 0.4385, anchor loss: 0.0812, VFL train accuracy: 0.8775
2026-04-09 22:35:33,710 - => Recorded Stage 2 client anchor losses for epoch 1 to './results/AVGuard/Fourclient/NUSWIDE/lambda_scan/noema_lambda_0.7\stage2_final_epoch_client_anchor_losses.json': {0: 0.082035, 1: 0.082704, 2: 0.068086, 3: 0.091679}
2026-04-09 22:35:33,739 - => Stage 2 EMA anchor update skipped at epoch 1 because momentum=1.0000 disables EMA; eligible classes per client {0: 5, 1: 5, 2: 5, 3: 5}
2026-04-09 22:35:33,740 - => Stage 2 Epoch 1 Training Summary: VFL loss: 0.3800, total loss: 0.4368, anchor loss: 0.0811, VFL train accuracy: 0.8779
2026-04-09 22:35:33,740 - => Test ASR...
2026-04-09 22:35:33,944 - =>Add Trigger to Test Data
2026-04-09 22:35:36,086 - Add Trigger to 37064 Bad Samples, 9629 Clean Samples (1.00)
2026-04-09 22:35:46,289 - => Test Epoch: 1, main task samples: 46693, attack samples: 46693, test loss: 0.3226, clean acc: 0.5910, Top-4: 0.9968, ASR: 0.3811, RAC: 0.5188, test target accuracy: 0.8953, stage3 final accuracy: 0.5910, stage3 final target accuracy: 0.5824, stage3 final asr: 0.3811, anchor loss: 0.0816
2026-04-09 22:35:46,289 - => Stage 3 Detection Summary: recall: 0.8060, precision: 0.1511, f1: 0.2545, false positive rate: 0.4260, correction rate: 0.5422
2026-04-09 22:35:46,289 - => Stage 3 Debug (clean): suspicious=19893/46693, correction_applied=19847, prediction_changed=19847, skipped_tied_vote=0, skipped_low_margin=0, skipped_other=46
2026-04-09 22:35:46,289 - => Stage 3 Debug (poison-valid): suspicious=21494/37064, correction_applied=21490, prediction_changed=21490, skipped_tied_vote=0, skipped_low_margin=0, skipped_other=4
2026-04-09 22:35:46,289 - => Stage 3 Debug (attack-success): suspicious=6254/7759, correction_applied=6250, prediction_changed=6250, corrected_to_true=4207
2026-04-09 22:35:46,289 - => Save best model...
2026-04-09 22:35:46,366 - => End Epoch: 1, early stop epochs: 0, best epoch: 1, best clean acc: 0.5910, best Top-4: 0.9968, best ASR: 0.3811, best RAC: 0.5188, anchor loss: 0.0816
2026-04-09 22:35:46,366 - => Stage 3 Detection Summary: recall: 0.8060, precision: 0.1511, f1: 0.2545, false positive rate: 0.4260, correction rate: 0.5422
2026-04-09 22:35:46,394 - => Rebuilt LFBA poison set from cached gradients: anchor label=3, poison samples=6996, same-label poison samples=5352, consistent rate=0.7650
2026-04-09 22:35:46,424 - => LFBA current anchor-derived target label: 3
2026-04-09 22:35:46,513 - =>Add Trigger to Train Data
2026-04-09 22:35:46,789 - Add Trigger to 6996 Bad Samples, 62970 Clean Samples (0.10)
2026-04-09 22:35:46,792 - => Start Training for Injecting Backdoor...
2026-04-09 22:35:46,829 - Epoch: 2, 1/274: VFL loss: 0.2361, total loss: 0.2895, anchor loss: 0.0763, VFL train accuracy: 0.9062
2026-04-09 22:35:47,334 - Epoch: 2, 11/274: VFL loss: 0.2164, total loss: 0.2675, anchor loss: 0.0730, VFL train accuracy: 0.9276
2026-04-09 22:35:47,607 - Epoch: 2, 21/274: VFL loss: 0.2088, total loss: 0.2597, anchor loss: 0.0727, VFL train accuracy: 0.9315
2026-04-09 22:35:47,871 - Epoch: 2, 31/274: VFL loss: 0.2101, total loss: 0.2611, anchor loss: 0.0728, VFL train accuracy: 0.9315
2026-04-09 22:35:48,149 - Epoch: 2, 41/274: VFL loss: 0.2115, total loss: 0.2625, anchor loss: 0.0728, VFL train accuracy: 0.9308
2026-04-09 22:35:48,404 - Epoch: 2, 51/274: VFL loss: 0.2125, total loss: 0.2636, anchor loss: 0.0729, VFL train accuracy: 0.9292
2026-04-09 22:35:48,679 - Epoch: 2, 61/274: VFL loss: 0.2120, total loss: 0.2631, anchor loss: 0.0730, VFL train accuracy: 0.9292
2026-04-09 22:35:48,940 - Epoch: 2, 71/274: VFL loss: 0.2117, total loss: 0.2627, anchor loss: 0.0729, VFL train accuracy: 0.9292
2026-04-09 22:35:49,214 - Epoch: 2, 81/274: VFL loss: 0.2176, total loss: 0.2688, anchor loss: 0.0731, VFL train accuracy: 0.9276
2026-04-09 22:35:49,470 - Epoch: 2, 91/274: VFL loss: 0.2173, total loss: 0.2685, anchor loss: 0.0731, VFL train accuracy: 0.9275
2026-04-09 22:35:49,735 - Epoch: 2, 101/274: VFL loss: 0.2187, total loss: 0.2698, anchor loss: 0.0730, VFL train accuracy: 0.9275
2026-04-09 22:35:49,999 - Epoch: 2, 111/274: VFL loss: 0.2192, total loss: 0.2704, anchor loss: 0.0731, VFL train accuracy: 0.9270
2026-04-09 22:35:50,265 - Epoch: 2, 121/274: VFL loss: 0.2190, total loss: 0.2702, anchor loss: 0.0731, VFL train accuracy: 0.9268
2026-04-09 22:35:50,523 - Epoch: 2, 131/274: VFL loss: 0.2191, total loss: 0.2702, anchor loss: 0.0731, VFL train accuracy: 0.9273
2026-04-09 22:35:50,782 - Epoch: 2, 141/274: VFL loss: 0.2181, total loss: 0.2692, anchor loss: 0.0730, VFL train accuracy: 0.9273
2026-04-09 22:35:51,037 - Epoch: 2, 151/274: VFL loss: 0.2163, total loss: 0.2674, anchor loss: 0.0729, VFL train accuracy: 0.9279
2026-04-09 22:35:51,274 - Epoch: 2, 161/274: VFL loss: 0.2162, total loss: 0.2671, anchor loss: 0.0728, VFL train accuracy: 0.9279
2026-04-09 22:35:51,546 - Epoch: 2, 171/274: VFL loss: 0.2169, total loss: 0.2679, anchor loss: 0.0728, VFL train accuracy: 0.9279
2026-04-09 22:35:51,806 - Epoch: 2, 181/274: VFL loss: 0.2166, total loss: 0.2674, anchor loss: 0.0726, VFL train accuracy: 0.9280
2026-04-09 22:35:52,081 - Epoch: 2, 191/274: VFL loss: 0.2172, total loss: 0.2680, anchor loss: 0.0725, VFL train accuracy: 0.9276
2026-04-09 22:35:52,336 - Epoch: 2, 201/274: VFL loss: 0.2180, total loss: 0.2688, anchor loss: 0.0726, VFL train accuracy: 0.9276
2026-04-09 22:35:52,584 - Epoch: 2, 211/274: VFL loss: 0.2188, total loss: 0.2697, anchor loss: 0.0727, VFL train accuracy: 0.9273
2026-04-09 22:35:52,836 - Epoch: 2, 221/274: VFL loss: 0.2182, total loss: 0.2691, anchor loss: 0.0726, VFL train accuracy: 0.9275
2026-04-09 22:35:53,112 - Epoch: 2, 231/274: VFL loss: 0.2187, total loss: 0.2695, anchor loss: 0.0727, VFL train accuracy: 0.9274
2026-04-09 22:35:53,362 - Epoch: 2, 241/274: VFL loss: 0.2197, total loss: 0.2706, anchor loss: 0.0727, VFL train accuracy: 0.9269
2026-04-09 22:35:53,621 - Epoch: 2, 251/274: VFL loss: 0.2198, total loss: 0.2707, anchor loss: 0.0727, VFL train accuracy: 0.9267
2026-04-09 22:35:53,873 - Epoch: 2, 261/274: VFL loss: 0.2190, total loss: 0.2699, anchor loss: 0.0726, VFL train accuracy: 0.9269
2026-04-09 22:35:54,138 - Epoch: 2, 271/274: VFL loss: 0.2201, total loss: 0.2710, anchor loss: 0.0726, VFL train accuracy: 0.9266
2026-04-09 22:35:54,214 - => Recorded Stage 2 client anchor losses for epoch 2 to './results/AVGuard/Fourclient/NUSWIDE/lambda_scan/noema_lambda_0.7\stage2_final_epoch_client_anchor_losses.json': {0: 0.064903, 1: 0.077285, 2: 0.065847, 3: 0.08248}
2026-04-09 22:35:54,217 - => Stage 2 EMA anchor update skipped at epoch 2 because momentum=1.0000 disables EMA; eligible classes per client {0: 5, 1: 5, 2: 5, 3: 5}
2026-04-09 22:35:54,217 - => Stage 2 Epoch 2 Training Summary: VFL loss: 0.2202, total loss: 0.2710, anchor loss: 0.0726, VFL train accuracy: 0.9267
2026-04-09 22:35:54,217 - => Test ASR...
2026-04-09 22:35:54,346 - =>Add Trigger to Test Data
2026-04-09 22:35:56,672 - Add Trigger to 37064 Bad Samples, 9629 Clean Samples (1.00)
2026-04-09 22:36:06,569 - => Test Epoch: 2, main task samples: 46693, attack samples: 46693, test loss: 0.3435, clean acc: 0.5869, Top-4: 0.9967, ASR: 0.3381, RAC: 0.5495, test target accuracy: 0.9113, stage3 final accuracy: 0.5869, stage3 final target accuracy: 0.5804, stage3 final asr: 0.3381, anchor loss: 0.0798
2026-04-09 22:36:06,569 - => Stage 3 Detection Summary: recall: 0.8508, precision: 0.2528, f1: 0.3898, false positive rate: 0.4292, correction rate: 0.6273
2026-04-09 22:36:06,569 - => Stage 3 Debug (clean): suspicious=20042/46693, correction_applied=19983, prediction_changed=19983, skipped_tied_vote=0, skipped_low_margin=0, skipped_other=59
2026-04-09 22:36:06,569 - => Stage 3 Debug (poison-valid): suspicious=23138/37064, correction_applied=23135, prediction_changed=23135, skipped_tied_vote=0, skipped_low_margin=0, skipped_other=3
2026-04-09 22:36:06,569 - => Stage 3 Debug (attack-success): suspicious=10918/12832, correction_applied=10916, prediction_changed=10916, corrected_to_true=8050
2026-04-09 22:36:06,607 - => End Epoch: 2, early stop epochs: 1, best epoch: 1, best clean acc: 0.5910, best Top-4: 0.9968, best ASR: 0.3811, best RAC: 0.5188, anchor loss: 0.0816
2026-04-09 22:36:06,608 - => Stage 3 Detection Summary: recall: 0.8060, precision: 0.1511, f1: 0.2545, false positive rate: 0.4260, correction rate: 0.5422
2026-04-09 22:36:06,637 - => LFBA current anchor-derived target label: 3
2026-04-09 22:36:06,734 - =>Add Trigger to Train Data
2026-04-09 22:36:06,967 - Add Trigger to 6996 Bad Samples, 62970 Clean Samples (0.10)
2026-04-09 22:36:06,970 - => Start Training for Injecting Backdoor...
2026-04-09 22:36:07,000 - Epoch: 3, 1/274: VFL loss: 0.1403, total loss: 0.1899, anchor loss: 0.0710, VFL train accuracy: 0.9609
2026-04-09 22:36:07,430 - Epoch: 3, 11/274: VFL loss: 0.1520, total loss: 0.2014, anchor loss: 0.0706, VFL train accuracy: 0.9510
2026-04-09 22:36:07,700 - Epoch: 3, 21/274: VFL loss: 0.1552, total loss: 0.2049, anchor loss: 0.0709, VFL train accuracy: 0.9487
2026-04-09 22:36:07,958 - Epoch: 3, 31/274: VFL loss: 0.1513, total loss: 0.2008, anchor loss: 0.0707, VFL train accuracy: 0.9507
2026-04-09 22:36:08,218 - Epoch: 3, 41/274: VFL loss: 0.1504, total loss: 0.1999, anchor loss: 0.0708, VFL train accuracy: 0.9506
2026-04-09 22:36:08,467 - Epoch: 3, 51/274: VFL loss: 0.1503, total loss: 0.1999, anchor loss: 0.0708, VFL train accuracy: 0.9518
2026-04-09 22:36:08,698 - Epoch: 3, 61/274: VFL loss: 0.1492, total loss: 0.1987, anchor loss: 0.0707, VFL train accuracy: 0.9523
2026-04-09 22:36:08,957 - Epoch: 3, 71/274: VFL loss: 0.1493, total loss: 0.1988, anchor loss: 0.0706, VFL train accuracy: 0.9526
2026-04-09 22:36:09,210 - Epoch: 3, 81/274: VFL loss: 0.1514, total loss: 0.2009, anchor loss: 0.0707, VFL train accuracy: 0.9515
2026-04-09 22:36:09,483 - Epoch: 3, 91/274: VFL loss: 0.1526, total loss: 0.2022, anchor loss: 0.0708, VFL train accuracy: 0.9510
2026-04-09 22:36:09,728 - Epoch: 3, 101/274: VFL loss: 0.1541, total loss: 0.2039, anchor loss: 0.0710, VFL train accuracy: 0.9507
2026-04-09 22:36:09,981 - Epoch: 3, 111/274: VFL loss: 0.1537, total loss: 0.2034, anchor loss: 0.0709, VFL train accuracy: 0.9508
2026-04-09 22:36:10,229 - Epoch: 3, 121/274: VFL loss: 0.1537, total loss: 0.2033, anchor loss: 0.0709, VFL train accuracy: 0.9507
2026-04-09 22:36:10,488 - Epoch: 3, 131/274: VFL loss: 0.1544, total loss: 0.2041, anchor loss: 0.0710, VFL train accuracy: 0.9500
2026-04-09 22:36:10,763 - Epoch: 3, 141/274: VFL loss: 0.1539, total loss: 0.2037, anchor loss: 0.0711, VFL train accuracy: 0.9498
2026-04-09 22:36:11,008 - Epoch: 3, 151/274: VFL loss: 0.1547, total loss: 0.2044, anchor loss: 0.0710, VFL train accuracy: 0.9494
2026-04-09 22:36:11,258 - Epoch: 3, 161/274: VFL loss: 0.1567, total loss: 0.2064, anchor loss: 0.0710, VFL train accuracy: 0.9488
2026-04-09 22:36:11,498 - Epoch: 3, 171/274: VFL loss: 0.1565, total loss: 0.2063, anchor loss: 0.0711, VFL train accuracy: 0.9488
2026-04-09 22:36:11,743 - Epoch: 3, 181/274: VFL loss: 0.1559, total loss: 0.2057, anchor loss: 0.0711, VFL train accuracy: 0.9489
2026-04-09 22:36:12,003 - Epoch: 3, 191/274: VFL loss: 0.1566, total loss: 0.2064, anchor loss: 0.0711, VFL train accuracy: 0.9487
2026-04-09 22:36:12,250 - Epoch: 3, 201/274: VFL loss: 0.1580, total loss: 0.2078, anchor loss: 0.0711, VFL train accuracy: 0.9483
2026-04-09 22:36:12,505 - Epoch: 3, 211/274: VFL loss: 0.1597, total loss: 0.2095, anchor loss: 0.0713, VFL train accuracy: 0.9478
2026-04-09 22:36:12,764 - Epoch: 3, 221/274: VFL loss: 0.1599, total loss: 0.2098, anchor loss: 0.0713, VFL train accuracy: 0.9476
2026-04-09 22:36:13,036 - Epoch: 3, 231/274: VFL loss: 0.1600, total loss: 0.2099, anchor loss: 0.0712, VFL train accuracy: 0.9475
2026-04-09 22:36:13,296 - Epoch: 3, 241/274: VFL loss: 0.1599, total loss: 0.2097, anchor loss: 0.0711, VFL train accuracy: 0.9475
2026-04-09 22:36:13,570 - Epoch: 3, 251/274: VFL loss: 0.1602, total loss: 0.2100, anchor loss: 0.0711, VFL train accuracy: 0.9474
2026-04-09 22:36:13,826 - Epoch: 3, 261/274: VFL loss: 0.1611, total loss: 0.2108, anchor loss: 0.0711, VFL train accuracy: 0.9471
2026-04-09 22:36:14,076 - Epoch: 3, 271/274: VFL loss: 0.1614, total loss: 0.2111, anchor loss: 0.0711, VFL train accuracy: 0.9468
2026-04-09 22:36:14,164 - => Recorded Stage 2 client anchor losses for epoch 3 to './results/AVGuard/Fourclient/NUSWIDE/lambda_scan/noema_lambda_0.7\stage2_final_epoch_client_anchor_losses.json': {0: 0.059461, 1: 0.075662, 2: 0.065331, 3: 0.083877}
2026-04-09 22:36:14,165 - => Stage 2 EMA anchor update skipped at epoch 3 because momentum=1.0000 disables EMA; eligible classes per client {0: 5, 1: 5, 2: 5, 3: 5}
2026-04-09 22:36:14,165 - => Stage 2 Epoch 3 Training Summary: VFL loss: 0.1619, total loss: 0.2116, anchor loss: 0.0711, VFL train accuracy: 0.9467
2026-04-09 22:36:14,165 - => Test ASR...
2026-04-09 22:36:14,284 - =>Add Trigger to Test Data
2026-04-09 22:36:16,461 - Add Trigger to 37064 Bad Samples, 9629 Clean Samples (1.00)
2026-04-09 22:36:27,272 - => Test Epoch: 3, main task samples: 46693, attack samples: 46693, test loss: 0.3599, clean acc: 0.5871, Top-4: 0.9964, ASR: 0.4291, RAC: 0.4978, test target accuracy: 0.8896, stage3 final accuracy: 0.5871, stage3 final target accuracy: 0.5969, stage3 final asr: 0.4291, anchor loss: 0.0787
2026-04-09 22:36:27,272 - => Stage 3 Detection Summary: recall: 0.8217, precision: 0.1592, f1: 0.2667, false positive rate: 0.4400, correction rate: 0.5455
2026-04-09 22:36:27,274 - => Stage 3 Debug (clean): suspicious=20547/46693, correction_applied=20491, prediction_changed=20491, skipped_tied_vote=0, skipped_low_margin=0, skipped_other=56
2026-04-09 22:36:27,274 - => Stage 3 Debug (poison-valid): suspicious=22659/37064, correction_applied=22655, prediction_changed=22655, skipped_tied_vote=0, skipped_low_margin=0, skipped_other=4
2026-04-09 22:36:27,274 - => Stage 3 Debug (attack-success): suspicious=6879/8372, correction_applied=6876, prediction_changed=6876, corrected_to_true=4567
2026-04-09 22:36:27,311 - => End Epoch: 3, early stop epochs: 2, best epoch: 1, best clean acc: 0.5910, best Top-4: 0.9968, best ASR: 0.3811, best RAC: 0.5188, anchor loss: 0.0816
2026-04-09 22:36:27,312 - => Stage 3 Detection Summary: recall: 0.8060, precision: 0.1511, f1: 0.2545, false positive rate: 0.4260, correction rate: 0.5422
2026-04-09 22:36:27,346 - => LFBA current anchor-derived target label: 3
2026-04-09 22:36:27,447 - =>Add Trigger to Train Data
2026-04-09 22:36:27,710 - Add Trigger to 6996 Bad Samples, 62970 Clean Samples (0.10)
2026-04-09 22:36:27,714 - => Start Training for Injecting Backdoor...
2026-04-09 22:36:27,765 - Epoch: 4, 1/274: VFL loss: 0.0638, total loss: 0.1120, anchor loss: 0.0688, VFL train accuracy: 0.9844
2026-04-09 22:36:28,308 - Epoch: 4, 11/274: VFL loss: 0.1093, total loss: 0.1565, anchor loss: 0.0674, VFL train accuracy: 0.9652
2026-04-09 22:36:28,647 - Epoch: 4, 21/274: VFL loss: 0.1080, total loss: 0.1558, anchor loss: 0.0682, VFL train accuracy: 0.9669
2026-04-09 22:36:28,990 - Epoch: 4, 31/274: VFL loss: 0.1074, total loss: 0.1549, anchor loss: 0.0678, VFL train accuracy: 0.9670
2026-04-09 22:36:29,317 - Epoch: 4, 41/274: VFL loss: 0.1067, total loss: 0.1540, anchor loss: 0.0676, VFL train accuracy: 0.9670
2026-04-09 22:36:29,635 - Epoch: 4, 51/274: VFL loss: 0.1031, total loss: 0.1505, anchor loss: 0.0676, VFL train accuracy: 0.9678
2026-04-09 22:36:29,948 - Epoch: 4, 61/274: VFL loss: 0.1019, total loss: 0.1493, anchor loss: 0.0677, VFL train accuracy: 0.9681
2026-04-09 22:36:30,262 - Epoch: 4, 71/274: VFL loss: 0.1021, total loss: 0.1495, anchor loss: 0.0678, VFL train accuracy: 0.9680
2026-04-09 22:36:30,598 - Epoch: 4, 81/274: VFL loss: 0.1034, total loss: 0.1510, anchor loss: 0.0680, VFL train accuracy: 0.9673
2026-04-09 22:36:30,932 - Epoch: 4, 91/274: VFL loss: 0.1039, total loss: 0.1516, anchor loss: 0.0682, VFL train accuracy: 0.9666
2026-04-09 22:36:31,244 - Epoch: 4, 101/274: VFL loss: 0.1056, total loss: 0.1534, anchor loss: 0.0683, VFL train accuracy: 0.9657
2026-04-09 22:36:31,566 - Epoch: 4, 111/274: VFL loss: 0.1052, total loss: 0.1530, anchor loss: 0.0682, VFL train accuracy: 0.9658
2026-04-09 22:36:31,916 - Epoch: 4, 121/274: VFL loss: 0.1053, total loss: 0.1530, anchor loss: 0.0682, VFL train accuracy: 0.9656
2026-04-09 22:36:32,239 - Epoch: 4, 131/274: VFL loss: 0.1051, total loss: 0.1529, anchor loss: 0.0683, VFL train accuracy: 0.9656
2026-04-09 22:36:32,569 - Epoch: 4, 141/274: VFL loss: 0.1047, total loss: 0.1526, anchor loss: 0.0683, VFL train accuracy: 0.9656
2026-04-09 22:36:32,901 - Epoch: 4, 151/274: VFL loss: 0.1061, total loss: 0.1540, anchor loss: 0.0684, VFL train accuracy: 0.9649
2026-04-09 22:36:33,235 - Epoch: 4, 161/274: VFL loss: 0.1060, total loss: 0.1539, anchor loss: 0.0684, VFL train accuracy: 0.9651
2026-04-09 22:36:33,551 - Epoch: 4, 171/274: VFL loss: 0.1074, total loss: 0.1553, anchor loss: 0.0685, VFL train accuracy: 0.9647
2026-04-09 22:36:33,878 - Epoch: 4, 181/274: VFL loss: 0.1084, total loss: 0.1565, anchor loss: 0.0687, VFL train accuracy: 0.9647
2026-04-09 22:36:34,176 - Epoch: 4, 191/274: VFL loss: 0.1090, total loss: 0.1571, anchor loss: 0.0687, VFL train accuracy: 0.9644
2026-04-09 22:36:34,491 - Epoch: 4, 201/274: VFL loss: 0.1096, total loss: 0.1577, anchor loss: 0.0687, VFL train accuracy: 0.9642
2026-04-09 22:36:34,823 - Epoch: 4, 211/274: VFL loss: 0.1100, total loss: 0.1581, anchor loss: 0.0688, VFL train accuracy: 0.9641
2026-04-09 22:36:35,155 - Epoch: 4, 221/274: VFL loss: 0.1111, total loss: 0.1593, anchor loss: 0.0689, VFL train accuracy: 0.9638
2026-04-09 22:36:35,469 - Epoch: 4, 231/274: VFL loss: 0.1119, total loss: 0.1601, anchor loss: 0.0689, VFL train accuracy: 0.9636
2026-04-09 22:36:35,783 - Epoch: 4, 241/274: VFL loss: 0.1123, total loss: 0.1606, anchor loss: 0.0690, VFL train accuracy: 0.9634
2026-04-09 22:36:36,104 - Epoch: 4, 251/274: VFL loss: 0.1126, total loss: 0.1609, anchor loss: 0.0690, VFL train accuracy: 0.9633
2026-04-09 22:36:36,573 - Epoch: 4, 261/274: VFL loss: 0.1130, total loss: 0.1613, anchor loss: 0.0690, VFL train accuracy: 0.9631
2026-04-09 22:36:36,903 - Epoch: 4, 271/274: VFL loss: 0.1134, total loss: 0.1617, anchor loss: 0.0690, VFL train accuracy: 0.9630
2026-04-09 22:36:37,015 - => Recorded Stage 2 client anchor losses for epoch 4 to './results/AVGuard/Fourclient/NUSWIDE/lambda_scan/noema_lambda_0.7\stage2_final_epoch_client_anchor_losses.json': {0: 0.055323, 1: 0.075394, 2: 0.064998, 3: 0.0804}
2026-04-09 22:36:37,020 - => Stage 2 EMA anchor update skipped at epoch 4 because momentum=1.0000 disables EMA; eligible classes per client {0: 5, 1: 5, 2: 5, 3: 5}
2026-04-09 22:36:37,021 - => Stage 2 Epoch 4 Training Summary: VFL loss: 0.1138, total loss: 0.1621, anchor loss: 0.0690, VFL train accuracy: 0.9629
2026-04-09 22:36:37,021 - => Test ASR...
2026-04-09 22:36:37,142 - =>Add Trigger to Test Data
2026-04-09 22:36:39,154 - Add Trigger to 37064 Bad Samples, 9629 Clean Samples (1.00)
2026-04-09 22:36:50,019 - => Test Epoch: 4, main task samples: 46693, attack samples: 46693, test loss: 0.4112, clean acc: 0.5764, Top-4: 0.9960, ASR: 0.4310, RAC: 0.4733, test target accuracy: 0.8698, stage3 final accuracy: 0.5764, stage3 final target accuracy: 0.5614, stage3 final asr: 0.4310, anchor loss: 0.0807
2026-04-09 22:36:50,019 - => Stage 3 Detection Summary: recall: 0.8306, precision: 0.1367, f1: 0.2348, false positive rate: 0.4561, correction rate: 0.5317
2026-04-09 22:36:50,019 - => Stage 3 Debug (clean): suspicious=21299/46693, correction_applied=21253, prediction_changed=21253, skipped_tied_vote=0, skipped_low_margin=0, skipped_other=46
2026-04-09 22:36:50,019 - => Stage 3 Debug (poison-valid): suspicious=23261/37064, correction_applied=23256, prediction_changed=23256, skipped_tied_vote=0, skipped_low_margin=0, skipped_other=5
2026-04-09 22:36:50,019 - => Stage 3 Debug (attack-success): suspicious=6091/7333, correction_applied=6088, prediction_changed=6088, corrected_to_true=3899
2026-04-09 22:36:50,059 - => End Epoch: 4, early stop epochs: 3, best epoch: 1, best clean acc: 0.5910, best Top-4: 0.9968, best ASR: 0.3811, best RAC: 0.5188, anchor loss: 0.0816
2026-04-09 22:36:50,059 - => Stage 3 Detection Summary: recall: 0.8060, precision: 0.1511, f1: 0.2545, false positive rate: 0.4260, correction rate: 0.5422
2026-04-09 22:36:50,085 - => LFBA current anchor-derived target label: 3
2026-04-09 22:36:50,176 - =>Add Trigger to Train Data
2026-04-09 22:36:50,408 - Add Trigger to 6996 Bad Samples, 62970 Clean Samples (0.10)
2026-04-09 22:36:50,411 - => Start Training for Injecting Backdoor...
2026-04-09 22:36:50,450 - Epoch: 5, 1/274: VFL loss: 0.0943, total loss: 0.1423, anchor loss: 0.0686, VFL train accuracy: 0.9648
2026-04-09 22:36:51,001 - Epoch: 5, 11/274: VFL loss: 0.0852, total loss: 0.1338, anchor loss: 0.0694, VFL train accuracy: 0.9730
2026-04-09 22:36:51,328 - Epoch: 5, 21/274: VFL loss: 0.0797, total loss: 0.1279, anchor loss: 0.0689, VFL train accuracy: 0.9740
2026-04-09 22:36:51,659 - Epoch: 5, 31/274: VFL loss: 0.0791, total loss: 0.1269, anchor loss: 0.0683, VFL train accuracy: 0.9744
2026-04-09 22:36:51,990 - Epoch: 5, 41/274: VFL loss: 0.0761, total loss: 0.1237, anchor loss: 0.0680, VFL train accuracy: 0.9754
2026-04-09 22:36:52,320 - Epoch: 5, 51/274: VFL loss: 0.0750, total loss: 0.1223, anchor loss: 0.0676, VFL train accuracy: 0.9759
2026-04-09 22:36:52,653 - Epoch: 5, 61/274: VFL loss: 0.0776, total loss: 0.1251, anchor loss: 0.0678, VFL train accuracy: 0.9746
2026-04-09 22:36:52,983 - Epoch: 5, 71/274: VFL loss: 0.0755, total loss: 0.1228, anchor loss: 0.0677, VFL train accuracy: 0.9752
2026-04-09 22:36:53,311 - Epoch: 5, 81/274: VFL loss: 0.0759, total loss: 0.1233, anchor loss: 0.0677, VFL train accuracy: 0.9753
2026-04-09 22:36:53,647 - Epoch: 5, 91/274: VFL loss: 0.0764, total loss: 0.1238, anchor loss: 0.0678, VFL train accuracy: 0.9751
2026-04-09 22:36:53,976 - Epoch: 5, 101/274: VFL loss: 0.0760, total loss: 0.1234, anchor loss: 0.0677, VFL train accuracy: 0.9752
2026-04-09 22:36:54,309 - Epoch: 5, 111/274: VFL loss: 0.0773, total loss: 0.1247, anchor loss: 0.0677, VFL train accuracy: 0.9747
2026-04-09 22:36:54,641 - Epoch: 5, 121/274: VFL loss: 0.0767, total loss: 0.1240, anchor loss: 0.0675, VFL train accuracy: 0.9749
2026-04-09 22:36:54,973 - Epoch: 5, 131/274: VFL loss: 0.0772, total loss: 0.1245, anchor loss: 0.0676, VFL train accuracy: 0.9746
2026-04-09 22:36:55,303 - Epoch: 5, 141/274: VFL loss: 0.0769, total loss: 0.1241, anchor loss: 0.0676, VFL train accuracy: 0.9748
2026-04-09 22:36:55,619 - Epoch: 5, 151/274: VFL loss: 0.0780, total loss: 0.1253, anchor loss: 0.0676, VFL train accuracy: 0.9745
2026-04-09 22:36:55,950 - Epoch: 5, 161/274: VFL loss: 0.0789, total loss: 0.1262, anchor loss: 0.0677, VFL train accuracy: 0.9740
2026-04-09 22:36:56,281 - Epoch: 5, 171/274: VFL loss: 0.0791, total loss: 0.1265, anchor loss: 0.0678, VFL train accuracy: 0.9740
2026-04-09 22:36:56,596 - Epoch: 5, 181/274: VFL loss: 0.0795, total loss: 0.1270, anchor loss: 0.0678, VFL train accuracy: 0.9738
2026-04-09 22:36:56,930 - Epoch: 5, 191/274: VFL loss: 0.0803, total loss: 0.1278, anchor loss: 0.0679, VFL train accuracy: 0.9735
2026-04-09 22:36:57,242 - Epoch: 5, 201/274: VFL loss: 0.0810, total loss: 0.1284, anchor loss: 0.0678, VFL train accuracy: 0.9733
2026-04-09 22:36:57,572 - Epoch: 5, 211/274: VFL loss: 0.0820, total loss: 0.1295, anchor loss: 0.0679, VFL train accuracy: 0.9730
2026-04-09 22:36:57,889 - Epoch: 5, 221/274: VFL loss: 0.0827, total loss: 0.1303, anchor loss: 0.0679, VFL train accuracy: 0.9727
2026-04-09 22:36:58,219 - Epoch: 5, 231/274: VFL loss: 0.0836, total loss: 0.1312, anchor loss: 0.0680, VFL train accuracy: 0.9725
2026-04-09 22:36:58,533 - Epoch: 5, 241/274: VFL loss: 0.0837, total loss: 0.1312, anchor loss: 0.0679, VFL train accuracy: 0.9726
2026-04-09 22:36:58,848 - Epoch: 5, 251/274: VFL loss: 0.0840, total loss: 0.1316, anchor loss: 0.0680, VFL train accuracy: 0.9726
2026-04-09 22:36:59,163 - Epoch: 5, 261/274: VFL loss: 0.0840, total loss: 0.1316, anchor loss: 0.0680, VFL train accuracy: 0.9726
2026-04-09 22:36:59,493 - Epoch: 5, 271/274: VFL loss: 0.0846, total loss: 0.1322, anchor loss: 0.0680, VFL train accuracy: 0.9724
2026-04-09 22:36:59,596 - => Recorded Stage 2 client anchor losses for epoch 5 to './results/AVGuard/Fourclient/NUSWIDE/lambda_scan/noema_lambda_0.7\stage2_final_epoch_client_anchor_losses.json': {0: 0.050459, 1: 0.075075, 2: 0.064644, 3: 0.081558}
2026-04-09 22:36:59,598 - => Stage 2 EMA anchor update skipped at epoch 5 because momentum=1.0000 disables EMA; eligible classes per client {0: 5, 1: 5, 2: 5, 3: 5}
2026-04-09 22:36:59,599 - => Stage 2 Epoch 5 Training Summary: VFL loss: 0.0845, total loss: 0.1320, anchor loss: 0.0679, VFL train accuracy: 0.9724
2026-04-09 22:36:59,599 - => Test ASR...
2026-04-09 22:36:59,718 - =>Add Trigger to Test Data
2026-04-09 22:37:01,838 - Add Trigger to 37064 Bad Samples, 9629 Clean Samples (1.00)
2026-04-09 22:37:13,327 - => Test Epoch: 5, main task samples: 46693, attack samples: 46693, test loss: 0.4885, clean acc: 0.5888, Top-4: 0.9963, ASR: 0.4108, RAC: 0.4838, test target accuracy: 0.9138, stage3 final accuracy: 0.5888, stage3 final target accuracy: 0.5765, stage3 final asr: 0.4108, anchor loss: 0.0796
2026-04-09 22:37:13,328 - => Stage 3 Detection Summary: recall: 0.7756, precision: 0.1305, f1: 0.2234, false positive rate: 0.4353, correction rate: 0.4930
2026-04-09 22:37:13,328 - => Stage 3 Debug (clean): suspicious=20325/46693, correction_applied=20270, prediction_changed=20270, skipped_tied_vote=0, skipped_low_margin=0, skipped_other=55
2026-04-09 22:37:13,328 - => Stage 3 Debug (poison-valid): suspicious=22093/37064, correction_applied=22090, prediction_changed=22090, skipped_tied_vote=0, skipped_low_margin=0, skipped_other=3
2026-04-09 22:37:13,328 - => Stage 3 Debug (attack-success): suspicious=5535/7136, correction_applied=5533, prediction_changed=5533, corrected_to_true=3518
2026-04-09 22:37:13,367 - => End Epoch: 5, early stop epochs: 4, best epoch: 1, best clean acc: 0.5910, best Top-4: 0.9968, best ASR: 0.3811, best RAC: 0.5188, anchor loss: 0.0816
2026-04-09 22:37:13,368 - => Stage 3 Detection Summary: recall: 0.8060, precision: 0.1511, f1: 0.2545, false positive rate: 0.4260, correction rate: 0.5422
2026-04-09 22:37:13,399 - => LFBA current anchor-derived target label: 3
2026-04-09 22:37:13,488 - =>Add Trigger to Train Data
2026-04-09 22:37:13,746 - Add Trigger to 6996 Bad Samples, 62970 Clean Samples (0.10)
2026-04-09 22:37:13,750 - => Start Training for Injecting Backdoor...
2026-04-09 22:37:13,794 - Epoch: 6, 1/274: VFL loss: 0.0550, total loss: 0.0994, anchor loss: 0.0635, VFL train accuracy: 0.9766
2026-04-09 22:37:14,308 - Epoch: 6, 11/274: VFL loss: 0.0606, total loss: 0.1060, anchor loss: 0.0650, VFL train accuracy: 0.9776
2026-04-09 22:37:14,642 - Epoch: 6, 21/274: VFL loss: 0.0555, total loss: 0.1013, anchor loss: 0.0655, VFL train accuracy: 0.9803
2026-04-09 22:37:14,986 - Epoch: 6, 31/274: VFL loss: 0.0518, total loss: 0.0974, anchor loss: 0.0652, VFL train accuracy: 0.9822
2026-04-09 22:37:15,318 - Epoch: 6, 41/274: VFL loss: 0.0532, total loss: 0.0991, anchor loss: 0.0656, VFL train accuracy: 0.9826
2026-04-09 22:37:15,631 - Epoch: 6, 51/274: VFL loss: 0.0543, total loss: 0.1003, anchor loss: 0.0657, VFL train accuracy: 0.9831
2026-04-09 22:37:15,964 - Epoch: 6, 61/274: VFL loss: 0.0536, total loss: 0.0995, anchor loss: 0.0656, VFL train accuracy: 0.9834
2026-04-09 22:37:16,279 - Epoch: 6, 71/274: VFL loss: 0.0536, total loss: 0.0995, anchor loss: 0.0655, VFL train accuracy: 0.9832
2026-04-09 22:37:16,590 - Epoch: 6, 81/274: VFL loss: 0.0521, total loss: 0.0978, anchor loss: 0.0653, VFL train accuracy: 0.9835
2026-04-09 22:37:16,891 - Epoch: 6, 91/274: VFL loss: 0.0521, total loss: 0.0977, anchor loss: 0.0652, VFL train accuracy: 0.9833
2026-04-09 22:37:17,219 - Epoch: 6, 101/274: VFL loss: 0.0516, total loss: 0.0973, anchor loss: 0.0653, VFL train accuracy: 0.9833
2026-04-09 22:37:17,534 - Epoch: 6, 111/274: VFL loss: 0.0534, total loss: 0.0991, anchor loss: 0.0654, VFL train accuracy: 0.9827
2026-04-09 22:37:17,849 - Epoch: 6, 121/274: VFL loss: 0.0547, total loss: 0.1005, anchor loss: 0.0654, VFL train accuracy: 0.9822
2026-04-09 22:37:18,149 - Epoch: 6, 131/274: VFL loss: 0.0548, total loss: 0.1007, anchor loss: 0.0656, VFL train accuracy: 0.9823
2026-04-09 22:37:18,461 - Epoch: 6, 141/274: VFL loss: 0.0552, total loss: 0.1012, anchor loss: 0.0657, VFL train accuracy: 0.9821
2026-04-09 22:37:18,745 - Epoch: 6, 151/274: VFL loss: 0.0555, total loss: 0.1016, anchor loss: 0.0658, VFL train accuracy: 0.9820
2026-04-09 22:37:19,059 - Epoch: 6, 161/274: VFL loss: 0.0564, total loss: 0.1025, anchor loss: 0.0659, VFL train accuracy: 0.9814
2026-04-09 22:37:19,384 - Epoch: 6, 171/274: VFL loss: 0.0565, total loss: 0.1026, anchor loss: 0.0659, VFL train accuracy: 0.9815
2026-04-09 22:37:19,696 - Epoch: 6, 181/274: VFL loss: 0.0571, total loss: 0.1032, anchor loss: 0.0659, VFL train accuracy: 0.9814
2026-04-09 22:37:20,024 - Epoch: 6, 191/274: VFL loss: 0.0571, total loss: 0.1033, anchor loss: 0.0660, VFL train accuracy: 0.9814
2026-04-09 22:37:20,333 - Epoch: 6, 201/274: VFL loss: 0.0576, total loss: 0.1039, anchor loss: 0.0661, VFL train accuracy: 0.9813
2026-04-09 22:37:20,651 - Epoch: 6, 211/274: VFL loss: 0.0581, total loss: 0.1044, anchor loss: 0.0662, VFL train accuracy: 0.9811
2026-04-09 22:37:20,965 - Epoch: 6, 221/274: VFL loss: 0.0587, total loss: 0.1051, anchor loss: 0.0662, VFL train accuracy: 0.9807
2026-04-09 22:37:21,260 - Epoch: 6, 231/274: VFL loss: 0.0591, total loss: 0.1054, anchor loss: 0.0662, VFL train accuracy: 0.9805
2026-04-09 22:37:21,588 - Epoch: 6, 241/274: VFL loss: 0.0600, total loss: 0.1064, anchor loss: 0.0663, VFL train accuracy: 0.9801
2026-04-09 22:37:21,924 - Epoch: 6, 251/274: VFL loss: 0.0603, total loss: 0.1068, anchor loss: 0.0664, VFL train accuracy: 0.9800
2026-04-09 22:37:22,255 - Epoch: 6, 261/274: VFL loss: 0.0608, total loss: 0.1072, anchor loss: 0.0664, VFL train accuracy: 0.9798
2026-04-09 22:37:22,588 - Epoch: 6, 271/274: VFL loss: 0.0609, total loss: 0.1074, anchor loss: 0.0664, VFL train accuracy: 0.9797
2026-04-09 22:37:22,690 - => Recorded Stage 2 client anchor losses for epoch 6 to './results/AVGuard/Fourclient/NUSWIDE/lambda_scan/noema_lambda_0.7\stage2_final_epoch_client_anchor_losses.json': {0: 0.047369, 1: 0.075007, 2: 0.064123, 3: 0.078938}
2026-04-09 22:37:22,691 - => Stage 2 EMA anchor update skipped at epoch 6 because momentum=1.0000 disables EMA; eligible classes per client {0: 5, 1: 5, 2: 5, 3: 5}
2026-04-09 22:37:22,691 - => Stage 2 Epoch 6 Training Summary: VFL loss: 0.0613, total loss: 0.1078, anchor loss: 0.0664, VFL train accuracy: 0.9797
2026-04-09 22:37:22,691 - => Test ASR...
2026-04-09 22:37:22,811 - =>Add Trigger to Test Data
2026-04-09 22:37:24,828 - Add Trigger to 37064 Bad Samples, 9629 Clean Samples (1.00)
2026-04-09 22:37:35,861 - => Test Epoch: 6, main task samples: 46693, attack samples: 46693, test loss: 0.5258, clean acc: 0.5825, Top-4: 0.9963, ASR: 0.4367, RAC: 0.4818, test target accuracy: 0.8715, stage3 final accuracy: 0.5825, stage3 final target accuracy: 0.5382, stage3 final asr: 0.4367, anchor loss: 0.0798
2026-04-09 22:37:35,861 - => Stage 3 Detection Summary: recall: 0.8297, precision: 0.1530, f1: 0.2583, false positive rate: 0.4524, correction rate: 0.5506
2026-04-09 22:37:35,861 - => Stage 3 Debug (clean): suspicious=21126/46693, correction_applied=21071, prediction_changed=21071, skipped_tied_vote=0, skipped_low_margin=0, skipped_other=55
2026-04-09 22:37:35,861 - => Stage 3 Debug (poison-valid): suspicious=22946/37064, correction_applied=22944, prediction_changed=22944, skipped_tied_vote=0, skipped_low_margin=0, skipped_other=2
2026-04-09 22:37:35,861 - => Stage 3 Debug (attack-success): suspicious=6742/8126, correction_applied=6741, prediction_changed=6741, corrected_to_true=4474
2026-04-09 22:37:35,906 - => End Epoch: 6, early stop epochs: 5, best epoch: 1, best clean acc: 0.5910, best Top-4: 0.9968, best ASR: 0.3811, best RAC: 0.5188, anchor loss: 0.0816
2026-04-09 22:37:35,906 - => Stage 3 Detection Summary: recall: 0.8060, precision: 0.1511, f1: 0.2545, false positive rate: 0.4260, correction rate: 0.5422
2026-04-09 22:37:35,936 - => LFBA current anchor-derived target label: 3
2026-04-09 22:37:36,033 - =>Add Trigger to Train Data
2026-04-09 22:37:36,279 - Add Trigger to 6996 Bad Samples, 62970 Clean Samples (0.10)
2026-04-09 22:37:36,283 - => Start Training for Injecting Backdoor...
2026-04-09 22:37:36,324 - Epoch: 7, 1/274: VFL loss: 0.0316, total loss: 0.0777, anchor loss: 0.0658, VFL train accuracy: 0.9922
2026-04-09 22:37:36,894 - Epoch: 7, 11/274: VFL loss: 0.0463, total loss: 0.0929, anchor loss: 0.0666, VFL train accuracy: 0.9837
2026-04-09 22:37:37,220 - Epoch: 7, 21/274: VFL loss: 0.0475, total loss: 0.0939, anchor loss: 0.0663, VFL train accuracy: 0.9851
2026-04-09 22:37:37,531 - Epoch: 7, 31/274: VFL loss: 0.0467, total loss: 0.0929, anchor loss: 0.0660, VFL train accuracy: 0.9850
2026-04-09 22:37:37,857 - Epoch: 7, 41/274: VFL loss: 0.0478, total loss: 0.0940, anchor loss: 0.0660, VFL train accuracy: 0.9849
2026-04-09 22:37:38,165 - Epoch: 7, 51/274: VFL loss: 0.0488, total loss: 0.0951, anchor loss: 0.0661, VFL train accuracy: 0.9843
2026-04-09 22:37:38,494 - Epoch: 7, 61/274: VFL loss: 0.0484, total loss: 0.0946, anchor loss: 0.0659, VFL train accuracy: 0.9845
2026-04-09 22:37:38,826 - Epoch: 7, 71/274: VFL loss: 0.0470, total loss: 0.0931, anchor loss: 0.0658, VFL train accuracy: 0.9845
2026-04-09 22:37:39,139 - Epoch: 7, 81/274: VFL loss: 0.0465, total loss: 0.0927, anchor loss: 0.0660, VFL train accuracy: 0.9848
2026-04-09 22:37:39,472 - Epoch: 7, 91/274: VFL loss: 0.0458, total loss: 0.0921, anchor loss: 0.0661, VFL train accuracy: 0.9851
2026-04-09 22:37:39,797 - Epoch: 7, 101/274: VFL loss: 0.0457, total loss: 0.0919, anchor loss: 0.0660, VFL train accuracy: 0.9851
2026-04-09 22:37:40,116 - Epoch: 7, 111/274: VFL loss: 0.0466, total loss: 0.0929, anchor loss: 0.0661, VFL train accuracy: 0.9847
2026-04-09 22:37:40,448 - Epoch: 7, 121/274: VFL loss: 0.0464, total loss: 0.0928, anchor loss: 0.0662, VFL train accuracy: 0.9845
2026-04-09 22:37:40,780 - Epoch: 7, 131/274: VFL loss: 0.0459, total loss: 0.0922, anchor loss: 0.0661, VFL train accuracy: 0.9845
2026-04-09 22:37:41,110 - Epoch: 7, 141/274: VFL loss: 0.0456, total loss: 0.0920, anchor loss: 0.0662, VFL train accuracy: 0.9846
2026-04-09 22:37:41,441 - Epoch: 7, 151/274: VFL loss: 0.0455, total loss: 0.0917, anchor loss: 0.0661, VFL train accuracy: 0.9848
2026-04-09 22:37:41,739 - Epoch: 7, 161/274: VFL loss: 0.0456, total loss: 0.0918, anchor loss: 0.0661, VFL train accuracy: 0.9847
2026-04-09 22:37:42,073 - Epoch: 7, 171/274: VFL loss: 0.0451, total loss: 0.0913, anchor loss: 0.0660, VFL train accuracy: 0.9849
2026-04-09 22:37:42,369 - Epoch: 7, 181/274: VFL loss: 0.0444, total loss: 0.0906, anchor loss: 0.0660, VFL train accuracy: 0.9851
2026-04-09 22:37:42,701 - Epoch: 7, 191/274: VFL loss: 0.0448, total loss: 0.0910, anchor loss: 0.0660, VFL train accuracy: 0.9851
2026-04-09 22:37:43,001 - Epoch: 7, 201/274: VFL loss: 0.0455, total loss: 0.0917, anchor loss: 0.0660, VFL train accuracy: 0.9850
2026-04-09 22:37:43,304 - Epoch: 7, 211/274: VFL loss: 0.0458, total loss: 0.0920, anchor loss: 0.0660, VFL train accuracy: 0.9849
2026-04-09 22:37:43,612 - Epoch: 7, 221/274: VFL loss: 0.0460, total loss: 0.0923, anchor loss: 0.0661, VFL train accuracy: 0.9849
2026-04-09 22:37:44,093 - Epoch: 7, 231/274: VFL loss: 0.0462, total loss: 0.0925, anchor loss: 0.0660, VFL train accuracy: 0.9848
2026-04-09 22:37:44,394 - Epoch: 7, 241/274: VFL loss: 0.0465, total loss: 0.0928, anchor loss: 0.0661, VFL train accuracy: 0.9848
2026-04-09 22:37:44,673 - Epoch: 7, 251/274: VFL loss: 0.0469, total loss: 0.0931, anchor loss: 0.0661, VFL train accuracy: 0.9846
2026-04-09 22:37:45,003 - Epoch: 7, 261/274: VFL loss: 0.0473, total loss: 0.0936, anchor loss: 0.0661, VFL train accuracy: 0.9844
2026-04-09 22:37:45,314 - Epoch: 7, 271/274: VFL loss: 0.0473, total loss: 0.0936, anchor loss: 0.0661, VFL train accuracy: 0.9844
2026-04-09 22:37:45,399 - => Recorded Stage 2 client anchor losses for epoch 7 to './results/AVGuard/Fourclient/NUSWIDE/lambda_scan/noema_lambda_0.7\stage2_final_epoch_client_anchor_losses.json': {0: 0.045062, 1: 0.074809, 2: 0.063845, 3: 0.080824}
2026-04-09 22:37:45,404 - => Stage 2 EMA anchor update skipped at epoch 7 because momentum=1.0000 disables EMA; eligible classes per client {0: 5, 1: 5, 2: 5, 3: 5}
2026-04-09 22:37:45,404 - => Stage 2 Epoch 7 Training Summary: VFL loss: 0.0476, total loss: 0.0939, anchor loss: 0.0661, VFL train accuracy: 0.9844
2026-04-09 22:37:45,404 - => Test ASR...
2026-04-09 22:37:45,526 - =>Add Trigger to Test Data
2026-04-09 22:37:47,482 - Add Trigger to 37064 Bad Samples, 9629 Clean Samples (1.00)
2026-04-09 22:37:59,053 - => Test Epoch: 7, main task samples: 46693, attack samples: 46693, test loss: 0.5817, clean acc: 0.5830, Top-4: 0.9959, ASR: 0.4349, RAC: 0.4726, test target accuracy: 0.8894, stage3 final accuracy: 0.5830, stage3 final target accuracy: 0.5957, stage3 final asr: 0.4349, anchor loss: 0.0800
2026-04-09 22:37:59,054 - => Stage 3 Detection Summary: recall: 0.7295, precision: 0.1047, f1: 0.1831, false positive rate: 0.4478, correction rate: 0.4598
2026-04-09 22:37:59,054 - => Stage 3 Debug (clean): suspicious=20909/46693, correction_applied=20850, prediction_changed=20850, skipped_tied_vote=0, skipped_low_margin=0, skipped_other=59
2026-04-09 22:37:59,054 - => Stage 3 Debug (poison-valid): suspicious=22328/37064, correction_applied=22323, prediction_changed=22323, skipped_tied_vote=0, skipped_low_margin=0, skipped_other=5
2026-04-09 22:37:59,054 - => Stage 3 Debug (attack-success): suspicious=4525/6203, correction_applied=4522, prediction_changed=4522, corrected_to_true=2852
2026-04-09 22:37:59,093 - => End Epoch: 7, early stop epochs: 6, best epoch: 1, best clean acc: 0.5910, best Top-4: 0.9968, best ASR: 0.3811, best RAC: 0.5188, anchor loss: 0.0816
2026-04-09 22:37:59,093 - => Stage 3 Detection Summary: recall: 0.8060, precision: 0.1511, f1: 0.2545, false positive rate: 0.4260, correction rate: 0.5422
2026-04-09 22:37:59,121 - => LFBA current anchor-derived target label: 3
2026-04-09 22:37:59,211 - =>Add Trigger to Train Data
2026-04-09 22:37:59,445 - Add Trigger to 6996 Bad Samples, 62970 Clean Samples (0.10)
2026-04-09 22:37:59,448 - => Start Training for Injecting Backdoor...
2026-04-09 22:37:59,489 - Epoch: 8, 1/274: VFL loss: 0.0158, total loss: 0.0602, anchor loss: 0.0635, VFL train accuracy: 0.9961
2026-04-09 22:37:59,964 - Epoch: 8, 11/274: VFL loss: 0.0363, total loss: 0.0827, anchor loss: 0.0663, VFL train accuracy: 0.9901
2026-04-09 22:38:00,261 - Epoch: 8, 21/274: VFL loss: 0.0379, total loss: 0.0839, anchor loss: 0.0658, VFL train accuracy: 0.9887
2026-04-09 22:38:00,544 - Epoch: 8, 31/274: VFL loss: 0.0355, total loss: 0.0819, anchor loss: 0.0663, VFL train accuracy: 0.9893
2026-04-09 22:38:00,811 - Epoch: 8, 41/274: VFL loss: 0.0327, total loss: 0.0788, anchor loss: 0.0658, VFL train accuracy: 0.9900
2026-04-09 22:38:01,140 - Epoch: 8, 51/274: VFL loss: 0.0325, total loss: 0.0783, anchor loss: 0.0654, VFL train accuracy: 0.9896
2026-04-09 22:38:01,453 - Epoch: 8, 61/274: VFL loss: 0.0319, total loss: 0.0776, anchor loss: 0.0652, VFL train accuracy: 0.9899
2026-04-09 22:38:01,787 - Epoch: 8, 71/274: VFL loss: 0.0319, total loss: 0.0776, anchor loss: 0.0653, VFL train accuracy: 0.9900
2026-04-09 22:38:02,084 - Epoch: 8, 81/274: VFL loss: 0.0330, total loss: 0.0788, anchor loss: 0.0654, VFL train accuracy: 0.9893
2026-04-09 22:38:02,416 - Epoch: 8, 91/274: VFL loss: 0.0332, total loss: 0.0788, anchor loss: 0.0652, VFL train accuracy: 0.9894
2026-04-09 22:38:02,714 - Epoch: 8, 101/274: VFL loss: 0.0331, total loss: 0.0785, anchor loss: 0.0650, VFL train accuracy: 0.9890
2026-04-09 22:38:03,029 - Epoch: 8, 111/274: VFL loss: 0.0329, total loss: 0.0783, anchor loss: 0.0649, VFL train accuracy: 0.9891
2026-04-09 22:38:03,325 - Epoch: 8, 121/274: VFL loss: 0.0340, total loss: 0.0794, anchor loss: 0.0649, VFL train accuracy: 0.9889
2026-04-09 22:38:03,624 - Epoch: 8, 131/274: VFL loss: 0.0343, total loss: 0.0797, anchor loss: 0.0649, VFL train accuracy: 0.9886
2026-04-09 22:38:03,939 - Epoch: 8, 141/274: VFL loss: 0.0342, total loss: 0.0797, anchor loss: 0.0649, VFL train accuracy: 0.9886
2026-04-09 22:38:04,271 - Epoch: 8, 151/274: VFL loss: 0.0346, total loss: 0.0800, anchor loss: 0.0649, VFL train accuracy: 0.9884
2026-04-09 22:38:04,601 - Epoch: 8, 161/274: VFL loss: 0.0347, total loss: 0.0801, anchor loss: 0.0649, VFL train accuracy: 0.9883
2026-04-09 22:38:04,896 - Epoch: 8, 171/274: VFL loss: 0.0352, total loss: 0.0806, anchor loss: 0.0648, VFL train accuracy: 0.9880
2026-04-09 22:38:05,197 - Epoch: 8, 181/274: VFL loss: 0.0354, total loss: 0.0809, anchor loss: 0.0649, VFL train accuracy: 0.9879
2026-04-09 22:38:05,533 - Epoch: 8, 191/274: VFL loss: 0.0358, total loss: 0.0813, anchor loss: 0.0650, VFL train accuracy: 0.9878
2026-04-09 22:38:05,862 - Epoch: 8, 201/274: VFL loss: 0.0365, total loss: 0.0820, anchor loss: 0.0650, VFL train accuracy: 0.9874
2026-04-09 22:38:06,194 - Epoch: 8, 211/274: VFL loss: 0.0373, total loss: 0.0828, anchor loss: 0.0650, VFL train accuracy: 0.9871
2026-04-09 22:38:06,527 - Epoch: 8, 221/274: VFL loss: 0.0380, total loss: 0.0836, anchor loss: 0.0651, VFL train accuracy: 0.9870
2026-04-09 22:38:06,857 - Epoch: 8, 231/274: VFL loss: 0.0384, total loss: 0.0840, anchor loss: 0.0651, VFL train accuracy: 0.9869
2026-04-09 22:38:07,188 - Epoch: 8, 241/274: VFL loss: 0.0384, total loss: 0.0840, anchor loss: 0.0651, VFL train accuracy: 0.9869
2026-04-09 22:38:07,504 - Epoch: 8, 251/274: VFL loss: 0.0394, total loss: 0.0851, anchor loss: 0.0652, VFL train accuracy: 0.9866
2026-04-09 22:38:07,835 - Epoch: 8, 261/274: VFL loss: 0.0399, total loss: 0.0856, anchor loss: 0.0653, VFL train accuracy: 0.9864
2026-04-09 22:38:08,150 - Epoch: 8, 271/274: VFL loss: 0.0405, total loss: 0.0862, anchor loss: 0.0653, VFL train accuracy: 0.9863
2026-04-09 22:38:08,254 - => Recorded Stage 2 client anchor losses for epoch 8 to './results/AVGuard/Fourclient/NUSWIDE/lambda_scan/noema_lambda_0.7\stage2_final_epoch_client_anchor_losses.json': {0: 0.043365, 1: 0.074948, 2: 0.063746, 3: 0.079035}
2026-04-09 22:38:08,255 - => Stage 2 EMA anchor update skipped at epoch 8 because momentum=1.0000 disables EMA; eligible classes per client {0: 5, 1: 5, 2: 5, 3: 5}
2026-04-09 22:38:08,255 - => Stage 2 Epoch 8 Training Summary: VFL loss: 0.0406, total loss: 0.0863, anchor loss: 0.0653, VFL train accuracy: 0.9863
2026-04-09 22:38:08,255 - => Test ASR...
2026-04-09 22:38:08,383 - =>Add Trigger to Test Data
2026-04-09 22:38:10,385 - Add Trigger to 37064 Bad Samples, 9629 Clean Samples (1.00)
2026-04-09 22:38:20,975 - => Test Epoch: 8, main task samples: 46693, attack samples: 46693, test loss: 0.6179, clean acc: 0.5812, Top-4: 0.9955, ASR: 0.4603, RAC: 0.4560, test target accuracy: 0.8614, stage3 final accuracy: 0.5812, stage3 final target accuracy: 0.5751, stage3 final asr: 0.4603, anchor loss: 0.0801
2026-04-09 22:38:20,976 - => Stage 3 Detection Summary: recall: 0.7679, precision: 0.0951, f1: 0.1692, false positive rate: 0.4582, correction rate: 0.4884
2026-04-09 22:38:20,976 - => Stage 3 Debug (clean): suspicious=21397/46693, correction_applied=21360, prediction_changed=21360, skipped_tied_vote=0, skipped_low_margin=0, skipped_other=37
2026-04-09 22:38:20,976 - => Stage 3 Debug (poison-valid): suspicious=23135/37064, correction_applied=23133, prediction_changed=23133, skipped_tied_vote=0, skipped_low_margin=0, skipped_other=2
2026-04-09 22:38:20,976 - => Stage 3 Debug (attack-success): suspicious=4234/5514, correction_applied=4233, prediction_changed=4233, corrected_to_true=2693
2026-04-09 22:38:21,013 - => End Epoch: 8, early stop epochs: 7, best epoch: 1, best clean acc: 0.5910, best Top-4: 0.9968, best ASR: 0.3811, best RAC: 0.5188, anchor loss: 0.0816
2026-04-09 22:38:21,014 - => Stage 3 Detection Summary: recall: 0.8060, precision: 0.1511, f1: 0.2545, false positive rate: 0.4260, correction rate: 0.5422
2026-04-09 22:38:21,041 - => LFBA current anchor-derived target label: 3
2026-04-09 22:38:21,127 - =>Add Trigger to Train Data
2026-04-09 22:38:21,354 - Add Trigger to 6996 Bad Samples, 62970 Clean Samples (0.10)
2026-04-09 22:38:21,357 - => Start Training for Injecting Backdoor...
2026-04-09 22:38:21,394 - Epoch: 9, 1/274: VFL loss: 0.0314, total loss: 0.0813, anchor loss: 0.0713, VFL train accuracy: 0.9922
2026-04-09 22:38:21,882 - Epoch: 9, 11/274: VFL loss: 0.0347, total loss: 0.0814, anchor loss: 0.0667, VFL train accuracy: 0.9886
2026-04-09 22:38:22,206 - Epoch: 9, 21/274: VFL loss: 0.0323, total loss: 0.0787, anchor loss: 0.0663, VFL train accuracy: 0.9888
2026-04-09 22:38:22,488 - Epoch: 9, 31/274: VFL loss: 0.0293, total loss: 0.0755, anchor loss: 0.0660, VFL train accuracy: 0.9900
2026-04-09 22:38:22,782 - Epoch: 9, 41/274: VFL loss: 0.0284, total loss: 0.0741, anchor loss: 0.0653, VFL train accuracy: 0.9909
2026-04-09 22:38:23,083 - Epoch: 9, 51/274: VFL loss: 0.0288, total loss: 0.0746, anchor loss: 0.0654, VFL train accuracy: 0.9907
2026-04-09 22:38:23,381 - Epoch: 9, 61/274: VFL loss: 0.0293, total loss: 0.0750, anchor loss: 0.0652, VFL train accuracy: 0.9905
2026-04-09 22:38:23,688 - Epoch: 9, 71/274: VFL loss: 0.0295, total loss: 0.0750, anchor loss: 0.0651, VFL train accuracy: 0.9904
2026-04-09 22:38:24,018 - Epoch: 9, 81/274: VFL loss: 0.0291, total loss: 0.0745, anchor loss: 0.0649, VFL train accuracy: 0.9907
2026-04-09 22:38:24,319 - Epoch: 9, 91/274: VFL loss: 0.0293, total loss: 0.0747, anchor loss: 0.0648, VFL train accuracy: 0.9905
2026-04-09 22:38:24,629 - Epoch: 9, 101/274: VFL loss: 0.0294, total loss: 0.0747, anchor loss: 0.0647, VFL train accuracy: 0.9904
2026-04-09 22:38:24,945 - Epoch: 9, 111/274: VFL loss: 0.0296, total loss: 0.0749, anchor loss: 0.0647, VFL train accuracy: 0.9903
2026-04-09 22:38:25,257 - Epoch: 9, 121/274: VFL loss: 0.0301, total loss: 0.0754, anchor loss: 0.0647, VFL train accuracy: 0.9902
2026-04-09 22:38:25,573 - Epoch: 9, 131/274: VFL loss: 0.0307, total loss: 0.0761, anchor loss: 0.0648, VFL train accuracy: 0.9900
2026-04-09 22:38:25,873 - Epoch: 9, 141/274: VFL loss: 0.0305, total loss: 0.0759, anchor loss: 0.0649, VFL train accuracy: 0.9902
2026-04-09 22:38:26,187 - Epoch: 9, 151/274: VFL loss: 0.0304, total loss: 0.0760, anchor loss: 0.0651, VFL train accuracy: 0.9901
2026-04-09 22:38:26,500 - Epoch: 9, 161/274: VFL loss: 0.0305, total loss: 0.0760, anchor loss: 0.0650, VFL train accuracy: 0.9899
2026-04-09 22:38:26,798 - Epoch: 9, 171/274: VFL loss: 0.0307, total loss: 0.0763, anchor loss: 0.0650, VFL train accuracy: 0.9900
2026-04-09 22:38:27,117 - Epoch: 9, 181/274: VFL loss: 0.0308, total loss: 0.0763, anchor loss: 0.0651, VFL train accuracy: 0.9900
2026-04-09 22:38:27,447 - Epoch: 9, 191/274: VFL loss: 0.0313, total loss: 0.0769, anchor loss: 0.0651, VFL train accuracy: 0.9898
2026-04-09 22:38:27,760 - Epoch: 9, 201/274: VFL loss: 0.0314, total loss: 0.0771, anchor loss: 0.0652, VFL train accuracy: 0.9898
2026-04-09 22:38:28,092 - Epoch: 9, 211/274: VFL loss: 0.0317, total loss: 0.0773, anchor loss: 0.0652, VFL train accuracy: 0.9896
2026-04-09 22:38:28,423 - Epoch: 9, 221/274: VFL loss: 0.0326, total loss: 0.0783, anchor loss: 0.0653, VFL train accuracy: 0.9893
2026-04-09 22:38:28,757 - Epoch: 9, 231/274: VFL loss: 0.0330, total loss: 0.0788, anchor loss: 0.0654, VFL train accuracy: 0.9892
2026-04-09 22:38:29,085 - Epoch: 9, 241/274: VFL loss: 0.0333, total loss: 0.0791, anchor loss: 0.0654, VFL train accuracy: 0.9891
2026-04-09 22:38:29,382 - Epoch: 9, 251/274: VFL loss: 0.0335, total loss: 0.0792, anchor loss: 0.0653, VFL train accuracy: 0.9890
2026-04-09 22:38:29,681 - Epoch: 9, 261/274: VFL loss: 0.0337, total loss: 0.0794, anchor loss: 0.0653, VFL train accuracy: 0.9887
2026-04-09 22:38:29,979 - Epoch: 9, 271/274: VFL loss: 0.0341, total loss: 0.0799, anchor loss: 0.0653, VFL train accuracy: 0.9886
2026-04-09 22:38:30,082 - => Recorded Stage 2 client anchor losses for epoch 9 to './results/AVGuard/Fourclient/NUSWIDE/lambda_scan/noema_lambda_0.7\stage2_final_epoch_client_anchor_losses.json': {0: 0.042373, 1: 0.075122, 2: 0.063477, 3: 0.080429}
2026-04-09 22:38:30,083 - => Stage 2 EMA anchor update skipped at epoch 9 because momentum=1.0000 disables EMA; eligible classes per client {0: 5, 1: 5, 2: 5, 3: 5}
2026-04-09 22:38:30,083 - => Stage 2 Epoch 9 Training Summary: VFL loss: 0.0342, total loss: 0.0800, anchor loss: 0.0653, VFL train accuracy: 0.9886
2026-04-09 22:38:30,084 - => Test ASR...
2026-04-09 22:38:30,203 - =>Add Trigger to Test Data
2026-04-09 22:38:32,222 - Add Trigger to 37064 Bad Samples, 9629 Clean Samples (1.00)
2026-04-09 22:38:43,416 - => Test Epoch: 9, main task samples: 46693, attack samples: 46693, test loss: 0.7363, clean acc: 0.5832, Top-4: 0.9951, ASR: 0.4319, RAC: 0.4525, test target accuracy: 0.8417, stage3 final accuracy: 0.5832, stage3 final target accuracy: 0.5395, stage3 final asr: 0.4319, anchor loss: 0.0803
2026-04-09 22:38:43,417 - => Stage 3 Detection Summary: recall: 0.7321, precision: 0.0615, f1: 0.1134, false positive rate: 0.4578, correction rate: 0.4512
2026-04-09 22:38:43,417 - => Stage 3 Debug (clean): suspicious=21375/46693, correction_applied=21340, prediction_changed=21340, skipped_tied_vote=0, skipped_low_margin=0, skipped_other=35
2026-04-09 22:38:43,417 - => Stage 3 Debug (poison-valid): suspicious=22608/37064, correction_applied=22602, prediction_changed=22602, skipped_tied_vote=0, skipped_low_margin=0, skipped_other=6
2026-04-09 22:38:43,417 - => Stage 3 Debug (attack-success): suspicious=2703/3692, correction_applied=2700, prediction_changed=2700, corrected_to_true=1666
2026-04-09 22:38:43,457 - => End Epoch: 9, early stop epochs: 8, best epoch: 1, best clean acc: 0.5910, best Top-4: 0.9968, best ASR: 0.3811, best RAC: 0.5188, anchor loss: 0.0816
2026-04-09 22:38:43,457 - => Stage 3 Detection Summary: recall: 0.8060, precision: 0.1511, f1: 0.2545, false positive rate: 0.4260, correction rate: 0.5422
2026-04-09 22:38:43,489 - => LFBA current anchor-derived target label: 3
2026-04-09 22:38:43,576 - =>Add Trigger to Train Data
2026-04-09 22:38:43,801 - Add Trigger to 6996 Bad Samples, 62970 Clean Samples (0.10)
2026-04-09 22:38:43,804 - => Start Training for Injecting Backdoor...
2026-04-09 22:38:43,840 - Epoch: 10, 1/274: VFL loss: 0.0418, total loss: 0.0851, anchor loss: 0.0619, VFL train accuracy: 0.9805
2026-04-09 22:38:44,308 - Epoch: 10, 11/274: VFL loss: 0.0353, total loss: 0.0812, anchor loss: 0.0655, VFL train accuracy: 0.9854
2026-04-09 22:38:44,629 - Epoch: 10, 21/274: VFL loss: 0.0371, total loss: 0.0832, anchor loss: 0.0657, VFL train accuracy: 0.9879
2026-04-09 22:38:44,926 - Epoch: 10, 31/274: VFL loss: 0.0331, total loss: 0.0789, anchor loss: 0.0655, VFL train accuracy: 0.9887
2026-04-09 22:38:45,258 - Epoch: 10, 41/274: VFL loss: 0.0317, total loss: 0.0771, anchor loss: 0.0650, VFL train accuracy: 0.9892
2026-04-09 22:38:45,543 - Epoch: 10, 51/274: VFL loss: 0.0298, total loss: 0.0754, anchor loss: 0.0650, VFL train accuracy: 0.9897
2026-04-09 22:38:45,873 - Epoch: 10, 61/274: VFL loss: 0.0291, total loss: 0.0746, anchor loss: 0.0649, VFL train accuracy: 0.9897
2026-04-09 22:38:46,203 - Epoch: 10, 71/274: VFL loss: 0.0292, total loss: 0.0746, anchor loss: 0.0649, VFL train accuracy: 0.9899
2026-04-09 22:38:46,534 - Epoch: 10, 81/274: VFL loss: 0.0299, total loss: 0.0753, anchor loss: 0.0649, VFL train accuracy: 0.9902
2026-04-09 22:38:46,867 - Epoch: 10, 91/274: VFL loss: 0.0290, total loss: 0.0742, anchor loss: 0.0647, VFL train accuracy: 0.9904
2026-04-09 22:38:47,198 - Epoch: 10, 101/274: VFL loss: 0.0293, total loss: 0.0746, anchor loss: 0.0647, VFL train accuracy: 0.9902
2026-04-09 22:38:47,530 - Epoch: 10, 111/274: VFL loss: 0.0292, total loss: 0.0745, anchor loss: 0.0648, VFL train accuracy: 0.9902
2026-04-09 22:38:47,861 - Epoch: 10, 121/274: VFL loss: 0.0287, total loss: 0.0739, anchor loss: 0.0646, VFL train accuracy: 0.9904
2026-04-09 22:38:48,191 - Epoch: 10, 131/274: VFL loss: 0.0285, total loss: 0.0737, anchor loss: 0.0646, VFL train accuracy: 0.9904
2026-04-09 22:38:48,507 - Epoch: 10, 141/274: VFL loss: 0.0289, total loss: 0.0740, anchor loss: 0.0644, VFL train accuracy: 0.9903
2026-04-09 22:38:48,819 - Epoch: 10, 151/274: VFL loss: 0.0284, total loss: 0.0735, anchor loss: 0.0645, VFL train accuracy: 0.9906
2026-04-09 22:38:49,121 - Epoch: 10, 161/274: VFL loss: 0.0284, total loss: 0.0736, anchor loss: 0.0645, VFL train accuracy: 0.9905
2026-04-09 22:38:49,416 - Epoch: 10, 171/274: VFL loss: 0.0287, total loss: 0.0739, anchor loss: 0.0646, VFL train accuracy: 0.9903
2026-04-09 22:38:49,748 - Epoch: 10, 181/274: VFL loss: 0.0293, total loss: 0.0744, anchor loss: 0.0645, VFL train accuracy: 0.9901
2026-04-09 22:38:50,078 - Epoch: 10, 191/274: VFL loss: 0.0302, total loss: 0.0753, anchor loss: 0.0644, VFL train accuracy: 0.9899
2026-04-09 22:38:50,543 - Epoch: 10, 201/274: VFL loss: 0.0311, total loss: 0.0763, anchor loss: 0.0645, VFL train accuracy: 0.9895
2026-04-09 22:38:50,876 - Epoch: 10, 211/274: VFL loss: 0.0313, total loss: 0.0765, anchor loss: 0.0646, VFL train accuracy: 0.9894
2026-04-09 22:38:51,193 - Epoch: 10, 221/274: VFL loss: 0.0311, total loss: 0.0765, anchor loss: 0.0647, VFL train accuracy: 0.9895
2026-04-09 22:38:51,505 - Epoch: 10, 231/274: VFL loss: 0.0315, total loss: 0.0768, anchor loss: 0.0648, VFL train accuracy: 0.9893
2026-04-09 22:38:51,788 - Epoch: 10, 241/274: VFL loss: 0.0318, total loss: 0.0772, anchor loss: 0.0649, VFL train accuracy: 0.9892
2026-04-09 22:38:52,118 - Epoch: 10, 251/274: VFL loss: 0.0318, total loss: 0.0772, anchor loss: 0.0649, VFL train accuracy: 0.9893
2026-04-09 22:38:52,448 - Epoch: 10, 261/274: VFL loss: 0.0321, total loss: 0.0774, anchor loss: 0.0648, VFL train accuracy: 0.9893
2026-04-09 22:38:52,781 - Epoch: 10, 271/274: VFL loss: 0.0324, total loss: 0.0778, anchor loss: 0.0648, VFL train accuracy: 0.9891
2026-04-09 22:38:52,884 - => Recorded Stage 2 client anchor losses for epoch 10 to './results/AVGuard/Fourclient/NUSWIDE/lambda_scan/noema_lambda_0.7\stage2_final_epoch_client_anchor_losses.json': {0: 0.041691, 1: 0.075379, 2: 0.063565, 3: 0.078623}
2026-04-09 22:38:52,886 - => Stage 2 EMA anchor update skipped at epoch 10 because momentum=1.0000 disables EMA; eligible classes per client {0: 5, 1: 5, 2: 5, 3: 5}
2026-04-09 22:38:52,886 - => Stage 2 Epoch 10 Training Summary: VFL loss: 0.0324, total loss: 0.0777, anchor loss: 0.0648, VFL train accuracy: 0.9891
2026-04-09 22:38:52,886 - => Test ASR...
2026-04-09 22:38:53,010 - =>Add Trigger to Test Data
2026-04-09 22:38:54,790 - Add Trigger to 37064 Bad Samples, 9629 Clean Samples (1.00)
2026-04-09 22:39:05,690 - => Test Epoch: 10, main task samples: 46693, attack samples: 46693, test loss: 0.7088, clean acc: 0.5833, Top-4: 0.9955, ASR: 0.4413, RAC: 0.4774, test target accuracy: 0.8913, stage3 final accuracy: 0.5833, stage3 final target accuracy: 0.5951, stage3 final asr: 0.4413, anchor loss: 0.0793
2026-04-09 22:39:05,690 - => Stage 3 Detection Summary: recall: 0.7767, precision: 0.1102, f1: 0.1931, false positive rate: 0.4444, correction rate: 0.5026
2026-04-09 22:39:05,690 - => Stage 3 Debug (clean): suspicious=20749/46693, correction_applied=20696, prediction_changed=20696, skipped_tied_vote=0, skipped_low_margin=0, skipped_other=53
2026-04-09 22:39:05,690 - => Stage 3 Debug (poison-valid): suspicious=22587/37064, correction_applied=22582, prediction_changed=22582, skipped_tied_vote=0, skipped_low_margin=0, skipped_other=5
2026-04-09 22:39:05,690 - => Stage 3 Debug (attack-success): suspicious=4777/6150, correction_applied=4772, prediction_changed=4772, corrected_to_true=3091
2026-04-09 22:39:05,728 - => End Epoch: 10, early stop epochs: 9, best epoch: 1, best clean acc: 0.5910, best Top-4: 0.9968, best ASR: 0.3811, best RAC: 0.5188, anchor loss: 0.0816
2026-04-09 22:39:05,728 - => Stage 3 Detection Summary: recall: 0.8060, precision: 0.1511, f1: 0.2545, false positive rate: 0.4260, correction rate: 0.5422
2026-04-09 22:39:05,762 - => LFBA current anchor-derived target label: 3
2026-04-09 22:39:05,851 - =>Add Trigger to Train Data
2026-04-09 22:39:06,078 - Add Trigger to 6996 Bad Samples, 62970 Clean Samples (0.10)
2026-04-09 22:39:06,082 - => Start Training for Injecting Backdoor...
2026-04-09 22:39:06,121 - Epoch: 11, 1/274: VFL loss: 0.0268, total loss: 0.0743, anchor loss: 0.0679, VFL train accuracy: 0.9961
2026-04-09 22:39:06,572 - Epoch: 11, 11/274: VFL loss: 0.0211, total loss: 0.0655, anchor loss: 0.0635, VFL train accuracy: 0.9929
2026-04-09 22:39:06,884 - Epoch: 11, 21/274: VFL loss: 0.0199, total loss: 0.0643, anchor loss: 0.0634, VFL train accuracy: 0.9926
2026-04-09 22:39:07,173 - Epoch: 11, 31/274: VFL loss: 0.0198, total loss: 0.0644, anchor loss: 0.0638, VFL train accuracy: 0.9928
2026-04-09 22:39:07,477 - Epoch: 11, 41/274: VFL loss: 0.0200, total loss: 0.0646, anchor loss: 0.0637, VFL train accuracy: 0.9926
2026-04-09 22:39:07,809 - Epoch: 11, 51/274: VFL loss: 0.0200, total loss: 0.0648, anchor loss: 0.0640, VFL train accuracy: 0.9926
2026-04-09 22:39:08,114 - Epoch: 11, 61/274: VFL loss: 0.0199, total loss: 0.0646, anchor loss: 0.0638, VFL train accuracy: 0.9930
2026-04-09 22:39:08,404 - Epoch: 11, 71/274: VFL loss: 0.0209, total loss: 0.0657, anchor loss: 0.0640, VFL train accuracy: 0.9925
2026-04-09 22:39:08,671 - Epoch: 11, 81/274: VFL loss: 0.0214, total loss: 0.0663, anchor loss: 0.0641, VFL train accuracy: 0.9923
2026-04-09 22:39:08,988 - Epoch: 11, 91/274: VFL loss: 0.0216, total loss: 0.0666, anchor loss: 0.0642, VFL train accuracy: 0.9923
2026-04-09 22:39:09,276 - Epoch: 11, 101/274: VFL loss: 0.0220, total loss: 0.0669, anchor loss: 0.0642, VFL train accuracy: 0.9923
2026-04-09 22:39:09,574 - Epoch: 11, 111/274: VFL loss: 0.0221, total loss: 0.0671, anchor loss: 0.0643, VFL train accuracy: 0.9922
2026-04-09 22:39:09,851 - Epoch: 11, 121/274: VFL loss: 0.0224, total loss: 0.0675, anchor loss: 0.0644, VFL train accuracy: 0.9923
2026-04-09 22:39:10,138 - Epoch: 11, 131/274: VFL loss: 0.0228, total loss: 0.0679, anchor loss: 0.0645, VFL train accuracy: 0.9924
2026-04-09 22:39:10,416 - Epoch: 11, 141/274: VFL loss: 0.0232, total loss: 0.0683, anchor loss: 0.0645, VFL train accuracy: 0.9922
2026-04-09 22:39:10,679 - Epoch: 11, 151/274: VFL loss: 0.0235, total loss: 0.0687, anchor loss: 0.0645, VFL train accuracy: 0.9920
2026-04-09 22:39:10,987 - Epoch: 11, 161/274: VFL loss: 0.0235, total loss: 0.0687, anchor loss: 0.0645, VFL train accuracy: 0.9919
2026-04-09 22:39:11,286 - Epoch: 11, 171/274: VFL loss: 0.0231, total loss: 0.0683, anchor loss: 0.0645, VFL train accuracy: 0.9920
2026-04-09 22:39:11,564 - Epoch: 11, 181/274: VFL loss: 0.0230, total loss: 0.0681, anchor loss: 0.0644, VFL train accuracy: 0.9921
2026-04-09 22:39:11,884 - Epoch: 11, 191/274: VFL loss: 0.0229, total loss: 0.0680, anchor loss: 0.0644, VFL train accuracy: 0.9921
2026-04-09 22:39:12,199 - Epoch: 11, 201/274: VFL loss: 0.0231, total loss: 0.0682, anchor loss: 0.0644, VFL train accuracy: 0.9922
2026-04-09 22:39:12,523 - Epoch: 11, 211/274: VFL loss: 0.0230, total loss: 0.0681, anchor loss: 0.0644, VFL train accuracy: 0.9922
2026-04-09 22:39:12,828 - Epoch: 11, 221/274: VFL loss: 0.0231, total loss: 0.0681, anchor loss: 0.0643, VFL train accuracy: 0.9921
2026-04-09 22:39:13,126 - Epoch: 11, 231/274: VFL loss: 0.0232, total loss: 0.0683, anchor loss: 0.0643, VFL train accuracy: 0.9920
2026-04-09 22:39:13,424 - Epoch: 11, 241/274: VFL loss: 0.0235, total loss: 0.0685, anchor loss: 0.0644, VFL train accuracy: 0.9919
2026-04-09 22:39:13,706 - Epoch: 11, 251/274: VFL loss: 0.0236, total loss: 0.0687, anchor loss: 0.0644, VFL train accuracy: 0.9918
2026-04-09 22:39:14,039 - Epoch: 11, 261/274: VFL loss: 0.0241, total loss: 0.0692, anchor loss: 0.0644, VFL train accuracy: 0.9917
2026-04-09 22:39:14,353 - Epoch: 11, 271/274: VFL loss: 0.0248, total loss: 0.0699, anchor loss: 0.0645, VFL train accuracy: 0.9915
2026-04-09 22:39:14,456 - => Recorded Stage 2 client anchor losses for epoch 11 to './results/AVGuard/Fourclient/NUSWIDE/lambda_scan/noema_lambda_0.7\stage2_final_epoch_client_anchor_losses.json': {0: 0.039953, 1: 0.074381, 2: 0.063151, 3: 0.080348}
2026-04-09 22:39:14,457 - => Stage 2 EMA anchor update skipped at epoch 11 because momentum=1.0000 disables EMA; eligible classes per client {0: 5, 1: 5, 2: 5, 3: 5}
2026-04-09 22:39:14,457 - => Stage 2 Epoch 11 Training Summary: VFL loss: 0.0248, total loss: 0.0699, anchor loss: 0.0645, VFL train accuracy: 0.9915
2026-04-09 22:39:14,457 - => Test ASR...
2026-04-09 22:39:14,574 - =>Add Trigger to Test Data
2026-04-09 22:39:16,607 - Add Trigger to 37064 Bad Samples, 9629 Clean Samples (1.00)
2026-04-09 22:39:27,611 - => Test Epoch: 11, main task samples: 46693, attack samples: 46693, test loss: 0.7775, clean acc: 0.5887, Top-4: 0.9954, ASR: 0.4455, RAC: 0.4663, test target accuracy: 0.8702, stage3 final accuracy: 0.5887, stage3 final target accuracy: 0.5842, stage3 final asr: 0.4455, anchor loss: 0.0797
2026-04-09 22:39:27,611 - => Stage 3 Detection Summary: recall: 0.7262, precision: 0.0888, f1: 0.1582, false positive rate: 0.4456, correction rate: 0.4499
2026-04-09 22:39:27,611 - => Stage 3 Debug (clean): suspicious=20808/46693, correction_applied=20777, prediction_changed=20777, skipped_tied_vote=0, skipped_low_margin=0, skipped_other=31
2026-04-09 22:39:27,612 - => Stage 3 Debug (poison-valid): suspicious=22270/37064, correction_applied=22266, prediction_changed=22266, skipped_tied_vote=0, skipped_low_margin=0, skipped_other=4
2026-04-09 22:39:27,612 - => Stage 3 Debug (attack-success): suspicious=3824/5266, correction_applied=3823, prediction_changed=3823, corrected_to_true=2369
2026-04-09 22:39:27,657 - => End Epoch: 11, early stop epochs: 10, best epoch: 1, best clean acc: 0.5910, best Top-4: 0.9968, best ASR: 0.3811, best RAC: 0.5188, anchor loss: 0.0816
2026-04-09 22:39:27,657 - => Stage 3 Detection Summary: recall: 0.8060, precision: 0.1511, f1: 0.2545, false positive rate: 0.4260, correction rate: 0.5422
2026-04-09 22:39:27,687 - => LFBA current anchor-derived target label: 3
2026-04-09 22:39:27,780 - =>Add Trigger to Train Data
2026-04-09 22:39:28,014 - Add Trigger to 6996 Bad Samples, 62970 Clean Samples (0.10)
2026-04-09 22:39:28,016 - => Start Training for Injecting Backdoor...
2026-04-09 22:39:28,053 - Epoch: 12, 1/274: VFL loss: 0.0207, total loss: 0.0651, anchor loss: 0.0634, VFL train accuracy: 0.9961
2026-04-09 22:39:28,532 - Epoch: 12, 11/274: VFL loss: 0.0224, total loss: 0.0683, anchor loss: 0.0655, VFL train accuracy: 0.9940
2026-04-09 22:39:28,845 - Epoch: 12, 21/274: VFL loss: 0.0248, total loss: 0.0711, anchor loss: 0.0661, VFL train accuracy: 0.9927
2026-04-09 22:39:29,163 - Epoch: 12, 31/274: VFL loss: 0.0260, total loss: 0.0723, anchor loss: 0.0660, VFL train accuracy: 0.9921
2026-04-09 22:39:29,494 - Epoch: 12, 41/274: VFL loss: 0.0239, total loss: 0.0699, anchor loss: 0.0656, VFL train accuracy: 0.9924
2026-04-09 22:39:29,826 - Epoch: 12, 51/274: VFL loss: 0.0227, total loss: 0.0683, anchor loss: 0.0651, VFL train accuracy: 0.9926
2026-04-09 22:39:30,156 - Epoch: 12, 61/274: VFL loss: 0.0217, total loss: 0.0670, anchor loss: 0.0648, VFL train accuracy: 0.9928
2026-04-09 22:39:30,464 - Epoch: 12, 71/274: VFL loss: 0.0222, total loss: 0.0674, anchor loss: 0.0646, VFL train accuracy: 0.9927
2026-04-09 22:39:30,786 - Epoch: 12, 81/274: VFL loss: 0.0224, total loss: 0.0676, anchor loss: 0.0645, VFL train accuracy: 0.9929
2026-04-09 22:39:31,116 - Epoch: 12, 91/274: VFL loss: 0.0228, total loss: 0.0678, anchor loss: 0.0644, VFL train accuracy: 0.9927
2026-04-09 22:39:31,431 - Epoch: 12, 101/274: VFL loss: 0.0233, total loss: 0.0684, anchor loss: 0.0645, VFL train accuracy: 0.9924
2026-04-09 22:39:31,729 - Epoch: 12, 111/274: VFL loss: 0.0241, total loss: 0.0692, anchor loss: 0.0644, VFL train accuracy: 0.9922
2026-04-09 22:39:32,063 - Epoch: 12, 121/274: VFL loss: 0.0251, total loss: 0.0701, anchor loss: 0.0644, VFL train accuracy: 0.9917
2026-04-09 22:39:32,376 - Epoch: 12, 131/274: VFL loss: 0.0253, total loss: 0.0704, anchor loss: 0.0645, VFL train accuracy: 0.9916
2026-04-09 22:39:32,707 - Epoch: 12, 141/274: VFL loss: 0.0256, total loss: 0.0708, anchor loss: 0.0645, VFL train accuracy: 0.9916
2026-04-09 22:39:33,030 - Epoch: 12, 151/274: VFL loss: 0.0256, total loss: 0.0708, anchor loss: 0.0646, VFL train accuracy: 0.9915
2026-04-09 22:39:33,354 - Epoch: 12, 161/274: VFL loss: 0.0258, total loss: 0.0709, anchor loss: 0.0645, VFL train accuracy: 0.9914
2026-04-09 22:39:33,670 - Epoch: 12, 171/274: VFL loss: 0.0260, total loss: 0.0711, anchor loss: 0.0644, VFL train accuracy: 0.9914
2026-04-09 22:39:33,999 - Epoch: 12, 181/274: VFL loss: 0.0262, total loss: 0.0713, anchor loss: 0.0644, VFL train accuracy: 0.9912
2026-04-09 22:39:34,330 - Epoch: 12, 191/274: VFL loss: 0.0268, total loss: 0.0719, anchor loss: 0.0644, VFL train accuracy: 0.9911
2026-04-09 22:39:34,664 - Epoch: 12, 201/274: VFL loss: 0.0272, total loss: 0.0723, anchor loss: 0.0645, VFL train accuracy: 0.9911
2026-04-09 22:39:34,994 - Epoch: 12, 211/274: VFL loss: 0.0274, total loss: 0.0727, anchor loss: 0.0646, VFL train accuracy: 0.9910
2026-04-09 22:39:35,326 - Epoch: 12, 221/274: VFL loss: 0.0278, total loss: 0.0731, anchor loss: 0.0646, VFL train accuracy: 0.9909
2026-04-09 22:39:35,659 - Epoch: 12, 231/274: VFL loss: 0.0278, total loss: 0.0731, anchor loss: 0.0646, VFL train accuracy: 0.9909
2026-04-09 22:39:35,989 - Epoch: 12, 241/274: VFL loss: 0.0281, total loss: 0.0733, anchor loss: 0.0646, VFL train accuracy: 0.9908
2026-04-09 22:39:36,320 - Epoch: 12, 251/274: VFL loss: 0.0281, total loss: 0.0734, anchor loss: 0.0646, VFL train accuracy: 0.9908
2026-04-09 22:39:36,651 - Epoch: 12, 261/274: VFL loss: 0.0282, total loss: 0.0734, anchor loss: 0.0646, VFL train accuracy: 0.9908
2026-04-09 22:39:36,968 - Epoch: 12, 271/274: VFL loss: 0.0282, total loss: 0.0734, anchor loss: 0.0646, VFL train accuracy: 0.9908
2026-04-09 22:39:37,071 - => Recorded Stage 2 client anchor losses for epoch 12 to './results/AVGuard/Fourclient/NUSWIDE/lambda_scan/noema_lambda_0.7\stage2_final_epoch_client_anchor_losses.json': {0: 0.040243, 1: 0.075536, 2: 0.063828, 3: 0.078705}
2026-04-09 22:39:37,074 - => Stage 2 EMA anchor update skipped at epoch 12 because momentum=1.0000 disables EMA; eligible classes per client {0: 5, 1: 5, 2: 5, 3: 5}
2026-04-09 22:39:37,074 - => Stage 2 Epoch 12 Training Summary: VFL loss: 0.0283, total loss: 0.0735, anchor loss: 0.0646, VFL train accuracy: 0.9908
2026-04-09 22:39:37,075 - => Test ASR...
2026-04-09 22:39:37,216 - =>Add Trigger to Test Data
2026-04-09 22:39:39,218 - Add Trigger to 37064 Bad Samples, 9629 Clean Samples (1.00)
2026-04-09 22:39:50,443 - => Test Epoch: 12, main task samples: 46693, attack samples: 46693, test loss: 0.8264, clean acc: 0.5865, Top-4: 0.9949, ASR: 0.4572, RAC: 0.4542, test target accuracy: 0.8645, stage3 final accuracy: 0.5865, stage3 final target accuracy: 0.5465, stage3 final asr: 0.4572, anchor loss: 0.0789
2026-04-09 22:39:50,443 - => Stage 3 Detection Summary: recall: 0.7472, precision: 0.0747, f1: 0.1358, false positive rate: 0.4471, correction rate: 0.4441
2026-04-09 22:39:50,443 - => Stage 3 Debug (clean): suspicious=20876/46693, correction_applied=20821, prediction_changed=20821, skipped_tied_vote=0, skipped_low_margin=0, skipped_other=55
2026-04-09 22:39:50,444 - => Stage 3 Debug (poison-valid): suspicious=22278/37064, correction_applied=22276, prediction_changed=22276, skipped_tied_vote=0, skipped_low_margin=0, skipped_other=2
2026-04-09 22:39:50,444 - => Stage 3 Debug (attack-success): suspicious=3222/4312, correction_applied=3220, prediction_changed=3220, corrected_to_true=1915
2026-04-09 22:39:50,485 - => End Epoch: 12, early stop epochs: 11, best epoch: 1, best clean acc: 0.5910, best Top-4: 0.9968, best ASR: 0.3811, best RAC: 0.5188, anchor loss: 0.0816
2026-04-09 22:39:50,485 - => Stage 3 Detection Summary: recall: 0.8060, precision: 0.1511, f1: 0.2545, false positive rate: 0.4260, correction rate: 0.5422
2026-04-09 22:39:50,515 - => LFBA current anchor-derived target label: 3
2026-04-09 22:39:50,605 - =>Add Trigger to Train Data
2026-04-09 22:39:50,835 - Add Trigger to 6996 Bad Samples, 62970 Clean Samples (0.10)
2026-04-09 22:39:50,838 - => Start Training for Injecting Backdoor...
2026-04-09 22:39:50,878 - Epoch: 13, 1/274: VFL loss: 0.0202, total loss: 0.0669, anchor loss: 0.0667, VFL train accuracy: 0.9922
2026-04-09 22:39:51,371 - Epoch: 13, 11/274: VFL loss: 0.0151, total loss: 0.0596, anchor loss: 0.0636, VFL train accuracy: 0.9954
2026-04-09 22:39:51,704 - Epoch: 13, 21/274: VFL loss: 0.0183, total loss: 0.0633, anchor loss: 0.0642, VFL train accuracy: 0.9946
2026-04-09 22:39:52,037 - Epoch: 13, 31/274: VFL loss: 0.0222, total loss: 0.0671, anchor loss: 0.0642, VFL train accuracy: 0.9938
2026-04-09 22:39:52,357 - Epoch: 13, 41/274: VFL loss: 0.0241, total loss: 0.0693, anchor loss: 0.0646, VFL train accuracy: 0.9928
2026-04-09 22:39:52,681 - Epoch: 13, 51/274: VFL loss: 0.0241, total loss: 0.0690, anchor loss: 0.0642, VFL train accuracy: 0.9926
2026-04-09 22:39:52,996 - Epoch: 13, 61/274: VFL loss: 0.0246, total loss: 0.0696, anchor loss: 0.0643, VFL train accuracy: 0.9921
2026-04-09 22:39:53,330 - Epoch: 13, 71/274: VFL loss: 0.0243, total loss: 0.0693, anchor loss: 0.0643, VFL train accuracy: 0.9922
2026-04-09 22:39:53,677 - Epoch: 13, 81/274: VFL loss: 0.0251, total loss: 0.0702, anchor loss: 0.0645, VFL train accuracy: 0.9917
2026-04-09 22:39:54,025 - Epoch: 13, 91/274: VFL loss: 0.0249, total loss: 0.0700, anchor loss: 0.0645, VFL train accuracy: 0.9919
2026-04-09 22:39:54,360 - Epoch: 13, 101/274: VFL loss: 0.0240, total loss: 0.0691, anchor loss: 0.0644, VFL train accuracy: 0.9920
2026-04-09 22:39:54,688 - Epoch: 13, 111/274: VFL loss: 0.0238, total loss: 0.0688, anchor loss: 0.0644, VFL train accuracy: 0.9922
2026-04-09 22:39:55,005 - Epoch: 13, 121/274: VFL loss: 0.0239, total loss: 0.0689, anchor loss: 0.0643, VFL train accuracy: 0.9921
2026-04-09 22:39:55,335 - Epoch: 13, 131/274: VFL loss: 0.0242, total loss: 0.0692, anchor loss: 0.0644, VFL train accuracy: 0.9920
2026-04-09 22:39:55,669 - Epoch: 13, 141/274: VFL loss: 0.0237, total loss: 0.0688, anchor loss: 0.0644, VFL train accuracy: 0.9922
2026-04-09 22:39:55,999 - Epoch: 13, 151/274: VFL loss: 0.0231, total loss: 0.0682, anchor loss: 0.0644, VFL train accuracy: 0.9924
2026-04-09 22:39:56,334 - Epoch: 13, 161/274: VFL loss: 0.0232, total loss: 0.0683, anchor loss: 0.0644, VFL train accuracy: 0.9924
2026-04-09 22:39:56,820 - Epoch: 13, 171/274: VFL loss: 0.0230, total loss: 0.0681, anchor loss: 0.0644, VFL train accuracy: 0.9924
2026-04-09 22:39:57,164 - Epoch: 13, 181/274: VFL loss: 0.0234, total loss: 0.0685, anchor loss: 0.0644, VFL train accuracy: 0.9923
2026-04-09 22:39:57,494 - Epoch: 13, 191/274: VFL loss: 0.0239, total loss: 0.0690, anchor loss: 0.0644, VFL train accuracy: 0.9921
2026-04-09 22:39:57,809 - Epoch: 13, 201/274: VFL loss: 0.0242, total loss: 0.0693, anchor loss: 0.0644, VFL train accuracy: 0.9920
2026-04-09 22:39:58,141 - Epoch: 13, 211/274: VFL loss: 0.0242, total loss: 0.0693, anchor loss: 0.0644, VFL train accuracy: 0.9920
2026-04-09 22:39:58,470 - Epoch: 13, 221/274: VFL loss: 0.0248, total loss: 0.0699, anchor loss: 0.0644, VFL train accuracy: 0.9917
2026-04-09 22:39:58,785 - Epoch: 13, 231/274: VFL loss: 0.0249, total loss: 0.0700, anchor loss: 0.0644, VFL train accuracy: 0.9917
2026-04-09 22:39:59,119 - Epoch: 13, 241/274: VFL loss: 0.0252, total loss: 0.0703, anchor loss: 0.0644, VFL train accuracy: 0.9915
2026-04-09 22:39:59,451 - Epoch: 13, 251/274: VFL loss: 0.0259, total loss: 0.0711, anchor loss: 0.0645, VFL train accuracy: 0.9913
2026-04-09 22:39:59,815 - Epoch: 13, 261/274: VFL loss: 0.0263, total loss: 0.0715, anchor loss: 0.0646, VFL train accuracy: 0.9912
2026-04-09 22:40:00,147 - Epoch: 13, 271/274: VFL loss: 0.0267, total loss: 0.0719, anchor loss: 0.0646, VFL train accuracy: 0.9910
2026-04-09 22:40:00,251 - => Recorded Stage 2 client anchor losses for epoch 13 to './results/AVGuard/Fourclient/NUSWIDE/lambda_scan/noema_lambda_0.7\stage2_final_epoch_client_anchor_losses.json': {0: 0.039604, 1: 0.075508, 2: 0.063322, 3: 0.080036}
2026-04-09 22:40:00,251 - => Stage 2 EMA anchor update skipped at epoch 13 because momentum=1.0000 disables EMA; eligible classes per client {0: 5, 1: 5, 2: 5, 3: 5}
2026-04-09 22:40:00,253 - => Stage 2 Epoch 13 Training Summary: VFL loss: 0.0268, total loss: 0.0721, anchor loss: 0.0646, VFL train accuracy: 0.9910
2026-04-09 22:40:00,253 - => Test ASR...
2026-04-09 22:40:00,379 - =>Add Trigger to Test Data
2026-04-09 22:40:02,391 - Add Trigger to 37064 Bad Samples, 9629 Clean Samples (1.00)
2026-04-09 22:40:13,287 - => Test Epoch: 13, main task samples: 46693, attack samples: 46693, test loss: 0.7811, clean acc: 0.5834, Top-4: 0.9957, ASR: 0.4521, RAC: 0.4551, test target accuracy: 0.8672, stage3 final accuracy: 0.5834, stage3 final target accuracy: 0.5675, stage3 final asr: 0.4521, anchor loss: 0.0799
2026-04-09 22:40:13,288 - => Stage 3 Detection Summary: recall: 0.7167, precision: 0.0720, f1: 0.1309, false positive rate: 0.4516, correction rate: 0.4386
2026-04-09 22:40:13,288 - => Stage 3 Debug (clean): suspicious=21086/46693, correction_applied=21049, prediction_changed=21049, skipped_tied_vote=0, skipped_low_margin=0, skipped_other=37
2026-04-09 22:40:13,288 - => Stage 3 Debug (poison-valid): suspicious=22542/37064, correction_applied=22539, prediction_changed=22539, skipped_tied_vote=0, skipped_low_margin=0, skipped_other=3
2026-04-09 22:40:13,288 - => Stage 3 Debug (attack-success): suspicious=3142/4384, correction_applied=3140, prediction_changed=3140, corrected_to_true=1923
2026-04-09 22:40:13,323 - => End Epoch: 13, early stop epochs: 12, best epoch: 1, best clean acc: 0.5910, best Top-4: 0.9968, best ASR: 0.3811, best RAC: 0.5188, anchor loss: 0.0816
2026-04-09 22:40:13,323 - => Stage 3 Detection Summary: recall: 0.8060, precision: 0.1511, f1: 0.2545, false positive rate: 0.4260, correction rate: 0.5422
2026-04-09 22:40:13,350 - => LFBA current anchor-derived target label: 3
2026-04-09 22:40:13,432 - =>Add Trigger to Train Data
2026-04-09 22:40:13,715 - Add Trigger to 6996 Bad Samples, 62970 Clean Samples (0.10)
2026-04-09 22:40:13,718 - => Start Training for Injecting Backdoor...
2026-04-09 22:40:13,753 - Epoch: 14, 1/274: VFL loss: 0.0081, total loss: 0.0515, anchor loss: 0.0620, VFL train accuracy: 1.0000
2026-04-09 22:40:14,138 - Epoch: 14, 11/274: VFL loss: 0.0191, total loss: 0.0633, anchor loss: 0.0632, VFL train accuracy: 0.9954
2026-04-09 22:40:14,360 - Epoch: 14, 21/274: VFL loss: 0.0229, total loss: 0.0677, anchor loss: 0.0640, VFL train accuracy: 0.9942
2026-04-09 22:40:14,597 - Epoch: 14, 31/274: VFL loss: 0.0205, total loss: 0.0651, anchor loss: 0.0637, VFL train accuracy: 0.9945
2026-04-09 22:40:14,826 - Epoch: 14, 41/274: VFL loss: 0.0193, total loss: 0.0636, anchor loss: 0.0634, VFL train accuracy: 0.9947
2026-04-09 22:40:15,063 - Epoch: 14, 51/274: VFL loss: 0.0210, total loss: 0.0652, anchor loss: 0.0633, VFL train accuracy: 0.9936
2026-04-09 22:40:15,346 - Epoch: 14, 61/274: VFL loss: 0.0194, total loss: 0.0636, anchor loss: 0.0631, VFL train accuracy: 0.9942
2026-04-09 22:40:15,561 - Epoch: 14, 71/274: VFL loss: 0.0200, total loss: 0.0641, anchor loss: 0.0631, VFL train accuracy: 0.9940
2026-04-09 22:40:15,810 - Epoch: 14, 81/274: VFL loss: 0.0199, total loss: 0.0641, anchor loss: 0.0631, VFL train accuracy: 0.9940
2026-04-09 22:40:16,060 - Epoch: 14, 91/274: VFL loss: 0.0200, total loss: 0.0643, anchor loss: 0.0633, VFL train accuracy: 0.9939
2026-04-09 22:40:16,305 - Epoch: 14, 101/274: VFL loss: 0.0201, total loss: 0.0644, anchor loss: 0.0634, VFL train accuracy: 0.9938
2026-04-09 22:40:16,562 - Epoch: 14, 111/274: VFL loss: 0.0211, total loss: 0.0654, anchor loss: 0.0633, VFL train accuracy: 0.9935
2026-04-09 22:40:16,844 - Epoch: 14, 121/274: VFL loss: 0.0213, total loss: 0.0656, anchor loss: 0.0632, VFL train accuracy: 0.9934
2026-04-09 22:40:17,094 - Epoch: 14, 131/274: VFL loss: 0.0210, total loss: 0.0652, anchor loss: 0.0632, VFL train accuracy: 0.9934
2026-04-09 22:40:17,356 - Epoch: 14, 141/274: VFL loss: 0.0211, total loss: 0.0654, anchor loss: 0.0632, VFL train accuracy: 0.9933
2026-04-09 22:40:17,643 - Epoch: 14, 151/274: VFL loss: 0.0213, total loss: 0.0656, anchor loss: 0.0632, VFL train accuracy: 0.9933
2026-04-09 22:40:18,168 - Epoch: 14, 161/274: VFL loss: 0.0216, total loss: 0.0659, anchor loss: 0.0633, VFL train accuracy: 0.9932
2026-04-09 22:40:18,623 - Epoch: 14, 171/274: VFL loss: 0.0216, total loss: 0.0659, anchor loss: 0.0633, VFL train accuracy: 0.9931
2026-04-09 22:40:19,021 - Epoch: 14, 181/274: VFL loss: 0.0216, total loss: 0.0659, anchor loss: 0.0633, VFL train accuracy: 0.9931
2026-04-09 22:40:19,517 - Epoch: 14, 191/274: VFL loss: 0.0220, total loss: 0.0663, anchor loss: 0.0633, VFL train accuracy: 0.9930
2026-04-09 22:40:20,067 - Epoch: 14, 201/274: VFL loss: 0.0220, total loss: 0.0664, anchor loss: 0.0634, VFL train accuracy: 0.9930
2026-04-09 22:40:20,477 - Epoch: 14, 211/274: VFL loss: 0.0224, total loss: 0.0668, anchor loss: 0.0634, VFL train accuracy: 0.9929
2026-04-09 22:40:20,881 - Epoch: 14, 221/274: VFL loss: 0.0227, total loss: 0.0671, anchor loss: 0.0635, VFL train accuracy: 0.9927
2026-04-09 22:40:21,288 - Epoch: 14, 231/274: VFL loss: 0.0228, total loss: 0.0672, anchor loss: 0.0635, VFL train accuracy: 0.9926
2026-04-09 22:40:21,751 - Epoch: 14, 241/274: VFL loss: 0.0231, total loss: 0.0675, anchor loss: 0.0635, VFL train accuracy: 0.9925
2026-04-09 22:40:22,207 - Epoch: 14, 251/274: VFL loss: 0.0234, total loss: 0.0679, anchor loss: 0.0636, VFL train accuracy: 0.9924
2026-04-09 22:40:22,715 - Epoch: 14, 261/274: VFL loss: 0.0236, total loss: 0.0681, anchor loss: 0.0636, VFL train accuracy: 0.9925
2026-04-09 22:40:23,030 - Epoch: 14, 271/274: VFL loss: 0.0242, total loss: 0.0688, anchor loss: 0.0637, VFL train accuracy: 0.9923
2026-04-09 22:40:23,134 - => Recorded Stage 2 client anchor losses for epoch 14 to './results/AVGuard/Fourclient/NUSWIDE/lambda_scan/noema_lambda_0.7\stage2_final_epoch_client_anchor_losses.json': {0: 0.038625, 1: 0.074683, 2: 0.06311, 3: 0.078247}
2026-04-09 22:40:23,135 - => Stage 2 EMA anchor update skipped at epoch 14 because momentum=1.0000 disables EMA; eligible classes per client {0: 5, 1: 5, 2: 5, 3: 5}
2026-04-09 22:40:23,135 - => Stage 2 Epoch 14 Training Summary: VFL loss: 0.0241, total loss: 0.0687, anchor loss: 0.0637, VFL train accuracy: 0.9923
2026-04-09 22:40:23,136 - => Test ASR...
2026-04-09 22:40:23,370 - =>Add Trigger to Test Data
2026-04-09 22:40:25,493 - Add Trigger to 37064 Bad Samples, 9629 Clean Samples (1.00)
2026-04-09 22:40:36,524 - => Test Epoch: 14, main task samples: 46693, attack samples: 46693, test loss: 0.8173, clean acc: 0.5821, Top-4: 0.9951, ASR: 0.4689, RAC: 0.4550, test target accuracy: 0.8770, stage3 final accuracy: 0.5821, stage3 final target accuracy: 0.5479, stage3 final asr: 0.4689, anchor loss: 0.0792
2026-04-09 22:40:36,524 - => Stage 3 Detection Summary: recall: 0.7884, precision: 0.1151, f1: 0.2009, false positive rate: 0.4476, correction rate: 0.4897
2026-04-09 22:40:36,524 - => Stage 3 Debug (clean): suspicious=20898/46693, correction_applied=20852, prediction_changed=20852, skipped_tied_vote=0, skipped_low_margin=0, skipped_other=46
2026-04-09 22:40:36,524 - => Stage 3 Debug (poison-valid): suspicious=22954/37064, correction_applied=22950, prediction_changed=22950, skipped_tied_vote=0, skipped_low_margin=0, skipped_other=4
2026-04-09 22:40:36,524 - => Stage 3 Debug (attack-success): suspicious=5049/6404, correction_applied=5047, prediction_changed=5047, corrected_to_true=3136
2026-04-09 22:40:36,561 - => End Epoch: 14, early stop epochs: 13, best epoch: 1, best clean acc: 0.5910, best Top-4: 0.9968, best ASR: 0.3811, best RAC: 0.5188, anchor loss: 0.0816
2026-04-09 22:40:36,561 - => Stage 3 Detection Summary: recall: 0.8060, precision: 0.1511, f1: 0.2545, false positive rate: 0.4260, correction rate: 0.5422
2026-04-09 22:40:36,592 - => LFBA current anchor-derived target label: 3
2026-04-09 22:40:36,683 - =>Add Trigger to Train Data
2026-04-09 22:40:36,955 - Add Trigger to 6996 Bad Samples, 62970 Clean Samples (0.10)
2026-04-09 22:40:36,958 - => Start Training for Injecting Backdoor...
2026-04-09 22:40:37,000 - Epoch: 15, 1/274: VFL loss: 0.0062, total loss: 0.0518, anchor loss: 0.0651, VFL train accuracy: 1.0000
2026-04-09 22:40:37,481 - Epoch: 15, 11/274: VFL loss: 0.0191, total loss: 0.0640, anchor loss: 0.0642, VFL train accuracy: 0.9940
2026-04-09 22:40:37,811 - Epoch: 15, 21/274: VFL loss: 0.0196, total loss: 0.0641, anchor loss: 0.0636, VFL train accuracy: 0.9929
2026-04-09 22:40:38,125 - Epoch: 15, 31/274: VFL loss: 0.0191, total loss: 0.0636, anchor loss: 0.0635, VFL train accuracy: 0.9934
2026-04-09 22:40:38,399 - Epoch: 15, 41/274: VFL loss: 0.0183, total loss: 0.0628, anchor loss: 0.0636, VFL train accuracy: 0.9937
2026-04-09 22:40:38,690 - Epoch: 15, 51/274: VFL loss: 0.0172, total loss: 0.0620, anchor loss: 0.0640, VFL train accuracy: 0.9942
2026-04-09 22:40:38,973 - Epoch: 15, 61/274: VFL loss: 0.0176, total loss: 0.0625, anchor loss: 0.0641, VFL train accuracy: 0.9944
2026-04-09 22:40:39,251 - Epoch: 15, 71/274: VFL loss: 0.0167, total loss: 0.0614, anchor loss: 0.0638, VFL train accuracy: 0.9948
2026-04-09 22:40:39,549 - Epoch: 15, 81/274: VFL loss: 0.0159, total loss: 0.0606, anchor loss: 0.0638, VFL train accuracy: 0.9951
2026-04-09 22:40:39,881 - Epoch: 15, 91/274: VFL loss: 0.0155, total loss: 0.0602, anchor loss: 0.0638, VFL train accuracy: 0.9953
2026-04-09 22:40:40,196 - Epoch: 15, 101/274: VFL loss: 0.0153, total loss: 0.0600, anchor loss: 0.0638, VFL train accuracy: 0.9954
2026-04-09 22:40:40,512 - Epoch: 15, 111/274: VFL loss: 0.0156, total loss: 0.0602, anchor loss: 0.0636, VFL train accuracy: 0.9952
2026-04-09 22:40:40,839 - Epoch: 15, 121/274: VFL loss: 0.0154, total loss: 0.0599, anchor loss: 0.0636, VFL train accuracy: 0.9953
2026-04-09 22:40:41,163 - Epoch: 15, 131/274: VFL loss: 0.0155, total loss: 0.0600, anchor loss: 0.0635, VFL train accuracy: 0.9954
2026-04-09 22:40:41,465 - Epoch: 15, 141/274: VFL loss: 0.0155, total loss: 0.0599, anchor loss: 0.0635, VFL train accuracy: 0.9953
2026-04-09 22:40:41,736 - Epoch: 15, 151/274: VFL loss: 0.0152, total loss: 0.0596, anchor loss: 0.0634, VFL train accuracy: 0.9953
2026-04-09 22:40:42,036 - Epoch: 15, 161/274: VFL loss: 0.0152, total loss: 0.0595, anchor loss: 0.0633, VFL train accuracy: 0.9954
2026-04-09 22:40:42,335 - Epoch: 15, 171/274: VFL loss: 0.0153, total loss: 0.0597, anchor loss: 0.0634, VFL train accuracy: 0.9953
2026-04-09 22:40:42,631 - Epoch: 15, 181/274: VFL loss: 0.0151, total loss: 0.0595, anchor loss: 0.0634, VFL train accuracy: 0.9953
2026-04-09 22:40:42,961 - Epoch: 15, 191/274: VFL loss: 0.0150, total loss: 0.0593, anchor loss: 0.0633, VFL train accuracy: 0.9953
2026-04-09 22:40:43,260 - Epoch: 15, 201/274: VFL loss: 0.0148, total loss: 0.0591, anchor loss: 0.0633, VFL train accuracy: 0.9953
2026-04-09 22:40:43,590 - Epoch: 15, 211/274: VFL loss: 0.0148, total loss: 0.0591, anchor loss: 0.0632, VFL train accuracy: 0.9953
2026-04-09 22:40:43,879 - Epoch: 15, 221/274: VFL loss: 0.0151, total loss: 0.0594, anchor loss: 0.0632, VFL train accuracy: 0.9952
2026-04-09 22:40:44,207 - Epoch: 15, 231/274: VFL loss: 0.0152, total loss: 0.0595, anchor loss: 0.0633, VFL train accuracy: 0.9951
2026-04-09 22:40:44,538 - Epoch: 15, 241/274: VFL loss: 0.0154, total loss: 0.0598, anchor loss: 0.0633, VFL train accuracy: 0.9949
2026-04-09 22:40:44,870 - Epoch: 15, 251/274: VFL loss: 0.0158, total loss: 0.0601, anchor loss: 0.0633, VFL train accuracy: 0.9949
2026-04-09 22:40:45,183 - Epoch: 15, 261/274: VFL loss: 0.0161, total loss: 0.0604, anchor loss: 0.0633, VFL train accuracy: 0.9948
2026-04-09 22:40:45,498 - Epoch: 15, 271/274: VFL loss: 0.0163, total loss: 0.0606, anchor loss: 0.0633, VFL train accuracy: 0.9947
2026-04-09 22:40:45,599 - => Recorded Stage 2 client anchor losses for epoch 15 to './results/AVGuard/Fourclient/NUSWIDE/lambda_scan/noema_lambda_0.7\stage2_final_epoch_client_anchor_losses.json': {0: 0.036711, 1: 0.074148, 2: 0.062811, 3: 0.07959}
2026-04-09 22:40:45,600 - => Stage 2 EMA anchor update skipped at epoch 15 because momentum=1.0000 disables EMA; eligible classes per client {0: 5, 1: 5, 2: 5, 3: 5}
2026-04-09 22:40:45,600 - => Stage 2 Epoch 15 Training Summary: VFL loss: 0.0163, total loss: 0.0606, anchor loss: 0.0633, VFL train accuracy: 0.9947
2026-04-09 22:40:45,600 - => Test ASR...
2026-04-09 22:40:45,718 - =>Add Trigger to Test Data
2026-04-09 22:40:47,680 - Add Trigger to 37064 Bad Samples, 9629 Clean Samples (1.00)
2026-04-09 22:40:57,968 - => Test Epoch: 15, main task samples: 46693, attack samples: 46693, test loss: 0.8675, clean acc: 0.5866, Top-4: 0.9954, ASR: 0.4585, RAC: 0.4587, test target accuracy: 0.8653, stage3 final accuracy: 0.5866, stage3 final target accuracy: 0.5419, stage3 final asr: 0.4585, anchor loss: 0.0788
2026-04-09 22:40:57,968 - => Stage 3 Detection Summary: recall: 0.7758, precision: 0.0978, f1: 0.1736, false positive rate: 0.4464, correction rate: 0.4612
2026-04-09 22:40:57,968 - => Stage 3 Debug (clean): suspicious=20845/46693, correction_applied=20797, prediction_changed=20797, skipped_tied_vote=0, skipped_low_margin=0, skipped_other=48
2026-04-09 22:40:57,968 - => Stage 3 Debug (poison-valid): suspicious=22293/37064, correction_applied=22292, prediction_changed=22292, skipped_tied_vote=0, skipped_low_margin=0, skipped_other=1
2026-04-09 22:40:57,968 - => Stage 3 Debug (attack-success): suspicious=4217/5436, correction_applied=4216, prediction_changed=4216, corrected_to_true=2507
2026-04-09 22:40:58,007 - => End Epoch: 15, early stop epochs: 14, best epoch: 1, best clean acc: 0.5910, best Top-4: 0.9968, best ASR: 0.3811, best RAC: 0.5188, anchor loss: 0.0816
2026-04-09 22:40:58,007 - => Stage 3 Detection Summary: recall: 0.8060, precision: 0.1511, f1: 0.2545, false positive rate: 0.4260, correction rate: 0.5422
2026-04-09 22:40:58,041 - => LFBA current anchor-derived target label: 3
2026-04-09 22:40:58,131 - =>Add Trigger to Train Data
2026-04-09 22:40:58,364 - Add Trigger to 6996 Bad Samples, 62970 Clean Samples (0.10)
2026-04-09 22:40:58,368 - => Start Training for Injecting Backdoor...
2026-04-09 22:40:58,404 - Epoch: 16, 1/274: VFL loss: 0.0091, total loss: 0.0536, anchor loss: 0.0636, VFL train accuracy: 0.9961
2026-04-09 22:40:58,932 - Epoch: 16, 11/274: VFL loss: 0.0056, total loss: 0.0485, anchor loss: 0.0613, VFL train accuracy: 0.9982
2026-04-09 22:40:59,258 - Epoch: 16, 21/274: VFL loss: 0.0069, total loss: 0.0501, anchor loss: 0.0617, VFL train accuracy: 0.9976
2026-04-09 22:40:59,589 - Epoch: 16, 31/274: VFL loss: 0.0087, total loss: 0.0519, anchor loss: 0.0616, VFL train accuracy: 0.9972
2026-04-09 22:40:59,922 - Epoch: 16, 41/274: VFL loss: 0.0085, total loss: 0.0515, anchor loss: 0.0614, VFL train accuracy: 0.9973
2026-04-09 22:41:00,253 - Epoch: 16, 51/274: VFL loss: 0.0084, total loss: 0.0516, anchor loss: 0.0617, VFL train accuracy: 0.9974
2026-04-09 22:41:00,583 - Epoch: 16, 61/274: VFL loss: 0.0078, total loss: 0.0513, anchor loss: 0.0621, VFL train accuracy: 0.9978
2026-04-09 22:41:00,915 - Epoch: 16, 71/274: VFL loss: 0.0077, total loss: 0.0512, anchor loss: 0.0621, VFL train accuracy: 0.9977
2026-04-09 22:41:01,228 - Epoch: 16, 81/274: VFL loss: 0.0082, total loss: 0.0516, anchor loss: 0.0620, VFL train accuracy: 0.9975
2026-04-09 22:41:01,543 - Epoch: 16, 91/274: VFL loss: 0.0084, total loss: 0.0517, anchor loss: 0.0620, VFL train accuracy: 0.9975
2026-04-09 22:41:01,839 - Epoch: 16, 101/274: VFL loss: 0.0086, total loss: 0.0521, anchor loss: 0.0621, VFL train accuracy: 0.9974
2026-04-09 22:41:02,123 - Epoch: 16, 111/274: VFL loss: 0.0094, total loss: 0.0527, anchor loss: 0.0620, VFL train accuracy: 0.9971
2026-04-09 22:41:02,406 - Epoch: 16, 121/274: VFL loss: 0.0097, total loss: 0.0531, anchor loss: 0.0620, VFL train accuracy: 0.9970
2026-04-09 22:41:02,701 - Epoch: 16, 131/274: VFL loss: 0.0100, total loss: 0.0534, anchor loss: 0.0620, VFL train accuracy: 0.9969
2026-04-09 22:41:03,014 - Epoch: 16, 141/274: VFL loss: 0.0101, total loss: 0.0535, anchor loss: 0.0620, VFL train accuracy: 0.9967
2026-04-09 22:41:03,445 - Epoch: 16, 151/274: VFL loss: 0.0101, total loss: 0.0534, anchor loss: 0.0619, VFL train accuracy: 0.9967
2026-04-09 22:41:03,779 - Epoch: 16, 161/274: VFL loss: 0.0104, total loss: 0.0538, anchor loss: 0.0620, VFL train accuracy: 0.9966
2026-04-09 22:41:04,111 - Epoch: 16, 171/274: VFL loss: 0.0105, total loss: 0.0538, anchor loss: 0.0620, VFL train accuracy: 0.9966
2026-04-09 22:41:04,442 - Epoch: 16, 181/274: VFL loss: 0.0102, total loss: 0.0537, anchor loss: 0.0620, VFL train accuracy: 0.9967
2026-04-09 22:41:04,773 - Epoch: 16, 191/274: VFL loss: 0.0100, total loss: 0.0533, anchor loss: 0.0619, VFL train accuracy: 0.9968
2026-04-09 22:41:05,104 - Epoch: 16, 201/274: VFL loss: 0.0101, total loss: 0.0534, anchor loss: 0.0619, VFL train accuracy: 0.9967
2026-04-09 22:41:05,434 - Epoch: 16, 211/274: VFL loss: 0.0101, total loss: 0.0535, anchor loss: 0.0619, VFL train accuracy: 0.9966
2026-04-09 22:41:05,767 - Epoch: 16, 221/274: VFL loss: 0.0102, total loss: 0.0535, anchor loss: 0.0619, VFL train accuracy: 0.9966
2026-04-09 22:41:06,096 - Epoch: 16, 231/274: VFL loss: 0.0106, total loss: 0.0540, anchor loss: 0.0620, VFL train accuracy: 0.9964
2026-04-09 22:41:06,428 - Epoch: 16, 241/274: VFL loss: 0.0106, total loss: 0.0540, anchor loss: 0.0620, VFL train accuracy: 0.9965
2026-04-09 22:41:06,761 - Epoch: 16, 251/274: VFL loss: 0.0109, total loss: 0.0543, anchor loss: 0.0621, VFL train accuracy: 0.9964
2026-04-09 22:41:07,093 - Epoch: 16, 261/274: VFL loss: 0.0110, total loss: 0.0545, anchor loss: 0.0621, VFL train accuracy: 0.9964
2026-04-09 22:41:07,423 - Epoch: 16, 271/274: VFL loss: 0.0111, total loss: 0.0546, anchor loss: 0.0621, VFL train accuracy: 0.9964
2026-04-09 22:41:07,527 - => Recorded Stage 2 client anchor losses for epoch 16 to './results/AVGuard/Fourclient/NUSWIDE/lambda_scan/noema_lambda_0.7\stage2_final_epoch_client_anchor_losses.json': {0: 0.034556, 1: 0.073485, 2: 0.062567, 3: 0.077794}
2026-04-09 22:41:07,529 - => Stage 2 EMA anchor update skipped at epoch 16 because momentum=1.0000 disables EMA; eligible classes per client {0: 5, 1: 5, 2: 5, 3: 5}
2026-04-09 22:41:07,529 - => Stage 2 Epoch 16 Training Summary: VFL loss: 0.0112, total loss: 0.0547, anchor loss: 0.0621, VFL train accuracy: 0.9964
2026-04-09 22:41:07,529 - => Test ASR...
2026-04-09 22:41:07,649 - =>Add Trigger to Test Data
2026-04-09 22:41:09,555 - Add Trigger to 37064 Bad Samples, 9629 Clean Samples (1.00)
2026-04-09 22:41:20,330 - => Test Epoch: 16, main task samples: 46693, attack samples: 46693, test loss: 1.0215, clean acc: 0.5868, Top-4: 0.9958, ASR: 0.4532, RAC: 0.4734, test target accuracy: 0.8973, stage3 final accuracy: 0.5868, stage3 final target accuracy: 0.6220, stage3 final asr: 0.4532, anchor loss: 0.0775
2026-04-09 22:41:20,330 - => Stage 3 Detection Summary: recall: 0.7577, precision: 0.1110, f1: 0.1937, false positive rate: 0.4424, correction rate: 0.4920
2026-04-09 22:41:20,330 - => Stage 3 Debug (clean): suspicious=20657/46693, correction_applied=20618, prediction_changed=20618, skipped_tied_vote=0, skipped_low_margin=0, skipped_other=39
2026-04-09 22:41:20,330 - => Stage 3 Debug (poison-valid): suspicious=22848/37064, correction_applied=22846, prediction_changed=22846, skipped_tied_vote=0, skipped_low_margin=0, skipped_other=2
2026-04-09 22:41:20,330 - => Stage 3 Debug (attack-success): suspicious=4831/6376, correction_applied=4829, prediction_changed=4829, corrected_to_true=3137
2026-04-09 22:41:20,370 - => End Epoch: 16, early stop epochs: 15, best epoch: 1, best clean acc: 0.5910, best Top-4: 0.9968, best ASR: 0.3811, best RAC: 0.5188, anchor loss: 0.0816
2026-04-09 22:41:20,370 - => Stage 3 Detection Summary: recall: 0.8060, precision: 0.1511, f1: 0.2545, false positive rate: 0.4260, correction rate: 0.5422
2026-04-09 22:41:20,400 - => LFBA current anchor-derived target label: 3
2026-04-09 22:41:20,497 - =>Add Trigger to Train Data
2026-04-09 22:41:20,719 - Add Trigger to 6996 Bad Samples, 62970 Clean Samples (0.10)
2026-04-09 22:41:20,721 - => Start Training for Injecting Backdoor...
2026-04-09 22:41:20,763 - Epoch: 17, 1/274: VFL loss: 0.0066, total loss: 0.0518, anchor loss: 0.0647, VFL train accuracy: 1.0000
2026-04-09 22:41:21,226 - Epoch: 17, 11/274: VFL loss: 0.0063, total loss: 0.0491, anchor loss: 0.0612, VFL train accuracy: 0.9982
2026-04-09 22:41:21,524 - Epoch: 17, 21/274: VFL loss: 0.0087, total loss: 0.0520, anchor loss: 0.0618, VFL train accuracy: 0.9968
2026-04-09 22:41:21,823 - Epoch: 17, 31/274: VFL loss: 0.0080, total loss: 0.0513, anchor loss: 0.0620, VFL train accuracy: 0.9972
2026-04-09 22:41:22,114 - Epoch: 17, 41/274: VFL loss: 0.0078, total loss: 0.0514, anchor loss: 0.0622, VFL train accuracy: 0.9971
2026-04-09 22:41:22,453 - Epoch: 17, 51/274: VFL loss: 0.0084, total loss: 0.0521, anchor loss: 0.0624, VFL train accuracy: 0.9969
2026-04-09 22:41:22,785 - Epoch: 17, 61/274: VFL loss: 0.0091, total loss: 0.0528, anchor loss: 0.0624, VFL train accuracy: 0.9968
2026-04-09 22:41:23,119 - Epoch: 17, 71/274: VFL loss: 0.0094, total loss: 0.0531, anchor loss: 0.0624, VFL train accuracy: 0.9966
2026-04-09 22:41:23,464 - Epoch: 17, 81/274: VFL loss: 0.0097, total loss: 0.0534, anchor loss: 0.0624, VFL train accuracy: 0.9963
2026-04-09 22:41:23,795 - Epoch: 17, 91/274: VFL loss: 0.0107, total loss: 0.0542, anchor loss: 0.0622, VFL train accuracy: 0.9963
2026-04-09 22:41:24,124 - Epoch: 17, 101/274: VFL loss: 0.0110, total loss: 0.0546, anchor loss: 0.0623, VFL train accuracy: 0.9962
2026-04-09 22:41:24,421 - Epoch: 17, 111/274: VFL loss: 0.0117, total loss: 0.0553, anchor loss: 0.0623, VFL train accuracy: 0.9960
2026-04-09 22:41:24,714 - Epoch: 17, 121/274: VFL loss: 0.0117, total loss: 0.0554, anchor loss: 0.0624, VFL train accuracy: 0.9961
2026-04-09 22:41:25,018 - Epoch: 17, 131/274: VFL loss: 0.0114, total loss: 0.0550, anchor loss: 0.0623, VFL train accuracy: 0.9961
2026-04-09 22:41:25,327 - Epoch: 17, 141/274: VFL loss: 0.0114, total loss: 0.0550, anchor loss: 0.0623, VFL train accuracy: 0.9961
2026-04-09 22:41:25,603 - Epoch: 17, 151/274: VFL loss: 0.0119, total loss: 0.0556, anchor loss: 0.0624, VFL train accuracy: 0.9960
2026-04-09 22:41:25,913 - Epoch: 17, 161/274: VFL loss: 0.0119, total loss: 0.0556, anchor loss: 0.0624, VFL train accuracy: 0.9959
2026-04-09 22:41:26,211 - Epoch: 17, 171/274: VFL loss: 0.0130, total loss: 0.0567, anchor loss: 0.0624, VFL train accuracy: 0.9956
2026-04-09 22:41:26,493 - Epoch: 17, 181/274: VFL loss: 0.0133, total loss: 0.0570, anchor loss: 0.0625, VFL train accuracy: 0.9955
2026-04-09 22:41:26,777 - Epoch: 17, 191/274: VFL loss: 0.0139, total loss: 0.0576, anchor loss: 0.0625, VFL train accuracy: 0.9952
2026-04-09 22:41:27,108 - Epoch: 17, 201/274: VFL loss: 0.0141, total loss: 0.0579, anchor loss: 0.0625, VFL train accuracy: 0.9951
2026-04-09 22:41:27,440 - Epoch: 17, 211/274: VFL loss: 0.0144, total loss: 0.0582, anchor loss: 0.0626, VFL train accuracy: 0.9950
2026-04-09 22:41:27,773 - Epoch: 17, 221/274: VFL loss: 0.0147, total loss: 0.0585, anchor loss: 0.0626, VFL train accuracy: 0.9949
2026-04-09 22:41:28,102 - Epoch: 17, 231/274: VFL loss: 0.0150, total loss: 0.0589, anchor loss: 0.0626, VFL train accuracy: 0.9948
2026-04-09 22:41:28,433 - Epoch: 17, 241/274: VFL loss: 0.0154, total loss: 0.0592, anchor loss: 0.0627, VFL train accuracy: 0.9948
2026-04-09 22:41:28,766 - Epoch: 17, 251/274: VFL loss: 0.0154, total loss: 0.0594, anchor loss: 0.0627, VFL train accuracy: 0.9947
2026-04-09 22:41:29,096 - Epoch: 17, 261/274: VFL loss: 0.0162, total loss: 0.0602, anchor loss: 0.0628, VFL train accuracy: 0.9945
2026-04-09 22:41:29,460 - Epoch: 17, 271/274: VFL loss: 0.0168, total loss: 0.0608, anchor loss: 0.0629, VFL train accuracy: 0.9943
2026-04-09 22:41:29,567 - => Recorded Stage 2 client anchor losses for epoch 17 to './results/AVGuard/Fourclient/NUSWIDE/lambda_scan/noema_lambda_0.7\stage2_final_epoch_client_anchor_losses.json': {0: 0.034373, 1: 0.074706, 2: 0.062854, 3: 0.079516}
2026-04-09 22:41:29,569 - => Stage 2 EMA anchor update skipped at epoch 17 because momentum=1.0000 disables EMA; eligible classes per client {0: 5, 1: 5, 2: 5, 3: 5}
2026-04-09 22:41:29,569 - => Stage 2 Epoch 17 Training Summary: VFL loss: 0.0170, total loss: 0.0610, anchor loss: 0.0628, VFL train accuracy: 0.9942
2026-04-09 22:41:29,569 - => Test ASR...
2026-04-09 22:41:29,687 - =>Add Trigger to Test Data
2026-04-09 22:41:31,568 - Add Trigger to 37064 Bad Samples, 9629 Clean Samples (1.00)
2026-04-09 22:41:43,546 - => Test Epoch: 17, main task samples: 46693, attack samples: 46693, test loss: 0.9825, clean acc: 0.5848, Top-4: 0.9949, ASR: 0.4611, RAC: 0.4465, test target accuracy: 0.8496, stage3 final accuracy: 0.5848, stage3 final target accuracy: 0.5413, stage3 final asr: 0.4611, anchor loss: 0.0792
2026-04-09 22:41:43,546 - => Stage 3 Detection Summary: recall: 0.7619, precision: 0.0691, f1: 0.1268, false positive rate: 0.4513, correction rate: 0.4202
2026-04-09 22:41:43,546 - => Stage 3 Debug (clean): suspicious=21072/46693, correction_applied=21032, prediction_changed=21032, skipped_tied_vote=0, skipped_low_margin=0, skipped_other=40
2026-04-09 22:41:43,546 - => Stage 3 Debug (poison-valid): suspicious=22430/37064, correction_applied=22425, prediction_changed=22425, skipped_tied_vote=0, skipped_low_margin=0, skipped_other=5
2026-04-09 22:41:43,546 - => Stage 3 Debug (attack-success): suspicious=3008/3948, correction_applied=3006, prediction_changed=3006, corrected_to_true=1659
2026-04-09 22:41:43,588 - => End Epoch: 17, early stop epochs: 16, best epoch: 1, best clean acc: 0.5910, best Top-4: 0.9968, best ASR: 0.3811, best RAC: 0.5188, anchor loss: 0.0816
2026-04-09 22:41:43,588 - => Stage 3 Detection Summary: recall: 0.8060, precision: 0.1511, f1: 0.2545, false positive rate: 0.4260, correction rate: 0.5422
2026-04-09 22:41:43,624 - => LFBA current anchor-derived target label: 3
2026-04-09 22:41:43,715 - =>Add Trigger to Train Data
2026-04-09 22:41:43,959 - Add Trigger to 6996 Bad Samples, 62970 Clean Samples (0.10)
2026-04-09 22:41:43,963 - => Start Training for Injecting Backdoor...
2026-04-09 22:41:44,006 - Epoch: 18, 1/274: VFL loss: 0.0325, total loss: 0.0752, anchor loss: 0.0610, VFL train accuracy: 0.9922
2026-04-09 22:41:44,501 - Epoch: 18, 11/274: VFL loss: 0.0250, total loss: 0.0704, anchor loss: 0.0648, VFL train accuracy: 0.9922
2026-04-09 22:41:44,833 - Epoch: 18, 21/274: VFL loss: 0.0217, total loss: 0.0665, anchor loss: 0.0640, VFL train accuracy: 0.9924
2026-04-09 22:41:45,165 - Epoch: 18, 31/274: VFL loss: 0.0231, total loss: 0.0676, anchor loss: 0.0637, VFL train accuracy: 0.9924
2026-04-09 22:41:45,496 - Epoch: 18, 41/274: VFL loss: 0.0222, total loss: 0.0663, anchor loss: 0.0630, VFL train accuracy: 0.9925
2026-04-09 22:41:45,827 - Epoch: 18, 51/274: VFL loss: 0.0218, total loss: 0.0660, anchor loss: 0.0632, VFL train accuracy: 0.9926
2026-04-09 22:41:46,122 - Epoch: 18, 61/274: VFL loss: 0.0219, total loss: 0.0661, anchor loss: 0.0632, VFL train accuracy: 0.9928
2026-04-09 22:41:46,415 - Epoch: 18, 71/274: VFL loss: 0.0208, total loss: 0.0650, anchor loss: 0.0631, VFL train accuracy: 0.9933
2026-04-09 22:41:46,701 - Epoch: 18, 81/274: VFL loss: 0.0200, total loss: 0.0642, anchor loss: 0.0631, VFL train accuracy: 0.9936
2026-04-09 22:41:47,019 - Epoch: 18, 91/274: VFL loss: 0.0194, total loss: 0.0636, anchor loss: 0.0631, VFL train accuracy: 0.9938
2026-04-09 22:41:47,334 - Epoch: 18, 101/274: VFL loss: 0.0188, total loss: 0.0629, anchor loss: 0.0630, VFL train accuracy: 0.9939
2026-04-09 22:41:47,614 - Epoch: 18, 111/274: VFL loss: 0.0192, total loss: 0.0633, anchor loss: 0.0630, VFL train accuracy: 0.9938
2026-04-09 22:41:47,899 - Epoch: 18, 121/274: VFL loss: 0.0197, total loss: 0.0639, anchor loss: 0.0630, VFL train accuracy: 0.9936
2026-04-09 22:41:48,176 - Epoch: 18, 131/274: VFL loss: 0.0194, total loss: 0.0635, anchor loss: 0.0630, VFL train accuracy: 0.9937
2026-04-09 22:41:48,494 - Epoch: 18, 141/274: VFL loss: 0.0191, total loss: 0.0631, anchor loss: 0.0629, VFL train accuracy: 0.9938
2026-04-09 22:41:48,825 - Epoch: 18, 151/274: VFL loss: 0.0184, total loss: 0.0625, anchor loss: 0.0630, VFL train accuracy: 0.9940
2026-04-09 22:41:49,155 - Epoch: 18, 161/274: VFL loss: 0.0184, total loss: 0.0624, anchor loss: 0.0629, VFL train accuracy: 0.9941
2026-04-09 22:41:49,488 - Epoch: 18, 171/274: VFL loss: 0.0185, total loss: 0.0625, anchor loss: 0.0629, VFL train accuracy: 0.9941
2026-04-09 22:41:49,808 - Epoch: 18, 181/274: VFL loss: 0.0185, total loss: 0.0626, anchor loss: 0.0629, VFL train accuracy: 0.9940
2026-04-09 22:41:50,134 - Epoch: 18, 191/274: VFL loss: 0.0188, total loss: 0.0628, anchor loss: 0.0629, VFL train accuracy: 0.9940
2026-04-09 22:41:50,465 - Epoch: 18, 201/274: VFL loss: 0.0191, total loss: 0.0632, anchor loss: 0.0630, VFL train accuracy: 0.9939
2026-04-09 22:41:50,796 - Epoch: 18, 211/274: VFL loss: 0.0194, total loss: 0.0635, anchor loss: 0.0630, VFL train accuracy: 0.9938
2026-04-09 22:41:51,128 - Epoch: 18, 221/274: VFL loss: 0.0196, total loss: 0.0637, anchor loss: 0.0630, VFL train accuracy: 0.9937
2026-04-09 22:41:51,458 - Epoch: 18, 231/274: VFL loss: 0.0193, total loss: 0.0635, anchor loss: 0.0630, VFL train accuracy: 0.9938
2026-04-09 22:41:51,775 - Epoch: 18, 241/274: VFL loss: 0.0194, total loss: 0.0635, anchor loss: 0.0631, VFL train accuracy: 0.9937
2026-04-09 22:41:52,136 - Epoch: 18, 251/274: VFL loss: 0.0193, total loss: 0.0634, anchor loss: 0.0630, VFL train accuracy: 0.9937
2026-04-09 22:41:52,468 - Epoch: 18, 261/274: VFL loss: 0.0193, total loss: 0.0634, anchor loss: 0.0631, VFL train accuracy: 0.9937
2026-04-09 22:41:52,782 - Epoch: 18, 271/274: VFL loss: 0.0191, total loss: 0.0633, anchor loss: 0.0631, VFL train accuracy: 0.9938
2026-04-09 22:41:52,885 - => Recorded Stage 2 client anchor losses for epoch 18 to './results/AVGuard/Fourclient/NUSWIDE/lambda_scan/noema_lambda_0.7\stage2_final_epoch_client_anchor_losses.json': {0: 0.035455, 1: 0.074819, 2: 0.06317, 3: 0.078795}
2026-04-09 22:41:52,887 - => Stage 2 EMA anchor update skipped at epoch 18 because momentum=1.0000 disables EMA; eligible classes per client {0: 5, 1: 5, 2: 5, 3: 5}
2026-04-09 22:41:52,887 - => Stage 2 Epoch 18 Training Summary: VFL loss: 0.0191, total loss: 0.0633, anchor loss: 0.0631, VFL train accuracy: 0.9937
2026-04-09 22:41:52,887 - => Test ASR...
2026-04-09 22:41:53,007 - =>Add Trigger to Test Data
2026-04-09 22:41:54,962 - Add Trigger to 37064 Bad Samples, 9629 Clean Samples (1.00)
2026-04-09 22:42:05,800 - => Test Epoch: 18, main task samples: 46693, attack samples: 46693, test loss: 0.9794, clean acc: 0.5857, Top-4: 0.9949, ASR: 0.4811, RAC: 0.4576, test target accuracy: 0.8798, stage3 final accuracy: 0.5857, stage3 final target accuracy: 0.5973, stage3 final asr: 0.4811, anchor loss: 0.0787
2026-04-09 22:42:05,800 - => Stage 3 Detection Summary: recall: 0.7423, precision: 0.1033, f1: 0.1813, false positive rate: 0.4482, correction rate: 0.4560
2026-04-09 22:42:05,800 - => Stage 3 Debug (clean): suspicious=20928/46693, correction_applied=20891, prediction_changed=20891, skipped_tied_vote=0, skipped_low_margin=0, skipped_other=37
2026-04-09 22:42:05,801 - => Stage 3 Debug (poison-valid): suspicious=22910/37064, correction_applied=22908, prediction_changed=22908, skipped_tied_vote=0, skipped_low_margin=0, skipped_other=2
2026-04-09 22:42:05,801 - => Stage 3 Debug (attack-success): suspicious=4527/6099, correction_applied=4526, prediction_changed=4526, corrected_to_true=2781
2026-04-09 22:42:05,839 - => End Epoch: 18, early stop epochs: 17, best epoch: 1, best clean acc: 0.5910, best Top-4: 0.9968, best ASR: 0.3811, best RAC: 0.5188, anchor loss: 0.0816
2026-04-09 22:42:05,840 - => Stage 3 Detection Summary: recall: 0.8060, precision: 0.1511, f1: 0.2545, false positive rate: 0.4260, correction rate: 0.5422
2026-04-09 22:42:05,868 - => LFBA current anchor-derived target label: 3
2026-04-09 22:42:05,958 - =>Add Trigger to Train Data
2026-04-09 22:42:06,186 - Add Trigger to 6996 Bad Samples, 62970 Clean Samples (0.10)
2026-04-09 22:42:06,189 - => Start Training for Injecting Backdoor...
2026-04-09 22:42:06,228 - Epoch: 19, 1/274: VFL loss: 0.0050, total loss: 0.0455, anchor loss: 0.0578, VFL train accuracy: 0.9961
2026-04-09 22:42:06,708 - Epoch: 19, 11/274: VFL loss: 0.0103, total loss: 0.0548, anchor loss: 0.0636, VFL train accuracy: 0.9964
2026-04-09 22:42:07,037 - Epoch: 19, 21/274: VFL loss: 0.0119, total loss: 0.0565, anchor loss: 0.0636, VFL train accuracy: 0.9961
2026-04-09 22:42:07,302 - Epoch: 19, 31/274: VFL loss: 0.0115, total loss: 0.0561, anchor loss: 0.0637, VFL train accuracy: 0.9963
2026-04-09 22:42:07,603 - Epoch: 19, 41/274: VFL loss: 0.0121, total loss: 0.0566, anchor loss: 0.0636, VFL train accuracy: 0.9962
2026-04-09 22:42:07,935 - Epoch: 19, 51/274: VFL loss: 0.0138, total loss: 0.0584, anchor loss: 0.0636, VFL train accuracy: 0.9955
2026-04-09 22:42:08,266 - Epoch: 19, 61/274: VFL loss: 0.0135, total loss: 0.0580, anchor loss: 0.0635, VFL train accuracy: 0.9955
2026-04-09 22:42:08,595 - Epoch: 19, 71/274: VFL loss: 0.0137, total loss: 0.0580, anchor loss: 0.0633, VFL train accuracy: 0.9953
2026-04-09 22:42:08,894 - Epoch: 19, 81/274: VFL loss: 0.0133, total loss: 0.0576, anchor loss: 0.0633, VFL train accuracy: 0.9955
2026-04-09 22:42:09,211 - Epoch: 19, 91/274: VFL loss: 0.0143, total loss: 0.0586, anchor loss: 0.0632, VFL train accuracy: 0.9954
2026-04-09 22:42:09,500 - Epoch: 19, 101/274: VFL loss: 0.0138, total loss: 0.0581, anchor loss: 0.0633, VFL train accuracy: 0.9955
2026-04-09 22:42:09,788 - Epoch: 19, 111/274: VFL loss: 0.0142, total loss: 0.0584, anchor loss: 0.0631, VFL train accuracy: 0.9953
2026-04-09 22:42:10,121 - Epoch: 19, 121/274: VFL loss: 0.0141, total loss: 0.0582, anchor loss: 0.0631, VFL train accuracy: 0.9954
2026-04-09 22:42:10,527 - Epoch: 19, 131/274: VFL loss: 0.0145, total loss: 0.0586, anchor loss: 0.0630, VFL train accuracy: 0.9954
2026-04-09 22:42:10,814 - Epoch: 19, 141/274: VFL loss: 0.0144, total loss: 0.0585, anchor loss: 0.0629, VFL train accuracy: 0.9953
2026-04-09 22:42:11,130 - Epoch: 19, 151/274: VFL loss: 0.0149, total loss: 0.0590, anchor loss: 0.0629, VFL train accuracy: 0.9952
2026-04-09 22:42:11,411 - Epoch: 19, 161/274: VFL loss: 0.0151, total loss: 0.0591, anchor loss: 0.0629, VFL train accuracy: 0.9952
2026-04-09 22:42:11,709 - Epoch: 19, 171/274: VFL loss: 0.0155, total loss: 0.0595, anchor loss: 0.0628, VFL train accuracy: 0.9951
2026-04-09 22:42:11,997 - Epoch: 19, 181/274: VFL loss: 0.0163, total loss: 0.0603, anchor loss: 0.0629, VFL train accuracy: 0.9949
2026-04-09 22:42:12,272 - Epoch: 19, 191/274: VFL loss: 0.0167, total loss: 0.0608, anchor loss: 0.0630, VFL train accuracy: 0.9948
2026-04-09 22:42:12,604 - Epoch: 19, 201/274: VFL loss: 0.0167, total loss: 0.0608, anchor loss: 0.0630, VFL train accuracy: 0.9947
2026-04-09 22:42:12,918 - Epoch: 19, 211/274: VFL loss: 0.0172, total loss: 0.0612, anchor loss: 0.0630, VFL train accuracy: 0.9945
2026-04-09 22:42:13,233 - Epoch: 19, 221/274: VFL loss: 0.0172, total loss: 0.0613, anchor loss: 0.0629, VFL train accuracy: 0.9944
2026-04-09 22:42:13,530 - Epoch: 19, 231/274: VFL loss: 0.0172, total loss: 0.0613, anchor loss: 0.0629, VFL train accuracy: 0.9944
2026-04-09 22:42:13,828 - Epoch: 19, 241/274: VFL loss: 0.0173, total loss: 0.0613, anchor loss: 0.0630, VFL train accuracy: 0.9944
2026-04-09 22:42:14,101 - Epoch: 19, 251/274: VFL loss: 0.0174, total loss: 0.0615, anchor loss: 0.0630, VFL train accuracy: 0.9944
2026-04-09 22:42:14,433 - Epoch: 19, 261/274: VFL loss: 0.0174, total loss: 0.0616, anchor loss: 0.0631, VFL train accuracy: 0.9944
2026-04-09 22:42:14,763 - Epoch: 19, 271/274: VFL loss: 0.0177, total loss: 0.0618, anchor loss: 0.0630, VFL train accuracy: 0.9944
2026-04-09 22:42:14,866 - => Recorded Stage 2 client anchor losses for epoch 19 to './results/AVGuard/Fourclient/NUSWIDE/lambda_scan/noema_lambda_0.7\stage2_final_epoch_client_anchor_losses.json': {0: 0.034959, 1: 0.07495, 2: 0.062946, 3: 0.079176}
2026-04-09 22:42:14,868 - => Stage 2 EMA anchor update skipped at epoch 19 because momentum=1.0000 disables EMA; eligible classes per client {0: 5, 1: 5, 2: 5, 3: 5}
2026-04-09 22:42:14,868 - => Stage 2 Epoch 19 Training Summary: VFL loss: 0.0176, total loss: 0.0617, anchor loss: 0.0630, VFL train accuracy: 0.9944
2026-04-09 22:42:14,868 - => Test ASR...
2026-04-09 22:42:14,989 - =>Add Trigger to Test Data
2026-04-09 22:42:16,960 - Add Trigger to 37064 Bad Samples, 9629 Clean Samples (1.00)
2026-04-09 22:42:28,296 - => Test Epoch: 19, main task samples: 46693, attack samples: 46693, test loss: 0.9599, clean acc: 0.5870, Top-4: 0.9952, ASR: 0.4498, RAC: 0.4646, test target accuracy: 0.8768, stage3 final accuracy: 0.5870, stage3 final target accuracy: 0.5792, stage3 final asr: 0.4498, anchor loss: 0.0781
2026-04-09 22:42:28,296 - => Stage 3 Detection Summary: recall: 0.7234, precision: 0.0869, f1: 0.1551, false positive rate: 0.4430, correction rate: 0.4238
2026-04-09 22:42:28,298 - => Stage 3 Debug (clean): suspicious=20686/46693, correction_applied=20651, prediction_changed=20651, skipped_tied_vote=0, skipped_low_margin=0, skipped_other=35
2026-04-09 22:42:28,298 - => Stage 3 Debug (poison-valid): suspicious=21981/37064, correction_applied=21976, prediction_changed=21976, skipped_tied_vote=0, skipped_low_margin=0, skipped_other=5
2026-04-09 22:42:28,298 - => Stage 3 Debug (attack-success): suspicious=3706/5123, correction_applied=3702, prediction_changed=3702, corrected_to_true=2171
2026-04-09 22:42:28,337 - => End Epoch: 19, early stop epochs: 18, best epoch: 1, best clean acc: 0.5910, best Top-4: 0.9968, best ASR: 0.3811, best RAC: 0.5188, anchor loss: 0.0816
2026-04-09 22:42:28,337 - => Stage 3 Detection Summary: recall: 0.8060, precision: 0.1511, f1: 0.2545, false positive rate: 0.4260, correction rate: 0.5422
2026-04-09 22:42:28,367 - => LFBA current anchor-derived target label: 3
2026-04-09 22:42:28,457 - =>Add Trigger to Train Data
2026-04-09 22:42:28,677 - Add Trigger to 6996 Bad Samples, 62970 Clean Samples (0.10)
2026-04-09 22:42:28,680 - => Start Training for Injecting Backdoor...
2026-04-09 22:42:28,716 - Epoch: 20, 1/274: VFL loss: 0.0340, total loss: 0.0778, anchor loss: 0.0625, VFL train accuracy: 0.9961
2026-04-09 22:42:29,179 - Epoch: 20, 11/274: VFL loss: 0.0116, total loss: 0.0543, anchor loss: 0.0609, VFL train accuracy: 0.9964
2026-04-09 22:42:29,502 - Epoch: 20, 21/274: VFL loss: 0.0106, total loss: 0.0530, anchor loss: 0.0605, VFL train accuracy: 0.9970
2026-04-09 22:42:29,790 - Epoch: 20, 31/274: VFL loss: 0.0110, total loss: 0.0534, anchor loss: 0.0606, VFL train accuracy: 0.9968
2026-04-09 22:42:30,121 - Epoch: 20, 41/274: VFL loss: 0.0103, total loss: 0.0530, anchor loss: 0.0610, VFL train accuracy: 0.9966
2026-04-09 22:42:30,431 - Epoch: 20, 51/274: VFL loss: 0.0094, total loss: 0.0522, anchor loss: 0.0610, VFL train accuracy: 0.9969
2026-04-09 22:42:30,736 - Epoch: 20, 61/274: VFL loss: 0.0104, total loss: 0.0534, anchor loss: 0.0614, VFL train accuracy: 0.9965
2026-04-09 22:42:31,050 - Epoch: 20, 71/274: VFL loss: 0.0107, total loss: 0.0536, anchor loss: 0.0614, VFL train accuracy: 0.9963
2026-04-09 22:42:31,366 - Epoch: 20, 81/274: VFL loss: 0.0112, total loss: 0.0543, anchor loss: 0.0616, VFL train accuracy: 0.9961
2026-04-09 22:42:31,681 - Epoch: 20, 91/274: VFL loss: 0.0119, total loss: 0.0551, anchor loss: 0.0617, VFL train accuracy: 0.9961
2026-04-09 22:42:32,013 - Epoch: 20, 101/274: VFL loss: 0.0124, total loss: 0.0556, anchor loss: 0.0618, VFL train accuracy: 0.9961
2026-04-09 22:42:32,342 - Epoch: 20, 111/274: VFL loss: 0.0126, total loss: 0.0559, anchor loss: 0.0619, VFL train accuracy: 0.9959
2026-04-09 22:42:32,673 - Epoch: 20, 121/274: VFL loss: 0.0127, total loss: 0.0559, anchor loss: 0.0618, VFL train accuracy: 0.9959
2026-04-09 22:42:33,006 - Epoch: 20, 131/274: VFL loss: 0.0127, total loss: 0.0560, anchor loss: 0.0618, VFL train accuracy: 0.9959
2026-04-09 22:42:33,337 - Epoch: 20, 141/274: VFL loss: 0.0129, total loss: 0.0562, anchor loss: 0.0619, VFL train accuracy: 0.9957
2026-04-09 22:42:33,652 - Epoch: 20, 151/274: VFL loss: 0.0131, total loss: 0.0565, anchor loss: 0.0619, VFL train accuracy: 0.9956
2026-04-09 22:42:33,977 - Epoch: 20, 161/274: VFL loss: 0.0131, total loss: 0.0565, anchor loss: 0.0620, VFL train accuracy: 0.9955
2026-04-09 22:42:34,298 - Epoch: 20, 171/274: VFL loss: 0.0130, total loss: 0.0564, anchor loss: 0.0619, VFL train accuracy: 0.9955
2026-04-09 22:42:34,628 - Epoch: 20, 181/274: VFL loss: 0.0133, total loss: 0.0567, anchor loss: 0.0619, VFL train accuracy: 0.9954
2026-04-09 22:42:34,960 - Epoch: 20, 191/274: VFL loss: 0.0137, total loss: 0.0571, anchor loss: 0.0619, VFL train accuracy: 0.9953
2026-04-09 22:42:35,290 - Epoch: 20, 201/274: VFL loss: 0.0141, total loss: 0.0575, anchor loss: 0.0620, VFL train accuracy: 0.9952
2026-04-09 22:42:35,598 - Epoch: 20, 211/274: VFL loss: 0.0140, total loss: 0.0575, anchor loss: 0.0621, VFL train accuracy: 0.9952
2026-04-09 22:42:35,923 - Epoch: 20, 221/274: VFL loss: 0.0140, total loss: 0.0575, anchor loss: 0.0621, VFL train accuracy: 0.9953
2026-04-09 22:42:36,220 - Epoch: 20, 231/274: VFL loss: 0.0137, total loss: 0.0572, anchor loss: 0.0621, VFL train accuracy: 0.9954
2026-04-09 22:42:36,528 - Epoch: 20, 241/274: VFL loss: 0.0138, total loss: 0.0573, anchor loss: 0.0621, VFL train accuracy: 0.9953
2026-04-09 22:42:36,849 - Epoch: 20, 251/274: VFL loss: 0.0143, total loss: 0.0578, anchor loss: 0.0622, VFL train accuracy: 0.9952
2026-04-09 22:42:37,146 - Epoch: 20, 261/274: VFL loss: 0.0146, total loss: 0.0582, anchor loss: 0.0622, VFL train accuracy: 0.9952
2026-04-09 22:42:37,463 - Epoch: 20, 271/274: VFL loss: 0.0149, total loss: 0.0585, anchor loss: 0.0623, VFL train accuracy: 0.9952
2026-04-09 22:42:37,552 - => Recorded Stage 2 client anchor losses for epoch 20 to './results/AVGuard/Fourclient/NUSWIDE/lambda_scan/noema_lambda_0.7\stage2_final_epoch_client_anchor_losses.json': {0: 0.03345, 1: 0.074376, 2: 0.062782, 3: 0.078376}
2026-04-09 22:42:37,553 - => Stage 2 EMA anchor update skipped at epoch 20 because momentum=1.0000 disables EMA; eligible classes per client {0: 5, 1: 5, 2: 5, 3: 5}
2026-04-09 22:42:37,553 - => Stage 2 Epoch 20 Training Summary: VFL loss: 0.0150, total loss: 0.0586, anchor loss: 0.0622, VFL train accuracy: 0.9951
2026-04-09 22:42:37,554 - => Test ASR...
2026-04-09 22:42:37,670 - =>Add Trigger to Test Data
2026-04-09 22:42:39,544 - Add Trigger to 37064 Bad Samples, 9629 Clean Samples (1.00)
2026-04-09 22:42:51,041 - => Test Epoch: 20, main task samples: 46693, attack samples: 46693, test loss: 1.0374, clean acc: 0.5819, Top-4: 0.9941, ASR: 0.4374, RAC: 0.4708, test target accuracy: 0.8855, stage3 final accuracy: 0.5819, stage3 final target accuracy: 0.5481, stage3 final asr: 0.4374, anchor loss: 0.0790
2026-04-09 22:42:51,043 - => Stage 3 Detection Summary: recall: 0.7916, precision: 0.1210, f1: 0.2100, false positive rate: 0.4535, correction rate: 0.5019
2026-04-09 22:42:51,043 - => Stage 3 Debug (clean): suspicious=21174/46693, correction_applied=21137, prediction_changed=21137, skipped_tied_vote=0, skipped_low_margin=0, skipped_other=37
2026-04-09 22:42:51,043 - => Stage 3 Debug (poison-valid): suspicious=22581/37064, correction_applied=22575, prediction_changed=22575, skipped_tied_vote=0, skipped_low_margin=0, skipped_other=6
2026-04-09 22:42:51,043 - => Stage 3 Debug (attack-success): suspicious=5296/6690, correction_applied=5290, prediction_changed=5290, corrected_to_true=3358
2026-04-09 22:42:51,080 - => End Epoch: 20, early stop epochs: 19, best epoch: 1, best clean acc: 0.5910, best Top-4: 0.9968, best ASR: 0.3811, best RAC: 0.5188, anchor loss: 0.0816
2026-04-09 22:42:51,080 - => Stage 3 Detection Summary: recall: 0.8060, precision: 0.1511, f1: 0.2545, false positive rate: 0.4260, correction rate: 0.5422
2026-04-09 22:42:51,112 - => LFBA current anchor-derived target label: 3
2026-04-09 22:42:51,200 - =>Add Trigger to Train Data
2026-04-09 22:42:51,417 - Add Trigger to 6996 Bad Samples, 62970 Clean Samples (0.10)
2026-04-09 22:42:51,420 - => Start Training for Injecting Backdoor...
2026-04-09 22:42:51,455 - Epoch: 21, 1/274: VFL loss: 0.0132, total loss: 0.0569, anchor loss: 0.0624, VFL train accuracy: 0.9961
2026-04-09 22:42:51,930 - Epoch: 21, 11/274: VFL loss: 0.0105, total loss: 0.0551, anchor loss: 0.0638, VFL train accuracy: 0.9957
2026-04-09 22:42:52,261 - Epoch: 21, 21/274: VFL loss: 0.0130, total loss: 0.0573, anchor loss: 0.0632, VFL train accuracy: 0.9953
2026-04-09 22:42:52,592 - Epoch: 21, 31/274: VFL loss: 0.0116, total loss: 0.0555, anchor loss: 0.0628, VFL train accuracy: 0.9958
2026-04-09 22:42:52,892 - Epoch: 21, 41/274: VFL loss: 0.0111, total loss: 0.0550, anchor loss: 0.0628, VFL train accuracy: 0.9963
2026-04-09 22:42:53,210 - Epoch: 21, 51/274: VFL loss: 0.0103, total loss: 0.0542, anchor loss: 0.0627, VFL train accuracy: 0.9967
2026-04-09 22:42:53,520 - Epoch: 21, 61/274: VFL loss: 0.0094, total loss: 0.0529, anchor loss: 0.0621, VFL train accuracy: 0.9972
2026-04-09 22:42:53,837 - Epoch: 21, 71/274: VFL loss: 0.0087, total loss: 0.0521, anchor loss: 0.0620, VFL train accuracy: 0.9974
2026-04-09 22:42:54,149 - Epoch: 21, 81/274: VFL loss: 0.0084, total loss: 0.0519, anchor loss: 0.0622, VFL train accuracy: 0.9975
2026-04-09 22:42:54,480 - Epoch: 21, 91/274: VFL loss: 0.0080, total loss: 0.0515, anchor loss: 0.0622, VFL train accuracy: 0.9976
2026-04-09 22:42:54,778 - Epoch: 21, 101/274: VFL loss: 0.0076, total loss: 0.0510, anchor loss: 0.0621, VFL train accuracy: 0.9977
2026-04-09 22:42:55,099 - Epoch: 21, 111/274: VFL loss: 0.0074, total loss: 0.0508, anchor loss: 0.0620, VFL train accuracy: 0.9978
2026-04-09 22:42:55,397 - Epoch: 21, 121/274: VFL loss: 0.0074, total loss: 0.0508, anchor loss: 0.0620, VFL train accuracy: 0.9978
2026-04-09 22:42:55,707 - Epoch: 21, 131/274: VFL loss: 0.0072, total loss: 0.0506, anchor loss: 0.0620, VFL train accuracy: 0.9979
2026-04-09 22:42:56,026 - Epoch: 21, 141/274: VFL loss: 0.0072, total loss: 0.0505, anchor loss: 0.0620, VFL train accuracy: 0.9979
2026-04-09 22:42:56,354 - Epoch: 21, 151/274: VFL loss: 0.0069, total loss: 0.0502, anchor loss: 0.0619, VFL train accuracy: 0.9980
2026-04-09 22:42:56,685 - Epoch: 21, 161/274: VFL loss: 0.0067, total loss: 0.0499, anchor loss: 0.0617, VFL train accuracy: 0.9981
2026-04-09 22:42:56,999 - Epoch: 21, 171/274: VFL loss: 0.0068, total loss: 0.0500, anchor loss: 0.0617, VFL train accuracy: 0.9979
2026-04-09 22:42:57,314 - Epoch: 21, 181/274: VFL loss: 0.0068, total loss: 0.0499, anchor loss: 0.0616, VFL train accuracy: 0.9980
2026-04-09 22:42:57,629 - Epoch: 21, 191/274: VFL loss: 0.0066, total loss: 0.0496, anchor loss: 0.0615, VFL train accuracy: 0.9980
2026-04-09 22:42:57,944 - Epoch: 21, 201/274: VFL loss: 0.0064, total loss: 0.0495, anchor loss: 0.0615, VFL train accuracy: 0.9981
2026-04-09 22:42:58,275 - Epoch: 21, 211/274: VFL loss: 0.0064, total loss: 0.0494, anchor loss: 0.0614, VFL train accuracy: 0.9981
2026-04-09 22:42:58,590 - Epoch: 21, 221/274: VFL loss: 0.0063, total loss: 0.0493, anchor loss: 0.0613, VFL train accuracy: 0.9981
2026-04-09 22:42:58,908 - Epoch: 21, 231/274: VFL loss: 0.0062, total loss: 0.0491, anchor loss: 0.0613, VFL train accuracy: 0.9982
2026-04-09 22:42:59,236 - Epoch: 21, 241/274: VFL loss: 0.0062, total loss: 0.0490, anchor loss: 0.0612, VFL train accuracy: 0.9982
2026-04-09 22:42:59,551 - Epoch: 21, 251/274: VFL loss: 0.0061, total loss: 0.0490, anchor loss: 0.0612, VFL train accuracy: 0.9982
2026-04-09 22:42:59,881 - Epoch: 21, 261/274: VFL loss: 0.0061, total loss: 0.0489, anchor loss: 0.0611, VFL train accuracy: 0.9982
2026-04-09 22:43:00,213 - Epoch: 21, 271/274: VFL loss: 0.0060, total loss: 0.0487, anchor loss: 0.0611, VFL train accuracy: 0.9983
2026-04-09 22:43:00,315 - => Recorded Stage 2 client anchor losses for epoch 21 to './results/AVGuard/Fourclient/NUSWIDE/lambda_scan/noema_lambda_0.7\stage2_final_epoch_client_anchor_losses.json': {0: 0.031156, 1: 0.073699, 2: 0.061719, 3: 0.077779}
2026-04-09 22:43:00,316 - => Stage 2 EMA anchor update skipped at epoch 21 because momentum=1.0000 disables EMA; eligible classes per client {0: 5, 1: 5, 2: 5, 3: 5}
2026-04-09 22:43:00,316 - => Stage 2 Epoch 21 Training Summary: VFL loss: 0.0059, total loss: 0.0487, anchor loss: 0.0611, VFL train accuracy: 0.9983
2026-04-09 22:43:00,316 - => Test ASR...
2026-04-09 22:43:00,440 - =>Add Trigger to Test Data
2026-04-09 22:43:02,352 - Add Trigger to 37064 Bad Samples, 9629 Clean Samples (1.00)
2026-04-09 22:43:13,602 - => Test Epoch: 21, main task samples: 46693, attack samples: 46693, test loss: 0.9737, clean acc: 0.5947, Top-4: 0.9957, ASR: 0.4517, RAC: 0.4738, test target accuracy: 0.8822, stage3 final accuracy: 0.5947, stage3 final target accuracy: 0.5954, stage3 final asr: 0.4517, anchor loss: 0.0766
2026-04-09 22:43:13,602 - => Stage 3 Detection Summary: recall: 0.7381, precision: 0.0941, f1: 0.1669, false positive rate: 0.4351, correction rate: 0.4591
2026-04-09 22:43:13,602 - => Stage 3 Debug (clean): suspicious=20315/46693, correction_applied=20271, prediction_changed=20271, skipped_tied_vote=0, skipped_low_margin=0, skipped_other=44
2026-04-09 22:43:13,603 - => Stage 3 Debug (poison-valid): suspicious=22069/37064, correction_applied=22065, prediction_changed=22065, skipped_tied_vote=0, skipped_low_margin=0, skipped_other=4
2026-04-09 22:43:13,603 - => Stage 3 Debug (attack-success): suspicious=3987/5402, correction_applied=3984, prediction_changed=3984, corrected_to_true=2480
2026-04-09 22:43:13,643 - => End Epoch: 21, early stop epochs: 20, best epoch: 1, best clean acc: 0.5910, best Top-4: 0.9968, best ASR: 0.3811, best RAC: 0.5188, anchor loss: 0.0816
2026-04-09 22:43:13,643 - => Stage 3 Detection Summary: recall: 0.8060, precision: 0.1511, f1: 0.2545, false positive rate: 0.4260, correction rate: 0.5422
2026-04-09 22:43:13,671 - => LFBA current anchor-derived target label: 3
2026-04-09 22:43:13,760 - =>Add Trigger to Train Data
2026-04-09 22:43:13,984 - Add Trigger to 6996 Bad Samples, 62970 Clean Samples (0.10)
2026-04-09 22:43:13,987 - => Start Training for Injecting Backdoor...
2026-04-09 22:43:14,032 - Epoch: 22, 1/274: VFL loss: 0.0017, total loss: 0.0441, anchor loss: 0.0605, VFL train accuracy: 1.0000
2026-04-09 22:43:14,476 - Epoch: 22, 11/274: VFL loss: 0.0015, total loss: 0.0443, anchor loss: 0.0611, VFL train accuracy: 1.0000
2026-04-09 22:43:14,805 - Epoch: 22, 21/274: VFL loss: 0.0018, total loss: 0.0442, anchor loss: 0.0605, VFL train accuracy: 0.9998
2026-04-09 22:43:15,106 - Epoch: 22, 31/274: VFL loss: 0.0019, total loss: 0.0440, anchor loss: 0.0602, VFL train accuracy: 0.9997
2026-04-09 22:43:15,436 - Epoch: 22, 41/274: VFL loss: 0.0018, total loss: 0.0442, anchor loss: 0.0605, VFL train accuracy: 0.9998
2026-04-09 22:43:15,768 - Epoch: 22, 51/274: VFL loss: 0.0020, total loss: 0.0444, anchor loss: 0.0605, VFL train accuracy: 0.9998
2026-04-09 22:43:16,099 - Epoch: 22, 61/274: VFL loss: 0.0020, total loss: 0.0443, anchor loss: 0.0604, VFL train accuracy: 0.9997
2026-04-09 22:43:16,415 - Epoch: 22, 71/274: VFL loss: 0.0019, total loss: 0.0441, anchor loss: 0.0603, VFL train accuracy: 0.9998
2026-04-09 22:43:16,717 - Epoch: 22, 81/274: VFL loss: 0.0020, total loss: 0.0441, anchor loss: 0.0602, VFL train accuracy: 0.9998
2026-04-09 22:43:17,044 - Epoch: 22, 91/274: VFL loss: 0.0021, total loss: 0.0442, anchor loss: 0.0602, VFL train accuracy: 0.9997
2026-04-09 22:43:17,376 - Epoch: 22, 101/274: VFL loss: 0.0020, total loss: 0.0441, anchor loss: 0.0601, VFL train accuracy: 0.9997
2026-04-09 22:43:17,821 - Epoch: 22, 111/274: VFL loss: 0.0020, total loss: 0.0441, anchor loss: 0.0602, VFL train accuracy: 0.9998
2026-04-09 22:43:18,153 - Epoch: 22, 121/274: VFL loss: 0.0022, total loss: 0.0444, anchor loss: 0.0603, VFL train accuracy: 0.9997
2026-04-09 22:43:18,467 - Epoch: 22, 131/274: VFL loss: 0.0022, total loss: 0.0444, anchor loss: 0.0603, VFL train accuracy: 0.9997
2026-04-09 22:43:18,783 - Epoch: 22, 141/274: VFL loss: 0.0022, total loss: 0.0444, anchor loss: 0.0603, VFL train accuracy: 0.9997
2026-04-09 22:43:19,114 - Epoch: 22, 151/274: VFL loss: 0.0021, total loss: 0.0443, anchor loss: 0.0602, VFL train accuracy: 0.9997
2026-04-09 22:43:19,398 - Epoch: 22, 161/274: VFL loss: 0.0021, total loss: 0.0442, anchor loss: 0.0602, VFL train accuracy: 0.9997
2026-04-09 22:43:19,728 - Epoch: 22, 171/274: VFL loss: 0.0021, total loss: 0.0442, anchor loss: 0.0602, VFL train accuracy: 0.9997
2026-04-09 22:43:20,058 - Epoch: 22, 181/274: VFL loss: 0.0021, total loss: 0.0441, anchor loss: 0.0601, VFL train accuracy: 0.9997
2026-04-09 22:43:20,374 - Epoch: 22, 191/274: VFL loss: 0.0020, total loss: 0.0440, anchor loss: 0.0600, VFL train accuracy: 0.9997
2026-04-09 22:43:20,690 - Epoch: 22, 201/274: VFL loss: 0.0020, total loss: 0.0440, anchor loss: 0.0601, VFL train accuracy: 0.9997
2026-04-09 22:43:21,003 - Epoch: 22, 211/274: VFL loss: 0.0020, total loss: 0.0440, anchor loss: 0.0600, VFL train accuracy: 0.9997
2026-04-09 22:43:21,323 - Epoch: 22, 221/274: VFL loss: 0.0020, total loss: 0.0439, anchor loss: 0.0599, VFL train accuracy: 0.9997
2026-04-09 22:43:21,649 - Epoch: 22, 231/274: VFL loss: 0.0020, total loss: 0.0439, anchor loss: 0.0598, VFL train accuracy: 0.9997
2026-04-09 22:43:21,981 - Epoch: 22, 241/274: VFL loss: 0.0020, total loss: 0.0439, anchor loss: 0.0598, VFL train accuracy: 0.9997
2026-04-09 22:43:22,311 - Epoch: 22, 251/274: VFL loss: 0.0020, total loss: 0.0439, anchor loss: 0.0598, VFL train accuracy: 0.9997
2026-04-09 22:43:22,643 - Epoch: 22, 261/274: VFL loss: 0.0020, total loss: 0.0438, anchor loss: 0.0598, VFL train accuracy: 0.9997
2026-04-09 22:43:22,974 - Epoch: 22, 271/274: VFL loss: 0.0020, total loss: 0.0439, anchor loss: 0.0598, VFL train accuracy: 0.9997
2026-04-09 22:43:23,077 - => Recorded Stage 2 client anchor losses for epoch 22 to './results/AVGuard/Fourclient/NUSWIDE/lambda_scan/noema_lambda_0.7\stage2_final_epoch_client_anchor_losses.json': {0: 0.030149, 1: 0.07228, 2: 0.061113, 3: 0.075762}
2026-04-09 22:43:23,079 - => Stage 2 EMA anchor update skipped at epoch 22 because momentum=1.0000 disables EMA; eligible classes per client {0: 5, 1: 5, 2: 5, 3: 5}
2026-04-09 22:43:23,079 - => Stage 2 Epoch 22 Training Summary: VFL loss: 0.0020, total loss: 0.0439, anchor loss: 0.0598, VFL train accuracy: 0.9997
2026-04-09 22:43:23,079 - => Test ASR...
2026-04-09 22:43:23,203 - =>Add Trigger to Test Data
2026-04-09 22:43:25,069 - Add Trigger to 37064 Bad Samples, 9629 Clean Samples (1.00)
2026-04-09 22:43:36,335 - => Test Epoch: 22, main task samples: 46693, attack samples: 46693, test loss: 0.9981, clean acc: 0.5972, Top-4: 0.9957, ASR: 0.4526, RAC: 0.4747, test target accuracy: 0.8802, stage3 final accuracy: 0.5972, stage3 final target accuracy: 0.5980, stage3 final asr: 0.4526, anchor loss: 0.0761
2026-04-09 22:43:36,335 - => Stage 3 Detection Summary: recall: 0.7326, precision: 0.0909, f1: 0.1617, false positive rate: 0.4325, correction rate: 0.4583
2026-04-09 22:43:36,335 - => Stage 3 Debug (clean): suspicious=20197/46693, correction_applied=20147, prediction_changed=20147, skipped_tied_vote=0, skipped_low_margin=0, skipped_other=50
2026-04-09 22:43:36,335 - => Stage 3 Debug (poison-valid): suspicious=21981/37064, correction_applied=21979, prediction_changed=21979, skipped_tied_vote=0, skipped_low_margin=0, skipped_other=2
2026-04-09 22:43:36,335 - => Stage 3 Debug (attack-success): suspicious=3833/5232, correction_applied=3832, prediction_changed=3832, corrected_to_true=2398
2026-04-09 22:43:36,375 - => End Epoch: 22, early stop epochs: 21, best epoch: 1, best clean acc: 0.5910, best Top-4: 0.9968, best ASR: 0.3811, best RAC: 0.5188, anchor loss: 0.0816
2026-04-09 22:43:36,375 - => Stage 3 Detection Summary: recall: 0.8060, precision: 0.1511, f1: 0.2545, false positive rate: 0.4260, correction rate: 0.5422
2026-04-09 22:43:36,408 - => LFBA current anchor-derived target label: 3
2026-04-09 22:43:36,502 - =>Add Trigger to Train Data
2026-04-09 22:43:36,733 - Add Trigger to 6996 Bad Samples, 62970 Clean Samples (0.10)
2026-04-09 22:43:36,736 - => Start Training for Injecting Backdoor...
2026-04-09 22:43:36,785 - Epoch: 23, 1/274: VFL loss: 0.0008, total loss: 0.0403, anchor loss: 0.0565, VFL train accuracy: 1.0000
2026-04-09 22:43:37,263 - Epoch: 23, 11/274: VFL loss: 0.0011, total loss: 0.0427, anchor loss: 0.0594, VFL train accuracy: 1.0000
2026-04-09 22:43:37,581 - Epoch: 23, 21/274: VFL loss: 0.0011, total loss: 0.0423, anchor loss: 0.0588, VFL train accuracy: 0.9998
2026-04-09 22:43:37,891 - Epoch: 23, 31/274: VFL loss: 0.0012, total loss: 0.0426, anchor loss: 0.0590, VFL train accuracy: 0.9999
2026-04-09 22:43:38,207 - Epoch: 23, 41/274: VFL loss: 0.0012, total loss: 0.0427, anchor loss: 0.0594, VFL train accuracy: 0.9999
2026-04-09 22:43:38,503 - Epoch: 23, 51/274: VFL loss: 0.0012, total loss: 0.0429, anchor loss: 0.0596, VFL train accuracy: 0.9999
2026-04-09 22:43:38,818 - Epoch: 23, 61/274: VFL loss: 0.0013, total loss: 0.0432, anchor loss: 0.0598, VFL train accuracy: 0.9999
2026-04-09 22:43:39,132 - Epoch: 23, 71/274: VFL loss: 0.0014, total loss: 0.0432, anchor loss: 0.0597, VFL train accuracy: 0.9998
2026-04-09 22:43:39,448 - Epoch: 23, 81/274: VFL loss: 0.0013, total loss: 0.0431, anchor loss: 0.0597, VFL train accuracy: 0.9999
2026-04-09 22:43:39,760 - Epoch: 23, 91/274: VFL loss: 0.0013, total loss: 0.0431, anchor loss: 0.0596, VFL train accuracy: 0.9999
2026-04-09 22:43:40,059 - Epoch: 23, 101/274: VFL loss: 0.0013, total loss: 0.0431, anchor loss: 0.0597, VFL train accuracy: 0.9999
2026-04-09 22:43:40,336 - Epoch: 23, 111/274: VFL loss: 0.0014, total loss: 0.0432, anchor loss: 0.0597, VFL train accuracy: 0.9999
2026-04-09 22:43:40,607 - Epoch: 23, 121/274: VFL loss: 0.0014, total loss: 0.0431, anchor loss: 0.0597, VFL train accuracy: 0.9999
2026-04-09 22:43:40,887 - Epoch: 23, 131/274: VFL loss: 0.0013, total loss: 0.0431, anchor loss: 0.0596, VFL train accuracy: 0.9999
2026-04-09 22:43:41,169 - Epoch: 23, 141/274: VFL loss: 0.0013, total loss: 0.0430, anchor loss: 0.0596, VFL train accuracy: 0.9999
2026-04-09 22:43:41,451 - Epoch: 23, 151/274: VFL loss: 0.0014, total loss: 0.0431, anchor loss: 0.0596, VFL train accuracy: 0.9998
2026-04-09 22:43:41,733 - Epoch: 23, 161/274: VFL loss: 0.0014, total loss: 0.0431, anchor loss: 0.0596, VFL train accuracy: 0.9999
2026-04-09 22:43:42,031 - Epoch: 23, 171/274: VFL loss: 0.0014, total loss: 0.0431, anchor loss: 0.0597, VFL train accuracy: 0.9999
2026-04-09 22:43:42,291 - Epoch: 23, 181/274: VFL loss: 0.0014, total loss: 0.0431, anchor loss: 0.0597, VFL train accuracy: 0.9998
2026-04-09 22:43:42,545 - Epoch: 23, 191/274: VFL loss: 0.0014, total loss: 0.0431, anchor loss: 0.0597, VFL train accuracy: 0.9999
2026-04-09 22:43:42,810 - Epoch: 23, 201/274: VFL loss: 0.0014, total loss: 0.0431, anchor loss: 0.0597, VFL train accuracy: 0.9999
2026-04-09 22:43:43,128 - Epoch: 23, 211/274: VFL loss: 0.0014, total loss: 0.0432, anchor loss: 0.0597, VFL train accuracy: 0.9998
2026-04-09 22:43:43,439 - Epoch: 23, 221/274: VFL loss: 0.0014, total loss: 0.0432, anchor loss: 0.0596, VFL train accuracy: 0.9998
2026-04-09 22:43:43,755 - Epoch: 23, 231/274: VFL loss: 0.0014, total loss: 0.0432, anchor loss: 0.0596, VFL train accuracy: 0.9998
2026-04-09 22:43:44,058 - Epoch: 23, 241/274: VFL loss: 0.0014, total loss: 0.0432, anchor loss: 0.0596, VFL train accuracy: 0.9998
2026-04-09 22:43:44,370 - Epoch: 23, 251/274: VFL loss: 0.0014, total loss: 0.0432, anchor loss: 0.0597, VFL train accuracy: 0.9998
2026-04-09 22:43:44,683 - Epoch: 23, 261/274: VFL loss: 0.0014, total loss: 0.0431, anchor loss: 0.0596, VFL train accuracy: 0.9998
2026-04-09 22:43:44,951 - Epoch: 23, 271/274: VFL loss: 0.0014, total loss: 0.0431, anchor loss: 0.0596, VFL train accuracy: 0.9998
2026-04-09 22:43:45,050 - => Recorded Stage 2 client anchor losses for epoch 23 to './results/AVGuard/Fourclient/NUSWIDE/lambda_scan/noema_lambda_0.7\stage2_final_epoch_client_anchor_losses.json': {0: 0.029549, 1: 0.07171, 2: 0.060803, 3: 0.076139}
2026-04-09 22:43:45,051 - => Stage 2 EMA anchor update skipped at epoch 23 because momentum=1.0000 disables EMA; eligible classes per client {0: 5, 1: 5, 2: 5, 3: 5}
2026-04-09 22:43:45,052 - => Stage 2 Epoch 23 Training Summary: VFL loss: 0.0014, total loss: 0.0431, anchor loss: 0.0595, VFL train accuracy: 0.9998
2026-04-09 22:43:45,052 - => Test ASR...
2026-04-09 22:43:45,170 - =>Add Trigger to Test Data
2026-04-09 22:43:46,937 - Add Trigger to 37064 Bad Samples, 9629 Clean Samples (1.00)
2026-04-09 22:43:57,923 - => Test Epoch: 23, main task samples: 46693, attack samples: 46693, test loss: 1.0247, clean acc: 0.5985, Top-4: 0.9957, ASR: 0.4521, RAC: 0.4746, test target accuracy: 0.8788, stage3 final accuracy: 0.5985, stage3 final target accuracy: 0.5972, stage3 final asr: 0.4521, anchor loss: 0.0758
2026-04-09 22:43:57,923 - => Stage 3 Detection Summary: recall: 0.7271, precision: 0.0861, f1: 0.1539, false positive rate: 0.4311, correction rate: 0.4540
2026-04-09 22:43:57,923 - => Stage 3 Debug (clean): suspicious=20128/46693, correction_applied=20078, prediction_changed=20078, skipped_tied_vote=0, skipped_low_margin=0, skipped_other=50
2026-04-09 22:43:57,923 - => Stage 3 Debug (poison-valid): suspicious=21903/37064, correction_applied=21902, prediction_changed=21902, skipped_tied_vote=0, skipped_low_margin=0, skipped_other=1
2026-04-09 22:43:57,923 - => Stage 3 Debug (attack-success): suspicious=3618/4976, correction_applied=3617, prediction_changed=3617, corrected_to_true=2259
2026-04-09 22:43:57,960 - => End Epoch: 23, early stop epochs: 22, best epoch: 1, best clean acc: 0.5910, best Top-4: 0.9968, best ASR: 0.3811, best RAC: 0.5188, anchor loss: 0.0816
2026-04-09 22:43:57,961 - => Stage 3 Detection Summary: recall: 0.8060, precision: 0.1511, f1: 0.2545, false positive rate: 0.4260, correction rate: 0.5422
2026-04-09 22:43:57,989 - => LFBA current anchor-derived target label: 3
2026-04-09 22:43:58,080 - =>Add Trigger to Train Data
2026-04-09 22:43:58,304 - Add Trigger to 6996 Bad Samples, 62970 Clean Samples (0.10)
2026-04-09 22:43:58,309 - => Start Training for Injecting Backdoor...
2026-04-09 22:43:58,352 - Epoch: 24, 1/274: VFL loss: 0.0005, total loss: 0.0421, anchor loss: 0.0595, VFL train accuracy: 1.0000
2026-04-09 22:43:58,798 - Epoch: 24, 11/274: VFL loss: 0.0010, total loss: 0.0424, anchor loss: 0.0590, VFL train accuracy: 1.0000
2026-04-09 22:43:59,071 - Epoch: 24, 21/274: VFL loss: 0.0011, total loss: 0.0424, anchor loss: 0.0590, VFL train accuracy: 1.0000
2026-04-09 22:43:59,341 - Epoch: 24, 31/274: VFL loss: 0.0011, total loss: 0.0424, anchor loss: 0.0590, VFL train accuracy: 0.9999
2026-04-09 22:43:59,670 - Epoch: 24, 41/274: VFL loss: 0.0012, total loss: 0.0427, anchor loss: 0.0592, VFL train accuracy: 0.9998
2026-04-09 22:44:00,001 - Epoch: 24, 51/274: VFL loss: 0.0012, total loss: 0.0428, anchor loss: 0.0594, VFL train accuracy: 0.9998
2026-04-09 22:44:00,335 - Epoch: 24, 61/274: VFL loss: 0.0012, total loss: 0.0427, anchor loss: 0.0594, VFL train accuracy: 0.9999
2026-04-09 22:44:00,663 - Epoch: 24, 71/274: VFL loss: 0.0012, total loss: 0.0427, anchor loss: 0.0593, VFL train accuracy: 0.9998
2026-04-09 22:44:00,972 - Epoch: 24, 81/274: VFL loss: 0.0012, total loss: 0.0428, anchor loss: 0.0595, VFL train accuracy: 0.9999
2026-04-09 22:44:01,278 - Epoch: 24, 91/274: VFL loss: 0.0011, total loss: 0.0428, anchor loss: 0.0594, VFL train accuracy: 0.9999
2026-04-09 22:44:01,590 - Epoch: 24, 101/274: VFL loss: 0.0011, total loss: 0.0427, anchor loss: 0.0594, VFL train accuracy: 0.9999
2026-04-09 22:44:01,922 - Epoch: 24, 111/274: VFL loss: 0.0011, total loss: 0.0427, anchor loss: 0.0594, VFL train accuracy: 0.9999
2026-04-09 22:44:02,254 - Epoch: 24, 121/274: VFL loss: 0.0010, total loss: 0.0426, anchor loss: 0.0594, VFL train accuracy: 0.9999
2026-04-09 22:44:02,584 - Epoch: 24, 131/274: VFL loss: 0.0011, total loss: 0.0425, anchor loss: 0.0592, VFL train accuracy: 0.9999
2026-04-09 22:44:02,884 - Epoch: 24, 141/274: VFL loss: 0.0011, total loss: 0.0425, anchor loss: 0.0592, VFL train accuracy: 0.9999
2026-04-09 22:44:03,181 - Epoch: 24, 151/274: VFL loss: 0.0010, total loss: 0.0425, anchor loss: 0.0592, VFL train accuracy: 0.9999
2026-04-09 22:44:03,448 - Epoch: 24, 161/274: VFL loss: 0.0010, total loss: 0.0424, anchor loss: 0.0591, VFL train accuracy: 0.9999
2026-04-09 22:44:03,746 - Epoch: 24, 171/274: VFL loss: 0.0011, total loss: 0.0425, anchor loss: 0.0591, VFL train accuracy: 0.9999
2026-04-09 22:44:04,043 - Epoch: 24, 181/274: VFL loss: 0.0011, total loss: 0.0425, anchor loss: 0.0592, VFL train accuracy: 0.9999
2026-04-09 22:44:04,325 - Epoch: 24, 191/274: VFL loss: 0.0011, total loss: 0.0425, anchor loss: 0.0592, VFL train accuracy: 0.9999
2026-04-09 22:44:04,623 - Epoch: 24, 201/274: VFL loss: 0.0011, total loss: 0.0425, anchor loss: 0.0592, VFL train accuracy: 0.9999
2026-04-09 22:44:04,937 - Epoch: 24, 211/274: VFL loss: 0.0011, total loss: 0.0425, anchor loss: 0.0591, VFL train accuracy: 0.9999
2026-04-09 22:44:05,236 - Epoch: 24, 221/274: VFL loss: 0.0011, total loss: 0.0424, anchor loss: 0.0590, VFL train accuracy: 0.9999
2026-04-09 22:44:05,566 - Epoch: 24, 231/274: VFL loss: 0.0011, total loss: 0.0424, anchor loss: 0.0590, VFL train accuracy: 0.9999
2026-04-09 22:44:05,866 - Epoch: 24, 241/274: VFL loss: 0.0011, total loss: 0.0424, anchor loss: 0.0590, VFL train accuracy: 0.9999
2026-04-09 22:44:06,141 - Epoch: 24, 251/274: VFL loss: 0.0011, total loss: 0.0424, anchor loss: 0.0590, VFL train accuracy: 0.9999
2026-04-09 22:44:06,461 - Epoch: 24, 261/274: VFL loss: 0.0011, total loss: 0.0424, anchor loss: 0.0590, VFL train accuracy: 0.9999
2026-04-09 22:44:06,786 - Epoch: 24, 271/274: VFL loss: 0.0011, total loss: 0.0424, anchor loss: 0.0590, VFL train accuracy: 0.9999
2026-04-09 22:44:06,897 - => Recorded Stage 2 client anchor losses for epoch 24 to './results/AVGuard/Fourclient/NUSWIDE/lambda_scan/noema_lambda_0.7\stage2_final_epoch_client_anchor_losses.json': {0: 0.028985, 1: 0.071251, 2: 0.060582, 3: 0.074984}
2026-04-09 22:44:06,899 - => Stage 2 EMA anchor update skipped at epoch 24 because momentum=1.0000 disables EMA; eligible classes per client {0: 5, 1: 5, 2: 5, 3: 5}
2026-04-09 22:44:06,899 - => Stage 2 Epoch 24 Training Summary: VFL loss: 0.0011, total loss: 0.0424, anchor loss: 0.0590, VFL train accuracy: 0.9999
2026-04-09 22:44:06,899 - => Test ASR...
2026-04-09 22:44:07,023 - =>Add Trigger to Test Data
2026-04-09 22:44:08,895 - Add Trigger to 37064 Bad Samples, 9629 Clean Samples (1.00)
2026-04-09 22:44:19,678 - => Test Epoch: 24, main task samples: 46693, attack samples: 46693, test loss: 1.0533, clean acc: 0.5995, Top-4: 0.9957, ASR: 0.4521, RAC: 0.4747, test target accuracy: 0.8795, stage3 final accuracy: 0.5995, stage3 final target accuracy: 0.6010, stage3 final asr: 0.4521, anchor loss: 0.0755
2026-04-09 22:44:19,678 - => Stage 3 Detection Summary: recall: 0.7188, precision: 0.0825, f1: 0.1481, false positive rate: 0.4290, correction rate: 0.4447
2026-04-09 22:44:19,678 - => Stage 3 Debug (clean): suspicious=20033/46693, correction_applied=19990, prediction_changed=19990, skipped_tied_vote=0, skipped_low_margin=0, skipped_other=43
2026-04-09 22:44:19,678 - => Stage 3 Debug (poison-valid): suspicious=21811/37064, correction_applied=21809, prediction_changed=21809, skipped_tied_vote=0, skipped_low_margin=0, skipped_other=2
2026-04-09 22:44:19,678 - => Stage 3 Debug (attack-success): suspicious=3454/4805, correction_applied=3452, prediction_changed=3452, corrected_to_true=2137
2026-04-09 22:44:19,716 - => End Epoch: 24, early stop epochs: 23, best epoch: 1, best clean acc: 0.5910, best Top-4: 0.9968, best ASR: 0.3811, best RAC: 0.5188, anchor loss: 0.0816
2026-04-09 22:44:19,716 - => Stage 3 Detection Summary: recall: 0.8060, precision: 0.1511, f1: 0.2545, false positive rate: 0.4260, correction rate: 0.5422
2026-04-09 22:44:19,753 - => LFBA current anchor-derived target label: 3
2026-04-09 22:44:19,850 - =>Add Trigger to Train Data
2026-04-09 22:44:20,070 - Add Trigger to 6996 Bad Samples, 62970 Clean Samples (0.10)
2026-04-09 22:44:20,073 - => Start Training for Injecting Backdoor...
2026-04-09 22:44:20,119 - Epoch: 25, 1/274: VFL loss: 0.0009, total loss: 0.0418, anchor loss: 0.0584, VFL train accuracy: 1.0000
2026-04-09 22:44:20,562 - Epoch: 25, 11/274: VFL loss: 0.0008, total loss: 0.0420, anchor loss: 0.0589, VFL train accuracy: 1.0000
2026-04-09 22:44:20,861 - Epoch: 25, 21/274: VFL loss: 0.0007, total loss: 0.0422, anchor loss: 0.0593, VFL train accuracy: 1.0000
2026-04-09 22:44:21,177 - Epoch: 25, 31/274: VFL loss: 0.0008, total loss: 0.0425, anchor loss: 0.0596, VFL train accuracy: 1.0000
2026-04-09 22:44:21,486 - Epoch: 25, 41/274: VFL loss: 0.0007, total loss: 0.0423, anchor loss: 0.0593, VFL train accuracy: 1.0000
2026-04-09 22:44:21,776 - Epoch: 25, 51/274: VFL loss: 0.0008, total loss: 0.0424, anchor loss: 0.0594, VFL train accuracy: 0.9999
2026-04-09 22:44:22,072 - Epoch: 25, 61/274: VFL loss: 0.0008, total loss: 0.0424, anchor loss: 0.0594, VFL train accuracy: 0.9999
2026-04-09 22:44:22,369 - Epoch: 25, 71/274: VFL loss: 0.0008, total loss: 0.0423, anchor loss: 0.0593, VFL train accuracy: 0.9999
2026-04-09 22:44:22,688 - Epoch: 25, 81/274: VFL loss: 0.0008, total loss: 0.0423, anchor loss: 0.0592, VFL train accuracy: 1.0000
2026-04-09 22:44:22,976 - Epoch: 25, 91/274: VFL loss: 0.0009, total loss: 0.0423, anchor loss: 0.0592, VFL train accuracy: 0.9999
2026-04-09 22:44:23,406 - Epoch: 25, 101/274: VFL loss: 0.0009, total loss: 0.0423, anchor loss: 0.0591, VFL train accuracy: 0.9999
2026-04-09 22:44:23,704 - Epoch: 25, 111/274: VFL loss: 0.0009, total loss: 0.0423, anchor loss: 0.0592, VFL train accuracy: 0.9999
2026-04-09 22:44:24,037 - Epoch: 25, 121/274: VFL loss: 0.0009, total loss: 0.0423, anchor loss: 0.0592, VFL train accuracy: 0.9999
2026-04-09 22:44:24,352 - Epoch: 25, 131/274: VFL loss: 0.0009, total loss: 0.0422, anchor loss: 0.0591, VFL train accuracy: 0.9999
2026-04-09 22:44:24,665 - Epoch: 25, 141/274: VFL loss: 0.0009, total loss: 0.0422, anchor loss: 0.0591, VFL train accuracy: 0.9999
2026-04-09 22:44:24,964 - Epoch: 25, 151/274: VFL loss: 0.0009, total loss: 0.0422, anchor loss: 0.0591, VFL train accuracy: 0.9999
2026-04-09 22:44:25,262 - Epoch: 25, 161/274: VFL loss: 0.0009, total loss: 0.0422, anchor loss: 0.0590, VFL train accuracy: 1.0000
2026-04-09 22:44:25,577 - Epoch: 25, 171/274: VFL loss: 0.0009, total loss: 0.0422, anchor loss: 0.0590, VFL train accuracy: 0.9999
2026-04-09 22:44:25,892 - Epoch: 25, 181/274: VFL loss: 0.0009, total loss: 0.0422, anchor loss: 0.0590, VFL train accuracy: 0.9999
2026-04-09 22:44:26,224 - Epoch: 25, 191/274: VFL loss: 0.0009, total loss: 0.0421, anchor loss: 0.0589, VFL train accuracy: 0.9999
2026-04-09 22:44:26,522 - Epoch: 25, 201/274: VFL loss: 0.0009, total loss: 0.0421, anchor loss: 0.0589, VFL train accuracy: 0.9999
2026-04-09 22:44:26,819 - Epoch: 25, 211/274: VFL loss: 0.0009, total loss: 0.0421, anchor loss: 0.0589, VFL train accuracy: 0.9999
2026-04-09 22:44:27,151 - Epoch: 25, 221/274: VFL loss: 0.0009, total loss: 0.0420, anchor loss: 0.0588, VFL train accuracy: 0.9999
2026-04-09 22:44:27,450 - Epoch: 25, 231/274: VFL loss: 0.0009, total loss: 0.0420, anchor loss: 0.0588, VFL train accuracy: 0.9999
2026-04-09 22:44:27,746 - Epoch: 25, 241/274: VFL loss: 0.0009, total loss: 0.0421, anchor loss: 0.0588, VFL train accuracy: 0.9999
2026-04-09 22:44:28,066 - Epoch: 25, 251/274: VFL loss: 0.0009, total loss: 0.0420, anchor loss: 0.0588, VFL train accuracy: 0.9999
2026-04-09 22:44:28,376 - Epoch: 25, 261/274: VFL loss: 0.0009, total loss: 0.0420, anchor loss: 0.0588, VFL train accuracy: 0.9999
2026-04-09 22:44:28,694 - Epoch: 25, 271/274: VFL loss: 0.0009, total loss: 0.0420, anchor loss: 0.0588, VFL train accuracy: 0.9999
2026-04-09 22:44:28,795 - => Recorded Stage 2 client anchor losses for epoch 25 to './results/AVGuard/Fourclient/NUSWIDE/lambda_scan/noema_lambda_0.7\stage2_final_epoch_client_anchor_losses.json': {0: 0.028447, 1: 0.070802, 2: 0.060365, 3: 0.075452}
2026-04-09 22:44:28,798 - => Stage 2 EMA anchor update skipped at epoch 25 because momentum=1.0000 disables EMA; eligible classes per client {0: 5, 1: 5, 2: 5, 3: 5}
2026-04-09 22:44:28,798 - => Stage 2 Epoch 25 Training Summary: VFL loss: 0.0009, total loss: 0.0420, anchor loss: 0.0588, VFL train accuracy: 0.9999
2026-04-09 22:44:28,798 - => Test ASR...
2026-04-09 22:44:28,921 - =>Add Trigger to Test Data
2026-04-09 22:44:30,801 - Add Trigger to 37064 Bad Samples, 9629 Clean Samples (1.00)
2026-04-09 22:44:41,525 - => Test Epoch: 25, main task samples: 46693, attack samples: 46693, test loss: 1.0763, clean acc: 0.6010, Top-4: 0.9958, ASR: 0.4517, RAC: 0.4755, test target accuracy: 0.8795, stage3 final accuracy: 0.6010, stage3 final target accuracy: 0.5977, stage3 final asr: 0.4517, anchor loss: 0.0752
2026-04-09 22:44:41,526 - => Stage 3 Detection Summary: recall: 0.7209, precision: 0.0823, f1: 0.1477, false positive rate: 0.4278, correction rate: 0.4423
2026-04-09 22:44:41,526 - => Stage 3 Debug (clean): suspicious=19977/46693, correction_applied=19936, prediction_changed=19936, skipped_tied_vote=0, skipped_low_margin=0, skipped_other=41
2026-04-09 22:44:41,526 - => Stage 3 Debug (poison-valid): suspicious=21735/37064, correction_applied=21731, prediction_changed=21731, skipped_tied_vote=0, skipped_low_margin=0, skipped_other=4
2026-04-09 22:44:41,526 - => Stage 3 Debug (attack-success): suspicious=3432/4761, correction_applied=3428, prediction_changed=3428, corrected_to_true=2106
2026-04-09 22:44:41,565 - => End Epoch: 25, early stop epochs: 24, best epoch: 1, best clean acc: 0.5910, best Top-4: 0.9968, best ASR: 0.3811, best RAC: 0.5188, anchor loss: 0.0816
2026-04-09 22:44:41,565 - => Stage 3 Detection Summary: recall: 0.8060, precision: 0.1511, f1: 0.2545, false positive rate: 0.4260, correction rate: 0.5422
2026-04-09 22:44:41,596 - => LFBA current anchor-derived target label: 3
2026-04-09 22:44:41,684 - =>Add Trigger to Train Data
2026-04-09 22:44:41,905 - Add Trigger to 6996 Bad Samples, 62970 Clean Samples (0.10)
2026-04-09 22:44:41,909 - => Start Training for Injecting Backdoor...
2026-04-09 22:44:41,953 - Epoch: 26, 1/274: VFL loss: 0.0007, total loss: 0.0441, anchor loss: 0.0620, VFL train accuracy: 1.0000
2026-04-09 22:44:42,383 - Epoch: 26, 11/274: VFL loss: 0.0004, total loss: 0.0413, anchor loss: 0.0583, VFL train accuracy: 1.0000
2026-04-09 22:44:42,697 - Epoch: 26, 21/274: VFL loss: 0.0005, total loss: 0.0415, anchor loss: 0.0585, VFL train accuracy: 1.0000
2026-04-09 22:44:43,013 - Epoch: 26, 31/274: VFL loss: 0.0006, total loss: 0.0415, anchor loss: 0.0585, VFL train accuracy: 1.0000
2026-04-09 22:44:43,311 - Epoch: 26, 41/274: VFL loss: 0.0006, total loss: 0.0415, anchor loss: 0.0585, VFL train accuracy: 1.0000
2026-04-09 22:44:43,627 - Epoch: 26, 51/274: VFL loss: 0.0005, total loss: 0.0415, anchor loss: 0.0585, VFL train accuracy: 1.0000
2026-04-09 22:44:43,947 - Epoch: 26, 61/274: VFL loss: 0.0006, total loss: 0.0415, anchor loss: 0.0585, VFL train accuracy: 1.0000
2026-04-09 22:44:44,275 - Epoch: 26, 71/274: VFL loss: 0.0006, total loss: 0.0415, anchor loss: 0.0585, VFL train accuracy: 1.0000
2026-04-09 22:44:44,605 - Epoch: 26, 81/274: VFL loss: 0.0006, total loss: 0.0417, anchor loss: 0.0586, VFL train accuracy: 1.0000
2026-04-09 22:44:44,937 - Epoch: 26, 91/274: VFL loss: 0.0006, total loss: 0.0417, anchor loss: 0.0587, VFL train accuracy: 1.0000
2026-04-09 22:44:45,266 - Epoch: 26, 101/274: VFL loss: 0.0007, total loss: 0.0416, anchor loss: 0.0585, VFL train accuracy: 1.0000
2026-04-09 22:44:45,583 - Epoch: 26, 111/274: VFL loss: 0.0008, total loss: 0.0418, anchor loss: 0.0585, VFL train accuracy: 1.0000
2026-04-09 22:44:45,914 - Epoch: 26, 121/274: VFL loss: 0.0008, total loss: 0.0417, anchor loss: 0.0584, VFL train accuracy: 1.0000
2026-04-09 22:44:46,245 - Epoch: 26, 131/274: VFL loss: 0.0008, total loss: 0.0417, anchor loss: 0.0584, VFL train accuracy: 1.0000
2026-04-09 22:44:46,576 - Epoch: 26, 141/274: VFL loss: 0.0008, total loss: 0.0417, anchor loss: 0.0584, VFL train accuracy: 1.0000
2026-04-09 22:44:46,891 - Epoch: 26, 151/274: VFL loss: 0.0008, total loss: 0.0417, anchor loss: 0.0585, VFL train accuracy: 1.0000
2026-04-09 22:44:47,222 - Epoch: 26, 161/274: VFL loss: 0.0008, total loss: 0.0417, anchor loss: 0.0585, VFL train accuracy: 1.0000
2026-04-09 22:44:47,553 - Epoch: 26, 171/274: VFL loss: 0.0008, total loss: 0.0417, anchor loss: 0.0585, VFL train accuracy: 1.0000
2026-04-09 22:44:47,886 - Epoch: 26, 181/274: VFL loss: 0.0008, total loss: 0.0416, anchor loss: 0.0584, VFL train accuracy: 1.0000
2026-04-09 22:44:48,200 - Epoch: 26, 191/274: VFL loss: 0.0008, total loss: 0.0416, anchor loss: 0.0583, VFL train accuracy: 1.0000
2026-04-09 22:44:48,522 - Epoch: 26, 201/274: VFL loss: 0.0008, total loss: 0.0415, anchor loss: 0.0582, VFL train accuracy: 1.0000
2026-04-09 22:44:48,799 - Epoch: 26, 211/274: VFL loss: 0.0007, total loss: 0.0415, anchor loss: 0.0582, VFL train accuracy: 1.0000
2026-04-09 22:44:49,108 - Epoch: 26, 221/274: VFL loss: 0.0007, total loss: 0.0415, anchor loss: 0.0582, VFL train accuracy: 1.0000
2026-04-09 22:44:49,373 - Epoch: 26, 231/274: VFL loss: 0.0007, total loss: 0.0415, anchor loss: 0.0582, VFL train accuracy: 1.0000
2026-04-09 22:44:49,660 - Epoch: 26, 241/274: VFL loss: 0.0007, total loss: 0.0415, anchor loss: 0.0582, VFL train accuracy: 1.0000
2026-04-09 22:44:50,005 - Epoch: 26, 251/274: VFL loss: 0.0007, total loss: 0.0415, anchor loss: 0.0582, VFL train accuracy: 1.0000
2026-04-09 22:44:50,337 - Epoch: 26, 261/274: VFL loss: 0.0007, total loss: 0.0415, anchor loss: 0.0582, VFL train accuracy: 1.0000
2026-04-09 22:44:50,660 - Epoch: 26, 271/274: VFL loss: 0.0007, total loss: 0.0415, anchor loss: 0.0582, VFL train accuracy: 1.0000
2026-04-09 22:44:50,752 - => Recorded Stage 2 client anchor losses for epoch 26 to './results/AVGuard/Fourclient/NUSWIDE/lambda_scan/noema_lambda_0.7\stage2_final_epoch_client_anchor_losses.json': {0: 0.027907, 1: 0.070374, 2: 0.060168, 3: 0.074471}
2026-04-09 22:44:50,753 - => Stage 2 EMA anchor update skipped at epoch 26 because momentum=1.0000 disables EMA; eligible classes per client {0: 5, 1: 5, 2: 5, 3: 5}
2026-04-09 22:44:50,754 - => Stage 2 Epoch 26 Training Summary: VFL loss: 0.0007, total loss: 0.0415, anchor loss: 0.0582, VFL train accuracy: 1.0000
2026-04-09 22:44:50,754 - => Test ASR...
2026-04-09 22:44:50,870 - =>Add Trigger to Test Data
2026-04-09 22:44:52,788 - Add Trigger to 37064 Bad Samples, 9629 Clean Samples (1.00)
2026-04-09 22:45:04,171 - => Test Epoch: 26, main task samples: 46693, attack samples: 46693, test loss: 1.1011, clean acc: 0.6023, Top-4: 0.9958, ASR: 0.4505, RAC: 0.4784, test target accuracy: 0.8808, stage3 final accuracy: 0.6023, stage3 final target accuracy: 0.6050, stage3 final asr: 0.4505, anchor loss: 0.0749
2026-04-09 22:45:04,172 - => Stage 3 Detection Summary: recall: 0.7169, precision: 0.0832, f1: 0.1491, false positive rate: 0.4262, correction rate: 0.4421
2026-04-09 22:45:04,173 - => Stage 3 Debug (clean): suspicious=19899/46693, correction_applied=19864, prediction_changed=19864, skipped_tied_vote=0, skipped_low_margin=0, skipped_other=35
2026-04-09 22:45:04,173 - => Stage 3 Debug (poison-valid): suspicious=21661/37064, correction_applied=21658, prediction_changed=21658, skipped_tied_vote=0, skipped_low_margin=0, skipped_other=3
2026-04-09 22:45:04,173 - => Stage 3 Debug (attack-success): suspicious=3459/4825, correction_applied=3457, prediction_changed=3457, corrected_to_true=2133
2026-04-09 22:45:04,211 - => End Epoch: 26, early stop epochs: 25, best epoch: 1, best clean acc: 0.5910, best Top-4: 0.9968, best ASR: 0.3811, best RAC: 0.5188, anchor loss: 0.0816
2026-04-09 22:45:04,211 - => Stage 3 Detection Summary: recall: 0.8060, precision: 0.1511, f1: 0.2545, false positive rate: 0.4260, correction rate: 0.5422
2026-04-09 22:45:04,247 - => LFBA current anchor-derived target label: 3
2026-04-09 22:45:04,340 - =>Add Trigger to Train Data
2026-04-09 22:45:04,591 - Add Trigger to 6996 Bad Samples, 62970 Clean Samples (0.10)
2026-04-09 22:45:04,595 - => Start Training for Injecting Backdoor...
2026-04-09 22:45:04,633 - Epoch: 27, 1/274: VFL loss: 0.0005, total loss: 0.0425, anchor loss: 0.0600, VFL train accuracy: 1.0000
2026-04-09 22:45:05,114 - Epoch: 27, 11/274: VFL loss: 0.0005, total loss: 0.0414, anchor loss: 0.0584, VFL train accuracy: 1.0000
2026-04-09 22:45:05,434 - Epoch: 27, 21/274: VFL loss: 0.0006, total loss: 0.0418, anchor loss: 0.0589, VFL train accuracy: 1.0000
2026-04-09 22:45:05,766 - Epoch: 27, 31/274: VFL loss: 0.0006, total loss: 0.0412, anchor loss: 0.0580, VFL train accuracy: 1.0000
2026-04-09 22:45:06,097 - Epoch: 27, 41/274: VFL loss: 0.0006, total loss: 0.0412, anchor loss: 0.0580, VFL train accuracy: 1.0000
2026-04-09 22:45:06,429 - Epoch: 27, 51/274: VFL loss: 0.0006, total loss: 0.0417, anchor loss: 0.0586, VFL train accuracy: 1.0000
2026-04-09 22:45:06,760 - Epoch: 27, 61/274: VFL loss: 0.0006, total loss: 0.0416, anchor loss: 0.0586, VFL train accuracy: 1.0000
2026-04-09 22:45:07,090 - Epoch: 27, 71/274: VFL loss: 0.0006, total loss: 0.0415, anchor loss: 0.0585, VFL train accuracy: 1.0000
2026-04-09 22:45:07,421 - Epoch: 27, 81/274: VFL loss: 0.0006, total loss: 0.0414, anchor loss: 0.0584, VFL train accuracy: 1.0000
2026-04-09 22:45:07,738 - Epoch: 27, 91/274: VFL loss: 0.0006, total loss: 0.0414, anchor loss: 0.0583, VFL train accuracy: 1.0000
2026-04-09 22:45:08,084 - Epoch: 27, 101/274: VFL loss: 0.0006, total loss: 0.0412, anchor loss: 0.0581, VFL train accuracy: 1.0000
2026-04-09 22:45:08,383 - Epoch: 27, 111/274: VFL loss: 0.0006, total loss: 0.0412, anchor loss: 0.0580, VFL train accuracy: 1.0000
2026-04-09 22:45:08,700 - Epoch: 27, 121/274: VFL loss: 0.0006, total loss: 0.0411, anchor loss: 0.0580, VFL train accuracy: 1.0000
2026-04-09 22:45:09,031 - Epoch: 27, 131/274: VFL loss: 0.0006, total loss: 0.0411, anchor loss: 0.0579, VFL train accuracy: 1.0000
2026-04-09 22:45:09,354 - Epoch: 27, 141/274: VFL loss: 0.0006, total loss: 0.0411, anchor loss: 0.0580, VFL train accuracy: 1.0000
2026-04-09 22:45:09,674 - Epoch: 27, 151/274: VFL loss: 0.0006, total loss: 0.0411, anchor loss: 0.0580, VFL train accuracy: 1.0000
2026-04-09 22:45:10,006 - Epoch: 27, 161/274: VFL loss: 0.0007, total loss: 0.0414, anchor loss: 0.0581, VFL train accuracy: 1.0000
2026-04-09 22:45:10,339 - Epoch: 27, 171/274: VFL loss: 0.0007, total loss: 0.0414, anchor loss: 0.0580, VFL train accuracy: 1.0000
2026-04-09 22:45:10,655 - Epoch: 27, 181/274: VFL loss: 0.0007, total loss: 0.0414, anchor loss: 0.0580, VFL train accuracy: 1.0000
2026-04-09 22:45:10,968 - Epoch: 27, 191/274: VFL loss: 0.0007, total loss: 0.0413, anchor loss: 0.0580, VFL train accuracy: 1.0000
2026-04-09 22:45:11,300 - Epoch: 27, 201/274: VFL loss: 0.0007, total loss: 0.0414, anchor loss: 0.0580, VFL train accuracy: 1.0000
2026-04-09 22:45:11,630 - Epoch: 27, 211/274: VFL loss: 0.0007, total loss: 0.0414, anchor loss: 0.0581, VFL train accuracy: 1.0000
2026-04-09 22:45:11,962 - Epoch: 27, 221/274: VFL loss: 0.0007, total loss: 0.0414, anchor loss: 0.0581, VFL train accuracy: 1.0000
2026-04-09 22:45:12,293 - Epoch: 27, 231/274: VFL loss: 0.0007, total loss: 0.0414, anchor loss: 0.0580, VFL train accuracy: 1.0000
2026-04-09 22:45:12,609 - Epoch: 27, 241/274: VFL loss: 0.0007, total loss: 0.0414, anchor loss: 0.0580, VFL train accuracy: 1.0000
2026-04-09 22:45:12,941 - Epoch: 27, 251/274: VFL loss: 0.0007, total loss: 0.0414, anchor loss: 0.0580, VFL train accuracy: 1.0000
2026-04-09 22:45:13,254 - Epoch: 27, 261/274: VFL loss: 0.0007, total loss: 0.0414, anchor loss: 0.0580, VFL train accuracy: 1.0000
2026-04-09 22:45:13,584 - Epoch: 27, 271/274: VFL loss: 0.0007, total loss: 0.0414, anchor loss: 0.0581, VFL train accuracy: 1.0000
2026-04-09 22:45:13,689 - => Recorded Stage 2 client anchor losses for epoch 27 to './results/AVGuard/Fourclient/NUSWIDE/lambda_scan/noema_lambda_0.7\stage2_final_epoch_client_anchor_losses.json': {0: 0.027362, 1: 0.06997, 2: 0.059985, 3: 0.074976}
2026-04-09 22:45:13,690 - => Stage 2 EMA anchor update skipped at epoch 27 because momentum=1.0000 disables EMA; eligible classes per client {0: 5, 1: 5, 2: 5, 3: 5}
2026-04-09 22:45:13,690 - => Stage 2 Epoch 27 Training Summary: VFL loss: 0.0007, total loss: 0.0414, anchor loss: 0.0581, VFL train accuracy: 1.0000
2026-04-09 22:45:13,691 - => Test ASR...
2026-04-09 22:45:13,808 - =>Add Trigger to Test Data
2026-04-09 22:45:15,704 - Add Trigger to 37064 Bad Samples, 9629 Clean Samples (1.00)
2026-04-09 22:45:25,851 - => Test Epoch: 27, main task samples: 46693, attack samples: 46693, test loss: 1.1256, clean acc: 0.6026, Top-4: 0.9957, ASR: 0.4529, RAC: 0.4771, test target accuracy: 0.8810, stage3 final accuracy: 0.6026, stage3 final target accuracy: 0.6018, stage3 final asr: 0.4529, anchor loss: 0.0746
2026-04-09 22:45:25,851 - => Stage 3 Detection Summary: recall: 0.7122, precision: 0.0815, f1: 0.1462, false positive rate: 0.4262, correction rate: 0.4362
2026-04-09 22:45:25,851 - => Stage 3 Debug (clean): suspicious=19899/46693, correction_applied=19857, prediction_changed=19857, skipped_tied_vote=0, skipped_low_margin=0, skipped_other=42
2026-04-09 22:45:25,851 - => Stage 3 Debug (poison-valid): suspicious=21592/37064, correction_applied=21589, prediction_changed=21589, skipped_tied_vote=0, skipped_low_margin=0, skipped_other=3
2026-04-09 22:45:25,851 - => Stage 3 Debug (attack-success): suspicious=3380/4746, correction_applied=3379, prediction_changed=3379, corrected_to_true=2070
2026-04-09 22:45:25,892 - => End Epoch: 27, early stop epochs: 26, best epoch: 1, best clean acc: 0.5910, best Top-4: 0.9968, best ASR: 0.3811, best RAC: 0.5188, anchor loss: 0.0816
2026-04-09 22:45:25,893 - => Stage 3 Detection Summary: recall: 0.8060, precision: 0.1511, f1: 0.2545, false positive rate: 0.4260, correction rate: 0.5422
2026-04-09 22:45:25,929 - => LFBA current anchor-derived target label: 3
2026-04-09 22:45:26,025 - =>Add Trigger to Train Data
2026-04-09 22:45:26,244 - Add Trigger to 6996 Bad Samples, 62970 Clean Samples (0.10)
2026-04-09 22:45:26,248 - => Start Training for Injecting Backdoor...
2026-04-09 22:45:26,289 - Epoch: 28, 1/274: VFL loss: 0.0010, total loss: 0.0414, anchor loss: 0.0577, VFL train accuracy: 1.0000
2026-04-09 22:45:26,767 - Epoch: 28, 11/274: VFL loss: 0.0006, total loss: 0.0407, anchor loss: 0.0573, VFL train accuracy: 1.0000
2026-04-09 22:45:27,050 - Epoch: 28, 21/274: VFL loss: 0.0005, total loss: 0.0403, anchor loss: 0.0568, VFL train accuracy: 1.0000
2026-04-09 22:45:27,315 - Epoch: 28, 31/274: VFL loss: 0.0005, total loss: 0.0404, anchor loss: 0.0570, VFL train accuracy: 1.0000
2026-04-09 22:45:27,597 - Epoch: 28, 41/274: VFL loss: 0.0005, total loss: 0.0406, anchor loss: 0.0572, VFL train accuracy: 1.0000
2026-04-09 22:45:27,927 - Epoch: 28, 51/274: VFL loss: 0.0005, total loss: 0.0411, anchor loss: 0.0579, VFL train accuracy: 1.0000
2026-04-09 22:45:28,243 - Epoch: 28, 61/274: VFL loss: 0.0005, total loss: 0.0410, anchor loss: 0.0578, VFL train accuracy: 1.0000
2026-04-09 22:45:28,575 - Epoch: 28, 71/274: VFL loss: 0.0005, total loss: 0.0410, anchor loss: 0.0578, VFL train accuracy: 1.0000
2026-04-09 22:45:29,071 - Epoch: 28, 81/274: VFL loss: 0.0005, total loss: 0.0409, anchor loss: 0.0577, VFL train accuracy: 1.0000
2026-04-09 22:45:29,386 - Epoch: 28, 91/274: VFL loss: 0.0005, total loss: 0.0410, anchor loss: 0.0578, VFL train accuracy: 1.0000
2026-04-09 22:45:29,716 - Epoch: 28, 101/274: VFL loss: 0.0005, total loss: 0.0409, anchor loss: 0.0576, VFL train accuracy: 1.0000
2026-04-09 22:45:30,048 - Epoch: 28, 111/274: VFL loss: 0.0005, total loss: 0.0409, anchor loss: 0.0577, VFL train accuracy: 1.0000
2026-04-09 22:45:30,363 - Epoch: 28, 121/274: VFL loss: 0.0005, total loss: 0.0409, anchor loss: 0.0576, VFL train accuracy: 1.0000
2026-04-09 22:45:30,745 - Epoch: 28, 131/274: VFL loss: 0.0006, total loss: 0.0409, anchor loss: 0.0576, VFL train accuracy: 1.0000
2026-04-09 22:45:31,062 - Epoch: 28, 141/274: VFL loss: 0.0006, total loss: 0.0409, anchor loss: 0.0576, VFL train accuracy: 1.0000
2026-04-09 22:45:31,357 - Epoch: 28, 151/274: VFL loss: 0.0006, total loss: 0.0409, anchor loss: 0.0576, VFL train accuracy: 1.0000
2026-04-09 22:45:31,686 - Epoch: 28, 161/274: VFL loss: 0.0006, total loss: 0.0408, anchor loss: 0.0575, VFL train accuracy: 1.0000
2026-04-09 22:45:31,999 - Epoch: 28, 171/274: VFL loss: 0.0006, total loss: 0.0408, anchor loss: 0.0574, VFL train accuracy: 1.0000
2026-04-09 22:45:32,354 - Epoch: 28, 181/274: VFL loss: 0.0006, total loss: 0.0408, anchor loss: 0.0574, VFL train accuracy: 1.0000
2026-04-09 22:45:32,686 - Epoch: 28, 191/274: VFL loss: 0.0006, total loss: 0.0408, anchor loss: 0.0575, VFL train accuracy: 1.0000
2026-04-09 22:45:33,033 - Epoch: 28, 201/274: VFL loss: 0.0006, total loss: 0.0408, anchor loss: 0.0575, VFL train accuracy: 1.0000
2026-04-09 22:45:33,382 - Epoch: 28, 211/274: VFL loss: 0.0006, total loss: 0.0408, anchor loss: 0.0575, VFL train accuracy: 1.0000
2026-04-09 22:45:33,713 - Epoch: 28, 221/274: VFL loss: 0.0006, total loss: 0.0408, anchor loss: 0.0575, VFL train accuracy: 1.0000
2026-04-09 22:45:34,043 - Epoch: 28, 231/274: VFL loss: 0.0006, total loss: 0.0408, anchor loss: 0.0575, VFL train accuracy: 1.0000
2026-04-09 22:45:34,373 - Epoch: 28, 241/274: VFL loss: 0.0006, total loss: 0.0408, anchor loss: 0.0575, VFL train accuracy: 1.0000
2026-04-09 22:45:34,703 - Epoch: 28, 251/274: VFL loss: 0.0006, total loss: 0.0409, anchor loss: 0.0576, VFL train accuracy: 1.0000
2026-04-09 22:45:35,056 - Epoch: 28, 261/274: VFL loss: 0.0006, total loss: 0.0409, anchor loss: 0.0576, VFL train accuracy: 1.0000
2026-04-09 22:45:35,339 - Epoch: 28, 271/274: VFL loss: 0.0006, total loss: 0.0408, anchor loss: 0.0576, VFL train accuracy: 1.0000
2026-04-09 22:45:35,441 - => Recorded Stage 2 client anchor losses for epoch 28 to './results/AVGuard/Fourclient/NUSWIDE/lambda_scan/noema_lambda_0.7\stage2_final_epoch_client_anchor_losses.json': {0: 0.026809, 1: 0.069562, 2: 0.059812, 3: 0.073991}
2026-04-09 22:45:35,443 - => Stage 2 EMA anchor update skipped at epoch 28 because momentum=1.0000 disables EMA; eligible classes per client {0: 5, 1: 5, 2: 5, 3: 5}
2026-04-09 22:45:35,443 - => Stage 2 Epoch 28 Training Summary: VFL loss: 0.0005, total loss: 0.0408, anchor loss: 0.0576, VFL train accuracy: 1.0000
2026-04-09 22:45:35,443 - => Test ASR...
2026-04-09 22:45:35,593 - =>Add Trigger to Test Data
2026-04-09 22:45:37,665 - Add Trigger to 37064 Bad Samples, 9629 Clean Samples (1.00)
2026-04-09 22:45:48,931 - => Test Epoch: 28, main task samples: 46693, attack samples: 46693, test loss: 1.1487, clean acc: 0.6045, Top-4: 0.9958, ASR: 0.4543, RAC: 0.4788, test target accuracy: 0.8800, stage3 final accuracy: 0.6045, stage3 final target accuracy: 0.6090, stage3 final asr: 0.4543, anchor loss: 0.0744
2026-04-09 22:45:48,931 - => Stage 3 Detection Summary: recall: 0.7095, precision: 0.0808, f1: 0.1450, false positive rate: 0.4245, correction rate: 0.4355
2026-04-09 22:45:48,931 - => Stage 3 Debug (clean): suspicious=19820/46693, correction_applied=19774, prediction_changed=19774, skipped_tied_vote=0, skipped_low_margin=0, skipped_other=46
2026-04-09 22:45:48,931 - => Stage 3 Debug (poison-valid): suspicious=21554/37064, correction_applied=21552, prediction_changed=21552, skipped_tied_vote=0, skipped_low_margin=0, skipped_other=2
2026-04-09 22:45:48,931 - => Stage 3 Debug (attack-success): suspicious=3341/4709, correction_applied=3340, prediction_changed=3340, corrected_to_true=2051
2026-04-09 22:45:48,969 - => End Epoch: 28, early stop epochs: 27, best epoch: 1, best clean acc: 0.5910, best Top-4: 0.9968, best ASR: 0.3811, best RAC: 0.5188, anchor loss: 0.0816
2026-04-09 22:45:48,969 - => Stage 3 Detection Summary: recall: 0.8060, precision: 0.1511, f1: 0.2545, false positive rate: 0.4260, correction rate: 0.5422
2026-04-09 22:45:48,999 - => LFBA current anchor-derived target label: 3
2026-04-09 22:45:49,090 - =>Add Trigger to Train Data
2026-04-09 22:45:49,326 - Add Trigger to 6996 Bad Samples, 62970 Clean Samples (0.10)
2026-04-09 22:45:49,330 - => Start Training for Injecting Backdoor...
2026-04-09 22:45:49,365 - Epoch: 29, 1/274: VFL loss: 0.0004, total loss: 0.0402, anchor loss: 0.0568, VFL train accuracy: 1.0000
2026-04-09 22:45:49,874 - Epoch: 29, 11/274: VFL loss: 0.0004, total loss: 0.0417, anchor loss: 0.0590, VFL train accuracy: 1.0000
2026-04-09 22:45:50,205 - Epoch: 29, 21/274: VFL loss: 0.0004, total loss: 0.0409, anchor loss: 0.0579, VFL train accuracy: 1.0000
2026-04-09 22:45:50,488 - Epoch: 29, 31/274: VFL loss: 0.0004, total loss: 0.0407, anchor loss: 0.0576, VFL train accuracy: 1.0000
2026-04-09 22:45:50,783 - Epoch: 29, 41/274: VFL loss: 0.0004, total loss: 0.0409, anchor loss: 0.0578, VFL train accuracy: 1.0000
2026-04-09 22:45:51,049 - Epoch: 29, 51/274: VFL loss: 0.0004, total loss: 0.0409, anchor loss: 0.0578, VFL train accuracy: 1.0000
2026-04-09 22:45:51,303 - Epoch: 29, 61/274: VFL loss: 0.0004, total loss: 0.0408, anchor loss: 0.0577, VFL train accuracy: 1.0000
2026-04-09 22:45:51,579 - Epoch: 29, 71/274: VFL loss: 0.0004, total loss: 0.0408, anchor loss: 0.0577, VFL train accuracy: 1.0000
2026-04-09 22:45:51,862 - Epoch: 29, 81/274: VFL loss: 0.0004, total loss: 0.0408, anchor loss: 0.0577, VFL train accuracy: 1.0000
2026-04-09 22:45:52,155 - Epoch: 29, 91/274: VFL loss: 0.0004, total loss: 0.0409, anchor loss: 0.0578, VFL train accuracy: 1.0000
2026-04-09 22:45:52,453 - Epoch: 29, 101/274: VFL loss: 0.0004, total loss: 0.0409, anchor loss: 0.0578, VFL train accuracy: 1.0000
2026-04-09 22:45:52,724 - Epoch: 29, 111/274: VFL loss: 0.0004, total loss: 0.0409, anchor loss: 0.0577, VFL train accuracy: 1.0000
2026-04-09 22:45:53,004 - Epoch: 29, 121/274: VFL loss: 0.0004, total loss: 0.0409, anchor loss: 0.0578, VFL train accuracy: 1.0000
2026-04-09 22:45:53,264 - Epoch: 29, 131/274: VFL loss: 0.0005, total loss: 0.0409, anchor loss: 0.0578, VFL train accuracy: 1.0000
2026-04-09 22:45:53,553 - Epoch: 29, 141/274: VFL loss: 0.0005, total loss: 0.0409, anchor loss: 0.0578, VFL train accuracy: 1.0000
2026-04-09 22:45:53,852 - Epoch: 29, 151/274: VFL loss: 0.0005, total loss: 0.0409, anchor loss: 0.0577, VFL train accuracy: 1.0000
2026-04-09 22:45:54,181 - Epoch: 29, 161/274: VFL loss: 0.0005, total loss: 0.0408, anchor loss: 0.0576, VFL train accuracy: 1.0000
2026-04-09 22:45:54,483 - Epoch: 29, 171/274: VFL loss: 0.0005, total loss: 0.0407, anchor loss: 0.0575, VFL train accuracy: 1.0000
2026-04-09 22:45:54,782 - Epoch: 29, 181/274: VFL loss: 0.0005, total loss: 0.0407, anchor loss: 0.0575, VFL train accuracy: 1.0000
2026-04-09 22:45:55,094 - Epoch: 29, 191/274: VFL loss: 0.0005, total loss: 0.0407, anchor loss: 0.0575, VFL train accuracy: 1.0000
2026-04-09 22:45:55,374 - Epoch: 29, 201/274: VFL loss: 0.0005, total loss: 0.0407, anchor loss: 0.0575, VFL train accuracy: 1.0000
2026-04-09 22:45:55,641 - Epoch: 29, 211/274: VFL loss: 0.0005, total loss: 0.0406, anchor loss: 0.0574, VFL train accuracy: 1.0000
2026-04-09 22:45:55,917 - Epoch: 29, 221/274: VFL loss: 0.0005, total loss: 0.0406, anchor loss: 0.0574, VFL train accuracy: 1.0000
2026-04-09 22:45:56,240 - Epoch: 29, 231/274: VFL loss: 0.0004, total loss: 0.0406, anchor loss: 0.0574, VFL train accuracy: 1.0000
2026-04-09 22:45:56,589 - Epoch: 29, 241/274: VFL loss: 0.0004, total loss: 0.0406, anchor loss: 0.0573, VFL train accuracy: 1.0000
2026-04-09 22:45:56,937 - Epoch: 29, 251/274: VFL loss: 0.0004, total loss: 0.0406, anchor loss: 0.0573, VFL train accuracy: 1.0000
2026-04-09 22:45:57,267 - Epoch: 29, 261/274: VFL loss: 0.0004, total loss: 0.0406, anchor loss: 0.0573, VFL train accuracy: 1.0000
2026-04-09 22:45:57,598 - Epoch: 29, 271/274: VFL loss: 0.0004, total loss: 0.0406, anchor loss: 0.0574, VFL train accuracy: 1.0000
2026-04-09 22:45:57,706 - => Recorded Stage 2 client anchor losses for epoch 29 to './results/AVGuard/Fourclient/NUSWIDE/lambda_scan/noema_lambda_0.7\stage2_final_epoch_client_anchor_losses.json': {0: 0.02626, 1: 0.069166, 2: 0.059645, 3: 0.07436}
2026-04-09 22:45:57,714 - => Stage 2 EMA anchor update skipped at epoch 29 because momentum=1.0000 disables EMA; eligible classes per client {0: 5, 1: 5, 2: 5, 3: 5}
2026-04-09 22:45:57,715 - => Stage 2 Epoch 29 Training Summary: VFL loss: 0.0004, total loss: 0.0406, anchor loss: 0.0573, VFL train accuracy: 1.0000
2026-04-09 22:45:57,715 - => Test ASR...
2026-04-09 22:45:57,838 - =>Add Trigger to Test Data
2026-04-09 22:45:59,748 - Add Trigger to 37064 Bad Samples, 9629 Clean Samples (1.00)
2026-04-09 22:46:11,894 - => Test Epoch: 29, main task samples: 46693, attack samples: 46693, test loss: 1.1713, clean acc: 0.6058, Top-4: 0.9957, ASR: 0.4497, RAC: 0.4817, test target accuracy: 0.8820, stage3 final accuracy: 0.6058, stage3 final target accuracy: 0.6067, stage3 final asr: 0.4497, anchor loss: 0.0741
2026-04-09 22:46:11,895 - => Stage 3 Detection Summary: recall: 0.7164, precision: 0.0835, f1: 0.1495, false positive rate: 0.4228, correction rate: 0.4417
2026-04-09 22:46:11,895 - => Stage 3 Debug (clean): suspicious=19743/46693, correction_applied=19698, prediction_changed=19698, skipped_tied_vote=0, skipped_low_margin=0, skipped_other=45
2026-04-09 22:46:11,895 - => Stage 3 Debug (poison-valid): suspicious=21467/37064, correction_applied=21465, prediction_changed=21465, skipped_tied_vote=0, skipped_low_margin=0, skipped_other=2
2026-04-09 22:46:11,895 - => Stage 3 Debug (attack-success): suspicious=3440/4802, correction_applied=3438, prediction_changed=3438, corrected_to_true=2121
2026-04-09 22:46:11,933 - => End Epoch: 29, early stop epochs: 28, best epoch: 1, best clean acc: 0.5910, best Top-4: 0.9968, best ASR: 0.3811, best RAC: 0.5188, anchor loss: 0.0816
2026-04-09 22:46:11,933 - => Stage 3 Detection Summary: recall: 0.8060, precision: 0.1511, f1: 0.2545, false positive rate: 0.4260, correction rate: 0.5422
2026-04-09 22:46:11,963 - => LFBA current anchor-derived target label: 3
2026-04-09 22:46:12,052 - =>Add Trigger to Train Data
2026-04-09 22:46:12,300 - Add Trigger to 6996 Bad Samples, 62970 Clean Samples (0.10)
2026-04-09 22:46:12,302 - => Start Training for Injecting Backdoor...
2026-04-09 22:46:12,336 - Epoch: 30, 1/274: VFL loss: 0.0003, total loss: 0.0369, anchor loss: 0.0522, VFL train accuracy: 1.0000
2026-04-09 22:46:12,830 - Epoch: 30, 11/274: VFL loss: 0.0004, total loss: 0.0396, anchor loss: 0.0561, VFL train accuracy: 1.0000
2026-04-09 22:46:13,162 - Epoch: 30, 21/274: VFL loss: 0.0003, total loss: 0.0401, anchor loss: 0.0569, VFL train accuracy: 1.0000
2026-04-09 22:46:13,496 - Epoch: 30, 31/274: VFL loss: 0.0003, total loss: 0.0403, anchor loss: 0.0571, VFL train accuracy: 1.0000
2026-04-09 22:46:13,808 - Epoch: 30, 41/274: VFL loss: 0.0004, total loss: 0.0402, anchor loss: 0.0569, VFL train accuracy: 1.0000
2026-04-09 22:46:14,158 - Epoch: 30, 51/274: VFL loss: 0.0004, total loss: 0.0400, anchor loss: 0.0566, VFL train accuracy: 1.0000
2026-04-09 22:46:14,472 - Epoch: 30, 61/274: VFL loss: 0.0004, total loss: 0.0401, anchor loss: 0.0568, VFL train accuracy: 1.0000
2026-04-09 22:46:14,803 - Epoch: 30, 71/274: VFL loss: 0.0004, total loss: 0.0400, anchor loss: 0.0567, VFL train accuracy: 1.0000
2026-04-09 22:46:15,133 - Epoch: 30, 81/274: VFL loss: 0.0003, total loss: 0.0400, anchor loss: 0.0567, VFL train accuracy: 1.0000
2026-04-09 22:46:15,465 - Epoch: 30, 91/274: VFL loss: 0.0003, total loss: 0.0401, anchor loss: 0.0568, VFL train accuracy: 1.0000
2026-04-09 22:46:15,798 - Epoch: 30, 101/274: VFL loss: 0.0003, total loss: 0.0401, anchor loss: 0.0568, VFL train accuracy: 1.0000
2026-04-09 22:46:16,127 - Epoch: 30, 111/274: VFL loss: 0.0003, total loss: 0.0400, anchor loss: 0.0566, VFL train accuracy: 1.0000
2026-04-09 22:46:16,460 - Epoch: 30, 121/274: VFL loss: 0.0003, total loss: 0.0400, anchor loss: 0.0567, VFL train accuracy: 1.0000
2026-04-09 22:46:16,790 - Epoch: 30, 131/274: VFL loss: 0.0004, total loss: 0.0401, anchor loss: 0.0569, VFL train accuracy: 1.0000
2026-04-09 22:46:17,121 - Epoch: 30, 141/274: VFL loss: 0.0004, total loss: 0.0402, anchor loss: 0.0568, VFL train accuracy: 1.0000
2026-04-09 22:46:17,453 - Epoch: 30, 151/274: VFL loss: 0.0004, total loss: 0.0402, anchor loss: 0.0569, VFL train accuracy: 1.0000
2026-04-09 22:46:17,785 - Epoch: 30, 161/274: VFL loss: 0.0004, total loss: 0.0403, anchor loss: 0.0569, VFL train accuracy: 1.0000
2026-04-09 22:46:18,116 - Epoch: 30, 171/274: VFL loss: 0.0004, total loss: 0.0403, anchor loss: 0.0569, VFL train accuracy: 1.0000
2026-04-09 22:46:18,446 - Epoch: 30, 181/274: VFL loss: 0.0004, total loss: 0.0403, anchor loss: 0.0569, VFL train accuracy: 1.0000
2026-04-09 22:46:18,778 - Epoch: 30, 191/274: VFL loss: 0.0004, total loss: 0.0403, anchor loss: 0.0570, VFL train accuracy: 1.0000
2026-04-09 22:46:19,109 - Epoch: 30, 201/274: VFL loss: 0.0004, total loss: 0.0403, anchor loss: 0.0570, VFL train accuracy: 1.0000
2026-04-09 22:46:19,441 - Epoch: 30, 211/274: VFL loss: 0.0004, total loss: 0.0403, anchor loss: 0.0569, VFL train accuracy: 1.0000
2026-04-09 22:46:19,790 - Epoch: 30, 221/274: VFL loss: 0.0004, total loss: 0.0403, anchor loss: 0.0569, VFL train accuracy: 1.0000
2026-04-09 22:46:20,122 - Epoch: 30, 231/274: VFL loss: 0.0004, total loss: 0.0403, anchor loss: 0.0569, VFL train accuracy: 1.0000
2026-04-09 22:46:20,457 - Epoch: 30, 241/274: VFL loss: 0.0004, total loss: 0.0402, anchor loss: 0.0568, VFL train accuracy: 1.0000
2026-04-09 22:46:20,785 - Epoch: 30, 251/274: VFL loss: 0.0004, total loss: 0.0402, anchor loss: 0.0569, VFL train accuracy: 1.0000
2026-04-09 22:46:21,115 - Epoch: 30, 261/274: VFL loss: 0.0004, total loss: 0.0402, anchor loss: 0.0568, VFL train accuracy: 1.0000
2026-04-09 22:46:21,447 - Epoch: 30, 271/274: VFL loss: 0.0004, total loss: 0.0402, anchor loss: 0.0569, VFL train accuracy: 1.0000
2026-04-09 22:46:21,556 - => Recorded Stage 2 client anchor losses for epoch 30 to './results/AVGuard/Fourclient/NUSWIDE/lambda_scan/noema_lambda_0.7\stage2_final_epoch_client_anchor_losses.json': {0: 0.025719, 1: 0.068774, 2: 0.059484, 3: 0.073521}
2026-04-09 22:46:21,563 - => Stage 2 EMA anchor update skipped at epoch 30 because momentum=1.0000 disables EMA; eligible classes per client {0: 5, 1: 5, 2: 5, 3: 5}
2026-04-09 22:46:21,563 - => Stage 2 Epoch 30 Training Summary: VFL loss: 0.0004, total loss: 0.0402, anchor loss: 0.0569, VFL train accuracy: 1.0000
2026-04-09 22:46:21,563 - => Test ASR...
2026-04-09 22:46:21,686 - =>Add Trigger to Test Data
2026-04-09 22:46:23,671 - Add Trigger to 37064 Bad Samples, 9629 Clean Samples (1.00)
2026-04-09 22:46:36,521 - => Test Epoch: 30, main task samples: 46693, attack samples: 46693, test loss: 1.1916, clean acc: 0.6068, Top-4: 0.9958, ASR: 0.4479, RAC: 0.4833, test target accuracy: 0.8812, stage3 final accuracy: 0.6068, stage3 final target accuracy: 0.6080, stage3 final asr: 0.4479, anchor loss: 0.0739
2026-04-09 22:46:36,521 - => Stage 3 Detection Summary: recall: 0.7146, precision: 0.0822, f1: 0.1474, false positive rate: 0.4213, correction rate: 0.4396
2026-04-09 22:46:36,521 - => Stage 3 Debug (clean): suspicious=19672/46693, correction_applied=19624, prediction_changed=19624, skipped_tied_vote=0, skipped_low_margin=0, skipped_other=48
2026-04-09 22:46:36,521 - => Stage 3 Debug (poison-valid): suspicious=21384/37064, correction_applied=21382, prediction_changed=21382, skipped_tied_vote=0, skipped_low_margin=0, skipped_other=2
2026-04-09 22:46:36,521 - => Stage 3 Debug (attack-success): suspicious=3373/4720, correction_applied=3371, prediction_changed=3371, corrected_to_true=2075
2026-04-09 22:46:36,564 - => End Epoch: 30, early stop epochs: 29, best epoch: 1, best clean acc: 0.5910, best Top-4: 0.9968, best ASR: 0.3811, best RAC: 0.5188, anchor loss: 0.0816
2026-04-09 22:46:36,564 - => Stage 3 Detection Summary: recall: 0.8060, precision: 0.1511, f1: 0.2545, false positive rate: 0.4260, correction rate: 0.5422
2026-04-09 22:46:36,596 - => LFBA current anchor-derived target label: 3
2026-04-09 22:46:36,690 - =>Add Trigger to Train Data
2026-04-09 22:46:36,952 - Add Trigger to 6996 Bad Samples, 62970 Clean Samples (0.10)
2026-04-09 22:46:36,955 - => Start Training for Injecting Backdoor...
2026-04-09 22:46:36,996 - Epoch: 31, 1/274: VFL loss: 0.0004, total loss: 0.0398, anchor loss: 0.0564, VFL train accuracy: 1.0000
2026-04-09 22:46:37,471 - Epoch: 31, 11/274: VFL loss: 0.0003, total loss: 0.0401, anchor loss: 0.0568, VFL train accuracy: 1.0000
2026-04-09 22:46:37,801 - Epoch: 31, 21/274: VFL loss: 0.0004, total loss: 0.0402, anchor loss: 0.0570, VFL train accuracy: 1.0000
2026-04-09 22:46:38,134 - Epoch: 31, 31/274: VFL loss: 0.0003, total loss: 0.0401, anchor loss: 0.0567, VFL train accuracy: 1.0000
2026-04-09 22:46:38,465 - Epoch: 31, 41/274: VFL loss: 0.0004, total loss: 0.0403, anchor loss: 0.0571, VFL train accuracy: 1.0000
2026-04-09 22:46:38,781 - Epoch: 31, 51/274: VFL loss: 0.0003, total loss: 0.0402, anchor loss: 0.0569, VFL train accuracy: 1.0000
2026-04-09 22:46:39,110 - Epoch: 31, 61/274: VFL loss: 0.0004, total loss: 0.0402, anchor loss: 0.0569, VFL train accuracy: 1.0000
2026-04-09 22:46:39,579 - Epoch: 31, 71/274: VFL loss: 0.0004, total loss: 0.0402, anchor loss: 0.0569, VFL train accuracy: 1.0000
2026-04-09 22:46:39,914 - Epoch: 31, 81/274: VFL loss: 0.0004, total loss: 0.0403, anchor loss: 0.0570, VFL train accuracy: 1.0000
2026-04-09 22:46:40,303 - Epoch: 31, 91/274: VFL loss: 0.0004, total loss: 0.0402, anchor loss: 0.0569, VFL train accuracy: 1.0000
2026-04-09 22:46:40,601 - Epoch: 31, 101/274: VFL loss: 0.0004, total loss: 0.0402, anchor loss: 0.0569, VFL train accuracy: 1.0000
2026-04-09 22:46:40,928 - Epoch: 31, 111/274: VFL loss: 0.0004, total loss: 0.0401, anchor loss: 0.0568, VFL train accuracy: 1.0000
2026-04-09 22:46:41,244 - Epoch: 31, 121/274: VFL loss: 0.0004, total loss: 0.0401, anchor loss: 0.0568, VFL train accuracy: 1.0000
2026-04-09 22:46:41,551 - Epoch: 31, 131/274: VFL loss: 0.0004, total loss: 0.0400, anchor loss: 0.0567, VFL train accuracy: 1.0000
2026-04-09 22:46:41,872 - Epoch: 31, 141/274: VFL loss: 0.0004, total loss: 0.0401, anchor loss: 0.0567, VFL train accuracy: 1.0000
2026-04-09 22:46:42,189 - Epoch: 31, 151/274: VFL loss: 0.0004, total loss: 0.0401, anchor loss: 0.0567, VFL train accuracy: 1.0000
2026-04-09 22:46:42,518 - Epoch: 31, 161/274: VFL loss: 0.0004, total loss: 0.0401, anchor loss: 0.0568, VFL train accuracy: 1.0000
2026-04-09 22:46:42,851 - Epoch: 31, 171/274: VFL loss: 0.0004, total loss: 0.0401, anchor loss: 0.0567, VFL train accuracy: 1.0000
2026-04-09 22:46:43,181 - Epoch: 31, 181/274: VFL loss: 0.0004, total loss: 0.0400, anchor loss: 0.0566, VFL train accuracy: 1.0000
2026-04-09 22:46:43,511 - Epoch: 31, 191/274: VFL loss: 0.0004, total loss: 0.0400, anchor loss: 0.0567, VFL train accuracy: 1.0000
2026-04-09 22:46:43,848 - Epoch: 31, 201/274: VFL loss: 0.0004, total loss: 0.0400, anchor loss: 0.0566, VFL train accuracy: 1.0000
2026-04-09 22:46:44,180 - Epoch: 31, 211/274: VFL loss: 0.0004, total loss: 0.0400, anchor loss: 0.0566, VFL train accuracy: 1.0000
2026-04-09 22:46:44,471 - Epoch: 31, 221/274: VFL loss: 0.0004, total loss: 0.0400, anchor loss: 0.0566, VFL train accuracy: 1.0000
2026-04-09 22:46:44,798 - Epoch: 31, 231/274: VFL loss: 0.0004, total loss: 0.0400, anchor loss: 0.0567, VFL train accuracy: 1.0000
2026-04-09 22:46:45,129 - Epoch: 31, 241/274: VFL loss: 0.0004, total loss: 0.0401, anchor loss: 0.0567, VFL train accuracy: 1.0000
2026-04-09 22:46:45,460 - Epoch: 31, 251/274: VFL loss: 0.0004, total loss: 0.0401, anchor loss: 0.0567, VFL train accuracy: 1.0000
2026-04-09 22:46:45,757 - Epoch: 31, 261/274: VFL loss: 0.0004, total loss: 0.0401, anchor loss: 0.0567, VFL train accuracy: 1.0000
2026-04-09 22:46:46,088 - Epoch: 31, 271/274: VFL loss: 0.0004, total loss: 0.0400, anchor loss: 0.0567, VFL train accuracy: 1.0000
2026-04-09 22:46:46,190 - => Recorded Stage 2 client anchor losses for epoch 31 to './results/AVGuard/Fourclient/NUSWIDE/lambda_scan/noema_lambda_0.7\stage2_final_epoch_client_anchor_losses.json': {0: 0.025171, 1: 0.068393, 2: 0.059328, 3: 0.073836}
2026-04-09 22:46:46,191 - => Stage 2 EMA anchor update skipped at epoch 31 because momentum=1.0000 disables EMA; eligible classes per client {0: 5, 1: 5, 2: 5, 3: 5}
2026-04-09 22:46:46,191 - => Stage 2 Epoch 31 Training Summary: VFL loss: 0.0004, total loss: 0.0400, anchor loss: 0.0567, VFL train accuracy: 1.0000
2026-04-09 22:46:46,191 - => Test ASR...
2026-04-09 22:46:46,311 - =>Add Trigger to Test Data
2026-04-09 22:46:48,224 - Add Trigger to 37064 Bad Samples, 9629 Clean Samples (1.00)
2026-04-09 22:47:00,018 - => Test Epoch: 31, main task samples: 46693, attack samples: 46693, test loss: 1.2137, clean acc: 0.6079, Top-4: 0.9958, ASR: 0.4505, RAC: 0.4852, test target accuracy: 0.8830, stage3 final accuracy: 0.6079, stage3 final target accuracy: 0.6131, stage3 final asr: 0.4505, anchor loss: 0.0737
2026-04-09 22:47:00,019 - => Stage 3 Detection Summary: recall: 0.7165, precision: 0.0871, f1: 0.1553, false positive rate: 0.4206, correction rate: 0.4448
2026-04-09 22:47:00,019 - => Stage 3 Debug (clean): suspicious=19638/46693, correction_applied=19592, prediction_changed=19592, skipped_tied_vote=0, skipped_low_margin=0, skipped_other=46
2026-04-09 22:47:00,019 - => Stage 3 Debug (poison-valid): suspicious=21365/37064, correction_applied=21363, prediction_changed=21363, skipped_tied_vote=0, skipped_low_margin=0, skipped_other=2
2026-04-09 22:47:00,019 - => Stage 3 Debug (attack-success): suspicious=3571/4984, correction_applied=3569, prediction_changed=3569, corrected_to_true=2217
2026-04-09 22:47:00,056 - => End Epoch: 31, early stop epochs: 30, best epoch: 1, best clean acc: 0.5910, best Top-4: 0.9968, best ASR: 0.3811, best RAC: 0.5188, anchor loss: 0.0816
2026-04-09 22:47:00,057 - => Stage 3 Detection Summary: recall: 0.8060, precision: 0.1511, f1: 0.2545, false positive rate: 0.4260, correction rate: 0.5422
2026-04-09 22:47:00,090 - => LFBA current anchor-derived target label: 3
2026-04-09 22:47:00,180 - =>Add Trigger to Train Data
2026-04-09 22:47:00,411 - Add Trigger to 6996 Bad Samples, 62970 Clean Samples (0.10)
2026-04-09 22:47:00,416 - => Start Training for Injecting Backdoor...
2026-04-09 22:47:00,453 - Epoch: 32, 1/274: VFL loss: 0.0006, total loss: 0.0428, anchor loss: 0.0603, VFL train accuracy: 1.0000
2026-04-09 22:47:00,973 - Epoch: 32, 11/274: VFL loss: 0.0003, total loss: 0.0404, anchor loss: 0.0573, VFL train accuracy: 1.0000
2026-04-09 22:47:01,303 - Epoch: 32, 21/274: VFL loss: 0.0003, total loss: 0.0405, anchor loss: 0.0575, VFL train accuracy: 1.0000
2026-04-09 22:47:01,635 - Epoch: 32, 31/274: VFL loss: 0.0003, total loss: 0.0403, anchor loss: 0.0571, VFL train accuracy: 1.0000
2026-04-09 22:47:01,945 - Epoch: 32, 41/274: VFL loss: 0.0003, total loss: 0.0399, anchor loss: 0.0567, VFL train accuracy: 1.0000
2026-04-09 22:47:02,292 - Epoch: 32, 51/274: VFL loss: 0.0004, total loss: 0.0399, anchor loss: 0.0564, VFL train accuracy: 0.9999
2026-04-09 22:47:02,625 - Epoch: 32, 61/274: VFL loss: 0.0004, total loss: 0.0400, anchor loss: 0.0565, VFL train accuracy: 0.9999
2026-04-09 22:47:02,956 - Epoch: 32, 71/274: VFL loss: 0.0004, total loss: 0.0399, anchor loss: 0.0564, VFL train accuracy: 0.9999
2026-04-09 22:47:03,277 - Epoch: 32, 81/274: VFL loss: 0.0004, total loss: 0.0398, anchor loss: 0.0563, VFL train accuracy: 1.0000
2026-04-09 22:47:03,617 - Epoch: 32, 91/274: VFL loss: 0.0004, total loss: 0.0397, anchor loss: 0.0562, VFL train accuracy: 1.0000
2026-04-09 22:47:03,949 - Epoch: 32, 101/274: VFL loss: 0.0004, total loss: 0.0397, anchor loss: 0.0562, VFL train accuracy: 1.0000
2026-04-09 22:47:04,266 - Epoch: 32, 111/274: VFL loss: 0.0004, total loss: 0.0397, anchor loss: 0.0562, VFL train accuracy: 1.0000
2026-04-09 22:47:04,595 - Epoch: 32, 121/274: VFL loss: 0.0004, total loss: 0.0397, anchor loss: 0.0562, VFL train accuracy: 1.0000
2026-04-09 22:47:04,908 - Epoch: 32, 131/274: VFL loss: 0.0004, total loss: 0.0396, anchor loss: 0.0561, VFL train accuracy: 1.0000
2026-04-09 22:47:05,242 - Epoch: 32, 141/274: VFL loss: 0.0003, total loss: 0.0397, anchor loss: 0.0562, VFL train accuracy: 1.0000
2026-04-09 22:47:05,572 - Epoch: 32, 151/274: VFL loss: 0.0003, total loss: 0.0397, anchor loss: 0.0562, VFL train accuracy: 1.0000
2026-04-09 22:47:05,904 - Epoch: 32, 161/274: VFL loss: 0.0003, total loss: 0.0396, anchor loss: 0.0561, VFL train accuracy: 1.0000
2026-04-09 22:47:06,234 - Epoch: 32, 171/274: VFL loss: 0.0003, total loss: 0.0397, anchor loss: 0.0562, VFL train accuracy: 1.0000
2026-04-09 22:47:06,566 - Epoch: 32, 181/274: VFL loss: 0.0003, total loss: 0.0397, anchor loss: 0.0562, VFL train accuracy: 1.0000
2026-04-09 22:47:06,913 - Epoch: 32, 191/274: VFL loss: 0.0003, total loss: 0.0397, anchor loss: 0.0563, VFL train accuracy: 1.0000
2026-04-09 22:47:07,229 - Epoch: 32, 201/274: VFL loss: 0.0003, total loss: 0.0397, anchor loss: 0.0563, VFL train accuracy: 1.0000
2026-04-09 22:47:07,557 - Epoch: 32, 211/274: VFL loss: 0.0003, total loss: 0.0397, anchor loss: 0.0562, VFL train accuracy: 1.0000
2026-04-09 22:47:07,889 - Epoch: 32, 221/274: VFL loss: 0.0003, total loss: 0.0397, anchor loss: 0.0563, VFL train accuracy: 1.0000
2026-04-09 22:47:08,219 - Epoch: 32, 231/274: VFL loss: 0.0003, total loss: 0.0397, anchor loss: 0.0563, VFL train accuracy: 1.0000
2026-04-09 22:47:08,551 - Epoch: 32, 241/274: VFL loss: 0.0003, total loss: 0.0397, anchor loss: 0.0562, VFL train accuracy: 1.0000
2026-04-09 22:47:08,881 - Epoch: 32, 251/274: VFL loss: 0.0003, total loss: 0.0397, anchor loss: 0.0562, VFL train accuracy: 1.0000
2026-04-09 22:47:09,211 - Epoch: 32, 261/274: VFL loss: 0.0003, total loss: 0.0397, anchor loss: 0.0563, VFL train accuracy: 1.0000
2026-04-09 22:47:09,544 - Epoch: 32, 271/274: VFL loss: 0.0003, total loss: 0.0397, anchor loss: 0.0562, VFL train accuracy: 1.0000
2026-04-09 22:47:09,649 - => Recorded Stage 2 client anchor losses for epoch 32 to './results/AVGuard/Fourclient/NUSWIDE/lambda_scan/noema_lambda_0.7\stage2_final_epoch_client_anchor_losses.json': {0: 0.024613, 1: 0.068004, 2: 0.059183, 3: 0.073018}
2026-04-09 22:47:09,652 - => Stage 2 EMA anchor update skipped at epoch 32 because momentum=1.0000 disables EMA; eligible classes per client {0: 5, 1: 5, 2: 5, 3: 5}
2026-04-09 22:47:09,652 - => Stage 2 Epoch 32 Training Summary: VFL loss: 0.0003, total loss: 0.0397, anchor loss: 0.0562, VFL train accuracy: 1.0000
2026-04-09 22:47:09,652 - => Test ASR...
2026-04-09 22:47:09,768 - =>Add Trigger to Test Data
2026-04-09 22:47:11,686 - Add Trigger to 37064 Bad Samples, 9629 Clean Samples (1.00)
2026-04-09 22:47:23,822 - => Test Epoch: 32, main task samples: 46693, attack samples: 46693, test loss: 1.2346, clean acc: 0.6090, Top-4: 0.9958, ASR: 0.4438, RAC: 0.4872, test target accuracy: 0.8831, stage3 final accuracy: 0.6090, stage3 final target accuracy: 0.6112, stage3 final asr: 0.4438, anchor loss: 0.0735
2026-04-09 22:47:23,822 - => Stage 3 Detection Summary: recall: 0.7152, precision: 0.0853, f1: 0.1525, false positive rate: 0.4174, correction rate: 0.4366
2026-04-09 22:47:23,822 - => Stage 3 Debug (clean): suspicious=19490/46693, correction_applied=19449, prediction_changed=19449, skipped_tied_vote=0, skipped_low_margin=0, skipped_other=41
2026-04-09 22:47:23,822 - => Stage 3 Debug (poison-valid): suspicious=21191/37064, correction_applied=21188, prediction_changed=21188, skipped_tied_vote=0, skipped_low_margin=0, skipped_other=3
2026-04-09 22:47:23,822 - => Stage 3 Debug (attack-success): suspicious=3471/4853, correction_applied=3468, prediction_changed=3468, corrected_to_true=2119
2026-04-09 22:47:23,861 - => End Epoch: 32, early stop epochs: 31, best epoch: 1, best clean acc: 0.5910, best Top-4: 0.9968, best ASR: 0.3811, best RAC: 0.5188, anchor loss: 0.0816
2026-04-09 22:47:23,861 - => Stage 3 Detection Summary: recall: 0.8060, precision: 0.1511, f1: 0.2545, false positive rate: 0.4260, correction rate: 0.5422
2026-04-09 22:47:23,896 - => LFBA current anchor-derived target label: 3
2026-04-09 22:47:23,988 - =>Add Trigger to Train Data
2026-04-09 22:47:24,202 - Add Trigger to 6996 Bad Samples, 62970 Clean Samples (0.10)
2026-04-09 22:47:24,204 - => Start Training for Injecting Backdoor...
2026-04-09 22:47:24,239 - Epoch: 33, 1/274: VFL loss: 0.0003, total loss: 0.0438, anchor loss: 0.0621, VFL train accuracy: 1.0000
2026-04-09 22:47:24,714 - Epoch: 33, 11/274: VFL loss: 0.0003, total loss: 0.0390, anchor loss: 0.0553, VFL train accuracy: 1.0000
2026-04-09 22:47:25,047 - Epoch: 33, 21/274: VFL loss: 0.0003, total loss: 0.0393, anchor loss: 0.0558, VFL train accuracy: 1.0000
2026-04-09 22:47:25,348 - Epoch: 33, 31/274: VFL loss: 0.0003, total loss: 0.0393, anchor loss: 0.0557, VFL train accuracy: 1.0000
2026-04-09 22:47:25,657 - Epoch: 33, 41/274: VFL loss: 0.0003, total loss: 0.0393, anchor loss: 0.0558, VFL train accuracy: 1.0000
2026-04-09 22:47:25,990 - Epoch: 33, 51/274: VFL loss: 0.0002, total loss: 0.0394, anchor loss: 0.0559, VFL train accuracy: 1.0000
2026-04-09 22:47:26,306 - Epoch: 33, 61/274: VFL loss: 0.0002, total loss: 0.0394, anchor loss: 0.0559, VFL train accuracy: 1.0000
2026-04-09 22:47:26,602 - Epoch: 33, 71/274: VFL loss: 0.0002, total loss: 0.0394, anchor loss: 0.0560, VFL train accuracy: 1.0000
2026-04-09 22:47:26,921 - Epoch: 33, 81/274: VFL loss: 0.0003, total loss: 0.0395, anchor loss: 0.0560, VFL train accuracy: 1.0000
2026-04-09 22:47:27,216 - Epoch: 33, 91/274: VFL loss: 0.0003, total loss: 0.0396, anchor loss: 0.0561, VFL train accuracy: 1.0000
2026-04-09 22:47:27,516 - Epoch: 33, 101/274: VFL loss: 0.0003, total loss: 0.0397, anchor loss: 0.0563, VFL train accuracy: 1.0000
2026-04-09 22:47:27,813 - Epoch: 33, 111/274: VFL loss: 0.0003, total loss: 0.0397, anchor loss: 0.0563, VFL train accuracy: 1.0000
2026-04-09 22:47:28,143 - Epoch: 33, 121/274: VFL loss: 0.0003, total loss: 0.0396, anchor loss: 0.0563, VFL train accuracy: 1.0000
2026-04-09 22:47:28,476 - Epoch: 33, 131/274: VFL loss: 0.0003, total loss: 0.0396, anchor loss: 0.0562, VFL train accuracy: 1.0000
2026-04-09 22:47:28,806 - Epoch: 33, 141/274: VFL loss: 0.0003, total loss: 0.0396, anchor loss: 0.0562, VFL train accuracy: 1.0000
2026-04-09 22:47:29,137 - Epoch: 33, 151/274: VFL loss: 0.0003, total loss: 0.0396, anchor loss: 0.0562, VFL train accuracy: 1.0000
2026-04-09 22:47:29,467 - Epoch: 33, 161/274: VFL loss: 0.0003, total loss: 0.0396, anchor loss: 0.0562, VFL train accuracy: 1.0000
2026-04-09 22:47:29,799 - Epoch: 33, 171/274: VFL loss: 0.0003, total loss: 0.0396, anchor loss: 0.0561, VFL train accuracy: 1.0000
2026-04-09 22:47:30,131 - Epoch: 33, 181/274: VFL loss: 0.0003, total loss: 0.0396, anchor loss: 0.0561, VFL train accuracy: 1.0000
2026-04-09 22:47:30,463 - Epoch: 33, 191/274: VFL loss: 0.0003, total loss: 0.0396, anchor loss: 0.0561, VFL train accuracy: 1.0000
2026-04-09 22:47:30,793 - Epoch: 33, 201/274: VFL loss: 0.0003, total loss: 0.0396, anchor loss: 0.0562, VFL train accuracy: 1.0000
2026-04-09 22:47:31,125 - Epoch: 33, 211/274: VFL loss: 0.0003, total loss: 0.0396, anchor loss: 0.0561, VFL train accuracy: 1.0000
2026-04-09 22:47:31,458 - Epoch: 33, 221/274: VFL loss: 0.0003, total loss: 0.0395, anchor loss: 0.0561, VFL train accuracy: 1.0000
2026-04-09 22:47:31,789 - Epoch: 33, 231/274: VFL loss: 0.0003, total loss: 0.0396, anchor loss: 0.0561, VFL train accuracy: 1.0000
2026-04-09 22:47:32,121 - Epoch: 33, 241/274: VFL loss: 0.0003, total loss: 0.0395, anchor loss: 0.0561, VFL train accuracy: 1.0000
2026-04-09 22:47:32,453 - Epoch: 33, 251/274: VFL loss: 0.0003, total loss: 0.0395, anchor loss: 0.0561, VFL train accuracy: 1.0000
2026-04-09 22:47:32,782 - Epoch: 33, 261/274: VFL loss: 0.0003, total loss: 0.0395, anchor loss: 0.0561, VFL train accuracy: 1.0000
2026-04-09 22:47:33,113 - Epoch: 33, 271/274: VFL loss: 0.0003, total loss: 0.0395, anchor loss: 0.0560, VFL train accuracy: 1.0000
2026-04-09 22:47:33,215 - => Recorded Stage 2 client anchor losses for epoch 33 to './results/AVGuard/Fourclient/NUSWIDE/lambda_scan/noema_lambda_0.7\stage2_final_epoch_client_anchor_losses.json': {0: 0.024064, 1: 0.067598, 2: 0.059028, 3: 0.073305}
2026-04-09 22:47:33,216 - => Stage 2 EMA anchor update skipped at epoch 33 because momentum=1.0000 disables EMA; eligible classes per client {0: 5, 1: 5, 2: 5, 3: 5}
2026-04-09 22:47:33,217 - => Stage 2 Epoch 33 Training Summary: VFL loss: 0.0003, total loss: 0.0395, anchor loss: 0.0560, VFL train accuracy: 1.0000
2026-04-09 22:47:33,217 - => Test ASR...
2026-04-09 22:47:33,337 - =>Add Trigger to Test Data
2026-04-09 22:47:35,184 - Add Trigger to 37064 Bad Samples, 9629 Clean Samples (1.00)
2026-04-09 22:47:47,089 - => Test Epoch: 33, main task samples: 46693, attack samples: 46693, test loss: 1.2605, clean acc: 0.6101, Top-4: 0.9957, ASR: 0.4391, RAC: 0.4908, test target accuracy: 0.8870, stage3 final accuracy: 0.6101, stage3 final target accuracy: 0.6134, stage3 final asr: 0.4391, anchor loss: 0.0733
2026-04-09 22:47:47,089 - => Stage 3 Detection Summary: recall: 0.7193, precision: 0.0905, f1: 0.1608, false positive rate: 0.4168, correction rate: 0.4483
2026-04-09 22:47:47,089 - => Stage 3 Debug (clean): suspicious=19462/46693, correction_applied=19415, prediction_changed=19415, skipped_tied_vote=0, skipped_low_margin=0, skipped_other=47
2026-04-09 22:47:47,089 - => Stage 3 Debug (poison-valid): suspicious=21173/37064, correction_applied=21171, prediction_changed=21171, skipped_tied_vote=0, skipped_low_margin=0, skipped_other=2
2026-04-09 22:47:47,089 - => Stage 3 Debug (attack-success): suspicious=3679/5115, correction_applied=3677, prediction_changed=3677, corrected_to_true=2293
2026-04-09 22:47:47,127 - => End Epoch: 33, early stop epochs: 32, best epoch: 1, best clean acc: 0.5910, best Top-4: 0.9968, best ASR: 0.3811, best RAC: 0.5188, anchor loss: 0.0816
2026-04-09 22:47:47,129 - => Stage 3 Detection Summary: recall: 0.8060, precision: 0.1511, f1: 0.2545, false positive rate: 0.4260, correction rate: 0.5422
2026-04-09 22:47:47,159 - => LFBA current anchor-derived target label: 3
2026-04-09 22:47:47,249 - =>Add Trigger to Train Data
2026-04-09 22:47:47,475 - Add Trigger to 6996 Bad Samples, 62970 Clean Samples (0.10)
2026-04-09 22:47:47,477 - => Start Training for Injecting Backdoor...
2026-04-09 22:47:47,516 - Epoch: 34, 1/274: VFL loss: 0.0008, total loss: 0.0386, anchor loss: 0.0541, VFL train accuracy: 1.0000
2026-04-09 22:47:47,989 - Epoch: 34, 11/274: VFL loss: 0.0003, total loss: 0.0385, anchor loss: 0.0546, VFL train accuracy: 1.0000
2026-04-09 22:47:48,255 - Epoch: 34, 21/274: VFL loss: 0.0003, total loss: 0.0391, anchor loss: 0.0554, VFL train accuracy: 1.0000
2026-04-09 22:47:48,554 - Epoch: 34, 31/274: VFL loss: 0.0003, total loss: 0.0391, anchor loss: 0.0555, VFL train accuracy: 1.0000
2026-04-09 22:47:48,852 - Epoch: 34, 41/274: VFL loss: 0.0003, total loss: 0.0392, anchor loss: 0.0556, VFL train accuracy: 1.0000
2026-04-09 22:47:49,303 - Epoch: 34, 51/274: VFL loss: 0.0002, total loss: 0.0391, anchor loss: 0.0555, VFL train accuracy: 1.0000
2026-04-09 22:47:49,633 - Epoch: 34, 61/274: VFL loss: 0.0002, total loss: 0.0393, anchor loss: 0.0557, VFL train accuracy: 1.0000
2026-04-09 22:47:49,962 - Epoch: 34, 71/274: VFL loss: 0.0002, total loss: 0.0392, anchor loss: 0.0556, VFL train accuracy: 1.0000
2026-04-09 22:47:50,296 - Epoch: 34, 81/274: VFL loss: 0.0002, total loss: 0.0392, anchor loss: 0.0557, VFL train accuracy: 1.0000
2026-04-09 22:47:50,628 - Epoch: 34, 91/274: VFL loss: 0.0002, total loss: 0.0392, anchor loss: 0.0557, VFL train accuracy: 1.0000
2026-04-09 22:47:50,959 - Epoch: 34, 101/274: VFL loss: 0.0002, total loss: 0.0392, anchor loss: 0.0556, VFL train accuracy: 1.0000
2026-04-09 22:47:51,290 - Epoch: 34, 111/274: VFL loss: 0.0002, total loss: 0.0391, anchor loss: 0.0556, VFL train accuracy: 1.0000
2026-04-09 22:47:51,622 - Epoch: 34, 121/274: VFL loss: 0.0002, total loss: 0.0391, anchor loss: 0.0556, VFL train accuracy: 1.0000
2026-04-09 22:47:51,971 - Epoch: 34, 131/274: VFL loss: 0.0002, total loss: 0.0391, anchor loss: 0.0556, VFL train accuracy: 1.0000
2026-04-09 22:47:52,302 - Epoch: 34, 141/274: VFL loss: 0.0002, total loss: 0.0392, anchor loss: 0.0556, VFL train accuracy: 1.0000
2026-04-09 22:47:52,634 - Epoch: 34, 151/274: VFL loss: 0.0002, total loss: 0.0391, anchor loss: 0.0556, VFL train accuracy: 1.0000
2026-04-09 22:47:52,962 - Epoch: 34, 161/274: VFL loss: 0.0002, total loss: 0.0391, anchor loss: 0.0555, VFL train accuracy: 1.0000
2026-04-09 22:47:53,261 - Epoch: 34, 171/274: VFL loss: 0.0002, total loss: 0.0391, anchor loss: 0.0556, VFL train accuracy: 1.0000
2026-04-09 22:47:53,574 - Epoch: 34, 181/274: VFL loss: 0.0002, total loss: 0.0392, anchor loss: 0.0556, VFL train accuracy: 1.0000
2026-04-09 22:47:53,906 - Epoch: 34, 191/274: VFL loss: 0.0002, total loss: 0.0391, anchor loss: 0.0555, VFL train accuracy: 1.0000
2026-04-09 22:47:54,222 - Epoch: 34, 201/274: VFL loss: 0.0002, total loss: 0.0391, anchor loss: 0.0555, VFL train accuracy: 1.0000
2026-04-09 22:47:54,550 - Epoch: 34, 211/274: VFL loss: 0.0002, total loss: 0.0391, anchor loss: 0.0555, VFL train accuracy: 1.0000
2026-04-09 22:47:54,867 - Epoch: 34, 221/274: VFL loss: 0.0003, total loss: 0.0391, anchor loss: 0.0555, VFL train accuracy: 1.0000
2026-04-09 22:47:55,181 - Epoch: 34, 231/274: VFL loss: 0.0003, total loss: 0.0391, anchor loss: 0.0555, VFL train accuracy: 1.0000
2026-04-09 22:47:55,496 - Epoch: 34, 241/274: VFL loss: 0.0003, total loss: 0.0392, anchor loss: 0.0555, VFL train accuracy: 1.0000
2026-04-09 22:47:55,810 - Epoch: 34, 251/274: VFL loss: 0.0003, total loss: 0.0392, anchor loss: 0.0556, VFL train accuracy: 1.0000
2026-04-09 22:47:56,142 - Epoch: 34, 261/274: VFL loss: 0.0003, total loss: 0.0392, anchor loss: 0.0555, VFL train accuracy: 1.0000
2026-04-09 22:47:56,473 - Epoch: 34, 271/274: VFL loss: 0.0003, total loss: 0.0392, anchor loss: 0.0555, VFL train accuracy: 1.0000
2026-04-09 22:47:56,578 - => Recorded Stage 2 client anchor losses for epoch 34 to './results/AVGuard/Fourclient/NUSWIDE/lambda_scan/noema_lambda_0.7\stage2_final_epoch_client_anchor_losses.json': {0: 0.023534, 1: 0.067203, 2: 0.058889, 3: 0.072485}
2026-04-09 22:47:56,579 - => Stage 2 EMA anchor update skipped at epoch 34 because momentum=1.0000 disables EMA; eligible classes per client {0: 5, 1: 5, 2: 5, 3: 5}
2026-04-09 22:47:56,579 - => Stage 2 Epoch 34 Training Summary: VFL loss: 0.0003, total loss: 0.0391, anchor loss: 0.0555, VFL train accuracy: 1.0000
2026-04-09 22:47:56,579 - => Test ASR...
2026-04-09 22:47:56,699 - =>Add Trigger to Test Data
2026-04-09 22:47:58,569 - Add Trigger to 37064 Bad Samples, 9629 Clean Samples (1.00)
2026-04-09 22:48:10,181 - => Test Epoch: 34, main task samples: 46693, attack samples: 46693, test loss: 1.2829, clean acc: 0.6111, Top-4: 0.9957, ASR: 0.4408, RAC: 0.4891, test target accuracy: 0.8812, stage3 final accuracy: 0.6111, stage3 final target accuracy: 0.6131, stage3 final asr: 0.4408, anchor loss: 0.0731
2026-04-09 22:48:10,181 - => Stage 3 Detection Summary: recall: 0.7133, precision: 0.0845, f1: 0.1511, false positive rate: 0.4173, correction rate: 0.4411
2026-04-09 22:48:10,181 - => Stage 3 Debug (clean): suspicious=19487/46693, correction_applied=19437, prediction_changed=19437, skipped_tied_vote=0, skipped_low_margin=0, skipped_other=50
2026-04-09 22:48:10,181 - => Stage 3 Debug (poison-valid): suspicious=21188/37064, correction_applied=21185, prediction_changed=21185, skipped_tied_vote=0, skipped_low_margin=0, skipped_other=3
2026-04-09 22:48:10,181 - => Stage 3 Debug (attack-success): suspicious=3438/4820, correction_applied=3435, prediction_changed=3435, corrected_to_true=2126
2026-04-09 22:48:10,219 - => End Epoch: 34, early stop epochs: 33, best epoch: 1, best clean acc: 0.5910, best Top-4: 0.9968, best ASR: 0.3811, best RAC: 0.5188, anchor loss: 0.0816
2026-04-09 22:48:10,219 - => Stage 3 Detection Summary: recall: 0.8060, precision: 0.1511, f1: 0.2545, false positive rate: 0.4260, correction rate: 0.5422
2026-04-09 22:48:10,251 - => LFBA current anchor-derived target label: 3
2026-04-09 22:48:10,338 - =>Add Trigger to Train Data
2026-04-09 22:48:10,564 - Add Trigger to 6996 Bad Samples, 62970 Clean Samples (0.10)
2026-04-09 22:48:10,567 - => Start Training for Injecting Backdoor...
2026-04-09 22:48:10,604 - Epoch: 35, 1/274: VFL loss: 0.0002, total loss: 0.0378, anchor loss: 0.0538, VFL train accuracy: 1.0000
2026-04-09 22:48:11,066 - Epoch: 35, 11/274: VFL loss: 0.0003, total loss: 0.0379, anchor loss: 0.0537, VFL train accuracy: 1.0000
2026-04-09 22:48:11,363 - Epoch: 35, 21/274: VFL loss: 0.0003, total loss: 0.0381, anchor loss: 0.0541, VFL train accuracy: 1.0000
2026-04-09 22:48:11,645 - Epoch: 35, 31/274: VFL loss: 0.0002, total loss: 0.0385, anchor loss: 0.0546, VFL train accuracy: 1.0000
2026-04-09 22:48:11,960 - Epoch: 35, 41/274: VFL loss: 0.0002, total loss: 0.0386, anchor loss: 0.0548, VFL train accuracy: 1.0000
2026-04-09 22:48:12,257 - Epoch: 35, 51/274: VFL loss: 0.0002, total loss: 0.0386, anchor loss: 0.0549, VFL train accuracy: 1.0000
2026-04-09 22:48:12,567 - Epoch: 35, 61/274: VFL loss: 0.0002, total loss: 0.0387, anchor loss: 0.0550, VFL train accuracy: 1.0000
2026-04-09 22:48:12,871 - Epoch: 35, 71/274: VFL loss: 0.0002, total loss: 0.0388, anchor loss: 0.0552, VFL train accuracy: 1.0000
2026-04-09 22:48:13,169 - Epoch: 35, 81/274: VFL loss: 0.0002, total loss: 0.0388, anchor loss: 0.0551, VFL train accuracy: 1.0000
2026-04-09 22:48:13,484 - Epoch: 35, 91/274: VFL loss: 0.0002, total loss: 0.0389, anchor loss: 0.0552, VFL train accuracy: 1.0000
2026-04-09 22:48:13,777 - Epoch: 35, 101/274: VFL loss: 0.0002, total loss: 0.0389, anchor loss: 0.0552, VFL train accuracy: 1.0000
2026-04-09 22:48:14,115 - Epoch: 35, 111/274: VFL loss: 0.0002, total loss: 0.0389, anchor loss: 0.0553, VFL train accuracy: 1.0000
2026-04-09 22:48:14,446 - Epoch: 35, 121/274: VFL loss: 0.0002, total loss: 0.0389, anchor loss: 0.0553, VFL train accuracy: 1.0000
2026-04-09 22:48:14,781 - Epoch: 35, 131/274: VFL loss: 0.0002, total loss: 0.0389, anchor loss: 0.0553, VFL train accuracy: 1.0000
2026-04-09 22:48:15,112 - Epoch: 35, 141/274: VFL loss: 0.0002, total loss: 0.0389, anchor loss: 0.0552, VFL train accuracy: 1.0000
2026-04-09 22:48:15,444 - Epoch: 35, 151/274: VFL loss: 0.0002, total loss: 0.0388, anchor loss: 0.0552, VFL train accuracy: 1.0000
2026-04-09 22:48:15,774 - Epoch: 35, 161/274: VFL loss: 0.0002, total loss: 0.0389, anchor loss: 0.0552, VFL train accuracy: 1.0000
2026-04-09 22:48:16,103 - Epoch: 35, 171/274: VFL loss: 0.0002, total loss: 0.0389, anchor loss: 0.0553, VFL train accuracy: 1.0000
2026-04-09 22:48:16,435 - Epoch: 35, 181/274: VFL loss: 0.0002, total loss: 0.0390, anchor loss: 0.0554, VFL train accuracy: 1.0000
2026-04-09 22:48:16,766 - Epoch: 35, 191/274: VFL loss: 0.0002, total loss: 0.0390, anchor loss: 0.0553, VFL train accuracy: 1.0000
2026-04-09 22:48:17,089 - Epoch: 35, 201/274: VFL loss: 0.0002, total loss: 0.0390, anchor loss: 0.0553, VFL train accuracy: 1.0000
2026-04-09 22:48:17,379 - Epoch: 35, 211/274: VFL loss: 0.0002, total loss: 0.0390, anchor loss: 0.0553, VFL train accuracy: 1.0000
2026-04-09 22:48:17,709 - Epoch: 35, 221/274: VFL loss: 0.0002, total loss: 0.0389, anchor loss: 0.0553, VFL train accuracy: 1.0000
2026-04-09 22:48:18,041 - Epoch: 35, 231/274: VFL loss: 0.0002, total loss: 0.0390, anchor loss: 0.0553, VFL train accuracy: 1.0000
2026-04-09 22:48:18,372 - Epoch: 35, 241/274: VFL loss: 0.0002, total loss: 0.0390, anchor loss: 0.0553, VFL train accuracy: 1.0000
2026-04-09 22:48:18,704 - Epoch: 35, 251/274: VFL loss: 0.0002, total loss: 0.0390, anchor loss: 0.0554, VFL train accuracy: 1.0000
2026-04-09 22:48:19,037 - Epoch: 35, 261/274: VFL loss: 0.0002, total loss: 0.0390, anchor loss: 0.0553, VFL train accuracy: 1.0000
2026-04-09 22:48:19,370 - Epoch: 35, 271/274: VFL loss: 0.0002, total loss: 0.0390, anchor loss: 0.0554, VFL train accuracy: 1.0000
2026-04-09 22:48:19,471 - => Recorded Stage 2 client anchor losses for epoch 35 to './results/AVGuard/Fourclient/NUSWIDE/lambda_scan/noema_lambda_0.7\stage2_final_epoch_client_anchor_losses.json': {0: 0.02301, 1: 0.066823, 2: 0.058745, 3: 0.07276}
2026-04-09 22:48:19,472 - => Stage 2 EMA anchor update skipped at epoch 35 because momentum=1.0000 disables EMA; eligible classes per client {0: 5, 1: 5, 2: 5, 3: 5}
2026-04-09 22:48:19,472 - => Stage 2 Epoch 35 Training Summary: VFL loss: 0.0002, total loss: 0.0390, anchor loss: 0.0553, VFL train accuracy: 1.0000
2026-04-09 22:48:19,472 - => Test ASR...
2026-04-09 22:48:19,591 - =>Add Trigger to Test Data
2026-04-09 22:48:21,432 - Add Trigger to 37064 Bad Samples, 9629 Clean Samples (1.00)
2026-04-09 22:48:32,381 - => Test Epoch: 35, main task samples: 46693, attack samples: 46693, test loss: 1.3060, clean acc: 0.6115, Top-4: 0.9957, ASR: 0.4424, RAC: 0.4896, test target accuracy: 0.8818, stage3 final accuracy: 0.6115, stage3 final target accuracy: 0.6155, stage3 final asr: 0.4424, anchor loss: 0.0729
2026-04-09 22:48:32,381 - => Stage 3 Detection Summary: recall: 0.7082, precision: 0.0831, f1: 0.1488, false positive rate: 0.4158, correction rate: 0.4325
2026-04-09 22:48:32,381 - => Stage 3 Debug (clean): suspicious=19415/46693, correction_applied=19374, prediction_changed=19374, skipped_tied_vote=0, skipped_low_margin=0, skipped_other=41
2026-04-09 22:48:32,381 - => Stage 3 Debug (poison-valid): suspicious=21106/37064, correction_applied=21101, prediction_changed=21101, skipped_tied_vote=0, skipped_low_margin=0, skipped_other=5
2026-04-09 22:48:32,381 - => Stage 3 Debug (attack-success): suspicious=3368/4756, correction_applied=3363, prediction_changed=3363, corrected_to_true=2057
2026-04-09 22:48:32,423 - => End Epoch: 35, early stop epochs: 34, best epoch: 1, best clean acc: 0.5910, best Top-4: 0.9968, best ASR: 0.3811, best RAC: 0.5188, anchor loss: 0.0816
2026-04-09 22:48:32,423 - => Stage 3 Detection Summary: recall: 0.8060, precision: 0.1511, f1: 0.2545, false positive rate: 0.4260, correction rate: 0.5422
2026-04-09 22:48:32,453 - => LFBA current anchor-derived target label: 3
2026-04-09 22:48:32,546 - =>Add Trigger to Train Data
2026-04-09 22:48:32,777 - Add Trigger to 6996 Bad Samples, 62970 Clean Samples (0.10)
2026-04-09 22:48:32,780 - => Start Training for Injecting Backdoor...
2026-04-09 22:48:32,815 - Epoch: 36, 1/274: VFL loss: 0.0001, total loss: 0.0373, anchor loss: 0.0530, VFL train accuracy: 1.0000
2026-04-09 22:48:33,259 - Epoch: 36, 11/274: VFL loss: 0.0002, total loss: 0.0388, anchor loss: 0.0551, VFL train accuracy: 1.0000
2026-04-09 22:48:33,568 - Epoch: 36, 21/274: VFL loss: 0.0002, total loss: 0.0388, anchor loss: 0.0551, VFL train accuracy: 1.0000
2026-04-09 22:48:33,899 - Epoch: 36, 31/274: VFL loss: 0.0002, total loss: 0.0389, anchor loss: 0.0553, VFL train accuracy: 1.0000
2026-04-09 22:48:34,228 - Epoch: 36, 41/274: VFL loss: 0.0002, total loss: 0.0388, anchor loss: 0.0551, VFL train accuracy: 1.0000
2026-04-09 22:48:34,561 - Epoch: 36, 51/274: VFL loss: 0.0002, total loss: 0.0389, anchor loss: 0.0553, VFL train accuracy: 1.0000
2026-04-09 22:48:34,892 - Epoch: 36, 61/274: VFL loss: 0.0003, total loss: 0.0388, anchor loss: 0.0551, VFL train accuracy: 1.0000
2026-04-09 22:48:35,223 - Epoch: 36, 71/274: VFL loss: 0.0003, total loss: 0.0389, anchor loss: 0.0552, VFL train accuracy: 1.0000
2026-04-09 22:48:35,554 - Epoch: 36, 81/274: VFL loss: 0.0003, total loss: 0.0388, anchor loss: 0.0550, VFL train accuracy: 1.0000
2026-04-09 22:48:35,870 - Epoch: 36, 91/274: VFL loss: 0.0002, total loss: 0.0387, anchor loss: 0.0550, VFL train accuracy: 1.0000
2026-04-09 22:48:36,158 - Epoch: 36, 101/274: VFL loss: 0.0002, total loss: 0.0387, anchor loss: 0.0549, VFL train accuracy: 1.0000
2026-04-09 22:48:36,409 - Epoch: 36, 111/274: VFL loss: 0.0002, total loss: 0.0386, anchor loss: 0.0548, VFL train accuracy: 1.0000
2026-04-09 22:48:36,662 - Epoch: 36, 121/274: VFL loss: 0.0002, total loss: 0.0386, anchor loss: 0.0548, VFL train accuracy: 1.0000
2026-04-09 22:48:36,893 - Epoch: 36, 131/274: VFL loss: 0.0002, total loss: 0.0386, anchor loss: 0.0548, VFL train accuracy: 1.0000
2026-04-09 22:48:37,158 - Epoch: 36, 141/274: VFL loss: 0.0002, total loss: 0.0386, anchor loss: 0.0549, VFL train accuracy: 1.0000
2026-04-09 22:48:37,388 - Epoch: 36, 151/274: VFL loss: 0.0002, total loss: 0.0386, anchor loss: 0.0548, VFL train accuracy: 1.0000
2026-04-09 22:48:37,614 - Epoch: 36, 161/274: VFL loss: 0.0002, total loss: 0.0385, anchor loss: 0.0548, VFL train accuracy: 1.0000
2026-04-09 22:48:37,858 - Epoch: 36, 171/274: VFL loss: 0.0002, total loss: 0.0386, anchor loss: 0.0548, VFL train accuracy: 1.0000
2026-04-09 22:48:38,123 - Epoch: 36, 181/274: VFL loss: 0.0002, total loss: 0.0386, anchor loss: 0.0548, VFL train accuracy: 1.0000
2026-04-09 22:48:38,382 - Epoch: 36, 191/274: VFL loss: 0.0002, total loss: 0.0386, anchor loss: 0.0548, VFL train accuracy: 1.0000
2026-04-09 22:48:38,631 - Epoch: 36, 201/274: VFL loss: 0.0002, total loss: 0.0386, anchor loss: 0.0549, VFL train accuracy: 1.0000
2026-04-09 22:48:38,949 - Epoch: 36, 211/274: VFL loss: 0.0002, total loss: 0.0387, anchor loss: 0.0549, VFL train accuracy: 1.0000
2026-04-09 22:48:39,196 - Epoch: 36, 221/274: VFL loss: 0.0002, total loss: 0.0387, anchor loss: 0.0549, VFL train accuracy: 1.0000
2026-04-09 22:48:39,543 - Epoch: 36, 231/274: VFL loss: 0.0002, total loss: 0.0387, anchor loss: 0.0549, VFL train accuracy: 1.0000
2026-04-09 22:48:39,829 - Epoch: 36, 241/274: VFL loss: 0.0002, total loss: 0.0387, anchor loss: 0.0549, VFL train accuracy: 1.0000
2026-04-09 22:48:40,151 - Epoch: 36, 251/274: VFL loss: 0.0002, total loss: 0.0387, anchor loss: 0.0549, VFL train accuracy: 1.0000
2026-04-09 22:48:40,440 - Epoch: 36, 261/274: VFL loss: 0.0002, total loss: 0.0386, anchor loss: 0.0549, VFL train accuracy: 1.0000
2026-04-09 22:48:40,710 - Epoch: 36, 271/274: VFL loss: 0.0002, total loss: 0.0386, anchor loss: 0.0549, VFL train accuracy: 1.0000
2026-04-09 22:48:40,786 - => Recorded Stage 2 client anchor losses for epoch 36 to './results/AVGuard/Fourclient/NUSWIDE/lambda_scan/noema_lambda_0.7\stage2_final_epoch_client_anchor_losses.json': {0: 0.022485, 1: 0.066429, 2: 0.058606, 3: 0.071916}
2026-04-09 22:48:40,788 - => Stage 2 EMA anchor update skipped at epoch 36 because momentum=1.0000 disables EMA; eligible classes per client {0: 5, 1: 5, 2: 5, 3: 5}
2026-04-09 22:48:40,788 - => Stage 2 Epoch 36 Training Summary: VFL loss: 0.0002, total loss: 0.0386, anchor loss: 0.0549, VFL train accuracy: 1.0000
2026-04-09 22:48:40,789 - => Test ASR...
2026-04-09 22:48:41,002 - =>Add Trigger to Test Data
2026-04-09 22:48:43,083 - Add Trigger to 37064 Bad Samples, 9629 Clean Samples (1.00)
2026-04-09 22:48:55,810 - => Test Epoch: 36, main task samples: 46693, attack samples: 46693, test loss: 1.3324, clean acc: 0.6124, Top-4: 0.9957, ASR: 0.4354, RAC: 0.4902, test target accuracy: 0.8811, stage3 final accuracy: 0.6124, stage3 final target accuracy: 0.6113, stage3 final asr: 0.4354, anchor loss: 0.0728
2026-04-09 22:48:55,811 - => Stage 3 Detection Summary: recall: 0.7062, precision: 0.0814, f1: 0.1459, false positive rate: 0.4143, correction rate: 0.4267
2026-04-09 22:48:55,811 - => Stage 3 Debug (clean): suspicious=19347/46693, correction_applied=19310, prediction_changed=19310, skipped_tied_vote=0, skipped_low_margin=0, skipped_other=37
2026-04-09 22:48:55,811 - => Stage 3 Debug (poison-valid): suspicious=21021/37064, correction_applied=21019, prediction_changed=21019, skipped_tied_vote=0, skipped_low_margin=0, skipped_other=2
2026-04-09 22:48:55,811 - => Stage 3 Debug (attack-success): suspicious=3284/4650, correction_applied=3282, prediction_changed=3282, corrected_to_true=1984
2026-04-09 22:48:55,852 - => End Epoch: 36, early stop epochs: 35, best epoch: 1, best clean acc: 0.5910, best Top-4: 0.9968, best ASR: 0.3811, best RAC: 0.5188, anchor loss: 0.0816
2026-04-09 22:48:55,853 - => Stage 3 Detection Summary: recall: 0.8060, precision: 0.1511, f1: 0.2545, false positive rate: 0.4260, correction rate: 0.5422
2026-04-09 22:48:55,889 - => LFBA current anchor-derived target label: 3
2026-04-09 22:48:55,993 - =>Add Trigger to Train Data
2026-04-09 22:48:56,254 - Add Trigger to 6996 Bad Samples, 62970 Clean Samples (0.10)
2026-04-09 22:48:56,258 - => Start Training for Injecting Backdoor...
2026-04-09 22:48:56,299 - Epoch: 37, 1/274: VFL loss: 0.0001, total loss: 0.0374, anchor loss: 0.0532, VFL train accuracy: 1.0000
2026-04-09 22:48:56,855 - Epoch: 37, 11/274: VFL loss: 0.0001, total loss: 0.0382, anchor loss: 0.0543, VFL train accuracy: 1.0000
2026-04-09 22:48:57,349 - Epoch: 37, 21/274: VFL loss: 0.0002, total loss: 0.0381, anchor loss: 0.0542, VFL train accuracy: 1.0000
2026-04-09 22:48:57,646 - Epoch: 37, 31/274: VFL loss: 0.0002, total loss: 0.0381, anchor loss: 0.0541, VFL train accuracy: 1.0000
2026-04-09 22:48:57,946 - Epoch: 37, 41/274: VFL loss: 0.0002, total loss: 0.0381, anchor loss: 0.0541, VFL train accuracy: 1.0000
2026-04-09 22:48:58,231 - Epoch: 37, 51/274: VFL loss: 0.0002, total loss: 0.0384, anchor loss: 0.0546, VFL train accuracy: 1.0000
2026-04-09 22:48:58,519 - Epoch: 37, 61/274: VFL loss: 0.0002, total loss: 0.0383, anchor loss: 0.0544, VFL train accuracy: 1.0000
2026-04-09 22:48:58,806 - Epoch: 37, 71/274: VFL loss: 0.0002, total loss: 0.0384, anchor loss: 0.0546, VFL train accuracy: 1.0000
2026-04-09 22:48:59,118 - Epoch: 37, 81/274: VFL loss: 0.0002, total loss: 0.0384, anchor loss: 0.0546, VFL train accuracy: 1.0000
2026-04-09 22:48:59,453 - Epoch: 37, 91/274: VFL loss: 0.0002, total loss: 0.0384, anchor loss: 0.0546, VFL train accuracy: 1.0000
2026-04-09 22:48:59,748 - Epoch: 37, 101/274: VFL loss: 0.0002, total loss: 0.0384, anchor loss: 0.0546, VFL train accuracy: 1.0000
2026-04-09 22:49:00,066 - Epoch: 37, 111/274: VFL loss: 0.0002, total loss: 0.0384, anchor loss: 0.0546, VFL train accuracy: 1.0000
2026-04-09 22:49:00,365 - Epoch: 37, 121/274: VFL loss: 0.0002, total loss: 0.0384, anchor loss: 0.0546, VFL train accuracy: 1.0000
2026-04-09 22:49:00,652 - Epoch: 37, 131/274: VFL loss: 0.0002, total loss: 0.0384, anchor loss: 0.0546, VFL train accuracy: 1.0000
2026-04-09 22:49:00,943 - Epoch: 37, 141/274: VFL loss: 0.0002, total loss: 0.0384, anchor loss: 0.0546, VFL train accuracy: 1.0000
2026-04-09 22:49:01,276 - Epoch: 37, 151/274: VFL loss: 0.0002, total loss: 0.0384, anchor loss: 0.0546, VFL train accuracy: 1.0000
2026-04-09 22:49:01,592 - Epoch: 37, 161/274: VFL loss: 0.0002, total loss: 0.0384, anchor loss: 0.0546, VFL train accuracy: 1.0000
2026-04-09 22:49:01,909 - Epoch: 37, 171/274: VFL loss: 0.0002, total loss: 0.0384, anchor loss: 0.0546, VFL train accuracy: 1.0000
2026-04-09 22:49:02,203 - Epoch: 37, 181/274: VFL loss: 0.0002, total loss: 0.0384, anchor loss: 0.0546, VFL train accuracy: 1.0000
2026-04-09 22:49:02,520 - Epoch: 37, 191/274: VFL loss: 0.0002, total loss: 0.0384, anchor loss: 0.0546, VFL train accuracy: 1.0000
2026-04-09 22:49:02,803 - Epoch: 37, 201/274: VFL loss: 0.0002, total loss: 0.0385, anchor loss: 0.0547, VFL train accuracy: 1.0000
2026-04-09 22:49:03,113 - Epoch: 37, 211/274: VFL loss: 0.0002, total loss: 0.0385, anchor loss: 0.0547, VFL train accuracy: 1.0000
2026-04-09 22:49:03,426 - Epoch: 37, 221/274: VFL loss: 0.0002, total loss: 0.0385, anchor loss: 0.0547, VFL train accuracy: 1.0000
2026-04-09 22:49:03,762 - Epoch: 37, 231/274: VFL loss: 0.0002, total loss: 0.0384, anchor loss: 0.0546, VFL train accuracy: 1.0000
2026-04-09 22:49:04,092 - Epoch: 37, 241/274: VFL loss: 0.0002, total loss: 0.0385, anchor loss: 0.0547, VFL train accuracy: 1.0000
2026-04-09 22:49:04,423 - Epoch: 37, 251/274: VFL loss: 0.0002, total loss: 0.0385, anchor loss: 0.0547, VFL train accuracy: 1.0000
2026-04-09 22:49:04,736 - Epoch: 37, 261/274: VFL loss: 0.0002, total loss: 0.0385, anchor loss: 0.0547, VFL train accuracy: 1.0000
2026-04-09 22:49:05,068 - Epoch: 37, 271/274: VFL loss: 0.0002, total loss: 0.0385, anchor loss: 0.0547, VFL train accuracy: 1.0000
2026-04-09 22:49:05,171 - => Recorded Stage 2 client anchor losses for epoch 37 to './results/AVGuard/Fourclient/NUSWIDE/lambda_scan/noema_lambda_0.7\stage2_final_epoch_client_anchor_losses.json': {0: 0.021977, 1: 0.066008, 2: 0.058471, 3: 0.072169}
2026-04-09 22:49:05,172 - => Stage 2 EMA anchor update skipped at epoch 37 because momentum=1.0000 disables EMA; eligible classes per client {0: 5, 1: 5, 2: 5, 3: 5}
2026-04-09 22:49:05,172 - => Stage 2 Epoch 37 Training Summary: VFL loss: 0.0002, total loss: 0.0385, anchor loss: 0.0547, VFL train accuracy: 1.0000
2026-04-09 22:49:05,172 - => Test ASR...
2026-04-09 22:49:05,290 - =>Add Trigger to Test Data
2026-04-09 22:49:07,301 - Add Trigger to 37064 Bad Samples, 9629 Clean Samples (1.00)
2026-04-09 22:49:19,870 - => Test Epoch: 37, main task samples: 46693, attack samples: 46693, test loss: 1.3629, clean acc: 0.6134, Top-4: 0.9956, ASR: 0.4434, RAC: 0.4897, test target accuracy: 0.8817, stage3 final accuracy: 0.6134, stage3 final target accuracy: 0.6205, stage3 final asr: 0.4434, anchor loss: 0.0726
2026-04-09 22:49:19,870 - => Stage 3 Detection Summary: recall: 0.6993, precision: 0.0821, f1: 0.1469, false positive rate: 0.4140, correction rate: 0.4263
2026-04-09 22:49:19,870 - => Stage 3 Debug (clean): suspicious=19330/46693, correction_applied=19287, prediction_changed=19287, skipped_tied_vote=0, skipped_low_margin=0, skipped_other=43
2026-04-09 22:49:19,870 - => Stage 3 Debug (poison-valid): suspicious=21081/37064, correction_applied=21079, prediction_changed=21079, skipped_tied_vote=0, skipped_low_margin=0, skipped_other=2
2026-04-09 22:49:19,870 - => Stage 3 Debug (attack-success): suspicious=3317/4743, correction_applied=3315, prediction_changed=3315, corrected_to_true=2022
2026-04-09 22:49:19,915 - => End Epoch: 37, early stop epochs: 36, best epoch: 1, best clean acc: 0.5910, best Top-4: 0.9968, best ASR: 0.3811, best RAC: 0.5188, anchor loss: 0.0816
2026-04-09 22:49:19,915 - => Stage 3 Detection Summary: recall: 0.8060, precision: 0.1511, f1: 0.2545, false positive rate: 0.4260, correction rate: 0.5422
2026-04-09 22:49:19,945 - => LFBA current anchor-derived target label: 3
2026-04-09 22:49:20,041 - =>Add Trigger to Train Data
2026-04-09 22:49:20,293 - Add Trigger to 6996 Bad Samples, 62970 Clean Samples (0.10)
2026-04-09 22:49:20,297 - => Start Training for Injecting Backdoor...
2026-04-09 22:49:20,340 - Epoch: 38, 1/274: VFL loss: 0.0001, total loss: 0.0426, anchor loss: 0.0606, VFL train accuracy: 1.0000
2026-04-09 22:49:20,871 - Epoch: 38, 11/274: VFL loss: 0.0002, total loss: 0.0396, anchor loss: 0.0563, VFL train accuracy: 1.0000
2026-04-09 22:49:21,231 - Epoch: 38, 21/274: VFL loss: 0.0002, total loss: 0.0387, anchor loss: 0.0550, VFL train accuracy: 1.0000
2026-04-09 22:49:21,562 - Epoch: 38, 31/274: VFL loss: 0.0002, total loss: 0.0382, anchor loss: 0.0543, VFL train accuracy: 1.0000
2026-04-09 22:49:21,878 - Epoch: 38, 41/274: VFL loss: 0.0002, total loss: 0.0384, anchor loss: 0.0546, VFL train accuracy: 1.0000
2026-04-09 22:49:22,207 - Epoch: 38, 51/274: VFL loss: 0.0002, total loss: 0.0384, anchor loss: 0.0546, VFL train accuracy: 1.0000
2026-04-09 22:49:22,538 - Epoch: 38, 61/274: VFL loss: 0.0002, total loss: 0.0383, anchor loss: 0.0545, VFL train accuracy: 1.0000
2026-04-09 22:49:22,871 - Epoch: 38, 71/274: VFL loss: 0.0002, total loss: 0.0383, anchor loss: 0.0545, VFL train accuracy: 1.0000
2026-04-09 22:49:23,201 - Epoch: 38, 81/274: VFL loss: 0.0002, total loss: 0.0381, anchor loss: 0.0542, VFL train accuracy: 1.0000
2026-04-09 22:49:23,533 - Epoch: 38, 91/274: VFL loss: 0.0002, total loss: 0.0382, anchor loss: 0.0543, VFL train accuracy: 1.0000
2026-04-09 22:49:23,881 - Epoch: 38, 101/274: VFL loss: 0.0002, total loss: 0.0383, anchor loss: 0.0545, VFL train accuracy: 1.0000
2026-04-09 22:49:24,213 - Epoch: 38, 111/274: VFL loss: 0.0002, total loss: 0.0382, anchor loss: 0.0544, VFL train accuracy: 1.0000
2026-04-09 22:49:24,544 - Epoch: 38, 121/274: VFL loss: 0.0002, total loss: 0.0382, anchor loss: 0.0544, VFL train accuracy: 1.0000
2026-04-09 22:49:24,859 - Epoch: 38, 131/274: VFL loss: 0.0002, total loss: 0.0382, anchor loss: 0.0543, VFL train accuracy: 1.0000
2026-04-09 22:49:25,189 - Epoch: 38, 141/274: VFL loss: 0.0002, total loss: 0.0382, anchor loss: 0.0544, VFL train accuracy: 1.0000
2026-04-09 22:49:25,522 - Epoch: 38, 151/274: VFL loss: 0.0002, total loss: 0.0382, anchor loss: 0.0544, VFL train accuracy: 1.0000
2026-04-09 22:49:25,852 - Epoch: 38, 161/274: VFL loss: 0.0002, total loss: 0.0382, anchor loss: 0.0543, VFL train accuracy: 1.0000
2026-04-09 22:49:26,183 - Epoch: 38, 171/274: VFL loss: 0.0002, total loss: 0.0382, anchor loss: 0.0543, VFL train accuracy: 1.0000
2026-04-09 22:49:26,514 - Epoch: 38, 181/274: VFL loss: 0.0002, total loss: 0.0382, anchor loss: 0.0543, VFL train accuracy: 1.0000
2026-04-09 22:49:26,846 - Epoch: 38, 191/274: VFL loss: 0.0002, total loss: 0.0382, anchor loss: 0.0543, VFL train accuracy: 1.0000
2026-04-09 22:49:27,177 - Epoch: 38, 201/274: VFL loss: 0.0002, total loss: 0.0382, anchor loss: 0.0543, VFL train accuracy: 1.0000
2026-04-09 22:49:27,507 - Epoch: 38, 211/274: VFL loss: 0.0002, total loss: 0.0381, anchor loss: 0.0542, VFL train accuracy: 1.0000
2026-04-09 22:49:27,841 - Epoch: 38, 221/274: VFL loss: 0.0002, total loss: 0.0382, anchor loss: 0.0543, VFL train accuracy: 1.0000
2026-04-09 22:49:28,172 - Epoch: 38, 231/274: VFL loss: 0.0002, total loss: 0.0382, anchor loss: 0.0543, VFL train accuracy: 1.0000
2026-04-09 22:49:28,504 - Epoch: 38, 241/274: VFL loss: 0.0002, total loss: 0.0382, anchor loss: 0.0542, VFL train accuracy: 1.0000
2026-04-09 22:49:28,836 - Epoch: 38, 251/274: VFL loss: 0.0002, total loss: 0.0382, anchor loss: 0.0542, VFL train accuracy: 1.0000
2026-04-09 22:49:29,167 - Epoch: 38, 261/274: VFL loss: 0.0002, total loss: 0.0381, anchor loss: 0.0542, VFL train accuracy: 1.0000
2026-04-09 22:49:29,501 - Epoch: 38, 271/274: VFL loss: 0.0002, total loss: 0.0381, anchor loss: 0.0542, VFL train accuracy: 1.0000
2026-04-09 22:49:29,606 - => Recorded Stage 2 client anchor losses for epoch 38 to './results/AVGuard/Fourclient/NUSWIDE/lambda_scan/noema_lambda_0.7\stage2_final_epoch_client_anchor_losses.json': {0: 0.021476, 1: 0.065601, 2: 0.058344, 3: 0.071305}
2026-04-09 22:49:29,608 - => Stage 2 EMA anchor update skipped at epoch 38 because momentum=1.0000 disables EMA; eligible classes per client {0: 5, 1: 5, 2: 5, 3: 5}
2026-04-09 22:49:29,608 - => Stage 2 Epoch 38 Training Summary: VFL loss: 0.0002, total loss: 0.0381, anchor loss: 0.0542, VFL train accuracy: 1.0000
2026-04-09 22:49:29,608 - => Test ASR...
2026-04-09 22:49:29,731 - =>Add Trigger to Test Data
2026-04-09 22:49:31,689 - Add Trigger to 37064 Bad Samples, 9629 Clean Samples (1.00)
2026-04-09 22:49:43,152 - => Test Epoch: 38, main task samples: 46693, attack samples: 46693, test loss: 1.3888, clean acc: 0.6148, Top-4: 0.9956, ASR: 0.4393, RAC: 0.4920, test target accuracy: 0.8796, stage3 final accuracy: 0.6148, stage3 final target accuracy: 0.6203, stage3 final asr: 0.4393, anchor loss: 0.0725
2026-04-09 22:49:43,152 - => Stage 3 Detection Summary: recall: 0.7009, precision: 0.0812, f1: 0.1456, false positive rate: 0.4119, correction rate: 0.4253
2026-04-09 22:49:43,152 - => Stage 3 Debug (clean): suspicious=19232/46693, correction_applied=19200, prediction_changed=19200, skipped_tied_vote=0, skipped_low_margin=0, skipped_other=32
2026-04-09 22:49:43,153 - => Stage 3 Debug (poison-valid): suspicious=20962/37064, correction_applied=20960, prediction_changed=20960, skipped_tied_vote=0, skipped_low_margin=0, skipped_other=2
2026-04-09 22:49:43,153 - => Stage 3 Debug (attack-success): suspicious=3265/4658, correction_applied=3263, prediction_changed=3263, corrected_to_true=1981
2026-04-09 22:49:43,192 - => End Epoch: 38, early stop epochs: 37, best epoch: 1, best clean acc: 0.5910, best Top-4: 0.9968, best ASR: 0.3811, best RAC: 0.5188, anchor loss: 0.0816
2026-04-09 22:49:43,192 - => Stage 3 Detection Summary: recall: 0.8060, precision: 0.1511, f1: 0.2545, false positive rate: 0.4260, correction rate: 0.5422
2026-04-09 22:49:43,224 - => LFBA current anchor-derived target label: 3
2026-04-09 22:49:43,312 - =>Add Trigger to Train Data
2026-04-09 22:49:43,550 - Add Trigger to 6996 Bad Samples, 62970 Clean Samples (0.10)
2026-04-09 22:49:43,553 - => Start Training for Injecting Backdoor...
2026-04-09 22:49:43,607 - Epoch: 39, 1/274: VFL loss: 0.0001, total loss: 0.0386, anchor loss: 0.0549, VFL train accuracy: 1.0000
2026-04-09 22:49:44,156 - Epoch: 39, 11/274: VFL loss: 0.0002, total loss: 0.0372, anchor loss: 0.0529, VFL train accuracy: 1.0000
2026-04-09 22:49:44,491 - Epoch: 39, 21/274: VFL loss: 0.0002, total loss: 0.0380, anchor loss: 0.0540, VFL train accuracy: 1.0000
2026-04-09 22:49:44,848 - Epoch: 39, 31/274: VFL loss: 0.0002, total loss: 0.0380, anchor loss: 0.0540, VFL train accuracy: 1.0000
2026-04-09 22:49:45,179 - Epoch: 39, 41/274: VFL loss: 0.0002, total loss: 0.0379, anchor loss: 0.0539, VFL train accuracy: 1.0000
2026-04-09 22:49:45,511 - Epoch: 39, 51/274: VFL loss: 0.0002, total loss: 0.0378, anchor loss: 0.0538, VFL train accuracy: 1.0000
2026-04-09 22:49:45,841 - Epoch: 39, 61/274: VFL loss: 0.0002, total loss: 0.0377, anchor loss: 0.0536, VFL train accuracy: 1.0000
2026-04-09 22:49:46,176 - Epoch: 39, 71/274: VFL loss: 0.0002, total loss: 0.0378, anchor loss: 0.0537, VFL train accuracy: 1.0000
2026-04-09 22:49:46,492 - Epoch: 39, 81/274: VFL loss: 0.0002, total loss: 0.0379, anchor loss: 0.0539, VFL train accuracy: 1.0000
2026-04-09 22:49:46,822 - Epoch: 39, 91/274: VFL loss: 0.0002, total loss: 0.0379, anchor loss: 0.0539, VFL train accuracy: 1.0000
2026-04-09 22:49:47,155 - Epoch: 39, 101/274: VFL loss: 0.0002, total loss: 0.0379, anchor loss: 0.0539, VFL train accuracy: 1.0000
2026-04-09 22:49:47,488 - Epoch: 39, 111/274: VFL loss: 0.0002, total loss: 0.0378, anchor loss: 0.0538, VFL train accuracy: 1.0000
2026-04-09 22:49:47,800 - Epoch: 39, 121/274: VFL loss: 0.0002, total loss: 0.0378, anchor loss: 0.0538, VFL train accuracy: 1.0000
2026-04-09 22:49:48,132 - Epoch: 39, 131/274: VFL loss: 0.0002, total loss: 0.0379, anchor loss: 0.0539, VFL train accuracy: 1.0000
2026-04-09 22:49:48,445 - Epoch: 39, 141/274: VFL loss: 0.0002, total loss: 0.0379, anchor loss: 0.0539, VFL train accuracy: 1.0000
2026-04-09 22:49:48,778 - Epoch: 39, 151/274: VFL loss: 0.0002, total loss: 0.0378, anchor loss: 0.0538, VFL train accuracy: 1.0000
2026-04-09 22:49:49,109 - Epoch: 39, 161/274: VFL loss: 0.0002, total loss: 0.0378, anchor loss: 0.0538, VFL train accuracy: 1.0000
2026-04-09 22:49:49,440 - Epoch: 39, 171/274: VFL loss: 0.0002, total loss: 0.0378, anchor loss: 0.0538, VFL train accuracy: 1.0000
2026-04-09 22:49:49,771 - Epoch: 39, 181/274: VFL loss: 0.0002, total loss: 0.0378, anchor loss: 0.0538, VFL train accuracy: 1.0000
2026-04-09 22:49:50,084 - Epoch: 39, 191/274: VFL loss: 0.0002, total loss: 0.0379, anchor loss: 0.0539, VFL train accuracy: 1.0000
2026-04-09 22:49:50,365 - Epoch: 39, 201/274: VFL loss: 0.0002, total loss: 0.0379, anchor loss: 0.0539, VFL train accuracy: 1.0000
2026-04-09 22:49:50,662 - Epoch: 39, 211/274: VFL loss: 0.0002, total loss: 0.0379, anchor loss: 0.0539, VFL train accuracy: 1.0000
2026-04-09 22:49:50,948 - Epoch: 39, 221/274: VFL loss: 0.0002, total loss: 0.0379, anchor loss: 0.0539, VFL train accuracy: 1.0000
2026-04-09 22:49:51,260 - Epoch: 39, 231/274: VFL loss: 0.0002, total loss: 0.0379, anchor loss: 0.0539, VFL train accuracy: 1.0000
2026-04-09 22:49:51,591 - Epoch: 39, 241/274: VFL loss: 0.0002, total loss: 0.0380, anchor loss: 0.0540, VFL train accuracy: 1.0000
2026-04-09 22:49:51,933 - Epoch: 39, 251/274: VFL loss: 0.0002, total loss: 0.0379, anchor loss: 0.0539, VFL train accuracy: 1.0000
2026-04-09 22:49:52,272 - Epoch: 39, 261/274: VFL loss: 0.0002, total loss: 0.0379, anchor loss: 0.0539, VFL train accuracy: 1.0000
2026-04-09 22:49:52,604 - Epoch: 39, 271/274: VFL loss: 0.0002, total loss: 0.0380, anchor loss: 0.0540, VFL train accuracy: 1.0000
2026-04-09 22:49:52,707 - => Recorded Stage 2 client anchor losses for epoch 39 to './results/AVGuard/Fourclient/NUSWIDE/lambda_scan/noema_lambda_0.7\stage2_final_epoch_client_anchor_losses.json': {0: 0.020991, 1: 0.065192, 2: 0.058229, 3: 0.071599}
2026-04-09 22:49:52,708 - => Stage 2 EMA anchor update skipped at epoch 39 because momentum=1.0000 disables EMA; eligible classes per client {0: 5, 1: 5, 2: 5, 3: 5}
2026-04-09 22:49:52,708 - => Stage 2 Epoch 39 Training Summary: VFL loss: 0.0002, total loss: 0.0380, anchor loss: 0.0540, VFL train accuracy: 1.0000
2026-04-09 22:49:52,708 - => Test ASR...
2026-04-09 22:49:52,830 - =>Add Trigger to Test Data
2026-04-09 22:49:54,857 - Add Trigger to 37064 Bad Samples, 9629 Clean Samples (1.00)
2026-04-09 22:50:06,905 - => Test Epoch: 39, main task samples: 46693, attack samples: 46693, test loss: 1.4298, clean acc: 0.6154, Top-4: 0.9955, ASR: 0.4375, RAC: 0.4891, test target accuracy: 0.8819, stage3 final accuracy: 0.6154, stage3 final target accuracy: 0.6200, stage3 final asr: 0.4375, anchor loss: 0.0724
2026-04-09 22:50:06,905 - => Stage 3 Detection Summary: recall: 0.6820, precision: 0.0740, f1: 0.1335, false positive rate: 0.4114, correction rate: 0.4061
2026-04-09 22:50:06,905 - => Stage 3 Debug (clean): suspicious=19211/46693, correction_applied=19173, prediction_changed=19173, skipped_tied_vote=0, skipped_low_margin=0, skipped_other=38
2026-04-09 22:50:06,905 - => Stage 3 Debug (poison-valid): suspicious=20940/37064, correction_applied=20938, prediction_changed=20938, skipped_tied_vote=0, skipped_low_margin=0, skipped_other=2
2026-04-09 22:50:06,905 - => Stage 3 Debug (attack-success): suspicious=2972/4358, correction_applied=2970, prediction_changed=2970, corrected_to_true=1770
2026-04-09 22:50:06,945 - => End Epoch: 39, early stop epochs: 38, best epoch: 1, best clean acc: 0.5910, best Top-4: 0.9968, best ASR: 0.3811, best RAC: 0.5188, anchor loss: 0.0816
2026-04-09 22:50:06,946 - => Stage 3 Detection Summary: recall: 0.8060, precision: 0.1511, f1: 0.2545, false positive rate: 0.4260, correction rate: 0.5422
2026-04-09 22:50:06,979 - => LFBA current anchor-derived target label: 3
2026-04-09 22:50:07,068 - =>Add Trigger to Train Data
2026-04-09 22:50:07,312 - Add Trigger to 6996 Bad Samples, 62970 Clean Samples (0.10)
2026-04-09 22:50:07,316 - => Start Training for Injecting Backdoor...
2026-04-09 22:50:07,361 - Epoch: 40, 1/274: VFL loss: 0.0001, total loss: 0.0397, anchor loss: 0.0566, VFL train accuracy: 1.0000
2026-04-09 22:50:07,910 - Epoch: 40, 11/274: VFL loss: 0.0002, total loss: 0.0381, anchor loss: 0.0542, VFL train accuracy: 1.0000
2026-04-09 22:50:08,253 - Epoch: 40, 21/274: VFL loss: 0.0002, total loss: 0.0381, anchor loss: 0.0542, VFL train accuracy: 1.0000
2026-04-09 22:50:08,587 - Epoch: 40, 31/274: VFL loss: 0.0002, total loss: 0.0378, anchor loss: 0.0538, VFL train accuracy: 1.0000
2026-04-09 22:50:08,918 - Epoch: 40, 41/274: VFL loss: 0.0002, total loss: 0.0377, anchor loss: 0.0537, VFL train accuracy: 1.0000
2026-04-09 22:50:09,248 - Epoch: 40, 51/274: VFL loss: 0.0002, total loss: 0.0376, anchor loss: 0.0535, VFL train accuracy: 1.0000
2026-04-09 22:50:09,580 - Epoch: 40, 61/274: VFL loss: 0.0002, total loss: 0.0378, anchor loss: 0.0537, VFL train accuracy: 1.0000
2026-04-09 22:50:09,911 - Epoch: 40, 71/274: VFL loss: 0.0002, total loss: 0.0379, anchor loss: 0.0539, VFL train accuracy: 1.0000
2026-04-09 22:50:10,222 - Epoch: 40, 81/274: VFL loss: 0.0002, total loss: 0.0378, anchor loss: 0.0538, VFL train accuracy: 1.0000
2026-04-09 22:50:10,538 - Epoch: 40, 91/274: VFL loss: 0.0001, total loss: 0.0378, anchor loss: 0.0538, VFL train accuracy: 1.0000
2026-04-09 22:50:10,852 - Epoch: 40, 101/274: VFL loss: 0.0001, total loss: 0.0378, anchor loss: 0.0538, VFL train accuracy: 1.0000
2026-04-09 22:50:11,170 - Epoch: 40, 111/274: VFL loss: 0.0001, total loss: 0.0378, anchor loss: 0.0538, VFL train accuracy: 1.0000
2026-04-09 22:50:11,500 - Epoch: 40, 121/274: VFL loss: 0.0001, total loss: 0.0378, anchor loss: 0.0538, VFL train accuracy: 1.0000
2026-04-09 22:50:11,813 - Epoch: 40, 131/274: VFL loss: 0.0002, total loss: 0.0378, anchor loss: 0.0537, VFL train accuracy: 1.0000
2026-04-09 22:50:12,127 - Epoch: 40, 141/274: VFL loss: 0.0002, total loss: 0.0378, anchor loss: 0.0537, VFL train accuracy: 1.0000
2026-04-09 22:50:12,458 - Epoch: 40, 151/274: VFL loss: 0.0002, total loss: 0.0378, anchor loss: 0.0537, VFL train accuracy: 1.0000
2026-04-09 22:50:12,747 - Epoch: 40, 161/274: VFL loss: 0.0002, total loss: 0.0377, anchor loss: 0.0536, VFL train accuracy: 1.0000
2026-04-09 22:50:13,075 - Epoch: 40, 171/274: VFL loss: 0.0002, total loss: 0.0377, anchor loss: 0.0537, VFL train accuracy: 1.0000
2026-04-09 22:50:13,409 - Epoch: 40, 181/274: VFL loss: 0.0002, total loss: 0.0377, anchor loss: 0.0536, VFL train accuracy: 1.0000
2026-04-09 22:50:13,715 - Epoch: 40, 191/274: VFL loss: 0.0002, total loss: 0.0377, anchor loss: 0.0536, VFL train accuracy: 1.0000
2026-04-09 22:50:14,019 - Epoch: 40, 201/274: VFL loss: 0.0002, total loss: 0.0377, anchor loss: 0.0536, VFL train accuracy: 1.0000
2026-04-09 22:50:14,351 - Epoch: 40, 211/274: VFL loss: 0.0002, total loss: 0.0376, anchor loss: 0.0535, VFL train accuracy: 1.0000
2026-04-09 22:50:14,681 - Epoch: 40, 221/274: VFL loss: 0.0002, total loss: 0.0377, anchor loss: 0.0536, VFL train accuracy: 1.0000
2026-04-09 22:50:14,996 - Epoch: 40, 231/274: VFL loss: 0.0002, total loss: 0.0376, anchor loss: 0.0535, VFL train accuracy: 1.0000
2026-04-09 22:50:15,313 - Epoch: 40, 241/274: VFL loss: 0.0002, total loss: 0.0376, anchor loss: 0.0535, VFL train accuracy: 1.0000
2026-04-09 22:50:15,632 - Epoch: 40, 251/274: VFL loss: 0.0002, total loss: 0.0376, anchor loss: 0.0535, VFL train accuracy: 1.0000
2026-04-09 22:50:15,930 - Epoch: 40, 261/274: VFL loss: 0.0002, total loss: 0.0376, anchor loss: 0.0535, VFL train accuracy: 1.0000
2026-04-09 22:50:16,259 - Epoch: 40, 271/274: VFL loss: 0.0002, total loss: 0.0376, anchor loss: 0.0535, VFL train accuracy: 1.0000
2026-04-09 22:50:16,364 - => Recorded Stage 2 client anchor losses for epoch 40 to './results/AVGuard/Fourclient/NUSWIDE/lambda_scan/noema_lambda_0.7\stage2_final_epoch_client_anchor_losses.json': {0: 0.020532, 1: 0.064783, 2: 0.058099, 3: 0.070792}
2026-04-09 22:50:16,365 - => Stage 2 EMA anchor update skipped at epoch 40 because momentum=1.0000 disables EMA; eligible classes per client {0: 5, 1: 5, 2: 5, 3: 5}
2026-04-09 22:50:16,365 - => Stage 2 Epoch 40 Training Summary: VFL loss: 0.0002, total loss: 0.0377, anchor loss: 0.0536, VFL train accuracy: 1.0000
2026-04-09 22:50:16,365 - => Test ASR...
2026-04-09 22:50:16,493 - =>Add Trigger to Test Data
2026-04-09 22:50:18,462 - Add Trigger to 37064 Bad Samples, 9629 Clean Samples (1.00)
2026-04-09 22:50:28,016 - => Test Epoch: 40, main task samples: 46693, attack samples: 46693, test loss: 1.4505, clean acc: 0.6152, Top-4: 0.9954, ASR: 0.4334, RAC: 0.4925, test target accuracy: 0.8852, stage3 final accuracy: 0.6152, stage3 final target accuracy: 0.6183, stage3 final asr: 0.4334, anchor loss: 0.0723
2026-04-09 22:50:28,016 - => Stage 3 Detection Summary: recall: 0.6932, precision: 0.0811, f1: 0.1452, false positive rate: 0.4110, correction rate: 0.4140
2026-04-09 22:50:28,017 - => Stage 3 Debug (clean): suspicious=19193/46693, correction_applied=19150, prediction_changed=19150, skipped_tied_vote=0, skipped_low_margin=0, skipped_other=43
2026-04-09 22:50:28,017 - => Stage 3 Debug (poison-valid): suspicious=20851/37064, correction_applied=20850, prediction_changed=20850, skipped_tied_vote=0, skipped_low_margin=0, skipped_other=1
2026-04-09 22:50:28,017 - => Stage 3 Debug (attack-success): suspicious=3247/4684, correction_applied=3246, prediction_changed=3246, corrected_to_true=1939
2026-04-09 22:50:28,053 - => End Epoch: 40, early stop epochs: 39, best epoch: 1, best clean acc: 0.5910, best Top-4: 0.9968, best ASR: 0.3811, best RAC: 0.5188, anchor loss: 0.0816
2026-04-09 22:50:28,053 - => Stage 3 Detection Summary: recall: 0.8060, precision: 0.1511, f1: 0.2545, false positive rate: 0.4260, correction rate: 0.5422
2026-04-09 22:50:28,084 - => LFBA current anchor-derived target label: 3
2026-04-09 22:50:28,168 - =>Add Trigger to Train Data
2026-04-09 22:50:28,428 - Add Trigger to 6996 Bad Samples, 62970 Clean Samples (0.10)
2026-04-09 22:50:28,431 - => Start Training for Injecting Backdoor...
2026-04-09 22:50:28,471 - Epoch: 41, 1/274: VFL loss: 0.0001, total loss: 0.0343, anchor loss: 0.0489, VFL train accuracy: 1.0000
2026-04-09 22:50:28,942 - Epoch: 41, 11/274: VFL loss: 0.0001, total loss: 0.0380, anchor loss: 0.0541, VFL train accuracy: 1.0000
2026-04-09 22:50:29,240 - Epoch: 41, 21/274: VFL loss: 0.0001, total loss: 0.0373, anchor loss: 0.0531, VFL train accuracy: 1.0000
2026-04-09 22:50:29,664 - Epoch: 41, 31/274: VFL loss: 0.0001, total loss: 0.0369, anchor loss: 0.0526, VFL train accuracy: 1.0000
2026-04-09 22:50:29,991 - Epoch: 41, 41/274: VFL loss: 0.0001, total loss: 0.0372, anchor loss: 0.0530, VFL train accuracy: 1.0000
2026-04-09 22:50:30,290 - Epoch: 41, 51/274: VFL loss: 0.0001, total loss: 0.0373, anchor loss: 0.0532, VFL train accuracy: 1.0000
2026-04-09 22:50:30,616 - Epoch: 41, 61/274: VFL loss: 0.0001, total loss: 0.0374, anchor loss: 0.0532, VFL train accuracy: 1.0000
2026-04-09 22:50:30,935 - Epoch: 41, 71/274: VFL loss: 0.0001, total loss: 0.0373, anchor loss: 0.0532, VFL train accuracy: 1.0000
2026-04-09 22:50:31,219 - Epoch: 41, 81/274: VFL loss: 0.0001, total loss: 0.0374, anchor loss: 0.0533, VFL train accuracy: 1.0000
2026-04-09 22:50:31,491 - Epoch: 41, 91/274: VFL loss: 0.0001, total loss: 0.0374, anchor loss: 0.0532, VFL train accuracy: 1.0000
2026-04-09 22:50:31,810 - Epoch: 41, 101/274: VFL loss: 0.0001, total loss: 0.0373, anchor loss: 0.0532, VFL train accuracy: 1.0000
2026-04-09 22:50:32,088 - Epoch: 41, 111/274: VFL loss: 0.0001, total loss: 0.0374, anchor loss: 0.0532, VFL train accuracy: 1.0000
2026-04-09 22:50:32,334 - Epoch: 41, 121/274: VFL loss: 0.0001, total loss: 0.0373, anchor loss: 0.0531, VFL train accuracy: 1.0000
2026-04-09 22:50:32,596 - Epoch: 41, 131/274: VFL loss: 0.0001, total loss: 0.0373, anchor loss: 0.0531, VFL train accuracy: 1.0000
2026-04-09 22:50:32,862 - Epoch: 41, 141/274: VFL loss: 0.0001, total loss: 0.0373, anchor loss: 0.0532, VFL train accuracy: 1.0000
2026-04-09 22:50:33,099 - Epoch: 41, 151/274: VFL loss: 0.0001, total loss: 0.0374, anchor loss: 0.0532, VFL train accuracy: 1.0000
2026-04-09 22:50:33,330 - Epoch: 41, 161/274: VFL loss: 0.0001, total loss: 0.0374, anchor loss: 0.0533, VFL train accuracy: 1.0000
2026-04-09 22:50:33,558 - Epoch: 41, 171/274: VFL loss: 0.0001, total loss: 0.0374, anchor loss: 0.0533, VFL train accuracy: 1.0000
2026-04-09 22:50:33,785 - Epoch: 41, 181/274: VFL loss: 0.0001, total loss: 0.0374, anchor loss: 0.0532, VFL train accuracy: 1.0000
2026-04-09 22:50:34,027 - Epoch: 41, 191/274: VFL loss: 0.0001, total loss: 0.0374, anchor loss: 0.0532, VFL train accuracy: 1.0000
2026-04-09 22:50:34,282 - Epoch: 41, 201/274: VFL loss: 0.0001, total loss: 0.0374, anchor loss: 0.0532, VFL train accuracy: 1.0000
2026-04-09 22:50:34,539 - Epoch: 41, 211/274: VFL loss: 0.0001, total loss: 0.0374, anchor loss: 0.0532, VFL train accuracy: 1.0000
2026-04-09 22:50:34,811 - Epoch: 41, 221/274: VFL loss: 0.0001, total loss: 0.0374, anchor loss: 0.0533, VFL train accuracy: 1.0000
2026-04-09 22:50:35,076 - Epoch: 41, 231/274: VFL loss: 0.0001, total loss: 0.0374, anchor loss: 0.0533, VFL train accuracy: 1.0000
2026-04-09 22:50:35,332 - Epoch: 41, 241/274: VFL loss: 0.0001, total loss: 0.0374, anchor loss: 0.0533, VFL train accuracy: 1.0000
2026-04-09 22:50:35,572 - Epoch: 41, 251/274: VFL loss: 0.0001, total loss: 0.0374, anchor loss: 0.0533, VFL train accuracy: 1.0000
2026-04-09 22:50:35,820 - Epoch: 41, 261/274: VFL loss: 0.0001, total loss: 0.0374, anchor loss: 0.0533, VFL train accuracy: 1.0000
2026-04-09 22:50:36,076 - Epoch: 41, 271/274: VFL loss: 0.0001, total loss: 0.0374, anchor loss: 0.0533, VFL train accuracy: 1.0000
2026-04-09 22:50:36,157 - => Recorded Stage 2 client anchor losses for epoch 41 to './results/AVGuard/Fourclient/NUSWIDE/lambda_scan/noema_lambda_0.7\stage2_final_epoch_client_anchor_losses.json': {0: 0.019992, 1: 0.064333, 2: 0.057914, 3: 0.070978}
2026-04-09 22:50:36,161 - => Stage 2 EMA anchor update skipped at epoch 41 because momentum=1.0000 disables EMA; eligible classes per client {0: 5, 1: 5, 2: 5, 3: 5}
2026-04-09 22:50:36,161 - => Stage 2 Epoch 41 Training Summary: VFL loss: 0.0001, total loss: 0.0374, anchor loss: 0.0533, VFL train accuracy: 1.0000
2026-04-09 22:50:36,161 - => Test ASR...
2026-04-09 22:50:36,276 - =>Add Trigger to Test Data
2026-04-09 22:50:38,244 - Add Trigger to 37064 Bad Samples, 9629 Clean Samples (1.00)
2026-04-09 22:50:49,064 - => Test Epoch: 41, main task samples: 46693, attack samples: 46693, test loss: 1.4536, clean acc: 0.6164, Top-4: 0.9955, ASR: 0.4347, RAC: 0.4916, test target accuracy: 0.8834, stage3 final accuracy: 0.6164, stage3 final target accuracy: 0.6169, stage3 final asr: 0.4347, anchor loss: 0.0722
2026-04-09 22:50:49,064 - => Stage 3 Detection Summary: recall: 0.6941, precision: 0.0798, f1: 0.1431, false positive rate: 0.4102, correction rate: 0.4136
2026-04-09 22:50:49,064 - => Stage 3 Debug (clean): suspicious=19154/46693, correction_applied=19106, prediction_changed=19106, skipped_tied_vote=0, skipped_low_margin=0, skipped_other=48
2026-04-09 22:50:49,065 - => Stage 3 Debug (poison-valid): suspicious=20870/37064, correction_applied=20870, prediction_changed=20870, skipped_tied_vote=0, skipped_low_margin=0, skipped_other=0
2026-04-09 22:50:49,065 - => Stage 3 Debug (attack-success): suspicious=3192/4599, correction_applied=3192, prediction_changed=3192, corrected_to_true=1902
2026-04-09 22:50:49,107 - => End Epoch: 41, early stop epochs: 40, best epoch: 1, best clean acc: 0.5910, best Top-4: 0.9968, best ASR: 0.3811, best RAC: 0.5188, anchor loss: 0.0816
2026-04-09 22:50:49,107 - => Stage 3 Detection Summary: recall: 0.8060, precision: 0.1511, f1: 0.2545, false positive rate: 0.4260, correction rate: 0.5422
2026-04-09 22:50:49,133 - => LFBA current anchor-derived target label: 3
2026-04-09 22:50:49,222 - =>Add Trigger to Train Data
2026-04-09 22:50:49,438 - Add Trigger to 6996 Bad Samples, 62970 Clean Samples (0.10)
2026-04-09 22:50:49,441 - => Start Training for Injecting Backdoor...
2026-04-09 22:50:49,474 - Epoch: 42, 1/274: VFL loss: 0.0001, total loss: 0.0415, anchor loss: 0.0591, VFL train accuracy: 1.0000
2026-04-09 22:50:49,900 - Epoch: 42, 11/274: VFL loss: 0.0002, total loss: 0.0378, anchor loss: 0.0539, VFL train accuracy: 1.0000
2026-04-09 22:50:50,162 - Epoch: 42, 21/274: VFL loss: 0.0001, total loss: 0.0371, anchor loss: 0.0528, VFL train accuracy: 1.0000
2026-04-09 22:50:50,400 - Epoch: 42, 31/274: VFL loss: 0.0001, total loss: 0.0370, anchor loss: 0.0526, VFL train accuracy: 1.0000
2026-04-09 22:50:50,679 - Epoch: 42, 41/274: VFL loss: 0.0001, total loss: 0.0372, anchor loss: 0.0530, VFL train accuracy: 1.0000
2026-04-09 22:50:50,977 - Epoch: 42, 51/274: VFL loss: 0.0001, total loss: 0.0372, anchor loss: 0.0530, VFL train accuracy: 1.0000
2026-04-09 22:50:51,260 - Epoch: 42, 61/274: VFL loss: 0.0001, total loss: 0.0373, anchor loss: 0.0531, VFL train accuracy: 1.0000
2026-04-09 22:50:51,540 - Epoch: 42, 71/274: VFL loss: 0.0001, total loss: 0.0373, anchor loss: 0.0531, VFL train accuracy: 1.0000
2026-04-09 22:50:51,811 - Epoch: 42, 81/274: VFL loss: 0.0001, total loss: 0.0374, anchor loss: 0.0532, VFL train accuracy: 1.0000
2026-04-09 22:50:52,099 - Epoch: 42, 91/274: VFL loss: 0.0001, total loss: 0.0374, anchor loss: 0.0533, VFL train accuracy: 1.0000
2026-04-09 22:50:52,368 - Epoch: 42, 101/274: VFL loss: 0.0001, total loss: 0.0374, anchor loss: 0.0532, VFL train accuracy: 1.0000
2026-04-09 22:50:52,679 - Epoch: 42, 111/274: VFL loss: 0.0001, total loss: 0.0375, anchor loss: 0.0534, VFL train accuracy: 1.0000
2026-04-09 22:50:52,957 - Epoch: 42, 121/274: VFL loss: 0.0001, total loss: 0.0374, anchor loss: 0.0533, VFL train accuracy: 1.0000
2026-04-09 22:50:53,226 - Epoch: 42, 131/274: VFL loss: 0.0001, total loss: 0.0374, anchor loss: 0.0532, VFL train accuracy: 1.0000
2026-04-09 22:50:53,508 - Epoch: 42, 141/274: VFL loss: 0.0001, total loss: 0.0374, anchor loss: 0.0532, VFL train accuracy: 1.0000
2026-04-09 22:50:53,842 - Epoch: 42, 151/274: VFL loss: 0.0002, total loss: 0.0374, anchor loss: 0.0533, VFL train accuracy: 1.0000
2026-04-09 22:50:54,125 - Epoch: 42, 161/274: VFL loss: 0.0002, total loss: 0.0374, anchor loss: 0.0532, VFL train accuracy: 1.0000
2026-04-09 22:50:54,386 - Epoch: 42, 171/274: VFL loss: 0.0002, total loss: 0.0374, anchor loss: 0.0532, VFL train accuracy: 1.0000
2026-04-09 22:50:54,668 - Epoch: 42, 181/274: VFL loss: 0.0002, total loss: 0.0373, anchor loss: 0.0531, VFL train accuracy: 1.0000
2026-04-09 22:50:54,933 - Epoch: 42, 191/274: VFL loss: 0.0002, total loss: 0.0373, anchor loss: 0.0531, VFL train accuracy: 1.0000
2026-04-09 22:50:55,191 - Epoch: 42, 201/274: VFL loss: 0.0002, total loss: 0.0373, anchor loss: 0.0531, VFL train accuracy: 1.0000
2026-04-09 22:50:55,446 - Epoch: 42, 211/274: VFL loss: 0.0002, total loss: 0.0373, anchor loss: 0.0531, VFL train accuracy: 1.0000
2026-04-09 22:50:55,731 - Epoch: 42, 221/274: VFL loss: 0.0002, total loss: 0.0373, anchor loss: 0.0531, VFL train accuracy: 1.0000
2026-04-09 22:50:56,018 - Epoch: 42, 231/274: VFL loss: 0.0002, total loss: 0.0373, anchor loss: 0.0531, VFL train accuracy: 1.0000
2026-04-09 22:50:56,284 - Epoch: 42, 241/274: VFL loss: 0.0001, total loss: 0.0373, anchor loss: 0.0531, VFL train accuracy: 1.0000
2026-04-09 22:50:56,557 - Epoch: 42, 251/274: VFL loss: 0.0001, total loss: 0.0373, anchor loss: 0.0531, VFL train accuracy: 1.0000
2026-04-09 22:50:56,836 - Epoch: 42, 261/274: VFL loss: 0.0001, total loss: 0.0373, anchor loss: 0.0531, VFL train accuracy: 1.0000
2026-04-09 22:50:57,089 - Epoch: 42, 271/274: VFL loss: 0.0001, total loss: 0.0373, anchor loss: 0.0531, VFL train accuracy: 1.0000
2026-04-09 22:50:57,172 - => Recorded Stage 2 client anchor losses for epoch 42 to './results/AVGuard/Fourclient/NUSWIDE/lambda_scan/noema_lambda_0.7\stage2_final_epoch_client_anchor_losses.json': {0: 0.019934, 1: 0.06427, 2: 0.05789, 3: 0.070445}
2026-04-09 22:50:57,173 - => Stage 2 EMA anchor update skipped at epoch 42 because momentum=1.0000 disables EMA; eligible classes per client {0: 5, 1: 5, 2: 5, 3: 5}
2026-04-09 22:50:57,173 - => Stage 2 Epoch 42 Training Summary: VFL loss: 0.0001, total loss: 0.0374, anchor loss: 0.0532, VFL train accuracy: 1.0000
2026-04-09 22:50:57,174 - => Test ASR...
2026-04-09 22:50:57,295 - =>Add Trigger to Test Data
2026-04-09 22:50:59,150 - Add Trigger to 37064 Bad Samples, 9629 Clean Samples (1.00)
2026-04-09 22:51:10,161 - => Test Epoch: 42, main task samples: 46693, attack samples: 46693, test loss: 1.4597, clean acc: 0.6164, Top-4: 0.9955, ASR: 0.4357, RAC: 0.4919, test target accuracy: 0.8842, stage3 final accuracy: 0.6164, stage3 final target accuracy: 0.6190, stage3 final asr: 0.4357, anchor loss: 0.0722
2026-04-09 22:51:10,162 - => Stage 3 Detection Summary: recall: 0.6930, precision: 0.0806, f1: 0.1444, false positive rate: 0.4097, correction rate: 0.4128
2026-04-09 22:51:10,162 - => Stage 3 Debug (clean): suspicious=19132/46693, correction_applied=19086, prediction_changed=19086, skipped_tied_vote=0, skipped_low_margin=0, skipped_other=46
2026-04-09 22:51:10,162 - => Stage 3 Debug (poison-valid): suspicious=20855/37064, correction_applied=20853, prediction_changed=20853, skipped_tied_vote=0, skipped_low_margin=0, skipped_other=2
2026-04-09 22:51:10,162 - => Stage 3 Debug (attack-success): suspicious=3223/4651, correction_applied=3221, prediction_changed=3221, corrected_to_true=1920
2026-04-09 22:51:10,201 - => End Epoch: 42, early stop epochs: 41, best epoch: 1, best clean acc: 0.5910, best Top-4: 0.9968, best ASR: 0.3811, best RAC: 0.5188, anchor loss: 0.0816
2026-04-09 22:51:10,201 - => Stage 3 Detection Summary: recall: 0.8060, precision: 0.1511, f1: 0.2545, false positive rate: 0.4260, correction rate: 0.5422
2026-04-09 22:51:10,228 - => LFBA current anchor-derived target label: 3
2026-04-09 22:51:10,318 - =>Add Trigger to Train Data
2026-04-09 22:51:10,551 - Add Trigger to 6996 Bad Samples, 62970 Clean Samples (0.10)
2026-04-09 22:51:10,554 - => Start Training for Injecting Backdoor...
2026-04-09 22:51:10,595 - Epoch: 43, 1/274: VFL loss: 0.0003, total loss: 0.0388, anchor loss: 0.0551, VFL train accuracy: 1.0000
2026-04-09 22:51:11,043 - Epoch: 43, 11/274: VFL loss: 0.0001, total loss: 0.0378, anchor loss: 0.0539, VFL train accuracy: 1.0000
2026-04-09 22:51:11,351 - Epoch: 43, 21/274: VFL loss: 0.0001, total loss: 0.0378, anchor loss: 0.0538, VFL train accuracy: 1.0000
2026-04-09 22:51:11,639 - Epoch: 43, 31/274: VFL loss: 0.0001, total loss: 0.0377, anchor loss: 0.0536, VFL train accuracy: 1.0000
2026-04-09 22:51:11,951 - Epoch: 43, 41/274: VFL loss: 0.0001, total loss: 0.0379, anchor loss: 0.0540, VFL train accuracy: 1.0000
2026-04-09 22:51:12,269 - Epoch: 43, 51/274: VFL loss: 0.0001, total loss: 0.0377, anchor loss: 0.0536, VFL train accuracy: 1.0000
2026-04-09 22:51:12,602 - Epoch: 43, 61/274: VFL loss: 0.0001, total loss: 0.0377, anchor loss: 0.0536, VFL train accuracy: 1.0000
2026-04-09 22:51:12,916 - Epoch: 43, 71/274: VFL loss: 0.0001, total loss: 0.0375, anchor loss: 0.0534, VFL train accuracy: 1.0000
2026-04-09 22:51:13,191 - Epoch: 43, 81/274: VFL loss: 0.0001, total loss: 0.0375, anchor loss: 0.0533, VFL train accuracy: 1.0000
2026-04-09 22:51:13,473 - Epoch: 43, 91/274: VFL loss: 0.0001, total loss: 0.0374, anchor loss: 0.0533, VFL train accuracy: 1.0000
2026-04-09 22:51:13,760 - Epoch: 43, 101/274: VFL loss: 0.0001, total loss: 0.0374, anchor loss: 0.0532, VFL train accuracy: 1.0000
2026-04-09 22:51:14,060 - Epoch: 43, 111/274: VFL loss: 0.0001, total loss: 0.0373, anchor loss: 0.0531, VFL train accuracy: 1.0000
2026-04-09 22:51:14,391 - Epoch: 43, 121/274: VFL loss: 0.0001, total loss: 0.0374, anchor loss: 0.0532, VFL train accuracy: 1.0000
2026-04-09 22:51:14,701 - Epoch: 43, 131/274: VFL loss: 0.0001, total loss: 0.0375, anchor loss: 0.0534, VFL train accuracy: 1.0000
2026-04-09 22:51:15,020 - Epoch: 43, 141/274: VFL loss: 0.0001, total loss: 0.0375, anchor loss: 0.0534, VFL train accuracy: 1.0000
2026-04-09 22:51:15,336 - Epoch: 43, 151/274: VFL loss: 0.0001, total loss: 0.0375, anchor loss: 0.0534, VFL train accuracy: 1.0000
2026-04-09 22:51:15,636 - Epoch: 43, 161/274: VFL loss: 0.0001, total loss: 0.0375, anchor loss: 0.0534, VFL train accuracy: 1.0000
2026-04-09 22:51:15,947 - Epoch: 43, 171/274: VFL loss: 0.0001, total loss: 0.0375, anchor loss: 0.0534, VFL train accuracy: 1.0000
2026-04-09 22:51:16,246 - Epoch: 43, 181/274: VFL loss: 0.0001, total loss: 0.0375, anchor loss: 0.0534, VFL train accuracy: 1.0000
2026-04-09 22:51:16,577 - Epoch: 43, 191/274: VFL loss: 0.0001, total loss: 0.0375, anchor loss: 0.0534, VFL train accuracy: 1.0000
2026-04-09 22:51:16,896 - Epoch: 43, 201/274: VFL loss: 0.0001, total loss: 0.0375, anchor loss: 0.0534, VFL train accuracy: 1.0000
2026-04-09 22:51:17,207 - Epoch: 43, 211/274: VFL loss: 0.0001, total loss: 0.0374, anchor loss: 0.0533, VFL train accuracy: 1.0000
2026-04-09 22:51:17,504 - Epoch: 43, 221/274: VFL loss: 0.0001, total loss: 0.0374, anchor loss: 0.0532, VFL train accuracy: 1.0000
2026-04-09 22:51:17,804 - Epoch: 43, 231/274: VFL loss: 0.0001, total loss: 0.0374, anchor loss: 0.0532, VFL train accuracy: 1.0000
2026-04-09 22:51:18,134 - Epoch: 43, 241/274: VFL loss: 0.0001, total loss: 0.0374, anchor loss: 0.0533, VFL train accuracy: 1.0000
2026-04-09 22:51:18,466 - Epoch: 43, 251/274: VFL loss: 0.0001, total loss: 0.0374, anchor loss: 0.0532, VFL train accuracy: 1.0000
2026-04-09 22:51:18,780 - Epoch: 43, 261/274: VFL loss: 0.0001, total loss: 0.0374, anchor loss: 0.0532, VFL train accuracy: 1.0000
2026-04-09 22:51:19,114 - Epoch: 43, 271/274: VFL loss: 0.0001, total loss: 0.0374, anchor loss: 0.0532, VFL train accuracy: 1.0000
2026-04-09 22:51:19,216 - => Recorded Stage 2 client anchor losses for epoch 43 to './results/AVGuard/Fourclient/NUSWIDE/lambda_scan/noema_lambda_0.7\stage2_final_epoch_client_anchor_losses.json': {0: 0.019875, 1: 0.064212, 2: 0.057872, 3: 0.070825}
2026-04-09 22:51:19,217 - => Stage 2 EMA anchor update skipped at epoch 43 because momentum=1.0000 disables EMA; eligible classes per client {0: 5, 1: 5, 2: 5, 3: 5}
2026-04-09 22:51:19,217 - => Stage 2 Epoch 43 Training Summary: VFL loss: 0.0001, total loss: 0.0373, anchor loss: 0.0532, VFL train accuracy: 1.0000
2026-04-09 22:51:19,217 - => Test ASR...
2026-04-09 22:51:19,339 - =>Add Trigger to Test Data
2026-04-09 22:51:21,231 - Add Trigger to 37064 Bad Samples, 9629 Clean Samples (1.00)
2026-04-09 22:51:32,750 - => Test Epoch: 43, main task samples: 46693, attack samples: 46693, test loss: 1.4626, clean acc: 0.6163, Top-4: 0.9955, ASR: 0.4361, RAC: 0.4917, test target accuracy: 0.8826, stage3 final accuracy: 0.6163, stage3 final target accuracy: 0.6179, stage3 final asr: 0.4361, anchor loss: 0.0722
2026-04-09 22:51:32,750 - => Stage 3 Detection Summary: recall: 0.6937, precision: 0.0796, f1: 0.1428, false positive rate: 0.4098, correction rate: 0.4136
2026-04-09 22:51:32,750 - => Stage 3 Debug (clean): suspicious=19136/46693, correction_applied=19090, prediction_changed=19090, skipped_tied_vote=0, skipped_low_margin=0, skipped_other=46
2026-04-09 22:51:32,751 - => Stage 3 Debug (poison-valid): suspicious=20853/37064, correction_applied=20853, prediction_changed=20853, skipped_tied_vote=0, skipped_low_margin=0, skipped_other=0
2026-04-09 22:51:32,751 - => Stage 3 Debug (attack-success): suspicious=3182/4587, correction_applied=3182, prediction_changed=3182, corrected_to_true=1897
2026-04-09 22:51:32,789 - => End Epoch: 43, early stop epochs: 42, best epoch: 1, best clean acc: 0.5910, best Top-4: 0.9968, best ASR: 0.3811, best RAC: 0.5188, anchor loss: 0.0816
2026-04-09 22:51:32,789 - => Stage 3 Detection Summary: recall: 0.8060, precision: 0.1511, f1: 0.2545, false positive rate: 0.4260, correction rate: 0.5422
2026-04-09 22:51:32,822 - => LFBA current anchor-derived target label: 3
2026-04-09 22:51:32,917 - =>Add Trigger to Train Data
2026-04-09 22:51:33,176 - Add Trigger to 6996 Bad Samples, 62970 Clean Samples (0.10)
2026-04-09 22:51:33,178 - => Start Training for Injecting Backdoor...
2026-04-09 22:51:33,216 - Epoch: 44, 1/274: VFL loss: 0.0003, total loss: 0.0346, anchor loss: 0.0491, VFL train accuracy: 1.0000
2026-04-09 22:51:33,678 - Epoch: 44, 11/274: VFL loss: 0.0001, total loss: 0.0370, anchor loss: 0.0528, VFL train accuracy: 1.0000
2026-04-09 22:51:34,011 - Epoch: 44, 21/274: VFL loss: 0.0001, total loss: 0.0371, anchor loss: 0.0529, VFL train accuracy: 1.0000
2026-04-09 22:51:34,325 - Epoch: 44, 31/274: VFL loss: 0.0001, total loss: 0.0371, anchor loss: 0.0529, VFL train accuracy: 1.0000
2026-04-09 22:51:34,624 - Epoch: 44, 41/274: VFL loss: 0.0001, total loss: 0.0373, anchor loss: 0.0531, VFL train accuracy: 1.0000
2026-04-09 22:51:34,923 - Epoch: 44, 51/274: VFL loss: 0.0001, total loss: 0.0372, anchor loss: 0.0529, VFL train accuracy: 1.0000
2026-04-09 22:51:35,251 - Epoch: 44, 61/274: VFL loss: 0.0001, total loss: 0.0371, anchor loss: 0.0529, VFL train accuracy: 1.0000
2026-04-09 22:51:35,568 - Epoch: 44, 71/274: VFL loss: 0.0001, total loss: 0.0371, anchor loss: 0.0528, VFL train accuracy: 1.0000
2026-04-09 22:51:35,899 - Epoch: 44, 81/274: VFL loss: 0.0001, total loss: 0.0371, anchor loss: 0.0529, VFL train accuracy: 1.0000
2026-04-09 22:51:36,233 - Epoch: 44, 91/274: VFL loss: 0.0001, total loss: 0.0372, anchor loss: 0.0530, VFL train accuracy: 1.0000
2026-04-09 22:51:36,562 - Epoch: 44, 101/274: VFL loss: 0.0001, total loss: 0.0372, anchor loss: 0.0530, VFL train accuracy: 1.0000
2026-04-09 22:51:36,875 - Epoch: 44, 111/274: VFL loss: 0.0001, total loss: 0.0373, anchor loss: 0.0532, VFL train accuracy: 1.0000
2026-04-09 22:51:37,189 - Epoch: 44, 121/274: VFL loss: 0.0001, total loss: 0.0373, anchor loss: 0.0532, VFL train accuracy: 1.0000
2026-04-09 22:51:37,465 - Epoch: 44, 131/274: VFL loss: 0.0001, total loss: 0.0373, anchor loss: 0.0531, VFL train accuracy: 1.0000
2026-04-09 22:51:37,770 - Epoch: 44, 141/274: VFL loss: 0.0001, total loss: 0.0373, anchor loss: 0.0531, VFL train accuracy: 1.0000
2026-04-09 22:51:38,086 - Epoch: 44, 151/274: VFL loss: 0.0001, total loss: 0.0372, anchor loss: 0.0530, VFL train accuracy: 1.0000
2026-04-09 22:51:38,421 - Epoch: 44, 161/274: VFL loss: 0.0001, total loss: 0.0372, anchor loss: 0.0530, VFL train accuracy: 1.0000
2026-04-09 22:51:38,767 - Epoch: 44, 171/274: VFL loss: 0.0001, total loss: 0.0372, anchor loss: 0.0530, VFL train accuracy: 1.0000
2026-04-09 22:51:39,098 - Epoch: 44, 181/274: VFL loss: 0.0001, total loss: 0.0373, anchor loss: 0.0531, VFL train accuracy: 1.0000
2026-04-09 22:51:39,429 - Epoch: 44, 191/274: VFL loss: 0.0001, total loss: 0.0373, anchor loss: 0.0531, VFL train accuracy: 1.0000
2026-04-09 22:51:39,760 - Epoch: 44, 201/274: VFL loss: 0.0001, total loss: 0.0373, anchor loss: 0.0531, VFL train accuracy: 1.0000
2026-04-09 22:51:40,092 - Epoch: 44, 211/274: VFL loss: 0.0001, total loss: 0.0373, anchor loss: 0.0531, VFL train accuracy: 1.0000
2026-04-09 22:51:40,424 - Epoch: 44, 221/274: VFL loss: 0.0001, total loss: 0.0372, anchor loss: 0.0530, VFL train accuracy: 1.0000
2026-04-09 22:51:40,753 - Epoch: 44, 231/274: VFL loss: 0.0001, total loss: 0.0372, anchor loss: 0.0530, VFL train accuracy: 1.0000
2026-04-09 22:51:41,111 - Epoch: 44, 241/274: VFL loss: 0.0001, total loss: 0.0372, anchor loss: 0.0530, VFL train accuracy: 1.0000
2026-04-09 22:51:41,444 - Epoch: 44, 251/274: VFL loss: 0.0001, total loss: 0.0372, anchor loss: 0.0530, VFL train accuracy: 1.0000
2026-04-09 22:51:41,777 - Epoch: 44, 261/274: VFL loss: 0.0001, total loss: 0.0373, anchor loss: 0.0531, VFL train accuracy: 1.0000
2026-04-09 22:51:42,106 - Epoch: 44, 271/274: VFL loss: 0.0001, total loss: 0.0373, anchor loss: 0.0531, VFL train accuracy: 1.0000
2026-04-09 22:51:42,210 - => Recorded Stage 2 client anchor losses for epoch 44 to './results/AVGuard/Fourclient/NUSWIDE/lambda_scan/noema_lambda_0.7\stage2_final_epoch_client_anchor_losses.json': {0: 0.019814, 1: 0.064151, 2: 0.057857, 3: 0.070328}
2026-04-09 22:51:42,211 - => Stage 2 EMA anchor update skipped at epoch 44 because momentum=1.0000 disables EMA; eligible classes per client {0: 5, 1: 5, 2: 5, 3: 5}
2026-04-09 22:51:42,211 - => Stage 2 Epoch 44 Training Summary: VFL loss: 0.0001, total loss: 0.0372, anchor loss: 0.0530, VFL train accuracy: 1.0000
2026-04-09 22:51:42,211 - => Test ASR...
2026-04-09 22:51:42,333 - =>Add Trigger to Test Data
2026-04-09 22:51:44,371 - Add Trigger to 37064 Bad Samples, 9629 Clean Samples (1.00)
2026-04-09 22:51:55,790 - => Test Epoch: 44, main task samples: 46693, attack samples: 46693, test loss: 1.4663, clean acc: 0.6165, Top-4: 0.9955, ASR: 0.4360, RAC: 0.4918, test target accuracy: 0.8824, stage3 final accuracy: 0.6165, stage3 final target accuracy: 0.6185, stage3 final asr: 0.4360, anchor loss: 0.0722
2026-04-09 22:51:55,790 - => Stage 3 Detection Summary: recall: 0.6925, precision: 0.0792, f1: 0.1421, false positive rate: 0.4100, correction rate: 0.4121
2026-04-09 22:51:55,790 - => Stage 3 Debug (clean): suspicious=19143/46693, correction_applied=19094, prediction_changed=19094, skipped_tied_vote=0, skipped_low_margin=0, skipped_other=49
2026-04-09 22:51:55,790 - => Stage 3 Debug (poison-valid): suspicious=20838/37064, correction_applied=20838, prediction_changed=20838, skipped_tied_vote=0, skipped_low_margin=0, skipped_other=0
2026-04-09 22:51:55,790 - => Stage 3 Debug (attack-success): suspicious=3166/4572, correction_applied=3166, prediction_changed=3166, corrected_to_true=1884
2026-04-09 22:51:55,832 - => End Epoch: 44, early stop epochs: 43, best epoch: 1, best clean acc: 0.5910, best Top-4: 0.9968, best ASR: 0.3811, best RAC: 0.5188, anchor loss: 0.0816
2026-04-09 22:51:55,833 - => Stage 3 Detection Summary: recall: 0.8060, precision: 0.1511, f1: 0.2545, false positive rate: 0.4260, correction rate: 0.5422
2026-04-09 22:51:55,868 - => LFBA current anchor-derived target label: 3
2026-04-09 22:51:55,960 - =>Add Trigger to Train Data
2026-04-09 22:51:56,191 - Add Trigger to 6996 Bad Samples, 62970 Clean Samples (0.10)
2026-04-09 22:51:56,195 - => Start Training for Injecting Backdoor...
2026-04-09 22:51:56,237 - Epoch: 45, 1/274: VFL loss: 0.0001, total loss: 0.0352, anchor loss: 0.0502, VFL train accuracy: 1.0000
2026-04-09 22:51:56,733 - Epoch: 45, 11/274: VFL loss: 0.0001, total loss: 0.0380, anchor loss: 0.0541, VFL train accuracy: 1.0000
2026-04-09 22:51:57,048 - Epoch: 45, 21/274: VFL loss: 0.0001, total loss: 0.0378, anchor loss: 0.0538, VFL train accuracy: 1.0000
2026-04-09 22:51:57,360 - Epoch: 45, 31/274: VFL loss: 0.0001, total loss: 0.0376, anchor loss: 0.0535, VFL train accuracy: 1.0000
2026-04-09 22:51:57,643 - Epoch: 45, 41/274: VFL loss: 0.0001, total loss: 0.0374, anchor loss: 0.0532, VFL train accuracy: 1.0000
2026-04-09 22:51:57,957 - Epoch: 45, 51/274: VFL loss: 0.0001, total loss: 0.0372, anchor loss: 0.0530, VFL train accuracy: 1.0000
2026-04-09 22:51:58,273 - Epoch: 45, 61/274: VFL loss: 0.0001, total loss: 0.0373, anchor loss: 0.0531, VFL train accuracy: 1.0000
2026-04-09 22:51:58,588 - Epoch: 45, 71/274: VFL loss: 0.0001, total loss: 0.0374, anchor loss: 0.0533, VFL train accuracy: 1.0000
2026-04-09 22:51:58,904 - Epoch: 45, 81/274: VFL loss: 0.0001, total loss: 0.0373, anchor loss: 0.0531, VFL train accuracy: 1.0000
2026-04-09 22:51:59,217 - Epoch: 45, 91/274: VFL loss: 0.0001, total loss: 0.0371, anchor loss: 0.0529, VFL train accuracy: 1.0000
2026-04-09 22:51:59,548 - Epoch: 45, 101/274: VFL loss: 0.0001, total loss: 0.0371, anchor loss: 0.0529, VFL train accuracy: 1.0000
2026-04-09 22:51:59,863 - Epoch: 45, 111/274: VFL loss: 0.0001, total loss: 0.0371, anchor loss: 0.0528, VFL train accuracy: 1.0000
2026-04-09 22:52:00,161 - Epoch: 45, 121/274: VFL loss: 0.0001, total loss: 0.0371, anchor loss: 0.0529, VFL train accuracy: 1.0000
2026-04-09 22:52:00,493 - Epoch: 45, 131/274: VFL loss: 0.0001, total loss: 0.0372, anchor loss: 0.0530, VFL train accuracy: 1.0000
2026-04-09 22:52:00,825 - Epoch: 45, 141/274: VFL loss: 0.0001, total loss: 0.0372, anchor loss: 0.0530, VFL train accuracy: 1.0000
2026-04-09 22:52:01,155 - Epoch: 45, 151/274: VFL loss: 0.0001, total loss: 0.0372, anchor loss: 0.0530, VFL train accuracy: 1.0000
2026-04-09 22:52:01,487 - Epoch: 45, 161/274: VFL loss: 0.0001, total loss: 0.0373, anchor loss: 0.0530, VFL train accuracy: 1.0000
2026-04-09 22:52:01,817 - Epoch: 45, 171/274: VFL loss: 0.0001, total loss: 0.0373, anchor loss: 0.0531, VFL train accuracy: 1.0000
2026-04-09 22:52:02,149 - Epoch: 45, 181/274: VFL loss: 0.0001, total loss: 0.0372, anchor loss: 0.0530, VFL train accuracy: 1.0000
2026-04-09 22:52:02,464 - Epoch: 45, 191/274: VFL loss: 0.0001, total loss: 0.0373, anchor loss: 0.0531, VFL train accuracy: 1.0000
2026-04-09 22:52:02,795 - Epoch: 45, 201/274: VFL loss: 0.0001, total loss: 0.0373, anchor loss: 0.0531, VFL train accuracy: 1.0000
2026-04-09 22:52:03,103 - Epoch: 45, 211/274: VFL loss: 0.0001, total loss: 0.0373, anchor loss: 0.0531, VFL train accuracy: 1.0000
2026-04-09 22:52:03,425 - Epoch: 45, 221/274: VFL loss: 0.0001, total loss: 0.0373, anchor loss: 0.0531, VFL train accuracy: 1.0000
2026-04-09 22:52:03,756 - Epoch: 45, 231/274: VFL loss: 0.0001, total loss: 0.0373, anchor loss: 0.0531, VFL train accuracy: 1.0000
2026-04-09 22:52:04,071 - Epoch: 45, 241/274: VFL loss: 0.0001, total loss: 0.0373, anchor loss: 0.0532, VFL train accuracy: 1.0000
2026-04-09 22:52:04,405 - Epoch: 45, 251/274: VFL loss: 0.0001, total loss: 0.0373, anchor loss: 0.0531, VFL train accuracy: 1.0000
2026-04-09 22:52:04,726 - Epoch: 45, 261/274: VFL loss: 0.0001, total loss: 0.0373, anchor loss: 0.0531, VFL train accuracy: 1.0000
2026-04-09 22:52:05,048 - Epoch: 45, 271/274: VFL loss: 0.0001, total loss: 0.0373, anchor loss: 0.0531, VFL train accuracy: 1.0000
2026-04-09 22:52:05,151 - => Recorded Stage 2 client anchor losses for epoch 45 to './results/AVGuard/Fourclient/NUSWIDE/lambda_scan/noema_lambda_0.7\stage2_final_epoch_client_anchor_losses.json': {0: 0.019748, 1: 0.06409, 2: 0.057843, 3: 0.070768}
2026-04-09 22:52:05,154 - => Stage 2 EMA anchor update skipped at epoch 45 because momentum=1.0000 disables EMA; eligible classes per client {0: 5, 1: 5, 2: 5, 3: 5}
2026-04-09 22:52:05,154 - => Stage 2 Epoch 45 Training Summary: VFL loss: 0.0001, total loss: 0.0373, anchor loss: 0.0531, VFL train accuracy: 1.0000
2026-04-09 22:52:05,154 - => Test ASR...
2026-04-09 22:52:05,272 - =>Add Trigger to Test Data
2026-04-09 22:52:07,200 - Add Trigger to 37064 Bad Samples, 9629 Clean Samples (1.00)
2026-04-09 22:52:18,569 - => Test Epoch: 45, main task samples: 46693, attack samples: 46693, test loss: 1.4701, clean acc: 0.6167, Top-4: 0.9954, ASR: 0.4376, RAC: 0.4914, test target accuracy: 0.8820, stage3 final accuracy: 0.6167, stage3 final target accuracy: 0.6196, stage3 final asr: 0.4376, anchor loss: 0.0722
2026-04-09 22:52:18,570 - => Stage 3 Detection Summary: recall: 0.6908, precision: 0.0789, f1: 0.1416, false positive rate: 0.4097, correction rate: 0.4116
2026-04-09 22:52:18,570 - => Stage 3 Debug (clean): suspicious=19129/46693, correction_applied=19082, prediction_changed=19082, skipped_tied_vote=0, skipped_low_margin=0, skipped_other=47
2026-04-09 22:52:18,570 - => Stage 3 Debug (poison-valid): suspicious=20861/37064, correction_applied=20860, prediction_changed=20860, skipped_tied_vote=0, skipped_low_margin=0, skipped_other=1
2026-04-09 22:52:18,570 - => Stage 3 Debug (attack-success): suspicious=3155/4567, correction_applied=3154, prediction_changed=3154, corrected_to_true=1880
2026-04-09 22:52:18,616 - => End Epoch: 45, early stop epochs: 44, best epoch: 1, best clean acc: 0.5910, best Top-4: 0.9968, best ASR: 0.3811, best RAC: 0.5188, anchor loss: 0.0816
2026-04-09 22:52:18,616 - => Stage 3 Detection Summary: recall: 0.8060, precision: 0.1511, f1: 0.2545, false positive rate: 0.4260, correction rate: 0.5422
2026-04-09 22:52:18,672 - => LFBA current anchor-derived target label: 3
2026-04-09 22:52:18,770 - =>Add Trigger to Train Data
2026-04-09 22:52:19,010 - Add Trigger to 6996 Bad Samples, 62970 Clean Samples (0.10)
2026-04-09 22:52:19,014 - => Start Training for Injecting Backdoor...
2026-04-09 22:52:19,055 - Epoch: 46, 1/274: VFL loss: 0.0001, total loss: 0.0385, anchor loss: 0.0549, VFL train accuracy: 1.0000
2026-04-09 22:52:19,533 - Epoch: 46, 11/274: VFL loss: 0.0001, total loss: 0.0370, anchor loss: 0.0527, VFL train accuracy: 1.0000
2026-04-09 22:52:19,852 - Epoch: 46, 21/274: VFL loss: 0.0001, total loss: 0.0370, anchor loss: 0.0527, VFL train accuracy: 1.0000
2026-04-09 22:52:20,146 - Epoch: 46, 31/274: VFL loss: 0.0001, total loss: 0.0369, anchor loss: 0.0525, VFL train accuracy: 1.0000
2026-04-09 22:52:20,416 - Epoch: 46, 41/274: VFL loss: 0.0001, total loss: 0.0368, anchor loss: 0.0524, VFL train accuracy: 1.0000
2026-04-09 22:52:20,740 - Epoch: 46, 51/274: VFL loss: 0.0001, total loss: 0.0368, anchor loss: 0.0524, VFL train accuracy: 1.0000
2026-04-09 22:52:21,024 - Epoch: 46, 61/274: VFL loss: 0.0001, total loss: 0.0368, anchor loss: 0.0525, VFL train accuracy: 1.0000
2026-04-09 22:52:21,337 - Epoch: 46, 71/274: VFL loss: 0.0001, total loss: 0.0369, anchor loss: 0.0526, VFL train accuracy: 1.0000
2026-04-09 22:52:21,638 - Epoch: 46, 81/274: VFL loss: 0.0001, total loss: 0.0369, anchor loss: 0.0525, VFL train accuracy: 1.0000
2026-04-09 22:52:21,932 - Epoch: 46, 91/274: VFL loss: 0.0001, total loss: 0.0369, anchor loss: 0.0525, VFL train accuracy: 1.0000
2026-04-09 22:52:22,214 - Epoch: 46, 101/274: VFL loss: 0.0001, total loss: 0.0369, anchor loss: 0.0526, VFL train accuracy: 1.0000
2026-04-09 22:52:22,496 - Epoch: 46, 111/274: VFL loss: 0.0001, total loss: 0.0370, anchor loss: 0.0527, VFL train accuracy: 1.0000
2026-04-09 22:52:22,795 - Epoch: 46, 121/274: VFL loss: 0.0001, total loss: 0.0370, anchor loss: 0.0527, VFL train accuracy: 1.0000
2026-04-09 22:52:23,097 - Epoch: 46, 131/274: VFL loss: 0.0001, total loss: 0.0371, anchor loss: 0.0528, VFL train accuracy: 1.0000
2026-04-09 22:52:23,425 - Epoch: 46, 141/274: VFL loss: 0.0001, total loss: 0.0371, anchor loss: 0.0528, VFL train accuracy: 1.0000
2026-04-09 22:52:23,757 - Epoch: 46, 151/274: VFL loss: 0.0001, total loss: 0.0371, anchor loss: 0.0528, VFL train accuracy: 1.0000
2026-04-09 22:52:24,072 - Epoch: 46, 161/274: VFL loss: 0.0001, total loss: 0.0372, anchor loss: 0.0529, VFL train accuracy: 1.0000
2026-04-09 22:52:24,410 - Epoch: 46, 171/274: VFL loss: 0.0001, total loss: 0.0372, anchor loss: 0.0530, VFL train accuracy: 1.0000
2026-04-09 22:52:24,734 - Epoch: 46, 181/274: VFL loss: 0.0001, total loss: 0.0372, anchor loss: 0.0530, VFL train accuracy: 1.0000
2026-04-09 22:52:25,065 - Epoch: 46, 191/274: VFL loss: 0.0001, total loss: 0.0372, anchor loss: 0.0530, VFL train accuracy: 1.0000
2026-04-09 22:52:25,396 - Epoch: 46, 201/274: VFL loss: 0.0001, total loss: 0.0372, anchor loss: 0.0530, VFL train accuracy: 1.0000
2026-04-09 22:52:25,728 - Epoch: 46, 211/274: VFL loss: 0.0001, total loss: 0.0372, anchor loss: 0.0530, VFL train accuracy: 1.0000
2026-04-09 22:52:26,058 - Epoch: 46, 221/274: VFL loss: 0.0001, total loss: 0.0372, anchor loss: 0.0529, VFL train accuracy: 1.0000
2026-04-09 22:52:26,390 - Epoch: 46, 231/274: VFL loss: 0.0001, total loss: 0.0372, anchor loss: 0.0530, VFL train accuracy: 1.0000
2026-04-09 22:52:26,723 - Epoch: 46, 241/274: VFL loss: 0.0001, total loss: 0.0372, anchor loss: 0.0530, VFL train accuracy: 1.0000
2026-04-09 22:52:27,052 - Epoch: 46, 251/274: VFL loss: 0.0001, total loss: 0.0372, anchor loss: 0.0529, VFL train accuracy: 1.0000
2026-04-09 22:52:27,386 - Epoch: 46, 261/274: VFL loss: 0.0001, total loss: 0.0372, anchor loss: 0.0530, VFL train accuracy: 1.0000
2026-04-09 22:52:27,718 - Epoch: 46, 271/274: VFL loss: 0.0001, total loss: 0.0372, anchor loss: 0.0530, VFL train accuracy: 1.0000
2026-04-09 22:52:27,820 - => Recorded Stage 2 client anchor losses for epoch 46 to './results/AVGuard/Fourclient/NUSWIDE/lambda_scan/noema_lambda_0.7\stage2_final_epoch_client_anchor_losses.json': {0: 0.01968, 1: 0.064027, 2: 0.057829, 3: 0.070264}
2026-04-09 22:52:27,821 - => Stage 2 EMA anchor update skipped at epoch 46 because momentum=1.0000 disables EMA; eligible classes per client {0: 5, 1: 5, 2: 5, 3: 5}
2026-04-09 22:52:27,823 - => Stage 2 Epoch 46 Training Summary: VFL loss: 0.0001, total loss: 0.0372, anchor loss: 0.0529, VFL train accuracy: 1.0000
2026-04-09 22:52:27,823 - => Test ASR...
2026-04-09 22:52:27,942 - =>Add Trigger to Test Data
2026-04-09 22:52:29,938 - Add Trigger to 37064 Bad Samples, 9629 Clean Samples (1.00)
2026-04-09 22:52:41,273 - => Test Epoch: 46, main task samples: 46693, attack samples: 46693, test loss: 1.4759, clean acc: 0.6167, Top-4: 0.9953, ASR: 0.4357, RAC: 0.4922, test target accuracy: 0.8823, stage3 final accuracy: 0.6167, stage3 final target accuracy: 0.6202, stage3 final asr: 0.4357, anchor loss: 0.0721
2026-04-09 22:52:41,273 - => Stage 3 Detection Summary: recall: 0.6920, precision: 0.0793, f1: 0.1423, false positive rate: 0.4095, correction rate: 0.4120
2026-04-09 22:52:41,273 - => Stage 3 Debug (clean): suspicious=19121/46693, correction_applied=19072, prediction_changed=19072, skipped_tied_vote=0, skipped_low_margin=0, skipped_other=49
2026-04-09 22:52:41,273 - => Stage 3 Debug (poison-valid): suspicious=20835/37064, correction_applied=20834, prediction_changed=20834, skipped_tied_vote=0, skipped_low_margin=0, skipped_other=1
2026-04-09 22:52:41,275 - => Stage 3 Debug (attack-success): suspicious=3168/4578, correction_applied=3167, prediction_changed=3167, corrected_to_true=1886
2026-04-09 22:52:41,312 - => End Epoch: 46, early stop epochs: 45, best epoch: 1, best clean acc: 0.5910, best Top-4: 0.9968, best ASR: 0.3811, best RAC: 0.5188, anchor loss: 0.0816
2026-04-09 22:52:41,312 - => Stage 3 Detection Summary: recall: 0.8060, precision: 0.1511, f1: 0.2545, false positive rate: 0.4260, correction rate: 0.5422
2026-04-09 22:52:41,340 - => LFBA current anchor-derived target label: 3
2026-04-09 22:52:41,431 - =>Add Trigger to Train Data
2026-04-09 22:52:41,660 - Add Trigger to 6996 Bad Samples, 62970 Clean Samples (0.10)
2026-04-09 22:52:41,663 - => Start Training for Injecting Backdoor...
2026-04-09 22:52:41,704 - Epoch: 47, 1/274: VFL loss: 0.0001, total loss: 0.0351, anchor loss: 0.0499, VFL train accuracy: 1.0000
2026-04-09 22:52:42,162 - Epoch: 47, 11/274: VFL loss: 0.0001, total loss: 0.0379, anchor loss: 0.0541, VFL train accuracy: 1.0000
2026-04-09 22:52:42,469 - Epoch: 47, 21/274: VFL loss: 0.0001, total loss: 0.0377, anchor loss: 0.0536, VFL train accuracy: 1.0000
2026-04-09 22:52:42,759 - Epoch: 47, 31/274: VFL loss: 0.0001, total loss: 0.0372, anchor loss: 0.0530, VFL train accuracy: 1.0000
2026-04-09 22:52:43,057 - Epoch: 47, 41/274: VFL loss: 0.0001, total loss: 0.0373, anchor loss: 0.0531, VFL train accuracy: 1.0000
2026-04-09 22:52:43,359 - Epoch: 47, 51/274: VFL loss: 0.0001, total loss: 0.0373, anchor loss: 0.0531, VFL train accuracy: 1.0000
2026-04-09 22:52:43,671 - Epoch: 47, 61/274: VFL loss: 0.0001, total loss: 0.0373, anchor loss: 0.0531, VFL train accuracy: 1.0000
2026-04-09 22:52:43,968 - Epoch: 47, 71/274: VFL loss: 0.0001, total loss: 0.0374, anchor loss: 0.0533, VFL train accuracy: 1.0000
2026-04-09 22:52:44,266 - Epoch: 47, 81/274: VFL loss: 0.0001, total loss: 0.0373, anchor loss: 0.0531, VFL train accuracy: 1.0000
2026-04-09 22:52:44,563 - Epoch: 47, 91/274: VFL loss: 0.0001, total loss: 0.0372, anchor loss: 0.0530, VFL train accuracy: 1.0000
2026-04-09 22:52:44,863 - Epoch: 47, 101/274: VFL loss: 0.0001, total loss: 0.0373, anchor loss: 0.0531, VFL train accuracy: 1.0000
2026-04-09 22:52:45,159 - Epoch: 47, 111/274: VFL loss: 0.0001, total loss: 0.0372, anchor loss: 0.0530, VFL train accuracy: 1.0000
2026-04-09 22:52:45,459 - Epoch: 47, 121/274: VFL loss: 0.0001, total loss: 0.0372, anchor loss: 0.0530, VFL train accuracy: 1.0000
2026-04-09 22:52:45,742 - Epoch: 47, 131/274: VFL loss: 0.0001, total loss: 0.0373, anchor loss: 0.0531, VFL train accuracy: 1.0000
2026-04-09 22:52:46,056 - Epoch: 47, 141/274: VFL loss: 0.0001, total loss: 0.0373, anchor loss: 0.0531, VFL train accuracy: 1.0000
2026-04-09 22:52:46,371 - Epoch: 47, 151/274: VFL loss: 0.0001, total loss: 0.0373, anchor loss: 0.0531, VFL train accuracy: 1.0000
2026-04-09 22:52:46,645 - Epoch: 47, 161/274: VFL loss: 0.0001, total loss: 0.0372, anchor loss: 0.0530, VFL train accuracy: 1.0000
2026-04-09 22:52:46,918 - Epoch: 47, 171/274: VFL loss: 0.0001, total loss: 0.0372, anchor loss: 0.0530, VFL train accuracy: 1.0000
2026-04-09 22:52:47,210 - Epoch: 47, 181/274: VFL loss: 0.0001, total loss: 0.0373, anchor loss: 0.0531, VFL train accuracy: 1.0000
2026-04-09 22:52:47,479 - Epoch: 47, 191/274: VFL loss: 0.0001, total loss: 0.0373, anchor loss: 0.0531, VFL train accuracy: 1.0000
2026-04-09 22:52:47,745 - Epoch: 47, 201/274: VFL loss: 0.0001, total loss: 0.0373, anchor loss: 0.0531, VFL train accuracy: 1.0000
2026-04-09 22:52:48,055 - Epoch: 47, 211/274: VFL loss: 0.0001, total loss: 0.0373, anchor loss: 0.0531, VFL train accuracy: 1.0000
2026-04-09 22:52:48,375 - Epoch: 47, 221/274: VFL loss: 0.0001, total loss: 0.0373, anchor loss: 0.0531, VFL train accuracy: 1.0000
2026-04-09 22:52:48,675 - Epoch: 47, 231/274: VFL loss: 0.0001, total loss: 0.0373, anchor loss: 0.0531, VFL train accuracy: 1.0000
2026-04-09 22:52:48,981 - Epoch: 47, 241/274: VFL loss: 0.0001, total loss: 0.0372, anchor loss: 0.0530, VFL train accuracy: 1.0000
2026-04-09 22:52:49,258 - Epoch: 47, 251/274: VFL loss: 0.0001, total loss: 0.0372, anchor loss: 0.0530, VFL train accuracy: 1.0000
2026-04-09 22:52:49,683 - Epoch: 47, 261/274: VFL loss: 0.0001, total loss: 0.0372, anchor loss: 0.0530, VFL train accuracy: 1.0000
2026-04-09 22:52:49,981 - Epoch: 47, 271/274: VFL loss: 0.0001, total loss: 0.0372, anchor loss: 0.0530, VFL train accuracy: 1.0000
2026-04-09 22:52:50,069 - => Recorded Stage 2 client anchor losses for epoch 47 to './results/AVGuard/Fourclient/NUSWIDE/lambda_scan/noema_lambda_0.7\stage2_final_epoch_client_anchor_losses.json': {0: 0.019608, 1: 0.063958, 2: 0.057813, 3: 0.070696}
2026-04-09 22:52:50,070 - => Stage 2 EMA anchor update skipped at epoch 47 because momentum=1.0000 disables EMA; eligible classes per client {0: 5, 1: 5, 2: 5, 3: 5}
2026-04-09 22:52:50,072 - => Stage 2 Epoch 47 Training Summary: VFL loss: 0.0001, total loss: 0.0372, anchor loss: 0.0530, VFL train accuracy: 1.0000
2026-04-09 22:52:50,072 - => Test ASR...
2026-04-09 22:52:50,189 - =>Add Trigger to Test Data
2026-04-09 22:52:52,132 - Add Trigger to 37064 Bad Samples, 9629 Clean Samples (1.00)
2026-04-09 22:53:02,046 - => Test Epoch: 47, main task samples: 46693, attack samples: 46693, test loss: 1.4806, clean acc: 0.6170, Top-4: 0.9953, ASR: 0.4362, RAC: 0.4923, test target accuracy: 0.8823, stage3 final accuracy: 0.6170, stage3 final target accuracy: 0.6206, stage3 final asr: 0.4362, anchor loss: 0.0721
2026-04-09 22:53:02,046 - => Stage 3 Detection Summary: recall: 0.6913, precision: 0.0795, f1: 0.1427, false positive rate: 0.4095, correction rate: 0.4114
2026-04-09 22:53:02,046 - => Stage 3 Debug (clean): suspicious=19119/46693, correction_applied=19068, prediction_changed=19068, skipped_tied_vote=0, skipped_low_margin=0, skipped_other=51
2026-04-09 22:53:02,046 - => Stage 3 Debug (poison-valid): suspicious=20838/37064, correction_applied=20837, prediction_changed=20837, skipped_tied_vote=0, skipped_low_margin=0, skipped_other=1
2026-04-09 22:53:02,046 - => Stage 3 Debug (attack-success): suspicious=3178/4597, correction_applied=3177, prediction_changed=3177, corrected_to_true=1891
2026-04-09 22:53:02,084 - => End Epoch: 47, early stop epochs: 46, best epoch: 1, best clean acc: 0.5910, best Top-4: 0.9968, best ASR: 0.3811, best RAC: 0.5188, anchor loss: 0.0816
2026-04-09 22:53:02,084 - => Stage 3 Detection Summary: recall: 0.8060, precision: 0.1511, f1: 0.2545, false positive rate: 0.4260, correction rate: 0.5422
2026-04-09 22:53:02,114 - => LFBA current anchor-derived target label: 3
2026-04-09 22:53:02,202 - =>Add Trigger to Train Data
2026-04-09 22:53:02,440 - Add Trigger to 6996 Bad Samples, 62970 Clean Samples (0.10)
2026-04-09 22:53:02,443 - => Start Training for Injecting Backdoor...
2026-04-09 22:53:02,481 - Epoch: 48, 1/274: VFL loss: 0.0001, total loss: 0.0375, anchor loss: 0.0535, VFL train accuracy: 1.0000
2026-04-09 22:53:02,958 - Epoch: 48, 11/274: VFL loss: 0.0001, total loss: 0.0372, anchor loss: 0.0530, VFL train accuracy: 1.0000
2026-04-09 22:53:03,227 - Epoch: 48, 21/274: VFL loss: 0.0001, total loss: 0.0373, anchor loss: 0.0531, VFL train accuracy: 1.0000
2026-04-09 22:53:03,499 - Epoch: 48, 31/274: VFL loss: 0.0001, total loss: 0.0374, anchor loss: 0.0533, VFL train accuracy: 1.0000
2026-04-09 22:53:03,778 - Epoch: 48, 41/274: VFL loss: 0.0001, total loss: 0.0372, anchor loss: 0.0529, VFL train accuracy: 1.0000
2026-04-09 22:53:04,091 - Epoch: 48, 51/274: VFL loss: 0.0001, total loss: 0.0372, anchor loss: 0.0529, VFL train accuracy: 1.0000
2026-04-09 22:53:04,418 - Epoch: 48, 61/274: VFL loss: 0.0001, total loss: 0.0371, anchor loss: 0.0528, VFL train accuracy: 1.0000
2026-04-09 22:53:04,721 - Epoch: 48, 71/274: VFL loss: 0.0001, total loss: 0.0371, anchor loss: 0.0528, VFL train accuracy: 1.0000
2026-04-09 22:53:05,022 - Epoch: 48, 81/274: VFL loss: 0.0001, total loss: 0.0372, anchor loss: 0.0529, VFL train accuracy: 1.0000
2026-04-09 22:53:05,322 - Epoch: 48, 91/274: VFL loss: 0.0001, total loss: 0.0371, anchor loss: 0.0528, VFL train accuracy: 1.0000
2026-04-09 22:53:05,603 - Epoch: 48, 101/274: VFL loss: 0.0001, total loss: 0.0371, anchor loss: 0.0528, VFL train accuracy: 1.0000
2026-04-09 22:53:05,883 - Epoch: 48, 111/274: VFL loss: 0.0001, total loss: 0.0371, anchor loss: 0.0529, VFL train accuracy: 1.0000
2026-04-09 22:53:06,152 - Epoch: 48, 121/274: VFL loss: 0.0001, total loss: 0.0371, anchor loss: 0.0529, VFL train accuracy: 1.0000
2026-04-09 22:53:06,402 - Epoch: 48, 131/274: VFL loss: 0.0001, total loss: 0.0371, anchor loss: 0.0529, VFL train accuracy: 1.0000
2026-04-09 22:53:06,698 - Epoch: 48, 141/274: VFL loss: 0.0001, total loss: 0.0372, anchor loss: 0.0530, VFL train accuracy: 1.0000
2026-04-09 22:53:06,982 - Epoch: 48, 151/274: VFL loss: 0.0001, total loss: 0.0372, anchor loss: 0.0530, VFL train accuracy: 1.0000
2026-04-09 22:53:07,272 - Epoch: 48, 161/274: VFL loss: 0.0001, total loss: 0.0372, anchor loss: 0.0530, VFL train accuracy: 1.0000
2026-04-09 22:53:07,562 - Epoch: 48, 171/274: VFL loss: 0.0001, total loss: 0.0372, anchor loss: 0.0530, VFL train accuracy: 1.0000
2026-04-09 22:53:07,851 - Epoch: 48, 181/274: VFL loss: 0.0001, total loss: 0.0372, anchor loss: 0.0529, VFL train accuracy: 1.0000
2026-04-09 22:53:08,142 - Epoch: 48, 191/274: VFL loss: 0.0001, total loss: 0.0371, anchor loss: 0.0529, VFL train accuracy: 1.0000
2026-04-09 22:53:08,423 - Epoch: 48, 201/274: VFL loss: 0.0001, total loss: 0.0371, anchor loss: 0.0529, VFL train accuracy: 1.0000
2026-04-09 22:53:08,713 - Epoch: 48, 211/274: VFL loss: 0.0001, total loss: 0.0372, anchor loss: 0.0530, VFL train accuracy: 1.0000
2026-04-09 22:53:09,020 - Epoch: 48, 221/274: VFL loss: 0.0001, total loss: 0.0371, anchor loss: 0.0529, VFL train accuracy: 1.0000
2026-04-09 22:53:09,317 - Epoch: 48, 231/274: VFL loss: 0.0001, total loss: 0.0372, anchor loss: 0.0529, VFL train accuracy: 1.0000
2026-04-09 22:53:09,631 - Epoch: 48, 241/274: VFL loss: 0.0001, total loss: 0.0371, anchor loss: 0.0529, VFL train accuracy: 1.0000
2026-04-09 22:53:09,915 - Epoch: 48, 251/274: VFL loss: 0.0001, total loss: 0.0371, anchor loss: 0.0528, VFL train accuracy: 1.0000
2026-04-09 22:53:10,208 - Epoch: 48, 261/274: VFL loss: 0.0001, total loss: 0.0371, anchor loss: 0.0529, VFL train accuracy: 1.0000
2026-04-09 22:53:10,493 - Epoch: 48, 271/274: VFL loss: 0.0001, total loss: 0.0371, anchor loss: 0.0529, VFL train accuracy: 1.0000
2026-04-09 22:53:10,583 - => Recorded Stage 2 client anchor losses for epoch 48 to './results/AVGuard/Fourclient/NUSWIDE/lambda_scan/noema_lambda_0.7\stage2_final_epoch_client_anchor_losses.json': {0: 0.019534, 1: 0.06389, 2: 0.057799, 3: 0.070192}
2026-04-09 22:53:10,586 - => Stage 2 EMA anchor update skipped at epoch 48 because momentum=1.0000 disables EMA; eligible classes per client {0: 5, 1: 5, 2: 5, 3: 5}
2026-04-09 22:53:10,586 - => Stage 2 Epoch 48 Training Summary: VFL loss: 0.0001, total loss: 0.0371, anchor loss: 0.0528, VFL train accuracy: 1.0000
2026-04-09 22:53:10,586 - => Test ASR...
2026-04-09 22:53:10,707 - =>Add Trigger to Test Data
2026-04-09 22:53:12,705 - Add Trigger to 37064 Bad Samples, 9629 Clean Samples (1.00)
2026-04-09 22:53:22,664 - => Test Epoch: 48, main task samples: 46693, attack samples: 46693, test loss: 1.4872, clean acc: 0.6172, Top-4: 0.9953, ASR: 0.4358, RAC: 0.4921, test target accuracy: 0.8822, stage3 final accuracy: 0.6172, stage3 final target accuracy: 0.6199, stage3 final asr: 0.4358, anchor loss: 0.0721
2026-04-09 22:53:22,664 - => Stage 3 Detection Summary: recall: 0.6912, precision: 0.0789, f1: 0.1416, false positive rate: 0.4094, correction rate: 0.4104
2026-04-09 22:53:22,664 - => Stage 3 Debug (clean): suspicious=19116/46693, correction_applied=19067, prediction_changed=19067, skipped_tied_vote=0, skipped_low_margin=0, skipped_other=49
2026-04-09 22:53:22,664 - => Stage 3 Debug (poison-valid): suspicious=20824/37064, correction_applied=20823, prediction_changed=20823, skipped_tied_vote=0, skipped_low_margin=0, skipped_other=1
2026-04-09 22:53:22,664 - => Stage 3 Debug (attack-success): suspicious=3151/4559, correction_applied=3150, prediction_changed=3150, corrected_to_true=1871
2026-04-09 22:53:22,701 - => End Epoch: 48, early stop epochs: 47, best epoch: 1, best clean acc: 0.5910, best Top-4: 0.9968, best ASR: 0.3811, best RAC: 0.5188, anchor loss: 0.0816
2026-04-09 22:53:22,701 - => Stage 3 Detection Summary: recall: 0.8060, precision: 0.1511, f1: 0.2545, false positive rate: 0.4260, correction rate: 0.5422
2026-04-09 22:53:22,731 - => LFBA current anchor-derived target label: 3
2026-04-09 22:53:22,822 - =>Add Trigger to Train Data
2026-04-09 22:53:23,044 - Add Trigger to 6996 Bad Samples, 62970 Clean Samples (0.10)
2026-04-09 22:53:23,049 - => Start Training for Injecting Backdoor...
2026-04-09 22:53:23,088 - Epoch: 49, 1/274: VFL loss: 0.0002, total loss: 0.0378, anchor loss: 0.0537, VFL train accuracy: 1.0000
2026-04-09 22:53:23,552 - Epoch: 49, 11/274: VFL loss: 0.0001, total loss: 0.0373, anchor loss: 0.0532, VFL train accuracy: 1.0000
2026-04-09 22:53:23,849 - Epoch: 49, 21/274: VFL loss: 0.0001, total loss: 0.0370, anchor loss: 0.0528, VFL train accuracy: 1.0000
2026-04-09 22:53:24,115 - Epoch: 49, 31/274: VFL loss: 0.0001, total loss: 0.0371, anchor loss: 0.0529, VFL train accuracy: 1.0000
2026-04-09 22:53:24,378 - Epoch: 49, 41/274: VFL loss: 0.0001, total loss: 0.0374, anchor loss: 0.0533, VFL train accuracy: 1.0000
2026-04-09 22:53:24,646 - Epoch: 49, 51/274: VFL loss: 0.0001, total loss: 0.0373, anchor loss: 0.0531, VFL train accuracy: 1.0000
2026-04-09 22:53:24,905 - Epoch: 49, 61/274: VFL loss: 0.0001, total loss: 0.0373, anchor loss: 0.0531, VFL train accuracy: 1.0000
2026-04-09 22:53:25,159 - Epoch: 49, 71/274: VFL loss: 0.0001, total loss: 0.0373, anchor loss: 0.0532, VFL train accuracy: 1.0000
2026-04-09 22:53:25,425 - Epoch: 49, 81/274: VFL loss: 0.0001, total loss: 0.0373, anchor loss: 0.0531, VFL train accuracy: 1.0000
2026-04-09 22:53:25,677 - Epoch: 49, 91/274: VFL loss: 0.0001, total loss: 0.0372, anchor loss: 0.0530, VFL train accuracy: 1.0000
2026-04-09 22:53:25,947 - Epoch: 49, 101/274: VFL loss: 0.0001, total loss: 0.0372, anchor loss: 0.0530, VFL train accuracy: 1.0000
2026-04-09 22:53:26,190 - Epoch: 49, 111/274: VFL loss: 0.0001, total loss: 0.0373, anchor loss: 0.0531, VFL train accuracy: 1.0000
2026-04-09 22:53:26,429 - Epoch: 49, 121/274: VFL loss: 0.0001, total loss: 0.0372, anchor loss: 0.0531, VFL train accuracy: 1.0000
2026-04-09 22:53:26,676 - Epoch: 49, 131/274: VFL loss: 0.0001, total loss: 0.0372, anchor loss: 0.0530, VFL train accuracy: 1.0000
2026-04-09 22:53:26,959 - Epoch: 49, 141/274: VFL loss: 0.0001, total loss: 0.0372, anchor loss: 0.0529, VFL train accuracy: 1.0000
2026-04-09 22:53:27,246 - Epoch: 49, 151/274: VFL loss: 0.0001, total loss: 0.0371, anchor loss: 0.0528, VFL train accuracy: 1.0000
2026-04-09 22:53:27,533 - Epoch: 49, 161/274: VFL loss: 0.0001, total loss: 0.0370, anchor loss: 0.0527, VFL train accuracy: 1.0000
2026-04-09 22:53:27,809 - Epoch: 49, 171/274: VFL loss: 0.0001, total loss: 0.0371, anchor loss: 0.0528, VFL train accuracy: 1.0000
2026-04-09 22:53:28,124 - Epoch: 49, 181/274: VFL loss: 0.0001, total loss: 0.0371, anchor loss: 0.0529, VFL train accuracy: 1.0000
2026-04-09 22:53:28,391 - Epoch: 49, 191/274: VFL loss: 0.0001, total loss: 0.0371, anchor loss: 0.0529, VFL train accuracy: 1.0000
2026-04-09 22:53:28,681 - Epoch: 49, 201/274: VFL loss: 0.0001, total loss: 0.0371, anchor loss: 0.0529, VFL train accuracy: 1.0000
2026-04-09 22:53:28,953 - Epoch: 49, 211/274: VFL loss: 0.0001, total loss: 0.0372, anchor loss: 0.0529, VFL train accuracy: 1.0000
2026-04-09 22:53:29,212 - Epoch: 49, 221/274: VFL loss: 0.0001, total loss: 0.0372, anchor loss: 0.0529, VFL train accuracy: 1.0000
2026-04-09 22:53:29,477 - Epoch: 49, 231/274: VFL loss: 0.0001, total loss: 0.0372, anchor loss: 0.0530, VFL train accuracy: 1.0000
2026-04-09 22:53:29,741 - Epoch: 49, 241/274: VFL loss: 0.0001, total loss: 0.0372, anchor loss: 0.0530, VFL train accuracy: 1.0000
2026-04-09 22:53:30,016 - Epoch: 49, 251/274: VFL loss: 0.0001, total loss: 0.0372, anchor loss: 0.0529, VFL train accuracy: 1.0000
2026-04-09 22:53:30,280 - Epoch: 49, 261/274: VFL loss: 0.0001, total loss: 0.0371, anchor loss: 0.0529, VFL train accuracy: 1.0000
2026-04-09 22:53:30,538 - Epoch: 49, 271/274: VFL loss: 0.0001, total loss: 0.0371, anchor loss: 0.0529, VFL train accuracy: 1.0000
2026-04-09 22:53:30,628 - => Recorded Stage 2 client anchor losses for epoch 49 to './results/AVGuard/Fourclient/NUSWIDE/lambda_scan/noema_lambda_0.7\stage2_final_epoch_client_anchor_losses.json': {0: 0.019457, 1: 0.06382, 2: 0.057785, 3: 0.070605}
2026-04-09 22:53:30,630 - => Stage 2 EMA anchor update skipped at epoch 49 because momentum=1.0000 disables EMA; eligible classes per client {0: 5, 1: 5, 2: 5, 3: 5}
2026-04-09 22:53:30,630 - => Stage 2 Epoch 49 Training Summary: VFL loss: 0.0001, total loss: 0.0372, anchor loss: 0.0529, VFL train accuracy: 1.0000
2026-04-09 22:53:30,631 - => Test ASR...
2026-04-09 22:53:30,750 - =>Add Trigger to Test Data
2026-04-09 22:53:32,597 - Add Trigger to 37064 Bad Samples, 9629 Clean Samples (1.00)
2026-04-09 22:53:42,186 - => Test Epoch: 49, main task samples: 46693, attack samples: 46693, test loss: 1.4941, clean acc: 0.6174, Top-4: 0.9952, ASR: 0.4356, RAC: 0.4921, test target accuracy: 0.8825, stage3 final accuracy: 0.6174, stage3 final target accuracy: 0.6201, stage3 final asr: 0.4356, anchor loss: 0.0721
2026-04-09 22:53:42,186 - => Stage 3 Detection Summary: recall: 0.6916, precision: 0.0795, f1: 0.1427, false positive rate: 0.4092, correction rate: 0.4102
2026-04-09 22:53:42,186 - => Stage 3 Debug (clean): suspicious=19109/46693, correction_applied=19062, prediction_changed=19062, skipped_tied_vote=0, skipped_low_margin=0, skipped_other=47
2026-04-09 22:53:42,186 - => Stage 3 Debug (poison-valid): suspicious=20844/37064, correction_applied=20843, prediction_changed=20843, skipped_tied_vote=0, skipped_low_margin=0, skipped_other=1
2026-04-09 22:53:42,186 - => Stage 3 Debug (attack-success): suspicious=3178/4595, correction_applied=3177, prediction_changed=3177, corrected_to_true=1885
2026-04-09 22:53:42,225 - => End Epoch: 49, early stop epochs: 48, best epoch: 1, best clean acc: 0.5910, best Top-4: 0.9968, best ASR: 0.3811, best RAC: 0.5188, anchor loss: 0.0816
2026-04-09 22:53:42,225 - => Stage 3 Detection Summary: recall: 0.8060, precision: 0.1511, f1: 0.2545, false positive rate: 0.4260, correction rate: 0.5422
2026-04-09 22:53:42,254 - => LFBA current anchor-derived target label: 3
2026-04-09 22:53:42,342 - =>Add Trigger to Train Data
2026-04-09 22:53:42,602 - Add Trigger to 6996 Bad Samples, 62970 Clean Samples (0.10)
2026-04-09 22:53:42,605 - => Start Training for Injecting Backdoor...
2026-04-09 22:53:42,642 - Epoch: 50, 1/274: VFL loss: 0.0001, total loss: 0.0380, anchor loss: 0.0542, VFL train accuracy: 1.0000
2026-04-09 22:53:43,081 - Epoch: 50, 11/274: VFL loss: 0.0001, total loss: 0.0377, anchor loss: 0.0537, VFL train accuracy: 1.0000
2026-04-09 22:53:43,339 - Epoch: 50, 21/274: VFL loss: 0.0001, total loss: 0.0377, anchor loss: 0.0537, VFL train accuracy: 1.0000
2026-04-09 22:53:43,612 - Epoch: 50, 31/274: VFL loss: 0.0001, total loss: 0.0372, anchor loss: 0.0531, VFL train accuracy: 1.0000
2026-04-09 22:53:43,946 - Epoch: 50, 41/274: VFL loss: 0.0001, total loss: 0.0371, anchor loss: 0.0528, VFL train accuracy: 1.0000
2026-04-09 22:53:44,231 - Epoch: 50, 51/274: VFL loss: 0.0001, total loss: 0.0371, anchor loss: 0.0529, VFL train accuracy: 1.0000
2026-04-09 22:53:44,481 - Epoch: 50, 61/274: VFL loss: 0.0001, total loss: 0.0370, anchor loss: 0.0527, VFL train accuracy: 1.0000
2026-04-09 22:53:44,753 - Epoch: 50, 71/274: VFL loss: 0.0001, total loss: 0.0369, anchor loss: 0.0526, VFL train accuracy: 1.0000
2026-04-09 22:53:45,022 - Epoch: 50, 81/274: VFL loss: 0.0001, total loss: 0.0370, anchor loss: 0.0527, VFL train accuracy: 1.0000
2026-04-09 22:53:45,265 - Epoch: 50, 91/274: VFL loss: 0.0001, total loss: 0.0370, anchor loss: 0.0527, VFL train accuracy: 1.0000
2026-04-09 22:53:45,520 - Epoch: 50, 101/274: VFL loss: 0.0001, total loss: 0.0370, anchor loss: 0.0527, VFL train accuracy: 1.0000
2026-04-09 22:53:45,787 - Epoch: 50, 111/274: VFL loss: 0.0001, total loss: 0.0371, anchor loss: 0.0529, VFL train accuracy: 1.0000
2026-04-09 22:53:46,071 - Epoch: 50, 121/274: VFL loss: 0.0001, total loss: 0.0372, anchor loss: 0.0529, VFL train accuracy: 1.0000
2026-04-09 22:53:46,323 - Epoch: 50, 131/274: VFL loss: 0.0001, total loss: 0.0372, anchor loss: 0.0530, VFL train accuracy: 1.0000
2026-04-09 22:53:46,581 - Epoch: 50, 141/274: VFL loss: 0.0001, total loss: 0.0371, anchor loss: 0.0529, VFL train accuracy: 1.0000
2026-04-09 22:53:46,846 - Epoch: 50, 151/274: VFL loss: 0.0001, total loss: 0.0372, anchor loss: 0.0530, VFL train accuracy: 1.0000
2026-04-09 22:53:47,104 - Epoch: 50, 161/274: VFL loss: 0.0001, total loss: 0.0372, anchor loss: 0.0530, VFL train accuracy: 1.0000
2026-04-09 22:53:47,352 - Epoch: 50, 171/274: VFL loss: 0.0001, total loss: 0.0371, anchor loss: 0.0529, VFL train accuracy: 1.0000
2026-04-09 22:53:47,601 - Epoch: 50, 181/274: VFL loss: 0.0001, total loss: 0.0371, anchor loss: 0.0529, VFL train accuracy: 1.0000
2026-04-09 22:53:47,872 - Epoch: 50, 191/274: VFL loss: 0.0002, total loss: 0.0372, anchor loss: 0.0529, VFL train accuracy: 1.0000
2026-04-09 22:53:48,131 - Epoch: 50, 201/274: VFL loss: 0.0002, total loss: 0.0371, anchor loss: 0.0528, VFL train accuracy: 1.0000
2026-04-09 22:53:48,380 - Epoch: 50, 211/274: VFL loss: 0.0002, total loss: 0.0371, anchor loss: 0.0528, VFL train accuracy: 1.0000
2026-04-09 22:53:48,636 - Epoch: 50, 221/274: VFL loss: 0.0002, total loss: 0.0371, anchor loss: 0.0528, VFL train accuracy: 1.0000
2026-04-09 22:53:49,054 - Epoch: 50, 231/274: VFL loss: 0.0002, total loss: 0.0371, anchor loss: 0.0527, VFL train accuracy: 1.0000
2026-04-09 22:53:49,346 - Epoch: 50, 241/274: VFL loss: 0.0002, total loss: 0.0371, anchor loss: 0.0528, VFL train accuracy: 1.0000
2026-04-09 22:53:49,605 - Epoch: 50, 251/274: VFL loss: 0.0002, total loss: 0.0371, anchor loss: 0.0528, VFL train accuracy: 1.0000
2026-04-09 22:53:49,844 - Epoch: 50, 261/274: VFL loss: 0.0001, total loss: 0.0371, anchor loss: 0.0528, VFL train accuracy: 1.0000
2026-04-09 22:53:50,092 - Epoch: 50, 271/274: VFL loss: 0.0002, total loss: 0.0371, anchor loss: 0.0528, VFL train accuracy: 1.0000
2026-04-09 22:53:50,179 - => Recorded Stage 2 client anchor losses for epoch 50 to './results/AVGuard/Fourclient/NUSWIDE/lambda_scan/noema_lambda_0.7\stage2_final_epoch_client_anchor_losses.json': {0: 0.01938, 1: 0.063754, 2: 0.05777, 3: 0.070124}
2026-04-09 22:53:50,180 - => Stage 2 EMA anchor update skipped at epoch 50 because momentum=1.0000 disables EMA; eligible classes per client {0: 5, 1: 5, 2: 5, 3: 5}
2026-04-09 22:53:50,180 - => Stage 2 Epoch 50 Training Summary: VFL loss: 0.0002, total loss: 0.0371, anchor loss: 0.0528, VFL train accuracy: 1.0000
2026-04-09 22:53:50,180 - => Test ASR...
2026-04-09 22:53:50,299 - =>Add Trigger to Test Data
2026-04-09 22:53:52,131 - Add Trigger to 37064 Bad Samples, 9629 Clean Samples (1.00)
2026-04-09 22:54:01,287 - => Test Epoch: 50, main task samples: 46693, attack samples: 46693, test loss: 1.5117, clean acc: 0.6175, Top-4: 0.9953, ASR: 0.4383, RAC: 0.4906, test target accuracy: 0.8819, stage3 final accuracy: 0.6175, stage3 final target accuracy: 0.6229, stage3 final asr: 0.4383, anchor loss: 0.0721
2026-04-09 22:54:01,287 - => Stage 3 Detection Summary: recall: 0.6792, precision: 0.0735, f1: 0.1327, false positive rate: 0.4089, correction rate: 0.4005
2026-04-09 22:54:01,287 - => Stage 3 Debug (clean): suspicious=19091/46693, correction_applied=19040, prediction_changed=19040, skipped_tied_vote=0, skipped_low_margin=0, skipped_other=51
2026-04-09 22:54:01,287 - => Stage 3 Debug (poison-valid): suspicious=20813/37064, correction_applied=20813, prediction_changed=20813, skipped_tied_vote=0, skipped_low_margin=0, skipped_other=0
2026-04-09 22:54:01,287 - => Stage 3 Debug (attack-success): suspicious=2934/4320, correction_applied=2934, prediction_changed=2934, corrected_to_true=1730
2026-04-09 22:54:01,325 - => End Epoch: 50, early stop epochs: 49, best epoch: 1, best clean acc: 0.5910, best Top-4: 0.9968, best ASR: 0.3811, best RAC: 0.5188, anchor loss: 0.0816
2026-04-09 22:54:01,326 - => Stage 3 Detection Summary: recall: 0.8060, precision: 0.1511, f1: 0.2545, false positive rate: 0.4260, correction rate: 0.5422
