2026-04-15 10:36:49,928 - Namespace(config='', data_dir='./dataset/data_raw/', dataset='NUSWIDE', device=0, results_dir='./results/AVGuard/stage3_static_reliability_ablation_4clients/NUSWIDE_4clients_static_reliability_off', seed=100, epoch=50, batch_size=256, client_num=4, pretrained_checkpoint='./results/AVGuard/stage3_static_reliability_ablation_4clients/NUSWIDE_4clients_static_reliability_off\\latest_checkpoint.pth.tar', test_checkpoint=None, resume_latest=True, lr=0.001, start_epoch=0, print_steps=10, early_stop=0, attack='LFBA', target_label=None, poison_rate=0.1, poison_dimensions=10, trigger_feature_clip=1.0, attack_client_num=3, feature_extractor='', select_rate=0.3, lfba_poison_source='gradient', random_select=False, poison_all=False, anchor_idx=33930, pretrain_stage=0, mode='train', defense='anchor', defense_scheme='AVGuard', enable_stage1=True, force_stage1_retrain=False, enable_anchor_loss=True, lambda_anchor=0.5, lambda_stage1_anchor=0.3, anchor_pretrain_epochs=20, anchor_pretrain_early_stop=5, anchor_pretrain_min_delta=0.0001, anchor_scale=16.0, anchor_margin=0.2, anchor_bank_path='./results/AVGuard/Fourclient/NUSWIDE/NUSWIDE_anchor_stage1_4clients_chcm55_corr_edhwt/anchor_bank.pt', anchor_stage1_dir='./results/AVGuard/Fourclient/NUSWIDE/NUSWIDE_anchor_stage1_4clients_chcm55_corr_edhwt/anchor_stage1', anchor_ema_momentum=0.995, anchor_ema_update_freq=5, stage3_enable_joint_weighted_voting=True, stage3_enable_static_reliability=False, gamma=2.0, theta_supp=0.15, enable_conservative_correction=False, tau_corr=0.0, top_k=4, stage3_debug_batches=0, stage3_debug_max_samples=8, original_dataset='NUSWIDE', attack_target_label=None, anchor_margin_auto_adjusted=False, requested_anchor_margin=0.2)
2026-04-15 10:36:49,929 - => Defense scheme: AVGuard
2026-04-15 10:36:49,929 - => LFBA poison-set source: gradient
2026-04-15 10:36:49,930 - => Python executable: D:\Code\Miniconda\envs\backdoor\python.exe
2026-04-15 10:36:49,930 - => Torch version: 2.5.1+cu121, compiled CUDA: 12.1, cuda available: True, visible GPU count: 1
2026-04-15 10:36:49,930 - => Using GPU cuda:0 (NVIDIA GeForce RTX 4060 Laptop GPU)
2026-04-15 10:36:49,931 - => Preparing data...
2026-04-15 10:37:58,291 - => NUSWIDE total feature dim: 1634, client_num: 4, local output dims: [60, 16, 8, 16]
2026-04-15 10:37:58,292 - => NUSWIDE fixed feature order: [CH | CM55 | CORR | EDH | WT | Tags1k]
2026-04-15 10:37:58,292 - => NUSWIDE split: client0 = TEXT[1000]
2026-04-15 10:37:58,292 - => NUSWIDE split: client1 = CH + CM55 [289]
2026-04-15 10:37:58,292 - => NUSWIDE split: client2 = CORR [144]
2026-04-15 10:37:58,293 - => NUSWIDE split: client3 = EDH + WT [201]
2026-04-15 10:37:58,293 - => NUSWIDE attacker client: client3
2026-04-15 10:37:58,419 - => Resolved LFBA attack target label=3 from training anchor_idx=33930
2026-04-15 10:37:58,585 - => No checkpoint found at './results/AVGuard/stage3_static_reliability_ablation_4clients/NUSWIDE_4clients_static_reliability_off\latest_checkpoint.pth.tar'
2026-04-15 10:37:58,632 - => Loading stage1 local models and anchors from './results/AVGuard/Fourclient/NUSWIDE/NUSWIDE_anchor_stage1_4clients_chcm55_corr_edhwt/anchor_stage1/stage1_artifact.pt'
2026-04-15 10:37:58,944 - => Stage 3 is ready; it will use Stage 1 client reliability from the loaded anchor state when available. Stage 2 client anchor-loss stats are optional diagnostics.
2026-04-15 10:37:59,000 - =>Add Trigger to Test Data
2026-04-15 10:38:03,961 - Add Trigger to 37064 Bad Samples, 9629 Clean Samples (1.00)
2026-04-15 10:38:03,961 - => Start Training with LFBA...
2026-04-15 10:38:03,961 - => Enter Stage 2: joint VFL training starts from stage1 passive local backbones with frozen anchor heads
2026-04-15 10:38:03,963 - => Stage 2 anchor loss enabled: True
2026-04-15 10:38:03,963 - => Stage 2 loss form: total_loss=(1-lambda_anchor)*CE + lambda_anchor*anchor_loss with lambda_anchor=0.5000
2026-04-15 10:38:03,964 - => Stage 2 EMA anchor calibration: momentum=0.9950, update_freq=5 epoch(s)
2026-04-15 10:38:03,964 - => Stage 2 latest checkpoint path: './results/AVGuard/stage3_static_reliability_ablation_4clients/NUSWIDE_4clients_static_reliability_off\latest_checkpoint.pth.tar'
2026-04-15 10:38:03,965 - => Stage 2 best checkpoint path: './results/AVGuard/stage3_static_reliability_ablation_4clients/NUSWIDE_4clients_static_reliability_off\best_checkpoint.pth.tar'
2026-04-15 10:38:03,965 - => Stage 2 best checkpoint compatibility alias path: './results/AVGuard/stage3_static_reliability_ablation_4clients/NUSWIDE_4clients_static_reliability_off\best_clean_checkpoint.pth.tar'
2026-04-15 10:38:03,965 - => Stage 2 best checkpoint metric: mean(clean_acc, detection_recall, correction_rate)
2026-04-15 10:38:03,977 - => Start Training for Injecting Backdoor...
2026-04-15 10:38:04,880 - Epoch: 1, 1/274: VFL loss: 1.6296, total loss: 0.8521, anchor loss: 0.0746, VFL train accuracy: 0.1211
2026-04-15 10:38:05,495 - Epoch: 1, 11/274: VFL loss: 1.4034, total loss: 0.7372, anchor loss: 0.0710, VFL train accuracy: 0.5327
2026-04-15 10:38:05,941 - Epoch: 1, 21/274: VFL loss: 1.1126, total loss: 0.5940, anchor loss: 0.0755, VFL train accuracy: 0.6468
2026-04-15 10:38:06,383 - Epoch: 1, 31/274: VFL loss: 0.9338, total loss: 0.5066, anchor loss: 0.0794, VFL train accuracy: 0.7087
2026-04-15 10:38:06,817 - Epoch: 1, 41/274: VFL loss: 0.8053, total loss: 0.4429, anchor loss: 0.0804, VFL train accuracy: 0.7519
2026-04-15 10:38:07,261 - Epoch: 1, 51/274: VFL loss: 0.7260, total loss: 0.4034, anchor loss: 0.0808, VFL train accuracy: 0.7756
2026-04-15 10:38:07,698 - Epoch: 1, 61/274: VFL loss: 0.6634, total loss: 0.3720, anchor loss: 0.0807, VFL train accuracy: 0.7941
2026-04-15 10:38:08,141 - Epoch: 1, 71/274: VFL loss: 0.6155, total loss: 0.3480, anchor loss: 0.0805, VFL train accuracy: 0.8078
2026-04-15 10:38:08,585 - Epoch: 1, 81/274: VFL loss: 0.5792, total loss: 0.3298, anchor loss: 0.0803, VFL train accuracy: 0.8190
2026-04-15 10:38:09,025 - Epoch: 1, 91/274: VFL loss: 0.5543, total loss: 0.3172, anchor loss: 0.0801, VFL train accuracy: 0.8264
2026-04-15 10:38:09,476 - Epoch: 1, 101/274: VFL loss: 0.5327, total loss: 0.3064, anchor loss: 0.0801, VFL train accuracy: 0.8329
2026-04-15 10:38:09,938 - Epoch: 1, 111/274: VFL loss: 0.5129, total loss: 0.2964, anchor loss: 0.0798, VFL train accuracy: 0.8390
2026-04-15 10:38:10,370 - Epoch: 1, 121/274: VFL loss: 0.4995, total loss: 0.2897, anchor loss: 0.0799, VFL train accuracy: 0.8434
2026-04-15 10:38:10,814 - Epoch: 1, 131/274: VFL loss: 0.4821, total loss: 0.2808, anchor loss: 0.0794, VFL train accuracy: 0.8486
2026-04-15 10:38:11,255 - Epoch: 1, 141/274: VFL loss: 0.4719, total loss: 0.2756, anchor loss: 0.0793, VFL train accuracy: 0.8514
2026-04-15 10:38:11,693 - Epoch: 1, 151/274: VFL loss: 0.4607, total loss: 0.2700, anchor loss: 0.0792, VFL train accuracy: 0.8540
2026-04-15 10:38:12,132 - Epoch: 1, 161/274: VFL loss: 0.4501, total loss: 0.2646, anchor loss: 0.0791, VFL train accuracy: 0.8574
2026-04-15 10:38:12,558 - Epoch: 1, 171/274: VFL loss: 0.4407, total loss: 0.2598, anchor loss: 0.0789, VFL train accuracy: 0.8605
2026-04-15 10:38:13,017 - Epoch: 1, 181/274: VFL loss: 0.4331, total loss: 0.2559, anchor loss: 0.0787, VFL train accuracy: 0.8628
2026-04-15 10:38:13,444 - Epoch: 1, 191/274: VFL loss: 0.4254, total loss: 0.2520, anchor loss: 0.0785, VFL train accuracy: 0.8650
2026-04-15 10:38:13,880 - Epoch: 1, 201/274: VFL loss: 0.4181, total loss: 0.2482, anchor loss: 0.0782, VFL train accuracy: 0.8671
2026-04-15 10:38:14,307 - Epoch: 1, 211/274: VFL loss: 0.4110, total loss: 0.2445, anchor loss: 0.0781, VFL train accuracy: 0.8694
2026-04-15 10:38:14,756 - Epoch: 1, 221/274: VFL loss: 0.4045, total loss: 0.2412, anchor loss: 0.0779, VFL train accuracy: 0.8711
2026-04-15 10:38:15,193 - Epoch: 1, 231/274: VFL loss: 0.3990, total loss: 0.2383, anchor loss: 0.0777, VFL train accuracy: 0.8729
2026-04-15 10:38:15,635 - Epoch: 1, 241/274: VFL loss: 0.3942, total loss: 0.2359, anchor loss: 0.0777, VFL train accuracy: 0.8743
2026-04-15 10:38:16,078 - Epoch: 1, 251/274: VFL loss: 0.3902, total loss: 0.2339, anchor loss: 0.0775, VFL train accuracy: 0.8752
2026-04-15 10:38:16,502 - Epoch: 1, 261/274: VFL loss: 0.3873, total loss: 0.2324, anchor loss: 0.0775, VFL train accuracy: 0.8758
2026-04-15 10:38:16,943 - Epoch: 1, 271/274: VFL loss: 0.3833, total loss: 0.2303, anchor loss: 0.0773, VFL train accuracy: 0.8768
2026-04-15 10:38:17,076 - => Recorded Stage 2 client anchor losses for epoch 1 to './results/AVGuard/stage3_static_reliability_ablation_4clients/NUSWIDE_4clients_static_reliability_off\stage2_final_epoch_client_anchor_losses.json': {0: 0.076966, 1: 0.078832, 2: 0.065851, 3: 0.087513}
2026-04-15 10:38:17,076 - => Stage 2 EMA anchor update skipped at epoch 1 because update_freq=5
2026-04-15 10:38:17,076 - => Stage 2 Epoch 1 Training Summary: VFL loss: 0.3817, total loss: 0.2295, anchor loss: 0.0773, VFL train accuracy: 0.8772
2026-04-15 10:38:17,076 - => Test ASR...
2026-04-15 10:38:17,191 - =>Add Trigger to Test Data
2026-04-15 10:38:21,953 - Add Trigger to 37064 Bad Samples, 9629 Clean Samples (1.00)
2026-04-15 10:38:35,619 - => Test Epoch: 1, main task samples: 46693, attack samples: 46693, test loss: 0.3239, clean acc: 0.5960, Top-4: 0.9969, ASR: 0.3635, RAC: 0.5325, test target accuracy: 0.8956, stage3 final accuracy: 0.5960, stage3 final target accuracy: 0.5960, stage3 final asr: 0.3635, anchor loss: 0.0789
2026-04-15 10:38:35,620 - => Stage 3 Detection Summary: recall: 0.8062, precision: 0.1656, f1: 0.2748, false positive rate: 0.4205, correction rate: 0.5603
2026-04-15 10:38:35,620 - => Stage 3 Debug (clean): suspicious=19633/46693, correction_applied=19594, prediction_changed=19594, skipped_tied_vote=0, skipped_low_margin=0, skipped_other=39
2026-04-15 10:38:35,620 - => Stage 3 Debug (poison-valid): suspicious=21475/37064, correction_applied=21472, prediction_changed=21472, skipped_tied_vote=0, skipped_low_margin=0, skipped_other=3
2026-04-15 10:38:35,620 - => Stage 3 Debug (attack-success): suspicious=6808/8445, correction_applied=6805, prediction_changed=6805, corrected_to_true=4732
2026-04-15 10:38:35,620 - => Stage 2 checkpoint score: mean(clean_acc=0.5960, recall=0.8062, correction_rate=0.5603) = 0.6542
2026-04-15 10:38:35,621 - => Save best checkpoint model...
2026-04-15 10:38:35,827 - => End Epoch: 1, early stop epochs: 0, best epoch: 1, best clean acc: 0.5960, best Top-4: 0.9969, best ASR: 0.3635, best RAC: 0.5325, anchor loss: 0.0789, best checkpoint score: 0.6542
2026-04-15 10:38:35,827 - => Stage 3 Detection Summary: recall: 0.8062, precision: 0.1656, f1: 0.2748, false positive rate: 0.4205, correction rate: 0.5603
2026-04-15 10:38:35,862 - => Rebuilt LFBA poison set from cached gradients: anchor label=3, poison samples=6996, same-label poison samples=4925, consistent rate=0.7040
2026-04-15 10:38:35,900 - => LFBA current anchor-derived target label: 3
2026-04-15 10:38:35,980 - =>Add Trigger to Train Data
2026-04-15 10:38:36,437 - Add Trigger to 6996 Bad Samples, 62970 Clean Samples (0.10)
2026-04-15 10:38:36,442 - => Start Training for Injecting Backdoor...
2026-04-15 10:38:36,519 - Epoch: 2, 1/274: VFL loss: 0.2375, total loss: 0.1556, anchor loss: 0.0737, VFL train accuracy: 0.9102
2026-04-15 10:38:37,424 - Epoch: 2, 11/274: VFL loss: 0.2176, total loss: 0.1440, anchor loss: 0.0703, VFL train accuracy: 0.9286
2026-04-15 10:38:37,885 - Epoch: 2, 21/274: VFL loss: 0.2093, total loss: 0.1396, anchor loss: 0.0699, VFL train accuracy: 0.9319
2026-04-15 10:38:38,318 - Epoch: 2, 31/274: VFL loss: 0.2103, total loss: 0.1401, anchor loss: 0.0699, VFL train accuracy: 0.9317
2026-04-15 10:38:38,767 - Epoch: 2, 41/274: VFL loss: 0.2105, total loss: 0.1402, anchor loss: 0.0698, VFL train accuracy: 0.9322
2026-04-15 10:38:39,230 - Epoch: 2, 51/274: VFL loss: 0.2112, total loss: 0.1406, anchor loss: 0.0700, VFL train accuracy: 0.9305
2026-04-15 10:38:39,655 - Epoch: 2, 61/274: VFL loss: 0.2104, total loss: 0.1402, anchor loss: 0.0701, VFL train accuracy: 0.9304
2026-04-15 10:38:40,104 - Epoch: 2, 71/274: VFL loss: 0.2103, total loss: 0.1402, anchor loss: 0.0701, VFL train accuracy: 0.9304
2026-04-15 10:38:40,508 - Epoch: 2, 81/274: VFL loss: 0.2161, total loss: 0.1432, anchor loss: 0.0703, VFL train accuracy: 0.9284
2026-04-15 10:38:40,961 - Epoch: 2, 91/274: VFL loss: 0.2159, total loss: 0.1431, anchor loss: 0.0703, VFL train accuracy: 0.9281
2026-04-15 10:38:41,410 - Epoch: 2, 101/274: VFL loss: 0.2173, total loss: 0.1438, anchor loss: 0.0702, VFL train accuracy: 0.9278
2026-04-15 10:38:41,848 - Epoch: 2, 111/274: VFL loss: 0.2175, total loss: 0.1439, anchor loss: 0.0703, VFL train accuracy: 0.9274
2026-04-15 10:38:42,293 - Epoch: 2, 121/274: VFL loss: 0.2175, total loss: 0.1439, anchor loss: 0.0703, VFL train accuracy: 0.9271
2026-04-15 10:38:42,738 - Epoch: 2, 131/274: VFL loss: 0.2176, total loss: 0.1439, anchor loss: 0.0703, VFL train accuracy: 0.9275
2026-04-15 10:38:43,184 - Epoch: 2, 141/274: VFL loss: 0.2167, total loss: 0.1435, anchor loss: 0.0703, VFL train accuracy: 0.9275
2026-04-15 10:38:43,614 - Epoch: 2, 151/274: VFL loss: 0.2146, total loss: 0.1424, anchor loss: 0.0701, VFL train accuracy: 0.9282
2026-04-15 10:38:44,051 - Epoch: 2, 161/274: VFL loss: 0.2143, total loss: 0.1422, anchor loss: 0.0701, VFL train accuracy: 0.9285
2026-04-15 10:38:44,462 - Epoch: 2, 171/274: VFL loss: 0.2150, total loss: 0.1426, anchor loss: 0.0701, VFL train accuracy: 0.9284
2026-04-15 10:38:44,910 - Epoch: 2, 181/274: VFL loss: 0.2148, total loss: 0.1424, anchor loss: 0.0700, VFL train accuracy: 0.9284
2026-04-15 10:38:45,352 - Epoch: 2, 191/274: VFL loss: 0.2154, total loss: 0.1427, anchor loss: 0.0700, VFL train accuracy: 0.9279
2026-04-15 10:38:45,785 - Epoch: 2, 201/274: VFL loss: 0.2164, total loss: 0.1432, anchor loss: 0.0700, VFL train accuracy: 0.9280
2026-04-15 10:38:46,229 - Epoch: 2, 211/274: VFL loss: 0.2173, total loss: 0.1437, anchor loss: 0.0701, VFL train accuracy: 0.9277
2026-04-15 10:38:46,645 - Epoch: 2, 221/274: VFL loss: 0.2167, total loss: 0.1434, anchor loss: 0.0701, VFL train accuracy: 0.9278
2026-04-15 10:38:47,090 - Epoch: 2, 231/274: VFL loss: 0.2171, total loss: 0.1436, anchor loss: 0.0701, VFL train accuracy: 0.9277
2026-04-15 10:38:47,509 - Epoch: 2, 241/274: VFL loss: 0.2180, total loss: 0.1441, anchor loss: 0.0702, VFL train accuracy: 0.9273
2026-04-15 10:38:47,922 - Epoch: 2, 251/274: VFL loss: 0.2181, total loss: 0.1442, anchor loss: 0.0702, VFL train accuracy: 0.9271
2026-04-15 10:38:48,393 - Epoch: 2, 261/274: VFL loss: 0.2174, total loss: 0.1438, anchor loss: 0.0701, VFL train accuracy: 0.9273
2026-04-15 10:38:48,852 - Epoch: 2, 271/274: VFL loss: 0.2184, total loss: 0.1443, anchor loss: 0.0702, VFL train accuracy: 0.9271
2026-04-15 10:38:48,991 - => Recorded Stage 2 client anchor losses for epoch 2 to './results/AVGuard/stage3_static_reliability_ablation_4clients/NUSWIDE_4clients_static_reliability_off\stage2_final_epoch_client_anchor_losses.json': {0: 0.061614, 1: 0.074803, 2: 0.064175, 3: 0.079995}
2026-04-15 10:38:48,991 - => Stage 2 EMA anchor update skipped at epoch 2 because update_freq=5
2026-04-15 10:38:48,991 - => Stage 2 Epoch 2 Training Summary: VFL loss: 0.2185, total loss: 0.1443, anchor loss: 0.0701, VFL train accuracy: 0.9271
2026-04-15 10:38:48,992 - => Test ASR...
2026-04-15 10:38:49,113 - =>Add Trigger to Test Data
2026-04-15 10:38:53,474 - Add Trigger to 37064 Bad Samples, 9629 Clean Samples (1.00)
2026-04-15 10:39:06,887 - => Test Epoch: 2, main task samples: 46693, attack samples: 46693, test loss: 0.3455, clean acc: 0.5871, Top-4: 0.9964, ASR: 0.2702, RAC: 0.6051, test target accuracy: 0.9143, stage3 final accuracy: 0.5871, stage3 final target accuracy: 0.5902, stage3 final asr: 0.2702, anchor loss: 0.0780
2026-04-15 10:39:06,888 - => Stage 3 Detection Summary: recall: 0.8799, precision: 0.3602, f1: 0.5111, false positive rate: 0.4276, correction rate: 0.6863
2026-04-15 10:39:06,888 - => Stage 3 Debug (clean): suspicious=19966/46693, correction_applied=19918, prediction_changed=19918, skipped_tied_vote=0, skipped_low_margin=0, skipped_other=48
2026-04-15 10:39:06,888 - => Stage 3 Debug (poison-valid): suspicious=24857/37064, correction_applied=24851, prediction_changed=24851, skipped_tied_vote=0, skipped_low_margin=0, skipped_other=6
2026-04-15 10:39:06,890 - => Stage 3 Debug (attack-success): suspicious=16144/18347, correction_applied=16138, prediction_changed=16138, corrected_to_true=12592
2026-04-15 10:39:06,891 - => Stage 2 checkpoint score: mean(clean_acc=0.5871, recall=0.8799, correction_rate=0.6863) = 0.7178
2026-04-15 10:39:06,891 - => Save best checkpoint model...
2026-04-15 10:39:07,086 - => End Epoch: 2, early stop epochs: 0, best epoch: 2, best clean acc: 0.5871, best Top-4: 0.9964, best ASR: 0.2702, best RAC: 0.6051, anchor loss: 0.0780, best checkpoint score: 0.7178
2026-04-15 10:39:07,086 - => Stage 3 Detection Summary: recall: 0.8799, precision: 0.3602, f1: 0.5111, false positive rate: 0.4276, correction rate: 0.6863
2026-04-15 10:39:07,126 - => LFBA current anchor-derived target label: 3
2026-04-15 10:39:07,207 - =>Add Trigger to Train Data
2026-04-15 10:39:07,567 - Add Trigger to 6996 Bad Samples, 62970 Clean Samples (0.10)
2026-04-15 10:39:07,571 - => Start Training for Injecting Backdoor...
2026-04-15 10:39:07,621 - Epoch: 3, 1/274: VFL loss: 0.1387, total loss: 0.1035, anchor loss: 0.0682, VFL train accuracy: 0.9648
2026-04-15 10:39:08,300 - Epoch: 3, 11/274: VFL loss: 0.1497, total loss: 0.1091, anchor loss: 0.0684, VFL train accuracy: 0.9506
2026-04-15 10:39:08,730 - Epoch: 3, 21/274: VFL loss: 0.1547, total loss: 0.1117, anchor loss: 0.0687, VFL train accuracy: 0.9470
2026-04-15 10:39:09,138 - Epoch: 3, 31/274: VFL loss: 0.1521, total loss: 0.1103, anchor loss: 0.0685, VFL train accuracy: 0.9488
2026-04-15 10:39:09,567 - Epoch: 3, 41/274: VFL loss: 0.1506, total loss: 0.1095, anchor loss: 0.0685, VFL train accuracy: 0.9501
2026-04-15 10:39:10,002 - Epoch: 3, 51/274: VFL loss: 0.1505, total loss: 0.1094, anchor loss: 0.0684, VFL train accuracy: 0.9508
2026-04-15 10:39:10,424 - Epoch: 3, 61/274: VFL loss: 0.1491, total loss: 0.1087, anchor loss: 0.0684, VFL train accuracy: 0.9514
2026-04-15 10:39:10,872 - Epoch: 3, 71/274: VFL loss: 0.1484, total loss: 0.1083, anchor loss: 0.0683, VFL train accuracy: 0.9520
2026-04-15 10:39:11,299 - Epoch: 3, 81/274: VFL loss: 0.1505, total loss: 0.1094, anchor loss: 0.0684, VFL train accuracy: 0.9511
2026-04-15 10:39:11,724 - Epoch: 3, 91/274: VFL loss: 0.1518, total loss: 0.1101, anchor loss: 0.0685, VFL train accuracy: 0.9509
2026-04-15 10:39:12,161 - Epoch: 3, 101/274: VFL loss: 0.1530, total loss: 0.1109, anchor loss: 0.0687, VFL train accuracy: 0.9510
2026-04-15 10:39:12,609 - Epoch: 3, 111/274: VFL loss: 0.1524, total loss: 0.1105, anchor loss: 0.0686, VFL train accuracy: 0.9510
2026-04-15 10:39:13,056 - Epoch: 3, 121/274: VFL loss: 0.1525, total loss: 0.1105, anchor loss: 0.0686, VFL train accuracy: 0.9509
2026-04-15 10:39:13,503 - Epoch: 3, 131/274: VFL loss: 0.1531, total loss: 0.1108, anchor loss: 0.0686, VFL train accuracy: 0.9506
2026-04-15 10:39:13,954 - Epoch: 3, 141/274: VFL loss: 0.1523, total loss: 0.1105, anchor loss: 0.0687, VFL train accuracy: 0.9506
2026-04-15 10:39:14,382 - Epoch: 3, 151/274: VFL loss: 0.1528, total loss: 0.1107, anchor loss: 0.0686, VFL train accuracy: 0.9503
2026-04-15 10:39:14,822 - Epoch: 3, 161/274: VFL loss: 0.1547, total loss: 0.1117, anchor loss: 0.0687, VFL train accuracy: 0.9499
2026-04-15 10:39:15,261 - Epoch: 3, 171/274: VFL loss: 0.1547, total loss: 0.1117, anchor loss: 0.0688, VFL train accuracy: 0.9497
2026-04-15 10:39:15,741 - Epoch: 3, 181/274: VFL loss: 0.1543, total loss: 0.1115, anchor loss: 0.0687, VFL train accuracy: 0.9498
2026-04-15 10:39:16,183 - Epoch: 3, 191/274: VFL loss: 0.1552, total loss: 0.1120, anchor loss: 0.0688, VFL train accuracy: 0.9496
2026-04-15 10:39:16,634 - Epoch: 3, 201/274: VFL loss: 0.1568, total loss: 0.1128, anchor loss: 0.0688, VFL train accuracy: 0.9490
2026-04-15 10:39:17,091 - Epoch: 3, 211/274: VFL loss: 0.1586, total loss: 0.1138, anchor loss: 0.0689, VFL train accuracy: 0.9482
2026-04-15 10:39:17,535 - Epoch: 3, 221/274: VFL loss: 0.1589, total loss: 0.1139, anchor loss: 0.0689, VFL train accuracy: 0.9480
2026-04-15 10:39:17,983 - Epoch: 3, 231/274: VFL loss: 0.1591, total loss: 0.1140, anchor loss: 0.0689, VFL train accuracy: 0.9479
2026-04-15 10:39:18,417 - Epoch: 3, 241/274: VFL loss: 0.1589, total loss: 0.1139, anchor loss: 0.0688, VFL train accuracy: 0.9478
2026-04-15 10:39:18,864 - Epoch: 3, 251/274: VFL loss: 0.1592, total loss: 0.1140, anchor loss: 0.0688, VFL train accuracy: 0.9478
2026-04-15 10:39:19,295 - Epoch: 3, 261/274: VFL loss: 0.1601, total loss: 0.1144, anchor loss: 0.0688, VFL train accuracy: 0.9474
2026-04-15 10:39:19,727 - Epoch: 3, 271/274: VFL loss: 0.1602, total loss: 0.1145, anchor loss: 0.0688, VFL train accuracy: 0.9473
2026-04-15 10:39:19,869 - => Recorded Stage 2 client anchor losses for epoch 3 to './results/AVGuard/stage3_static_reliability_ablation_4clients/NUSWIDE_4clients_static_reliability_off\stage2_final_epoch_client_anchor_losses.json': {0: 0.056655, 1: 0.073471, 2: 0.063632, 3: 0.081539}
2026-04-15 10:39:19,870 - => Stage 2 EMA anchor update skipped at epoch 3 because update_freq=5
2026-04-15 10:39:19,870 - => Stage 2 Epoch 3 Training Summary: VFL loss: 0.1608, total loss: 0.1148, anchor loss: 0.0688, VFL train accuracy: 0.9472
2026-04-15 10:39:19,870 - => Test ASR...
2026-04-15 10:39:19,982 - =>Add Trigger to Test Data
2026-04-15 10:39:24,036 - Add Trigger to 37064 Bad Samples, 9629 Clean Samples (1.00)
2026-04-15 10:39:37,039 - => Test Epoch: 3, main task samples: 46693, attack samples: 46693, test loss: 0.3642, clean acc: 0.5923, Top-4: 0.9962, ASR: 0.4245, RAC: 0.5046, test target accuracy: 0.8796, stage3 final accuracy: 0.5923, stage3 final target accuracy: 0.6043, stage3 final asr: 0.4245, anchor loss: 0.0768
2026-04-15 10:39:37,040 - => Stage 3 Detection Summary: recall: 0.8155, precision: 0.1635, f1: 0.2724, false positive rate: 0.4363, correction rate: 0.5484
2026-04-15 10:39:37,040 - => Stage 3 Debug (clean): suspicious=20374/46693, correction_applied=20311, prediction_changed=20311, skipped_tied_vote=0, skipped_low_margin=0, skipped_other=63
2026-04-15 10:39:37,040 - => Stage 3 Debug (poison-valid): suspicious=22480/37064, correction_applied=22477, prediction_changed=22477, skipped_tied_vote=0, skipped_low_margin=0, skipped_other=3
2026-04-15 10:39:37,040 - => Stage 3 Debug (attack-success): suspicious=7008/8594, correction_applied=7005, prediction_changed=7005, corrected_to_true=4713
2026-04-15 10:39:37,040 - => Stage 2 checkpoint score: mean(clean_acc=0.5923, recall=0.8155, correction_rate=0.5484) = 0.6520
2026-04-15 10:39:37,109 - => End Epoch: 3, early stop epochs: 1, best epoch: 2, best clean acc: 0.5871, best Top-4: 0.9964, best ASR: 0.2702, best RAC: 0.6051, anchor loss: 0.0780, best checkpoint score: 0.7178
2026-04-15 10:39:37,110 - => Stage 3 Detection Summary: recall: 0.8799, precision: 0.3602, f1: 0.5111, false positive rate: 0.4276, correction rate: 0.6863
2026-04-15 10:39:37,153 - => LFBA current anchor-derived target label: 3
2026-04-15 10:39:37,241 - =>Add Trigger to Train Data
2026-04-15 10:39:37,611 - Add Trigger to 6996 Bad Samples, 62970 Clean Samples (0.10)
2026-04-15 10:39:37,614 - => Start Training for Injecting Backdoor...
2026-04-15 10:39:37,665 - Epoch: 4, 1/274: VFL loss: 0.0561, total loss: 0.0611, anchor loss: 0.0661, VFL train accuracy: 0.9883
2026-04-15 10:39:38,343 - Epoch: 4, 11/274: VFL loss: 0.1053, total loss: 0.0853, anchor loss: 0.0654, VFL train accuracy: 0.9688
2026-04-15 10:39:38,763 - Epoch: 4, 21/274: VFL loss: 0.1066, total loss: 0.0863, anchor loss: 0.0660, VFL train accuracy: 0.9674
2026-04-15 10:39:39,194 - Epoch: 4, 31/274: VFL loss: 0.1061, total loss: 0.0859, anchor loss: 0.0657, VFL train accuracy: 0.9676
2026-04-15 10:39:39,630 - Epoch: 4, 41/274: VFL loss: 0.1058, total loss: 0.0857, anchor loss: 0.0655, VFL train accuracy: 0.9670
2026-04-15 10:39:40,074 - Epoch: 4, 51/274: VFL loss: 0.1020, total loss: 0.0837, anchor loss: 0.0654, VFL train accuracy: 0.9680
2026-04-15 10:39:40,512 - Epoch: 4, 61/274: VFL loss: 0.1009, total loss: 0.0832, anchor loss: 0.0655, VFL train accuracy: 0.9682
2026-04-15 10:39:40,941 - Epoch: 4, 71/274: VFL loss: 0.1014, total loss: 0.0835, anchor loss: 0.0656, VFL train accuracy: 0.9683
2026-04-15 10:39:41,385 - Epoch: 4, 81/274: VFL loss: 0.1027, total loss: 0.0843, anchor loss: 0.0658, VFL train accuracy: 0.9677
2026-04-15 10:39:41,809 - Epoch: 4, 91/274: VFL loss: 0.1032, total loss: 0.0846, anchor loss: 0.0660, VFL train accuracy: 0.9673
2026-04-15 10:39:42,245 - Epoch: 4, 101/274: VFL loss: 0.1045, total loss: 0.0853, anchor loss: 0.0662, VFL train accuracy: 0.9665
2026-04-15 10:39:42,701 - Epoch: 4, 111/274: VFL loss: 0.1041, total loss: 0.0851, anchor loss: 0.0661, VFL train accuracy: 0.9666
2026-04-15 10:39:43,129 - Epoch: 4, 121/274: VFL loss: 0.1042, total loss: 0.0851, anchor loss: 0.0661, VFL train accuracy: 0.9662
2026-04-15 10:39:43,571 - Epoch: 4, 131/274: VFL loss: 0.1042, total loss: 0.0852, anchor loss: 0.0661, VFL train accuracy: 0.9659
2026-04-15 10:39:44,008 - Epoch: 4, 141/274: VFL loss: 0.1037, total loss: 0.0850, anchor loss: 0.0662, VFL train accuracy: 0.9661
2026-04-15 10:39:44,442 - Epoch: 4, 151/274: VFL loss: 0.1048, total loss: 0.0856, anchor loss: 0.0663, VFL train accuracy: 0.9657
2026-04-15 10:39:44,863 - Epoch: 4, 161/274: VFL loss: 0.1048, total loss: 0.0856, anchor loss: 0.0663, VFL train accuracy: 0.9658
2026-04-15 10:39:45,298 - Epoch: 4, 171/274: VFL loss: 0.1062, total loss: 0.0863, anchor loss: 0.0664, VFL train accuracy: 0.9654
2026-04-15 10:39:45,707 - Epoch: 4, 181/274: VFL loss: 0.1073, total loss: 0.0869, anchor loss: 0.0666, VFL train accuracy: 0.9651
2026-04-15 10:39:46,125 - Epoch: 4, 191/274: VFL loss: 0.1078, total loss: 0.0872, anchor loss: 0.0666, VFL train accuracy: 0.9651
2026-04-15 10:39:46,558 - Epoch: 4, 201/274: VFL loss: 0.1085, total loss: 0.0876, anchor loss: 0.0666, VFL train accuracy: 0.9650
2026-04-15 10:39:46,979 - Epoch: 4, 211/274: VFL loss: 0.1093, total loss: 0.0880, anchor loss: 0.0666, VFL train accuracy: 0.9645
2026-04-15 10:39:47,424 - Epoch: 4, 221/274: VFL loss: 0.1107, total loss: 0.0887, anchor loss: 0.0668, VFL train accuracy: 0.9640
2026-04-15 10:39:47,864 - Epoch: 4, 231/274: VFL loss: 0.1115, total loss: 0.0891, anchor loss: 0.0668, VFL train accuracy: 0.9638
2026-04-15 10:39:48,307 - Epoch: 4, 241/274: VFL loss: 0.1117, total loss: 0.0893, anchor loss: 0.0669, VFL train accuracy: 0.9636
2026-04-15 10:39:48,746 - Epoch: 4, 251/274: VFL loss: 0.1121, total loss: 0.0895, anchor loss: 0.0668, VFL train accuracy: 0.9636
2026-04-15 10:39:49,354 - Epoch: 4, 261/274: VFL loss: 0.1124, total loss: 0.0896, anchor loss: 0.0669, VFL train accuracy: 0.9633
2026-04-15 10:39:49,790 - Epoch: 4, 271/274: VFL loss: 0.1130, total loss: 0.0899, anchor loss: 0.0669, VFL train accuracy: 0.9630
2026-04-15 10:39:49,928 - => Recorded Stage 2 client anchor losses for epoch 4 to './results/AVGuard/stage3_static_reliability_ablation_4clients/NUSWIDE_4clients_static_reliability_off\stage2_final_epoch_client_anchor_losses.json': {0: 0.052171, 1: 0.073074, 2: 0.063309, 3: 0.079023}
2026-04-15 10:39:49,928 - => Stage 2 EMA anchor update skipped at epoch 4 because update_freq=5
2026-04-15 10:39:49,929 - => Stage 2 Epoch 4 Training Summary: VFL loss: 0.1134, total loss: 0.0902, anchor loss: 0.0669, VFL train accuracy: 0.9629
2026-04-15 10:39:49,929 - => Test ASR...
2026-04-15 10:39:50,043 - =>Add Trigger to Test Data
2026-04-15 10:39:54,219 - Add Trigger to 37064 Bad Samples, 9629 Clean Samples (1.00)
2026-04-15 10:40:07,444 - => Test Epoch: 4, main task samples: 46693, attack samples: 46693, test loss: 0.4091, clean acc: 0.5890, Top-4: 0.9964, ASR: 0.4218, RAC: 0.4913, test target accuracy: 0.8734, stage3 final accuracy: 0.5890, stage3 final target accuracy: 0.5944, stage3 final asr: 0.4218, anchor loss: 0.0781
2026-04-15 10:40:07,444 - => Stage 3 Detection Summary: recall: 0.8144, precision: 0.1519, f1: 0.2560, false positive rate: 0.4418, correction rate: 0.5307
2026-04-15 10:40:07,444 - => Stage 3 Debug (clean): suspicious=20627/46693, correction_applied=20580, prediction_changed=20580, skipped_tied_vote=0, skipped_low_margin=0, skipped_other=47
2026-04-15 10:40:07,445 - => Stage 3 Debug (poison-valid): suspicious=22830/37064, correction_applied=22826, prediction_changed=22826, skipped_tied_vote=0, skipped_low_margin=0, skipped_other=4
2026-04-15 10:40:07,445 - => Stage 3 Debug (attack-success): suspicious=6600/8104, correction_applied=6596, prediction_changed=6596, corrected_to_true=4301
2026-04-15 10:40:07,445 - => Stage 2 checkpoint score: mean(clean_acc=0.5890, recall=0.8144, correction_rate=0.5307) = 0.6447
2026-04-15 10:40:07,512 - => End Epoch: 4, early stop epochs: 2, best epoch: 2, best clean acc: 0.5871, best Top-4: 0.9964, best ASR: 0.2702, best RAC: 0.6051, anchor loss: 0.0780, best checkpoint score: 0.7178
2026-04-15 10:40:07,512 - => Stage 3 Detection Summary: recall: 0.8799, precision: 0.3602, f1: 0.5111, false positive rate: 0.4276, correction rate: 0.6863
2026-04-15 10:40:07,553 - => LFBA current anchor-derived target label: 3
2026-04-15 10:40:07,643 - =>Add Trigger to Train Data
2026-04-15 10:40:07,993 - Add Trigger to 6996 Bad Samples, 62970 Clean Samples (0.10)
2026-04-15 10:40:07,996 - => Start Training for Injecting Backdoor...
2026-04-15 10:40:08,049 - Epoch: 5, 1/274: VFL loss: 0.0819, total loss: 0.0737, anchor loss: 0.0655, VFL train accuracy: 0.9688
2026-04-15 10:40:08,741 - Epoch: 5, 11/274: VFL loss: 0.0836, total loss: 0.0751, anchor loss: 0.0667, VFL train accuracy: 0.9737
2026-04-15 10:40:09,154 - Epoch: 5, 21/274: VFL loss: 0.0774, total loss: 0.0720, anchor loss: 0.0665, VFL train accuracy: 0.9749
2026-04-15 10:40:09,598 - Epoch: 5, 31/274: VFL loss: 0.0760, total loss: 0.0709, anchor loss: 0.0658, VFL train accuracy: 0.9744
2026-04-15 10:40:10,016 - Epoch: 5, 41/274: VFL loss: 0.0731, total loss: 0.0693, anchor loss: 0.0655, VFL train accuracy: 0.9758
2026-04-15 10:40:10,445 - Epoch: 5, 51/274: VFL loss: 0.0721, total loss: 0.0686, anchor loss: 0.0652, VFL train accuracy: 0.9763
2026-04-15 10:40:10,871 - Epoch: 5, 61/274: VFL loss: 0.0753, total loss: 0.0704, anchor loss: 0.0654, VFL train accuracy: 0.9748
2026-04-15 10:40:11,288 - Epoch: 5, 71/274: VFL loss: 0.0732, total loss: 0.0693, anchor loss: 0.0653, VFL train accuracy: 0.9756
2026-04-15 10:40:11,730 - Epoch: 5, 81/274: VFL loss: 0.0732, total loss: 0.0693, anchor loss: 0.0655, VFL train accuracy: 0.9757
2026-04-15 10:40:12,174 - Epoch: 5, 91/274: VFL loss: 0.0737, total loss: 0.0696, anchor loss: 0.0655, VFL train accuracy: 0.9757
2026-04-15 10:40:12,612 - Epoch: 5, 101/274: VFL loss: 0.0735, total loss: 0.0695, anchor loss: 0.0654, VFL train accuracy: 0.9756
2026-04-15 10:40:13,049 - Epoch: 5, 111/274: VFL loss: 0.0745, total loss: 0.0699, anchor loss: 0.0654, VFL train accuracy: 0.9755
2026-04-15 10:40:13,480 - Epoch: 5, 121/274: VFL loss: 0.0741, total loss: 0.0697, anchor loss: 0.0653, VFL train accuracy: 0.9756
2026-04-15 10:40:13,908 - Epoch: 5, 131/274: VFL loss: 0.0748, total loss: 0.0701, anchor loss: 0.0654, VFL train accuracy: 0.9753
2026-04-15 10:40:14,348 - Epoch: 5, 141/274: VFL loss: 0.0750, total loss: 0.0702, anchor loss: 0.0654, VFL train accuracy: 0.9753
2026-04-15 10:40:14,772 - Epoch: 5, 151/274: VFL loss: 0.0759, total loss: 0.0707, anchor loss: 0.0655, VFL train accuracy: 0.9750
2026-04-15 10:40:15,209 - Epoch: 5, 161/274: VFL loss: 0.0766, total loss: 0.0711, anchor loss: 0.0656, VFL train accuracy: 0.9746
2026-04-15 10:40:15,670 - Epoch: 5, 171/274: VFL loss: 0.0769, total loss: 0.0713, anchor loss: 0.0656, VFL train accuracy: 0.9745
2026-04-15 10:40:16,143 - Epoch: 5, 181/274: VFL loss: 0.0776, total loss: 0.0717, anchor loss: 0.0657, VFL train accuracy: 0.9743
2026-04-15 10:40:16,608 - Epoch: 5, 191/274: VFL loss: 0.0785, total loss: 0.0721, anchor loss: 0.0658, VFL train accuracy: 0.9739
2026-04-15 10:40:17,097 - Epoch: 5, 201/274: VFL loss: 0.0791, total loss: 0.0724, anchor loss: 0.0658, VFL train accuracy: 0.9739
2026-04-15 10:40:17,551 - Epoch: 5, 211/274: VFL loss: 0.0802, total loss: 0.0730, anchor loss: 0.0658, VFL train accuracy: 0.9735
2026-04-15 10:40:18,015 - Epoch: 5, 221/274: VFL loss: 0.0806, total loss: 0.0732, anchor loss: 0.0659, VFL train accuracy: 0.9733
2026-04-15 10:40:18,476 - Epoch: 5, 231/274: VFL loss: 0.0815, total loss: 0.0737, anchor loss: 0.0659, VFL train accuracy: 0.9730
2026-04-15 10:40:18,915 - Epoch: 5, 241/274: VFL loss: 0.0814, total loss: 0.0736, anchor loss: 0.0659, VFL train accuracy: 0.9732
2026-04-15 10:40:19,376 - Epoch: 5, 251/274: VFL loss: 0.0819, total loss: 0.0739, anchor loss: 0.0659, VFL train accuracy: 0.9731
2026-04-15 10:40:19,815 - Epoch: 5, 261/274: VFL loss: 0.0819, total loss: 0.0739, anchor loss: 0.0659, VFL train accuracy: 0.9730
2026-04-15 10:40:20,251 - Epoch: 5, 271/274: VFL loss: 0.0827, total loss: 0.0743, anchor loss: 0.0659, VFL train accuracy: 0.9728
2026-04-15 10:40:20,398 - => Recorded Stage 2 client anchor losses for epoch 5 to './results/AVGuard/stage3_static_reliability_ablation_4clients/NUSWIDE_4clients_static_reliability_off\stage2_final_epoch_client_anchor_losses.json': {0: 0.047727, 1: 0.072749, 2: 0.063027, 3: 0.079918}
2026-04-15 10:40:20,407 - => Stage 2 EMA anchor update applied at epoch 5 with momentum 0.9950: updated classes per client {0: 5, 1: 5, 2: 5, 3: 5}
2026-04-15 10:40:20,407 - => Stage 2 Epoch 5 Training Summary: VFL loss: 0.0827, total loss: 0.0743, anchor loss: 0.0658, VFL train accuracy: 0.9727
2026-04-15 10:40:20,407 - => Test ASR...
2026-04-15 10:40:20,529 - =>Add Trigger to Test Data
2026-04-15 10:40:25,024 - Add Trigger to 37064 Bad Samples, 9629 Clean Samples (1.00)
2026-04-15 10:40:38,795 - => Test Epoch: 5, main task samples: 46693, attack samples: 46693, test loss: 0.4828, clean acc: 0.5939, Top-4: 0.9959, ASR: 0.4151, RAC: 0.4900, test target accuracy: 0.9039, stage3 final accuracy: 0.5939, stage3 final target accuracy: 0.5805, stage3 final asr: 0.4151, anchor loss: 0.0776
2026-04-15 10:40:38,795 - => Stage 3 Detection Summary: recall: 0.7650, precision: 0.1341, f1: 0.2282, false positive rate: 0.4289, correction rate: 0.4765
2026-04-15 10:40:38,796 - => Stage 3 Debug (clean): suspicious=20028/46693, correction_applied=19966, prediction_changed=19966, skipped_tied_vote=0, skipped_low_margin=0, skipped_other=62
2026-04-15 10:40:38,796 - => Stage 3 Debug (poison-valid): suspicious=21527/37064, correction_applied=21523, prediction_changed=21523, skipped_tied_vote=0, skipped_low_margin=0, skipped_other=4
2026-04-15 10:40:38,796 - => Stage 3 Debug (attack-success): suspicious=5573/7285, correction_applied=5569, prediction_changed=5569, corrected_to_true=3471
2026-04-15 10:40:38,796 - => Stage 2 checkpoint score: mean(clean_acc=0.5939, recall=0.7650, correction_rate=0.4765) = 0.6118
2026-04-15 10:40:38,859 - => End Epoch: 5, early stop epochs: 3, best epoch: 2, best clean acc: 0.5871, best Top-4: 0.9964, best ASR: 0.2702, best RAC: 0.6051, anchor loss: 0.0780, best checkpoint score: 0.7178
2026-04-15 10:40:38,860 - => Stage 3 Detection Summary: recall: 0.8799, precision: 0.3602, f1: 0.5111, false positive rate: 0.4276, correction rate: 0.6863
2026-04-15 10:40:38,904 - => LFBA current anchor-derived target label: 3
2026-04-15 10:40:38,995 - =>Add Trigger to Train Data
2026-04-15 10:40:39,450 - Add Trigger to 6996 Bad Samples, 62970 Clean Samples (0.10)
2026-04-15 10:40:39,452 - => Start Training for Injecting Backdoor...
2026-04-15 10:40:39,499 - Epoch: 6, 1/274: VFL loss: 0.0614, total loss: 0.0614, anchor loss: 0.0615, VFL train accuracy: 0.9766
2026-04-15 10:40:40,189 - Epoch: 6, 11/274: VFL loss: 0.0620, total loss: 0.0626, anchor loss: 0.0631, VFL train accuracy: 0.9787
2026-04-15 10:40:40,669 - Epoch: 6, 21/274: VFL loss: 0.0552, total loss: 0.0594, anchor loss: 0.0636, VFL train accuracy: 0.9818
2026-04-15 10:40:41,090 - Epoch: 6, 31/274: VFL loss: 0.0527, total loss: 0.0580, anchor loss: 0.0633, VFL train accuracy: 0.9830
2026-04-15 10:40:41,536 - Epoch: 6, 41/274: VFL loss: 0.0535, total loss: 0.0585, anchor loss: 0.0634, VFL train accuracy: 0.9833
2026-04-15 10:40:41,972 - Epoch: 6, 51/274: VFL loss: 0.0535, total loss: 0.0585, anchor loss: 0.0636, VFL train accuracy: 0.9840
2026-04-15 10:40:42,411 - Epoch: 6, 61/274: VFL loss: 0.0531, total loss: 0.0583, anchor loss: 0.0635, VFL train accuracy: 0.9843
2026-04-15 10:40:42,848 - Epoch: 6, 71/274: VFL loss: 0.0535, total loss: 0.0585, anchor loss: 0.0634, VFL train accuracy: 0.9839
2026-04-15 10:40:43,285 - Epoch: 6, 81/274: VFL loss: 0.0521, total loss: 0.0576, anchor loss: 0.0631, VFL train accuracy: 0.9842
2026-04-15 10:40:43,722 - Epoch: 6, 91/274: VFL loss: 0.0520, total loss: 0.0575, anchor loss: 0.0631, VFL train accuracy: 0.9842
2026-04-15 10:40:44,161 - Epoch: 6, 101/274: VFL loss: 0.0513, total loss: 0.0572, anchor loss: 0.0631, VFL train accuracy: 0.9843
2026-04-15 10:40:44,583 - Epoch: 6, 111/274: VFL loss: 0.0524, total loss: 0.0578, anchor loss: 0.0631, VFL train accuracy: 0.9837
2026-04-15 10:40:45,030 - Epoch: 6, 121/274: VFL loss: 0.0540, total loss: 0.0586, anchor loss: 0.0632, VFL train accuracy: 0.9831
2026-04-15 10:40:45,456 - Epoch: 6, 131/274: VFL loss: 0.0546, total loss: 0.0590, anchor loss: 0.0634, VFL train accuracy: 0.9829
2026-04-15 10:40:45,876 - Epoch: 6, 141/274: VFL loss: 0.0550, total loss: 0.0593, anchor loss: 0.0636, VFL train accuracy: 0.9827
2026-04-15 10:40:46,311 - Epoch: 6, 151/274: VFL loss: 0.0556, total loss: 0.0596, anchor loss: 0.0636, VFL train accuracy: 0.9826
2026-04-15 10:40:46,741 - Epoch: 6, 161/274: VFL loss: 0.0560, total loss: 0.0598, anchor loss: 0.0637, VFL train accuracy: 0.9823
2026-04-15 10:40:47,159 - Epoch: 6, 171/274: VFL loss: 0.0560, total loss: 0.0598, anchor loss: 0.0637, VFL train accuracy: 0.9824
2026-04-15 10:40:47,625 - Epoch: 6, 181/274: VFL loss: 0.0566, total loss: 0.0601, anchor loss: 0.0637, VFL train accuracy: 0.9822
2026-04-15 10:40:48,059 - Epoch: 6, 191/274: VFL loss: 0.0568, total loss: 0.0603, anchor loss: 0.0638, VFL train accuracy: 0.9821
2026-04-15 10:40:48,498 - Epoch: 6, 201/274: VFL loss: 0.0576, total loss: 0.0607, anchor loss: 0.0638, VFL train accuracy: 0.9817
2026-04-15 10:40:48,931 - Epoch: 6, 211/274: VFL loss: 0.0581, total loss: 0.0610, anchor loss: 0.0639, VFL train accuracy: 0.9814
2026-04-15 10:40:49,380 - Epoch: 6, 221/274: VFL loss: 0.0583, total loss: 0.0611, anchor loss: 0.0640, VFL train accuracy: 0.9812
2026-04-15 10:40:49,838 - Epoch: 6, 231/274: VFL loss: 0.0587, total loss: 0.0614, anchor loss: 0.0640, VFL train accuracy: 0.9811
2026-04-15 10:40:50,300 - Epoch: 6, 241/274: VFL loss: 0.0598, total loss: 0.0619, anchor loss: 0.0640, VFL train accuracy: 0.9807
2026-04-15 10:40:50,739 - Epoch: 6, 251/274: VFL loss: 0.0597, total loss: 0.0619, anchor loss: 0.0641, VFL train accuracy: 0.9807
2026-04-15 10:40:51,176 - Epoch: 6, 261/274: VFL loss: 0.0600, total loss: 0.0620, anchor loss: 0.0641, VFL train accuracy: 0.9805
2026-04-15 10:40:51,586 - Epoch: 6, 271/274: VFL loss: 0.0602, total loss: 0.0621, anchor loss: 0.0641, VFL train accuracy: 0.9804
2026-04-15 10:40:51,729 - => Recorded Stage 2 client anchor losses for epoch 6 to './results/AVGuard/stage3_static_reliability_ablation_4clients/NUSWIDE_4clients_static_reliability_off\stage2_final_epoch_client_anchor_losses.json': {0: 0.044269, 1: 0.072268, 2: 0.062082, 3: 0.077607}
2026-04-15 10:40:51,729 - => Stage 2 EMA anchor update skipped at epoch 6 because update_freq=5
2026-04-15 10:40:51,729 - => Stage 2 Epoch 6 Training Summary: VFL loss: 0.0603, total loss: 0.0622, anchor loss: 0.0641, VFL train accuracy: 0.9804
2026-04-15 10:40:51,731 - => Test ASR...
2026-04-15 10:40:51,855 - =>Add Trigger to Test Data
2026-04-15 10:40:56,256 - Add Trigger to 37064 Bad Samples, 9629 Clean Samples (1.00)
2026-04-15 10:41:09,394 - => Test Epoch: 6, main task samples: 46693, attack samples: 46693, test loss: 0.5347, clean acc: 0.5956, Top-4: 0.9962, ASR: 0.4514, RAC: 0.4805, test target accuracy: 0.8510, stage3 final accuracy: 0.5956, stage3 final target accuracy: 0.5778, stage3 final asr: 0.4514, anchor loss: 0.0770
2026-04-15 10:41:09,395 - => Stage 3 Detection Summary: recall: 0.7773, precision: 0.1110, f1: 0.1943, false positive rate: 0.4399, correction rate: 0.5014
2026-04-15 10:41:09,395 - => Stage 3 Debug (clean): suspicious=20541/46693, correction_applied=20496, prediction_changed=20496, skipped_tied_vote=0, skipped_low_margin=0, skipped_other=45
2026-04-15 10:41:09,395 - => Stage 3 Debug (poison-valid): suspicious=22087/37064, correction_applied=22083, prediction_changed=22083, skipped_tied_vote=0, skipped_low_margin=0, skipped_other=4
2026-04-15 10:41:09,395 - => Stage 3 Debug (attack-success): suspicious=4733/6089, correction_applied=4729, prediction_changed=4729, corrected_to_true=3053
2026-04-15 10:41:09,396 - => Stage 2 checkpoint score: mean(clean_acc=0.5956, recall=0.7773, correction_rate=0.5014) = 0.6248
2026-04-15 10:41:09,490 - => End Epoch: 6, early stop epochs: 4, best epoch: 2, best clean acc: 0.5871, best Top-4: 0.9964, best ASR: 0.2702, best RAC: 0.6051, anchor loss: 0.0780, best checkpoint score: 0.7178
2026-04-15 10:41:09,490 - => Stage 3 Detection Summary: recall: 0.8799, precision: 0.3602, f1: 0.5111, false positive rate: 0.4276, correction rate: 0.6863
2026-04-15 10:41:09,536 - => LFBA current anchor-derived target label: 3
2026-04-15 10:41:09,627 - =>Add Trigger to Train Data
2026-04-15 10:41:10,068 - Add Trigger to 6996 Bad Samples, 62970 Clean Samples (0.10)
2026-04-15 10:41:10,071 - => Start Training for Injecting Backdoor...
2026-04-15 10:41:10,127 - Epoch: 7, 1/274: VFL loss: 0.0307, total loss: 0.0466, anchor loss: 0.0626, VFL train accuracy: 0.9961
2026-04-15 10:41:10,868 - Epoch: 7, 11/274: VFL loss: 0.0379, total loss: 0.0508, anchor loss: 0.0637, VFL train accuracy: 0.9901
2026-04-15 10:41:11,333 - Epoch: 7, 21/274: VFL loss: 0.0417, total loss: 0.0525, anchor loss: 0.0633, VFL train accuracy: 0.9879
2026-04-15 10:41:11,779 - Epoch: 7, 31/274: VFL loss: 0.0412, total loss: 0.0522, anchor loss: 0.0632, VFL train accuracy: 0.9864
2026-04-15 10:41:12,199 - Epoch: 7, 41/274: VFL loss: 0.0428, total loss: 0.0531, anchor loss: 0.0633, VFL train accuracy: 0.9853
2026-04-15 10:41:12,635 - Epoch: 7, 51/274: VFL loss: 0.0440, total loss: 0.0537, anchor loss: 0.0633, VFL train accuracy: 0.9848
2026-04-15 10:41:13,065 - Epoch: 7, 61/274: VFL loss: 0.0437, total loss: 0.0534, anchor loss: 0.0631, VFL train accuracy: 0.9854
2026-04-15 10:41:13,507 - Epoch: 7, 71/274: VFL loss: 0.0423, total loss: 0.0527, anchor loss: 0.0630, VFL train accuracy: 0.9858
2026-04-15 10:41:13,939 - Epoch: 7, 81/274: VFL loss: 0.0422, total loss: 0.0527, anchor loss: 0.0633, VFL train accuracy: 0.9860
2026-04-15 10:41:14,372 - Epoch: 7, 91/274: VFL loss: 0.0425, total loss: 0.0530, anchor loss: 0.0634, VFL train accuracy: 0.9859
2026-04-15 10:41:14,804 - Epoch: 7, 101/274: VFL loss: 0.0426, total loss: 0.0530, anchor loss: 0.0634, VFL train accuracy: 0.9857
2026-04-15 10:41:15,222 - Epoch: 7, 111/274: VFL loss: 0.0435, total loss: 0.0535, anchor loss: 0.0635, VFL train accuracy: 0.9855
2026-04-15 10:41:15,663 - Epoch: 7, 121/274: VFL loss: 0.0433, total loss: 0.0535, anchor loss: 0.0637, VFL train accuracy: 0.9856
2026-04-15 10:41:16,108 - Epoch: 7, 131/274: VFL loss: 0.0427, total loss: 0.0532, anchor loss: 0.0636, VFL train accuracy: 0.9858
2026-04-15 10:41:16,526 - Epoch: 7, 141/274: VFL loss: 0.0428, total loss: 0.0532, anchor loss: 0.0636, VFL train accuracy: 0.9858
2026-04-15 10:41:16,970 - Epoch: 7, 151/274: VFL loss: 0.0426, total loss: 0.0531, anchor loss: 0.0635, VFL train accuracy: 0.9858
2026-04-15 10:41:17,395 - Epoch: 7, 161/274: VFL loss: 0.0433, total loss: 0.0534, anchor loss: 0.0635, VFL train accuracy: 0.9855
2026-04-15 10:41:17,837 - Epoch: 7, 171/274: VFL loss: 0.0433, total loss: 0.0534, anchor loss: 0.0636, VFL train accuracy: 0.9855
2026-04-15 10:41:18,257 - Epoch: 7, 181/274: VFL loss: 0.0432, total loss: 0.0534, anchor loss: 0.0636, VFL train accuracy: 0.9854
2026-04-15 10:41:18,686 - Epoch: 7, 191/274: VFL loss: 0.0434, total loss: 0.0535, anchor loss: 0.0636, VFL train accuracy: 0.9853
2026-04-15 10:41:19,121 - Epoch: 7, 201/274: VFL loss: 0.0440, total loss: 0.0538, anchor loss: 0.0636, VFL train accuracy: 0.9852
2026-04-15 10:41:19,550 - Epoch: 7, 211/274: VFL loss: 0.0443, total loss: 0.0540, anchor loss: 0.0636, VFL train accuracy: 0.9852
2026-04-15 10:41:19,979 - Epoch: 7, 221/274: VFL loss: 0.0446, total loss: 0.0541, anchor loss: 0.0637, VFL train accuracy: 0.9852
2026-04-15 10:41:20,581 - Epoch: 7, 231/274: VFL loss: 0.0451, total loss: 0.0544, anchor loss: 0.0637, VFL train accuracy: 0.9850
2026-04-15 10:41:21,021 - Epoch: 7, 241/274: VFL loss: 0.0459, total loss: 0.0548, anchor loss: 0.0637, VFL train accuracy: 0.9847
2026-04-15 10:41:21,480 - Epoch: 7, 251/274: VFL loss: 0.0470, total loss: 0.0553, anchor loss: 0.0637, VFL train accuracy: 0.9843
2026-04-15 10:41:21,913 - Epoch: 7, 261/274: VFL loss: 0.0475, total loss: 0.0556, anchor loss: 0.0638, VFL train accuracy: 0.9841
2026-04-15 10:41:22,350 - Epoch: 7, 271/274: VFL loss: 0.0474, total loss: 0.0556, anchor loss: 0.0638, VFL train accuracy: 0.9842
2026-04-15 10:41:22,488 - => Recorded Stage 2 client anchor losses for epoch 7 to './results/AVGuard/stage3_static_reliability_ablation_4clients/NUSWIDE_4clients_static_reliability_off\stage2_final_epoch_client_anchor_losses.json': {0: 0.041622, 1: 0.072173, 2: 0.061995, 3: 0.079634}
2026-04-15 10:41:22,489 - => Stage 2 EMA anchor update skipped at epoch 7 because update_freq=5
2026-04-15 10:41:22,489 - => Stage 2 Epoch 7 Training Summary: VFL loss: 0.0478, total loss: 0.0558, anchor loss: 0.0639, VFL train accuracy: 0.9841
2026-04-15 10:41:22,489 - => Test ASR...
2026-04-15 10:41:22,612 - =>Add Trigger to Test Data
2026-04-15 10:41:26,918 - Add Trigger to 37064 Bad Samples, 9629 Clean Samples (1.00)
2026-04-15 10:41:40,052 - => Test Epoch: 7, main task samples: 46693, attack samples: 46693, test loss: 0.5954, clean acc: 0.5913, Top-4: 0.9956, ASR: 0.4235, RAC: 0.4835, test target accuracy: 0.8867, stage3 final accuracy: 0.5913, stage3 final target accuracy: 0.6107, stage3 final asr: 0.4235, anchor loss: 0.0779
2026-04-15 10:41:40,053 - => Stage 3 Detection Summary: recall: 0.7407, precision: 0.1040, f1: 0.1824, false positive rate: 0.4444, correction rate: 0.4638
2026-04-15 10:41:40,053 - => Stage 3 Debug (clean): suspicious=20751/46693, correction_applied=20699, prediction_changed=20699, skipped_tied_vote=0, skipped_low_margin=0, skipped_other=52
2026-04-15 10:41:40,053 - => Stage 3 Debug (poison-valid): suspicious=21964/37064, correction_applied=21964, prediction_changed=21964, skipped_tied_vote=0, skipped_low_margin=0, skipped_other=0
2026-04-15 10:41:40,053 - => Stage 3 Debug (attack-success): suspicious=4444/6000, correction_applied=4444, prediction_changed=4444, corrected_to_true=2783
2026-04-15 10:41:40,053 - => Stage 2 checkpoint score: mean(clean_acc=0.5913, recall=0.7407, correction_rate=0.4638) = 0.5986
2026-04-15 10:41:40,121 - => End Epoch: 7, early stop epochs: 5, best epoch: 2, best clean acc: 0.5871, best Top-4: 0.9964, best ASR: 0.2702, best RAC: 0.6051, anchor loss: 0.0780, best checkpoint score: 0.7178
2026-04-15 10:41:40,121 - => Stage 3 Detection Summary: recall: 0.8799, precision: 0.3602, f1: 0.5111, false positive rate: 0.4276, correction rate: 0.6863
2026-04-15 10:41:40,168 - => LFBA current anchor-derived target label: 3
2026-04-15 10:41:40,256 - =>Add Trigger to Train Data
2026-04-15 10:41:40,712 - Add Trigger to 6996 Bad Samples, 62970 Clean Samples (0.10)
2026-04-15 10:41:40,717 - => Start Training for Injecting Backdoor...
2026-04-15 10:41:40,787 - Epoch: 8, 1/274: VFL loss: 0.0279, total loss: 0.0446, anchor loss: 0.0614, VFL train accuracy: 0.9922
2026-04-15 10:41:41,629 - Epoch: 8, 11/274: VFL loss: 0.0434, total loss: 0.0541, anchor loss: 0.0647, VFL train accuracy: 0.9865
2026-04-15 10:41:42,141 - Epoch: 8, 21/274: VFL loss: 0.0422, total loss: 0.0530, anchor loss: 0.0637, VFL train accuracy: 0.9870
2026-04-15 10:41:42,654 - Epoch: 8, 31/274: VFL loss: 0.0375, total loss: 0.0508, anchor loss: 0.0642, VFL train accuracy: 0.9885
2026-04-15 10:41:43,072 - Epoch: 8, 41/274: VFL loss: 0.0352, total loss: 0.0494, anchor loss: 0.0637, VFL train accuracy: 0.9889
2026-04-15 10:41:43,505 - Epoch: 8, 51/274: VFL loss: 0.0333, total loss: 0.0483, anchor loss: 0.0633, VFL train accuracy: 0.9891
2026-04-15 10:41:43,932 - Epoch: 8, 61/274: VFL loss: 0.0322, total loss: 0.0476, anchor loss: 0.0631, VFL train accuracy: 0.9896
2026-04-15 10:41:44,366 - Epoch: 8, 71/274: VFL loss: 0.0323, total loss: 0.0477, anchor loss: 0.0632, VFL train accuracy: 0.9897
2026-04-15 10:41:44,798 - Epoch: 8, 81/274: VFL loss: 0.0332, total loss: 0.0483, anchor loss: 0.0633, VFL train accuracy: 0.9892
2026-04-15 10:41:45,237 - Epoch: 8, 91/274: VFL loss: 0.0336, total loss: 0.0484, anchor loss: 0.0631, VFL train accuracy: 0.9890
2026-04-15 10:41:45,671 - Epoch: 8, 101/274: VFL loss: 0.0333, total loss: 0.0481, anchor loss: 0.0628, VFL train accuracy: 0.9888
2026-04-15 10:41:46,115 - Epoch: 8, 111/274: VFL loss: 0.0340, total loss: 0.0484, anchor loss: 0.0628, VFL train accuracy: 0.9889
2026-04-15 10:41:46,554 - Epoch: 8, 121/274: VFL loss: 0.0344, total loss: 0.0486, anchor loss: 0.0627, VFL train accuracy: 0.9888
2026-04-15 10:41:46,983 - Epoch: 8, 131/274: VFL loss: 0.0349, total loss: 0.0488, anchor loss: 0.0627, VFL train accuracy: 0.9887
2026-04-15 10:41:47,412 - Epoch: 8, 141/274: VFL loss: 0.0358, total loss: 0.0493, anchor loss: 0.0627, VFL train accuracy: 0.9884
2026-04-15 10:41:47,840 - Epoch: 8, 151/274: VFL loss: 0.0362, total loss: 0.0495, anchor loss: 0.0627, VFL train accuracy: 0.9881
2026-04-15 10:41:48,267 - Epoch: 8, 161/274: VFL loss: 0.0362, total loss: 0.0494, anchor loss: 0.0627, VFL train accuracy: 0.9881
2026-04-15 10:41:48,689 - Epoch: 8, 171/274: VFL loss: 0.0368, total loss: 0.0498, anchor loss: 0.0627, VFL train accuracy: 0.9879
2026-04-15 10:41:49,119 - Epoch: 8, 181/274: VFL loss: 0.0368, total loss: 0.0498, anchor loss: 0.0628, VFL train accuracy: 0.9880
2026-04-15 10:41:49,564 - Epoch: 8, 191/274: VFL loss: 0.0367, total loss: 0.0498, anchor loss: 0.0628, VFL train accuracy: 0.9880
2026-04-15 10:41:50,031 - Epoch: 8, 201/274: VFL loss: 0.0372, total loss: 0.0500, anchor loss: 0.0628, VFL train accuracy: 0.9879
2026-04-15 10:41:50,475 - Epoch: 8, 211/274: VFL loss: 0.0375, total loss: 0.0501, anchor loss: 0.0628, VFL train accuracy: 0.9877
2026-04-15 10:41:50,921 - Epoch: 8, 221/274: VFL loss: 0.0381, total loss: 0.0505, anchor loss: 0.0629, VFL train accuracy: 0.9876
2026-04-15 10:41:51,358 - Epoch: 8, 231/274: VFL loss: 0.0382, total loss: 0.0505, anchor loss: 0.0629, VFL train accuracy: 0.9876
2026-04-15 10:41:51,798 - Epoch: 8, 241/274: VFL loss: 0.0384, total loss: 0.0506, anchor loss: 0.0629, VFL train accuracy: 0.9875
2026-04-15 10:41:52,210 - Epoch: 8, 251/274: VFL loss: 0.0389, total loss: 0.0509, anchor loss: 0.0630, VFL train accuracy: 0.9873
2026-04-15 10:41:52,627 - Epoch: 8, 261/274: VFL loss: 0.0391, total loss: 0.0511, anchor loss: 0.0630, VFL train accuracy: 0.9871
2026-04-15 10:41:53,101 - Epoch: 8, 271/274: VFL loss: 0.0396, total loss: 0.0513, anchor loss: 0.0630, VFL train accuracy: 0.9870
2026-04-15 10:41:53,258 - => Recorded Stage 2 client anchor losses for epoch 8 to './results/AVGuard/stage3_static_reliability_ablation_4clients/NUSWIDE_4clients_static_reliability_off\stage2_final_epoch_client_anchor_losses.json': {0: 0.040156, 1: 0.071964, 2: 0.061904, 3: 0.077994}
2026-04-15 10:41:53,258 - => Stage 2 EMA anchor update skipped at epoch 8 because update_freq=5
2026-04-15 10:41:53,258 - => Stage 2 Epoch 8 Training Summary: VFL loss: 0.0398, total loss: 0.0514, anchor loss: 0.0630, VFL train accuracy: 0.9870
2026-04-15 10:41:53,258 - => Test ASR...
2026-04-15 10:41:53,371 - =>Add Trigger to Test Data
2026-04-15 10:41:57,852 - Add Trigger to 37064 Bad Samples, 9629 Clean Samples (1.00)
2026-04-15 10:42:11,327 - => Test Epoch: 8, main task samples: 46693, attack samples: 46693, test loss: 0.6150, clean acc: 0.5906, Top-4: 0.9962, ASR: 0.4327, RAC: 0.4810, test target accuracy: 0.8742, stage3 final accuracy: 0.5906, stage3 final target accuracy: 0.5886, stage3 final asr: 0.4327, anchor loss: 0.0771
2026-04-15 10:42:11,327 - => Stage 3 Detection Summary: recall: 0.7630, precision: 0.1089, f1: 0.1905, false positive rate: 0.4399, correction rate: 0.4785
2026-04-15 10:42:11,327 - => Stage 3 Debug (clean): suspicious=20540/46693, correction_applied=20480, prediction_changed=20480, skipped_tied_vote=0, skipped_low_margin=0, skipped_other=60
2026-04-15 10:42:11,328 - => Stage 3 Debug (poison-valid): suspicious=21861/37064, correction_applied=21856, prediction_changed=21856, skipped_tied_vote=0, skipped_low_margin=0, skipped_other=5
2026-04-15 10:42:11,328 - => Stage 3 Debug (attack-success): suspicious=4616/6050, correction_applied=4611, prediction_changed=4611, corrected_to_true=2895
2026-04-15 10:42:11,328 - => Stage 2 checkpoint score: mean(clean_acc=0.5906, recall=0.7630, correction_rate=0.4785) = 0.6107
2026-04-15 10:42:11,391 - => End Epoch: 8, early stop epochs: 6, best epoch: 2, best clean acc: 0.5871, best Top-4: 0.9964, best ASR: 0.2702, best RAC: 0.6051, anchor loss: 0.0780, best checkpoint score: 0.7178
2026-04-15 10:42:11,391 - => Stage 3 Detection Summary: recall: 0.8799, precision: 0.3602, f1: 0.5111, false positive rate: 0.4276, correction rate: 0.6863
2026-04-15 10:42:11,434 - => LFBA current anchor-derived target label: 3
2026-04-15 10:42:11,517 - =>Add Trigger to Train Data
2026-04-15 10:42:11,976 - Add Trigger to 6996 Bad Samples, 62970 Clean Samples (0.10)
2026-04-15 10:42:11,981 - => Start Training for Injecting Backdoor...
2026-04-15 10:42:12,049 - Epoch: 9, 1/274: VFL loss: 0.0103, total loss: 0.0391, anchor loss: 0.0679, VFL train accuracy: 0.9961
2026-04-15 10:42:12,932 - Epoch: 9, 11/274: VFL loss: 0.0355, total loss: 0.0498, anchor loss: 0.0642, VFL train accuracy: 0.9897
2026-04-15 10:42:13,488 - Epoch: 9, 21/274: VFL loss: 0.0349, total loss: 0.0493, anchor loss: 0.0638, VFL train accuracy: 0.9879
2026-04-15 10:42:13,947 - Epoch: 9, 31/274: VFL loss: 0.0323, total loss: 0.0479, anchor loss: 0.0635, VFL train accuracy: 0.9890
2026-04-15 10:42:14,383 - Epoch: 9, 41/274: VFL loss: 0.0301, total loss: 0.0466, anchor loss: 0.0630, VFL train accuracy: 0.9898
2026-04-15 10:42:14,830 - Epoch: 9, 51/274: VFL loss: 0.0304, total loss: 0.0467, anchor loss: 0.0631, VFL train accuracy: 0.9897
2026-04-15 10:42:15,254 - Epoch: 9, 61/274: VFL loss: 0.0310, total loss: 0.0470, anchor loss: 0.0629, VFL train accuracy: 0.9895
2026-04-15 10:42:15,705 - Epoch: 9, 71/274: VFL loss: 0.0312, total loss: 0.0470, anchor loss: 0.0628, VFL train accuracy: 0.9895
2026-04-15 10:42:16,145 - Epoch: 9, 81/274: VFL loss: 0.0309, total loss: 0.0467, anchor loss: 0.0625, VFL train accuracy: 0.9897
2026-04-15 10:42:16,570 - Epoch: 9, 91/274: VFL loss: 0.0308, total loss: 0.0466, anchor loss: 0.0624, VFL train accuracy: 0.9895
2026-04-15 10:42:17,013 - Epoch: 9, 101/274: VFL loss: 0.0310, total loss: 0.0467, anchor loss: 0.0624, VFL train accuracy: 0.9897
2026-04-15 10:42:17,474 - Epoch: 9, 111/274: VFL loss: 0.0312, total loss: 0.0468, anchor loss: 0.0624, VFL train accuracy: 0.9894
2026-04-15 10:42:17,917 - Epoch: 9, 121/274: VFL loss: 0.0311, total loss: 0.0467, anchor loss: 0.0624, VFL train accuracy: 0.9895
2026-04-15 10:42:18,379 - Epoch: 9, 131/274: VFL loss: 0.0316, total loss: 0.0470, anchor loss: 0.0625, VFL train accuracy: 0.9895
2026-04-15 10:42:18,848 - Epoch: 9, 141/274: VFL loss: 0.0313, total loss: 0.0469, anchor loss: 0.0625, VFL train accuracy: 0.9897
2026-04-15 10:42:19,308 - Epoch: 9, 151/274: VFL loss: 0.0321, total loss: 0.0474, anchor loss: 0.0626, VFL train accuracy: 0.9894
2026-04-15 10:42:19,744 - Epoch: 9, 161/274: VFL loss: 0.0320, total loss: 0.0473, anchor loss: 0.0626, VFL train accuracy: 0.9894
2026-04-15 10:42:20,182 - Epoch: 9, 171/274: VFL loss: 0.0327, total loss: 0.0477, anchor loss: 0.0626, VFL train accuracy: 0.9891
2026-04-15 10:42:20,634 - Epoch: 9, 181/274: VFL loss: 0.0330, total loss: 0.0478, anchor loss: 0.0627, VFL train accuracy: 0.9891
2026-04-15 10:42:21,066 - Epoch: 9, 191/274: VFL loss: 0.0331, total loss: 0.0479, anchor loss: 0.0627, VFL train accuracy: 0.9891
2026-04-15 10:42:21,519 - Epoch: 9, 201/274: VFL loss: 0.0328, total loss: 0.0478, anchor loss: 0.0628, VFL train accuracy: 0.9892
2026-04-15 10:42:21,969 - Epoch: 9, 211/274: VFL loss: 0.0332, total loss: 0.0480, anchor loss: 0.0628, VFL train accuracy: 0.9890
2026-04-15 10:42:22,404 - Epoch: 9, 221/274: VFL loss: 0.0338, total loss: 0.0483, anchor loss: 0.0629, VFL train accuracy: 0.9888
2026-04-15 10:42:22,819 - Epoch: 9, 231/274: VFL loss: 0.0343, total loss: 0.0486, anchor loss: 0.0630, VFL train accuracy: 0.9886
2026-04-15 10:42:23,271 - Epoch: 9, 241/274: VFL loss: 0.0348, total loss: 0.0489, anchor loss: 0.0630, VFL train accuracy: 0.9884
2026-04-15 10:42:23,716 - Epoch: 9, 251/274: VFL loss: 0.0355, total loss: 0.0492, anchor loss: 0.0630, VFL train accuracy: 0.9883
2026-04-15 10:42:24,157 - Epoch: 9, 261/274: VFL loss: 0.0359, total loss: 0.0495, anchor loss: 0.0630, VFL train accuracy: 0.9881
2026-04-15 10:42:24,617 - Epoch: 9, 271/274: VFL loss: 0.0361, total loss: 0.0496, anchor loss: 0.0630, VFL train accuracy: 0.9881
2026-04-15 10:42:24,764 - => Recorded Stage 2 client anchor losses for epoch 9 to './results/AVGuard/stage3_static_reliability_ablation_4clients/NUSWIDE_4clients_static_reliability_off\stage2_final_epoch_client_anchor_losses.json': {0: 0.038748, 1: 0.072258, 2: 0.061692, 3: 0.079367}
2026-04-15 10:42:24,764 - => Stage 2 EMA anchor update skipped at epoch 9 because update_freq=5
2026-04-15 10:42:24,765 - => Stage 2 Epoch 9 Training Summary: VFL loss: 0.0361, total loss: 0.0495, anchor loss: 0.0630, VFL train accuracy: 0.9880
2026-04-15 10:42:24,765 - => Test ASR...
2026-04-15 10:42:24,880 - =>Add Trigger to Test Data
2026-04-15 10:42:29,683 - Add Trigger to 37064 Bad Samples, 9629 Clean Samples (1.00)
2026-04-15 10:42:43,122 - => Test Epoch: 9, main task samples: 46693, attack samples: 46693, test loss: 0.6878, clean acc: 0.5912, Top-4: 0.9960, ASR: 0.4427, RAC: 0.4649, test target accuracy: 0.8528, stage3 final accuracy: 0.5912, stage3 final target accuracy: 0.5739, stage3 final asr: 0.4427, anchor loss: 0.0773
2026-04-15 10:42:43,122 - => Stage 3 Detection Summary: recall: 0.7602, precision: 0.0814, f1: 0.1471, false positive rate: 0.4444, correction rate: 0.4650
2026-04-15 10:42:43,122 - => Stage 3 Debug (clean): suspicious=20749/46693, correction_applied=20701, prediction_changed=20701, skipped_tied_vote=0, skipped_low_margin=0, skipped_other=48
2026-04-15 10:42:43,123 - => Stage 3 Debug (poison-valid): suspicious=22249/37064, correction_applied=22246, prediction_changed=22246, skipped_tied_vote=0, skipped_low_margin=0, skipped_other=3
2026-04-15 10:42:43,123 - => Stage 3 Debug (attack-success): suspicious=3500/4604, correction_applied=3498, prediction_changed=3498, corrected_to_true=2141
2026-04-15 10:42:43,124 - => Stage 2 checkpoint score: mean(clean_acc=0.5912, recall=0.7602, correction_rate=0.4650) = 0.6055
2026-04-15 10:42:43,195 - => End Epoch: 9, early stop epochs: 7, best epoch: 2, best clean acc: 0.5871, best Top-4: 0.9964, best ASR: 0.2702, best RAC: 0.6051, anchor loss: 0.0780, best checkpoint score: 0.7178
2026-04-15 10:42:43,196 - => Stage 3 Detection Summary: recall: 0.8799, precision: 0.3602, f1: 0.5111, false positive rate: 0.4276, correction rate: 0.6863
2026-04-15 10:42:43,241 - => LFBA current anchor-derived target label: 3
2026-04-15 10:42:43,325 - =>Add Trigger to Train Data
2026-04-15 10:42:43,770 - Add Trigger to 6996 Bad Samples, 62970 Clean Samples (0.10)
2026-04-15 10:42:43,775 - => Start Training for Injecting Backdoor...
2026-04-15 10:42:43,843 - Epoch: 10, 1/274: VFL loss: 0.0573, total loss: 0.0584, anchor loss: 0.0595, VFL train accuracy: 0.9844
2026-04-15 10:42:44,675 - Epoch: 10, 11/274: VFL loss: 0.0238, total loss: 0.0429, anchor loss: 0.0620, VFL train accuracy: 0.9925
2026-04-15 10:42:45,147 - Epoch: 10, 21/274: VFL loss: 0.0252, total loss: 0.0437, anchor loss: 0.0621, VFL train accuracy: 0.9914
2026-04-15 10:42:45,617 - Epoch: 10, 31/274: VFL loss: 0.0230, total loss: 0.0424, anchor loss: 0.0617, VFL train accuracy: 0.9924
2026-04-15 10:42:46,053 - Epoch: 10, 41/274: VFL loss: 0.0233, total loss: 0.0423, anchor loss: 0.0614, VFL train accuracy: 0.9923
2026-04-15 10:42:46,504 - Epoch: 10, 51/274: VFL loss: 0.0231, total loss: 0.0423, anchor loss: 0.0615, VFL train accuracy: 0.9923
2026-04-15 10:42:46,934 - Epoch: 10, 61/274: VFL loss: 0.0222, total loss: 0.0418, anchor loss: 0.0614, VFL train accuracy: 0.9925
2026-04-15 10:42:47,380 - Epoch: 10, 71/274: VFL loss: 0.0214, total loss: 0.0415, anchor loss: 0.0615, VFL train accuracy: 0.9929
2026-04-15 10:42:47,813 - Epoch: 10, 81/274: VFL loss: 0.0218, total loss: 0.0417, anchor loss: 0.0616, VFL train accuracy: 0.9929
2026-04-15 10:42:48,216 - Epoch: 10, 91/274: VFL loss: 0.0223, total loss: 0.0419, anchor loss: 0.0614, VFL train accuracy: 0.9927
2026-04-15 10:42:48,660 - Epoch: 10, 101/274: VFL loss: 0.0224, total loss: 0.0419, anchor loss: 0.0615, VFL train accuracy: 0.9926
2026-04-15 10:42:49,110 - Epoch: 10, 111/274: VFL loss: 0.0235, total loss: 0.0426, anchor loss: 0.0616, VFL train accuracy: 0.9921
2026-04-15 10:42:49,542 - Epoch: 10, 121/274: VFL loss: 0.0232, total loss: 0.0423, anchor loss: 0.0615, VFL train accuracy: 0.9923
2026-04-15 10:42:49,961 - Epoch: 10, 131/274: VFL loss: 0.0232, total loss: 0.0423, anchor loss: 0.0615, VFL train accuracy: 0.9924
2026-04-15 10:42:50,399 - Epoch: 10, 141/274: VFL loss: 0.0239, total loss: 0.0427, anchor loss: 0.0614, VFL train accuracy: 0.9923
2026-04-15 10:42:50,826 - Epoch: 10, 151/274: VFL loss: 0.0237, total loss: 0.0426, anchor loss: 0.0615, VFL train accuracy: 0.9924
2026-04-15 10:42:51,248 - Epoch: 10, 161/274: VFL loss: 0.0243, total loss: 0.0429, anchor loss: 0.0616, VFL train accuracy: 0.9923
2026-04-15 10:42:51,685 - Epoch: 10, 171/274: VFL loss: 0.0252, total loss: 0.0434, anchor loss: 0.0617, VFL train accuracy: 0.9919
2026-04-15 10:42:52,132 - Epoch: 10, 181/274: VFL loss: 0.0257, total loss: 0.0437, anchor loss: 0.0617, VFL train accuracy: 0.9918
2026-04-15 10:42:52,570 - Epoch: 10, 191/274: VFL loss: 0.0259, total loss: 0.0438, anchor loss: 0.0616, VFL train accuracy: 0.9917
2026-04-15 10:42:53,158 - Epoch: 10, 201/274: VFL loss: 0.0261, total loss: 0.0439, anchor loss: 0.0618, VFL train accuracy: 0.9915
2026-04-15 10:42:53,562 - Epoch: 10, 211/274: VFL loss: 0.0267, total loss: 0.0443, anchor loss: 0.0618, VFL train accuracy: 0.9913
2026-04-15 10:42:53,990 - Epoch: 10, 221/274: VFL loss: 0.0269, total loss: 0.0444, anchor loss: 0.0619, VFL train accuracy: 0.9913
2026-04-15 10:42:54,425 - Epoch: 10, 231/274: VFL loss: 0.0274, total loss: 0.0447, anchor loss: 0.0620, VFL train accuracy: 0.9911
2026-04-15 10:42:54,874 - Epoch: 10, 241/274: VFL loss: 0.0281, total loss: 0.0451, anchor loss: 0.0621, VFL train accuracy: 0.9908
2026-04-15 10:42:55,291 - Epoch: 10, 251/274: VFL loss: 0.0283, total loss: 0.0452, anchor loss: 0.0621, VFL train accuracy: 0.9907
2026-04-15 10:42:55,744 - Epoch: 10, 261/274: VFL loss: 0.0287, total loss: 0.0454, anchor loss: 0.0621, VFL train accuracy: 0.9905
2026-04-15 10:42:56,164 - Epoch: 10, 271/274: VFL loss: 0.0289, total loss: 0.0455, anchor loss: 0.0620, VFL train accuracy: 0.9904
2026-04-15 10:42:56,304 - => Recorded Stage 2 client anchor losses for epoch 10 to './results/AVGuard/stage3_static_reliability_ablation_4clients/NUSWIDE_4clients_static_reliability_off\stage2_final_epoch_client_anchor_losses.json': {0: 0.037389, 1: 0.071835, 2: 0.061654, 3: 0.077309}
2026-04-15 10:42:56,312 - => Stage 2 EMA anchor update applied at epoch 10 with momentum 0.9950: updated classes per client {0: 5, 1: 5, 2: 5, 3: 5}
2026-04-15 10:42:56,313 - => Stage 2 Epoch 10 Training Summary: VFL loss: 0.0289, total loss: 0.0455, anchor loss: 0.0620, VFL train accuracy: 0.9904
2026-04-15 10:42:56,313 - => Test ASR...
2026-04-15 10:42:56,421 - =>Add Trigger to Test Data
2026-04-15 10:43:01,223 - Add Trigger to 37064 Bad Samples, 9629 Clean Samples (1.00)
2026-04-15 10:43:14,513 - => Test Epoch: 10, main task samples: 46693, attack samples: 46693, test loss: 0.7576, clean acc: 0.5922, Top-4: 0.9959, ASR: 0.4366, RAC: 0.4781, test target accuracy: 0.8887, stage3 final accuracy: 0.5922, stage3 final target accuracy: 0.5853, stage3 final asr: 0.4366, anchor loss: 0.0769
2026-04-15 10:43:14,514 - => Stage 3 Detection Summary: recall: 0.7790, precision: 0.1203, f1: 0.2084, false positive rate: 0.4371, correction rate: 0.4921
2026-04-15 10:43:14,514 - => Stage 3 Debug (clean): suspicious=20409/46693, correction_applied=20362, prediction_changed=20362, skipped_tied_vote=0, skipped_low_margin=0, skipped_other=47
2026-04-15 10:43:14,514 - => Stage 3 Debug (poison-valid): suspicious=22396/37064, correction_applied=22395, prediction_changed=22395, skipped_tied_vote=0, skipped_low_margin=0, skipped_other=1
2026-04-15 10:43:14,514 - => Stage 3 Debug (attack-success): suspicious=5149/6610, correction_applied=5148, prediction_changed=5148, corrected_to_true=3253
2026-04-15 10:43:14,514 - => Stage 2 checkpoint score: mean(clean_acc=0.5922, recall=0.7790, correction_rate=0.4921) = 0.6211
2026-04-15 10:43:14,580 - => End Epoch: 10, early stop epochs: 8, best epoch: 2, best clean acc: 0.5871, best Top-4: 0.9964, best ASR: 0.2702, best RAC: 0.6051, anchor loss: 0.0780, best checkpoint score: 0.7178
2026-04-15 10:43:14,581 - => Stage 3 Detection Summary: recall: 0.8799, precision: 0.3602, f1: 0.5111, false positive rate: 0.4276, correction rate: 0.6863
2026-04-15 10:43:14,626 - => LFBA current anchor-derived target label: 3
2026-04-15 10:43:14,712 - =>Add Trigger to Train Data
2026-04-15 10:43:15,156 - Add Trigger to 6996 Bad Samples, 62970 Clean Samples (0.10)
2026-04-15 10:43:15,159 - => Start Training for Injecting Backdoor...
2026-04-15 10:43:15,225 - Epoch: 11, 1/274: VFL loss: 0.0354, total loss: 0.0501, anchor loss: 0.0648, VFL train accuracy: 0.9961
2026-04-15 10:43:16,043 - Epoch: 11, 11/274: VFL loss: 0.0213, total loss: 0.0410, anchor loss: 0.0607, VFL train accuracy: 0.9947
2026-04-15 10:43:16,550 - Epoch: 11, 21/274: VFL loss: 0.0224, total loss: 0.0415, anchor loss: 0.0607, VFL train accuracy: 0.9935
2026-04-15 10:43:16,984 - Epoch: 11, 31/274: VFL loss: 0.0203, total loss: 0.0407, anchor loss: 0.0610, VFL train accuracy: 0.9938
2026-04-15 10:43:17,424 - Epoch: 11, 41/274: VFL loss: 0.0195, total loss: 0.0401, anchor loss: 0.0607, VFL train accuracy: 0.9939
2026-04-15 10:43:17,872 - Epoch: 11, 51/274: VFL loss: 0.0198, total loss: 0.0404, anchor loss: 0.0610, VFL train accuracy: 0.9936
2026-04-15 10:43:18,313 - Epoch: 11, 61/274: VFL loss: 0.0193, total loss: 0.0401, anchor loss: 0.0608, VFL train accuracy: 0.9938
2026-04-15 10:43:18,743 - Epoch: 11, 71/274: VFL loss: 0.0207, total loss: 0.0409, anchor loss: 0.0610, VFL train accuracy: 0.9932
2026-04-15 10:43:19,156 - Epoch: 11, 81/274: VFL loss: 0.0210, total loss: 0.0411, anchor loss: 0.0612, VFL train accuracy: 0.9929
2026-04-15 10:43:19,576 - Epoch: 11, 91/274: VFL loss: 0.0214, total loss: 0.0414, anchor loss: 0.0614, VFL train accuracy: 0.9925
2026-04-15 10:43:20,021 - Epoch: 11, 101/274: VFL loss: 0.0209, total loss: 0.0411, anchor loss: 0.0613, VFL train accuracy: 0.9927
2026-04-15 10:43:20,461 - Epoch: 11, 111/274: VFL loss: 0.0210, total loss: 0.0413, anchor loss: 0.0615, VFL train accuracy: 0.9928
2026-04-15 10:43:20,917 - Epoch: 11, 121/274: VFL loss: 0.0208, total loss: 0.0412, anchor loss: 0.0615, VFL train accuracy: 0.9930
2026-04-15 10:43:21,353 - Epoch: 11, 131/274: VFL loss: 0.0210, total loss: 0.0413, anchor loss: 0.0616, VFL train accuracy: 0.9928
2026-04-15 10:43:21,789 - Epoch: 11, 141/274: VFL loss: 0.0217, total loss: 0.0416, anchor loss: 0.0615, VFL train accuracy: 0.9925
2026-04-15 10:43:22,217 - Epoch: 11, 151/274: VFL loss: 0.0217, total loss: 0.0416, anchor loss: 0.0615, VFL train accuracy: 0.9926
2026-04-15 10:43:22,655 - Epoch: 11, 161/274: VFL loss: 0.0218, total loss: 0.0417, anchor loss: 0.0615, VFL train accuracy: 0.9926
2026-04-15 10:43:23,096 - Epoch: 11, 171/274: VFL loss: 0.0214, total loss: 0.0415, anchor loss: 0.0615, VFL train accuracy: 0.9928
2026-04-15 10:43:23,547 - Epoch: 11, 181/274: VFL loss: 0.0218, total loss: 0.0416, anchor loss: 0.0614, VFL train accuracy: 0.9927
2026-04-15 10:43:23,977 - Epoch: 11, 191/274: VFL loss: 0.0222, total loss: 0.0418, anchor loss: 0.0615, VFL train accuracy: 0.9927
2026-04-15 10:43:24,402 - Epoch: 11, 201/274: VFL loss: 0.0228, total loss: 0.0422, anchor loss: 0.0615, VFL train accuracy: 0.9925
2026-04-15 10:43:24,849 - Epoch: 11, 211/274: VFL loss: 0.0233, total loss: 0.0424, anchor loss: 0.0616, VFL train accuracy: 0.9923
2026-04-15 10:43:25,307 - Epoch: 11, 221/274: VFL loss: 0.0232, total loss: 0.0424, anchor loss: 0.0616, VFL train accuracy: 0.9923
2026-04-15 10:43:25,764 - Epoch: 11, 231/274: VFL loss: 0.0232, total loss: 0.0424, anchor loss: 0.0616, VFL train accuracy: 0.9923
2026-04-15 10:43:26,207 - Epoch: 11, 241/274: VFL loss: 0.0233, total loss: 0.0424, anchor loss: 0.0616, VFL train accuracy: 0.9923
2026-04-15 10:43:26,649 - Epoch: 11, 251/274: VFL loss: 0.0236, total loss: 0.0426, anchor loss: 0.0617, VFL train accuracy: 0.9921
2026-04-15 10:43:27,064 - Epoch: 11, 261/274: VFL loss: 0.0240, total loss: 0.0429, anchor loss: 0.0617, VFL train accuracy: 0.9920
2026-04-15 10:43:27,498 - Epoch: 11, 271/274: VFL loss: 0.0247, total loss: 0.0432, anchor loss: 0.0617, VFL train accuracy: 0.9918
2026-04-15 10:43:27,630 - => Recorded Stage 2 client anchor losses for epoch 11 to './results/AVGuard/stage3_static_reliability_ablation_4clients/NUSWIDE_4clients_static_reliability_off\stage2_final_epoch_client_anchor_losses.json': {0: 0.035809, 1: 0.071525, 2: 0.061457, 3: 0.078102}
2026-04-15 10:43:27,631 - => Stage 2 EMA anchor update skipped at epoch 11 because update_freq=5
2026-04-15 10:43:27,631 - => Stage 2 Epoch 11 Training Summary: VFL loss: 0.0246, total loss: 0.0432, anchor loss: 0.0617, VFL train accuracy: 0.9918
2026-04-15 10:43:27,631 - => Test ASR...
2026-04-15 10:43:27,738 - =>Add Trigger to Test Data
2026-04-15 10:43:32,319 - Add Trigger to 37064 Bad Samples, 9629 Clean Samples (1.00)
2026-04-15 10:43:45,745 - => Test Epoch: 11, main task samples: 46693, attack samples: 46693, test loss: 0.8303, clean acc: 0.5906, Top-4: 0.9949, ASR: 0.4520, RAC: 0.4760, test target accuracy: 0.8615, stage3 final accuracy: 0.5906, stage3 final target accuracy: 0.6041, stage3 final asr: 0.4520, anchor loss: 0.0767
2026-04-15 10:43:45,746 - => Stage 3 Detection Summary: recall: 0.7539, precision: 0.0969, f1: 0.1717, false positive rate: 0.4484, correction rate: 0.4787
2026-04-15 10:43:45,746 - => Stage 3 Debug (clean): suspicious=20937/46693, correction_applied=20885, prediction_changed=20885, skipped_tied_vote=0, skipped_low_margin=0, skipped_other=52
2026-04-15 10:43:45,746 - => Stage 3 Debug (poison-valid): suspicious=22199/37064, correction_applied=22196, prediction_changed=22196, skipped_tied_vote=0, skipped_low_margin=0, skipped_other=3
2026-04-15 10:43:45,746 - => Stage 3 Debug (attack-success): suspicious=4178/5542, correction_applied=4175, prediction_changed=4175, corrected_to_true=2653
2026-04-15 10:43:45,747 - => Stage 2 checkpoint score: mean(clean_acc=0.5906, recall=0.7539, correction_rate=0.4787) = 0.6077
2026-04-15 10:43:45,816 - => End Epoch: 11, early stop epochs: 9, best epoch: 2, best clean acc: 0.5871, best Top-4: 0.9964, best ASR: 0.2702, best RAC: 0.6051, anchor loss: 0.0780, best checkpoint score: 0.7178
2026-04-15 10:43:45,817 - => Stage 3 Detection Summary: recall: 0.8799, precision: 0.3602, f1: 0.5111, false positive rate: 0.4276, correction rate: 0.6863
2026-04-15 10:43:45,855 - => LFBA current anchor-derived target label: 3
2026-04-15 10:43:45,936 - =>Add Trigger to Train Data
2026-04-15 10:43:46,364 - Add Trigger to 6996 Bad Samples, 62970 Clean Samples (0.10)
2026-04-15 10:43:46,368 - => Start Training for Injecting Backdoor...
2026-04-15 10:43:46,431 - Epoch: 12, 1/274: VFL loss: 0.0115, total loss: 0.0363, anchor loss: 0.0610, VFL train accuracy: 0.9922
2026-04-15 10:43:47,196 - Epoch: 12, 11/274: VFL loss: 0.0270, total loss: 0.0443, anchor loss: 0.0617, VFL train accuracy: 0.9911
2026-04-15 10:43:47,613 - Epoch: 12, 21/274: VFL loss: 0.0277, total loss: 0.0450, anchor loss: 0.0622, VFL train accuracy: 0.9905
2026-04-15 10:43:48,069 - Epoch: 12, 31/274: VFL loss: 0.0263, total loss: 0.0443, anchor loss: 0.0624, VFL train accuracy: 0.9912
2026-04-15 10:43:48,498 - Epoch: 12, 41/274: VFL loss: 0.0243, total loss: 0.0432, anchor loss: 0.0622, VFL train accuracy: 0.9916
2026-04-15 10:43:48,955 - Epoch: 12, 51/274: VFL loss: 0.0230, total loss: 0.0424, anchor loss: 0.0618, VFL train accuracy: 0.9917
2026-04-15 10:43:49,388 - Epoch: 12, 61/274: VFL loss: 0.0222, total loss: 0.0419, anchor loss: 0.0616, VFL train accuracy: 0.9921
2026-04-15 10:43:49,820 - Epoch: 12, 71/274: VFL loss: 0.0211, total loss: 0.0413, anchor loss: 0.0615, VFL train accuracy: 0.9927
2026-04-15 10:43:50,250 - Epoch: 12, 81/274: VFL loss: 0.0210, total loss: 0.0412, anchor loss: 0.0614, VFL train accuracy: 0.9929
2026-04-15 10:43:50,698 - Epoch: 12, 91/274: VFL loss: 0.0210, total loss: 0.0411, anchor loss: 0.0613, VFL train accuracy: 0.9930
2026-04-15 10:43:51,160 - Epoch: 12, 101/274: VFL loss: 0.0209, total loss: 0.0411, anchor loss: 0.0613, VFL train accuracy: 0.9929
2026-04-15 10:43:51,595 - Epoch: 12, 111/274: VFL loss: 0.0220, total loss: 0.0416, anchor loss: 0.0613, VFL train accuracy: 0.9924
2026-04-15 10:43:52,017 - Epoch: 12, 121/274: VFL loss: 0.0235, total loss: 0.0424, anchor loss: 0.0613, VFL train accuracy: 0.9919
2026-04-15 10:43:52,441 - Epoch: 12, 131/274: VFL loss: 0.0236, total loss: 0.0425, anchor loss: 0.0615, VFL train accuracy: 0.9918
2026-04-15 10:43:52,872 - Epoch: 12, 141/274: VFL loss: 0.0244, total loss: 0.0430, anchor loss: 0.0615, VFL train accuracy: 0.9918
2026-04-15 10:43:53,304 - Epoch: 12, 151/274: VFL loss: 0.0245, total loss: 0.0430, anchor loss: 0.0616, VFL train accuracy: 0.9917
2026-04-15 10:43:53,759 - Epoch: 12, 161/274: VFL loss: 0.0244, total loss: 0.0430, anchor loss: 0.0616, VFL train accuracy: 0.9917
2026-04-15 10:43:54,187 - Epoch: 12, 171/274: VFL loss: 0.0245, total loss: 0.0430, anchor loss: 0.0615, VFL train accuracy: 0.9918
2026-04-15 10:43:54,631 - Epoch: 12, 181/274: VFL loss: 0.0243, total loss: 0.0429, anchor loss: 0.0615, VFL train accuracy: 0.9919
2026-04-15 10:43:55,077 - Epoch: 12, 191/274: VFL loss: 0.0246, total loss: 0.0431, anchor loss: 0.0615, VFL train accuracy: 0.9917
2026-04-15 10:43:55,496 - Epoch: 12, 201/274: VFL loss: 0.0252, total loss: 0.0434, anchor loss: 0.0615, VFL train accuracy: 0.9914
2026-04-15 10:43:55,922 - Epoch: 12, 211/274: VFL loss: 0.0261, total loss: 0.0438, anchor loss: 0.0616, VFL train accuracy: 0.9912
2026-04-15 10:43:56,357 - Epoch: 12, 221/274: VFL loss: 0.0262, total loss: 0.0439, anchor loss: 0.0616, VFL train accuracy: 0.9912
2026-04-15 10:43:56,785 - Epoch: 12, 231/274: VFL loss: 0.0265, total loss: 0.0440, anchor loss: 0.0616, VFL train accuracy: 0.9910
2026-04-15 10:43:57,230 - Epoch: 12, 241/274: VFL loss: 0.0268, total loss: 0.0442, anchor loss: 0.0616, VFL train accuracy: 0.9910
2026-04-15 10:43:57,660 - Epoch: 12, 251/274: VFL loss: 0.0266, total loss: 0.0441, anchor loss: 0.0616, VFL train accuracy: 0.9910
2026-04-15 10:43:58,097 - Epoch: 12, 261/274: VFL loss: 0.0267, total loss: 0.0442, anchor loss: 0.0616, VFL train accuracy: 0.9910
2026-04-15 10:43:58,539 - Epoch: 12, 271/274: VFL loss: 0.0268, total loss: 0.0442, anchor loss: 0.0616, VFL train accuracy: 0.9909
2026-04-15 10:43:58,681 - => Recorded Stage 2 client anchor losses for epoch 12 to './results/AVGuard/stage3_static_reliability_ablation_4clients/NUSWIDE_4clients_static_reliability_off\stage2_final_epoch_client_anchor_losses.json': {0: 0.035729, 1: 0.071946, 2: 0.061172, 3: 0.077683}
2026-04-15 10:43:58,681 - => Stage 2 EMA anchor update skipped at epoch 12 because update_freq=5
2026-04-15 10:43:58,682 - => Stage 2 Epoch 12 Training Summary: VFL loss: 0.0276, total loss: 0.0446, anchor loss: 0.0616, VFL train accuracy: 0.9909
2026-04-15 10:43:58,682 - => Test ASR...
2026-04-15 10:43:58,791 - =>Add Trigger to Test Data
2026-04-15 10:44:03,288 - Add Trigger to 37064 Bad Samples, 9629 Clean Samples (1.00)
2026-04-15 10:44:16,521 - => Test Epoch: 12, main task samples: 46693, attack samples: 46693, test loss: 0.7962, clean acc: 0.5914, Top-4: 0.9955, ASR: 0.4427, RAC: 0.4738, test target accuracy: 0.8712, stage3 final accuracy: 0.5914, stage3 final target accuracy: 0.5907, stage3 final asr: 0.4427, anchor loss: 0.0764
2026-04-15 10:44:16,522 - => Stage 3 Detection Summary: recall: 0.7608, precision: 0.1002, f1: 0.1771, false positive rate: 0.4394, correction rate: 0.4960
2026-04-15 10:44:16,522 - => Stage 3 Debug (clean): suspicious=20515/46693, correction_applied=20462, prediction_changed=20462, skipped_tied_vote=0, skipped_low_margin=0, skipped_other=53
2026-04-15 10:44:16,522 - => Stage 3 Debug (poison-valid): suspicious=22357/37064, correction_applied=22353, prediction_changed=22353, skipped_tied_vote=0, skipped_low_margin=0, skipped_other=4
2026-04-15 10:44:16,523 - => Stage 3 Debug (attack-success): suspicious=4296/5647, correction_applied=4292, prediction_changed=4292, corrected_to_true=2801
2026-04-15 10:44:16,523 - => Stage 2 checkpoint score: mean(clean_acc=0.5914, recall=0.7608, correction_rate=0.4960) = 0.6160
2026-04-15 10:44:16,590 - => End Epoch: 12, early stop epochs: 10, best epoch: 2, best clean acc: 0.5871, best Top-4: 0.9964, best ASR: 0.2702, best RAC: 0.6051, anchor loss: 0.0780, best checkpoint score: 0.7178
2026-04-15 10:44:16,590 - => Stage 3 Detection Summary: recall: 0.8799, precision: 0.3602, f1: 0.5111, false positive rate: 0.4276, correction rate: 0.6863
2026-04-15 10:44:16,633 - => LFBA current anchor-derived target label: 3
2026-04-15 10:44:16,715 - =>Add Trigger to Train Data
2026-04-15 10:44:17,159 - Add Trigger to 6996 Bad Samples, 62970 Clean Samples (0.10)
2026-04-15 10:44:17,163 - => Start Training for Injecting Backdoor...
2026-04-15 10:44:17,232 - Epoch: 13, 1/274: VFL loss: 0.0091, total loss: 0.0362, anchor loss: 0.0634, VFL train accuracy: 0.9961
2026-04-15 10:44:18,009 - Epoch: 13, 11/274: VFL loss: 0.0161, total loss: 0.0385, anchor loss: 0.0609, VFL train accuracy: 0.9940
2026-04-15 10:44:18,458 - Epoch: 13, 21/274: VFL loss: 0.0233, total loss: 0.0424, anchor loss: 0.0616, VFL train accuracy: 0.9920
2026-04-15 10:44:18,876 - Epoch: 13, 31/274: VFL loss: 0.0244, total loss: 0.0430, anchor loss: 0.0617, VFL train accuracy: 0.9918
2026-04-15 10:44:19,306 - Epoch: 13, 41/274: VFL loss: 0.0281, total loss: 0.0451, anchor loss: 0.0620, VFL train accuracy: 0.9907
2026-04-15 10:44:19,752 - Epoch: 13, 51/274: VFL loss: 0.0272, total loss: 0.0444, anchor loss: 0.0616, VFL train accuracy: 0.9908
2026-04-15 10:44:20,191 - Epoch: 13, 61/274: VFL loss: 0.0262, total loss: 0.0440, anchor loss: 0.0618, VFL train accuracy: 0.9912
2026-04-15 10:44:20,645 - Epoch: 13, 71/274: VFL loss: 0.0274, total loss: 0.0445, anchor loss: 0.0617, VFL train accuracy: 0.9911
2026-04-15 10:44:21,087 - Epoch: 13, 81/274: VFL loss: 0.0293, total loss: 0.0455, anchor loss: 0.0618, VFL train accuracy: 0.9907
2026-04-15 10:44:21,530 - Epoch: 13, 91/274: VFL loss: 0.0292, total loss: 0.0455, anchor loss: 0.0618, VFL train accuracy: 0.9907
2026-04-15 10:44:21,971 - Epoch: 13, 101/274: VFL loss: 0.0299, total loss: 0.0458, anchor loss: 0.0617, VFL train accuracy: 0.9905
2026-04-15 10:44:22,407 - Epoch: 13, 111/274: VFL loss: 0.0293, total loss: 0.0455, anchor loss: 0.0616, VFL train accuracy: 0.9907
2026-04-15 10:44:22,847 - Epoch: 13, 121/274: VFL loss: 0.0288, total loss: 0.0452, anchor loss: 0.0616, VFL train accuracy: 0.9908
2026-04-15 10:44:23,280 - Epoch: 13, 131/274: VFL loss: 0.0286, total loss: 0.0451, anchor loss: 0.0617, VFL train accuracy: 0.9910
2026-04-15 10:44:23,700 - Epoch: 13, 141/274: VFL loss: 0.0277, total loss: 0.0447, anchor loss: 0.0617, VFL train accuracy: 0.9912
2026-04-15 10:44:24,123 - Epoch: 13, 151/274: VFL loss: 0.0269, total loss: 0.0443, anchor loss: 0.0617, VFL train accuracy: 0.9915
2026-04-15 10:44:24,561 - Epoch: 13, 161/274: VFL loss: 0.0264, total loss: 0.0440, anchor loss: 0.0616, VFL train accuracy: 0.9917
2026-04-15 10:44:25,159 - Epoch: 13, 171/274: VFL loss: 0.0257, total loss: 0.0437, anchor loss: 0.0616, VFL train accuracy: 0.9919
2026-04-15 10:44:25,603 - Epoch: 13, 181/274: VFL loss: 0.0258, total loss: 0.0437, anchor loss: 0.0616, VFL train accuracy: 0.9918
2026-04-15 10:44:26,038 - Epoch: 13, 191/274: VFL loss: 0.0258, total loss: 0.0437, anchor loss: 0.0616, VFL train accuracy: 0.9919
2026-04-15 10:44:26,484 - Epoch: 13, 201/274: VFL loss: 0.0259, total loss: 0.0437, anchor loss: 0.0616, VFL train accuracy: 0.9919
2026-04-15 10:44:26,933 - Epoch: 13, 211/274: VFL loss: 0.0255, total loss: 0.0435, anchor loss: 0.0615, VFL train accuracy: 0.9920
2026-04-15 10:44:27,368 - Epoch: 13, 221/274: VFL loss: 0.0260, total loss: 0.0438, anchor loss: 0.0615, VFL train accuracy: 0.9918
2026-04-15 10:44:27,767 - Epoch: 13, 231/274: VFL loss: 0.0255, total loss: 0.0435, anchor loss: 0.0615, VFL train accuracy: 0.9920
2026-04-15 10:44:28,208 - Epoch: 13, 241/274: VFL loss: 0.0253, total loss: 0.0434, anchor loss: 0.0615, VFL train accuracy: 0.9921
2026-04-15 10:44:28,620 - Epoch: 13, 251/274: VFL loss: 0.0253, total loss: 0.0434, anchor loss: 0.0615, VFL train accuracy: 0.9921
2026-04-15 10:44:29,046 - Epoch: 13, 261/274: VFL loss: 0.0251, total loss: 0.0434, anchor loss: 0.0616, VFL train accuracy: 0.9922
2026-04-15 10:44:29,482 - Epoch: 13, 271/274: VFL loss: 0.0253, total loss: 0.0435, anchor loss: 0.0616, VFL train accuracy: 0.9922
2026-04-15 10:44:29,625 - => Recorded Stage 2 client anchor losses for epoch 13 to './results/AVGuard/stage3_static_reliability_ablation_4clients/NUSWIDE_4clients_static_reliability_off\stage2_final_epoch_client_anchor_losses.json': {0: 0.035642, 1: 0.071682, 2: 0.061236, 3: 0.077758}
2026-04-15 10:44:29,625 - => Stage 2 EMA anchor update skipped at epoch 13 because update_freq=5
2026-04-15 10:44:29,625 - => Stage 2 Epoch 13 Training Summary: VFL loss: 0.0253, total loss: 0.0434, anchor loss: 0.0616, VFL train accuracy: 0.9922
2026-04-15 10:44:29,626 - => Test ASR...
2026-04-15 10:44:29,736 - =>Add Trigger to Test Data
2026-04-15 10:44:34,281 - Add Trigger to 37064 Bad Samples, 9629 Clean Samples (1.00)
2026-04-15 10:44:47,463 - => Test Epoch: 13, main task samples: 46693, attack samples: 46693, test loss: 0.8677, clean acc: 0.5952, Top-4: 0.9951, ASR: 0.4452, RAC: 0.4694, test target accuracy: 0.8812, stage3 final accuracy: 0.5952, stage3 final target accuracy: 0.5838, stage3 final asr: 0.4452, anchor loss: 0.0762
2026-04-15 10:44:47,463 - => Stage 3 Detection Summary: recall: 0.7416, precision: 0.0982, f1: 0.1735, false positive rate: 0.4433, correction rate: 0.4453
2026-04-15 10:44:47,465 - => Stage 3 Debug (clean): suspicious=20698/46693, correction_applied=20650, prediction_changed=20650, skipped_tied_vote=0, skipped_low_margin=0, skipped_other=48
2026-04-15 10:44:47,465 - => Stage 3 Debug (poison-valid): suspicious=22153/37064, correction_applied=22150, prediction_changed=22150, skipped_tied_vote=0, skipped_low_margin=0, skipped_other=3
2026-04-15 10:44:47,465 - => Stage 3 Debug (attack-success): suspicious=4210/5677, correction_applied=4207, prediction_changed=4207, corrected_to_true=2528
2026-04-15 10:44:47,466 - => Stage 2 checkpoint score: mean(clean_acc=0.5952, recall=0.7416, correction_rate=0.4453) = 0.5940
2026-04-15 10:44:47,535 - => End Epoch: 13, early stop epochs: 11, best epoch: 2, best clean acc: 0.5871, best Top-4: 0.9964, best ASR: 0.2702, best RAC: 0.6051, anchor loss: 0.0780, best checkpoint score: 0.7178
2026-04-15 10:44:47,535 - => Stage 3 Detection Summary: recall: 0.8799, precision: 0.3602, f1: 0.5111, false positive rate: 0.4276, correction rate: 0.6863
2026-04-15 10:44:47,578 - => LFBA current anchor-derived target label: 3
2026-04-15 10:44:47,659 - =>Add Trigger to Train Data
2026-04-15 10:44:48,123 - Add Trigger to 6996 Bad Samples, 62970 Clean Samples (0.10)
2026-04-15 10:44:48,126 - => Start Training for Injecting Backdoor...
2026-04-15 10:44:48,195 - Epoch: 14, 1/274: VFL loss: 0.0233, total loss: 0.0408, anchor loss: 0.0583, VFL train accuracy: 0.9883
2026-04-15 10:44:49,017 - Epoch: 14, 11/274: VFL loss: 0.0186, total loss: 0.0392, anchor loss: 0.0598, VFL train accuracy: 0.9929
2026-04-15 10:44:49,453 - Epoch: 14, 21/274: VFL loss: 0.0208, total loss: 0.0407, anchor loss: 0.0606, VFL train accuracy: 0.9926
2026-04-15 10:44:49,892 - Epoch: 14, 31/274: VFL loss: 0.0202, total loss: 0.0403, anchor loss: 0.0604, VFL train accuracy: 0.9928
2026-04-15 10:44:50,322 - Epoch: 14, 41/274: VFL loss: 0.0193, total loss: 0.0397, anchor loss: 0.0601, VFL train accuracy: 0.9935
2026-04-15 10:44:50,761 - Epoch: 14, 51/274: VFL loss: 0.0185, total loss: 0.0393, anchor loss: 0.0600, VFL train accuracy: 0.9935
2026-04-15 10:44:51,176 - Epoch: 14, 61/274: VFL loss: 0.0181, total loss: 0.0391, anchor loss: 0.0600, VFL train accuracy: 0.9936
2026-04-15 10:44:51,612 - Epoch: 14, 71/274: VFL loss: 0.0173, total loss: 0.0387, anchor loss: 0.0600, VFL train accuracy: 0.9939
2026-04-15 10:44:52,033 - Epoch: 14, 81/274: VFL loss: 0.0174, total loss: 0.0387, anchor loss: 0.0601, VFL train accuracy: 0.9939
2026-04-15 10:44:52,461 - Epoch: 14, 91/274: VFL loss: 0.0175, total loss: 0.0389, anchor loss: 0.0603, VFL train accuracy: 0.9938
2026-04-15 10:44:52,912 - Epoch: 14, 101/274: VFL loss: 0.0174, total loss: 0.0389, anchor loss: 0.0603, VFL train accuracy: 0.9940
2026-04-15 10:44:53,326 - Epoch: 14, 111/274: VFL loss: 0.0177, total loss: 0.0390, anchor loss: 0.0603, VFL train accuracy: 0.9939
2026-04-15 10:44:53,769 - Epoch: 14, 121/274: VFL loss: 0.0180, total loss: 0.0391, anchor loss: 0.0602, VFL train accuracy: 0.9937
2026-04-15 10:44:54,166 - Epoch: 14, 131/274: VFL loss: 0.0187, total loss: 0.0395, anchor loss: 0.0603, VFL train accuracy: 0.9935
2026-04-15 10:44:54,603 - Epoch: 14, 141/274: VFL loss: 0.0186, total loss: 0.0395, anchor loss: 0.0604, VFL train accuracy: 0.9935
2026-04-15 10:44:55,023 - Epoch: 14, 151/274: VFL loss: 0.0193, total loss: 0.0399, anchor loss: 0.0605, VFL train accuracy: 0.9932
2026-04-15 10:44:55,476 - Epoch: 14, 161/274: VFL loss: 0.0200, total loss: 0.0403, anchor loss: 0.0606, VFL train accuracy: 0.9931
2026-04-15 10:44:55,902 - Epoch: 14, 171/274: VFL loss: 0.0203, total loss: 0.0405, anchor loss: 0.0607, VFL train accuracy: 0.9930
2026-04-15 10:44:56,347 - Epoch: 14, 181/274: VFL loss: 0.0201, total loss: 0.0404, anchor loss: 0.0608, VFL train accuracy: 0.9931
2026-04-15 10:44:56,778 - Epoch: 14, 191/274: VFL loss: 0.0215, total loss: 0.0412, anchor loss: 0.0608, VFL train accuracy: 0.9926
2026-04-15 10:44:57,222 - Epoch: 14, 201/274: VFL loss: 0.0217, total loss: 0.0413, anchor loss: 0.0609, VFL train accuracy: 0.9926
2026-04-15 10:44:57,678 - Epoch: 14, 211/274: VFL loss: 0.0220, total loss: 0.0415, anchor loss: 0.0610, VFL train accuracy: 0.9926
2026-04-15 10:44:58,099 - Epoch: 14, 221/274: VFL loss: 0.0219, total loss: 0.0415, anchor loss: 0.0610, VFL train accuracy: 0.9926
2026-04-15 10:44:58,530 - Epoch: 14, 231/274: VFL loss: 0.0220, total loss: 0.0416, anchor loss: 0.0611, VFL train accuracy: 0.9926
2026-04-15 10:44:58,960 - Epoch: 14, 241/274: VFL loss: 0.0219, total loss: 0.0415, anchor loss: 0.0611, VFL train accuracy: 0.9926
2026-04-15 10:44:59,399 - Epoch: 14, 251/274: VFL loss: 0.0219, total loss: 0.0415, anchor loss: 0.0612, VFL train accuracy: 0.9925
2026-04-15 10:44:59,848 - Epoch: 14, 261/274: VFL loss: 0.0226, total loss: 0.0419, anchor loss: 0.0611, VFL train accuracy: 0.9924
2026-04-15 10:45:00,255 - Epoch: 14, 271/274: VFL loss: 0.0225, total loss: 0.0418, anchor loss: 0.0612, VFL train accuracy: 0.9924
2026-04-15 10:45:00,397 - => Recorded Stage 2 client anchor losses for epoch 14 to './results/AVGuard/stage3_static_reliability_ablation_4clients/NUSWIDE_4clients_static_reliability_off\stage2_final_epoch_client_anchor_losses.json': {0: 0.034541, 1: 0.071979, 2: 0.060872, 3: 0.07737}
2026-04-15 10:45:00,398 - => Stage 2 EMA anchor update skipped at epoch 14 because update_freq=5
2026-04-15 10:45:00,398 - => Stage 2 Epoch 14 Training Summary: VFL loss: 0.0226, total loss: 0.0419, anchor loss: 0.0612, VFL train accuracy: 0.9923
2026-04-15 10:45:00,398 - => Test ASR...
2026-04-15 10:45:00,508 - =>Add Trigger to Test Data
2026-04-15 10:45:05,046 - Add Trigger to 37064 Bad Samples, 9629 Clean Samples (1.00)
2026-04-15 10:45:18,485 - => Test Epoch: 14, main task samples: 46693, attack samples: 46693, test loss: 0.8791, clean acc: 0.5897, Top-4: 0.9951, ASR: 0.4484, RAC: 0.4664, test target accuracy: 0.8540, stage3 final accuracy: 0.5897, stage3 final target accuracy: 0.5769, stage3 final asr: 0.4484, anchor loss: 0.0768
2026-04-15 10:45:18,485 - => Stage 3 Detection Summary: recall: 0.7634, precision: 0.0815, f1: 0.1472, false positive rate: 0.4446, correction rate: 0.4515
2026-04-15 10:45:18,486 - => Stage 3 Debug (clean): suspicious=20760/46693, correction_applied=20716, prediction_changed=20716, skipped_tied_vote=0, skipped_low_margin=0, skipped_other=44
2026-04-15 10:45:18,486 - => Stage 3 Debug (poison-valid): suspicious=21927/37064, correction_applied=21921, prediction_changed=21921, skipped_tied_vote=0, skipped_low_margin=0, skipped_other=6
2026-04-15 10:45:18,486 - => Stage 3 Debug (attack-success): suspicious=3478/4556, correction_applied=3473, prediction_changed=3473, corrected_to_true=2057
2026-04-15 10:45:18,487 - => Stage 2 checkpoint score: mean(clean_acc=0.5897, recall=0.7634, correction_rate=0.4515) = 0.6015
2026-04-15 10:45:18,553 - => End Epoch: 14, early stop epochs: 12, best epoch: 2, best clean acc: 0.5871, best Top-4: 0.9964, best ASR: 0.2702, best RAC: 0.6051, anchor loss: 0.0780, best checkpoint score: 0.7178
2026-04-15 10:45:18,554 - => Stage 3 Detection Summary: recall: 0.8799, precision: 0.3602, f1: 0.5111, false positive rate: 0.4276, correction rate: 0.6863
2026-04-15 10:45:18,595 - => LFBA current anchor-derived target label: 3
2026-04-15 10:45:18,678 - =>Add Trigger to Train Data
2026-04-15 10:45:19,123 - Add Trigger to 6996 Bad Samples, 62970 Clean Samples (0.10)
2026-04-15 10:45:19,128 - => Start Training for Injecting Backdoor...
2026-04-15 10:45:19,198 - Epoch: 15, 1/274: VFL loss: 0.0215, total loss: 0.0424, anchor loss: 0.0633, VFL train accuracy: 0.9961
2026-04-15 10:45:19,980 - Epoch: 15, 11/274: VFL loss: 0.0138, total loss: 0.0377, anchor loss: 0.0615, VFL train accuracy: 0.9957
2026-04-15 10:45:20,405 - Epoch: 15, 21/274: VFL loss: 0.0156, total loss: 0.0384, anchor loss: 0.0612, VFL train accuracy: 0.9952
2026-04-15 10:45:20,855 - Epoch: 15, 31/274: VFL loss: 0.0154, total loss: 0.0381, anchor loss: 0.0608, VFL train accuracy: 0.9953
2026-04-15 10:45:21,300 - Epoch: 15, 41/274: VFL loss: 0.0160, total loss: 0.0384, anchor loss: 0.0609, VFL train accuracy: 0.9950
2026-04-15 10:45:21,735 - Epoch: 15, 51/274: VFL loss: 0.0183, total loss: 0.0398, anchor loss: 0.0613, VFL train accuracy: 0.9946
2026-04-15 10:45:22,189 - Epoch: 15, 61/274: VFL loss: 0.0193, total loss: 0.0403, anchor loss: 0.0614, VFL train accuracy: 0.9944
2026-04-15 10:45:22,620 - Epoch: 15, 71/274: VFL loss: 0.0180, total loss: 0.0395, anchor loss: 0.0610, VFL train accuracy: 0.9949
2026-04-15 10:45:23,063 - Epoch: 15, 81/274: VFL loss: 0.0173, total loss: 0.0392, anchor loss: 0.0610, VFL train accuracy: 0.9952
2026-04-15 10:45:23,498 - Epoch: 15, 91/274: VFL loss: 0.0172, total loss: 0.0391, anchor loss: 0.0611, VFL train accuracy: 0.9951
2026-04-15 10:45:23,952 - Epoch: 15, 101/274: VFL loss: 0.0168, total loss: 0.0390, anchor loss: 0.0612, VFL train accuracy: 0.9951
2026-04-15 10:45:24,388 - Epoch: 15, 111/274: VFL loss: 0.0163, total loss: 0.0386, anchor loss: 0.0609, VFL train accuracy: 0.9953
2026-04-15 10:45:24,800 - Epoch: 15, 121/274: VFL loss: 0.0165, total loss: 0.0387, anchor loss: 0.0609, VFL train accuracy: 0.9951
2026-04-15 10:45:25,230 - Epoch: 15, 131/274: VFL loss: 0.0168, total loss: 0.0388, anchor loss: 0.0609, VFL train accuracy: 0.9949
2026-04-15 10:45:25,662 - Epoch: 15, 141/274: VFL loss: 0.0175, total loss: 0.0392, anchor loss: 0.0609, VFL train accuracy: 0.9945
2026-04-15 10:45:26,088 - Epoch: 15, 151/274: VFL loss: 0.0178, total loss: 0.0393, anchor loss: 0.0609, VFL train accuracy: 0.9943
2026-04-15 10:45:26,536 - Epoch: 15, 161/274: VFL loss: 0.0182, total loss: 0.0396, anchor loss: 0.0609, VFL train accuracy: 0.9942
2026-04-15 10:45:26,979 - Epoch: 15, 171/274: VFL loss: 0.0189, total loss: 0.0399, anchor loss: 0.0610, VFL train accuracy: 0.9941
2026-04-15 10:45:27,404 - Epoch: 15, 181/274: VFL loss: 0.0190, total loss: 0.0400, anchor loss: 0.0610, VFL train accuracy: 0.9939
2026-04-15 10:45:27,840 - Epoch: 15, 191/274: VFL loss: 0.0191, total loss: 0.0401, anchor loss: 0.0610, VFL train accuracy: 0.9938
2026-04-15 10:45:28,259 - Epoch: 15, 201/274: VFL loss: 0.0195, total loss: 0.0403, anchor loss: 0.0610, VFL train accuracy: 0.9937
2026-04-15 10:45:28,699 - Epoch: 15, 211/274: VFL loss: 0.0195, total loss: 0.0402, anchor loss: 0.0610, VFL train accuracy: 0.9936
2026-04-15 10:45:29,135 - Epoch: 15, 221/274: VFL loss: 0.0194, total loss: 0.0402, anchor loss: 0.0609, VFL train accuracy: 0.9937
2026-04-15 10:45:29,553 - Epoch: 15, 231/274: VFL loss: 0.0200, total loss: 0.0405, anchor loss: 0.0610, VFL train accuracy: 0.9936
2026-04-15 10:45:29,992 - Epoch: 15, 241/274: VFL loss: 0.0203, total loss: 0.0406, anchor loss: 0.0610, VFL train accuracy: 0.9934
2026-04-15 10:45:30,434 - Epoch: 15, 251/274: VFL loss: 0.0204, total loss: 0.0407, anchor loss: 0.0610, VFL train accuracy: 0.9934
2026-04-15 10:45:30,862 - Epoch: 15, 261/274: VFL loss: 0.0205, total loss: 0.0407, anchor loss: 0.0610, VFL train accuracy: 0.9934
2026-04-15 10:45:31,302 - Epoch: 15, 271/274: VFL loss: 0.0208, total loss: 0.0409, anchor loss: 0.0610, VFL train accuracy: 0.9933
2026-04-15 10:45:31,434 - => Recorded Stage 2 client anchor losses for epoch 15 to './results/AVGuard/stage3_static_reliability_ablation_4clients/NUSWIDE_4clients_static_reliability_off\stage2_final_epoch_client_anchor_losses.json': {0: 0.033634, 1: 0.071317, 2: 0.061035, 3: 0.077942}
2026-04-15 10:45:31,442 - => Stage 2 EMA anchor update applied at epoch 15 with momentum 0.9950: updated classes per client {0: 5, 1: 5, 2: 5, 3: 5}
2026-04-15 10:45:31,442 - => Stage 2 Epoch 15 Training Summary: VFL loss: 0.0209, total loss: 0.0409, anchor loss: 0.0610, VFL train accuracy: 0.9933
2026-04-15 10:45:31,443 - => Test ASR...
2026-04-15 10:45:31,552 - =>Add Trigger to Test Data
2026-04-15 10:45:36,039 - Add Trigger to 37064 Bad Samples, 9629 Clean Samples (1.00)
2026-04-15 10:45:49,147 - => Test Epoch: 15, main task samples: 46693, attack samples: 46693, test loss: 0.9365, clean acc: 0.5876, Top-4: 0.9952, ASR: 0.4435, RAC: 0.4540, test target accuracy: 0.8291, stage3 final accuracy: 0.5876, stage3 final target accuracy: 0.5279, stage3 final asr: 0.4435, anchor loss: 0.0768
2026-04-15 10:45:49,148 - => Stage 3 Detection Summary: recall: 0.7950, precision: 0.0679, f1: 0.1252, false positive rate: 0.4505, correction rate: 0.4475
2026-04-15 10:45:49,148 - => Stage 3 Debug (clean): suspicious=21034/46693, correction_applied=20982, prediction_changed=20982, skipped_tied_vote=0, skipped_low_margin=0, skipped_other=52
2026-04-15 10:45:49,148 - => Stage 3 Debug (poison-valid): suspicious=22160/37064, correction_applied=22155, prediction_changed=22155, skipped_tied_vote=0, skipped_low_margin=0, skipped_other=5
2026-04-15 10:45:49,148 - => Stage 3 Debug (attack-success): suspicious=2935/3692, correction_applied=2932, prediction_changed=2932, corrected_to_true=1652
2026-04-15 10:45:49,149 - => Stage 2 checkpoint score: mean(clean_acc=0.5876, recall=0.7950, correction_rate=0.4475) = 0.6100
2026-04-15 10:45:49,216 - => End Epoch: 15, early stop epochs: 13, best epoch: 2, best clean acc: 0.5871, best Top-4: 0.9964, best ASR: 0.2702, best RAC: 0.6051, anchor loss: 0.0780, best checkpoint score: 0.7178
2026-04-15 10:45:49,216 - => Stage 3 Detection Summary: recall: 0.8799, precision: 0.3602, f1: 0.5111, false positive rate: 0.4276, correction rate: 0.6863
2026-04-15 10:45:49,253 - => LFBA current anchor-derived target label: 3
2026-04-15 10:45:49,334 - =>Add Trigger to Train Data
2026-04-15 10:45:49,803 - Add Trigger to 6996 Bad Samples, 62970 Clean Samples (0.10)
2026-04-15 10:45:49,807 - => Start Training for Injecting Backdoor...
2026-04-15 10:45:49,878 - Epoch: 16, 1/274: VFL loss: 0.0044, total loss: 0.0313, anchor loss: 0.0582, VFL train accuracy: 0.9961
2026-04-15 10:45:50,652 - Epoch: 16, 11/274: VFL loss: 0.0190, total loss: 0.0392, anchor loss: 0.0595, VFL train accuracy: 0.9936
2026-04-15 10:45:51,100 - Epoch: 16, 21/274: VFL loss: 0.0184, total loss: 0.0391, anchor loss: 0.0598, VFL train accuracy: 0.9937
2026-04-15 10:45:51,542 - Epoch: 16, 31/274: VFL loss: 0.0173, total loss: 0.0384, anchor loss: 0.0596, VFL train accuracy: 0.9941
2026-04-15 10:45:51,967 - Epoch: 16, 41/274: VFL loss: 0.0174, total loss: 0.0385, anchor loss: 0.0597, VFL train accuracy: 0.9939
2026-04-15 10:45:52,411 - Epoch: 16, 51/274: VFL loss: 0.0182, total loss: 0.0390, anchor loss: 0.0599, VFL train accuracy: 0.9939
2026-04-15 10:45:52,849 - Epoch: 16, 61/274: VFL loss: 0.0188, total loss: 0.0396, anchor loss: 0.0604, VFL train accuracy: 0.9937
2026-04-15 10:45:53,271 - Epoch: 16, 71/274: VFL loss: 0.0174, total loss: 0.0389, anchor loss: 0.0604, VFL train accuracy: 0.9939
2026-04-15 10:45:53,701 - Epoch: 16, 81/274: VFL loss: 0.0175, total loss: 0.0389, anchor loss: 0.0604, VFL train accuracy: 0.9940
2026-04-15 10:45:54,127 - Epoch: 16, 91/274: VFL loss: 0.0162, total loss: 0.0383, anchor loss: 0.0603, VFL train accuracy: 0.9945
2026-04-15 10:45:54,582 - Epoch: 16, 101/274: VFL loss: 0.0159, total loss: 0.0381, anchor loss: 0.0604, VFL train accuracy: 0.9948
2026-04-15 10:45:55,021 - Epoch: 16, 111/274: VFL loss: 0.0165, total loss: 0.0384, anchor loss: 0.0602, VFL train accuracy: 0.9948
2026-04-15 10:45:55,463 - Epoch: 16, 121/274: VFL loss: 0.0165, total loss: 0.0384, anchor loss: 0.0602, VFL train accuracy: 0.9948
2026-04-15 10:45:55,891 - Epoch: 16, 131/274: VFL loss: 0.0166, total loss: 0.0384, anchor loss: 0.0601, VFL train accuracy: 0.9948
2026-04-15 10:45:56,339 - Epoch: 16, 141/274: VFL loss: 0.0162, total loss: 0.0381, anchor loss: 0.0600, VFL train accuracy: 0.9949
2026-04-15 10:45:56,767 - Epoch: 16, 151/274: VFL loss: 0.0160, total loss: 0.0379, anchor loss: 0.0598, VFL train accuracy: 0.9950
2026-04-15 10:45:57,364 - Epoch: 16, 161/274: VFL loss: 0.0158, total loss: 0.0378, anchor loss: 0.0599, VFL train accuracy: 0.9950
2026-04-15 10:45:57,791 - Epoch: 16, 171/274: VFL loss: 0.0157, total loss: 0.0377, anchor loss: 0.0598, VFL train accuracy: 0.9951
2026-04-15 10:45:58,204 - Epoch: 16, 181/274: VFL loss: 0.0158, total loss: 0.0378, anchor loss: 0.0598, VFL train accuracy: 0.9949
2026-04-15 10:45:58,658 - Epoch: 16, 191/274: VFL loss: 0.0159, total loss: 0.0378, anchor loss: 0.0598, VFL train accuracy: 0.9948
2026-04-15 10:45:59,092 - Epoch: 16, 201/274: VFL loss: 0.0158, total loss: 0.0378, anchor loss: 0.0598, VFL train accuracy: 0.9949
2026-04-15 10:45:59,546 - Epoch: 16, 211/274: VFL loss: 0.0157, total loss: 0.0377, anchor loss: 0.0598, VFL train accuracy: 0.9950
2026-04-15 10:45:59,979 - Epoch: 16, 221/274: VFL loss: 0.0155, total loss: 0.0376, anchor loss: 0.0598, VFL train accuracy: 0.9951
2026-04-15 10:46:00,417 - Epoch: 16, 231/274: VFL loss: 0.0153, total loss: 0.0376, anchor loss: 0.0599, VFL train accuracy: 0.9952
2026-04-15 10:46:00,852 - Epoch: 16, 241/274: VFL loss: 0.0154, total loss: 0.0376, anchor loss: 0.0598, VFL train accuracy: 0.9950
2026-04-15 10:46:01,281 - Epoch: 16, 251/274: VFL loss: 0.0159, total loss: 0.0379, anchor loss: 0.0599, VFL train accuracy: 0.9949
2026-04-15 10:46:01,716 - Epoch: 16, 261/274: VFL loss: 0.0161, total loss: 0.0380, anchor loss: 0.0600, VFL train accuracy: 0.9948
2026-04-15 10:46:02,149 - Epoch: 16, 271/274: VFL loss: 0.0164, total loss: 0.0382, anchor loss: 0.0600, VFL train accuracy: 0.9947
2026-04-15 10:46:02,275 - => Recorded Stage 2 client anchor losses for epoch 16 to './results/AVGuard/stage3_static_reliability_ablation_4clients/NUSWIDE_4clients_static_reliability_off\stage2_final_epoch_client_anchor_losses.json': {0: 0.032156, 1: 0.071063, 2: 0.060297, 3: 0.076435}
2026-04-15 10:46:02,275 - => Stage 2 EMA anchor update skipped at epoch 16 because update_freq=5
2026-04-15 10:46:02,275 - => Stage 2 Epoch 16 Training Summary: VFL loss: 0.0165, total loss: 0.0382, anchor loss: 0.0600, VFL train accuracy: 0.9947
2026-04-15 10:46:02,276 - => Test ASR...
2026-04-15 10:46:02,382 - =>Add Trigger to Test Data
2026-04-15 10:46:06,839 - Add Trigger to 37064 Bad Samples, 9629 Clean Samples (1.00)
2026-04-15 10:46:19,970 - => Test Epoch: 16, main task samples: 46693, attack samples: 46693, test loss: 0.9697, clean acc: 0.5913, Top-4: 0.9951, ASR: 0.4395, RAC: 0.4557, test target accuracy: 0.8552, stage3 final accuracy: 0.5913, stage3 final target accuracy: 0.5884, stage3 final asr: 0.4395, anchor loss: 0.0764
2026-04-15 10:46:19,971 - => Stage 3 Detection Summary: recall: 0.6948, precision: 0.0597, f1: 0.1099, false positive rate: 0.4425, correction rate: 0.4088
2026-04-15 10:46:19,971 - => Stage 3 Debug (clean): suspicious=20663/46693, correction_applied=20620, prediction_changed=20620, skipped_tied_vote=0, skipped_low_margin=0, skipped_other=43
2026-04-15 10:46:19,971 - => Stage 3 Debug (poison-valid): suspicious=22358/37064, correction_applied=22353, prediction_changed=22353, skipped_tied_vote=0, skipped_low_margin=0, skipped_other=5
2026-04-15 10:46:19,971 - => Stage 3 Debug (attack-success): suspicious=2568/3696, correction_applied=2566, prediction_changed=2566, corrected_to_true=1511
2026-04-15 10:46:19,972 - => Stage 2 checkpoint score: mean(clean_acc=0.5913, recall=0.6948, correction_rate=0.4088) = 0.5650
2026-04-15 10:46:20,041 - => End Epoch: 16, early stop epochs: 14, best epoch: 2, best clean acc: 0.5871, best Top-4: 0.9964, best ASR: 0.2702, best RAC: 0.6051, anchor loss: 0.0780, best checkpoint score: 0.7178
2026-04-15 10:46:20,041 - => Stage 3 Detection Summary: recall: 0.8799, precision: 0.3602, f1: 0.5111, false positive rate: 0.4276, correction rate: 0.6863
2026-04-15 10:46:20,088 - => LFBA current anchor-derived target label: 3
2026-04-15 10:46:20,170 - =>Add Trigger to Train Data
2026-04-15 10:46:20,617 - Add Trigger to 6996 Bad Samples, 62970 Clean Samples (0.10)
2026-04-15 10:46:20,621 - => Start Training for Injecting Backdoor...
2026-04-15 10:46:20,689 - Epoch: 17, 1/274: VFL loss: 0.0067, total loss: 0.0352, anchor loss: 0.0638, VFL train accuracy: 0.9961
2026-04-15 10:46:21,443 - Epoch: 17, 11/274: VFL loss: 0.0084, total loss: 0.0334, anchor loss: 0.0584, VFL train accuracy: 0.9975
2026-04-15 10:46:21,881 - Epoch: 17, 21/274: VFL loss: 0.0138, total loss: 0.0366, anchor loss: 0.0593, VFL train accuracy: 0.9957
2026-04-15 10:46:22,308 - Epoch: 17, 31/274: VFL loss: 0.0136, total loss: 0.0366, anchor loss: 0.0596, VFL train accuracy: 0.9957
2026-04-15 10:46:22,712 - Epoch: 17, 41/274: VFL loss: 0.0149, total loss: 0.0375, anchor loss: 0.0600, VFL train accuracy: 0.9953
2026-04-15 10:46:23,163 - Epoch: 17, 51/274: VFL loss: 0.0149, total loss: 0.0376, anchor loss: 0.0603, VFL train accuracy: 0.9955
2026-04-15 10:46:23,598 - Epoch: 17, 61/274: VFL loss: 0.0147, total loss: 0.0374, anchor loss: 0.0602, VFL train accuracy: 0.9954
2026-04-15 10:46:24,030 - Epoch: 17, 71/274: VFL loss: 0.0139, total loss: 0.0370, anchor loss: 0.0601, VFL train accuracy: 0.9955
2026-04-15 10:46:24,453 - Epoch: 17, 81/274: VFL loss: 0.0139, total loss: 0.0370, anchor loss: 0.0601, VFL train accuracy: 0.9958
2026-04-15 10:46:24,870 - Epoch: 17, 91/274: VFL loss: 0.0136, total loss: 0.0367, anchor loss: 0.0598, VFL train accuracy: 0.9959
2026-04-15 10:46:25,307 - Epoch: 17, 101/274: VFL loss: 0.0141, total loss: 0.0370, anchor loss: 0.0598, VFL train accuracy: 0.9958
2026-04-15 10:46:25,762 - Epoch: 17, 111/274: VFL loss: 0.0145, total loss: 0.0372, anchor loss: 0.0599, VFL train accuracy: 0.9957
2026-04-15 10:46:26,182 - Epoch: 17, 121/274: VFL loss: 0.0146, total loss: 0.0372, anchor loss: 0.0599, VFL train accuracy: 0.9957
2026-04-15 10:46:26,630 - Epoch: 17, 131/274: VFL loss: 0.0143, total loss: 0.0371, anchor loss: 0.0598, VFL train accuracy: 0.9959
2026-04-15 10:46:27,045 - Epoch: 17, 141/274: VFL loss: 0.0146, total loss: 0.0372, anchor loss: 0.0598, VFL train accuracy: 0.9958
2026-04-15 10:46:27,463 - Epoch: 17, 151/274: VFL loss: 0.0150, total loss: 0.0374, anchor loss: 0.0598, VFL train accuracy: 0.9957
2026-04-15 10:46:27,915 - Epoch: 17, 161/274: VFL loss: 0.0149, total loss: 0.0374, anchor loss: 0.0598, VFL train accuracy: 0.9957
2026-04-15 10:46:28,342 - Epoch: 17, 171/274: VFL loss: 0.0145, total loss: 0.0371, anchor loss: 0.0597, VFL train accuracy: 0.9958
2026-04-15 10:46:28,777 - Epoch: 17, 181/274: VFL loss: 0.0144, total loss: 0.0371, anchor loss: 0.0597, VFL train accuracy: 0.9958
2026-04-15 10:46:29,176 - Epoch: 17, 191/274: VFL loss: 0.0145, total loss: 0.0370, anchor loss: 0.0596, VFL train accuracy: 0.9958
2026-04-15 10:46:29,600 - Epoch: 17, 201/274: VFL loss: 0.0143, total loss: 0.0370, anchor loss: 0.0597, VFL train accuracy: 0.9958
2026-04-15 10:46:30,045 - Epoch: 17, 211/274: VFL loss: 0.0146, total loss: 0.0372, anchor loss: 0.0597, VFL train accuracy: 0.9957
2026-04-15 10:46:30,473 - Epoch: 17, 221/274: VFL loss: 0.0149, total loss: 0.0373, anchor loss: 0.0597, VFL train accuracy: 0.9957
2026-04-15 10:46:30,902 - Epoch: 17, 231/274: VFL loss: 0.0150, total loss: 0.0373, anchor loss: 0.0597, VFL train accuracy: 0.9956
2026-04-15 10:46:31,357 - Epoch: 17, 241/274: VFL loss: 0.0153, total loss: 0.0376, anchor loss: 0.0598, VFL train accuracy: 0.9955
2026-04-15 10:46:31,788 - Epoch: 17, 251/274: VFL loss: 0.0154, total loss: 0.0377, anchor loss: 0.0599, VFL train accuracy: 0.9954
2026-04-15 10:46:32,209 - Epoch: 17, 261/274: VFL loss: 0.0163, total loss: 0.0381, anchor loss: 0.0599, VFL train accuracy: 0.9952
2026-04-15 10:46:32,651 - Epoch: 17, 271/274: VFL loss: 0.0164, total loss: 0.0382, anchor loss: 0.0600, VFL train accuracy: 0.9952
2026-04-15 10:46:32,780 - => Recorded Stage 2 client anchor losses for epoch 17 to './results/AVGuard/stage3_static_reliability_ablation_4clients/NUSWIDE_4clients_static_reliability_off\stage2_final_epoch_client_anchor_losses.json': {0: 0.03112, 1: 0.071228, 2: 0.060133, 3: 0.077455}
2026-04-15 10:46:32,781 - => Stage 2 EMA anchor update skipped at epoch 17 because update_freq=5
2026-04-15 10:46:32,781 - => Stage 2 Epoch 17 Training Summary: VFL loss: 0.0163, total loss: 0.0381, anchor loss: 0.0600, VFL train accuracy: 0.9951
2026-04-15 10:46:32,781 - => Test ASR...
2026-04-15 10:46:32,890 - =>Add Trigger to Test Data
2026-04-15 10:46:37,342 - Add Trigger to 37064 Bad Samples, 9629 Clean Samples (1.00)
2026-04-15 10:46:50,605 - => Test Epoch: 17, main task samples: 46693, attack samples: 46693, test loss: 0.9335, clean acc: 0.5896, Top-4: 0.9958, ASR: 0.4230, RAC: 0.4635, test target accuracy: 0.8717, stage3 final accuracy: 0.5896, stage3 final target accuracy: 0.5653, stage3 final asr: 0.4230, anchor loss: 0.0761
2026-04-15 10:46:50,605 - => Stage 3 Detection Summary: recall: 0.6917, precision: 0.0643, f1: 0.1176, false positive rate: 0.4395, correction rate: 0.3895
2026-04-15 10:46:50,605 - => Stage 3 Debug (clean): suspicious=20523/46693, correction_applied=20473, prediction_changed=20473, skipped_tied_vote=0, skipped_low_margin=0, skipped_other=50
2026-04-15 10:46:50,605 - => Stage 3 Debug (poison-valid): suspicious=21598/37064, correction_applied=21594, prediction_changed=21594, skipped_tied_vote=0, skipped_low_margin=0, skipped_other=4
2026-04-15 10:46:50,606 - => Stage 3 Debug (attack-success): suspicious=2708/3915, correction_applied=2705, prediction_changed=2705, corrected_to_true=1525
2026-04-15 10:46:50,606 - => Stage 2 checkpoint score: mean(clean_acc=0.5896, recall=0.6917, correction_rate=0.3895) = 0.5570
2026-04-15 10:46:50,680 - => End Epoch: 17, early stop epochs: 15, best epoch: 2, best clean acc: 0.5871, best Top-4: 0.9964, best ASR: 0.2702, best RAC: 0.6051, anchor loss: 0.0780, best checkpoint score: 0.7178
2026-04-15 10:46:50,681 - => Stage 3 Detection Summary: recall: 0.8799, precision: 0.3602, f1: 0.5111, false positive rate: 0.4276, correction rate: 0.6863
2026-04-15 10:46:50,723 - => LFBA current anchor-derived target label: 3
2026-04-15 10:46:50,802 - =>Add Trigger to Train Data
2026-04-15 10:46:51,296 - Add Trigger to 6996 Bad Samples, 62970 Clean Samples (0.10)
2026-04-15 10:46:51,300 - => Start Training for Injecting Backdoor...
2026-04-15 10:46:51,362 - Epoch: 18, 1/274: VFL loss: 0.0012, total loss: 0.0295, anchor loss: 0.0578, VFL train accuracy: 1.0000
2026-04-15 10:46:52,106 - Epoch: 18, 11/274: VFL loss: 0.0139, total loss: 0.0372, anchor loss: 0.0606, VFL train accuracy: 0.9954
2026-04-15 10:46:52,523 - Epoch: 18, 21/274: VFL loss: 0.0151, total loss: 0.0377, anchor loss: 0.0603, VFL train accuracy: 0.9948
2026-04-15 10:46:52,960 - Epoch: 18, 31/274: VFL loss: 0.0142, total loss: 0.0372, anchor loss: 0.0601, VFL train accuracy: 0.9948
2026-04-15 10:46:53,395 - Epoch: 18, 41/274: VFL loss: 0.0142, total loss: 0.0368, anchor loss: 0.0595, VFL train accuracy: 0.9950
2026-04-15 10:46:53,846 - Epoch: 18, 51/274: VFL loss: 0.0131, total loss: 0.0363, anchor loss: 0.0595, VFL train accuracy: 0.9955
2026-04-15 10:46:54,269 - Epoch: 18, 61/274: VFL loss: 0.0124, total loss: 0.0360, anchor loss: 0.0595, VFL train accuracy: 0.9957
2026-04-15 10:46:54,704 - Epoch: 18, 71/274: VFL loss: 0.0116, total loss: 0.0354, anchor loss: 0.0593, VFL train accuracy: 0.9960
2026-04-15 10:46:55,152 - Epoch: 18, 81/274: VFL loss: 0.0111, total loss: 0.0352, anchor loss: 0.0593, VFL train accuracy: 0.9963
2026-04-15 10:46:55,583 - Epoch: 18, 91/274: VFL loss: 0.0109, total loss: 0.0350, anchor loss: 0.0592, VFL train accuracy: 0.9964
2026-04-15 10:46:56,031 - Epoch: 18, 101/274: VFL loss: 0.0108, total loss: 0.0349, anchor loss: 0.0591, VFL train accuracy: 0.9966
2026-04-15 10:46:56,487 - Epoch: 18, 111/274: VFL loss: 0.0116, total loss: 0.0354, anchor loss: 0.0591, VFL train accuracy: 0.9964
2026-04-15 10:46:56,893 - Epoch: 18, 121/274: VFL loss: 0.0116, total loss: 0.0354, anchor loss: 0.0591, VFL train accuracy: 0.9963
2026-04-15 10:46:57,339 - Epoch: 18, 131/274: VFL loss: 0.0116, total loss: 0.0353, anchor loss: 0.0591, VFL train accuracy: 0.9962
2026-04-15 10:46:57,781 - Epoch: 18, 141/274: VFL loss: 0.0113, total loss: 0.0352, anchor loss: 0.0590, VFL train accuracy: 0.9963
2026-04-15 10:46:58,218 - Epoch: 18, 151/274: VFL loss: 0.0112, total loss: 0.0351, anchor loss: 0.0590, VFL train accuracy: 0.9964
2026-04-15 10:46:58,657 - Epoch: 18, 161/274: VFL loss: 0.0113, total loss: 0.0352, anchor loss: 0.0590, VFL train accuracy: 0.9965
2026-04-15 10:46:59,092 - Epoch: 18, 171/274: VFL loss: 0.0118, total loss: 0.0355, anchor loss: 0.0591, VFL train accuracy: 0.9962
2026-04-15 10:46:59,538 - Epoch: 18, 181/274: VFL loss: 0.0118, total loss: 0.0354, anchor loss: 0.0591, VFL train accuracy: 0.9962
2026-04-15 10:46:59,968 - Epoch: 18, 191/274: VFL loss: 0.0118, total loss: 0.0354, anchor loss: 0.0591, VFL train accuracy: 0.9961
2026-04-15 10:47:00,399 - Epoch: 18, 201/274: VFL loss: 0.0119, total loss: 0.0355, anchor loss: 0.0591, VFL train accuracy: 0.9961
2026-04-15 10:47:00,874 - Epoch: 18, 211/274: VFL loss: 0.0122, total loss: 0.0357, anchor loss: 0.0591, VFL train accuracy: 0.9960
2026-04-15 10:47:01,301 - Epoch: 18, 221/274: VFL loss: 0.0124, total loss: 0.0358, anchor loss: 0.0592, VFL train accuracy: 0.9959
2026-04-15 10:47:01,739 - Epoch: 18, 231/274: VFL loss: 0.0126, total loss: 0.0359, anchor loss: 0.0592, VFL train accuracy: 0.9958
2026-04-15 10:47:02,175 - Epoch: 18, 241/274: VFL loss: 0.0128, total loss: 0.0360, anchor loss: 0.0592, VFL train accuracy: 0.9958
2026-04-15 10:47:02,619 - Epoch: 18, 251/274: VFL loss: 0.0131, total loss: 0.0362, anchor loss: 0.0592, VFL train accuracy: 0.9957
2026-04-15 10:47:03,055 - Epoch: 18, 261/274: VFL loss: 0.0134, total loss: 0.0363, anchor loss: 0.0592, VFL train accuracy: 0.9957
2026-04-15 10:47:03,475 - Epoch: 18, 271/274: VFL loss: 0.0136, total loss: 0.0364, anchor loss: 0.0592, VFL train accuracy: 0.9956
2026-04-15 10:47:03,608 - => Recorded Stage 2 client anchor losses for epoch 18 to './results/AVGuard/stage3_static_reliability_ablation_4clients/NUSWIDE_4clients_static_reliability_off\stage2_final_epoch_client_anchor_losses.json': {0: 0.030204, 1: 0.07059, 2: 0.059841, 3: 0.076329}
2026-04-15 10:47:03,608 - => Stage 2 EMA anchor update skipped at epoch 18 because update_freq=5
2026-04-15 10:47:03,608 - => Stage 2 Epoch 18 Training Summary: VFL loss: 0.0137, total loss: 0.0365, anchor loss: 0.0592, VFL train accuracy: 0.9956
2026-04-15 10:47:03,608 - => Test ASR...
2026-04-15 10:47:03,718 - =>Add Trigger to Test Data
2026-04-15 10:47:08,307 - Add Trigger to 37064 Bad Samples, 9629 Clean Samples (1.00)
2026-04-15 10:47:21,545 - => Test Epoch: 18, main task samples: 46693, attack samples: 46693, test loss: 0.9307, clean acc: 0.5997, Top-4: 0.9951, ASR: 0.4082, RAC: 0.4888, test target accuracy: 0.9008, stage3 final accuracy: 0.5997, stage3 final target accuracy: 0.6153, stage3 final asr: 0.4082, anchor loss: 0.0752
2026-04-15 10:47:21,545 - => Stage 3 Detection Summary: recall: 0.7374, precision: 0.1210, f1: 0.2079, false positive rate: 0.4283, correction rate: 0.4532
2026-04-15 10:47:21,545 - => Stage 3 Debug (clean): suspicious=20000/46693, correction_applied=19962, prediction_changed=19962, skipped_tied_vote=0, skipped_low_margin=0, skipped_other=38
2026-04-15 10:47:21,545 - => Stage 3 Debug (poison-valid): suspicious=21819/37064, correction_applied=21817, prediction_changed=21817, skipped_tied_vote=0, skipped_low_margin=0, skipped_other=2
2026-04-15 10:47:21,546 - => Stage 3 Debug (attack-success): suspicious=5060/6862, correction_applied=5059, prediction_changed=5059, corrected_to_true=3110
2026-04-15 10:47:21,546 - => Stage 2 checkpoint score: mean(clean_acc=0.5997, recall=0.7374, correction_rate=0.4532) = 0.5968
2026-04-15 10:47:21,611 - => End Epoch: 18, early stop epochs: 16, best epoch: 2, best clean acc: 0.5871, best Top-4: 0.9964, best ASR: 0.2702, best RAC: 0.6051, anchor loss: 0.0780, best checkpoint score: 0.7178
2026-04-15 10:47:21,611 - => Stage 3 Detection Summary: recall: 0.8799, precision: 0.3602, f1: 0.5111, false positive rate: 0.4276, correction rate: 0.6863
2026-04-15 10:47:21,656 - => LFBA current anchor-derived target label: 3
2026-04-15 10:47:21,739 - =>Add Trigger to Train Data
2026-04-15 10:47:22,258 - Add Trigger to 6996 Bad Samples, 62970 Clean Samples (0.10)
2026-04-15 10:47:22,264 - => Start Training for Injecting Backdoor...
2026-04-15 10:47:22,344 - Epoch: 19, 1/274: VFL loss: 0.0036, total loss: 0.0293, anchor loss: 0.0550, VFL train accuracy: 1.0000
2026-04-15 10:47:23,211 - Epoch: 19, 11/274: VFL loss: 0.0193, total loss: 0.0395, anchor loss: 0.0598, VFL train accuracy: 0.9943
2026-04-15 10:47:23,648 - Epoch: 19, 21/274: VFL loss: 0.0141, total loss: 0.0370, anchor loss: 0.0600, VFL train accuracy: 0.9959
2026-04-15 10:47:24,074 - Epoch: 19, 31/274: VFL loss: 0.0141, total loss: 0.0372, anchor loss: 0.0603, VFL train accuracy: 0.9952
2026-04-15 10:47:24,522 - Epoch: 19, 41/274: VFL loss: 0.0147, total loss: 0.0375, anchor loss: 0.0603, VFL train accuracy: 0.9950
2026-04-15 10:47:24,954 - Epoch: 19, 51/274: VFL loss: 0.0149, total loss: 0.0376, anchor loss: 0.0602, VFL train accuracy: 0.9949
2026-04-15 10:47:25,377 - Epoch: 19, 61/274: VFL loss: 0.0145, total loss: 0.0373, anchor loss: 0.0601, VFL train accuracy: 0.9950
2026-04-15 10:47:25,812 - Epoch: 19, 71/274: VFL loss: 0.0137, total loss: 0.0368, anchor loss: 0.0599, VFL train accuracy: 0.9953
2026-04-15 10:47:26,245 - Epoch: 19, 81/274: VFL loss: 0.0142, total loss: 0.0370, anchor loss: 0.0598, VFL train accuracy: 0.9955
2026-04-15 10:47:26,681 - Epoch: 19, 91/274: VFL loss: 0.0138, total loss: 0.0368, anchor loss: 0.0597, VFL train accuracy: 0.9957
2026-04-15 10:47:27,126 - Epoch: 19, 101/274: VFL loss: 0.0137, total loss: 0.0367, anchor loss: 0.0597, VFL train accuracy: 0.9957
2026-04-15 10:47:27,575 - Epoch: 19, 111/274: VFL loss: 0.0134, total loss: 0.0365, anchor loss: 0.0596, VFL train accuracy: 0.9958
2026-04-15 10:47:27,992 - Epoch: 19, 121/274: VFL loss: 0.0132, total loss: 0.0364, anchor loss: 0.0595, VFL train accuracy: 0.9959
2026-04-15 10:47:28,430 - Epoch: 19, 131/274: VFL loss: 0.0131, total loss: 0.0363, anchor loss: 0.0594, VFL train accuracy: 0.9959
2026-04-15 10:47:29,030 - Epoch: 19, 141/274: VFL loss: 0.0133, total loss: 0.0363, anchor loss: 0.0593, VFL train accuracy: 0.9958
2026-04-15 10:47:29,460 - Epoch: 19, 151/274: VFL loss: 0.0135, total loss: 0.0365, anchor loss: 0.0594, VFL train accuracy: 0.9957
2026-04-15 10:47:29,881 - Epoch: 19, 161/274: VFL loss: 0.0139, total loss: 0.0367, anchor loss: 0.0594, VFL train accuracy: 0.9955
2026-04-15 10:47:30,336 - Epoch: 19, 171/274: VFL loss: 0.0142, total loss: 0.0368, anchor loss: 0.0594, VFL train accuracy: 0.9952
2026-04-15 10:47:30,780 - Epoch: 19, 181/274: VFL loss: 0.0142, total loss: 0.0368, anchor loss: 0.0595, VFL train accuracy: 0.9953
2026-04-15 10:47:31,205 - Epoch: 19, 191/274: VFL loss: 0.0143, total loss: 0.0369, anchor loss: 0.0596, VFL train accuracy: 0.9953
2026-04-15 10:47:31,636 - Epoch: 19, 201/274: VFL loss: 0.0146, total loss: 0.0371, anchor loss: 0.0596, VFL train accuracy: 0.9952
2026-04-15 10:47:32,053 - Epoch: 19, 211/274: VFL loss: 0.0148, total loss: 0.0372, anchor loss: 0.0596, VFL train accuracy: 0.9951
2026-04-15 10:47:32,474 - Epoch: 19, 221/274: VFL loss: 0.0158, total loss: 0.0377, anchor loss: 0.0596, VFL train accuracy: 0.9950
2026-04-15 10:47:32,922 - Epoch: 19, 231/274: VFL loss: 0.0161, total loss: 0.0379, anchor loss: 0.0597, VFL train accuracy: 0.9949
2026-04-15 10:47:33,364 - Epoch: 19, 241/274: VFL loss: 0.0164, total loss: 0.0381, anchor loss: 0.0597, VFL train accuracy: 0.9947
2026-04-15 10:47:33,804 - Epoch: 19, 251/274: VFL loss: 0.0167, total loss: 0.0382, anchor loss: 0.0598, VFL train accuracy: 0.9947
2026-04-15 10:47:34,219 - Epoch: 19, 261/274: VFL loss: 0.0165, total loss: 0.0382, anchor loss: 0.0598, VFL train accuracy: 0.9946
2026-04-15 10:47:34,669 - Epoch: 19, 271/274: VFL loss: 0.0169, total loss: 0.0384, anchor loss: 0.0598, VFL train accuracy: 0.9945
2026-04-15 10:47:34,817 - => Recorded Stage 2 client anchor losses for epoch 19 to './results/AVGuard/stage3_static_reliability_ablation_4clients/NUSWIDE_4clients_static_reliability_off\stage2_final_epoch_client_anchor_losses.json': {0: 0.030308, 1: 0.071181, 2: 0.060294, 3: 0.077479}
2026-04-15 10:47:34,818 - => Stage 2 EMA anchor update skipped at epoch 19 because update_freq=5
2026-04-15 10:47:34,819 - => Stage 2 Epoch 19 Training Summary: VFL loss: 0.0170, total loss: 0.0384, anchor loss: 0.0598, VFL train accuracy: 0.9945
2026-04-15 10:47:34,820 - => Test ASR...
2026-04-15 10:47:34,931 - =>Add Trigger to Test Data
2026-04-15 10:47:39,580 - Add Trigger to 37064 Bad Samples, 9629 Clean Samples (1.00)
2026-04-15 10:47:52,816 - => Test Epoch: 19, main task samples: 46693, attack samples: 46693, test loss: 0.9339, clean acc: 0.5917, Top-4: 0.9955, ASR: 0.4351, RAC: 0.4678, test target accuracy: 0.8847, stage3 final accuracy: 0.5917, stage3 final target accuracy: 0.6044, stage3 final asr: 0.4351, anchor loss: 0.0764
2026-04-15 10:47:52,817 - => Stage 3 Detection Summary: recall: 0.7044, precision: 0.0806, f1: 0.1447, false positive rate: 0.4416, correction rate: 0.4192
2026-04-15 10:47:52,817 - => Stage 3 Debug (clean): suspicious=20620/46693, correction_applied=20567, prediction_changed=20567, skipped_tied_vote=0, skipped_low_margin=0, skipped_other=53
2026-04-15 10:47:52,817 - => Stage 3 Debug (poison-valid): suspicious=22018/37064, correction_applied=22014, prediction_changed=22014, skipped_tied_vote=0, skipped_low_margin=0, skipped_other=4
2026-04-15 10:47:52,817 - => Stage 3 Debug (attack-success): suspicious=3438/4881, correction_applied=3435, prediction_changed=3435, corrected_to_true=2046
2026-04-15 10:47:52,818 - => Stage 2 checkpoint score: mean(clean_acc=0.5917, recall=0.7044, correction_rate=0.4192) = 0.5717
2026-04-15 10:47:52,882 - => End Epoch: 19, early stop epochs: 17, best epoch: 2, best clean acc: 0.5871, best Top-4: 0.9964, best ASR: 0.2702, best RAC: 0.6051, anchor loss: 0.0780, best checkpoint score: 0.7178
2026-04-15 10:47:52,883 - => Stage 3 Detection Summary: recall: 0.8799, precision: 0.3602, f1: 0.5111, false positive rate: 0.4276, correction rate: 0.6863
2026-04-15 10:47:52,929 - => LFBA current anchor-derived target label: 3
2026-04-15 10:47:53,011 - =>Add Trigger to Train Data
2026-04-15 10:47:53,450 - Add Trigger to 6996 Bad Samples, 62970 Clean Samples (0.10)
2026-04-15 10:47:53,455 - => Start Training for Injecting Backdoor...
2026-04-15 10:47:53,520 - Epoch: 20, 1/274: VFL loss: 0.0109, total loss: 0.0357, anchor loss: 0.0604, VFL train accuracy: 0.9961
2026-04-15 10:47:54,314 - Epoch: 20, 11/274: VFL loss: 0.0176, total loss: 0.0383, anchor loss: 0.0590, VFL train accuracy: 0.9929
2026-04-15 10:47:54,764 - Epoch: 20, 21/274: VFL loss: 0.0163, total loss: 0.0374, anchor loss: 0.0586, VFL train accuracy: 0.9933
2026-04-15 10:47:55,196 - Epoch: 20, 31/274: VFL loss: 0.0170, total loss: 0.0378, anchor loss: 0.0586, VFL train accuracy: 0.9938
2026-04-15 10:47:55,639 - Epoch: 20, 41/274: VFL loss: 0.0169, total loss: 0.0380, anchor loss: 0.0590, VFL train accuracy: 0.9938
2026-04-15 10:47:56,094 - Epoch: 20, 51/274: VFL loss: 0.0172, total loss: 0.0381, anchor loss: 0.0591, VFL train accuracy: 0.9937
2026-04-15 10:47:56,539 - Epoch: 20, 61/274: VFL loss: 0.0178, total loss: 0.0386, anchor loss: 0.0593, VFL train accuracy: 0.9937
2026-04-15 10:47:56,954 - Epoch: 20, 71/274: VFL loss: 0.0175, total loss: 0.0384, anchor loss: 0.0593, VFL train accuracy: 0.9939
2026-04-15 10:47:57,378 - Epoch: 20, 81/274: VFL loss: 0.0185, total loss: 0.0390, anchor loss: 0.0595, VFL train accuracy: 0.9940
2026-04-15 10:47:57,803 - Epoch: 20, 91/274: VFL loss: 0.0181, total loss: 0.0388, anchor loss: 0.0596, VFL train accuracy: 0.9941
2026-04-15 10:47:58,245 - Epoch: 20, 101/274: VFL loss: 0.0177, total loss: 0.0387, anchor loss: 0.0596, VFL train accuracy: 0.9941
2026-04-15 10:47:58,706 - Epoch: 20, 111/274: VFL loss: 0.0183, total loss: 0.0390, anchor loss: 0.0597, VFL train accuracy: 0.9940
2026-04-15 10:47:59,139 - Epoch: 20, 121/274: VFL loss: 0.0177, total loss: 0.0387, anchor loss: 0.0596, VFL train accuracy: 0.9941
2026-04-15 10:47:59,573 - Epoch: 20, 131/274: VFL loss: 0.0174, total loss: 0.0385, anchor loss: 0.0596, VFL train accuracy: 0.9944
2026-04-15 10:47:59,998 - Epoch: 20, 141/274: VFL loss: 0.0167, total loss: 0.0382, anchor loss: 0.0597, VFL train accuracy: 0.9946
2026-04-15 10:48:00,425 - Epoch: 20, 151/274: VFL loss: 0.0167, total loss: 0.0382, anchor loss: 0.0597, VFL train accuracy: 0.9946
2026-04-15 10:48:00,866 - Epoch: 20, 161/274: VFL loss: 0.0164, total loss: 0.0380, anchor loss: 0.0596, VFL train accuracy: 0.9947
2026-04-15 10:48:01,289 - Epoch: 20, 171/274: VFL loss: 0.0164, total loss: 0.0380, anchor loss: 0.0596, VFL train accuracy: 0.9947
2026-04-15 10:48:01,727 - Epoch: 20, 181/274: VFL loss: 0.0163, total loss: 0.0379, anchor loss: 0.0595, VFL train accuracy: 0.9946
2026-04-15 10:48:02,152 - Epoch: 20, 191/274: VFL loss: 0.0163, total loss: 0.0379, anchor loss: 0.0595, VFL train accuracy: 0.9946
2026-04-15 10:48:02,585 - Epoch: 20, 201/274: VFL loss: 0.0166, total loss: 0.0381, anchor loss: 0.0595, VFL train accuracy: 0.9946
2026-04-15 10:48:03,011 - Epoch: 20, 211/274: VFL loss: 0.0172, total loss: 0.0384, anchor loss: 0.0596, VFL train accuracy: 0.9944
2026-04-15 10:48:03,450 - Epoch: 20, 221/274: VFL loss: 0.0173, total loss: 0.0385, anchor loss: 0.0597, VFL train accuracy: 0.9943
2026-04-15 10:48:03,872 - Epoch: 20, 231/274: VFL loss: 0.0178, total loss: 0.0388, anchor loss: 0.0597, VFL train accuracy: 0.9942
2026-04-15 10:48:04,312 - Epoch: 20, 241/274: VFL loss: 0.0181, total loss: 0.0389, anchor loss: 0.0597, VFL train accuracy: 0.9941
2026-04-15 10:48:04,749 - Epoch: 20, 251/274: VFL loss: 0.0184, total loss: 0.0391, anchor loss: 0.0597, VFL train accuracy: 0.9941
2026-04-15 10:48:05,170 - Epoch: 20, 261/274: VFL loss: 0.0186, total loss: 0.0392, anchor loss: 0.0598, VFL train accuracy: 0.9939
2026-04-15 10:48:05,615 - Epoch: 20, 271/274: VFL loss: 0.0192, total loss: 0.0396, anchor loss: 0.0599, VFL train accuracy: 0.9937
2026-04-15 10:48:05,752 - => Recorded Stage 2 client anchor losses for epoch 20 to './results/AVGuard/stage3_static_reliability_ablation_4clients/NUSWIDE_4clients_static_reliability_off\stage2_final_epoch_client_anchor_losses.json': {0: 0.030837, 1: 0.071574, 2: 0.060334, 3: 0.076675}
2026-04-15 10:48:05,759 - => Stage 2 EMA anchor update applied at epoch 20 with momentum 0.9950: updated classes per client {0: 5, 1: 5, 2: 5, 3: 5}
2026-04-15 10:48:05,759 - => Stage 2 Epoch 20 Training Summary: VFL loss: 0.0196, total loss: 0.0398, anchor loss: 0.0599, VFL train accuracy: 0.9936
2026-04-15 10:48:05,760 - => Test ASR...
2026-04-15 10:48:05,868 - =>Add Trigger to Test Data
2026-04-15 10:48:10,498 - Add Trigger to 37064 Bad Samples, 9629 Clean Samples (1.00)
2026-04-15 10:48:23,888 - => Test Epoch: 20, main task samples: 46693, attack samples: 46693, test loss: 1.0237, clean acc: 0.5894, Top-4: 0.9956, ASR: 0.4204, RAC: 0.4586, test target accuracy: 0.8954, stage3 final accuracy: 0.5894, stage3 final target accuracy: 0.6030, stage3 final asr: 0.4204, anchor loss: 0.0766
2026-04-15 10:48:23,889 - => Stage 3 Detection Summary: recall: 0.7122, precision: 0.0784, f1: 0.1413, false positive rate: 0.4438, correction rate: 0.4237
2026-04-15 10:48:23,889 - => Stage 3 Debug (clean): suspicious=20721/46693, correction_applied=20681, prediction_changed=20681, skipped_tied_vote=0, skipped_low_margin=0, skipped_other=40
2026-04-15 10:48:23,889 - => Stage 3 Debug (poison-valid): suspicious=22728/37064, correction_applied=22723, prediction_changed=22723, skipped_tied_vote=0, skipped_low_margin=0, skipped_other=5
2026-04-15 10:48:23,889 - => Stage 3 Debug (attack-success): suspicious=3407/4784, correction_applied=3405, prediction_changed=3405, corrected_to_true=2027
2026-04-15 10:48:23,890 - => Stage 2 checkpoint score: mean(clean_acc=0.5894, recall=0.7122, correction_rate=0.4237) = 0.5751
2026-04-15 10:48:23,960 - => End Epoch: 20, early stop epochs: 18, best epoch: 2, best clean acc: 0.5871, best Top-4: 0.9964, best ASR: 0.2702, best RAC: 0.6051, anchor loss: 0.0780, best checkpoint score: 0.7178
2026-04-15 10:48:23,960 - => Stage 3 Detection Summary: recall: 0.8799, precision: 0.3602, f1: 0.5111, false positive rate: 0.4276, correction rate: 0.6863
2026-04-15 10:48:23,999 - => LFBA current anchor-derived target label: 3
2026-04-15 10:48:24,081 - =>Add Trigger to Train Data
2026-04-15 10:48:24,500 - Add Trigger to 6996 Bad Samples, 62970 Clean Samples (0.10)
2026-04-15 10:48:24,504 - => Start Training for Injecting Backdoor...
2026-04-15 10:48:24,557 - Epoch: 21, 1/274: VFL loss: 0.0044, total loss: 0.0315, anchor loss: 0.0585, VFL train accuracy: 1.0000
2026-04-15 10:48:25,267 - Epoch: 21, 11/274: VFL loss: 0.0127, total loss: 0.0365, anchor loss: 0.0603, VFL train accuracy: 0.9961
2026-04-15 10:48:25,725 - Epoch: 21, 21/274: VFL loss: 0.0120, total loss: 0.0361, anchor loss: 0.0601, VFL train accuracy: 0.9965
2026-04-15 10:48:26,164 - Epoch: 21, 31/274: VFL loss: 0.0104, total loss: 0.0351, anchor loss: 0.0598, VFL train accuracy: 0.9971
2026-04-15 10:48:26,588 - Epoch: 21, 41/274: VFL loss: 0.0102, total loss: 0.0349, anchor loss: 0.0597, VFL train accuracy: 0.9970
2026-04-15 10:48:27,032 - Epoch: 21, 51/274: VFL loss: 0.0096, total loss: 0.0347, anchor loss: 0.0598, VFL train accuracy: 0.9971
2026-04-15 10:48:27,473 - Epoch: 21, 61/274: VFL loss: 0.0094, total loss: 0.0344, anchor loss: 0.0594, VFL train accuracy: 0.9972
2026-04-15 10:48:27,892 - Epoch: 21, 71/274: VFL loss: 0.0094, total loss: 0.0343, anchor loss: 0.0592, VFL train accuracy: 0.9971
2026-04-15 10:48:28,351 - Epoch: 21, 81/274: VFL loss: 0.0094, total loss: 0.0344, anchor loss: 0.0594, VFL train accuracy: 0.9971
2026-04-15 10:48:28,786 - Epoch: 21, 91/274: VFL loss: 0.0094, total loss: 0.0344, anchor loss: 0.0594, VFL train accuracy: 0.9970
2026-04-15 10:48:29,208 - Epoch: 21, 101/274: VFL loss: 0.0089, total loss: 0.0341, anchor loss: 0.0593, VFL train accuracy: 0.9973
2026-04-15 10:48:29,652 - Epoch: 21, 111/274: VFL loss: 0.0090, total loss: 0.0341, anchor loss: 0.0592, VFL train accuracy: 0.9971
2026-04-15 10:48:30,078 - Epoch: 21, 121/274: VFL loss: 0.0098, total loss: 0.0345, anchor loss: 0.0592, VFL train accuracy: 0.9970
2026-04-15 10:48:30,478 - Epoch: 21, 131/274: VFL loss: 0.0099, total loss: 0.0345, anchor loss: 0.0592, VFL train accuracy: 0.9971
2026-04-15 10:48:30,921 - Epoch: 21, 141/274: VFL loss: 0.0098, total loss: 0.0345, anchor loss: 0.0592, VFL train accuracy: 0.9971
2026-04-15 10:48:31,348 - Epoch: 21, 151/274: VFL loss: 0.0097, total loss: 0.0344, anchor loss: 0.0590, VFL train accuracy: 0.9971
2026-04-15 10:48:31,785 - Epoch: 21, 161/274: VFL loss: 0.0095, total loss: 0.0342, anchor loss: 0.0589, VFL train accuracy: 0.9971
2026-04-15 10:48:32,211 - Epoch: 21, 171/274: VFL loss: 0.0093, total loss: 0.0340, anchor loss: 0.0588, VFL train accuracy: 0.9972
2026-04-15 10:48:32,654 - Epoch: 21, 181/274: VFL loss: 0.0093, total loss: 0.0340, anchor loss: 0.0587, VFL train accuracy: 0.9972
2026-04-15 10:48:33,077 - Epoch: 21, 191/274: VFL loss: 0.0091, total loss: 0.0338, anchor loss: 0.0586, VFL train accuracy: 0.9973
2026-04-15 10:48:33,519 - Epoch: 21, 201/274: VFL loss: 0.0089, total loss: 0.0338, anchor loss: 0.0586, VFL train accuracy: 0.9974
2026-04-15 10:48:33,962 - Epoch: 21, 211/274: VFL loss: 0.0088, total loss: 0.0337, anchor loss: 0.0585, VFL train accuracy: 0.9974
2026-04-15 10:48:34,410 - Epoch: 21, 221/274: VFL loss: 0.0089, total loss: 0.0336, anchor loss: 0.0584, VFL train accuracy: 0.9974
2026-04-15 10:48:34,834 - Epoch: 21, 231/274: VFL loss: 0.0087, total loss: 0.0335, anchor loss: 0.0584, VFL train accuracy: 0.9974
2026-04-15 10:48:35,258 - Epoch: 21, 241/274: VFL loss: 0.0084, total loss: 0.0334, anchor loss: 0.0583, VFL train accuracy: 0.9975
2026-04-15 10:48:35,700 - Epoch: 21, 251/274: VFL loss: 0.0085, total loss: 0.0334, anchor loss: 0.0583, VFL train accuracy: 0.9975
2026-04-15 10:48:36,115 - Epoch: 21, 261/274: VFL loss: 0.0085, total loss: 0.0333, anchor loss: 0.0582, VFL train accuracy: 0.9975
2026-04-15 10:48:36,534 - Epoch: 21, 271/274: VFL loss: 0.0083, total loss: 0.0333, anchor loss: 0.0582, VFL train accuracy: 0.9976
2026-04-15 10:48:36,685 - => Recorded Stage 2 client anchor losses for epoch 21 to './results/AVGuard/stage3_static_reliability_ablation_4clients/NUSWIDE_4clients_static_reliability_off\stage2_final_epoch_client_anchor_losses.json': {0: 0.028544, 1: 0.069833, 2: 0.059337, 3: 0.075037}
2026-04-15 10:48:36,686 - => Stage 2 EMA anchor update skipped at epoch 21 because update_freq=5
2026-04-15 10:48:36,686 - => Stage 2 Epoch 21 Training Summary: VFL loss: 0.0083, total loss: 0.0332, anchor loss: 0.0582, VFL train accuracy: 0.9976
2026-04-15 10:48:36,686 - => Test ASR...
2026-04-15 10:48:36,795 - =>Add Trigger to Test Data
2026-04-15 10:48:41,355 - Add Trigger to 37064 Bad Samples, 9629 Clean Samples (1.00)
2026-04-15 10:48:54,578 - => Test Epoch: 21, main task samples: 46693, attack samples: 46693, test loss: 0.9493, clean acc: 0.5990, Top-4: 0.9959, ASR: 0.4308, RAC: 0.4680, test target accuracy: 0.8862, stage3 final accuracy: 0.5990, stage3 final target accuracy: 0.5957, stage3 final asr: 0.4308, anchor loss: 0.0742
2026-04-15 10:48:54,578 - => Stage 3 Detection Summary: recall: 0.7003, precision: 0.0726, f1: 0.1316, false positive rate: 0.4295, correction rate: 0.4080
2026-04-15 10:48:54,580 - => Stage 3 Debug (clean): suspicious=20055/46693, correction_applied=20022, prediction_changed=20022, skipped_tied_vote=0, skipped_low_margin=0, skipped_other=33
2026-04-15 10:48:54,580 - => Stage 3 Debug (poison-valid): suspicious=21781/37064, correction_applied=21779, prediction_changed=21779, skipped_tied_vote=0, skipped_low_margin=0, skipped_other=2
2026-04-15 10:48:54,580 - => Stage 3 Debug (attack-success): suspicious=3038/4338, correction_applied=3037, prediction_changed=3037, corrected_to_true=1770
2026-04-15 10:48:54,580 - => Stage 2 checkpoint score: mean(clean_acc=0.5990, recall=0.7003, correction_rate=0.4080) = 0.5691
2026-04-15 10:48:54,648 - => End Epoch: 21, early stop epochs: 19, best epoch: 2, best clean acc: 0.5871, best Top-4: 0.9964, best ASR: 0.2702, best RAC: 0.6051, anchor loss: 0.0780, best checkpoint score: 0.7178
2026-04-15 10:48:54,648 - => Stage 3 Detection Summary: recall: 0.8799, precision: 0.3602, f1: 0.5111, false positive rate: 0.4276, correction rate: 0.6863
2026-04-15 10:48:54,692 - => LFBA current anchor-derived target label: 3
2026-04-15 10:48:54,775 - =>Add Trigger to Train Data
2026-04-15 10:48:55,204 - Add Trigger to 6996 Bad Samples, 62970 Clean Samples (0.10)
2026-04-15 10:48:55,207 - => Start Training for Injecting Backdoor...
2026-04-15 10:48:55,272 - Epoch: 22, 1/274: VFL loss: 0.0014, total loss: 0.0284, anchor loss: 0.0554, VFL train accuracy: 1.0000
2026-04-15 10:48:55,978 - Epoch: 22, 11/274: VFL loss: 0.0023, total loss: 0.0302, anchor loss: 0.0580, VFL train accuracy: 0.9993
2026-04-15 10:48:56,408 - Epoch: 22, 21/274: VFL loss: 0.0024, total loss: 0.0299, anchor loss: 0.0574, VFL train accuracy: 0.9996
2026-04-15 10:48:56,852 - Epoch: 22, 31/274: VFL loss: 0.0024, total loss: 0.0298, anchor loss: 0.0572, VFL train accuracy: 0.9995
2026-04-15 10:48:57,282 - Epoch: 22, 41/274: VFL loss: 0.0024, total loss: 0.0300, anchor loss: 0.0576, VFL train accuracy: 0.9995
2026-04-15 10:48:57,714 - Epoch: 22, 51/274: VFL loss: 0.0025, total loss: 0.0300, anchor loss: 0.0575, VFL train accuracy: 0.9995
2026-04-15 10:48:58,143 - Epoch: 22, 61/274: VFL loss: 0.0025, total loss: 0.0300, anchor loss: 0.0574, VFL train accuracy: 0.9995
2026-04-15 10:48:58,570 - Epoch: 22, 71/274: VFL loss: 0.0029, total loss: 0.0301, anchor loss: 0.0573, VFL train accuracy: 0.9994
2026-04-15 10:48:59,006 - Epoch: 22, 81/274: VFL loss: 0.0029, total loss: 0.0301, anchor loss: 0.0572, VFL train accuracy: 0.9995
2026-04-15 10:48:59,432 - Epoch: 22, 91/274: VFL loss: 0.0029, total loss: 0.0301, anchor loss: 0.0572, VFL train accuracy: 0.9995
2026-04-15 10:48:59,875 - Epoch: 22, 101/274: VFL loss: 0.0030, total loss: 0.0301, anchor loss: 0.0571, VFL train accuracy: 0.9995
2026-04-15 10:49:00,304 - Epoch: 22, 111/274: VFL loss: 0.0029, total loss: 0.0301, anchor loss: 0.0572, VFL train accuracy: 0.9994
2026-04-15 10:49:00,894 - Epoch: 22, 121/274: VFL loss: 0.0030, total loss: 0.0301, anchor loss: 0.0573, VFL train accuracy: 0.9994
2026-04-15 10:49:01,338 - Epoch: 22, 131/274: VFL loss: 0.0030, total loss: 0.0301, anchor loss: 0.0573, VFL train accuracy: 0.9994
2026-04-15 10:49:01,767 - Epoch: 22, 141/274: VFL loss: 0.0029, total loss: 0.0301, anchor loss: 0.0573, VFL train accuracy: 0.9994
2026-04-15 10:49:02,193 - Epoch: 22, 151/274: VFL loss: 0.0028, total loss: 0.0300, anchor loss: 0.0572, VFL train accuracy: 0.9995
2026-04-15 10:49:02,618 - Epoch: 22, 161/274: VFL loss: 0.0032, total loss: 0.0302, anchor loss: 0.0571, VFL train accuracy: 0.9994
2026-04-15 10:49:03,040 - Epoch: 22, 171/274: VFL loss: 0.0032, total loss: 0.0302, anchor loss: 0.0572, VFL train accuracy: 0.9994
2026-04-15 10:49:03,486 - Epoch: 22, 181/274: VFL loss: 0.0031, total loss: 0.0301, anchor loss: 0.0571, VFL train accuracy: 0.9994
2026-04-15 10:49:03,915 - Epoch: 22, 191/274: VFL loss: 0.0031, total loss: 0.0301, anchor loss: 0.0571, VFL train accuracy: 0.9994
2026-04-15 10:49:04,349 - Epoch: 22, 201/274: VFL loss: 0.0031, total loss: 0.0301, anchor loss: 0.0571, VFL train accuracy: 0.9995
2026-04-15 10:49:04,776 - Epoch: 22, 211/274: VFL loss: 0.0031, total loss: 0.0300, anchor loss: 0.0570, VFL train accuracy: 0.9995
2026-04-15 10:49:05,208 - Epoch: 22, 221/274: VFL loss: 0.0030, total loss: 0.0300, anchor loss: 0.0570, VFL train accuracy: 0.9995
2026-04-15 10:49:05,629 - Epoch: 22, 231/274: VFL loss: 0.0030, total loss: 0.0299, anchor loss: 0.0569, VFL train accuracy: 0.9995
2026-04-15 10:49:06,054 - Epoch: 22, 241/274: VFL loss: 0.0029, total loss: 0.0299, anchor loss: 0.0569, VFL train accuracy: 0.9995
2026-04-15 10:49:06,496 - Epoch: 22, 251/274: VFL loss: 0.0029, total loss: 0.0299, anchor loss: 0.0569, VFL train accuracy: 0.9995
2026-04-15 10:49:06,935 - Epoch: 22, 261/274: VFL loss: 0.0030, total loss: 0.0300, anchor loss: 0.0569, VFL train accuracy: 0.9995
2026-04-15 10:49:07,354 - Epoch: 22, 271/274: VFL loss: 0.0030, total loss: 0.0299, anchor loss: 0.0569, VFL train accuracy: 0.9995
2026-04-15 10:49:07,492 - => Recorded Stage 2 client anchor losses for epoch 22 to './results/AVGuard/stage3_static_reliability_ablation_4clients/NUSWIDE_4clients_static_reliability_off\stage2_final_epoch_client_anchor_losses.json': {0: 0.027065, 1: 0.068405, 2: 0.058476, 3: 0.07362}
2026-04-15 10:49:07,494 - => Stage 2 EMA anchor update skipped at epoch 22 because update_freq=5
2026-04-15 10:49:07,494 - => Stage 2 Epoch 22 Training Summary: VFL loss: 0.0030, total loss: 0.0300, anchor loss: 0.0569, VFL train accuracy: 0.9995
2026-04-15 10:49:07,494 - => Test ASR...
2026-04-15 10:49:07,602 - =>Add Trigger to Test Data
2026-04-15 10:49:12,175 - Add Trigger to 37064 Bad Samples, 9629 Clean Samples (1.00)
2026-04-15 10:49:24,352 - => Test Epoch: 22, main task samples: 46693, attack samples: 46693, test loss: 0.9719, clean acc: 0.6008, Top-4: 0.9959, ASR: 0.4356, RAC: 0.4682, test target accuracy: 0.8793, stage3 final accuracy: 0.6008, stage3 final target accuracy: 0.5959, stage3 final asr: 0.4356, anchor loss: 0.0737
2026-04-15 10:49:24,353 - => Stage 3 Detection Summary: recall: 0.6830, precision: 0.0643, f1: 0.1175, false positive rate: 0.4270, correction rate: 0.3983
2026-04-15 10:49:24,353 - => Stage 3 Debug (clean): suspicious=19939/46693, correction_applied=19891, prediction_changed=19891, skipped_tied_vote=0, skipped_low_margin=0, skipped_other=48
2026-04-15 10:49:24,353 - => Stage 3 Debug (poison-valid): suspicious=21614/37064, correction_applied=21612, prediction_changed=21612, skipped_tied_vote=0, skipped_low_margin=0, skipped_other=2
2026-04-15 10:49:24,353 - => Stage 3 Debug (attack-success): suspicious=2670/3909, correction_applied=2668, prediction_changed=2668, corrected_to_true=1557
2026-04-15 10:49:24,354 - => Stage 2 checkpoint score: mean(clean_acc=0.6008, recall=0.6830, correction_rate=0.3983) = 0.5607
2026-04-15 10:49:24,427 - => End Epoch: 22, early stop epochs: 20, best epoch: 2, best clean acc: 0.5871, best Top-4: 0.9964, best ASR: 0.2702, best RAC: 0.6051, anchor loss: 0.0780, best checkpoint score: 0.7178
2026-04-15 10:49:24,427 - => Stage 3 Detection Summary: recall: 0.8799, precision: 0.3602, f1: 0.5111, false positive rate: 0.4276, correction rate: 0.6863
2026-04-15 10:49:24,464 - => LFBA current anchor-derived target label: 3
2026-04-15 10:49:24,543 - =>Add Trigger to Train Data
2026-04-15 10:49:25,009 - Add Trigger to 6996 Bad Samples, 62970 Clean Samples (0.10)
2026-04-15 10:49:25,012 - => Start Training for Injecting Backdoor...
2026-04-15 10:49:25,059 - Epoch: 23, 1/274: VFL loss: 0.0013, total loss: 0.0281, anchor loss: 0.0549, VFL train accuracy: 1.0000
2026-04-15 10:49:25,565 - Epoch: 23, 11/274: VFL loss: 0.0013, total loss: 0.0288, anchor loss: 0.0563, VFL train accuracy: 1.0000
2026-04-15 10:49:25,910 - Epoch: 23, 21/274: VFL loss: 0.0013, total loss: 0.0285, anchor loss: 0.0558, VFL train accuracy: 1.0000
2026-04-15 10:49:26,284 - Epoch: 23, 31/274: VFL loss: 0.0014, total loss: 0.0287, anchor loss: 0.0560, VFL train accuracy: 1.0000
2026-04-15 10:49:26,621 - Epoch: 23, 41/274: VFL loss: 0.0019, total loss: 0.0291, anchor loss: 0.0563, VFL train accuracy: 0.9999
2026-04-15 10:49:26,963 - Epoch: 23, 51/274: VFL loss: 0.0019, total loss: 0.0292, anchor loss: 0.0565, VFL train accuracy: 0.9998
2026-04-15 10:49:27,309 - Epoch: 23, 61/274: VFL loss: 0.0019, total loss: 0.0293, anchor loss: 0.0567, VFL train accuracy: 0.9999
2026-04-15 10:49:27,645 - Epoch: 23, 71/274: VFL loss: 0.0019, total loss: 0.0293, anchor loss: 0.0567, VFL train accuracy: 0.9999
2026-04-15 10:49:28,003 - Epoch: 23, 81/274: VFL loss: 0.0021, total loss: 0.0293, anchor loss: 0.0566, VFL train accuracy: 0.9999
2026-04-15 10:49:28,416 - Epoch: 23, 91/274: VFL loss: 0.0020, total loss: 0.0293, anchor loss: 0.0565, VFL train accuracy: 0.9998
2026-04-15 10:49:28,815 - Epoch: 23, 101/274: VFL loss: 0.0021, total loss: 0.0293, anchor loss: 0.0565, VFL train accuracy: 0.9998
2026-04-15 10:49:29,230 - Epoch: 23, 111/274: VFL loss: 0.0021, total loss: 0.0293, anchor loss: 0.0566, VFL train accuracy: 0.9998
2026-04-15 10:49:29,630 - Epoch: 23, 121/274: VFL loss: 0.0021, total loss: 0.0293, anchor loss: 0.0566, VFL train accuracy: 0.9998
2026-04-15 10:49:30,046 - Epoch: 23, 131/274: VFL loss: 0.0021, total loss: 0.0293, anchor loss: 0.0565, VFL train accuracy: 0.9998
2026-04-15 10:49:30,512 - Epoch: 23, 141/274: VFL loss: 0.0020, total loss: 0.0292, anchor loss: 0.0565, VFL train accuracy: 0.9998
2026-04-15 10:49:30,948 - Epoch: 23, 151/274: VFL loss: 0.0020, total loss: 0.0293, anchor loss: 0.0565, VFL train accuracy: 0.9998
2026-04-15 10:49:31,334 - Epoch: 23, 161/274: VFL loss: 0.0020, total loss: 0.0293, anchor loss: 0.0565, VFL train accuracy: 0.9998
2026-04-15 10:49:31,724 - Epoch: 23, 171/274: VFL loss: 0.0019, total loss: 0.0293, anchor loss: 0.0566, VFL train accuracy: 0.9998
2026-04-15 10:49:32,082 - Epoch: 23, 181/274: VFL loss: 0.0019, total loss: 0.0293, anchor loss: 0.0566, VFL train accuracy: 0.9998
2026-04-15 10:49:32,450 - Epoch: 23, 191/274: VFL loss: 0.0019, total loss: 0.0293, anchor loss: 0.0566, VFL train accuracy: 0.9998
2026-04-15 10:49:32,816 - Epoch: 23, 201/274: VFL loss: 0.0020, total loss: 0.0293, anchor loss: 0.0566, VFL train accuracy: 0.9998
2026-04-15 10:49:33,178 - Epoch: 23, 211/274: VFL loss: 0.0020, total loss: 0.0293, anchor loss: 0.0566, VFL train accuracy: 0.9998
2026-04-15 10:49:33,532 - Epoch: 23, 221/274: VFL loss: 0.0019, total loss: 0.0293, anchor loss: 0.0566, VFL train accuracy: 0.9998
2026-04-15 10:49:33,891 - Epoch: 23, 231/274: VFL loss: 0.0019, total loss: 0.0292, anchor loss: 0.0566, VFL train accuracy: 0.9998
2026-04-15 10:49:34,267 - Epoch: 23, 241/274: VFL loss: 0.0019, total loss: 0.0292, anchor loss: 0.0566, VFL train accuracy: 0.9998
2026-04-15 10:49:34,665 - Epoch: 23, 251/274: VFL loss: 0.0019, total loss: 0.0292, anchor loss: 0.0566, VFL train accuracy: 0.9998
2026-04-15 10:49:35,059 - Epoch: 23, 261/274: VFL loss: 0.0019, total loss: 0.0292, anchor loss: 0.0565, VFL train accuracy: 0.9998
2026-04-15 10:49:35,408 - Epoch: 23, 271/274: VFL loss: 0.0019, total loss: 0.0292, anchor loss: 0.0565, VFL train accuracy: 0.9998
2026-04-15 10:49:35,521 - => Recorded Stage 2 client anchor losses for epoch 23 to './results/AVGuard/stage3_static_reliability_ablation_4clients/NUSWIDE_4clients_static_reliability_off\stage2_final_epoch_client_anchor_losses.json': {0: 0.026365, 1: 0.067842, 2: 0.058117, 3: 0.073531}
2026-04-15 10:49:35,521 - => Stage 2 EMA anchor update skipped at epoch 23 because update_freq=5
2026-04-15 10:49:35,521 - => Stage 2 Epoch 23 Training Summary: VFL loss: 0.0020, total loss: 0.0292, anchor loss: 0.0564, VFL train accuracy: 0.9998
2026-04-15 10:49:35,522 - => Test ASR...
2026-04-15 10:49:35,849 - =>Add Trigger to Test Data
2026-04-15 10:49:39,730 - Add Trigger to 37064 Bad Samples, 9629 Clean Samples (1.00)
2026-04-15 10:49:50,540 - => Test Epoch: 23, main task samples: 46693, attack samples: 46693, test loss: 1.0025, clean acc: 0.6021, Top-4: 0.9959, ASR: 0.4410, RAC: 0.4701, test target accuracy: 0.8807, stage3 final accuracy: 0.6021, stage3 final target accuracy: 0.6008, stage3 final asr: 0.4410, anchor loss: 0.0733
2026-04-15 10:49:50,540 - => Stage 3 Detection Summary: recall: 0.6827, precision: 0.0656, f1: 0.1197, false positive rate: 0.4248, correction rate: 0.3978
2026-04-15 10:49:50,540 - => Stage 3 Debug (clean): suspicious=19835/46693, correction_applied=19789, prediction_changed=19789, skipped_tied_vote=0, skipped_low_margin=0, skipped_other=46
2026-04-15 10:49:50,540 - => Stage 3 Debug (poison-valid): suspicious=21538/37064, correction_applied=21535, prediction_changed=21535, skipped_tied_vote=0, skipped_low_margin=0, skipped_other=3
2026-04-15 10:49:50,541 - => Stage 3 Debug (attack-success): suspicious=2713/3974, correction_applied=2712, prediction_changed=2712, corrected_to_true=1581
2026-04-15 10:49:50,541 - => Stage 2 checkpoint score: mean(clean_acc=0.6021, recall=0.6827, correction_rate=0.3978) = 0.5609
2026-04-15 10:49:50,592 - => End Epoch: 23, early stop epochs: 21, best epoch: 2, best clean acc: 0.5871, best Top-4: 0.9964, best ASR: 0.2702, best RAC: 0.6051, anchor loss: 0.0780, best checkpoint score: 0.7178
2026-04-15 10:49:50,593 - => Stage 3 Detection Summary: recall: 0.8799, precision: 0.3602, f1: 0.5111, false positive rate: 0.4276, correction rate: 0.6863
2026-04-15 10:49:50,628 - => LFBA current anchor-derived target label: 3
2026-04-15 10:49:50,915 - =>Add Trigger to Train Data
2026-04-15 10:49:51,517 - Add Trigger to 6996 Bad Samples, 62970 Clean Samples (0.10)
2026-04-15 10:49:51,520 - => Start Training for Injecting Backdoor...
2026-04-15 10:49:51,598 - Epoch: 24, 1/274: VFL loss: 0.0138, total loss: 0.0347, anchor loss: 0.0556, VFL train accuracy: 0.9961
2026-04-15 10:49:52,196 - Epoch: 24, 11/274: VFL loss: 0.0024, total loss: 0.0293, anchor loss: 0.0562, VFL train accuracy: 0.9996
2026-04-15 10:49:52,547 - Epoch: 24, 21/274: VFL loss: 0.0019, total loss: 0.0290, anchor loss: 0.0562, VFL train accuracy: 0.9998
2026-04-15 10:49:52,941 - Epoch: 24, 31/274: VFL loss: 0.0018, total loss: 0.0289, anchor loss: 0.0560, VFL train accuracy: 0.9997
2026-04-15 10:49:53,334 - Epoch: 24, 41/274: VFL loss: 0.0017, total loss: 0.0290, anchor loss: 0.0562, VFL train accuracy: 0.9997
2026-04-15 10:49:53,685 - Epoch: 24, 51/274: VFL loss: 0.0016, total loss: 0.0290, anchor loss: 0.0564, VFL train accuracy: 0.9998
2026-04-15 10:49:54,034 - Epoch: 24, 61/274: VFL loss: 0.0018, total loss: 0.0291, anchor loss: 0.0564, VFL train accuracy: 0.9997
2026-04-15 10:49:54,355 - Epoch: 24, 71/274: VFL loss: 0.0018, total loss: 0.0290, anchor loss: 0.0563, VFL train accuracy: 0.9998
2026-04-15 10:49:54,679 - Epoch: 24, 81/274: VFL loss: 0.0018, total loss: 0.0291, anchor loss: 0.0564, VFL train accuracy: 0.9998
2026-04-15 10:49:55,041 - Epoch: 24, 91/274: VFL loss: 0.0019, total loss: 0.0291, anchor loss: 0.0564, VFL train accuracy: 0.9997
2026-04-15 10:49:55,366 - Epoch: 24, 101/274: VFL loss: 0.0018, total loss: 0.0291, anchor loss: 0.0564, VFL train accuracy: 0.9998
2026-04-15 10:49:55,656 - Epoch: 24, 111/274: VFL loss: 0.0017, total loss: 0.0291, anchor loss: 0.0564, VFL train accuracy: 0.9998
2026-04-15 10:49:55,972 - Epoch: 24, 121/274: VFL loss: 0.0018, total loss: 0.0291, anchor loss: 0.0564, VFL train accuracy: 0.9997
2026-04-15 10:49:56,277 - Epoch: 24, 131/274: VFL loss: 0.0017, total loss: 0.0290, anchor loss: 0.0562, VFL train accuracy: 0.9998
2026-04-15 10:49:56,580 - Epoch: 24, 141/274: VFL loss: 0.0017, total loss: 0.0290, anchor loss: 0.0562, VFL train accuracy: 0.9998
2026-04-15 10:49:56,900 - Epoch: 24, 151/274: VFL loss: 0.0017, total loss: 0.0290, anchor loss: 0.0563, VFL train accuracy: 0.9998
2026-04-15 10:49:57,187 - Epoch: 24, 161/274: VFL loss: 0.0016, total loss: 0.0289, anchor loss: 0.0562, VFL train accuracy: 0.9998
2026-04-15 10:49:57,499 - Epoch: 24, 171/274: VFL loss: 0.0016, total loss: 0.0289, anchor loss: 0.0562, VFL train accuracy: 0.9998
2026-04-15 10:49:57,788 - Epoch: 24, 181/274: VFL loss: 0.0016, total loss: 0.0289, anchor loss: 0.0562, VFL train accuracy: 0.9998
2026-04-15 10:49:58,079 - Epoch: 24, 191/274: VFL loss: 0.0016, total loss: 0.0289, anchor loss: 0.0562, VFL train accuracy: 0.9998
2026-04-15 10:49:58,378 - Epoch: 24, 201/274: VFL loss: 0.0015, total loss: 0.0289, anchor loss: 0.0562, VFL train accuracy: 0.9998
2026-04-15 10:49:58,674 - Epoch: 24, 211/274: VFL loss: 0.0015, total loss: 0.0288, anchor loss: 0.0561, VFL train accuracy: 0.9998
2026-04-15 10:49:59,002 - Epoch: 24, 221/274: VFL loss: 0.0015, total loss: 0.0288, anchor loss: 0.0561, VFL train accuracy: 0.9998
2026-04-15 10:49:59,298 - Epoch: 24, 231/274: VFL loss: 0.0015, total loss: 0.0288, anchor loss: 0.0560, VFL train accuracy: 0.9998
2026-04-15 10:49:59,602 - Epoch: 24, 241/274: VFL loss: 0.0015, total loss: 0.0288, anchor loss: 0.0560, VFL train accuracy: 0.9998
2026-04-15 10:49:59,908 - Epoch: 24, 251/274: VFL loss: 0.0015, total loss: 0.0287, anchor loss: 0.0560, VFL train accuracy: 0.9998
2026-04-15 10:50:00,224 - Epoch: 24, 261/274: VFL loss: 0.0015, total loss: 0.0287, anchor loss: 0.0560, VFL train accuracy: 0.9999
2026-04-15 10:50:00,527 - Epoch: 24, 271/274: VFL loss: 0.0015, total loss: 0.0287, anchor loss: 0.0560, VFL train accuracy: 0.9999
2026-04-15 10:50:00,637 - => Recorded Stage 2 client anchor losses for epoch 24 to './results/AVGuard/stage3_static_reliability_ablation_4clients/NUSWIDE_4clients_static_reliability_off\stage2_final_epoch_client_anchor_losses.json': {0: 0.025782, 1: 0.067352, 2: 0.057861, 3: 0.072908}
2026-04-15 10:50:00,637 - => Stage 2 EMA anchor update skipped at epoch 24 because update_freq=5
2026-04-15 10:50:00,638 - => Stage 2 Epoch 24 Training Summary: VFL loss: 0.0015, total loss: 0.0287, anchor loss: 0.0560, VFL train accuracy: 0.9999
2026-04-15 10:50:00,638 - => Test ASR...
2026-04-15 10:50:00,750 - =>Add Trigger to Test Data
2026-04-15 10:50:03,649 - Add Trigger to 37064 Bad Samples, 9629 Clean Samples (1.00)
2026-04-15 10:50:13,596 - => Test Epoch: 24, main task samples: 46693, attack samples: 46693, test loss: 1.0270, clean acc: 0.6039, Top-4: 0.9959, ASR: 0.4451, RAC: 0.4706, test target accuracy: 0.8836, stage3 final accuracy: 0.6039, stage3 final target accuracy: 0.6057, stage3 final asr: 0.4451, anchor loss: 0.0730
2026-04-15 10:50:13,596 - => Stage 3 Detection Summary: recall: 0.6735, precision: 0.0649, f1: 0.1184, false positive rate: 0.4224, correction rate: 0.3853
2026-04-15 10:50:13,596 - => Stage 3 Debug (clean): suspicious=19724/46693, correction_applied=19678, prediction_changed=19678, skipped_tied_vote=0, skipped_low_margin=0, skipped_other=46
2026-04-15 10:50:13,598 - => Stage 3 Debug (poison-valid): suspicious=21439/37064, correction_applied=21437, prediction_changed=21437, skipped_tied_vote=0, skipped_low_margin=0, skipped_other=2
2026-04-15 10:50:13,598 - => Stage 3 Debug (attack-success): suspicious=2671/3966, correction_applied=2671, prediction_changed=2671, corrected_to_true=1528
2026-04-15 10:50:13,598 - => Stage 2 checkpoint score: mean(clean_acc=0.6039, recall=0.6735, correction_rate=0.3853) = 0.5542
2026-04-15 10:50:13,657 - => End Epoch: 24, early stop epochs: 22, best epoch: 2, best clean acc: 0.5871, best Top-4: 0.9964, best ASR: 0.2702, best RAC: 0.6051, anchor loss: 0.0780, best checkpoint score: 0.7178
2026-04-15 10:50:13,657 - => Stage 3 Detection Summary: recall: 0.8799, precision: 0.3602, f1: 0.5111, false positive rate: 0.4276, correction rate: 0.6863
2026-04-15 10:50:13,692 - => LFBA current anchor-derived target label: 3
2026-04-15 10:50:13,792 - =>Add Trigger to Train Data
2026-04-15 10:50:14,138 - Add Trigger to 6996 Bad Samples, 62970 Clean Samples (0.10)
2026-04-15 10:50:14,141 - => Start Training for Injecting Backdoor...
2026-04-15 10:50:14,198 - Epoch: 25, 1/274: VFL loss: 0.0006, total loss: 0.0281, anchor loss: 0.0556, VFL train accuracy: 1.0000
2026-04-15 10:50:14,863 - Epoch: 25, 11/274: VFL loss: 0.0013, total loss: 0.0284, anchor loss: 0.0555, VFL train accuracy: 1.0000
2026-04-15 10:50:15,300 - Epoch: 25, 21/274: VFL loss: 0.0011, total loss: 0.0286, anchor loss: 0.0561, VFL train accuracy: 1.0000
2026-04-15 10:50:15,699 - Epoch: 25, 31/274: VFL loss: 0.0011, total loss: 0.0288, anchor loss: 0.0565, VFL train accuracy: 1.0000
2026-04-15 10:50:16,200 - Epoch: 25, 41/274: VFL loss: 0.0011, total loss: 0.0287, anchor loss: 0.0562, VFL train accuracy: 1.0000
2026-04-15 10:50:16,615 - Epoch: 25, 51/274: VFL loss: 0.0010, total loss: 0.0286, anchor loss: 0.0562, VFL train accuracy: 1.0000
2026-04-15 10:50:17,022 - Epoch: 25, 61/274: VFL loss: 0.0011, total loss: 0.0287, anchor loss: 0.0562, VFL train accuracy: 0.9999
2026-04-15 10:50:17,386 - Epoch: 25, 71/274: VFL loss: 0.0012, total loss: 0.0286, anchor loss: 0.0561, VFL train accuracy: 0.9999
2026-04-15 10:50:17,737 - Epoch: 25, 81/274: VFL loss: 0.0012, total loss: 0.0286, anchor loss: 0.0560, VFL train accuracy: 0.9999
2026-04-15 10:50:18,102 - Epoch: 25, 91/274: VFL loss: 0.0012, total loss: 0.0286, anchor loss: 0.0560, VFL train accuracy: 0.9999
2026-04-15 10:50:18,424 - Epoch: 25, 101/274: VFL loss: 0.0012, total loss: 0.0286, anchor loss: 0.0560, VFL train accuracy: 0.9999
2026-04-15 10:50:18,923 - Epoch: 25, 111/274: VFL loss: 0.0012, total loss: 0.0286, anchor loss: 0.0561, VFL train accuracy: 0.9999
2026-04-15 10:50:19,270 - Epoch: 25, 121/274: VFL loss: 0.0011, total loss: 0.0286, anchor loss: 0.0560, VFL train accuracy: 0.9999
2026-04-15 10:50:19,600 - Epoch: 25, 131/274: VFL loss: 0.0011, total loss: 0.0285, anchor loss: 0.0559, VFL train accuracy: 0.9999
2026-04-15 10:50:19,985 - Epoch: 25, 141/274: VFL loss: 0.0011, total loss: 0.0285, anchor loss: 0.0559, VFL train accuracy: 0.9999
2026-04-15 10:50:20,303 - Epoch: 25, 151/274: VFL loss: 0.0011, total loss: 0.0285, anchor loss: 0.0559, VFL train accuracy: 0.9999
2026-04-15 10:50:20,636 - Epoch: 25, 161/274: VFL loss: 0.0011, total loss: 0.0285, anchor loss: 0.0559, VFL train accuracy: 0.9999
2026-04-15 10:50:20,977 - Epoch: 25, 171/274: VFL loss: 0.0011, total loss: 0.0285, anchor loss: 0.0558, VFL train accuracy: 0.9999
2026-04-15 10:50:21,330 - Epoch: 25, 181/274: VFL loss: 0.0011, total loss: 0.0285, anchor loss: 0.0559, VFL train accuracy: 0.9999
2026-04-15 10:50:21,675 - Epoch: 25, 191/274: VFL loss: 0.0011, total loss: 0.0285, anchor loss: 0.0558, VFL train accuracy: 0.9999
2026-04-15 10:50:22,047 - Epoch: 25, 201/274: VFL loss: 0.0011, total loss: 0.0285, anchor loss: 0.0558, VFL train accuracy: 0.9999
2026-04-15 10:50:22,504 - Epoch: 25, 211/274: VFL loss: 0.0011, total loss: 0.0284, anchor loss: 0.0557, VFL train accuracy: 0.9999
2026-04-15 10:50:22,932 - Epoch: 25, 221/274: VFL loss: 0.0011, total loss: 0.0284, anchor loss: 0.0556, VFL train accuracy: 0.9999
2026-04-15 10:50:23,336 - Epoch: 25, 231/274: VFL loss: 0.0011, total loss: 0.0284, anchor loss: 0.0557, VFL train accuracy: 0.9999
2026-04-15 10:50:23,753 - Epoch: 25, 241/274: VFL loss: 0.0011, total loss: 0.0284, anchor loss: 0.0557, VFL train accuracy: 0.9999
2026-04-15 10:50:24,171 - Epoch: 25, 251/274: VFL loss: 0.0011, total loss: 0.0284, anchor loss: 0.0557, VFL train accuracy: 0.9999
2026-04-15 10:50:24,591 - Epoch: 25, 261/274: VFL loss: 0.0011, total loss: 0.0284, anchor loss: 0.0557, VFL train accuracy: 0.9999
2026-04-15 10:50:25,003 - Epoch: 25, 271/274: VFL loss: 0.0011, total loss: 0.0284, anchor loss: 0.0556, VFL train accuracy: 0.9999
2026-04-15 10:50:25,143 - => Recorded Stage 2 client anchor losses for epoch 25 to './results/AVGuard/stage3_static_reliability_ablation_4clients/NUSWIDE_4clients_static_reliability_off\stage2_final_epoch_client_anchor_losses.json': {0: 0.025247, 1: 0.066935, 2: 0.057655, 3: 0.072793}
2026-04-15 10:50:25,152 - => Stage 2 EMA anchor update applied at epoch 25 with momentum 0.9950: updated classes per client {0: 5, 1: 5, 2: 5, 3: 5}
2026-04-15 10:50:25,152 - => Stage 2 Epoch 25 Training Summary: VFL loss: 0.0011, total loss: 0.0284, anchor loss: 0.0557, VFL train accuracy: 0.9999
2026-04-15 10:50:25,152 - => Test ASR...
2026-04-15 10:50:25,261 - =>Add Trigger to Test Data
2026-04-15 10:50:29,390 - Add Trigger to 37064 Bad Samples, 9629 Clean Samples (1.00)
2026-04-15 10:50:42,386 - => Test Epoch: 25, main task samples: 46693, attack samples: 46693, test loss: 1.0570, clean acc: 0.6063, Top-4: 0.9957, ASR: 0.4438, RAC: 0.4711, test target accuracy: 0.8816, stage3 final accuracy: 0.6063, stage3 final target accuracy: 0.6034, stage3 final asr: 0.4438, anchor loss: 0.0724
2026-04-15 10:50:42,387 - => Stage 3 Detection Summary: recall: 0.6715, precision: 0.0627, f1: 0.1148, false positive rate: 0.4205, correction rate: 0.3782
2026-04-15 10:50:42,387 - => Stage 3 Debug (clean): suspicious=19635/46693, correction_applied=19603, prediction_changed=19603, skipped_tied_vote=0, skipped_low_margin=0, skipped_other=32
2026-04-15 10:50:42,387 - => Stage 3 Debug (poison-valid): suspicious=21341/37064, correction_applied=21340, prediction_changed=21340, skipped_tied_vote=0, skipped_low_margin=0, skipped_other=1
2026-04-15 10:50:42,387 - => Stage 3 Debug (attack-success): suspicious=2571/3829, correction_applied=2571, prediction_changed=2571, corrected_to_true=1448
2026-04-15 10:50:42,388 - => Stage 2 checkpoint score: mean(clean_acc=0.6063, recall=0.6715, correction_rate=0.3782) = 0.5520
2026-04-15 10:50:42,470 - => End Epoch: 25, early stop epochs: 23, best epoch: 2, best clean acc: 0.5871, best Top-4: 0.9964, best ASR: 0.2702, best RAC: 0.6051, anchor loss: 0.0780, best checkpoint score: 0.7178
2026-04-15 10:50:42,470 - => Stage 3 Detection Summary: recall: 0.8799, precision: 0.3602, f1: 0.5111, false positive rate: 0.4276, correction rate: 0.6863
2026-04-15 10:50:42,517 - => LFBA current anchor-derived target label: 3
2026-04-15 10:50:42,596 - =>Add Trigger to Train Data
2026-04-15 10:50:43,099 - Add Trigger to 6996 Bad Samples, 62970 Clean Samples (0.10)
2026-04-15 10:50:43,102 - => Start Training for Injecting Backdoor...
2026-04-15 10:50:43,222 - Epoch: 26, 1/274: VFL loss: 0.0008, total loss: 0.0308, anchor loss: 0.0609, VFL train accuracy: 1.0000
2026-04-15 10:50:43,916 - Epoch: 26, 11/274: VFL loss: 0.0009, total loss: 0.0283, anchor loss: 0.0556, VFL train accuracy: 1.0000
2026-04-15 10:50:44,368 - Epoch: 26, 21/274: VFL loss: 0.0008, total loss: 0.0281, anchor loss: 0.0555, VFL train accuracy: 1.0000
2026-04-15 10:50:44,799 - Epoch: 26, 31/274: VFL loss: 0.0008, total loss: 0.0280, anchor loss: 0.0553, VFL train accuracy: 1.0000
2026-04-15 10:50:45,240 - Epoch: 26, 41/274: VFL loss: 0.0007, total loss: 0.0280, anchor loss: 0.0553, VFL train accuracy: 1.0000
2026-04-15 10:50:45,649 - Epoch: 26, 51/274: VFL loss: 0.0007, total loss: 0.0280, anchor loss: 0.0553, VFL train accuracy: 1.0000
2026-04-15 10:50:46,051 - Epoch: 26, 61/274: VFL loss: 0.0007, total loss: 0.0280, anchor loss: 0.0553, VFL train accuracy: 1.0000
2026-04-15 10:50:46,478 - Epoch: 26, 71/274: VFL loss: 0.0008, total loss: 0.0280, anchor loss: 0.0553, VFL train accuracy: 1.0000
2026-04-15 10:50:46,905 - Epoch: 26, 81/274: VFL loss: 0.0008, total loss: 0.0281, anchor loss: 0.0553, VFL train accuracy: 1.0000
2026-04-15 10:50:47,304 - Epoch: 26, 91/274: VFL loss: 0.0008, total loss: 0.0281, anchor loss: 0.0554, VFL train accuracy: 1.0000
2026-04-15 10:50:47,718 - Epoch: 26, 101/274: VFL loss: 0.0008, total loss: 0.0280, anchor loss: 0.0553, VFL train accuracy: 1.0000
2026-04-15 10:50:48,161 - Epoch: 26, 111/274: VFL loss: 0.0009, total loss: 0.0281, anchor loss: 0.0552, VFL train accuracy: 0.9999
2026-04-15 10:50:48,566 - Epoch: 26, 121/274: VFL loss: 0.0010, total loss: 0.0281, anchor loss: 0.0552, VFL train accuracy: 0.9999
2026-04-15 10:50:48,980 - Epoch: 26, 131/274: VFL loss: 0.0010, total loss: 0.0281, anchor loss: 0.0552, VFL train accuracy: 0.9999
2026-04-15 10:50:49,414 - Epoch: 26, 141/274: VFL loss: 0.0009, total loss: 0.0281, anchor loss: 0.0552, VFL train accuracy: 0.9999
2026-04-15 10:50:49,871 - Epoch: 26, 151/274: VFL loss: 0.0009, total loss: 0.0281, anchor loss: 0.0552, VFL train accuracy: 0.9999
2026-04-15 10:50:50,317 - Epoch: 26, 161/274: VFL loss: 0.0009, total loss: 0.0281, anchor loss: 0.0552, VFL train accuracy: 0.9999
2026-04-15 10:50:50,753 - Epoch: 26, 171/274: VFL loss: 0.0009, total loss: 0.0281, anchor loss: 0.0552, VFL train accuracy: 0.9999
2026-04-15 10:50:51,203 - Epoch: 26, 181/274: VFL loss: 0.0009, total loss: 0.0280, anchor loss: 0.0552, VFL train accuracy: 0.9999
2026-04-15 10:50:51,642 - Epoch: 26, 191/274: VFL loss: 0.0009, total loss: 0.0280, anchor loss: 0.0551, VFL train accuracy: 0.9999
2026-04-15 10:50:52,077 - Epoch: 26, 201/274: VFL loss: 0.0009, total loss: 0.0279, anchor loss: 0.0550, VFL train accuracy: 0.9999
2026-04-15 10:50:52,534 - Epoch: 26, 211/274: VFL loss: 0.0009, total loss: 0.0279, anchor loss: 0.0550, VFL train accuracy: 0.9999
2026-04-15 10:50:52,966 - Epoch: 26, 221/274: VFL loss: 0.0009, total loss: 0.0279, anchor loss: 0.0550, VFL train accuracy: 0.9999
2026-04-15 10:50:53,415 - Epoch: 26, 231/274: VFL loss: 0.0009, total loss: 0.0280, anchor loss: 0.0550, VFL train accuracy: 0.9999
2026-04-15 10:50:53,857 - Epoch: 26, 241/274: VFL loss: 0.0009, total loss: 0.0279, anchor loss: 0.0550, VFL train accuracy: 1.0000
2026-04-15 10:50:54,296 - Epoch: 26, 251/274: VFL loss: 0.0009, total loss: 0.0280, anchor loss: 0.0550, VFL train accuracy: 0.9999
2026-04-15 10:50:54,755 - Epoch: 26, 261/274: VFL loss: 0.0009, total loss: 0.0279, anchor loss: 0.0550, VFL train accuracy: 0.9999
2026-04-15 10:50:55,202 - Epoch: 26, 271/274: VFL loss: 0.0009, total loss: 0.0279, anchor loss: 0.0550, VFL train accuracy: 0.9999
2026-04-15 10:50:55,345 - => Recorded Stage 2 client anchor losses for epoch 26 to './results/AVGuard/stage3_static_reliability_ablation_4clients/NUSWIDE_4clients_static_reliability_off\stage2_final_epoch_client_anchor_losses.json': {0: 0.024677, 1: 0.066193, 2: 0.057118, 3: 0.071955}
2026-04-15 10:50:55,345 - => Stage 2 EMA anchor update skipped at epoch 26 because update_freq=5
2026-04-15 10:50:55,346 - => Stage 2 Epoch 26 Training Summary: VFL loss: 0.0009, total loss: 0.0279, anchor loss: 0.0550, VFL train accuracy: 0.9999
2026-04-15 10:50:55,346 - => Test ASR...
2026-04-15 10:50:55,457 - =>Add Trigger to Test Data
2026-04-15 10:50:59,802 - Add Trigger to 37064 Bad Samples, 9629 Clean Samples (1.00)
2026-04-15 10:51:13,621 - => Test Epoch: 26, main task samples: 46693, attack samples: 46693, test loss: 1.0805, clean acc: 0.6068, Top-4: 0.9957, ASR: 0.4464, RAC: 0.4718, test target accuracy: 0.8822, stage3 final accuracy: 0.6068, stage3 final target accuracy: 0.6088, stage3 final asr: 0.4464, anchor loss: 0.0722
2026-04-15 10:51:13,621 - => Stage 3 Detection Summary: recall: 0.6684, precision: 0.0627, f1: 0.1146, false positive rate: 0.4197, correction rate: 0.3738
2026-04-15 10:51:13,621 - => Stage 3 Debug (clean): suspicious=19595/46693, correction_applied=19550, prediction_changed=19550, skipped_tied_vote=0, skipped_low_margin=0, skipped_other=45
2026-04-15 10:51:13,622 - => Stage 3 Debug (poison-valid): suspicious=21328/37064, correction_applied=21326, prediction_changed=21326, skipped_tied_vote=0, skipped_low_margin=0, skipped_other=2
2026-04-15 10:51:13,622 - => Stage 3 Debug (attack-success): suspicious=2564/3836, correction_applied=2562, prediction_changed=2562, corrected_to_true=1434
2026-04-15 10:51:13,623 - => Stage 2 checkpoint score: mean(clean_acc=0.6068, recall=0.6684, correction_rate=0.3738) = 0.5497
2026-04-15 10:51:13,716 - => End Epoch: 26, early stop epochs: 24, best epoch: 2, best clean acc: 0.5871, best Top-4: 0.9964, best ASR: 0.2702, best RAC: 0.6051, anchor loss: 0.0780, best checkpoint score: 0.7178
2026-04-15 10:51:13,716 - => Stage 3 Detection Summary: recall: 0.8799, precision: 0.3602, f1: 0.5111, false positive rate: 0.4276, correction rate: 0.6863
2026-04-15 10:51:13,791 - => LFBA current anchor-derived target label: 3
2026-04-15 10:51:13,885 - =>Add Trigger to Train Data
2026-04-15 10:51:14,589 - Add Trigger to 6996 Bad Samples, 62970 Clean Samples (0.10)
2026-04-15 10:51:14,594 - => Start Training for Injecting Backdoor...
2026-04-15 10:51:14,656 - Epoch: 27, 1/274: VFL loss: 0.0006, total loss: 0.0279, anchor loss: 0.0553, VFL train accuracy: 1.0000
2026-04-15 10:51:15,399 - Epoch: 27, 11/274: VFL loss: 0.0006, total loss: 0.0276, anchor loss: 0.0546, VFL train accuracy: 1.0000
2026-04-15 10:51:15,846 - Epoch: 27, 21/274: VFL loss: 0.0006, total loss: 0.0280, anchor loss: 0.0554, VFL train accuracy: 1.0000
2026-04-15 10:51:16,335 - Epoch: 27, 31/274: VFL loss: 0.0006, total loss: 0.0276, anchor loss: 0.0545, VFL train accuracy: 1.0000
2026-04-15 10:51:16,788 - Epoch: 27, 41/274: VFL loss: 0.0006, total loss: 0.0276, anchor loss: 0.0546, VFL train accuracy: 1.0000
2026-04-15 10:51:17,227 - Epoch: 27, 51/274: VFL loss: 0.0007, total loss: 0.0279, anchor loss: 0.0551, VFL train accuracy: 1.0000
2026-04-15 10:51:17,652 - Epoch: 27, 61/274: VFL loss: 0.0007, total loss: 0.0279, anchor loss: 0.0551, VFL train accuracy: 1.0000
2026-04-15 10:51:18,085 - Epoch: 27, 71/274: VFL loss: 0.0007, total loss: 0.0279, anchor loss: 0.0551, VFL train accuracy: 1.0000
2026-04-15 10:51:18,528 - Epoch: 27, 81/274: VFL loss: 0.0007, total loss: 0.0278, anchor loss: 0.0550, VFL train accuracy: 1.0000
2026-04-15 10:51:18,976 - Epoch: 27, 91/274: VFL loss: 0.0007, total loss: 0.0278, anchor loss: 0.0549, VFL train accuracy: 1.0000
2026-04-15 10:51:19,394 - Epoch: 27, 101/274: VFL loss: 0.0006, total loss: 0.0277, anchor loss: 0.0547, VFL train accuracy: 1.0000
2026-04-15 10:51:19,814 - Epoch: 27, 111/274: VFL loss: 0.0007, total loss: 0.0277, anchor loss: 0.0547, VFL train accuracy: 1.0000
2026-04-15 10:51:20,239 - Epoch: 27, 121/274: VFL loss: 0.0006, total loss: 0.0276, anchor loss: 0.0546, VFL train accuracy: 1.0000
2026-04-15 10:51:20,655 - Epoch: 27, 131/274: VFL loss: 0.0006, total loss: 0.0276, anchor loss: 0.0546, VFL train accuracy: 1.0000
2026-04-15 10:51:21,073 - Epoch: 27, 141/274: VFL loss: 0.0006, total loss: 0.0276, anchor loss: 0.0546, VFL train accuracy: 1.0000
2026-04-15 10:51:21,529 - Epoch: 27, 151/274: VFL loss: 0.0007, total loss: 0.0276, anchor loss: 0.0546, VFL train accuracy: 1.0000
2026-04-15 10:51:21,981 - Epoch: 27, 161/274: VFL loss: 0.0007, total loss: 0.0277, anchor loss: 0.0548, VFL train accuracy: 1.0000
2026-04-15 10:51:22,437 - Epoch: 27, 171/274: VFL loss: 0.0007, total loss: 0.0277, anchor loss: 0.0547, VFL train accuracy: 1.0000
2026-04-15 10:51:22,873 - Epoch: 27, 181/274: VFL loss: 0.0008, total loss: 0.0277, anchor loss: 0.0546, VFL train accuracy: 1.0000
2026-04-15 10:51:23,303 - Epoch: 27, 191/274: VFL loss: 0.0008, total loss: 0.0277, anchor loss: 0.0546, VFL train accuracy: 1.0000
2026-04-15 10:51:23,760 - Epoch: 27, 201/274: VFL loss: 0.0008, total loss: 0.0277, anchor loss: 0.0546, VFL train accuracy: 1.0000
2026-04-15 10:51:24,207 - Epoch: 27, 211/274: VFL loss: 0.0008, total loss: 0.0277, anchor loss: 0.0547, VFL train accuracy: 1.0000
2026-04-15 10:51:24,655 - Epoch: 27, 221/274: VFL loss: 0.0008, total loss: 0.0277, anchor loss: 0.0547, VFL train accuracy: 1.0000
2026-04-15 10:51:25,087 - Epoch: 27, 231/274: VFL loss: 0.0008, total loss: 0.0277, anchor loss: 0.0547, VFL train accuracy: 1.0000
2026-04-15 10:51:25,526 - Epoch: 27, 241/274: VFL loss: 0.0008, total loss: 0.0277, anchor loss: 0.0547, VFL train accuracy: 1.0000
2026-04-15 10:51:25,953 - Epoch: 27, 251/274: VFL loss: 0.0008, total loss: 0.0277, anchor loss: 0.0547, VFL train accuracy: 1.0000
2026-04-15 10:51:26,403 - Epoch: 27, 261/274: VFL loss: 0.0008, total loss: 0.0277, anchor loss: 0.0547, VFL train accuracy: 1.0000
2026-04-15 10:51:26,838 - Epoch: 27, 271/274: VFL loss: 0.0008, total loss: 0.0277, anchor loss: 0.0547, VFL train accuracy: 1.0000
2026-04-15 10:51:26,973 - => Recorded Stage 2 client anchor losses for epoch 27 to './results/AVGuard/stage3_static_reliability_ablation_4clients/NUSWIDE_4clients_static_reliability_off\stage2_final_epoch_client_anchor_losses.json': {0: 0.02416, 1: 0.065812, 2: 0.05695, 3: 0.071907}
2026-04-15 10:51:26,974 - => Stage 2 EMA anchor update skipped at epoch 27 because update_freq=5
2026-04-15 10:51:26,974 - => Stage 2 Epoch 27 Training Summary: VFL loss: 0.0008, total loss: 0.0277, anchor loss: 0.0547, VFL train accuracy: 1.0000
2026-04-15 10:51:26,974 - => Test ASR...
2026-04-15 10:51:27,089 - =>Add Trigger to Test Data
2026-04-15 10:51:31,561 - Add Trigger to 37064 Bad Samples, 9629 Clean Samples (1.00)
2026-04-15 10:51:44,855 - => Test Epoch: 27, main task samples: 46693, attack samples: 46693, test loss: 1.1066, clean acc: 0.6080, Top-4: 0.9956, ASR: 0.4475, RAC: 0.4727, test target accuracy: 0.8799, stage3 final accuracy: 0.6080, stage3 final target accuracy: 0.6091, stage3 final asr: 0.4475, anchor loss: 0.0719
2026-04-15 10:51:44,855 - => Stage 3 Detection Summary: recall: 0.6645, precision: 0.0611, f1: 0.1118, false positive rate: 0.4183, correction rate: 0.3683
2026-04-15 10:51:44,855 - => Stage 3 Debug (clean): suspicious=19534/46693, correction_applied=19499, prediction_changed=19499, skipped_tied_vote=0, skipped_low_margin=0, skipped_other=35
2026-04-15 10:51:44,856 - => Stage 3 Debug (poison-valid): suspicious=21245/37064, correction_applied=21242, prediction_changed=21242, skipped_tied_vote=0, skipped_low_margin=0, skipped_other=3
2026-04-15 10:51:44,856 - => Stage 3 Debug (attack-success): suspicious=2490/3747, correction_applied=2488, prediction_changed=2488, corrected_to_true=1380
2026-04-15 10:51:44,856 - => Stage 2 checkpoint score: mean(clean_acc=0.6080, recall=0.6645, correction_rate=0.3683) = 0.5469
2026-04-15 10:51:44,931 - => End Epoch: 27, early stop epochs: 25, best epoch: 2, best clean acc: 0.5871, best Top-4: 0.9964, best ASR: 0.2702, best RAC: 0.6051, anchor loss: 0.0780, best checkpoint score: 0.7178
2026-04-15 10:51:44,932 - => Stage 3 Detection Summary: recall: 0.8799, precision: 0.3602, f1: 0.5111, false positive rate: 0.4276, correction rate: 0.6863
2026-04-15 10:51:44,975 - => LFBA current anchor-derived target label: 3
2026-04-15 10:51:45,055 - =>Add Trigger to Train Data
2026-04-15 10:51:45,482 - Add Trigger to 6996 Bad Samples, 62970 Clean Samples (0.10)
2026-04-15 10:51:45,486 - => Start Training for Injecting Backdoor...
2026-04-15 10:51:45,547 - Epoch: 28, 1/274: VFL loss: 0.0009, total loss: 0.0280, anchor loss: 0.0551, VFL train accuracy: 1.0000
2026-04-15 10:51:46,386 - Epoch: 28, 11/274: VFL loss: 0.0007, total loss: 0.0275, anchor loss: 0.0542, VFL train accuracy: 1.0000
2026-04-15 10:51:46,891 - Epoch: 28, 21/274: VFL loss: 0.0007, total loss: 0.0272, anchor loss: 0.0538, VFL train accuracy: 1.0000
2026-04-15 10:51:47,322 - Epoch: 28, 31/274: VFL loss: 0.0006, total loss: 0.0272, anchor loss: 0.0538, VFL train accuracy: 1.0000
2026-04-15 10:51:47,745 - Epoch: 28, 41/274: VFL loss: 0.0006, total loss: 0.0274, anchor loss: 0.0541, VFL train accuracy: 1.0000
2026-04-15 10:51:48,170 - Epoch: 28, 51/274: VFL loss: 0.0006, total loss: 0.0276, anchor loss: 0.0546, VFL train accuracy: 1.0000
2026-04-15 10:51:48,597 - Epoch: 28, 61/274: VFL loss: 0.0007, total loss: 0.0276, anchor loss: 0.0546, VFL train accuracy: 1.0000
2026-04-15 10:51:49,032 - Epoch: 28, 71/274: VFL loss: 0.0007, total loss: 0.0276, anchor loss: 0.0545, VFL train accuracy: 1.0000
2026-04-15 10:51:49,471 - Epoch: 28, 81/274: VFL loss: 0.0006, total loss: 0.0275, anchor loss: 0.0544, VFL train accuracy: 1.0000
2026-04-15 10:51:50,092 - Epoch: 28, 91/274: VFL loss: 0.0006, total loss: 0.0276, anchor loss: 0.0545, VFL train accuracy: 1.0000
2026-04-15 10:51:50,519 - Epoch: 28, 101/274: VFL loss: 0.0006, total loss: 0.0275, anchor loss: 0.0543, VFL train accuracy: 1.0000
2026-04-15 10:51:50,988 - Epoch: 28, 111/274: VFL loss: 0.0007, total loss: 0.0275, anchor loss: 0.0544, VFL train accuracy: 1.0000
2026-04-15 10:51:51,437 - Epoch: 28, 121/274: VFL loss: 0.0006, total loss: 0.0275, anchor loss: 0.0544, VFL train accuracy: 1.0000
2026-04-15 10:51:51,879 - Epoch: 28, 131/274: VFL loss: 0.0007, total loss: 0.0275, anchor loss: 0.0543, VFL train accuracy: 1.0000
2026-04-15 10:51:52,314 - Epoch: 28, 141/274: VFL loss: 0.0007, total loss: 0.0275, anchor loss: 0.0544, VFL train accuracy: 1.0000
2026-04-15 10:51:52,750 - Epoch: 28, 151/274: VFL loss: 0.0007, total loss: 0.0275, anchor loss: 0.0544, VFL train accuracy: 1.0000
2026-04-15 10:51:53,201 - Epoch: 28, 161/274: VFL loss: 0.0007, total loss: 0.0275, anchor loss: 0.0543, VFL train accuracy: 1.0000
2026-04-15 10:51:53,641 - Epoch: 28, 171/274: VFL loss: 0.0007, total loss: 0.0274, anchor loss: 0.0542, VFL train accuracy: 1.0000
2026-04-15 10:51:54,088 - Epoch: 28, 181/274: VFL loss: 0.0007, total loss: 0.0274, anchor loss: 0.0542, VFL train accuracy: 1.0000
2026-04-15 10:51:54,577 - Epoch: 28, 191/274: VFL loss: 0.0007, total loss: 0.0275, anchor loss: 0.0543, VFL train accuracy: 1.0000
2026-04-15 10:51:55,055 - Epoch: 28, 201/274: VFL loss: 0.0007, total loss: 0.0275, anchor loss: 0.0543, VFL train accuracy: 1.0000
2026-04-15 10:51:55,466 - Epoch: 28, 211/274: VFL loss: 0.0007, total loss: 0.0275, anchor loss: 0.0543, VFL train accuracy: 1.0000
2026-04-15 10:51:55,885 - Epoch: 28, 221/274: VFL loss: 0.0007, total loss: 0.0275, anchor loss: 0.0543, VFL train accuracy: 1.0000
2026-04-15 10:51:56,289 - Epoch: 28, 231/274: VFL loss: 0.0007, total loss: 0.0275, anchor loss: 0.0543, VFL train accuracy: 1.0000
2026-04-15 10:51:56,696 - Epoch: 28, 241/274: VFL loss: 0.0007, total loss: 0.0275, anchor loss: 0.0543, VFL train accuracy: 1.0000
2026-04-15 10:51:57,104 - Epoch: 28, 251/274: VFL loss: 0.0007, total loss: 0.0275, anchor loss: 0.0544, VFL train accuracy: 1.0000
2026-04-15 10:51:57,525 - Epoch: 28, 261/274: VFL loss: 0.0007, total loss: 0.0275, anchor loss: 0.0544, VFL train accuracy: 1.0000
2026-04-15 10:51:57,935 - Epoch: 28, 271/274: VFL loss: 0.0007, total loss: 0.0275, anchor loss: 0.0544, VFL train accuracy: 1.0000
2026-04-15 10:51:58,065 - => Recorded Stage 2 client anchor losses for epoch 28 to './results/AVGuard/stage3_static_reliability_ablation_4clients/NUSWIDE_4clients_static_reliability_off\stage2_final_epoch_client_anchor_losses.json': {0: 0.023663, 1: 0.065468, 2: 0.056804, 3: 0.071474}
2026-04-15 10:51:58,065 - => Stage 2 EMA anchor update skipped at epoch 28 because update_freq=5
2026-04-15 10:51:58,065 - => Stage 2 Epoch 28 Training Summary: VFL loss: 0.0007, total loss: 0.0275, anchor loss: 0.0544, VFL train accuracy: 1.0000
2026-04-15 10:51:58,065 - => Test ASR...
2026-04-15 10:51:58,177 - =>Add Trigger to Test Data
2026-04-15 10:52:02,857 - Add Trigger to 37064 Bad Samples, 9629 Clean Samples (1.00)
2026-04-15 10:52:15,930 - => Test Epoch: 28, main task samples: 46693, attack samples: 46693, test loss: 1.1290, clean acc: 0.6089, Top-4: 0.9956, ASR: 0.4495, RAC: 0.4725, test target accuracy: 0.8800, stage3 final accuracy: 0.6089, stage3 final target accuracy: 0.6117, stage3 final asr: 0.4495, anchor loss: 0.0717
2026-04-15 10:52:15,930 - => Stage 3 Detection Summary: recall: 0.6585, precision: 0.0595, f1: 0.1092, false positive rate: 0.4179, correction rate: 0.3672
2026-04-15 10:52:15,931 - => Stage 3 Debug (clean): suspicious=19515/46693, correction_applied=19477, prediction_changed=19477, skipped_tied_vote=0, skipped_low_margin=0, skipped_other=38
2026-04-15 10:52:15,931 - => Stage 3 Debug (poison-valid): suspicious=21266/37064, correction_applied=21265, prediction_changed=21265, skipped_tied_vote=0, skipped_low_margin=0, skipped_other=1
2026-04-15 10:52:15,931 - => Stage 3 Debug (attack-success): suspicious=2428/3687, correction_applied=2427, prediction_changed=2427, corrected_to_true=1354
2026-04-15 10:52:15,932 - => Stage 2 checkpoint score: mean(clean_acc=0.6089, recall=0.6585, correction_rate=0.3672) = 0.5449
2026-04-15 10:52:16,002 - => End Epoch: 28, early stop epochs: 26, best epoch: 2, best clean acc: 0.5871, best Top-4: 0.9964, best ASR: 0.2702, best RAC: 0.6051, anchor loss: 0.0780, best checkpoint score: 0.7178
2026-04-15 10:52:16,002 - => Stage 3 Detection Summary: recall: 0.8799, precision: 0.3602, f1: 0.5111, false positive rate: 0.4276, correction rate: 0.6863
2026-04-15 10:52:16,045 - => LFBA current anchor-derived target label: 3
2026-04-15 10:52:16,126 - =>Add Trigger to Train Data
2026-04-15 10:52:16,479 - Add Trigger to 6996 Bad Samples, 62970 Clean Samples (0.10)
2026-04-15 10:52:16,483 - => Start Training for Injecting Backdoor...
2026-04-15 10:52:16,539 - Epoch: 29, 1/274: VFL loss: 0.0004, total loss: 0.0266, anchor loss: 0.0528, VFL train accuracy: 1.0000
2026-04-15 10:52:17,355 - Epoch: 29, 11/274: VFL loss: 0.0005, total loss: 0.0280, anchor loss: 0.0555, VFL train accuracy: 1.0000
2026-04-15 10:52:17,894 - Epoch: 29, 21/274: VFL loss: 0.0005, total loss: 0.0275, anchor loss: 0.0545, VFL train accuracy: 1.0000
2026-04-15 10:52:18,410 - Epoch: 29, 31/274: VFL loss: 0.0005, total loss: 0.0274, anchor loss: 0.0542, VFL train accuracy: 1.0000
2026-04-15 10:52:18,928 - Epoch: 29, 41/274: VFL loss: 0.0008, total loss: 0.0276, anchor loss: 0.0544, VFL train accuracy: 0.9999
2026-04-15 10:52:19,357 - Epoch: 29, 51/274: VFL loss: 0.0008, total loss: 0.0276, anchor loss: 0.0544, VFL train accuracy: 0.9999
2026-04-15 10:52:19,790 - Epoch: 29, 61/274: VFL loss: 0.0008, total loss: 0.0276, anchor loss: 0.0544, VFL train accuracy: 0.9999
2026-04-15 10:52:20,225 - Epoch: 29, 71/274: VFL loss: 0.0007, total loss: 0.0276, anchor loss: 0.0544, VFL train accuracy: 0.9999
2026-04-15 10:52:20,650 - Epoch: 29, 81/274: VFL loss: 0.0007, total loss: 0.0276, anchor loss: 0.0545, VFL train accuracy: 1.0000
2026-04-15 10:52:21,086 - Epoch: 29, 91/274: VFL loss: 0.0007, total loss: 0.0276, anchor loss: 0.0545, VFL train accuracy: 1.0000
2026-04-15 10:52:21,527 - Epoch: 29, 101/274: VFL loss: 0.0007, total loss: 0.0276, anchor loss: 0.0545, VFL train accuracy: 1.0000
2026-04-15 10:52:21,962 - Epoch: 29, 111/274: VFL loss: 0.0007, total loss: 0.0276, anchor loss: 0.0545, VFL train accuracy: 1.0000
2026-04-15 10:52:22,395 - Epoch: 29, 121/274: VFL loss: 0.0006, total loss: 0.0276, anchor loss: 0.0546, VFL train accuracy: 1.0000
2026-04-15 10:52:22,817 - Epoch: 29, 131/274: VFL loss: 0.0007, total loss: 0.0276, anchor loss: 0.0545, VFL train accuracy: 1.0000
2026-04-15 10:52:23,241 - Epoch: 29, 141/274: VFL loss: 0.0007, total loss: 0.0276, anchor loss: 0.0545, VFL train accuracy: 1.0000
2026-04-15 10:52:23,680 - Epoch: 29, 151/274: VFL loss: 0.0006, total loss: 0.0275, anchor loss: 0.0544, VFL train accuracy: 1.0000
2026-04-15 10:52:24,097 - Epoch: 29, 161/274: VFL loss: 0.0007, total loss: 0.0275, anchor loss: 0.0544, VFL train accuracy: 1.0000
2026-04-15 10:52:24,539 - Epoch: 29, 171/274: VFL loss: 0.0006, total loss: 0.0274, anchor loss: 0.0543, VFL train accuracy: 1.0000
2026-04-15 10:52:24,977 - Epoch: 29, 181/274: VFL loss: 0.0006, total loss: 0.0274, anchor loss: 0.0542, VFL train accuracy: 1.0000
2026-04-15 10:52:25,412 - Epoch: 29, 191/274: VFL loss: 0.0006, total loss: 0.0274, anchor loss: 0.0542, VFL train accuracy: 1.0000
2026-04-15 10:52:25,860 - Epoch: 29, 201/274: VFL loss: 0.0008, total loss: 0.0275, anchor loss: 0.0542, VFL train accuracy: 1.0000
2026-04-15 10:52:26,326 - Epoch: 29, 211/274: VFL loss: 0.0008, total loss: 0.0274, anchor loss: 0.0541, VFL train accuracy: 1.0000
2026-04-15 10:52:26,763 - Epoch: 29, 221/274: VFL loss: 0.0008, total loss: 0.0274, anchor loss: 0.0541, VFL train accuracy: 1.0000
2026-04-15 10:52:27,230 - Epoch: 29, 231/274: VFL loss: 0.0008, total loss: 0.0275, anchor loss: 0.0542, VFL train accuracy: 1.0000
2026-04-15 10:52:27,676 - Epoch: 29, 241/274: VFL loss: 0.0007, total loss: 0.0274, anchor loss: 0.0541, VFL train accuracy: 1.0000
2026-04-15 10:52:28,140 - Epoch: 29, 251/274: VFL loss: 0.0007, total loss: 0.0274, anchor loss: 0.0541, VFL train accuracy: 1.0000
2026-04-15 10:52:28,576 - Epoch: 29, 261/274: VFL loss: 0.0007, total loss: 0.0274, anchor loss: 0.0541, VFL train accuracy: 1.0000
2026-04-15 10:52:29,018 - Epoch: 29, 271/274: VFL loss: 0.0007, total loss: 0.0274, anchor loss: 0.0541, VFL train accuracy: 1.0000
2026-04-15 10:52:29,163 - => Recorded Stage 2 client anchor losses for epoch 29 to './results/AVGuard/stage3_static_reliability_ablation_4clients/NUSWIDE_4clients_static_reliability_off\stage2_final_epoch_client_anchor_losses.json': {0: 0.023179, 1: 0.065113, 2: 0.05666, 3: 0.071431}
2026-04-15 10:52:29,163 - => Stage 2 EMA anchor update skipped at epoch 29 because update_freq=5
2026-04-15 10:52:29,164 - => Stage 2 Epoch 29 Training Summary: VFL loss: 0.0007, total loss: 0.0274, anchor loss: 0.0541, VFL train accuracy: 1.0000
2026-04-15 10:52:29,164 - => Test ASR...
2026-04-15 10:52:29,277 - =>Add Trigger to Test Data
2026-04-15 10:52:33,755 - Add Trigger to 37064 Bad Samples, 9629 Clean Samples (1.00)
2026-04-15 10:52:47,236 - => Test Epoch: 29, main task samples: 46693, attack samples: 46693, test loss: 1.1566, clean acc: 0.6100, Top-4: 0.9955, ASR: 0.4456, RAC: 0.4713, test target accuracy: 0.8806, stage3 final accuracy: 0.6100, stage3 final target accuracy: 0.6140, stage3 final asr: 0.4456, anchor loss: 0.0716
2026-04-15 10:52:47,236 - => Stage 3 Detection Summary: recall: 0.6321, precision: 0.0514, f1: 0.0950, false positive rate: 0.4162, correction rate: 0.3492
2026-04-15 10:52:47,236 - => Stage 3 Debug (clean): suspicious=19435/46693, correction_applied=19397, prediction_changed=19397, skipped_tied_vote=0, skipped_low_margin=0, skipped_other=38
2026-04-15 10:52:47,236 - => Stage 3 Debug (poison-valid): suspicious=21234/37064, correction_applied=21233, prediction_changed=21233, skipped_tied_vote=0, skipped_low_margin=0, skipped_other=1
2026-04-15 10:52:47,237 - => Stage 3 Debug (attack-success): suspicious=2089/3305, correction_applied=2089, prediction_changed=2089, corrected_to_true=1154
2026-04-15 10:52:47,237 - => Stage 2 checkpoint score: mean(clean_acc=0.6100, recall=0.6321, correction_rate=0.3492) = 0.5304
2026-04-15 10:52:47,300 - => End Epoch: 29, early stop epochs: 27, best epoch: 2, best clean acc: 0.5871, best Top-4: 0.9964, best ASR: 0.2702, best RAC: 0.6051, anchor loss: 0.0780, best checkpoint score: 0.7178
2026-04-15 10:52:47,300 - => Stage 3 Detection Summary: recall: 0.8799, precision: 0.3602, f1: 0.5111, false positive rate: 0.4276, correction rate: 0.6863
2026-04-15 10:52:47,341 - => LFBA current anchor-derived target label: 3
2026-04-15 10:52:47,421 - =>Add Trigger to Train Data
2026-04-15 10:52:47,748 - Add Trigger to 6996 Bad Samples, 62970 Clean Samples (0.10)
2026-04-15 10:52:47,751 - => Start Training for Injecting Backdoor...
2026-04-15 10:52:47,806 - Epoch: 30, 1/274: VFL loss: 0.0003, total loss: 0.0246, anchor loss: 0.0490, VFL train accuracy: 1.0000
2026-04-15 10:52:48,519 - Epoch: 30, 11/274: VFL loss: 0.0004, total loss: 0.0267, anchor loss: 0.0530, VFL train accuracy: 1.0000
2026-04-15 10:52:48,951 - Epoch: 30, 21/274: VFL loss: 0.0006, total loss: 0.0273, anchor loss: 0.0540, VFL train accuracy: 1.0000
2026-04-15 10:52:49,392 - Epoch: 30, 31/274: VFL loss: 0.0005, total loss: 0.0273, anchor loss: 0.0541, VFL train accuracy: 1.0000
2026-04-15 10:52:49,834 - Epoch: 30, 41/274: VFL loss: 0.0005, total loss: 0.0272, anchor loss: 0.0539, VFL train accuracy: 1.0000
2026-04-15 10:52:50,287 - Epoch: 30, 51/274: VFL loss: 0.0005, total loss: 0.0270, anchor loss: 0.0536, VFL train accuracy: 1.0000
2026-04-15 10:52:50,731 - Epoch: 30, 61/274: VFL loss: 0.0005, total loss: 0.0271, anchor loss: 0.0536, VFL train accuracy: 1.0000
2026-04-15 10:52:51,198 - Epoch: 30, 71/274: VFL loss: 0.0005, total loss: 0.0270, anchor loss: 0.0536, VFL train accuracy: 1.0000
2026-04-15 10:52:51,631 - Epoch: 30, 81/274: VFL loss: 0.0005, total loss: 0.0270, anchor loss: 0.0536, VFL train accuracy: 1.0000
2026-04-15 10:52:52,066 - Epoch: 30, 91/274: VFL loss: 0.0005, total loss: 0.0271, anchor loss: 0.0538, VFL train accuracy: 1.0000
2026-04-15 10:52:52,504 - Epoch: 30, 101/274: VFL loss: 0.0005, total loss: 0.0271, anchor loss: 0.0537, VFL train accuracy: 1.0000
2026-04-15 10:52:52,944 - Epoch: 30, 111/274: VFL loss: 0.0005, total loss: 0.0270, anchor loss: 0.0535, VFL train accuracy: 1.0000
2026-04-15 10:52:53,376 - Epoch: 30, 121/274: VFL loss: 0.0005, total loss: 0.0270, anchor loss: 0.0536, VFL train accuracy: 1.0000
2026-04-15 10:52:53,811 - Epoch: 30, 131/274: VFL loss: 0.0004, total loss: 0.0271, anchor loss: 0.0537, VFL train accuracy: 1.0000
2026-04-15 10:52:54,260 - Epoch: 30, 141/274: VFL loss: 0.0004, total loss: 0.0271, anchor loss: 0.0537, VFL train accuracy: 1.0000
2026-04-15 10:52:54,697 - Epoch: 30, 151/274: VFL loss: 0.0004, total loss: 0.0271, anchor loss: 0.0538, VFL train accuracy: 1.0000
2026-04-15 10:52:55,129 - Epoch: 30, 161/274: VFL loss: 0.0005, total loss: 0.0271, anchor loss: 0.0538, VFL train accuracy: 1.0000
2026-04-15 10:52:55,569 - Epoch: 30, 171/274: VFL loss: 0.0005, total loss: 0.0271, anchor loss: 0.0538, VFL train accuracy: 1.0000
2026-04-15 10:52:56,000 - Epoch: 30, 181/274: VFL loss: 0.0005, total loss: 0.0272, anchor loss: 0.0538, VFL train accuracy: 1.0000
2026-04-15 10:52:56,449 - Epoch: 30, 191/274: VFL loss: 0.0005, total loss: 0.0272, anchor loss: 0.0539, VFL train accuracy: 1.0000
2026-04-15 10:52:56,899 - Epoch: 30, 201/274: VFL loss: 0.0005, total loss: 0.0272, anchor loss: 0.0538, VFL train accuracy: 1.0000
2026-04-15 10:52:57,347 - Epoch: 30, 211/274: VFL loss: 0.0005, total loss: 0.0271, anchor loss: 0.0538, VFL train accuracy: 1.0000
2026-04-15 10:52:57,786 - Epoch: 30, 221/274: VFL loss: 0.0005, total loss: 0.0271, anchor loss: 0.0538, VFL train accuracy: 1.0000
2026-04-15 10:52:58,245 - Epoch: 30, 231/274: VFL loss: 0.0005, total loss: 0.0271, anchor loss: 0.0538, VFL train accuracy: 1.0000
2026-04-15 10:52:58,680 - Epoch: 30, 241/274: VFL loss: 0.0005, total loss: 0.0271, anchor loss: 0.0537, VFL train accuracy: 1.0000
2026-04-15 10:52:59,126 - Epoch: 30, 251/274: VFL loss: 0.0005, total loss: 0.0271, anchor loss: 0.0537, VFL train accuracy: 1.0000
2026-04-15 10:52:59,554 - Epoch: 30, 261/274: VFL loss: 0.0005, total loss: 0.0271, anchor loss: 0.0537, VFL train accuracy: 1.0000
2026-04-15 10:52:59,997 - Epoch: 30, 271/274: VFL loss: 0.0005, total loss: 0.0271, anchor loss: 0.0537, VFL train accuracy: 1.0000
2026-04-15 10:53:00,138 - => Recorded Stage 2 client anchor losses for epoch 30 to './results/AVGuard/stage3_static_reliability_ablation_4clients/NUSWIDE_4clients_static_reliability_off\stage2_final_epoch_client_anchor_losses.json': {0: 0.022717, 1: 0.064741, 2: 0.056522, 3: 0.070977}
2026-04-15 10:53:00,149 - => Stage 2 EMA anchor update applied at epoch 30 with momentum 0.9950: updated classes per client {0: 5, 1: 5, 2: 5, 3: 5}
2026-04-15 10:53:00,150 - => Stage 2 Epoch 30 Training Summary: VFL loss: 0.0005, total loss: 0.0271, anchor loss: 0.0537, VFL train accuracy: 1.0000
2026-04-15 10:53:00,150 - => Test ASR...
2026-04-15 10:53:00,265 - =>Add Trigger to Test Data
2026-04-15 10:53:04,832 - Add Trigger to 37064 Bad Samples, 9629 Clean Samples (1.00)
2026-04-15 10:53:17,953 - => Test Epoch: 30, main task samples: 46693, attack samples: 46693, test loss: 1.1758, clean acc: 0.6102, Top-4: 0.9957, ASR: 0.4436, RAC: 0.4733, test target accuracy: 0.8809, stage3 final accuracy: 0.6102, stage3 final target accuracy: 0.6126, stage3 final asr: 0.4436, anchor loss: 0.0711
2026-04-15 10:53:17,954 - => Stage 3 Detection Summary: recall: 0.6415, precision: 0.0529, f1: 0.0977, false positive rate: 0.4155, correction rate: 0.3519
2026-04-15 10:53:17,954 - => Stage 3 Debug (clean): suspicious=19401/46693, correction_applied=19366, prediction_changed=19366, skipped_tied_vote=0, skipped_low_margin=0, skipped_other=35
2026-04-15 10:53:17,954 - => Stage 3 Debug (poison-valid): suspicious=21138/37064, correction_applied=21138, prediction_changed=21138, skipped_tied_vote=0, skipped_low_margin=0, skipped_other=0
2026-04-15 10:53:17,955 - => Stage 3 Debug (attack-success): suspicious=2144/3342, correction_applied=2144, prediction_changed=2144, corrected_to_true=1176
2026-04-15 10:53:17,955 - => Stage 2 checkpoint score: mean(clean_acc=0.6102, recall=0.6415, correction_rate=0.3519) = 0.5345
2026-04-15 10:53:18,019 - => End Epoch: 30, early stop epochs: 28, best epoch: 2, best clean acc: 0.5871, best Top-4: 0.9964, best ASR: 0.2702, best RAC: 0.6051, anchor loss: 0.0780, best checkpoint score: 0.7178
2026-04-15 10:53:18,019 - => Stage 3 Detection Summary: recall: 0.8799, precision: 0.3602, f1: 0.5111, false positive rate: 0.4276, correction rate: 0.6863
2026-04-15 10:53:18,058 - => LFBA current anchor-derived target label: 3
2026-04-15 10:53:18,141 - =>Add Trigger to Train Data
2026-04-15 10:53:18,459 - Add Trigger to 6996 Bad Samples, 62970 Clean Samples (0.10)
2026-04-15 10:53:18,461 - => Start Training for Injecting Backdoor...
2026-04-15 10:53:18,512 - Epoch: 31, 1/274: VFL loss: 0.0002, total loss: 0.0259, anchor loss: 0.0516, VFL train accuracy: 1.0000
2026-04-15 10:53:19,207 - Epoch: 31, 11/274: VFL loss: 0.0004, total loss: 0.0267, anchor loss: 0.0529, VFL train accuracy: 1.0000
2026-04-15 10:53:19,652 - Epoch: 31, 21/274: VFL loss: 0.0005, total loss: 0.0268, anchor loss: 0.0531, VFL train accuracy: 1.0000
2026-04-15 10:53:20,086 - Epoch: 31, 31/274: VFL loss: 0.0004, total loss: 0.0267, anchor loss: 0.0531, VFL train accuracy: 1.0000
2026-04-15 10:53:20,520 - Epoch: 31, 41/274: VFL loss: 0.0004, total loss: 0.0269, anchor loss: 0.0534, VFL train accuracy: 1.0000
2026-04-15 10:53:20,955 - Epoch: 31, 51/274: VFL loss: 0.0004, total loss: 0.0268, anchor loss: 0.0533, VFL train accuracy: 1.0000
2026-04-15 10:53:21,413 - Epoch: 31, 61/274: VFL loss: 0.0004, total loss: 0.0268, anchor loss: 0.0532, VFL train accuracy: 1.0000
2026-04-15 10:53:21,844 - Epoch: 31, 71/274: VFL loss: 0.0004, total loss: 0.0269, anchor loss: 0.0533, VFL train accuracy: 1.0000
2026-04-15 10:53:22,440 - Epoch: 31, 81/274: VFL loss: 0.0004, total loss: 0.0269, anchor loss: 0.0534, VFL train accuracy: 1.0000
2026-04-15 10:53:22,896 - Epoch: 31, 91/274: VFL loss: 0.0004, total loss: 0.0269, anchor loss: 0.0533, VFL train accuracy: 1.0000
2026-04-15 10:53:23,329 - Epoch: 31, 101/274: VFL loss: 0.0004, total loss: 0.0269, anchor loss: 0.0534, VFL train accuracy: 1.0000
2026-04-15 10:53:23,762 - Epoch: 31, 111/274: VFL loss: 0.0004, total loss: 0.0269, anchor loss: 0.0533, VFL train accuracy: 1.0000
2026-04-15 10:53:24,192 - Epoch: 31, 121/274: VFL loss: 0.0004, total loss: 0.0269, anchor loss: 0.0533, VFL train accuracy: 1.0000
2026-04-15 10:53:24,613 - Epoch: 31, 131/274: VFL loss: 0.0004, total loss: 0.0268, anchor loss: 0.0532, VFL train accuracy: 1.0000
2026-04-15 10:53:25,051 - Epoch: 31, 141/274: VFL loss: 0.0004, total loss: 0.0268, anchor loss: 0.0532, VFL train accuracy: 1.0000
2026-04-15 10:53:25,487 - Epoch: 31, 151/274: VFL loss: 0.0004, total loss: 0.0268, anchor loss: 0.0532, VFL train accuracy: 1.0000
2026-04-15 10:53:25,934 - Epoch: 31, 161/274: VFL loss: 0.0004, total loss: 0.0269, anchor loss: 0.0533, VFL train accuracy: 1.0000
2026-04-15 10:53:26,389 - Epoch: 31, 171/274: VFL loss: 0.0004, total loss: 0.0268, anchor loss: 0.0532, VFL train accuracy: 1.0000
2026-04-15 10:53:26,813 - Epoch: 31, 181/274: VFL loss: 0.0004, total loss: 0.0268, anchor loss: 0.0532, VFL train accuracy: 1.0000
2026-04-15 10:53:27,244 - Epoch: 31, 191/274: VFL loss: 0.0004, total loss: 0.0268, anchor loss: 0.0532, VFL train accuracy: 1.0000
2026-04-15 10:53:27,684 - Epoch: 31, 201/274: VFL loss: 0.0004, total loss: 0.0268, anchor loss: 0.0532, VFL train accuracy: 1.0000
2026-04-15 10:53:28,118 - Epoch: 31, 211/274: VFL loss: 0.0004, total loss: 0.0268, anchor loss: 0.0532, VFL train accuracy: 1.0000
2026-04-15 10:53:28,560 - Epoch: 31, 221/274: VFL loss: 0.0004, total loss: 0.0268, anchor loss: 0.0532, VFL train accuracy: 1.0000
2026-04-15 10:53:28,990 - Epoch: 31, 231/274: VFL loss: 0.0005, total loss: 0.0268, anchor loss: 0.0532, VFL train accuracy: 1.0000
2026-04-15 10:53:29,434 - Epoch: 31, 241/274: VFL loss: 0.0005, total loss: 0.0268, anchor loss: 0.0532, VFL train accuracy: 1.0000
2026-04-15 10:53:29,868 - Epoch: 31, 251/274: VFL loss: 0.0004, total loss: 0.0268, anchor loss: 0.0532, VFL train accuracy: 1.0000
2026-04-15 10:53:30,295 - Epoch: 31, 261/274: VFL loss: 0.0004, total loss: 0.0269, anchor loss: 0.0533, VFL train accuracy: 1.0000
2026-04-15 10:53:30,736 - Epoch: 31, 271/274: VFL loss: 0.0004, total loss: 0.0268, anchor loss: 0.0532, VFL train accuracy: 1.0000
2026-04-15 10:53:30,877 - => Recorded Stage 2 client anchor losses for epoch 31 to './results/AVGuard/stage3_static_reliability_ablation_4clients/NUSWIDE_4clients_static_reliability_off\stage2_final_epoch_client_anchor_losses.json': {0: 0.022224, 1: 0.064064, 2: 0.056037, 3: 0.070524}
2026-04-15 10:53:30,877 - => Stage 2 EMA anchor update skipped at epoch 31 because update_freq=5
2026-04-15 10:53:30,878 - => Stage 2 Epoch 31 Training Summary: VFL loss: 0.0005, total loss: 0.0268, anchor loss: 0.0532, VFL train accuracy: 1.0000
2026-04-15 10:53:30,878 - => Test ASR...
2026-04-15 10:53:30,988 - =>Add Trigger to Test Data
2026-04-15 10:53:35,378 - Add Trigger to 37064 Bad Samples, 9629 Clean Samples (1.00)
2026-04-15 10:53:48,488 - => Test Epoch: 31, main task samples: 46693, attack samples: 46693, test loss: 1.2006, clean acc: 0.6119, Top-4: 0.9956, ASR: 0.4455, RAC: 0.4749, test target accuracy: 0.8835, stage3 final accuracy: 0.6119, stage3 final target accuracy: 0.6127, stage3 final asr: 0.4455, anchor loss: 0.0709
2026-04-15 10:53:48,488 - => Stage 3 Detection Summary: recall: 0.6447, precision: 0.0558, f1: 0.1027, false positive rate: 0.4139, correction rate: 0.3576
2026-04-15 10:53:48,488 - => Stage 3 Debug (clean): suspicious=19328/46693, correction_applied=19290, prediction_changed=19290, skipped_tied_vote=0, skipped_low_margin=0, skipped_other=38
2026-04-15 10:53:48,489 - => Stage 3 Debug (poison-valid): suspicious=21078/37064, correction_applied=21076, prediction_changed=21076, skipped_tied_vote=0, skipped_low_margin=0, skipped_other=2
2026-04-15 10:53:48,489 - => Stage 3 Debug (attack-success): suspicious=2254/3496, correction_applied=2252, prediction_changed=2252, corrected_to_true=1250
2026-04-15 10:53:48,489 - => Stage 2 checkpoint score: mean(clean_acc=0.6119, recall=0.6447, correction_rate=0.3576) = 0.5381
2026-04-15 10:53:48,556 - => End Epoch: 31, early stop epochs: 29, best epoch: 2, best clean acc: 0.5871, best Top-4: 0.9964, best ASR: 0.2702, best RAC: 0.6051, anchor loss: 0.0780, best checkpoint score: 0.7178
2026-04-15 10:53:48,556 - => Stage 3 Detection Summary: recall: 0.8799, precision: 0.3602, f1: 0.5111, false positive rate: 0.4276, correction rate: 0.6863
2026-04-15 10:53:48,591 - => LFBA current anchor-derived target label: 3
2026-04-15 10:53:48,672 - =>Add Trigger to Train Data
2026-04-15 10:53:49,028 - Add Trigger to 6996 Bad Samples, 62970 Clean Samples (0.10)
2026-04-15 10:53:49,031 - => Start Training for Injecting Backdoor...
2026-04-15 10:53:49,085 - Epoch: 32, 1/274: VFL loss: 0.0005, total loss: 0.0288, anchor loss: 0.0570, VFL train accuracy: 1.0000
2026-04-15 10:53:49,827 - Epoch: 32, 11/274: VFL loss: 0.0004, total loss: 0.0271, anchor loss: 0.0538, VFL train accuracy: 1.0000
2026-04-15 10:53:50,246 - Epoch: 32, 21/274: VFL loss: 0.0004, total loss: 0.0272, anchor loss: 0.0541, VFL train accuracy: 1.0000
2026-04-15 10:53:50,688 - Epoch: 32, 31/274: VFL loss: 0.0003, total loss: 0.0270, anchor loss: 0.0537, VFL train accuracy: 1.0000
2026-04-15 10:53:51,105 - Epoch: 32, 41/274: VFL loss: 0.0003, total loss: 0.0268, anchor loss: 0.0533, VFL train accuracy: 1.0000
2026-04-15 10:53:51,541 - Epoch: 32, 51/274: VFL loss: 0.0003, total loss: 0.0267, anchor loss: 0.0530, VFL train accuracy: 1.0000
2026-04-15 10:53:51,975 - Epoch: 32, 61/274: VFL loss: 0.0004, total loss: 0.0267, anchor loss: 0.0531, VFL train accuracy: 1.0000
2026-04-15 10:53:52,395 - Epoch: 32, 71/274: VFL loss: 0.0004, total loss: 0.0267, anchor loss: 0.0530, VFL train accuracy: 1.0000
2026-04-15 10:53:52,833 - Epoch: 32, 81/274: VFL loss: 0.0004, total loss: 0.0266, anchor loss: 0.0529, VFL train accuracy: 1.0000
2026-04-15 10:53:53,273 - Epoch: 32, 91/274: VFL loss: 0.0004, total loss: 0.0266, anchor loss: 0.0528, VFL train accuracy: 1.0000
2026-04-15 10:53:53,715 - Epoch: 32, 101/274: VFL loss: 0.0004, total loss: 0.0266, anchor loss: 0.0528, VFL train accuracy: 1.0000
2026-04-15 10:53:54,155 - Epoch: 32, 111/274: VFL loss: 0.0004, total loss: 0.0266, anchor loss: 0.0529, VFL train accuracy: 1.0000
2026-04-15 10:53:54,591 - Epoch: 32, 121/274: VFL loss: 0.0004, total loss: 0.0266, anchor loss: 0.0529, VFL train accuracy: 1.0000
2026-04-15 10:53:55,021 - Epoch: 32, 131/274: VFL loss: 0.0004, total loss: 0.0266, anchor loss: 0.0528, VFL train accuracy: 1.0000
2026-04-15 10:53:55,458 - Epoch: 32, 141/274: VFL loss: 0.0004, total loss: 0.0266, anchor loss: 0.0529, VFL train accuracy: 1.0000
2026-04-15 10:53:55,898 - Epoch: 32, 151/274: VFL loss: 0.0004, total loss: 0.0266, anchor loss: 0.0528, VFL train accuracy: 1.0000
2026-04-15 10:53:56,345 - Epoch: 32, 161/274: VFL loss: 0.0004, total loss: 0.0266, anchor loss: 0.0528, VFL train accuracy: 1.0000
2026-04-15 10:53:56,794 - Epoch: 32, 171/274: VFL loss: 0.0004, total loss: 0.0266, anchor loss: 0.0529, VFL train accuracy: 1.0000
2026-04-15 10:53:57,209 - Epoch: 32, 181/274: VFL loss: 0.0004, total loss: 0.0267, anchor loss: 0.0529, VFL train accuracy: 1.0000
2026-04-15 10:53:57,626 - Epoch: 32, 191/274: VFL loss: 0.0004, total loss: 0.0267, anchor loss: 0.0530, VFL train accuracy: 1.0000
2026-04-15 10:53:58,050 - Epoch: 32, 201/274: VFL loss: 0.0004, total loss: 0.0267, anchor loss: 0.0530, VFL train accuracy: 1.0000
2026-04-15 10:53:58,486 - Epoch: 32, 211/274: VFL loss: 0.0004, total loss: 0.0266, anchor loss: 0.0529, VFL train accuracy: 1.0000
2026-04-15 10:53:58,928 - Epoch: 32, 221/274: VFL loss: 0.0004, total loss: 0.0267, anchor loss: 0.0529, VFL train accuracy: 1.0000
2026-04-15 10:53:59,359 - Epoch: 32, 231/274: VFL loss: 0.0004, total loss: 0.0267, anchor loss: 0.0530, VFL train accuracy: 1.0000
2026-04-15 10:53:59,772 - Epoch: 32, 241/274: VFL loss: 0.0004, total loss: 0.0266, anchor loss: 0.0529, VFL train accuracy: 1.0000
2026-04-15 10:54:00,212 - Epoch: 32, 251/274: VFL loss: 0.0004, total loss: 0.0266, anchor loss: 0.0529, VFL train accuracy: 1.0000
2026-04-15 10:54:00,652 - Epoch: 32, 261/274: VFL loss: 0.0004, total loss: 0.0267, anchor loss: 0.0530, VFL train accuracy: 1.0000
2026-04-15 10:54:01,091 - Epoch: 32, 271/274: VFL loss: 0.0004, total loss: 0.0266, anchor loss: 0.0529, VFL train accuracy: 1.0000
2026-04-15 10:54:01,229 - => Recorded Stage 2 client anchor losses for epoch 32 to './results/AVGuard/stage3_static_reliability_ablation_4clients/NUSWIDE_4clients_static_reliability_off\stage2_final_epoch_client_anchor_losses.json': {0: 0.021783, 1: 0.063712, 2: 0.055917, 3: 0.070173}
2026-04-15 10:54:01,229 - => Stage 2 EMA anchor update skipped at epoch 32 because update_freq=5
2026-04-15 10:54:01,229 - => Stage 2 Epoch 32 Training Summary: VFL loss: 0.0004, total loss: 0.0266, anchor loss: 0.0529, VFL train accuracy: 1.0000
2026-04-15 10:54:01,229 - => Test ASR...
2026-04-15 10:54:01,341 - =>Add Trigger to Test Data
2026-04-15 10:54:05,639 - Add Trigger to 37064 Bad Samples, 9629 Clean Samples (1.00)
2026-04-15 10:54:18,988 - => Test Epoch: 32, main task samples: 46693, attack samples: 46693, test loss: 1.2229, clean acc: 0.6132, Top-4: 0.9955, ASR: 0.4452, RAC: 0.4769, test target accuracy: 0.8822, stage3 final accuracy: 0.6132, stage3 final target accuracy: 0.6147, stage3 final asr: 0.4452, anchor loss: 0.0707
2026-04-15 10:54:18,989 - => Stage 3 Detection Summary: recall: 0.6405, precision: 0.0542, f1: 0.1000, false positive rate: 0.4120, correction rate: 0.3533
2026-04-15 10:54:18,989 - => Stage 3 Debug (clean): suspicious=19236/46693, correction_applied=19201, prediction_changed=19201, skipped_tied_vote=0, skipped_low_margin=0, skipped_other=35
2026-04-15 10:54:18,989 - => Stage 3 Debug (poison-valid): suspicious=20958/37064, correction_applied=20956, prediction_changed=20956, skipped_tied_vote=0, skipped_low_margin=0, skipped_other=2
2026-04-15 10:54:18,989 - => Stage 3 Debug (attack-success): suspicious=2179/3402, correction_applied=2177, prediction_changed=2177, corrected_to_true=1202
2026-04-15 10:54:18,990 - => Stage 2 checkpoint score: mean(clean_acc=0.6132, recall=0.6405, correction_rate=0.3533) = 0.5357
2026-04-15 10:54:19,056 - => End Epoch: 32, early stop epochs: 30, best epoch: 2, best clean acc: 0.5871, best Top-4: 0.9964, best ASR: 0.2702, best RAC: 0.6051, anchor loss: 0.0780, best checkpoint score: 0.7178
2026-04-15 10:54:19,057 - => Stage 3 Detection Summary: recall: 0.8799, precision: 0.3602, f1: 0.5111, false positive rate: 0.4276, correction rate: 0.6863
2026-04-15 10:54:19,094 - => LFBA current anchor-derived target label: 3
2026-04-15 10:54:19,179 - =>Add Trigger to Train Data
2026-04-15 10:54:19,530 - Add Trigger to 6996 Bad Samples, 62970 Clean Samples (0.10)
2026-04-15 10:54:19,532 - => Start Training for Injecting Backdoor...
2026-04-15 10:54:19,583 - Epoch: 33, 1/274: VFL loss: 0.0005, total loss: 0.0291, anchor loss: 0.0576, VFL train accuracy: 1.0000
2026-04-15 10:54:20,285 - Epoch: 33, 11/274: VFL loss: 0.0003, total loss: 0.0260, anchor loss: 0.0517, VFL train accuracy: 1.0000
2026-04-15 10:54:20,722 - Epoch: 33, 21/274: VFL loss: 0.0003, total loss: 0.0263, anchor loss: 0.0523, VFL train accuracy: 1.0000
2026-04-15 10:54:21,144 - Epoch: 33, 31/274: VFL loss: 0.0003, total loss: 0.0263, anchor loss: 0.0523, VFL train accuracy: 1.0000
2026-04-15 10:54:21,587 - Epoch: 33, 41/274: VFL loss: 0.0003, total loss: 0.0263, anchor loss: 0.0523, VFL train accuracy: 1.0000
2026-04-15 10:54:22,028 - Epoch: 33, 51/274: VFL loss: 0.0003, total loss: 0.0263, anchor loss: 0.0524, VFL train accuracy: 1.0000
2026-04-15 10:54:22,467 - Epoch: 33, 61/274: VFL loss: 0.0003, total loss: 0.0264, anchor loss: 0.0525, VFL train accuracy: 1.0000
2026-04-15 10:54:22,905 - Epoch: 33, 71/274: VFL loss: 0.0003, total loss: 0.0264, anchor loss: 0.0525, VFL train accuracy: 1.0000
2026-04-15 10:54:23,372 - Epoch: 33, 81/274: VFL loss: 0.0004, total loss: 0.0265, anchor loss: 0.0526, VFL train accuracy: 1.0000
2026-04-15 10:54:23,809 - Epoch: 33, 91/274: VFL loss: 0.0003, total loss: 0.0265, anchor loss: 0.0527, VFL train accuracy: 1.0000
2026-04-15 10:54:24,275 - Epoch: 33, 101/274: VFL loss: 0.0003, total loss: 0.0266, anchor loss: 0.0529, VFL train accuracy: 1.0000
2026-04-15 10:54:24,737 - Epoch: 33, 111/274: VFL loss: 0.0003, total loss: 0.0266, anchor loss: 0.0529, VFL train accuracy: 1.0000
2026-04-15 10:54:25,195 - Epoch: 33, 121/274: VFL loss: 0.0003, total loss: 0.0266, anchor loss: 0.0528, VFL train accuracy: 1.0000
2026-04-15 10:54:25,622 - Epoch: 33, 131/274: VFL loss: 0.0003, total loss: 0.0266, anchor loss: 0.0528, VFL train accuracy: 1.0000
2026-04-15 10:54:26,095 - Epoch: 33, 141/274: VFL loss: 0.0003, total loss: 0.0266, anchor loss: 0.0528, VFL train accuracy: 1.0000
2026-04-15 10:54:26,514 - Epoch: 33, 151/274: VFL loss: 0.0003, total loss: 0.0266, anchor loss: 0.0528, VFL train accuracy: 1.0000
2026-04-15 10:54:26,981 - Epoch: 33, 161/274: VFL loss: 0.0004, total loss: 0.0266, anchor loss: 0.0528, VFL train accuracy: 1.0000
2026-04-15 10:54:27,400 - Epoch: 33, 171/274: VFL loss: 0.0004, total loss: 0.0266, anchor loss: 0.0527, VFL train accuracy: 1.0000
2026-04-15 10:54:27,830 - Epoch: 33, 181/274: VFL loss: 0.0004, total loss: 0.0266, anchor loss: 0.0527, VFL train accuracy: 1.0000
2026-04-15 10:54:28,252 - Epoch: 33, 191/274: VFL loss: 0.0004, total loss: 0.0266, anchor loss: 0.0527, VFL train accuracy: 1.0000
2026-04-15 10:54:28,682 - Epoch: 33, 201/274: VFL loss: 0.0004, total loss: 0.0266, anchor loss: 0.0527, VFL train accuracy: 1.0000
2026-04-15 10:54:29,114 - Epoch: 33, 211/274: VFL loss: 0.0004, total loss: 0.0266, anchor loss: 0.0527, VFL train accuracy: 1.0000
2026-04-15 10:54:29,539 - Epoch: 33, 221/274: VFL loss: 0.0004, total loss: 0.0265, anchor loss: 0.0527, VFL train accuracy: 1.0000
2026-04-15 10:54:29,953 - Epoch: 33, 231/274: VFL loss: 0.0004, total loss: 0.0266, anchor loss: 0.0528, VFL train accuracy: 1.0000
2026-04-15 10:54:30,385 - Epoch: 33, 241/274: VFL loss: 0.0004, total loss: 0.0265, anchor loss: 0.0527, VFL train accuracy: 1.0000
2026-04-15 10:54:30,830 - Epoch: 33, 251/274: VFL loss: 0.0004, total loss: 0.0265, anchor loss: 0.0527, VFL train accuracy: 1.0000
2026-04-15 10:54:31,253 - Epoch: 33, 261/274: VFL loss: 0.0004, total loss: 0.0265, anchor loss: 0.0527, VFL train accuracy: 1.0000
2026-04-15 10:54:31,690 - Epoch: 33, 271/274: VFL loss: 0.0004, total loss: 0.0265, anchor loss: 0.0526, VFL train accuracy: 1.0000
2026-04-15 10:54:31,836 - => Recorded Stage 2 client anchor losses for epoch 33 to './results/AVGuard/stage3_static_reliability_ablation_4clients/NUSWIDE_4clients_static_reliability_off\stage2_final_epoch_client_anchor_losses.json': {0: 0.021345, 1: 0.06335, 2: 0.055789, 3: 0.070006}
2026-04-15 10:54:31,836 - => Stage 2 EMA anchor update skipped at epoch 33 because update_freq=5
2026-04-15 10:54:31,837 - => Stage 2 Epoch 33 Training Summary: VFL loss: 0.0004, total loss: 0.0265, anchor loss: 0.0526, VFL train accuracy: 1.0000
2026-04-15 10:54:31,837 - => Test ASR...
2026-04-15 10:54:31,947 - =>Add Trigger to Test Data
2026-04-15 10:54:36,471 - Add Trigger to 37064 Bad Samples, 9629 Clean Samples (1.00)
2026-04-15 10:54:49,853 - => Test Epoch: 33, main task samples: 46693, attack samples: 46693, test loss: 1.2489, clean acc: 0.6133, Top-4: 0.9955, ASR: 0.4455, RAC: 0.4764, test target accuracy: 0.8813, stage3 final accuracy: 0.6133, stage3 final target accuracy: 0.6147, stage3 final asr: 0.4455, anchor loss: 0.0706
2026-04-15 10:54:49,854 - => Stage 3 Detection Summary: recall: 0.6337, precision: 0.0521, f1: 0.0962, false positive rate: 0.4118, correction rate: 0.3491
2026-04-15 10:54:49,854 - => Stage 3 Debug (clean): suspicious=19229/46693, correction_applied=19193, prediction_changed=19193, skipped_tied_vote=0, skipped_low_margin=0, skipped_other=36
2026-04-15 10:54:49,854 - => Stage 3 Debug (poison-valid): suspicious=20973/37064, correction_applied=20970, prediction_changed=20970, skipped_tied_vote=0, skipped_low_margin=0, skipped_other=3
2026-04-15 10:54:49,854 - => Stage 3 Debug (attack-success): suspicious=2093/3303, correction_applied=2091, prediction_changed=2091, corrected_to_true=1153
2026-04-15 10:54:49,855 - => Stage 2 checkpoint score: mean(clean_acc=0.6133, recall=0.6337, correction_rate=0.3491) = 0.5320
2026-04-15 10:54:49,924 - => End Epoch: 33, early stop epochs: 31, best epoch: 2, best clean acc: 0.5871, best Top-4: 0.9964, best ASR: 0.2702, best RAC: 0.6051, anchor loss: 0.0780, best checkpoint score: 0.7178
2026-04-15 10:54:49,925 - => Stage 3 Detection Summary: recall: 0.8799, precision: 0.3602, f1: 0.5111, false positive rate: 0.4276, correction rate: 0.6863
2026-04-15 10:54:49,971 - => LFBA current anchor-derived target label: 3
2026-04-15 10:54:50,060 - =>Add Trigger to Train Data
2026-04-15 10:54:50,479 - Add Trigger to 6996 Bad Samples, 62970 Clean Samples (0.10)
2026-04-15 10:54:50,482 - => Start Training for Injecting Backdoor...
2026-04-15 10:54:50,541 - Epoch: 34, 1/274: VFL loss: 0.0004, total loss: 0.0258, anchor loss: 0.0511, VFL train accuracy: 1.0000
2026-04-15 10:54:51,283 - Epoch: 34, 11/274: VFL loss: 0.0003, total loss: 0.0259, anchor loss: 0.0514, VFL train accuracy: 1.0000
2026-04-15 10:54:51,729 - Epoch: 34, 21/274: VFL loss: 0.0003, total loss: 0.0261, anchor loss: 0.0520, VFL train accuracy: 1.0000
2026-04-15 10:54:52,155 - Epoch: 34, 31/274: VFL loss: 0.0003, total loss: 0.0262, anchor loss: 0.0521, VFL train accuracy: 1.0000
2026-04-15 10:54:52,607 - Epoch: 34, 41/274: VFL loss: 0.0003, total loss: 0.0262, anchor loss: 0.0522, VFL train accuracy: 1.0000
2026-04-15 10:54:53,044 - Epoch: 34, 51/274: VFL loss: 0.0003, total loss: 0.0262, anchor loss: 0.0522, VFL train accuracy: 1.0000
2026-04-15 10:54:53,664 - Epoch: 34, 61/274: VFL loss: 0.0003, total loss: 0.0263, anchor loss: 0.0524, VFL train accuracy: 1.0000
2026-04-15 10:54:54,105 - Epoch: 34, 71/274: VFL loss: 0.0003, total loss: 0.0263, anchor loss: 0.0523, VFL train accuracy: 1.0000
2026-04-15 10:54:54,559 - Epoch: 34, 81/274: VFL loss: 0.0003, total loss: 0.0263, anchor loss: 0.0524, VFL train accuracy: 1.0000
2026-04-15 10:54:55,016 - Epoch: 34, 91/274: VFL loss: 0.0003, total loss: 0.0264, anchor loss: 0.0525, VFL train accuracy: 1.0000
2026-04-15 10:54:55,482 - Epoch: 34, 101/274: VFL loss: 0.0003, total loss: 0.0263, anchor loss: 0.0524, VFL train accuracy: 1.0000
2026-04-15 10:54:55,958 - Epoch: 34, 111/274: VFL loss: 0.0003, total loss: 0.0263, anchor loss: 0.0523, VFL train accuracy: 1.0000
2026-04-15 10:54:56,400 - Epoch: 34, 121/274: VFL loss: 0.0003, total loss: 0.0263, anchor loss: 0.0523, VFL train accuracy: 1.0000
2026-04-15 10:54:56,833 - Epoch: 34, 131/274: VFL loss: 0.0003, total loss: 0.0263, anchor loss: 0.0523, VFL train accuracy: 1.0000
2026-04-15 10:54:57,286 - Epoch: 34, 141/274: VFL loss: 0.0003, total loss: 0.0263, anchor loss: 0.0524, VFL train accuracy: 1.0000
2026-04-15 10:54:57,727 - Epoch: 34, 151/274: VFL loss: 0.0003, total loss: 0.0263, anchor loss: 0.0524, VFL train accuracy: 1.0000
2026-04-15 10:54:58,162 - Epoch: 34, 161/274: VFL loss: 0.0003, total loss: 0.0263, anchor loss: 0.0523, VFL train accuracy: 1.0000
2026-04-15 10:54:58,600 - Epoch: 34, 171/274: VFL loss: 0.0003, total loss: 0.0263, anchor loss: 0.0524, VFL train accuracy: 1.0000
2026-04-15 10:54:59,048 - Epoch: 34, 181/274: VFL loss: 0.0003, total loss: 0.0263, anchor loss: 0.0524, VFL train accuracy: 1.0000
2026-04-15 10:54:59,500 - Epoch: 34, 191/274: VFL loss: 0.0003, total loss: 0.0263, anchor loss: 0.0523, VFL train accuracy: 1.0000
2026-04-15 10:54:59,954 - Epoch: 34, 201/274: VFL loss: 0.0003, total loss: 0.0263, anchor loss: 0.0523, VFL train accuracy: 1.0000
2026-04-15 10:55:00,410 - Epoch: 34, 211/274: VFL loss: 0.0003, total loss: 0.0263, anchor loss: 0.0523, VFL train accuracy: 1.0000
2026-04-15 10:55:00,880 - Epoch: 34, 221/274: VFL loss: 0.0003, total loss: 0.0263, anchor loss: 0.0523, VFL train accuracy: 1.0000
2026-04-15 10:55:01,346 - Epoch: 34, 231/274: VFL loss: 0.0003, total loss: 0.0263, anchor loss: 0.0523, VFL train accuracy: 1.0000
2026-04-15 10:55:01,809 - Epoch: 34, 241/274: VFL loss: 0.0003, total loss: 0.0263, anchor loss: 0.0523, VFL train accuracy: 1.0000
2026-04-15 10:55:02,271 - Epoch: 34, 251/274: VFL loss: 0.0003, total loss: 0.0263, anchor loss: 0.0524, VFL train accuracy: 1.0000
2026-04-15 10:55:02,737 - Epoch: 34, 261/274: VFL loss: 0.0003, total loss: 0.0263, anchor loss: 0.0523, VFL train accuracy: 1.0000
2026-04-15 10:55:03,214 - Epoch: 34, 271/274: VFL loss: 0.0003, total loss: 0.0263, anchor loss: 0.0523, VFL train accuracy: 1.0000
2026-04-15 10:55:03,367 - => Recorded Stage 2 client anchor losses for epoch 34 to './results/AVGuard/stage3_static_reliability_ablation_4clients/NUSWIDE_4clients_static_reliability_off\stage2_final_epoch_client_anchor_losses.json': {0: 0.020919, 1: 0.062987, 2: 0.055663, 3: 0.06964}
2026-04-15 10:55:03,367 - => Stage 2 EMA anchor update skipped at epoch 34 because update_freq=5
2026-04-15 10:55:03,368 - => Stage 2 Epoch 34 Training Summary: VFL loss: 0.0003, total loss: 0.0263, anchor loss: 0.0523, VFL train accuracy: 1.0000
2026-04-15 10:55:03,368 - => Test ASR...
2026-04-15 10:55:03,475 - =>Add Trigger to Test Data
2026-04-15 10:55:08,199 - Add Trigger to 37064 Bad Samples, 9629 Clean Samples (1.00)
2026-04-15 10:55:21,383 - => Test Epoch: 34, main task samples: 46693, attack samples: 46693, test loss: 1.2713, clean acc: 0.6147, Top-4: 0.9954, ASR: 0.4447, RAC: 0.4772, test target accuracy: 0.8822, stage3 final accuracy: 0.6147, stage3 final target accuracy: 0.6135, stage3 final asr: 0.4447, anchor loss: 0.0705
2026-04-15 10:55:21,385 - => Stage 3 Detection Summary: recall: 0.6374, precision: 0.0531, f1: 0.0980, false positive rate: 0.4118, correction rate: 0.3527
2026-04-15 10:55:21,385 - => Stage 3 Debug (clean): suspicious=19227/46693, correction_applied=19176, prediction_changed=19176, skipped_tied_vote=0, skipped_low_margin=0, skipped_other=51
2026-04-15 10:55:21,385 - => Stage 3 Debug (poison-valid): suspicious=20956/37064, correction_applied=20955, prediction_changed=20955, skipped_tied_vote=0, skipped_low_margin=0, skipped_other=1
2026-04-15 10:55:21,385 - => Stage 3 Debug (attack-success): suspicious=2134/3348, correction_applied=2133, prediction_changed=2133, corrected_to_true=1181
2026-04-15 10:55:21,385 - => Stage 2 checkpoint score: mean(clean_acc=0.6147, recall=0.6374, correction_rate=0.3527) = 0.5350
2026-04-15 10:55:21,455 - => End Epoch: 34, early stop epochs: 32, best epoch: 2, best clean acc: 0.5871, best Top-4: 0.9964, best ASR: 0.2702, best RAC: 0.6051, anchor loss: 0.0780, best checkpoint score: 0.7178
2026-04-15 10:55:21,455 - => Stage 3 Detection Summary: recall: 0.8799, precision: 0.3602, f1: 0.5111, false positive rate: 0.4276, correction rate: 0.6863
2026-04-15 10:55:21,494 - => LFBA current anchor-derived target label: 3
2026-04-15 10:55:21,576 - =>Add Trigger to Train Data
2026-04-15 10:55:22,030 - Add Trigger to 6996 Bad Samples, 62970 Clean Samples (0.10)
2026-04-15 10:55:22,035 - => Start Training for Injecting Backdoor...
2026-04-15 10:55:22,098 - Epoch: 35, 1/274: VFL loss: 0.0001, total loss: 0.0248, anchor loss: 0.0495, VFL train accuracy: 1.0000
2026-04-15 10:55:22,896 - Epoch: 35, 11/274: VFL loss: 0.0012, total loss: 0.0257, anchor loss: 0.0501, VFL train accuracy: 0.9996
2026-04-15 10:55:23,308 - Epoch: 35, 21/274: VFL loss: 0.0008, total loss: 0.0256, anchor loss: 0.0505, VFL train accuracy: 0.9998
2026-04-15 10:55:23,737 - Epoch: 35, 31/274: VFL loss: 0.0006, total loss: 0.0259, anchor loss: 0.0512, VFL train accuracy: 0.9999
2026-04-15 10:55:24,174 - Epoch: 35, 41/274: VFL loss: 0.0005, total loss: 0.0260, anchor loss: 0.0515, VFL train accuracy: 0.9999
2026-04-15 10:55:24,584 - Epoch: 35, 51/274: VFL loss: 0.0005, total loss: 0.0260, anchor loss: 0.0515, VFL train accuracy: 0.9999
2026-04-15 10:55:25,025 - Epoch: 35, 61/274: VFL loss: 0.0004, total loss: 0.0260, anchor loss: 0.0516, VFL train accuracy: 0.9999
2026-04-15 10:55:25,451 - Epoch: 35, 71/274: VFL loss: 0.0004, total loss: 0.0261, anchor loss: 0.0518, VFL train accuracy: 0.9999
2026-04-15 10:55:25,887 - Epoch: 35, 81/274: VFL loss: 0.0004, total loss: 0.0261, anchor loss: 0.0518, VFL train accuracy: 1.0000
2026-04-15 10:55:26,312 - Epoch: 35, 91/274: VFL loss: 0.0004, total loss: 0.0261, anchor loss: 0.0518, VFL train accuracy: 1.0000
2026-04-15 10:55:26,743 - Epoch: 35, 101/274: VFL loss: 0.0004, total loss: 0.0261, anchor loss: 0.0519, VFL train accuracy: 1.0000
2026-04-15 10:55:27,208 - Epoch: 35, 111/274: VFL loss: 0.0004, total loss: 0.0262, anchor loss: 0.0519, VFL train accuracy: 1.0000
2026-04-15 10:55:27,649 - Epoch: 35, 121/274: VFL loss: 0.0004, total loss: 0.0262, anchor loss: 0.0520, VFL train accuracy: 1.0000
2026-04-15 10:55:28,101 - Epoch: 35, 131/274: VFL loss: 0.0004, total loss: 0.0262, anchor loss: 0.0519, VFL train accuracy: 1.0000
2026-04-15 10:55:28,573 - Epoch: 35, 141/274: VFL loss: 0.0004, total loss: 0.0261, anchor loss: 0.0519, VFL train accuracy: 0.9999
2026-04-15 10:55:29,023 - Epoch: 35, 151/274: VFL loss: 0.0004, total loss: 0.0261, anchor loss: 0.0519, VFL train accuracy: 0.9999
2026-04-15 10:55:29,483 - Epoch: 35, 161/274: VFL loss: 0.0004, total loss: 0.0261, anchor loss: 0.0519, VFL train accuracy: 1.0000
2026-04-15 10:55:29,979 - Epoch: 35, 171/274: VFL loss: 0.0004, total loss: 0.0262, anchor loss: 0.0519, VFL train accuracy: 1.0000
2026-04-15 10:55:30,468 - Epoch: 35, 181/274: VFL loss: 0.0004, total loss: 0.0262, anchor loss: 0.0521, VFL train accuracy: 1.0000
2026-04-15 10:55:30,944 - Epoch: 35, 191/274: VFL loss: 0.0004, total loss: 0.0262, anchor loss: 0.0520, VFL train accuracy: 1.0000
2026-04-15 10:55:31,407 - Epoch: 35, 201/274: VFL loss: 0.0004, total loss: 0.0262, anchor loss: 0.0520, VFL train accuracy: 1.0000
2026-04-15 10:55:31,884 - Epoch: 35, 211/274: VFL loss: 0.0004, total loss: 0.0262, anchor loss: 0.0520, VFL train accuracy: 1.0000
2026-04-15 10:55:32,359 - Epoch: 35, 221/274: VFL loss: 0.0004, total loss: 0.0262, anchor loss: 0.0520, VFL train accuracy: 1.0000
2026-04-15 10:55:32,806 - Epoch: 35, 231/274: VFL loss: 0.0004, total loss: 0.0262, anchor loss: 0.0520, VFL train accuracy: 1.0000
2026-04-15 10:55:33,258 - Epoch: 35, 241/274: VFL loss: 0.0004, total loss: 0.0262, anchor loss: 0.0520, VFL train accuracy: 1.0000
2026-04-15 10:55:33,702 - Epoch: 35, 251/274: VFL loss: 0.0003, total loss: 0.0262, anchor loss: 0.0521, VFL train accuracy: 1.0000
2026-04-15 10:55:34,154 - Epoch: 35, 261/274: VFL loss: 0.0003, total loss: 0.0262, anchor loss: 0.0520, VFL train accuracy: 1.0000
2026-04-15 10:55:34,613 - Epoch: 35, 271/274: VFL loss: 0.0004, total loss: 0.0262, anchor loss: 0.0521, VFL train accuracy: 1.0000
2026-04-15 10:55:34,746 - => Recorded Stage 2 client anchor losses for epoch 35 to './results/AVGuard/stage3_static_reliability_ablation_4clients/NUSWIDE_4clients_static_reliability_off\stage2_final_epoch_client_anchor_losses.json': {0: 0.020508, 1: 0.062645, 2: 0.055544, 3: 0.069523}
2026-04-15 10:55:34,754 - => Stage 2 EMA anchor update applied at epoch 35 with momentum 0.9950: updated classes per client {0: 5, 1: 5, 2: 5, 3: 5}
2026-04-15 10:55:34,754 - => Stage 2 Epoch 35 Training Summary: VFL loss: 0.0004, total loss: 0.0262, anchor loss: 0.0520, VFL train accuracy: 1.0000
2026-04-15 10:55:34,754 - => Test ASR...
2026-04-15 10:55:35,028 - =>Add Trigger to Test Data
2026-04-15 10:55:39,734 - Add Trigger to 37064 Bad Samples, 9629 Clean Samples (1.00)
2026-04-15 10:55:53,769 - => Test Epoch: 35, main task samples: 46693, attack samples: 46693, test loss: 1.3000, clean acc: 0.6145, Top-4: 0.9952, ASR: 0.4523, RAC: 0.4767, test target accuracy: 0.8787, stage3 final accuracy: 0.6145, stage3 final target accuracy: 0.6147, stage3 final asr: 0.4523, anchor loss: 0.0701
2026-04-15 10:55:53,769 - => Stage 3 Detection Summary: recall: 0.6338, precision: 0.0522, f1: 0.0964, false positive rate: 0.4113, correction rate: 0.3493
2026-04-15 10:55:53,769 - => Stage 3 Debug (clean): suspicious=19204/46693, correction_applied=19163, prediction_changed=19163, skipped_tied_vote=0, skipped_low_margin=0, skipped_other=41
2026-04-15 10:55:53,769 - => Stage 3 Debug (poison-valid): suspicious=20924/37064, correction_applied=20922, prediction_changed=20922, skipped_tied_vote=0, skipped_low_margin=0, skipped_other=2
2026-04-15 10:55:53,770 - => Stage 3 Debug (attack-success): suspicious=2094/3304, correction_applied=2092, prediction_changed=2092, corrected_to_true=1154
2026-04-15 10:55:53,771 - => Stage 2 checkpoint score: mean(clean_acc=0.6145, recall=0.6338, correction_rate=0.3493) = 0.5325
2026-04-15 10:55:53,843 - => End Epoch: 35, early stop epochs: 33, best epoch: 2, best clean acc: 0.5871, best Top-4: 0.9964, best ASR: 0.2702, best RAC: 0.6051, anchor loss: 0.0780, best checkpoint score: 0.7178
2026-04-15 10:55:53,844 - => Stage 3 Detection Summary: recall: 0.8799, precision: 0.3602, f1: 0.5111, false positive rate: 0.4276, correction rate: 0.6863
2026-04-15 10:55:53,889 - => LFBA current anchor-derived target label: 3
2026-04-15 10:55:54,041 - =>Add Trigger to Train Data
2026-04-15 10:55:54,661 - Add Trigger to 6996 Bad Samples, 62970 Clean Samples (0.10)
2026-04-15 10:55:54,665 - => Start Training for Injecting Backdoor...
2026-04-15 10:55:54,720 - Epoch: 36, 1/274: VFL loss: 0.0002, total loss: 0.0245, anchor loss: 0.0487, VFL train accuracy: 1.0000
2026-04-15 10:55:55,502 - Epoch: 36, 11/274: VFL loss: 0.0002, total loss: 0.0258, anchor loss: 0.0514, VFL train accuracy: 1.0000
2026-04-15 10:55:55,978 - Epoch: 36, 21/274: VFL loss: 0.0002, total loss: 0.0259, anchor loss: 0.0515, VFL train accuracy: 1.0000
2026-04-15 10:55:56,483 - Epoch: 36, 31/274: VFL loss: 0.0002, total loss: 0.0260, anchor loss: 0.0517, VFL train accuracy: 1.0000
2026-04-15 10:55:56,960 - Epoch: 36, 41/274: VFL loss: 0.0002, total loss: 0.0259, anchor loss: 0.0515, VFL train accuracy: 1.0000
2026-04-15 10:55:57,453 - Epoch: 36, 51/274: VFL loss: 0.0002, total loss: 0.0259, anchor loss: 0.0517, VFL train accuracy: 1.0000
2026-04-15 10:55:57,932 - Epoch: 36, 61/274: VFL loss: 0.0002, total loss: 0.0259, anchor loss: 0.0515, VFL train accuracy: 1.0000
2026-04-15 10:55:58,374 - Epoch: 36, 71/274: VFL loss: 0.0002, total loss: 0.0259, anchor loss: 0.0516, VFL train accuracy: 1.0000
2026-04-15 10:55:58,843 - Epoch: 36, 81/274: VFL loss: 0.0002, total loss: 0.0259, anchor loss: 0.0515, VFL train accuracy: 1.0000
2026-04-15 10:55:59,284 - Epoch: 36, 91/274: VFL loss: 0.0002, total loss: 0.0259, anchor loss: 0.0515, VFL train accuracy: 1.0000
2026-04-15 10:55:59,706 - Epoch: 36, 101/274: VFL loss: 0.0002, total loss: 0.0258, anchor loss: 0.0514, VFL train accuracy: 1.0000
2026-04-15 10:56:00,167 - Epoch: 36, 111/274: VFL loss: 0.0002, total loss: 0.0258, anchor loss: 0.0513, VFL train accuracy: 1.0000
2026-04-15 10:56:00,627 - Epoch: 36, 121/274: VFL loss: 0.0002, total loss: 0.0258, anchor loss: 0.0513, VFL train accuracy: 1.0000
2026-04-15 10:56:01,086 - Epoch: 36, 131/274: VFL loss: 0.0002, total loss: 0.0258, anchor loss: 0.0514, VFL train accuracy: 1.0000
2026-04-15 10:56:01,556 - Epoch: 36, 141/274: VFL loss: 0.0002, total loss: 0.0258, anchor loss: 0.0514, VFL train accuracy: 1.0000
2026-04-15 10:56:02,018 - Epoch: 36, 151/274: VFL loss: 0.0002, total loss: 0.0258, anchor loss: 0.0514, VFL train accuracy: 1.0000
2026-04-15 10:56:02,496 - Epoch: 36, 161/274: VFL loss: 0.0002, total loss: 0.0258, anchor loss: 0.0514, VFL train accuracy: 1.0000
2026-04-15 10:56:02,946 - Epoch: 36, 171/274: VFL loss: 0.0003, total loss: 0.0258, anchor loss: 0.0514, VFL train accuracy: 1.0000
2026-04-15 10:56:03,418 - Epoch: 36, 181/274: VFL loss: 0.0003, total loss: 0.0259, anchor loss: 0.0514, VFL train accuracy: 1.0000
2026-04-15 10:56:03,859 - Epoch: 36, 191/274: VFL loss: 0.0003, total loss: 0.0258, anchor loss: 0.0514, VFL train accuracy: 1.0000
2026-04-15 10:56:04,328 - Epoch: 36, 201/274: VFL loss: 0.0003, total loss: 0.0259, anchor loss: 0.0515, VFL train accuracy: 1.0000
2026-04-15 10:56:04,818 - Epoch: 36, 211/274: VFL loss: 0.0003, total loss: 0.0259, anchor loss: 0.0515, VFL train accuracy: 1.0000
2026-04-15 10:56:05,292 - Epoch: 36, 221/274: VFL loss: 0.0003, total loss: 0.0259, anchor loss: 0.0515, VFL train accuracy: 1.0000
2026-04-15 10:56:05,775 - Epoch: 36, 231/274: VFL loss: 0.0003, total loss: 0.0259, anchor loss: 0.0516, VFL train accuracy: 1.0000
2026-04-15 10:56:06,255 - Epoch: 36, 241/274: VFL loss: 0.0003, total loss: 0.0259, anchor loss: 0.0515, VFL train accuracy: 1.0000
2026-04-15 10:56:06,727 - Epoch: 36, 251/274: VFL loss: 0.0003, total loss: 0.0259, anchor loss: 0.0515, VFL train accuracy: 1.0000
2026-04-15 10:56:07,203 - Epoch: 36, 261/274: VFL loss: 0.0003, total loss: 0.0259, anchor loss: 0.0515, VFL train accuracy: 1.0000
2026-04-15 10:56:07,687 - Epoch: 36, 271/274: VFL loss: 0.0003, total loss: 0.0259, anchor loss: 0.0515, VFL train accuracy: 1.0000
2026-04-15 10:56:07,827 - => Recorded Stage 2 client anchor losses for epoch 36 to './results/AVGuard/stage3_static_reliability_ablation_4clients/NUSWIDE_4clients_static_reliability_off\stage2_final_epoch_client_anchor_losses.json': {0: 0.020077, 1: 0.061961, 2: 0.055093, 3: 0.068837}
2026-04-15 10:56:07,828 - => Stage 2 EMA anchor update skipped at epoch 36 because update_freq=5
2026-04-15 10:56:07,828 - => Stage 2 Epoch 36 Training Summary: VFL loss: 0.0003, total loss: 0.0259, anchor loss: 0.0515, VFL train accuracy: 1.0000
2026-04-15 10:56:07,828 - => Test ASR...
2026-04-15 10:56:07,943 - =>Add Trigger to Test Data
2026-04-15 10:56:13,119 - Add Trigger to 37064 Bad Samples, 9629 Clean Samples (1.00)
2026-04-15 10:56:27,153 - => Test Epoch: 36, main task samples: 46693, attack samples: 46693, test loss: 1.3320, clean acc: 0.6151, Top-4: 0.9954, ASR: 0.4442, RAC: 0.4788, test target accuracy: 0.8812, stage3 final accuracy: 0.6151, stage3 final target accuracy: 0.6095, stage3 final asr: 0.4442, anchor loss: 0.0700
2026-04-15 10:56:27,153 - => Stage 3 Detection Summary: recall: 0.6302, precision: 0.0528, f1: 0.0975, false positive rate: 0.4094, correction rate: 0.3453
2026-04-15 10:56:27,153 - => Stage 3 Debug (clean): suspicious=19118/46693, correction_applied=19088, prediction_changed=19088, skipped_tied_vote=0, skipped_low_margin=0, skipped_other=30
2026-04-15 10:56:27,153 - => Stage 3 Debug (poison-valid): suspicious=20753/37064, correction_applied=20750, prediction_changed=20750, skipped_tied_vote=0, skipped_low_margin=0, skipped_other=3
2026-04-15 10:56:27,153 - => Stage 3 Debug (attack-success): suspicious=2106/3342, correction_applied=2103, prediction_changed=2103, corrected_to_true=1154
2026-04-15 10:56:27,153 - => Stage 2 checkpoint score: mean(clean_acc=0.6151, recall=0.6302, correction_rate=0.3453) = 0.5302
2026-04-15 10:56:27,220 - => End Epoch: 36, early stop epochs: 34, best epoch: 2, best clean acc: 0.5871, best Top-4: 0.9964, best ASR: 0.2702, best RAC: 0.6051, anchor loss: 0.0780, best checkpoint score: 0.7178
2026-04-15 10:56:27,221 - => Stage 3 Detection Summary: recall: 0.8799, precision: 0.3602, f1: 0.5111, false positive rate: 0.4276, correction rate: 0.6863
2026-04-15 10:56:27,265 - => LFBA current anchor-derived target label: 3
2026-04-15 10:56:27,355 - =>Add Trigger to Train Data
2026-04-15 10:56:28,056 - Add Trigger to 6996 Bad Samples, 62970 Clean Samples (0.10)
2026-04-15 10:56:28,060 - => Start Training for Injecting Backdoor...
2026-04-15 10:56:28,124 - Epoch: 37, 1/274: VFL loss: 0.0001, total loss: 0.0254, anchor loss: 0.0506, VFL train accuracy: 1.0000
2026-04-15 10:56:28,932 - Epoch: 37, 11/274: VFL loss: 0.0002, total loss: 0.0255, anchor loss: 0.0508, VFL train accuracy: 1.0000
2026-04-15 10:56:29,475 - Epoch: 37, 21/274: VFL loss: 0.0002, total loss: 0.0255, anchor loss: 0.0508, VFL train accuracy: 1.0000
2026-04-15 10:56:29,993 - Epoch: 37, 31/274: VFL loss: 0.0002, total loss: 0.0255, anchor loss: 0.0508, VFL train accuracy: 1.0000
2026-04-15 10:56:30,658 - Epoch: 37, 41/274: VFL loss: 0.0002, total loss: 0.0255, anchor loss: 0.0507, VFL train accuracy: 1.0000
2026-04-15 10:56:31,117 - Epoch: 37, 51/274: VFL loss: 0.0003, total loss: 0.0257, anchor loss: 0.0511, VFL train accuracy: 1.0000
2026-04-15 10:56:31,601 - Epoch: 37, 61/274: VFL loss: 0.0003, total loss: 0.0257, anchor loss: 0.0511, VFL train accuracy: 1.0000
2026-04-15 10:56:32,072 - Epoch: 37, 71/274: VFL loss: 0.0003, total loss: 0.0257, anchor loss: 0.0512, VFL train accuracy: 1.0000
2026-04-15 10:56:32,555 - Epoch: 37, 81/274: VFL loss: 0.0002, total loss: 0.0257, anchor loss: 0.0512, VFL train accuracy: 1.0000
2026-04-15 10:56:33,053 - Epoch: 37, 91/274: VFL loss: 0.0002, total loss: 0.0257, anchor loss: 0.0512, VFL train accuracy: 1.0000
2026-04-15 10:56:33,541 - Epoch: 37, 101/274: VFL loss: 0.0002, total loss: 0.0257, anchor loss: 0.0512, VFL train accuracy: 1.0000
2026-04-15 10:56:34,034 - Epoch: 37, 111/274: VFL loss: 0.0002, total loss: 0.0257, anchor loss: 0.0512, VFL train accuracy: 1.0000
2026-04-15 10:56:34,538 - Epoch: 37, 121/274: VFL loss: 0.0002, total loss: 0.0257, anchor loss: 0.0511, VFL train accuracy: 1.0000
2026-04-15 10:56:34,996 - Epoch: 37, 131/274: VFL loss: 0.0002, total loss: 0.0257, anchor loss: 0.0511, VFL train accuracy: 1.0000
2026-04-15 10:56:35,451 - Epoch: 37, 141/274: VFL loss: 0.0003, total loss: 0.0257, anchor loss: 0.0511, VFL train accuracy: 1.0000
2026-04-15 10:56:35,937 - Epoch: 37, 151/274: VFL loss: 0.0002, total loss: 0.0257, anchor loss: 0.0511, VFL train accuracy: 1.0000
2026-04-15 10:56:36,410 - Epoch: 37, 161/274: VFL loss: 0.0002, total loss: 0.0257, anchor loss: 0.0511, VFL train accuracy: 1.0000
2026-04-15 10:56:36,891 - Epoch: 37, 171/274: VFL loss: 0.0002, total loss: 0.0257, anchor loss: 0.0511, VFL train accuracy: 1.0000
2026-04-15 10:56:37,400 - Epoch: 37, 181/274: VFL loss: 0.0002, total loss: 0.0257, anchor loss: 0.0511, VFL train accuracy: 1.0000
2026-04-15 10:56:37,887 - Epoch: 37, 191/274: VFL loss: 0.0002, total loss: 0.0257, anchor loss: 0.0512, VFL train accuracy: 1.0000
2026-04-15 10:56:38,376 - Epoch: 37, 201/274: VFL loss: 0.0002, total loss: 0.0257, anchor loss: 0.0512, VFL train accuracy: 1.0000
2026-04-15 10:56:38,841 - Epoch: 37, 211/274: VFL loss: 0.0002, total loss: 0.0257, anchor loss: 0.0512, VFL train accuracy: 1.0000
2026-04-15 10:56:39,318 - Epoch: 37, 221/274: VFL loss: 0.0002, total loss: 0.0257, anchor loss: 0.0512, VFL train accuracy: 1.0000
2026-04-15 10:56:39,808 - Epoch: 37, 231/274: VFL loss: 0.0002, total loss: 0.0257, anchor loss: 0.0512, VFL train accuracy: 1.0000
2026-04-15 10:56:40,288 - Epoch: 37, 241/274: VFL loss: 0.0002, total loss: 0.0257, anchor loss: 0.0512, VFL train accuracy: 1.0000
2026-04-15 10:56:40,787 - Epoch: 37, 251/274: VFL loss: 0.0002, total loss: 0.0257, anchor loss: 0.0512, VFL train accuracy: 1.0000
2026-04-15 10:56:41,270 - Epoch: 37, 261/274: VFL loss: 0.0002, total loss: 0.0257, anchor loss: 0.0512, VFL train accuracy: 1.0000
2026-04-15 10:56:41,740 - Epoch: 37, 271/274: VFL loss: 0.0002, total loss: 0.0257, anchor loss: 0.0512, VFL train accuracy: 1.0000
2026-04-15 10:56:41,891 - => Recorded Stage 2 client anchor losses for epoch 37 to './results/AVGuard/stage3_static_reliability_ablation_4clients/NUSWIDE_4clients_static_reliability_off\stage2_final_epoch_client_anchor_losses.json': {0: 0.019679, 1: 0.06159, 2: 0.054981, 3: 0.068622}
2026-04-15 10:56:41,892 - => Stage 2 EMA anchor update skipped at epoch 37 because update_freq=5
2026-04-15 10:56:41,892 - => Stage 2 Epoch 37 Training Summary: VFL loss: 0.0003, total loss: 0.0257, anchor loss: 0.0512, VFL train accuracy: 1.0000
2026-04-15 10:56:41,892 - => Test ASR...
2026-04-15 10:56:42,175 - =>Add Trigger to Test Data
2026-04-15 10:56:47,066 - Add Trigger to 37064 Bad Samples, 9629 Clean Samples (1.00)
2026-04-15 10:57:00,956 - => Test Epoch: 37, main task samples: 46693, attack samples: 46693, test loss: 1.3502, clean acc: 0.6168, Top-4: 0.9953, ASR: 0.4527, RAC: 0.4786, test target accuracy: 0.8793, stage3 final accuracy: 0.6168, stage3 final target accuracy: 0.6243, stage3 final asr: 0.4527, anchor loss: 0.0699
2026-04-15 10:57:00,956 - => Stage 3 Detection Summary: recall: 0.6230, precision: 0.0517, f1: 0.0954, false positive rate: 0.4096, correction rate: 0.3439
2026-04-15 10:57:00,957 - => Stage 3 Debug (clean): suspicious=19127/46693, correction_applied=19098, prediction_changed=19098, skipped_tied_vote=0, skipped_low_margin=0, skipped_other=29
2026-04-15 10:57:00,957 - => Stage 3 Debug (poison-valid): suspicious=20873/37064, correction_applied=20871, prediction_changed=20871, skipped_tied_vote=0, skipped_low_margin=0, skipped_other=2
2026-04-15 10:57:00,957 - => Stage 3 Debug (attack-success): suspicious=2067/3318, correction_applied=2065, prediction_changed=2065, corrected_to_true=1141
2026-04-15 10:57:00,957 - => Stage 2 checkpoint score: mean(clean_acc=0.6168, recall=0.6230, correction_rate=0.3439) = 0.5279
2026-04-15 10:57:01,026 - => End Epoch: 37, early stop epochs: 35, best epoch: 2, best clean acc: 0.5871, best Top-4: 0.9964, best ASR: 0.2702, best RAC: 0.6051, anchor loss: 0.0780, best checkpoint score: 0.7178
2026-04-15 10:57:01,026 - => Stage 3 Detection Summary: recall: 0.8799, precision: 0.3602, f1: 0.5111, false positive rate: 0.4276, correction rate: 0.6863
2026-04-15 10:57:01,073 - => LFBA current anchor-derived target label: 3
2026-04-15 10:57:01,157 - =>Add Trigger to Train Data
2026-04-15 10:57:01,556 - Add Trigger to 6996 Bad Samples, 62970 Clean Samples (0.10)
2026-04-15 10:57:01,560 - => Start Training for Injecting Backdoor...
2026-04-15 10:57:01,624 - Epoch: 38, 1/274: VFL loss: 0.0002, total loss: 0.0281, anchor loss: 0.0561, VFL train accuracy: 1.0000
2026-04-15 10:57:02,439 - Epoch: 38, 11/274: VFL loss: 0.0002, total loss: 0.0266, anchor loss: 0.0530, VFL train accuracy: 1.0000
2026-04-15 10:57:02,945 - Epoch: 38, 21/274: VFL loss: 0.0002, total loss: 0.0261, anchor loss: 0.0520, VFL train accuracy: 1.0000
2026-04-15 10:57:03,432 - Epoch: 38, 31/274: VFL loss: 0.0002, total loss: 0.0257, anchor loss: 0.0512, VFL train accuracy: 1.0000
2026-04-15 10:57:03,880 - Epoch: 38, 41/274: VFL loss: 0.0002, total loss: 0.0258, anchor loss: 0.0514, VFL train accuracy: 1.0000
2026-04-15 10:57:04,322 - Epoch: 38, 51/274: VFL loss: 0.0003, total loss: 0.0258, anchor loss: 0.0514, VFL train accuracy: 1.0000
2026-04-15 10:57:04,740 - Epoch: 38, 61/274: VFL loss: 0.0002, total loss: 0.0257, anchor loss: 0.0512, VFL train accuracy: 1.0000
2026-04-15 10:57:05,189 - Epoch: 38, 71/274: VFL loss: 0.0002, total loss: 0.0257, anchor loss: 0.0512, VFL train accuracy: 1.0000
2026-04-15 10:57:05,653 - Epoch: 38, 81/274: VFL loss: 0.0002, total loss: 0.0256, anchor loss: 0.0510, VFL train accuracy: 1.0000
2026-04-15 10:57:06,103 - Epoch: 38, 91/274: VFL loss: 0.0002, total loss: 0.0256, anchor loss: 0.0511, VFL train accuracy: 1.0000
2026-04-15 10:57:06,555 - Epoch: 38, 101/274: VFL loss: 0.0002, total loss: 0.0257, anchor loss: 0.0512, VFL train accuracy: 1.0000
2026-04-15 10:57:06,988 - Epoch: 38, 111/274: VFL loss: 0.0002, total loss: 0.0257, anchor loss: 0.0511, VFL train accuracy: 1.0000
2026-04-15 10:57:07,423 - Epoch: 38, 121/274: VFL loss: 0.0002, total loss: 0.0257, anchor loss: 0.0511, VFL train accuracy: 1.0000
2026-04-15 10:57:07,864 - Epoch: 38, 131/274: VFL loss: 0.0002, total loss: 0.0257, anchor loss: 0.0511, VFL train accuracy: 1.0000
2026-04-15 10:57:08,296 - Epoch: 38, 141/274: VFL loss: 0.0002, total loss: 0.0257, anchor loss: 0.0511, VFL train accuracy: 1.0000
2026-04-15 10:57:08,744 - Epoch: 38, 151/274: VFL loss: 0.0002, total loss: 0.0257, anchor loss: 0.0511, VFL train accuracy: 1.0000
2026-04-15 10:57:09,192 - Epoch: 38, 161/274: VFL loss: 0.0002, total loss: 0.0256, anchor loss: 0.0511, VFL train accuracy: 1.0000
2026-04-15 10:57:09,633 - Epoch: 38, 171/274: VFL loss: 0.0002, total loss: 0.0256, anchor loss: 0.0510, VFL train accuracy: 1.0000
2026-04-15 10:57:10,066 - Epoch: 38, 181/274: VFL loss: 0.0002, total loss: 0.0256, anchor loss: 0.0510, VFL train accuracy: 1.0000
2026-04-15 10:57:10,513 - Epoch: 38, 191/274: VFL loss: 0.0002, total loss: 0.0256, anchor loss: 0.0510, VFL train accuracy: 1.0000
2026-04-15 10:57:10,963 - Epoch: 38, 201/274: VFL loss: 0.0002, total loss: 0.0256, anchor loss: 0.0510, VFL train accuracy: 1.0000
2026-04-15 10:57:11,398 - Epoch: 38, 211/274: VFL loss: 0.0002, total loss: 0.0256, anchor loss: 0.0510, VFL train accuracy: 1.0000
2026-04-15 10:57:11,847 - Epoch: 38, 221/274: VFL loss: 0.0002, total loss: 0.0256, anchor loss: 0.0510, VFL train accuracy: 1.0000
2026-04-15 10:57:12,300 - Epoch: 38, 231/274: VFL loss: 0.0002, total loss: 0.0256, anchor loss: 0.0510, VFL train accuracy: 1.0000
2026-04-15 10:57:12,747 - Epoch: 38, 241/274: VFL loss: 0.0002, total loss: 0.0256, anchor loss: 0.0510, VFL train accuracy: 1.0000
2026-04-15 10:57:13,188 - Epoch: 38, 251/274: VFL loss: 0.0002, total loss: 0.0256, anchor loss: 0.0510, VFL train accuracy: 1.0000
2026-04-15 10:57:13,628 - Epoch: 38, 261/274: VFL loss: 0.0002, total loss: 0.0256, anchor loss: 0.0509, VFL train accuracy: 1.0000
2026-04-15 10:57:14,058 - Epoch: 38, 271/274: VFL loss: 0.0002, total loss: 0.0256, anchor loss: 0.0509, VFL train accuracy: 1.0000
2026-04-15 10:57:14,211 - => Recorded Stage 2 client anchor losses for epoch 38 to './results/AVGuard/stage3_static_reliability_ablation_4clients/NUSWIDE_4clients_static_reliability_off\stage2_final_epoch_client_anchor_losses.json': {0: 0.019305, 1: 0.061209, 2: 0.05487, 3: 0.068267}
2026-04-15 10:57:14,211 - => Stage 2 EMA anchor update skipped at epoch 38 because update_freq=5
2026-04-15 10:57:14,212 - => Stage 2 Epoch 38 Training Summary: VFL loss: 0.0002, total loss: 0.0256, anchor loss: 0.0509, VFL train accuracy: 1.0000
2026-04-15 10:57:14,212 - => Test ASR...
2026-04-15 10:57:14,334 - =>Add Trigger to Test Data
2026-04-15 10:57:18,633 - Add Trigger to 37064 Bad Samples, 9629 Clean Samples (1.00)
2026-04-15 10:57:32,245 - => Test Epoch: 38, main task samples: 46693, attack samples: 46693, test loss: 1.3842, clean acc: 0.6168, Top-4: 0.9953, ASR: 0.4479, RAC: 0.4797, test target accuracy: 0.8794, stage3 final accuracy: 0.6168, stage3 final target accuracy: 0.6223, stage3 final asr: 0.4479, anchor loss: 0.0698
2026-04-15 10:57:32,246 - => Stage 3 Detection Summary: recall: 0.6195, precision: 0.0513, f1: 0.0948, false positive rate: 0.4085, correction rate: 0.3423
2026-04-15 10:57:32,246 - => Stage 3 Debug (clean): suspicious=19073/46693, correction_applied=19044, prediction_changed=19044, skipped_tied_vote=0, skipped_low_margin=0, skipped_other=29
2026-04-15 10:57:32,246 - => Stage 3 Debug (poison-valid): suspicious=20789/37064, correction_applied=20787, prediction_changed=20787, skipped_tied_vote=0, skipped_low_margin=0, skipped_other=2
2026-04-15 10:57:32,246 - => Stage 3 Debug (attack-success): suspicious=2045/3301, correction_applied=2043, prediction_changed=2043, corrected_to_true=1130
2026-04-15 10:57:32,247 - => Stage 2 checkpoint score: mean(clean_acc=0.6168, recall=0.6195, correction_rate=0.3423) = 0.5262
2026-04-15 10:57:32,315 - => End Epoch: 38, early stop epochs: 36, best epoch: 2, best clean acc: 0.5871, best Top-4: 0.9964, best ASR: 0.2702, best RAC: 0.6051, anchor loss: 0.0780, best checkpoint score: 0.7178
2026-04-15 10:57:32,315 - => Stage 3 Detection Summary: recall: 0.8799, precision: 0.3602, f1: 0.5111, false positive rate: 0.4276, correction rate: 0.6863
2026-04-15 10:57:32,357 - => LFBA current anchor-derived target label: 3
2026-04-15 10:57:32,448 - =>Add Trigger to Train Data
2026-04-15 10:57:33,193 - Add Trigger to 6996 Bad Samples, 62970 Clean Samples (0.10)
2026-04-15 10:57:33,197 - => Start Training for Injecting Backdoor...
2026-04-15 10:57:33,269 - Epoch: 39, 1/274: VFL loss: 0.0001, total loss: 0.0258, anchor loss: 0.0515, VFL train accuracy: 1.0000
2026-04-15 10:57:34,019 - Epoch: 39, 11/274: VFL loss: 0.0002, total loss: 0.0247, anchor loss: 0.0492, VFL train accuracy: 1.0000
2026-04-15 10:57:34,469 - Epoch: 39, 21/274: VFL loss: 0.0002, total loss: 0.0254, anchor loss: 0.0505, VFL train accuracy: 1.0000
2026-04-15 10:57:34,916 - Epoch: 39, 31/274: VFL loss: 0.0002, total loss: 0.0253, anchor loss: 0.0504, VFL train accuracy: 1.0000
2026-04-15 10:57:35,362 - Epoch: 39, 41/274: VFL loss: 0.0002, total loss: 0.0253, anchor loss: 0.0503, VFL train accuracy: 1.0000
2026-04-15 10:57:35,825 - Epoch: 39, 51/274: VFL loss: 0.0004, total loss: 0.0253, anchor loss: 0.0503, VFL train accuracy: 0.9999
2026-04-15 10:57:36,252 - Epoch: 39, 61/274: VFL loss: 0.0003, total loss: 0.0252, anchor loss: 0.0501, VFL train accuracy: 0.9999
2026-04-15 10:57:36,693 - Epoch: 39, 71/274: VFL loss: 0.0003, total loss: 0.0253, anchor loss: 0.0503, VFL train accuracy: 0.9999
2026-04-15 10:57:37,126 - Epoch: 39, 81/274: VFL loss: 0.0003, total loss: 0.0254, anchor loss: 0.0505, VFL train accuracy: 1.0000
2026-04-15 10:57:37,569 - Epoch: 39, 91/274: VFL loss: 0.0003, total loss: 0.0254, anchor loss: 0.0505, VFL train accuracy: 1.0000
2026-04-15 10:57:38,005 - Epoch: 39, 101/274: VFL loss: 0.0003, total loss: 0.0254, anchor loss: 0.0505, VFL train accuracy: 1.0000
2026-04-15 10:57:38,438 - Epoch: 39, 111/274: VFL loss: 0.0003, total loss: 0.0254, anchor loss: 0.0504, VFL train accuracy: 1.0000
2026-04-15 10:57:38,868 - Epoch: 39, 121/274: VFL loss: 0.0003, total loss: 0.0254, anchor loss: 0.0505, VFL train accuracy: 1.0000
2026-04-15 10:57:39,316 - Epoch: 39, 131/274: VFL loss: 0.0003, total loss: 0.0254, anchor loss: 0.0505, VFL train accuracy: 1.0000
2026-04-15 10:57:39,755 - Epoch: 39, 141/274: VFL loss: 0.0003, total loss: 0.0254, anchor loss: 0.0505, VFL train accuracy: 1.0000
2026-04-15 10:57:40,185 - Epoch: 39, 151/274: VFL loss: 0.0003, total loss: 0.0254, anchor loss: 0.0504, VFL train accuracy: 1.0000
2026-04-15 10:57:40,639 - Epoch: 39, 161/274: VFL loss: 0.0003, total loss: 0.0254, anchor loss: 0.0505, VFL train accuracy: 1.0000
2026-04-15 10:57:41,063 - Epoch: 39, 171/274: VFL loss: 0.0003, total loss: 0.0254, anchor loss: 0.0505, VFL train accuracy: 1.0000
2026-04-15 10:57:41,515 - Epoch: 39, 181/274: VFL loss: 0.0002, total loss: 0.0253, anchor loss: 0.0504, VFL train accuracy: 1.0000
2026-04-15 10:57:41,942 - Epoch: 39, 191/274: VFL loss: 0.0002, total loss: 0.0254, anchor loss: 0.0505, VFL train accuracy: 1.0000
2026-04-15 10:57:42,376 - Epoch: 39, 201/274: VFL loss: 0.0002, total loss: 0.0254, anchor loss: 0.0505, VFL train accuracy: 1.0000
2026-04-15 10:57:42,832 - Epoch: 39, 211/274: VFL loss: 0.0002, total loss: 0.0254, anchor loss: 0.0505, VFL train accuracy: 1.0000
2026-04-15 10:57:43,262 - Epoch: 39, 221/274: VFL loss: 0.0002, total loss: 0.0254, anchor loss: 0.0506, VFL train accuracy: 1.0000
2026-04-15 10:57:43,696 - Epoch: 39, 231/274: VFL loss: 0.0002, total loss: 0.0254, anchor loss: 0.0506, VFL train accuracy: 1.0000
2026-04-15 10:57:44,124 - Epoch: 39, 241/274: VFL loss: 0.0002, total loss: 0.0254, anchor loss: 0.0506, VFL train accuracy: 1.0000
2026-04-15 10:57:44,554 - Epoch: 39, 251/274: VFL loss: 0.0002, total loss: 0.0254, anchor loss: 0.0506, VFL train accuracy: 1.0000
2026-04-15 10:57:44,996 - Epoch: 39, 261/274: VFL loss: 0.0002, total loss: 0.0254, anchor loss: 0.0506, VFL train accuracy: 1.0000
2026-04-15 10:57:45,442 - Epoch: 39, 271/274: VFL loss: 0.0002, total loss: 0.0255, anchor loss: 0.0507, VFL train accuracy: 1.0000
2026-04-15 10:57:45,593 - => Recorded Stage 2 client anchor losses for epoch 39 to './results/AVGuard/stage3_static_reliability_ablation_4clients/NUSWIDE_4clients_static_reliability_off\stage2_final_epoch_client_anchor_losses.json': {0: 0.01896, 1: 0.060863, 2: 0.054781, 3: 0.068111}
2026-04-15 10:57:45,594 - => Stage 2 EMA anchor update skipped at epoch 39 because update_freq=5
2026-04-15 10:57:45,594 - => Stage 2 Epoch 39 Training Summary: VFL loss: 0.0002, total loss: 0.0255, anchor loss: 0.0507, VFL train accuracy: 1.0000
2026-04-15 10:57:45,595 - => Test ASR...
2026-04-15 10:57:45,713 - =>Add Trigger to Test Data
2026-04-15 10:57:50,274 - Add Trigger to 37064 Bad Samples, 9629 Clean Samples (1.00)
2026-04-15 10:58:04,408 - => Test Epoch: 39, main task samples: 46693, attack samples: 46693, test loss: 1.4164, clean acc: 0.6169, Top-4: 0.9952, ASR: 0.4455, RAC: 0.4789, test target accuracy: 0.8796, stage3 final accuracy: 0.6169, stage3 final target accuracy: 0.6205, stage3 final asr: 0.4455, anchor loss: 0.0697
2026-04-15 10:58:04,408 - => Stage 3 Detection Summary: recall: 0.6230, precision: 0.0513, f1: 0.0949, false positive rate: 0.4093, correction rate: 0.3415
2026-04-15 10:58:04,408 - => Stage 3 Debug (clean): suspicious=19110/46693, correction_applied=19081, prediction_changed=19081, skipped_tied_vote=0, skipped_low_margin=0, skipped_other=29
2026-04-15 10:58:04,408 - => Stage 3 Debug (poison-valid): suspicious=20859/37064, correction_applied=20858, prediction_changed=20858, skipped_tied_vote=0, skipped_low_margin=0, skipped_other=1
2026-04-15 10:58:04,408 - => Stage 3 Debug (attack-success): suspicious=2052/3294, correction_applied=2051, prediction_changed=2051, corrected_to_true=1125
2026-04-15 10:58:04,409 - => Stage 2 checkpoint score: mean(clean_acc=0.6169, recall=0.6230, correction_rate=0.3415) = 0.5271
2026-04-15 10:58:04,475 - => End Epoch: 39, early stop epochs: 37, best epoch: 2, best clean acc: 0.5871, best Top-4: 0.9964, best ASR: 0.2702, best RAC: 0.6051, anchor loss: 0.0780, best checkpoint score: 0.7178
2026-04-15 10:58:04,476 - => Stage 3 Detection Summary: recall: 0.8799, precision: 0.3602, f1: 0.5111, false positive rate: 0.4276, correction rate: 0.6863
2026-04-15 10:58:04,516 - => LFBA current anchor-derived target label: 3
2026-04-15 10:58:04,604 - =>Add Trigger to Train Data
2026-04-15 10:58:05,009 - Add Trigger to 6996 Bad Samples, 62970 Clean Samples (0.10)
2026-04-15 10:58:05,012 - => Start Training for Injecting Backdoor...
2026-04-15 10:58:05,074 - Epoch: 40, 1/274: VFL loss: 0.0001, total loss: 0.0263, anchor loss: 0.0526, VFL train accuracy: 1.0000
2026-04-15 10:58:05,761 - Epoch: 40, 11/274: VFL loss: 0.0002, total loss: 0.0256, anchor loss: 0.0509, VFL train accuracy: 1.0000
2026-04-15 10:58:06,404 - Epoch: 40, 21/274: VFL loss: 0.0001, total loss: 0.0255, anchor loss: 0.0508, VFL train accuracy: 1.0000
2026-04-15 10:58:06,882 - Epoch: 40, 31/274: VFL loss: 0.0002, total loss: 0.0254, anchor loss: 0.0506, VFL train accuracy: 1.0000
2026-04-15 10:58:07,332 - Epoch: 40, 41/274: VFL loss: 0.0003, total loss: 0.0254, anchor loss: 0.0506, VFL train accuracy: 1.0000
2026-04-15 10:58:07,786 - Epoch: 40, 51/274: VFL loss: 0.0002, total loss: 0.0253, anchor loss: 0.0504, VFL train accuracy: 1.0000
2026-04-15 10:58:08,244 - Epoch: 40, 61/274: VFL loss: 0.0002, total loss: 0.0254, anchor loss: 0.0506, VFL train accuracy: 1.0000
2026-04-15 10:58:08,690 - Epoch: 40, 71/274: VFL loss: 0.0003, total loss: 0.0255, anchor loss: 0.0508, VFL train accuracy: 0.9999
2026-04-15 10:58:09,169 - Epoch: 40, 81/274: VFL loss: 0.0003, total loss: 0.0255, anchor loss: 0.0507, VFL train accuracy: 1.0000
2026-04-15 10:58:09,599 - Epoch: 40, 91/274: VFL loss: 0.0002, total loss: 0.0254, anchor loss: 0.0506, VFL train accuracy: 1.0000
2026-04-15 10:58:10,081 - Epoch: 40, 101/274: VFL loss: 0.0002, total loss: 0.0255, anchor loss: 0.0507, VFL train accuracy: 1.0000
2026-04-15 10:58:10,544 - Epoch: 40, 111/274: VFL loss: 0.0002, total loss: 0.0255, anchor loss: 0.0507, VFL train accuracy: 1.0000
2026-04-15 10:58:11,018 - Epoch: 40, 121/274: VFL loss: 0.0002, total loss: 0.0254, anchor loss: 0.0506, VFL train accuracy: 1.0000
2026-04-15 10:58:11,487 - Epoch: 40, 131/274: VFL loss: 0.0002, total loss: 0.0254, anchor loss: 0.0506, VFL train accuracy: 1.0000
2026-04-15 10:58:11,956 - Epoch: 40, 141/274: VFL loss: 0.0002, total loss: 0.0254, anchor loss: 0.0505, VFL train accuracy: 1.0000
2026-04-15 10:58:12,421 - Epoch: 40, 151/274: VFL loss: 0.0002, total loss: 0.0254, anchor loss: 0.0506, VFL train accuracy: 1.0000
2026-04-15 10:58:12,880 - Epoch: 40, 161/274: VFL loss: 0.0002, total loss: 0.0254, anchor loss: 0.0505, VFL train accuracy: 1.0000
2026-04-15 10:58:13,332 - Epoch: 40, 171/274: VFL loss: 0.0002, total loss: 0.0254, anchor loss: 0.0505, VFL train accuracy: 1.0000
2026-04-15 10:58:13,812 - Epoch: 40, 181/274: VFL loss: 0.0002, total loss: 0.0254, anchor loss: 0.0505, VFL train accuracy: 1.0000
2026-04-15 10:58:14,280 - Epoch: 40, 191/274: VFL loss: 0.0002, total loss: 0.0254, anchor loss: 0.0505, VFL train accuracy: 1.0000
2026-04-15 10:58:14,725 - Epoch: 40, 201/274: VFL loss: 0.0002, total loss: 0.0254, anchor loss: 0.0505, VFL train accuracy: 1.0000
2026-04-15 10:58:15,165 - Epoch: 40, 211/274: VFL loss: 0.0002, total loss: 0.0253, anchor loss: 0.0504, VFL train accuracy: 1.0000
2026-04-15 10:58:15,611 - Epoch: 40, 221/274: VFL loss: 0.0002, total loss: 0.0253, anchor loss: 0.0505, VFL train accuracy: 1.0000
2026-04-15 10:58:16,067 - Epoch: 40, 231/274: VFL loss: 0.0002, total loss: 0.0253, anchor loss: 0.0504, VFL train accuracy: 1.0000
2026-04-15 10:58:16,494 - Epoch: 40, 241/274: VFL loss: 0.0002, total loss: 0.0253, anchor loss: 0.0504, VFL train accuracy: 1.0000
2026-04-15 10:58:16,915 - Epoch: 40, 251/274: VFL loss: 0.0002, total loss: 0.0253, anchor loss: 0.0504, VFL train accuracy: 1.0000
2026-04-15 10:58:17,368 - Epoch: 40, 261/274: VFL loss: 0.0002, total loss: 0.0253, anchor loss: 0.0504, VFL train accuracy: 1.0000
2026-04-15 10:58:17,792 - Epoch: 40, 271/274: VFL loss: 0.0002, total loss: 0.0253, anchor loss: 0.0504, VFL train accuracy: 1.0000
2026-04-15 10:58:17,931 - => Recorded Stage 2 client anchor losses for epoch 40 to './results/AVGuard/stage3_static_reliability_ablation_4clients/NUSWIDE_4clients_static_reliability_off\stage2_final_epoch_client_anchor_losses.json': {0: 0.018636, 1: 0.060502, 2: 0.054675, 3: 0.067786}
2026-04-15 10:58:17,939 - => Stage 2 EMA anchor update applied at epoch 40 with momentum 0.9950: updated classes per client {0: 5, 1: 5, 2: 5, 3: 5}
2026-04-15 10:58:17,939 - => Stage 2 Epoch 40 Training Summary: VFL loss: 0.0002, total loss: 0.0253, anchor loss: 0.0504, VFL train accuracy: 1.0000
2026-04-15 10:58:17,939 - => Test ASR...
2026-04-15 10:58:18,068 - =>Add Trigger to Test Data
2026-04-15 10:58:22,459 - Add Trigger to 37064 Bad Samples, 9629 Clean Samples (1.00)
2026-04-15 10:58:35,769 - => Test Epoch: 40, main task samples: 46693, attack samples: 46693, test loss: 1.4508, clean acc: 0.6177, Top-4: 0.9951, ASR: 0.4436, RAC: 0.4797, test target accuracy: 0.8826, stage3 final accuracy: 0.6177, stage3 final target accuracy: 0.6217, stage3 final asr: 0.4436, anchor loss: 0.0694
2026-04-15 10:58:35,770 - => Stage 3 Detection Summary: recall: 0.6117, precision: 0.0495, f1: 0.0916, false positive rate: 0.4076, correction rate: 0.3392
2026-04-15 10:58:35,770 - => Stage 3 Debug (clean): suspicious=19034/46693, correction_applied=19006, prediction_changed=19006, skipped_tied_vote=0, skipped_low_margin=0, skipped_other=28
2026-04-15 10:58:35,770 - => Stage 3 Debug (poison-valid): suspicious=20791/37064, correction_applied=20786, prediction_changed=20786, skipped_tied_vote=0, skipped_low_margin=0, skipped_other=5
2026-04-15 10:58:35,770 - => Stage 3 Debug (attack-success): suspicious=1971/3222, correction_applied=1967, prediction_changed=1967, corrected_to_true=1093
2026-04-15 10:58:35,771 - => Stage 2 checkpoint score: mean(clean_acc=0.6177, recall=0.6117, correction_rate=0.3392) = 0.5229
2026-04-15 10:58:35,838 - => End Epoch: 40, early stop epochs: 38, best epoch: 2, best clean acc: 0.5871, best Top-4: 0.9964, best ASR: 0.2702, best RAC: 0.6051, anchor loss: 0.0780, best checkpoint score: 0.7178
2026-04-15 10:58:35,838 - => Stage 3 Detection Summary: recall: 0.8799, precision: 0.3602, f1: 0.5111, false positive rate: 0.4276, correction rate: 0.6863
2026-04-15 10:58:35,883 - => LFBA current anchor-derived target label: 3
2026-04-15 10:58:35,975 - =>Add Trigger to Train Data
2026-04-15 10:58:36,341 - Add Trigger to 6996 Bad Samples, 62970 Clean Samples (0.10)
2026-04-15 10:58:36,346 - => Start Training for Injecting Backdoor...
2026-04-15 10:58:36,397 - Epoch: 41, 1/274: VFL loss: 0.0002, total loss: 0.0221, anchor loss: 0.0441, VFL train accuracy: 1.0000
2026-04-15 10:58:37,086 - Epoch: 41, 11/274: VFL loss: 0.0001, total loss: 0.0253, anchor loss: 0.0506, VFL train accuracy: 1.0000
2026-04-15 10:58:37,509 - Epoch: 41, 21/274: VFL loss: 0.0002, total loss: 0.0249, anchor loss: 0.0496, VFL train accuracy: 1.0000
2026-04-15 10:58:37,954 - Epoch: 41, 31/274: VFL loss: 0.0002, total loss: 0.0246, anchor loss: 0.0490, VFL train accuracy: 1.0000
2026-04-15 10:58:38,388 - Epoch: 41, 41/274: VFL loss: 0.0001, total loss: 0.0248, anchor loss: 0.0494, VFL train accuracy: 1.0000
2026-04-15 10:58:38,826 - Epoch: 41, 51/274: VFL loss: 0.0001, total loss: 0.0249, anchor loss: 0.0497, VFL train accuracy: 1.0000
2026-04-15 10:58:39,253 - Epoch: 41, 61/274: VFL loss: 0.0001, total loss: 0.0249, anchor loss: 0.0497, VFL train accuracy: 1.0000
2026-04-15 10:58:39,682 - Epoch: 41, 71/274: VFL loss: 0.0002, total loss: 0.0249, anchor loss: 0.0497, VFL train accuracy: 1.0000
2026-04-15 10:58:40,120 - Epoch: 41, 81/274: VFL loss: 0.0002, total loss: 0.0249, anchor loss: 0.0497, VFL train accuracy: 1.0000
2026-04-15 10:58:40,553 - Epoch: 41, 91/274: VFL loss: 0.0002, total loss: 0.0249, anchor loss: 0.0497, VFL train accuracy: 1.0000
2026-04-15 10:58:40,985 - Epoch: 41, 101/274: VFL loss: 0.0001, total loss: 0.0249, anchor loss: 0.0497, VFL train accuracy: 1.0000
2026-04-15 10:58:41,430 - Epoch: 41, 111/274: VFL loss: 0.0001, total loss: 0.0249, anchor loss: 0.0497, VFL train accuracy: 1.0000
2026-04-15 10:58:41,873 - Epoch: 41, 121/274: VFL loss: 0.0001, total loss: 0.0249, anchor loss: 0.0496, VFL train accuracy: 1.0000
2026-04-15 10:58:42,348 - Epoch: 41, 131/274: VFL loss: 0.0002, total loss: 0.0249, anchor loss: 0.0497, VFL train accuracy: 1.0000
2026-04-15 10:58:42,818 - Epoch: 41, 141/274: VFL loss: 0.0001, total loss: 0.0249, anchor loss: 0.0497, VFL train accuracy: 1.0000
2026-04-15 10:58:43,251 - Epoch: 41, 151/274: VFL loss: 0.0002, total loss: 0.0249, anchor loss: 0.0497, VFL train accuracy: 1.0000
2026-04-15 10:58:43,675 - Epoch: 41, 161/274: VFL loss: 0.0002, total loss: 0.0250, anchor loss: 0.0498, VFL train accuracy: 1.0000
2026-04-15 10:58:44,119 - Epoch: 41, 171/274: VFL loss: 0.0002, total loss: 0.0250, anchor loss: 0.0499, VFL train accuracy: 1.0000
2026-04-15 10:58:44,560 - Epoch: 41, 181/274: VFL loss: 0.0002, total loss: 0.0250, anchor loss: 0.0498, VFL train accuracy: 1.0000
2026-04-15 10:58:45,020 - Epoch: 41, 191/274: VFL loss: 0.0002, total loss: 0.0249, anchor loss: 0.0497, VFL train accuracy: 1.0000
2026-04-15 10:58:45,468 - Epoch: 41, 201/274: VFL loss: 0.0001, total loss: 0.0249, anchor loss: 0.0497, VFL train accuracy: 1.0000
2026-04-15 10:58:45,916 - Epoch: 41, 211/274: VFL loss: 0.0002, total loss: 0.0249, anchor loss: 0.0497, VFL train accuracy: 1.0000
2026-04-15 10:58:46,377 - Epoch: 41, 221/274: VFL loss: 0.0002, total loss: 0.0250, anchor loss: 0.0498, VFL train accuracy: 1.0000
2026-04-15 10:58:46,835 - Epoch: 41, 231/274: VFL loss: 0.0001, total loss: 0.0250, anchor loss: 0.0498, VFL train accuracy: 1.0000
2026-04-15 10:58:47,288 - Epoch: 41, 241/274: VFL loss: 0.0001, total loss: 0.0250, anchor loss: 0.0498, VFL train accuracy: 1.0000
2026-04-15 10:58:47,735 - Epoch: 41, 251/274: VFL loss: 0.0001, total loss: 0.0250, anchor loss: 0.0498, VFL train accuracy: 1.0000
2026-04-15 10:58:48,171 - Epoch: 41, 261/274: VFL loss: 0.0002, total loss: 0.0250, anchor loss: 0.0498, VFL train accuracy: 1.0000
2026-04-15 10:58:48,612 - Epoch: 41, 271/274: VFL loss: 0.0002, total loss: 0.0250, anchor loss: 0.0498, VFL train accuracy: 1.0000
2026-04-15 10:58:48,756 - => Recorded Stage 2 client anchor losses for epoch 41 to './results/AVGuard/stage3_static_reliability_ablation_4clients/NUSWIDE_4clients_static_reliability_off\stage2_final_epoch_client_anchor_losses.json': {0: 0.018156, 1: 0.059775, 2: 0.054164, 3: 0.067219}
2026-04-15 10:58:48,756 - => Stage 2 EMA anchor update skipped at epoch 41 because update_freq=5
2026-04-15 10:58:48,756 - => Stage 2 Epoch 41 Training Summary: VFL loss: 0.0002, total loss: 0.0250, anchor loss: 0.0498, VFL train accuracy: 1.0000
2026-04-15 10:58:48,757 - => Test ASR...
2026-04-15 10:58:48,877 - =>Add Trigger to Test Data
2026-04-15 10:58:53,381 - Add Trigger to 37064 Bad Samples, 9629 Clean Samples (1.00)
2026-04-15 10:59:07,004 - => Test Epoch: 41, main task samples: 46693, attack samples: 46693, test loss: 1.4553, clean acc: 0.6184, Top-4: 0.9951, ASR: 0.4425, RAC: 0.4798, test target accuracy: 0.8812, stage3 final accuracy: 0.6184, stage3 final target accuracy: 0.6204, stage3 final asr: 0.4425, anchor loss: 0.0694
2026-04-15 10:59:07,004 - => Stage 3 Detection Summary: recall: 0.6091, precision: 0.0480, f1: 0.0889, false positive rate: 0.4070, correction rate: 0.3325
2026-04-15 10:59:07,005 - => Stage 3 Debug (clean): suspicious=19006/46693, correction_applied=18977, prediction_changed=18977, skipped_tied_vote=0, skipped_low_margin=0, skipped_other=29
2026-04-15 10:59:07,005 - => Stage 3 Debug (poison-valid): suspicious=20745/37064, correction_applied=20744, prediction_changed=20744, skipped_tied_vote=0, skipped_low_margin=0, skipped_other=1
2026-04-15 10:59:07,005 - => Stage 3 Debug (attack-success): suspicious=1907/3131, correction_applied=1906, prediction_changed=1906, corrected_to_true=1041
2026-04-15 10:59:07,005 - => Stage 2 checkpoint score: mean(clean_acc=0.6184, recall=0.6091, correction_rate=0.3325) = 0.5200
2026-04-15 10:59:07,079 - => End Epoch: 41, early stop epochs: 39, best epoch: 2, best clean acc: 0.5871, best Top-4: 0.9964, best ASR: 0.2702, best RAC: 0.6051, anchor loss: 0.0780, best checkpoint score: 0.7178
2026-04-15 10:59:07,079 - => Stage 3 Detection Summary: recall: 0.8799, precision: 0.3602, f1: 0.5111, false positive rate: 0.4276, correction rate: 0.6863
2026-04-15 10:59:07,121 - => LFBA current anchor-derived target label: 3
2026-04-15 10:59:07,213 - =>Add Trigger to Train Data
2026-04-15 10:59:07,680 - Add Trigger to 6996 Bad Samples, 62970 Clean Samples (0.10)
2026-04-15 10:59:07,686 - => Start Training for Injecting Backdoor...
2026-04-15 10:59:07,750 - Epoch: 42, 1/274: VFL loss: 0.0002, total loss: 0.0277, anchor loss: 0.0551, VFL train accuracy: 1.0000
2026-04-15 10:59:08,598 - Epoch: 42, 11/274: VFL loss: 0.0002, total loss: 0.0254, anchor loss: 0.0507, VFL train accuracy: 1.0000
2026-04-15 10:59:09,116 - Epoch: 42, 21/274: VFL loss: 0.0002, total loss: 0.0249, anchor loss: 0.0496, VFL train accuracy: 1.0000
2026-04-15 10:59:09,625 - Epoch: 42, 31/274: VFL loss: 0.0001, total loss: 0.0247, anchor loss: 0.0493, VFL train accuracy: 1.0000
2026-04-15 10:59:10,147 - Epoch: 42, 41/274: VFL loss: 0.0001, total loss: 0.0249, anchor loss: 0.0498, VFL train accuracy: 1.0000
2026-04-15 10:59:10,696 - Epoch: 42, 51/274: VFL loss: 0.0001, total loss: 0.0248, anchor loss: 0.0495, VFL train accuracy: 1.0000
2026-04-15 10:59:11,248 - Epoch: 42, 61/274: VFL loss: 0.0001, total loss: 0.0249, anchor loss: 0.0496, VFL train accuracy: 1.0000
2026-04-15 10:59:11,815 - Epoch: 42, 71/274: VFL loss: 0.0001, total loss: 0.0249, anchor loss: 0.0496, VFL train accuracy: 1.0000
2026-04-15 10:59:12,355 - Epoch: 42, 81/274: VFL loss: 0.0001, total loss: 0.0250, anchor loss: 0.0498, VFL train accuracy: 1.0000
2026-04-15 10:59:12,828 - Epoch: 42, 91/274: VFL loss: 0.0001, total loss: 0.0250, anchor loss: 0.0499, VFL train accuracy: 1.0000
2026-04-15 10:59:13,281 - Epoch: 42, 101/274: VFL loss: 0.0001, total loss: 0.0250, anchor loss: 0.0498, VFL train accuracy: 1.0000
2026-04-15 10:59:13,721 - Epoch: 42, 111/274: VFL loss: 0.0001, total loss: 0.0250, anchor loss: 0.0499, VFL train accuracy: 1.0000
2026-04-15 10:59:14,199 - Epoch: 42, 121/274: VFL loss: 0.0001, total loss: 0.0250, anchor loss: 0.0498, VFL train accuracy: 1.0000
2026-04-15 10:59:14,680 - Epoch: 42, 131/274: VFL loss: 0.0001, total loss: 0.0249, anchor loss: 0.0497, VFL train accuracy: 1.0000
2026-04-15 10:59:15,126 - Epoch: 42, 141/274: VFL loss: 0.0002, total loss: 0.0249, anchor loss: 0.0497, VFL train accuracy: 1.0000
2026-04-15 10:59:15,593 - Epoch: 42, 151/274: VFL loss: 0.0002, total loss: 0.0250, anchor loss: 0.0498, VFL train accuracy: 1.0000
2026-04-15 10:59:16,068 - Epoch: 42, 161/274: VFL loss: 0.0002, total loss: 0.0250, anchor loss: 0.0498, VFL train accuracy: 1.0000
2026-04-15 10:59:16,542 - Epoch: 42, 171/274: VFL loss: 0.0001, total loss: 0.0250, anchor loss: 0.0498, VFL train accuracy: 1.0000
2026-04-15 10:59:17,004 - Epoch: 42, 181/274: VFL loss: 0.0002, total loss: 0.0249, anchor loss: 0.0497, VFL train accuracy: 1.0000
2026-04-15 10:59:17,477 - Epoch: 42, 191/274: VFL loss: 0.0001, total loss: 0.0249, anchor loss: 0.0497, VFL train accuracy: 1.0000
2026-04-15 10:59:17,909 - Epoch: 42, 201/274: VFL loss: 0.0002, total loss: 0.0250, anchor loss: 0.0498, VFL train accuracy: 1.0000
2026-04-15 10:59:18,359 - Epoch: 42, 211/274: VFL loss: 0.0002, total loss: 0.0249, anchor loss: 0.0497, VFL train accuracy: 1.0000
2026-04-15 10:59:18,797 - Epoch: 42, 221/274: VFL loss: 0.0002, total loss: 0.0249, anchor loss: 0.0497, VFL train accuracy: 1.0000
2026-04-15 10:59:19,254 - Epoch: 42, 231/274: VFL loss: 0.0002, total loss: 0.0249, anchor loss: 0.0497, VFL train accuracy: 1.0000
2026-04-15 10:59:19,731 - Epoch: 42, 241/274: VFL loss: 0.0002, total loss: 0.0249, anchor loss: 0.0497, VFL train accuracy: 1.0000
2026-04-15 10:59:20,179 - Epoch: 42, 251/274: VFL loss: 0.0002, total loss: 0.0249, anchor loss: 0.0497, VFL train accuracy: 1.0000
2026-04-15 10:59:20,634 - Epoch: 42, 261/274: VFL loss: 0.0001, total loss: 0.0249, anchor loss: 0.0497, VFL train accuracy: 1.0000
2026-04-15 10:59:21,058 - Epoch: 42, 271/274: VFL loss: 0.0001, total loss: 0.0250, anchor loss: 0.0498, VFL train accuracy: 1.0000
2026-04-15 10:59:21,191 - => Recorded Stage 2 client anchor losses for epoch 42 to './results/AVGuard/stage3_static_reliability_ablation_4clients/NUSWIDE_4clients_static_reliability_off\stage2_final_epoch_client_anchor_losses.json': {0: 0.018113, 1: 0.059704, 2: 0.05414, 3: 0.067087}
2026-04-15 10:59:21,193 - => Stage 2 EMA anchor update skipped at epoch 42 because update_freq=5
2026-04-15 10:59:21,193 - => Stage 2 Epoch 42 Training Summary: VFL loss: 0.0001, total loss: 0.0250, anchor loss: 0.0498, VFL train accuracy: 1.0000
2026-04-15 10:59:21,193 - => Test ASR...
2026-04-15 10:59:21,302 - =>Add Trigger to Test Data
2026-04-15 10:59:25,941 - Add Trigger to 37064 Bad Samples, 9629 Clean Samples (1.00)
2026-04-15 10:59:39,796 - => Test Epoch: 42, main task samples: 46693, attack samples: 46693, test loss: 1.4599, clean acc: 0.6185, Top-4: 0.9951, ASR: 0.4434, RAC: 0.4798, test target accuracy: 0.8811, stage3 final accuracy: 0.6185, stage3 final target accuracy: 0.6219, stage3 final asr: 0.4434, anchor loss: 0.0693
2026-04-15 10:59:39,796 - => Stage 3 Detection Summary: recall: 0.6058, precision: 0.0477, f1: 0.0884, false positive rate: 0.4068, correction rate: 0.3329
2026-04-15 10:59:39,797 - => Stage 3 Debug (clean): suspicious=18996/46693, correction_applied=18967, prediction_changed=18967, skipped_tied_vote=0, skipped_low_margin=0, skipped_other=29
2026-04-15 10:59:39,797 - => Stage 3 Debug (poison-valid): suspicious=20747/37064, correction_applied=20747, prediction_changed=20747, skipped_tied_vote=0, skipped_low_margin=0, skipped_other=0
2026-04-15 10:59:39,797 - => Stage 3 Debug (attack-success): suspicious=1896/3130, correction_applied=1896, prediction_changed=1896, corrected_to_true=1042
2026-04-15 10:59:39,797 - => Stage 2 checkpoint score: mean(clean_acc=0.6185, recall=0.6058, correction_rate=0.3329) = 0.5190
2026-04-15 10:59:39,866 - => End Epoch: 42, early stop epochs: 40, best epoch: 2, best clean acc: 0.5871, best Top-4: 0.9964, best ASR: 0.2702, best RAC: 0.6051, anchor loss: 0.0780, best checkpoint score: 0.7178
2026-04-15 10:59:39,866 - => Stage 3 Detection Summary: recall: 0.8799, precision: 0.3602, f1: 0.5111, false positive rate: 0.4276, correction rate: 0.6863
2026-04-15 10:59:39,912 - => LFBA current anchor-derived target label: 3
2026-04-15 10:59:39,998 - =>Add Trigger to Train Data
2026-04-15 10:59:40,484 - Add Trigger to 6996 Bad Samples, 62970 Clean Samples (0.10)
2026-04-15 10:59:40,487 - => Start Training for Injecting Backdoor...
2026-04-15 10:59:40,548 - Epoch: 43, 1/274: VFL loss: 0.0003, total loss: 0.0267, anchor loss: 0.0532, VFL train accuracy: 1.0000
2026-04-15 10:59:41,332 - Epoch: 43, 11/274: VFL loss: 0.0001, total loss: 0.0253, anchor loss: 0.0505, VFL train accuracy: 1.0000
2026-04-15 10:59:41,836 - Epoch: 43, 21/274: VFL loss: 0.0001, total loss: 0.0252, anchor loss: 0.0503, VFL train accuracy: 1.0000
2026-04-15 10:59:42,310 - Epoch: 43, 31/274: VFL loss: 0.0001, total loss: 0.0252, anchor loss: 0.0502, VFL train accuracy: 1.0000
2026-04-15 10:59:42,793 - Epoch: 43, 41/274: VFL loss: 0.0001, total loss: 0.0254, anchor loss: 0.0506, VFL train accuracy: 1.0000
2026-04-15 10:59:43,290 - Epoch: 43, 51/274: VFL loss: 0.0001, total loss: 0.0252, anchor loss: 0.0502, VFL train accuracy: 1.0000
2026-04-15 10:59:43,777 - Epoch: 43, 61/274: VFL loss: 0.0001, total loss: 0.0252, anchor loss: 0.0502, VFL train accuracy: 1.0000
2026-04-15 10:59:44,277 - Epoch: 43, 71/274: VFL loss: 0.0001, total loss: 0.0251, anchor loss: 0.0500, VFL train accuracy: 1.0000
2026-04-15 10:59:44,809 - Epoch: 43, 81/274: VFL loss: 0.0001, total loss: 0.0250, anchor loss: 0.0499, VFL train accuracy: 1.0000
2026-04-15 10:59:45,382 - Epoch: 43, 91/274: VFL loss: 0.0001, total loss: 0.0250, anchor loss: 0.0499, VFL train accuracy: 1.0000
2026-04-15 10:59:45,947 - Epoch: 43, 101/274: VFL loss: 0.0001, total loss: 0.0250, anchor loss: 0.0498, VFL train accuracy: 1.0000
2026-04-15 10:59:46,417 - Epoch: 43, 111/274: VFL loss: 0.0001, total loss: 0.0249, anchor loss: 0.0498, VFL train accuracy: 1.0000
2026-04-15 10:59:46,879 - Epoch: 43, 121/274: VFL loss: 0.0001, total loss: 0.0250, anchor loss: 0.0498, VFL train accuracy: 1.0000
2026-04-15 10:59:47,330 - Epoch: 43, 131/274: VFL loss: 0.0001, total loss: 0.0250, anchor loss: 0.0499, VFL train accuracy: 1.0000
2026-04-15 10:59:47,776 - Epoch: 43, 141/274: VFL loss: 0.0001, total loss: 0.0251, anchor loss: 0.0500, VFL train accuracy: 1.0000
2026-04-15 10:59:48,203 - Epoch: 43, 151/274: VFL loss: 0.0001, total loss: 0.0251, anchor loss: 0.0500, VFL train accuracy: 1.0000
2026-04-15 10:59:48,635 - Epoch: 43, 161/274: VFL loss: 0.0001, total loss: 0.0251, anchor loss: 0.0500, VFL train accuracy: 1.0000
2026-04-15 10:59:49,071 - Epoch: 43, 171/274: VFL loss: 0.0001, total loss: 0.0251, anchor loss: 0.0500, VFL train accuracy: 1.0000
2026-04-15 10:59:49,513 - Epoch: 43, 181/274: VFL loss: 0.0001, total loss: 0.0251, anchor loss: 0.0500, VFL train accuracy: 1.0000
2026-04-15 10:59:49,940 - Epoch: 43, 191/274: VFL loss: 0.0001, total loss: 0.0251, anchor loss: 0.0500, VFL train accuracy: 1.0000
2026-04-15 10:59:50,370 - Epoch: 43, 201/274: VFL loss: 0.0001, total loss: 0.0251, anchor loss: 0.0500, VFL train accuracy: 1.0000
2026-04-15 10:59:50,807 - Epoch: 43, 211/274: VFL loss: 0.0001, total loss: 0.0250, anchor loss: 0.0499, VFL train accuracy: 1.0000
2026-04-15 10:59:51,223 - Epoch: 43, 221/274: VFL loss: 0.0001, total loss: 0.0250, anchor loss: 0.0498, VFL train accuracy: 1.0000
2026-04-15 10:59:51,658 - Epoch: 43, 231/274: VFL loss: 0.0001, total loss: 0.0250, anchor loss: 0.0498, VFL train accuracy: 1.0000
2026-04-15 10:59:52,104 - Epoch: 43, 241/274: VFL loss: 0.0001, total loss: 0.0250, anchor loss: 0.0498, VFL train accuracy: 1.0000
2026-04-15 10:59:52,536 - Epoch: 43, 251/274: VFL loss: 0.0001, total loss: 0.0250, anchor loss: 0.0498, VFL train accuracy: 1.0000
2026-04-15 10:59:53,004 - Epoch: 43, 261/274: VFL loss: 0.0001, total loss: 0.0250, anchor loss: 0.0498, VFL train accuracy: 1.0000
2026-04-15 10:59:53,431 - Epoch: 43, 271/274: VFL loss: 0.0001, total loss: 0.0249, anchor loss: 0.0498, VFL train accuracy: 1.0000
2026-04-15 10:59:53,577 - => Recorded Stage 2 client anchor losses for epoch 43 to './results/AVGuard/stage3_static_reliability_ablation_4clients/NUSWIDE_4clients_static_reliability_off\stage2_final_epoch_client_anchor_losses.json': {0: 0.018071, 1: 0.059647, 2: 0.054125, 3: 0.067104}
2026-04-15 10:59:53,578 - => Stage 2 EMA anchor update skipped at epoch 43 because update_freq=5
2026-04-15 10:59:53,578 - => Stage 2 Epoch 43 Training Summary: VFL loss: 0.0001, total loss: 0.0249, anchor loss: 0.0497, VFL train accuracy: 1.0000
2026-04-15 10:59:53,578 - => Test ASR...
2026-04-15 10:59:53,689 - =>Add Trigger to Test Data
2026-04-15 10:59:58,908 - Add Trigger to 37064 Bad Samples, 9629 Clean Samples (1.00)
2026-04-15 11:00:12,702 - => Test Epoch: 43, main task samples: 46693, attack samples: 46693, test loss: 1.4643, clean acc: 0.6189, Top-4: 0.9951, ASR: 0.4425, RAC: 0.4804, test target accuracy: 0.8805, stage3 final accuracy: 0.6189, stage3 final target accuracy: 0.6218, stage3 final asr: 0.4425, anchor loss: 0.0693
2026-04-15 11:00:12,702 - => Stage 3 Detection Summary: recall: 0.6079, precision: 0.0478, f1: 0.0886, false positive rate: 0.4065, correction rate: 0.3331
2026-04-15 11:00:12,702 - => Stage 3 Debug (clean): suspicious=18980/46693, correction_applied=18947, prediction_changed=18947, skipped_tied_vote=0, skipped_low_margin=0, skipped_other=33
2026-04-15 11:00:12,702 - => Stage 3 Debug (poison-valid): suspicious=20725/37064, correction_applied=20725, prediction_changed=20725, skipped_tied_vote=0, skipped_low_margin=0, skipped_other=0
2026-04-15 11:00:12,703 - => Stage 3 Debug (attack-success): suspicious=1898/3122, correction_applied=1898, prediction_changed=1898, corrected_to_true=1040
2026-04-15 11:00:12,703 - => Stage 2 checkpoint score: mean(clean_acc=0.6189, recall=0.6079, correction_rate=0.3331) = 0.5200
2026-04-15 11:00:12,766 - => End Epoch: 43, early stop epochs: 41, best epoch: 2, best clean acc: 0.5871, best Top-4: 0.9964, best ASR: 0.2702, best RAC: 0.6051, anchor loss: 0.0780, best checkpoint score: 0.7178
2026-04-15 11:00:12,767 - => Stage 3 Detection Summary: recall: 0.8799, precision: 0.3602, f1: 0.5111, false positive rate: 0.4276, correction rate: 0.6863
2026-04-15 11:00:12,806 - => LFBA current anchor-derived target label: 3
2026-04-15 11:00:12,888 - =>Add Trigger to Train Data
2026-04-15 11:00:13,320 - Add Trigger to 6996 Bad Samples, 62970 Clean Samples (0.10)
2026-04-15 11:00:13,322 - => Start Training for Injecting Backdoor...
2026-04-15 11:00:13,388 - Epoch: 44, 1/274: VFL loss: 0.0004, total loss: 0.0241, anchor loss: 0.0477, VFL train accuracy: 1.0000
2026-04-15 11:00:14,147 - Epoch: 44, 11/274: VFL loss: 0.0001, total loss: 0.0249, anchor loss: 0.0497, VFL train accuracy: 1.0000
2026-04-15 11:00:14,588 - Epoch: 44, 21/274: VFL loss: 0.0001, total loss: 0.0249, anchor loss: 0.0497, VFL train accuracy: 1.0000
2026-04-15 11:00:15,026 - Epoch: 44, 31/274: VFL loss: 0.0001, total loss: 0.0248, anchor loss: 0.0495, VFL train accuracy: 1.0000
2026-04-15 11:00:15,504 - Epoch: 44, 41/274: VFL loss: 0.0001, total loss: 0.0249, anchor loss: 0.0497, VFL train accuracy: 1.0000
2026-04-15 11:00:15,995 - Epoch: 44, 51/274: VFL loss: 0.0001, total loss: 0.0248, anchor loss: 0.0495, VFL train accuracy: 1.0000
2026-04-15 11:00:16,485 - Epoch: 44, 61/274: VFL loss: 0.0001, total loss: 0.0248, anchor loss: 0.0495, VFL train accuracy: 1.0000
2026-04-15 11:00:17,017 - Epoch: 44, 71/274: VFL loss: 0.0001, total loss: 0.0248, anchor loss: 0.0494, VFL train accuracy: 1.0000
2026-04-15 11:00:17,560 - Epoch: 44, 81/274: VFL loss: 0.0001, total loss: 0.0248, anchor loss: 0.0495, VFL train accuracy: 1.0000
2026-04-15 11:00:18,076 - Epoch: 44, 91/274: VFL loss: 0.0001, total loss: 0.0249, anchor loss: 0.0496, VFL train accuracy: 1.0000
2026-04-15 11:00:18,528 - Epoch: 44, 101/274: VFL loss: 0.0001, total loss: 0.0249, anchor loss: 0.0496, VFL train accuracy: 1.0000
2026-04-15 11:00:18,947 - Epoch: 44, 111/274: VFL loss: 0.0001, total loss: 0.0250, anchor loss: 0.0498, VFL train accuracy: 1.0000
2026-04-15 11:00:19,377 - Epoch: 44, 121/274: VFL loss: 0.0001, total loss: 0.0250, anchor loss: 0.0498, VFL train accuracy: 1.0000
2026-04-15 11:00:19,821 - Epoch: 44, 131/274: VFL loss: 0.0001, total loss: 0.0249, anchor loss: 0.0497, VFL train accuracy: 1.0000
2026-04-15 11:00:20,269 - Epoch: 44, 141/274: VFL loss: 0.0001, total loss: 0.0249, anchor loss: 0.0497, VFL train accuracy: 1.0000
2026-04-15 11:00:20,717 - Epoch: 44, 151/274: VFL loss: 0.0001, total loss: 0.0249, anchor loss: 0.0496, VFL train accuracy: 1.0000
2026-04-15 11:00:21,185 - Epoch: 44, 161/274: VFL loss: 0.0001, total loss: 0.0249, anchor loss: 0.0497, VFL train accuracy: 1.0000
2026-04-15 11:00:21,646 - Epoch: 44, 171/274: VFL loss: 0.0001, total loss: 0.0249, anchor loss: 0.0496, VFL train accuracy: 1.0000
2026-04-15 11:00:22,101 - Epoch: 44, 181/274: VFL loss: 0.0001, total loss: 0.0249, anchor loss: 0.0497, VFL train accuracy: 1.0000
2026-04-15 11:00:22,568 - Epoch: 44, 191/274: VFL loss: 0.0001, total loss: 0.0249, anchor loss: 0.0497, VFL train accuracy: 1.0000
2026-04-15 11:00:23,040 - Epoch: 44, 201/274: VFL loss: 0.0001, total loss: 0.0250, anchor loss: 0.0498, VFL train accuracy: 1.0000
2026-04-15 11:00:23,482 - Epoch: 44, 211/274: VFL loss: 0.0001, total loss: 0.0250, anchor loss: 0.0498, VFL train accuracy: 1.0000
2026-04-15 11:00:23,926 - Epoch: 44, 221/274: VFL loss: 0.0001, total loss: 0.0249, anchor loss: 0.0497, VFL train accuracy: 1.0000
2026-04-15 11:00:24,374 - Epoch: 44, 231/274: VFL loss: 0.0001, total loss: 0.0249, anchor loss: 0.0496, VFL train accuracy: 1.0000
2026-04-15 11:00:24,833 - Epoch: 44, 241/274: VFL loss: 0.0002, total loss: 0.0249, anchor loss: 0.0497, VFL train accuracy: 1.0000
2026-04-15 11:00:25,336 - Epoch: 44, 251/274: VFL loss: 0.0001, total loss: 0.0249, anchor loss: 0.0497, VFL train accuracy: 1.0000
2026-04-15 11:00:25,828 - Epoch: 44, 261/274: VFL loss: 0.0001, total loss: 0.0249, anchor loss: 0.0497, VFL train accuracy: 1.0000
2026-04-15 11:00:26,317 - Epoch: 44, 271/274: VFL loss: 0.0001, total loss: 0.0249, anchor loss: 0.0497, VFL train accuracy: 1.0000
2026-04-15 11:00:26,476 - => Recorded Stage 2 client anchor losses for epoch 44 to './results/AVGuard/stage3_static_reliability_ablation_4clients/NUSWIDE_4clients_static_reliability_off\stage2_final_epoch_client_anchor_losses.json': {0: 0.018027, 1: 0.059592, 2: 0.054113, 3: 0.067027}
2026-04-15 11:00:26,478 - => Stage 2 EMA anchor update skipped at epoch 44 because update_freq=5
2026-04-15 11:00:26,478 - => Stage 2 Epoch 44 Training Summary: VFL loss: 0.0001, total loss: 0.0249, anchor loss: 0.0497, VFL train accuracy: 1.0000
2026-04-15 11:00:26,478 - => Test ASR...
2026-04-15 11:00:26,598 - =>Add Trigger to Test Data
2026-04-15 11:00:32,040 - Add Trigger to 37064 Bad Samples, 9629 Clean Samples (1.00)
2026-04-15 11:00:45,833 - => Test Epoch: 44, main task samples: 46693, attack samples: 46693, test loss: 1.4702, clean acc: 0.6187, Top-4: 0.9951, ASR: 0.4418, RAC: 0.4804, test target accuracy: 0.8806, stage3 final accuracy: 0.6187, stage3 final target accuracy: 0.6210, stage3 final asr: 0.4418, anchor loss: 0.0693
2026-04-15 11:00:45,834 - => Stage 3 Detection Summary: recall: 0.6088, precision: 0.0479, f1: 0.0888, false positive rate: 0.4068, correction rate: 0.3345
2026-04-15 11:00:45,834 - => Stage 3 Debug (clean): suspicious=18993/46693, correction_applied=18962, prediction_changed=18962, skipped_tied_vote=0, skipped_low_margin=0, skipped_other=31
2026-04-15 11:00:45,834 - => Stage 3 Debug (poison-valid): suspicious=20722/37064, correction_applied=20722, prediction_changed=20722, skipped_tied_vote=0, skipped_low_margin=0, skipped_other=0
2026-04-15 11:00:45,835 - => Stage 3 Debug (attack-success): suspicious=1902/3124, correction_applied=1902, prediction_changed=1902, corrected_to_true=1045
2026-04-15 11:00:45,835 - => Stage 2 checkpoint score: mean(clean_acc=0.6187, recall=0.6088, correction_rate=0.3345) = 0.5207
2026-04-15 11:00:45,910 - => End Epoch: 44, early stop epochs: 42, best epoch: 2, best clean acc: 0.5871, best Top-4: 0.9964, best ASR: 0.2702, best RAC: 0.6051, anchor loss: 0.0780, best checkpoint score: 0.7178
2026-04-15 11:00:45,910 - => Stage 3 Detection Summary: recall: 0.8799, precision: 0.3602, f1: 0.5111, false positive rate: 0.4276, correction rate: 0.6863
2026-04-15 11:00:45,952 - => LFBA current anchor-derived target label: 3
2026-04-15 11:00:46,034 - =>Add Trigger to Train Data
2026-04-15 11:00:46,448 - Add Trigger to 6996 Bad Samples, 62970 Clean Samples (0.10)
2026-04-15 11:00:46,452 - => Start Training for Injecting Backdoor...
2026-04-15 11:00:46,512 - Epoch: 45, 1/274: VFL loss: 0.0001, total loss: 0.0238, anchor loss: 0.0475, VFL train accuracy: 1.0000
2026-04-15 11:00:47,311 - Epoch: 45, 11/274: VFL loss: 0.0002, total loss: 0.0253, anchor loss: 0.0505, VFL train accuracy: 1.0000
2026-04-15 11:00:47,798 - Epoch: 45, 21/274: VFL loss: 0.0002, total loss: 0.0252, anchor loss: 0.0503, VFL train accuracy: 1.0000
2026-04-15 11:00:48,290 - Epoch: 45, 31/274: VFL loss: 0.0001, total loss: 0.0251, anchor loss: 0.0500, VFL train accuracy: 1.0000
2026-04-15 11:00:48,777 - Epoch: 45, 41/274: VFL loss: 0.0001, total loss: 0.0249, anchor loss: 0.0497, VFL train accuracy: 1.0000
2026-04-15 11:00:49,285 - Epoch: 45, 51/274: VFL loss: 0.0001, total loss: 0.0248, anchor loss: 0.0496, VFL train accuracy: 1.0000
2026-04-15 11:00:49,780 - Epoch: 45, 61/274: VFL loss: 0.0001, total loss: 0.0249, anchor loss: 0.0497, VFL train accuracy: 1.0000
2026-04-15 11:00:50,312 - Epoch: 45, 71/274: VFL loss: 0.0001, total loss: 0.0250, anchor loss: 0.0498, VFL train accuracy: 1.0000
2026-04-15 11:00:50,849 - Epoch: 45, 81/274: VFL loss: 0.0001, total loss: 0.0249, anchor loss: 0.0497, VFL train accuracy: 1.0000
2026-04-15 11:00:51,361 - Epoch: 45, 91/274: VFL loss: 0.0001, total loss: 0.0248, anchor loss: 0.0495, VFL train accuracy: 1.0000
2026-04-15 11:00:51,840 - Epoch: 45, 101/274: VFL loss: 0.0001, total loss: 0.0248, anchor loss: 0.0495, VFL train accuracy: 1.0000
2026-04-15 11:00:52,346 - Epoch: 45, 111/274: VFL loss: 0.0001, total loss: 0.0248, anchor loss: 0.0494, VFL train accuracy: 1.0000
2026-04-15 11:00:52,803 - Epoch: 45, 121/274: VFL loss: 0.0001, total loss: 0.0248, anchor loss: 0.0495, VFL train accuracy: 1.0000
2026-04-15 11:00:53,242 - Epoch: 45, 131/274: VFL loss: 0.0001, total loss: 0.0248, anchor loss: 0.0496, VFL train accuracy: 1.0000
2026-04-15 11:00:53,678 - Epoch: 45, 141/274: VFL loss: 0.0001, total loss: 0.0248, anchor loss: 0.0495, VFL train accuracy: 1.0000
2026-04-15 11:00:54,113 - Epoch: 45, 151/274: VFL loss: 0.0001, total loss: 0.0249, anchor loss: 0.0496, VFL train accuracy: 1.0000
2026-04-15 11:00:54,520 - Epoch: 45, 161/274: VFL loss: 0.0001, total loss: 0.0249, anchor loss: 0.0496, VFL train accuracy: 1.0000
2026-04-15 11:00:54,966 - Epoch: 45, 171/274: VFL loss: 0.0001, total loss: 0.0249, anchor loss: 0.0496, VFL train accuracy: 1.0000
2026-04-15 11:00:55,386 - Epoch: 45, 181/274: VFL loss: 0.0001, total loss: 0.0249, anchor loss: 0.0496, VFL train accuracy: 1.0000
2026-04-15 11:00:55,816 - Epoch: 45, 191/274: VFL loss: 0.0001, total loss: 0.0249, anchor loss: 0.0497, VFL train accuracy: 1.0000
2026-04-15 11:00:56,262 - Epoch: 45, 201/274: VFL loss: 0.0001, total loss: 0.0249, anchor loss: 0.0496, VFL train accuracy: 1.0000
2026-04-15 11:00:56,699 - Epoch: 45, 211/274: VFL loss: 0.0001, total loss: 0.0249, anchor loss: 0.0497, VFL train accuracy: 1.0000
2026-04-15 11:00:57,160 - Epoch: 45, 221/274: VFL loss: 0.0001, total loss: 0.0249, anchor loss: 0.0497, VFL train accuracy: 1.0000
2026-04-15 11:00:57,600 - Epoch: 45, 231/274: VFL loss: 0.0001, total loss: 0.0249, anchor loss: 0.0497, VFL train accuracy: 1.0000
2026-04-15 11:00:58,042 - Epoch: 45, 241/274: VFL loss: 0.0001, total loss: 0.0249, anchor loss: 0.0497, VFL train accuracy: 1.0000
2026-04-15 11:00:58,478 - Epoch: 45, 251/274: VFL loss: 0.0001, total loss: 0.0249, anchor loss: 0.0497, VFL train accuracy: 1.0000
2026-04-15 11:00:58,890 - Epoch: 45, 261/274: VFL loss: 0.0001, total loss: 0.0249, anchor loss: 0.0497, VFL train accuracy: 1.0000
2026-04-15 11:00:59,327 - Epoch: 45, 271/274: VFL loss: 0.0001, total loss: 0.0249, anchor loss: 0.0497, VFL train accuracy: 1.0000
2026-04-15 11:00:59,477 - => Recorded Stage 2 client anchor losses for epoch 45 to './results/AVGuard/stage3_static_reliability_ablation_4clients/NUSWIDE_4clients_static_reliability_off\stage2_final_epoch_client_anchor_losses.json': {0: 0.017982, 1: 0.059535, 2: 0.054101, 3: 0.067073}
2026-04-15 11:00:59,486 - => Stage 2 EMA anchor update applied at epoch 45 with momentum 0.9950: updated classes per client {0: 5, 1: 5, 2: 5, 3: 5}
2026-04-15 11:00:59,486 - => Stage 2 Epoch 45 Training Summary: VFL loss: 0.0001, total loss: 0.0249, anchor loss: 0.0497, VFL train accuracy: 1.0000
2026-04-15 11:00:59,486 - => Test ASR...
2026-04-15 11:00:59,599 - =>Add Trigger to Test Data
2026-04-15 11:01:04,669 - Add Trigger to 37064 Bad Samples, 9629 Clean Samples (1.00)
2026-04-15 11:01:18,075 - => Test Epoch: 45, main task samples: 46693, attack samples: 46693, test loss: 1.4750, clean acc: 0.6188, Top-4: 0.9951, ASR: 0.4442, RAC: 0.4800, test target accuracy: 0.8799, stage3 final accuracy: 0.6188, stage3 final target accuracy: 0.6230, stage3 final asr: 0.4442, anchor loss: 0.0690
2026-04-15 11:01:18,075 - => Stage 3 Detection Summary: recall: 0.6067, precision: 0.0475, f1: 0.0881, false positive rate: 0.4069, correction rate: 0.3339
2026-04-15 11:01:18,075 - => Stage 3 Debug (clean): suspicious=19000/46693, correction_applied=18971, prediction_changed=18971, skipped_tied_vote=0, skipped_low_margin=0, skipped_other=29
2026-04-15 11:01:18,076 - => Stage 3 Debug (poison-valid): suspicious=20756/37064, correction_applied=20756, prediction_changed=20756, skipped_tied_vote=0, skipped_low_margin=0, skipped_other=0
2026-04-15 11:01:18,076 - => Stage 3 Debug (attack-success): suspicious=1888/3112, correction_applied=1888, prediction_changed=1888, corrected_to_true=1039
2026-04-15 11:01:18,076 - => Stage 2 checkpoint score: mean(clean_acc=0.6188, recall=0.6067, correction_rate=0.3339) = 0.5198
2026-04-15 11:01:18,145 - => End Epoch: 45, early stop epochs: 43, best epoch: 2, best clean acc: 0.5871, best Top-4: 0.9964, best ASR: 0.2702, best RAC: 0.6051, anchor loss: 0.0780, best checkpoint score: 0.7178
2026-04-15 11:01:18,145 - => Stage 3 Detection Summary: recall: 0.8799, precision: 0.3602, f1: 0.5111, false positive rate: 0.4276, correction rate: 0.6863
2026-04-15 11:01:18,187 - => LFBA current anchor-derived target label: 3
2026-04-15 11:01:18,268 - =>Add Trigger to Train Data
2026-04-15 11:01:18,644 - Add Trigger to 6996 Bad Samples, 62970 Clean Samples (0.10)
2026-04-15 11:01:18,648 - => Start Training for Injecting Backdoor...
2026-04-15 11:01:18,710 - Epoch: 46, 1/274: VFL loss: 0.0001, total loss: 0.0260, anchor loss: 0.0518, VFL train accuracy: 1.0000
2026-04-15 11:01:19,470 - Epoch: 46, 11/274: VFL loss: 0.0001, total loss: 0.0247, anchor loss: 0.0494, VFL train accuracy: 1.0000
2026-04-15 11:01:19,970 - Epoch: 46, 21/274: VFL loss: 0.0001, total loss: 0.0248, anchor loss: 0.0494, VFL train accuracy: 1.0000
2026-04-15 11:01:20,440 - Epoch: 46, 31/274: VFL loss: 0.0002, total loss: 0.0247, anchor loss: 0.0492, VFL train accuracy: 1.0000
2026-04-15 11:01:20,911 - Epoch: 46, 41/274: VFL loss: 0.0001, total loss: 0.0246, anchor loss: 0.0492, VFL train accuracy: 1.0000
2026-04-15 11:01:21,387 - Epoch: 46, 51/274: VFL loss: 0.0001, total loss: 0.0246, anchor loss: 0.0491, VFL train accuracy: 1.0000
2026-04-15 11:01:21,875 - Epoch: 46, 61/274: VFL loss: 0.0001, total loss: 0.0246, anchor loss: 0.0492, VFL train accuracy: 1.0000
2026-04-15 11:01:22,390 - Epoch: 46, 71/274: VFL loss: 0.0001, total loss: 0.0247, anchor loss: 0.0492, VFL train accuracy: 1.0000
2026-04-15 11:01:22,900 - Epoch: 46, 81/274: VFL loss: 0.0001, total loss: 0.0246, anchor loss: 0.0491, VFL train accuracy: 1.0000
2026-04-15 11:01:23,406 - Epoch: 46, 91/274: VFL loss: 0.0001, total loss: 0.0246, anchor loss: 0.0491, VFL train accuracy: 1.0000
2026-04-15 11:01:23,933 - Epoch: 46, 101/274: VFL loss: 0.0001, total loss: 0.0246, anchor loss: 0.0491, VFL train accuracy: 1.0000
2026-04-15 11:01:24,443 - Epoch: 46, 111/274: VFL loss: 0.0001, total loss: 0.0247, anchor loss: 0.0492, VFL train accuracy: 1.0000
2026-04-15 11:01:24,871 - Epoch: 46, 121/274: VFL loss: 0.0001, total loss: 0.0246, anchor loss: 0.0491, VFL train accuracy: 1.0000
2026-04-15 11:01:25,304 - Epoch: 46, 131/274: VFL loss: 0.0001, total loss: 0.0247, anchor loss: 0.0492, VFL train accuracy: 1.0000
2026-04-15 11:01:25,711 - Epoch: 46, 141/274: VFL loss: 0.0001, total loss: 0.0247, anchor loss: 0.0492, VFL train accuracy: 1.0000
2026-04-15 11:01:26,147 - Epoch: 46, 151/274: VFL loss: 0.0001, total loss: 0.0247, anchor loss: 0.0493, VFL train accuracy: 1.0000
2026-04-15 11:01:26,581 - Epoch: 46, 161/274: VFL loss: 0.0001, total loss: 0.0248, anchor loss: 0.0494, VFL train accuracy: 1.0000
2026-04-15 11:01:26,990 - Epoch: 46, 171/274: VFL loss: 0.0001, total loss: 0.0248, anchor loss: 0.0494, VFL train accuracy: 1.0000
2026-04-15 11:01:27,424 - Epoch: 46, 181/274: VFL loss: 0.0001, total loss: 0.0248, anchor loss: 0.0495, VFL train accuracy: 1.0000
2026-04-15 11:01:27,857 - Epoch: 46, 191/274: VFL loss: 0.0001, total loss: 0.0248, anchor loss: 0.0495, VFL train accuracy: 1.0000
2026-04-15 11:01:28,300 - Epoch: 46, 201/274: VFL loss: 0.0001, total loss: 0.0248, anchor loss: 0.0494, VFL train accuracy: 1.0000
2026-04-15 11:01:28,750 - Epoch: 46, 211/274: VFL loss: 0.0001, total loss: 0.0247, anchor loss: 0.0494, VFL train accuracy: 1.0000
2026-04-15 11:01:29,197 - Epoch: 46, 221/274: VFL loss: 0.0001, total loss: 0.0247, anchor loss: 0.0493, VFL train accuracy: 1.0000
2026-04-15 11:01:29,647 - Epoch: 46, 231/274: VFL loss: 0.0001, total loss: 0.0247, anchor loss: 0.0494, VFL train accuracy: 1.0000
2026-04-15 11:01:30,109 - Epoch: 46, 241/274: VFL loss: 0.0001, total loss: 0.0248, anchor loss: 0.0494, VFL train accuracy: 1.0000
2026-04-15 11:01:30,563 - Epoch: 46, 251/274: VFL loss: 0.0001, total loss: 0.0247, anchor loss: 0.0494, VFL train accuracy: 1.0000
2026-04-15 11:01:31,026 - Epoch: 46, 261/274: VFL loss: 0.0001, total loss: 0.0248, anchor loss: 0.0494, VFL train accuracy: 1.0000
2026-04-15 11:01:31,448 - Epoch: 46, 271/274: VFL loss: 0.0001, total loss: 0.0248, anchor loss: 0.0494, VFL train accuracy: 1.0000
2026-04-15 11:01:31,583 - => Recorded Stage 2 client anchor losses for epoch 46 to './results/AVGuard/stage3_static_reliability_ablation_4clients/NUSWIDE_4clients_static_reliability_off\stage2_final_epoch_client_anchor_losses.json': {0: 0.017915, 1: 0.059194, 2: 0.053766, 3: 0.066619}
2026-04-15 11:01:31,583 - => Stage 2 EMA anchor update skipped at epoch 46 because update_freq=5
2026-04-15 11:01:31,584 - => Stage 2 Epoch 46 Training Summary: VFL loss: 0.0001, total loss: 0.0248, anchor loss: 0.0494, VFL train accuracy: 1.0000
2026-04-15 11:01:31,584 - => Test ASR...
2026-04-15 11:01:31,692 - =>Add Trigger to Test Data
2026-04-15 11:01:36,955 - Add Trigger to 37064 Bad Samples, 9629 Clean Samples (1.00)
2026-04-15 11:01:50,425 - => Test Epoch: 46, main task samples: 46693, attack samples: 46693, test loss: 1.4818, clean acc: 0.6188, Top-4: 0.9951, ASR: 0.4419, RAC: 0.4806, test target accuracy: 0.8805, stage3 final accuracy: 0.6188, stage3 final target accuracy: 0.6225, stage3 final asr: 0.4419, anchor loss: 0.0690
2026-04-15 11:01:50,426 - => Stage 3 Detection Summary: recall: 0.6082, precision: 0.0478, f1: 0.0887, false positive rate: 0.4067, correction rate: 0.3332
2026-04-15 11:01:50,426 - => Stage 3 Debug (clean): suspicious=18992/46693, correction_applied=18964, prediction_changed=18964, skipped_tied_vote=0, skipped_low_margin=0, skipped_other=28
2026-04-15 11:01:50,426 - => Stage 3 Debug (poison-valid): suspicious=20724/37064, correction_applied=20724, prediction_changed=20724, skipped_tied_vote=0, skipped_low_margin=0, skipped_other=0
2026-04-15 11:01:50,426 - => Stage 3 Debug (attack-success): suspicious=1900/3124, correction_applied=1900, prediction_changed=1900, corrected_to_true=1041
2026-04-15 11:01:50,427 - => Stage 2 checkpoint score: mean(clean_acc=0.6188, recall=0.6082, correction_rate=0.3332) = 0.5201
2026-04-15 11:01:50,492 - => End Epoch: 46, early stop epochs: 44, best epoch: 2, best clean acc: 0.5871, best Top-4: 0.9964, best ASR: 0.2702, best RAC: 0.6051, anchor loss: 0.0780, best checkpoint score: 0.7178
2026-04-15 11:01:50,493 - => Stage 3 Detection Summary: recall: 0.8799, precision: 0.3602, f1: 0.5111, false positive rate: 0.4276, correction rate: 0.6863
2026-04-15 11:01:50,532 - => LFBA current anchor-derived target label: 3
2026-04-15 11:01:50,614 - =>Add Trigger to Train Data
2026-04-15 11:01:51,032 - Add Trigger to 6996 Bad Samples, 62970 Clean Samples (0.10)
2026-04-15 11:01:51,035 - => Start Training for Injecting Backdoor...
2026-04-15 11:01:51,099 - Epoch: 47, 1/274: VFL loss: 0.0002, total loss: 0.0235, anchor loss: 0.0469, VFL train accuracy: 1.0000
2026-04-15 11:01:51,836 - Epoch: 47, 11/274: VFL loss: 0.0001, total loss: 0.0254, anchor loss: 0.0506, VFL train accuracy: 1.0000
2026-04-15 11:01:52,288 - Epoch: 47, 21/274: VFL loss: 0.0001, total loss: 0.0251, anchor loss: 0.0500, VFL train accuracy: 1.0000
2026-04-15 11:01:52,763 - Epoch: 47, 31/274: VFL loss: 0.0001, total loss: 0.0247, anchor loss: 0.0492, VFL train accuracy: 1.0000
2026-04-15 11:01:53,229 - Epoch: 47, 41/274: VFL loss: 0.0001, total loss: 0.0248, anchor loss: 0.0494, VFL train accuracy: 1.0000
2026-04-15 11:01:53,726 - Epoch: 47, 51/274: VFL loss: 0.0001, total loss: 0.0247, anchor loss: 0.0492, VFL train accuracy: 1.0000
2026-04-15 11:01:54,216 - Epoch: 47, 61/274: VFL loss: 0.0001, total loss: 0.0247, anchor loss: 0.0494, VFL train accuracy: 1.0000
2026-04-15 11:01:54,719 - Epoch: 47, 71/274: VFL loss: 0.0001, total loss: 0.0248, anchor loss: 0.0495, VFL train accuracy: 1.0000
2026-04-15 11:01:55,211 - Epoch: 47, 81/274: VFL loss: 0.0001, total loss: 0.0247, anchor loss: 0.0493, VFL train accuracy: 1.0000
2026-04-15 11:01:55,704 - Epoch: 47, 91/274: VFL loss: 0.0001, total loss: 0.0247, anchor loss: 0.0492, VFL train accuracy: 1.0000
2026-04-15 11:01:56,150 - Epoch: 47, 101/274: VFL loss: 0.0001, total loss: 0.0247, anchor loss: 0.0493, VFL train accuracy: 1.0000
2026-04-15 11:01:56,596 - Epoch: 47, 111/274: VFL loss: 0.0001, total loss: 0.0247, anchor loss: 0.0493, VFL train accuracy: 1.0000
2026-04-15 11:01:57,035 - Epoch: 47, 121/274: VFL loss: 0.0001, total loss: 0.0247, anchor loss: 0.0493, VFL train accuracy: 1.0000
2026-04-15 11:01:57,460 - Epoch: 47, 131/274: VFL loss: 0.0001, total loss: 0.0248, anchor loss: 0.0494, VFL train accuracy: 1.0000
2026-04-15 11:01:57,924 - Epoch: 47, 141/274: VFL loss: 0.0001, total loss: 0.0248, anchor loss: 0.0494, VFL train accuracy: 1.0000
2026-04-15 11:01:58,349 - Epoch: 47, 151/274: VFL loss: 0.0001, total loss: 0.0247, anchor loss: 0.0493, VFL train accuracy: 1.0000
2026-04-15 11:01:58,773 - Epoch: 47, 161/274: VFL loss: 0.0001, total loss: 0.0247, anchor loss: 0.0493, VFL train accuracy: 1.0000
2026-04-15 11:01:59,225 - Epoch: 47, 171/274: VFL loss: 0.0001, total loss: 0.0247, anchor loss: 0.0493, VFL train accuracy: 1.0000
2026-04-15 11:01:59,693 - Epoch: 47, 181/274: VFL loss: 0.0001, total loss: 0.0247, anchor loss: 0.0493, VFL train accuracy: 1.0000
2026-04-15 11:02:00,145 - Epoch: 47, 191/274: VFL loss: 0.0001, total loss: 0.0248, anchor loss: 0.0494, VFL train accuracy: 1.0000
2026-04-15 11:02:00,601 - Epoch: 47, 201/274: VFL loss: 0.0001, total loss: 0.0248, anchor loss: 0.0494, VFL train accuracy: 1.0000
2026-04-15 11:02:01,059 - Epoch: 47, 211/274: VFL loss: 0.0001, total loss: 0.0248, anchor loss: 0.0494, VFL train accuracy: 1.0000
2026-04-15 11:02:01,517 - Epoch: 47, 221/274: VFL loss: 0.0001, total loss: 0.0248, anchor loss: 0.0494, VFL train accuracy: 1.0000
2026-04-15 11:02:01,985 - Epoch: 47, 231/274: VFL loss: 0.0001, total loss: 0.0248, anchor loss: 0.0494, VFL train accuracy: 1.0000
2026-04-15 11:02:02,435 - Epoch: 47, 241/274: VFL loss: 0.0001, total loss: 0.0248, anchor loss: 0.0494, VFL train accuracy: 1.0000
2026-04-15 11:02:02,879 - Epoch: 47, 251/274: VFL loss: 0.0001, total loss: 0.0248, anchor loss: 0.0494, VFL train accuracy: 1.0000
2026-04-15 11:02:03,332 - Epoch: 47, 261/274: VFL loss: 0.0001, total loss: 0.0248, anchor loss: 0.0494, VFL train accuracy: 1.0000
2026-04-15 11:02:03,995 - Epoch: 47, 271/274: VFL loss: 0.0001, total loss: 0.0247, anchor loss: 0.0493, VFL train accuracy: 1.0000
2026-04-15 11:02:04,151 - => Recorded Stage 2 client anchor losses for epoch 47 to './results/AVGuard/stage3_static_reliability_ablation_4clients/NUSWIDE_4clients_static_reliability_off\stage2_final_epoch_client_anchor_losses.json': {0: 0.017865, 1: 0.059135, 2: 0.053753, 3: 0.066684}
2026-04-15 11:02:04,151 - => Stage 2 EMA anchor update skipped at epoch 47 because update_freq=5
2026-04-15 11:02:04,151 - => Stage 2 Epoch 47 Training Summary: VFL loss: 0.0001, total loss: 0.0248, anchor loss: 0.0494, VFL train accuracy: 1.0000
2026-04-15 11:02:04,151 - => Test ASR...
2026-04-15 11:02:04,264 - =>Add Trigger to Test Data
2026-04-15 11:02:09,190 - Add Trigger to 37064 Bad Samples, 9629 Clean Samples (1.00)
2026-04-15 11:02:23,381 - => Test Epoch: 47, main task samples: 46693, attack samples: 46693, test loss: 1.4875, clean acc: 0.6185, Top-4: 0.9950, ASR: 0.4432, RAC: 0.4804, test target accuracy: 0.8811, stage3 final accuracy: 0.6185, stage3 final target accuracy: 0.6232, stage3 final asr: 0.4432, anchor loss: 0.0690
2026-04-15 11:02:23,381 - => Stage 3 Detection Summary: recall: 0.6120, precision: 0.0487, f1: 0.0902, false positive rate: 0.4070, correction rate: 0.3371
2026-04-15 11:02:23,381 - => Stage 3 Debug (clean): suspicious=19004/46693, correction_applied=18979, prediction_changed=18979, skipped_tied_vote=0, skipped_low_margin=0, skipped_other=25
2026-04-15 11:02:23,381 - => Stage 3 Debug (poison-valid): suspicious=20756/37064, correction_applied=20756, prediction_changed=20756, skipped_tied_vote=0, skipped_low_margin=0, skipped_other=0
2026-04-15 11:02:23,382 - => Stage 3 Debug (attack-success): suspicious=1935/3162, correction_applied=1935, prediction_changed=1935, corrected_to_true=1066
2026-04-15 11:02:23,382 - => Stage 2 checkpoint score: mean(clean_acc=0.6185, recall=0.6120, correction_rate=0.3371) = 0.5225
2026-04-15 11:02:23,449 - => End Epoch: 47, early stop epochs: 45, best epoch: 2, best clean acc: 0.5871, best Top-4: 0.9964, best ASR: 0.2702, best RAC: 0.6051, anchor loss: 0.0780, best checkpoint score: 0.7178
2026-04-15 11:02:23,450 - => Stage 3 Detection Summary: recall: 0.8799, precision: 0.3602, f1: 0.5111, false positive rate: 0.4276, correction rate: 0.6863
2026-04-15 11:02:23,495 - => LFBA current anchor-derived target label: 3
2026-04-15 11:02:23,577 - =>Add Trigger to Train Data
2026-04-15 11:02:24,128 - Add Trigger to 6996 Bad Samples, 62970 Clean Samples (0.10)
2026-04-15 11:02:24,132 - => Start Training for Injecting Backdoor...
2026-04-15 11:02:24,196 - Epoch: 48, 1/274: VFL loss: 0.0001, total loss: 0.0252, anchor loss: 0.0504, VFL train accuracy: 1.0000
2026-04-15 11:02:25,104 - Epoch: 48, 11/274: VFL loss: 0.0001, total loss: 0.0248, anchor loss: 0.0494, VFL train accuracy: 1.0000
2026-04-15 11:02:25,689 - Epoch: 48, 21/274: VFL loss: 0.0001, total loss: 0.0248, anchor loss: 0.0495, VFL train accuracy: 1.0000
2026-04-15 11:02:26,275 - Epoch: 48, 31/274: VFL loss: 0.0001, total loss: 0.0249, anchor loss: 0.0497, VFL train accuracy: 1.0000
2026-04-15 11:02:26,823 - Epoch: 48, 41/274: VFL loss: 0.0001, total loss: 0.0247, anchor loss: 0.0493, VFL train accuracy: 1.0000
2026-04-15 11:02:27,302 - Epoch: 48, 51/274: VFL loss: 0.0001, total loss: 0.0247, anchor loss: 0.0493, VFL train accuracy: 1.0000
2026-04-15 11:02:27,759 - Epoch: 48, 61/274: VFL loss: 0.0001, total loss: 0.0247, anchor loss: 0.0492, VFL train accuracy: 1.0000
2026-04-15 11:02:28,210 - Epoch: 48, 71/274: VFL loss: 0.0001, total loss: 0.0246, anchor loss: 0.0492, VFL train accuracy: 1.0000
2026-04-15 11:02:28,675 - Epoch: 48, 81/274: VFL loss: 0.0001, total loss: 0.0247, anchor loss: 0.0493, VFL train accuracy: 1.0000
2026-04-15 11:02:29,155 - Epoch: 48, 91/274: VFL loss: 0.0001, total loss: 0.0247, anchor loss: 0.0492, VFL train accuracy: 1.0000
2026-04-15 11:02:29,610 - Epoch: 48, 101/274: VFL loss: 0.0001, total loss: 0.0246, anchor loss: 0.0491, VFL train accuracy: 1.0000
2026-04-15 11:02:30,084 - Epoch: 48, 111/274: VFL loss: 0.0001, total loss: 0.0247, anchor loss: 0.0492, VFL train accuracy: 1.0000
2026-04-15 11:02:30,535 - Epoch: 48, 121/274: VFL loss: 0.0001, total loss: 0.0247, anchor loss: 0.0492, VFL train accuracy: 1.0000
2026-04-15 11:02:30,987 - Epoch: 48, 131/274: VFL loss: 0.0001, total loss: 0.0247, anchor loss: 0.0493, VFL train accuracy: 1.0000
2026-04-15 11:02:31,442 - Epoch: 48, 141/274: VFL loss: 0.0001, total loss: 0.0247, anchor loss: 0.0493, VFL train accuracy: 1.0000
2026-04-15 11:02:31,907 - Epoch: 48, 151/274: VFL loss: 0.0001, total loss: 0.0248, anchor loss: 0.0494, VFL train accuracy: 1.0000
2026-04-15 11:02:32,362 - Epoch: 48, 161/274: VFL loss: 0.0001, total loss: 0.0247, anchor loss: 0.0494, VFL train accuracy: 1.0000
2026-04-15 11:02:32,828 - Epoch: 48, 171/274: VFL loss: 0.0001, total loss: 0.0248, anchor loss: 0.0494, VFL train accuracy: 1.0000
2026-04-15 11:02:33,271 - Epoch: 48, 181/274: VFL loss: 0.0001, total loss: 0.0247, anchor loss: 0.0493, VFL train accuracy: 1.0000
2026-04-15 11:02:33,719 - Epoch: 48, 191/274: VFL loss: 0.0001, total loss: 0.0247, anchor loss: 0.0493, VFL train accuracy: 1.0000
2026-04-15 11:02:34,205 - Epoch: 48, 201/274: VFL loss: 0.0001, total loss: 0.0247, anchor loss: 0.0493, VFL train accuracy: 1.0000
2026-04-15 11:02:34,689 - Epoch: 48, 211/274: VFL loss: 0.0001, total loss: 0.0248, anchor loss: 0.0494, VFL train accuracy: 1.0000
2026-04-15 11:02:35,162 - Epoch: 48, 221/274: VFL loss: 0.0001, total loss: 0.0247, anchor loss: 0.0494, VFL train accuracy: 1.0000
2026-04-15 11:02:35,634 - Epoch: 48, 231/274: VFL loss: 0.0001, total loss: 0.0248, anchor loss: 0.0494, VFL train accuracy: 1.0000
2026-04-15 11:02:36,105 - Epoch: 48, 241/274: VFL loss: 0.0001, total loss: 0.0247, anchor loss: 0.0493, VFL train accuracy: 1.0000
2026-04-15 11:02:36,569 - Epoch: 48, 251/274: VFL loss: 0.0001, total loss: 0.0247, anchor loss: 0.0493, VFL train accuracy: 1.0000
2026-04-15 11:02:37,047 - Epoch: 48, 261/274: VFL loss: 0.0001, total loss: 0.0247, anchor loss: 0.0493, VFL train accuracy: 1.0000
2026-04-15 11:02:37,538 - Epoch: 48, 271/274: VFL loss: 0.0001, total loss: 0.0247, anchor loss: 0.0493, VFL train accuracy: 1.0000
2026-04-15 11:02:37,695 - => Recorded Stage 2 client anchor losses for epoch 48 to './results/AVGuard/stage3_static_reliability_ablation_4clients/NUSWIDE_4clients_static_reliability_off\stage2_final_epoch_client_anchor_losses.json': {0: 0.017814, 1: 0.059075, 2: 0.053743, 3: 0.066588}
2026-04-15 11:02:37,696 - => Stage 2 EMA anchor update skipped at epoch 48 because update_freq=5
2026-04-15 11:02:37,696 - => Stage 2 Epoch 48 Training Summary: VFL loss: 0.0001, total loss: 0.0247, anchor loss: 0.0493, VFL train accuracy: 1.0000
2026-04-15 11:02:37,696 - => Test ASR...
2026-04-15 11:02:37,810 - =>Add Trigger to Test Data
2026-04-15 11:02:43,132 - Add Trigger to 37064 Bad Samples, 9629 Clean Samples (1.00)
2026-04-15 11:02:56,751 - => Test Epoch: 48, main task samples: 46693, attack samples: 46693, test loss: 1.4945, clean acc: 0.6188, Top-4: 0.9951, ASR: 0.4411, RAC: 0.4810, test target accuracy: 0.8803, stage3 final accuracy: 0.6188, stage3 final target accuracy: 0.6219, stage3 final asr: 0.4411, anchor loss: 0.0690
2026-04-15 11:02:56,752 - => Stage 3 Detection Summary: recall: 0.6105, precision: 0.0481, f1: 0.0893, false positive rate: 0.4066, correction rate: 0.3359
2026-04-15 11:02:56,752 - => Stage 3 Debug (clean): suspicious=18985/46693, correction_applied=18957, prediction_changed=18957, skipped_tied_vote=0, skipped_low_margin=0, skipped_other=28
2026-04-15 11:02:56,752 - => Stage 3 Debug (poison-valid): suspicious=20725/37064, correction_applied=20725, prediction_changed=20725, skipped_tied_vote=0, skipped_low_margin=0, skipped_other=0
2026-04-15 11:02:56,752 - => Stage 3 Debug (attack-success): suspicious=1912/3132, correction_applied=1912, prediction_changed=1912, corrected_to_true=1052
2026-04-15 11:02:56,753 - => Stage 2 checkpoint score: mean(clean_acc=0.6188, recall=0.6105, correction_rate=0.3359) = 0.5217
2026-04-15 11:02:56,824 - => End Epoch: 48, early stop epochs: 46, best epoch: 2, best clean acc: 0.5871, best Top-4: 0.9964, best ASR: 0.2702, best RAC: 0.6051, anchor loss: 0.0780, best checkpoint score: 0.7178
2026-04-15 11:02:56,824 - => Stage 3 Detection Summary: recall: 0.8799, precision: 0.3602, f1: 0.5111, false positive rate: 0.4276, correction rate: 0.6863
2026-04-15 11:02:56,868 - => LFBA current anchor-derived target label: 3
2026-04-15 11:02:56,951 - =>Add Trigger to Train Data
2026-04-15 11:02:57,377 - Add Trigger to 6996 Bad Samples, 62970 Clean Samples (0.10)
2026-04-15 11:02:57,381 - => Start Training for Injecting Backdoor...
2026-04-15 11:02:57,446 - Epoch: 49, 1/274: VFL loss: 0.0002, total loss: 0.0250, anchor loss: 0.0499, VFL train accuracy: 1.0000
2026-04-15 11:02:58,279 - Epoch: 49, 11/274: VFL loss: 0.0001, total loss: 0.0246, anchor loss: 0.0492, VFL train accuracy: 1.0000
2026-04-15 11:02:58,784 - Epoch: 49, 21/274: VFL loss: 0.0001, total loss: 0.0246, anchor loss: 0.0491, VFL train accuracy: 1.0000
2026-04-15 11:02:59,278 - Epoch: 49, 31/274: VFL loss: 0.0001, total loss: 0.0247, anchor loss: 0.0493, VFL train accuracy: 1.0000
2026-04-15 11:02:59,785 - Epoch: 49, 41/274: VFL loss: 0.0001, total loss: 0.0249, anchor loss: 0.0497, VFL train accuracy: 1.0000
2026-04-15 11:03:00,294 - Epoch: 49, 51/274: VFL loss: 0.0001, total loss: 0.0248, anchor loss: 0.0494, VFL train accuracy: 1.0000
2026-04-15 11:03:00,832 - Epoch: 49, 61/274: VFL loss: 0.0001, total loss: 0.0247, anchor loss: 0.0494, VFL train accuracy: 1.0000
2026-04-15 11:03:01,334 - Epoch: 49, 71/274: VFL loss: 0.0001, total loss: 0.0248, anchor loss: 0.0495, VFL train accuracy: 1.0000
2026-04-15 11:03:01,873 - Epoch: 49, 81/274: VFL loss: 0.0001, total loss: 0.0248, anchor loss: 0.0494, VFL train accuracy: 1.0000
2026-04-15 11:03:02,413 - Epoch: 49, 91/274: VFL loss: 0.0001, total loss: 0.0248, anchor loss: 0.0494, VFL train accuracy: 1.0000
2026-04-15 11:03:02,871 - Epoch: 49, 101/274: VFL loss: 0.0001, total loss: 0.0247, anchor loss: 0.0494, VFL train accuracy: 1.0000
2026-04-15 11:03:03,327 - Epoch: 49, 111/274: VFL loss: 0.0001, total loss: 0.0248, anchor loss: 0.0494, VFL train accuracy: 1.0000
2026-04-15 11:03:03,785 - Epoch: 49, 121/274: VFL loss: 0.0001, total loss: 0.0248, anchor loss: 0.0494, VFL train accuracy: 1.0000
2026-04-15 11:03:04,244 - Epoch: 49, 131/274: VFL loss: 0.0001, total loss: 0.0248, anchor loss: 0.0494, VFL train accuracy: 1.0000
2026-04-15 11:03:04,717 - Epoch: 49, 141/274: VFL loss: 0.0001, total loss: 0.0247, anchor loss: 0.0493, VFL train accuracy: 1.0000
2026-04-15 11:03:05,162 - Epoch: 49, 151/274: VFL loss: 0.0001, total loss: 0.0246, anchor loss: 0.0492, VFL train accuracy: 1.0000
2026-04-15 11:03:05,617 - Epoch: 49, 161/274: VFL loss: 0.0001, total loss: 0.0246, anchor loss: 0.0491, VFL train accuracy: 1.0000
2026-04-15 11:03:06,090 - Epoch: 49, 171/274: VFL loss: 0.0001, total loss: 0.0247, anchor loss: 0.0492, VFL train accuracy: 1.0000
2026-04-15 11:03:06,568 - Epoch: 49, 181/274: VFL loss: 0.0001, total loss: 0.0247, anchor loss: 0.0493, VFL train accuracy: 1.0000
2026-04-15 11:03:07,031 - Epoch: 49, 191/274: VFL loss: 0.0001, total loss: 0.0247, anchor loss: 0.0493, VFL train accuracy: 1.0000
2026-04-15 11:03:07,496 - Epoch: 49, 201/274: VFL loss: 0.0001, total loss: 0.0247, anchor loss: 0.0492, VFL train accuracy: 1.0000
2026-04-15 11:03:07,953 - Epoch: 49, 211/274: VFL loss: 0.0001, total loss: 0.0247, anchor loss: 0.0493, VFL train accuracy: 1.0000
2026-04-15 11:03:08,420 - Epoch: 49, 221/274: VFL loss: 0.0001, total loss: 0.0247, anchor loss: 0.0493, VFL train accuracy: 1.0000
2026-04-15 11:03:08,890 - Epoch: 49, 231/274: VFL loss: 0.0001, total loss: 0.0247, anchor loss: 0.0493, VFL train accuracy: 1.0000
2026-04-15 11:03:09,347 - Epoch: 49, 241/274: VFL loss: 0.0001, total loss: 0.0247, anchor loss: 0.0493, VFL train accuracy: 1.0000
2026-04-15 11:03:09,833 - Epoch: 49, 251/274: VFL loss: 0.0001, total loss: 0.0247, anchor loss: 0.0493, VFL train accuracy: 1.0000
2026-04-15 11:03:10,302 - Epoch: 49, 261/274: VFL loss: 0.0001, total loss: 0.0247, anchor loss: 0.0492, VFL train accuracy: 1.0000
2026-04-15 11:03:10,778 - Epoch: 49, 271/274: VFL loss: 0.0001, total loss: 0.0247, anchor loss: 0.0493, VFL train accuracy: 1.0000
2026-04-15 11:03:10,927 - => Recorded Stage 2 client anchor losses for epoch 49 to './results/AVGuard/stage3_static_reliability_ablation_4clients/NUSWIDE_4clients_static_reliability_off\stage2_final_epoch_client_anchor_losses.json': {0: 0.017761, 1: 0.059014, 2: 0.053732, 3: 0.066602}
2026-04-15 11:03:10,927 - => Stage 2 EMA anchor update skipped at epoch 49 because update_freq=5
2026-04-15 11:03:10,927 - => Stage 2 Epoch 49 Training Summary: VFL loss: 0.0001, total loss: 0.0247, anchor loss: 0.0493, VFL train accuracy: 1.0000
2026-04-15 11:03:10,928 - => Test ASR...
2026-04-15 11:03:11,038 - =>Add Trigger to Test Data
2026-04-15 11:03:16,105 - Add Trigger to 37064 Bad Samples, 9629 Clean Samples (1.00)
2026-04-15 11:03:29,700 - => Test Epoch: 49, main task samples: 46693, attack samples: 46693, test loss: 1.5011, clean acc: 0.6189, Top-4: 0.9951, ASR: 0.4418, RAC: 0.4807, test target accuracy: 0.8805, stage3 final accuracy: 0.6189, stage3 final target accuracy: 0.6225, stage3 final asr: 0.4418, anchor loss: 0.0690
2026-04-15 11:03:29,701 - => Stage 3 Detection Summary: recall: 0.6103, precision: 0.0482, f1: 0.0893, false positive rate: 0.4066, correction rate: 0.3371
2026-04-15 11:03:29,701 - => Stage 3 Debug (clean): suspicious=18984/46693, correction_applied=18957, prediction_changed=18957, skipped_tied_vote=0, skipped_low_margin=0, skipped_other=27
2026-04-15 11:03:29,701 - => Stage 3 Debug (poison-valid): suspicious=20739/37064, correction_applied=20739, prediction_changed=20739, skipped_tied_vote=0, skipped_low_margin=0, skipped_other=0
2026-04-15 11:03:29,701 - => Stage 3 Debug (attack-success): suspicious=1914/3136, correction_applied=1914, prediction_changed=1914, corrected_to_true=1057
2026-04-15 11:03:29,702 - => Stage 2 checkpoint score: mean(clean_acc=0.6189, recall=0.6103, correction_rate=0.3371) = 0.5221
2026-04-15 11:03:29,785 - => End Epoch: 49, early stop epochs: 47, best epoch: 2, best clean acc: 0.5871, best Top-4: 0.9964, best ASR: 0.2702, best RAC: 0.6051, anchor loss: 0.0780, best checkpoint score: 0.7178
2026-04-15 11:03:29,785 - => Stage 3 Detection Summary: recall: 0.8799, precision: 0.3602, f1: 0.5111, false positive rate: 0.4276, correction rate: 0.6863
2026-04-15 11:03:29,828 - => LFBA current anchor-derived target label: 3
2026-04-15 11:03:29,915 - =>Add Trigger to Train Data
2026-04-15 11:03:30,325 - Add Trigger to 6996 Bad Samples, 62970 Clean Samples (0.10)
2026-04-15 11:03:30,329 - => Start Training for Injecting Backdoor...
2026-04-15 11:03:30,389 - Epoch: 50, 1/274: VFL loss: 0.0000, total loss: 0.0256, anchor loss: 0.0512, VFL train accuracy: 1.0000
2026-04-15 11:03:31,215 - Epoch: 50, 11/274: VFL loss: 0.0001, total loss: 0.0253, anchor loss: 0.0504, VFL train accuracy: 1.0000
2026-04-15 11:03:31,726 - Epoch: 50, 21/274: VFL loss: 0.0001, total loss: 0.0253, anchor loss: 0.0504, VFL train accuracy: 1.0000
2026-04-15 11:03:32,234 - Epoch: 50, 31/274: VFL loss: 0.0001, total loss: 0.0249, anchor loss: 0.0497, VFL train accuracy: 1.0000
2026-04-15 11:03:32,736 - Epoch: 50, 41/274: VFL loss: 0.0001, total loss: 0.0248, anchor loss: 0.0494, VFL train accuracy: 1.0000
2026-04-15 11:03:33,193 - Epoch: 50, 51/274: VFL loss: 0.0001, total loss: 0.0248, anchor loss: 0.0494, VFL train accuracy: 1.0000
2026-04-15 11:03:33,641 - Epoch: 50, 61/274: VFL loss: 0.0001, total loss: 0.0247, anchor loss: 0.0492, VFL train accuracy: 1.0000
2026-04-15 11:03:34,095 - Epoch: 50, 71/274: VFL loss: 0.0001, total loss: 0.0246, anchor loss: 0.0492, VFL train accuracy: 1.0000
2026-04-15 11:03:34,531 - Epoch: 50, 81/274: VFL loss: 0.0001, total loss: 0.0247, anchor loss: 0.0493, VFL train accuracy: 1.0000
2026-04-15 11:03:34,969 - Epoch: 50, 91/274: VFL loss: 0.0001, total loss: 0.0247, anchor loss: 0.0492, VFL train accuracy: 1.0000
2026-04-15 11:03:35,418 - Epoch: 50, 101/274: VFL loss: 0.0001, total loss: 0.0247, anchor loss: 0.0492, VFL train accuracy: 1.0000
2026-04-15 11:03:35,891 - Epoch: 50, 111/274: VFL loss: 0.0001, total loss: 0.0247, anchor loss: 0.0493, VFL train accuracy: 1.0000
2026-04-15 11:03:36,362 - Epoch: 50, 121/274: VFL loss: 0.0001, total loss: 0.0248, anchor loss: 0.0494, VFL train accuracy: 1.0000
2026-04-15 11:03:36,824 - Epoch: 50, 131/274: VFL loss: 0.0001, total loss: 0.0248, anchor loss: 0.0495, VFL train accuracy: 1.0000
2026-04-15 11:03:37,258 - Epoch: 50, 141/274: VFL loss: 0.0001, total loss: 0.0247, anchor loss: 0.0493, VFL train accuracy: 1.0000
2026-04-15 11:03:37,689 - Epoch: 50, 151/274: VFL loss: 0.0001, total loss: 0.0248, anchor loss: 0.0494, VFL train accuracy: 1.0000
2026-04-15 11:03:38,128 - Epoch: 50, 161/274: VFL loss: 0.0001, total loss: 0.0248, anchor loss: 0.0494, VFL train accuracy: 1.0000
2026-04-15 11:03:38,555 - Epoch: 50, 171/274: VFL loss: 0.0001, total loss: 0.0247, anchor loss: 0.0493, VFL train accuracy: 1.0000
2026-04-15 11:03:38,989 - Epoch: 50, 181/274: VFL loss: 0.0001, total loss: 0.0247, anchor loss: 0.0493, VFL train accuracy: 1.0000
2026-04-15 11:03:39,423 - Epoch: 50, 191/274: VFL loss: 0.0001, total loss: 0.0247, anchor loss: 0.0493, VFL train accuracy: 1.0000
2026-04-15 11:03:39,858 - Epoch: 50, 201/274: VFL loss: 0.0001, total loss: 0.0247, anchor loss: 0.0493, VFL train accuracy: 1.0000
2026-04-15 11:03:40,302 - Epoch: 50, 211/274: VFL loss: 0.0001, total loss: 0.0247, anchor loss: 0.0493, VFL train accuracy: 1.0000
2026-04-15 11:03:40,697 - Epoch: 50, 221/274: VFL loss: 0.0001, total loss: 0.0247, anchor loss: 0.0493, VFL train accuracy: 1.0000
2026-04-15 11:03:41,129 - Epoch: 50, 231/274: VFL loss: 0.0001, total loss: 0.0247, anchor loss: 0.0492, VFL train accuracy: 1.0000
2026-04-15 11:03:41,725 - Epoch: 50, 241/274: VFL loss: 0.0001, total loss: 0.0247, anchor loss: 0.0493, VFL train accuracy: 1.0000
2026-04-15 11:03:42,162 - Epoch: 50, 251/274: VFL loss: 0.0001, total loss: 0.0247, anchor loss: 0.0493, VFL train accuracy: 1.0000
2026-04-15 11:03:42,612 - Epoch: 50, 261/274: VFL loss: 0.0001, total loss: 0.0247, anchor loss: 0.0493, VFL train accuracy: 1.0000
2026-04-15 11:03:43,031 - Epoch: 50, 271/274: VFL loss: 0.0001, total loss: 0.0247, anchor loss: 0.0492, VFL train accuracy: 1.0000
2026-04-15 11:03:43,173 - => Recorded Stage 2 client anchor losses for epoch 50 to './results/AVGuard/stage3_static_reliability_ablation_4clients/NUSWIDE_4clients_static_reliability_off\stage2_final_epoch_client_anchor_losses.json': {0: 0.017706, 1: 0.058956, 2: 0.05372, 3: 0.066527}
2026-04-15 11:03:43,181 - => Stage 2 EMA anchor update applied at epoch 50 with momentum 0.9950: updated classes per client {0: 5, 1: 5, 2: 5, 3: 5}
2026-04-15 11:03:43,181 - => Stage 2 Epoch 50 Training Summary: VFL loss: 0.0001, total loss: 0.0247, anchor loss: 0.0492, VFL train accuracy: 1.0000
2026-04-15 11:03:43,181 - => Test ASR...
2026-04-15 11:03:43,292 - =>Add Trigger to Test Data
2026-04-15 11:03:48,421 - Add Trigger to 37064 Bad Samples, 9629 Clean Samples (1.00)
2026-04-15 11:04:02,250 - => Test Epoch: 50, main task samples: 46693, attack samples: 46693, test loss: 1.5105, clean acc: 0.6190, Top-4: 0.9950, ASR: 0.4414, RAC: 0.4811, test target accuracy: 0.8816, stage3 final accuracy: 0.6190, stage3 final target accuracy: 0.6237, stage3 final asr: 0.4414, anchor loss: 0.0687
2026-04-15 11:04:02,250 - => Stage 3 Detection Summary: recall: 0.6119, precision: 0.0490, f1: 0.0908, false positive rate: 0.4062, correction rate: 0.3377
2026-04-15 11:04:02,251 - => Stage 3 Debug (clean): suspicious=18968/46693, correction_applied=18944, prediction_changed=18944, skipped_tied_vote=0, skipped_low_margin=0, skipped_other=24
2026-04-15 11:04:02,251 - => Stage 3 Debug (poison-valid): suspicious=20734/37064, correction_applied=20734, prediction_changed=20734, skipped_tied_vote=0, skipped_low_margin=0, skipped_other=0
2026-04-15 11:04:02,251 - => Stage 3 Debug (attack-success): suspicious=1946/3180, correction_applied=1946, prediction_changed=1946, corrected_to_true=1074
2026-04-15 11:04:02,252 - => Stage 2 checkpoint score: mean(clean_acc=0.6190, recall=0.6119, correction_rate=0.3377) = 0.5229
2026-04-15 11:04:02,340 - => End Epoch: 50, early stop epochs: 48, best epoch: 2, best clean acc: 0.5871, best Top-4: 0.9964, best ASR: 0.2702, best RAC: 0.6051, anchor loss: 0.0780, best checkpoint score: 0.7178
2026-04-15 11:04:02,340 - => Stage 3 Detection Summary: recall: 0.8799, precision: 0.3602, f1: 0.5111, false positive rate: 0.4276, correction rate: 0.6863
