2026-04-03 09:46:41,858 - Namespace(config='', data_dir='./dataset/data_raw/', dataset='NUSWIDE', device=0, results_dir='./results/AVGuard/NUSWIDE/NUSWIDE_anchor_stage2_3clients_oracle_label', seed=100, epoch=50, batch_size=256, client_num=3, pretrained_checkpoint=None, test_checkpoint=None, resume_latest=False, lr=0.001, start_epoch=0, print_steps=10, early_stop=10, attack='LFBA', target_label=None, poison_rate=0.1, poison_dimensions=10, trigger_feature_clip=1.0, attack_client_num=2, feature_extractor='', select_rate=0.3, lfba_poison_source='oracle_label', random_select=False, poison_all=False, anchor_idx=33930, pretrain_stage=0, mode='train', defense='anchor', defense_scheme='AVGuard', force_stage1_retrain=False, enable_anchor_loss=True, lambda_anchor=1.0, lambda_stage1_anchor=0.3, anchor_pretrain_epochs=20, anchor_pretrain_early_stop=5, anchor_pretrain_min_delta=0.0001, anchor_scale=16.0, anchor_margin=0.2, anchor_bank_path='./results/AVGuard/NUSWIDE/NUSWIDE_anchor_stage1_3clients_oracle_label/anchor_bank.pt', anchor_stage1_dir='./results/AVGuard/NUSWIDE/NUSWIDE_anchor_stage1_3clients_oracle_label/anchor_stage1', anchor_ema_momentum=0.999999, anchor_ema_update_freq=1, gamma=2.0, theta_supp=0.15, top_k=4, original_dataset='NUSWIDE', attack_target_label=None, anchor_margin_auto_adjusted=False, requested_anchor_margin=0.2)
2026-04-03 09:46:41,859 - => Defense scheme: AVGuard
2026-04-03 09:46:41,860 - => LFBA poison-set source: oracle_label
2026-04-03 09:46:41,860 - => Python executable: D:\Code\Miniconda\envs\backdoor\python.exe
2026-04-03 09:46:41,860 - => Torch version: 2.5.1+cu121, compiled CUDA: 12.1, cuda available: True, visible GPU count: 1
2026-04-03 09:46:41,860 - => Using GPU cuda:0 (NVIDIA GeForce RTX 4060 Laptop GPU)
2026-04-03 09:46:41,860 - => Preparing data...
2026-04-03 09:47:33,350 - => NUSWIDE total feature dim: 1634, client_num: 3, local output dims: [60, 24, 16]
2026-04-03 09:47:33,350 - => NUSWIDE fixed feature order: [CH | CM55 | CORR | EDH | WT | Tags1k]
2026-04-03 09:47:33,350 - => NUSWIDE split: client0 = TEXT[1000]
2026-04-03 09:47:33,351 - => NUSWIDE split: client1 = CH + CM55 + EDH [362]
2026-04-03 09:47:33,351 - => NUSWIDE split: client2 = CORR + WT [272]
2026-04-03 09:47:33,351 - => NUSWIDE attacker client: client2
2026-04-03 09:47:33,477 - => Resolved LFBA attack target label=3 from training anchor_idx=33930
2026-04-03 09:47:33,628 - => Enter Stage 1: passive local backbones are trained with active-party private two-layer MLP heads
2026-04-03 09:47:33,630 - => Stage 1 latest checkpoint path: './results/AVGuard/NUSWIDE/NUSWIDE_anchor_stage2_3clients_oracle_label\latest_checkpoint.pth.tar'
2026-04-03 09:47:34,462 - =>Add Trigger to Train Data
2026-04-03 09:47:34,834 - Add Trigger to 6996 Bad Samples, 62970 Clean Samples (0.10)
2026-04-03 09:47:34,888 - =>Add Trigger to Test Data
2026-04-03 09:47:36,266 - Add Trigger to 46693 Bad Samples, 0 Clean Samples (1.00)
2026-04-03 09:47:36,367 - => Stage 1 start for passive client 0
2026-04-03 09:47:36,367 - => Stage 1 early stop for passive client 0: patience=5, min_delta=0.000100
2026-04-03 09:47:44,636 - => Stage 1 client 0 epoch 1/20, ce loss: 1.6162, train anchor loss: 0.7260, total loss: 1.8340, clean acc: 0.8287, eval anchor loss: 0.1125, backdoor acc: 0.0000
2026-04-03 09:47:51,863 - => Stage 1 client 0 epoch 2/20, ce loss: 0.8856, train anchor loss: 0.0742, total loss: 0.9079, clean acc: 0.8324, eval anchor loss: 0.0674, backdoor acc: 0.0000
2026-04-03 09:47:59,096 - => Stage 1 client 0 epoch 3/20, ce loss: 0.8019, train anchor loss: 0.0623, total loss: 0.8206, clean acc: 0.8309, eval anchor loss: 0.0696, backdoor acc: 0.0000
2026-04-03 09:48:06,232 - => Stage 1 client 0 epoch 4/20, ce loss: 0.7158, train anchor loss: 0.0581, total loss: 0.7333, clean acc: 0.8290, eval anchor loss: 0.0755, backdoor acc: 0.0000
2026-04-03 09:48:13,305 - => Stage 1 client 0 epoch 5/20, ce loss: 0.6327, train anchor loss: 0.0530, total loss: 0.6486, clean acc: 0.8247, eval anchor loss: 0.0832, backdoor acc: 0.0000
2026-04-03 09:48:20,491 - => Stage 1 client 0 epoch 6/20, ce loss: 0.5643, train anchor loss: 0.0487, total loss: 0.5789, clean acc: 0.8251, eval anchor loss: 0.0848, backdoor acc: 0.0000
2026-04-03 09:48:27,567 - => Stage 1 client 0 epoch 7/20, ce loss: 0.5132, train anchor loss: 0.0455, total loss: 0.5268, clean acc: 0.8232, eval anchor loss: 0.0891, backdoor acc: 0.0000
2026-04-03 09:48:27,603 - => Stage 1 early stop triggered for passive client 0 at epoch 7/20; best clean acc: 0.8324 at epoch 2
2026-04-03 09:48:27,621 - => Stage 1 final summary for passive client 0: best epoch: 2, clean acc: 0.8324, anchor loss: 0.0674, backdoor acc: 0.0000
2026-04-03 09:48:27,624 - => Stage 1 start for passive client 1
2026-04-03 09:48:27,624 - => Stage 1 early stop for passive client 1: patience=5, min_delta=0.000100
2026-04-03 09:48:34,561 - => Stage 1 client 1 epoch 1/20, ce loss: 2.8111, train anchor loss: 1.5868, total loss: 3.2872, clean acc: 0.6884, eval anchor loss: 0.8251, backdoor acc: 0.0000
2026-04-03 09:48:41,295 - => Stage 1 client 1 epoch 2/20, ce loss: 1.7611, train anchor loss: 0.2961, total loss: 1.8499, clean acc: 0.7028, eval anchor loss: 0.0993, backdoor acc: 0.0000
2026-04-03 09:48:48,231 - => Stage 1 client 1 epoch 3/20, ce loss: 1.3974, train anchor loss: 0.0865, total loss: 1.4234, clean acc: 0.7070, eval anchor loss: 0.0895, backdoor acc: 0.0000
2026-04-03 09:48:55,147 - => Stage 1 client 1 epoch 4/20, ce loss: 1.3461, train anchor loss: 0.0834, total loss: 1.3712, clean acc: 0.7094, eval anchor loss: 0.0912, backdoor acc: 0.0000
2026-04-03 09:49:01,970 - => Stage 1 client 1 epoch 5/20, ce loss: 1.3000, train anchor loss: 0.0823, total loss: 1.3247, clean acc: 0.7048, eval anchor loss: 0.0925, backdoor acc: 0.0000
2026-04-03 09:49:08,819 - => Stage 1 client 1 epoch 6/20, ce loss: 1.2519, train anchor loss: 0.0808, total loss: 1.2761, clean acc: 0.7125, eval anchor loss: 0.0920, backdoor acc: 0.0000
2026-04-03 09:49:15,744 - => Stage 1 client 1 epoch 7/20, ce loss: 1.2042, train anchor loss: 0.0799, total loss: 1.2282, clean acc: 0.7119, eval anchor loss: 0.0997, backdoor acc: 0.0000
2026-04-03 09:49:22,642 - => Stage 1 client 1 epoch 8/20, ce loss: 1.1623, train anchor loss: 0.0786, total loss: 1.1859, clean acc: 0.7130, eval anchor loss: 0.0984, backdoor acc: 0.0000
2026-04-03 09:49:29,672 - => Stage 1 client 1 epoch 9/20, ce loss: 1.1151, train anchor loss: 0.0774, total loss: 1.1383, clean acc: 0.7101, eval anchor loss: 0.1042, backdoor acc: 0.0000
2026-04-03 09:49:36,642 - => Stage 1 client 1 epoch 10/20, ce loss: 1.0727, train anchor loss: 0.0757, total loss: 1.0955, clean acc: 0.7094, eval anchor loss: 0.1077, backdoor acc: 0.0000
2026-04-03 09:49:43,680 - => Stage 1 client 1 epoch 11/20, ce loss: 1.0315, train anchor loss: 0.0741, total loss: 1.0537, clean acc: 0.7065, eval anchor loss: 0.1098, backdoor acc: 0.0000
2026-04-03 09:49:50,533 - => Stage 1 client 1 epoch 12/20, ce loss: 0.9903, train anchor loss: 0.0727, total loss: 1.0121, clean acc: 0.7050, eval anchor loss: 0.1132, backdoor acc: 0.0000
2026-04-03 09:49:57,439 - => Stage 1 client 1 epoch 13/20, ce loss: 0.9488, train anchor loss: 0.0709, total loss: 0.9701, clean acc: 0.7083, eval anchor loss: 0.1203, backdoor acc: 0.0000
2026-04-03 09:49:57,465 - => Stage 1 early stop triggered for passive client 1 at epoch 13/20; best clean acc: 0.7130 at epoch 8
2026-04-03 09:49:57,485 - => Stage 1 final summary for passive client 1: best epoch: 8, clean acc: 0.7130, anchor loss: 0.0984, backdoor acc: 0.0000
2026-04-03 09:49:57,488 - => Stage 1 start for passive client 2
2026-04-03 09:49:57,488 - => Stage 1 early stop for passive client 2: patience=5, min_delta=0.000100
2026-04-03 09:50:05,965 - => Stage 1 client 2 epoch 1/20, ce loss: 2.5330, train anchor loss: 1.2663, total loss: 2.9129, clean acc: 0.6823, eval anchor loss: 0.8014, backdoor acc: 0.9996
2026-04-03 09:50:14,494 - => Stage 1 client 2 epoch 2/20, ce loss: 1.6593, train anchor loss: 0.3125, total loss: 1.7530, clean acc: 0.7015, eval anchor loss: 0.0994, backdoor acc: 0.9996
2026-04-03 09:50:23,245 - => Stage 1 client 2 epoch 3/20, ce loss: 1.3172, train anchor loss: 0.0917, total loss: 1.3447, clean acc: 0.7022, eval anchor loss: 0.0950, backdoor acc: 0.9995
2026-04-03 09:50:31,643 - => Stage 1 client 2 epoch 4/20, ce loss: 1.2799, train anchor loss: 0.0901, total loss: 1.3069, clean acc: 0.7077, eval anchor loss: 0.0914, backdoor acc: 0.9995
2026-04-03 09:50:40,185 - => Stage 1 client 2 epoch 5/20, ce loss: 1.2552, train anchor loss: 0.0890, total loss: 1.2819, clean acc: 0.7094, eval anchor loss: 0.0948, backdoor acc: 0.9992
2026-04-03 09:50:48,556 - => Stage 1 client 2 epoch 6/20, ce loss: 1.2339, train anchor loss: 0.0880, total loss: 1.2603, clean acc: 0.7160, eval anchor loss: 0.0928, backdoor acc: 0.9990
2026-04-03 09:50:57,158 - => Stage 1 client 2 epoch 7/20, ce loss: 1.2142, train anchor loss: 0.0867, total loss: 1.2402, clean acc: 0.7150, eval anchor loss: 0.0916, backdoor acc: 0.9993
2026-04-03 09:51:05,613 - => Stage 1 client 2 epoch 8/20, ce loss: 1.1943, train anchor loss: 0.0859, total loss: 1.2201, clean acc: 0.7150, eval anchor loss: 0.0958, backdoor acc: 0.9995
2026-04-03 09:51:14,030 - => Stage 1 client 2 epoch 9/20, ce loss: 1.1773, train anchor loss: 0.0850, total loss: 1.2028, clean acc: 0.7164, eval anchor loss: 0.0898, backdoor acc: 0.9991
2026-04-03 09:51:22,469 - => Stage 1 client 2 epoch 10/20, ce loss: 1.1615, train anchor loss: 0.0845, total loss: 1.1869, clean acc: 0.7151, eval anchor loss: 0.0932, backdoor acc: 0.9995
2026-04-03 09:51:30,967 - => Stage 1 client 2 epoch 11/20, ce loss: 1.1466, train anchor loss: 0.0839, total loss: 1.1717, clean acc: 0.7166, eval anchor loss: 0.0954, backdoor acc: 0.9992
2026-04-03 09:51:39,431 - => Stage 1 client 2 epoch 12/20, ce loss: 1.1326, train anchor loss: 0.0829, total loss: 1.1575, clean acc: 0.7197, eval anchor loss: 0.1004, backdoor acc: 0.9993
2026-04-03 09:51:47,972 - => Stage 1 client 2 epoch 13/20, ce loss: 1.1192, train anchor loss: 0.0829, total loss: 1.1440, clean acc: 0.7181, eval anchor loss: 0.0936, backdoor acc: 0.9998
2026-04-03 09:51:56,358 - => Stage 1 client 2 epoch 14/20, ce loss: 1.1052, train anchor loss: 0.0818, total loss: 1.1298, clean acc: 0.7152, eval anchor loss: 0.0957, backdoor acc: 0.9994
2026-04-03 09:52:04,747 - => Stage 1 client 2 epoch 15/20, ce loss: 1.0923, train anchor loss: 0.0814, total loss: 1.1168, clean acc: 0.7166, eval anchor loss: 0.1002, backdoor acc: 0.9988
2026-04-03 09:52:12,989 - => Stage 1 client 2 epoch 16/20, ce loss: 1.0757, train anchor loss: 0.0806, total loss: 1.0999, clean acc: 0.7165, eval anchor loss: 0.0965, backdoor acc: 0.9994
2026-04-03 09:52:21,464 - => Stage 1 client 2 epoch 17/20, ce loss: 1.0648, train anchor loss: 0.0798, total loss: 1.0887, clean acc: 0.7200, eval anchor loss: 0.0980, backdoor acc: 0.9992
2026-04-03 09:52:29,700 - => Stage 1 client 2 epoch 18/20, ce loss: 1.0531, train anchor loss: 0.0795, total loss: 1.0769, clean acc: 0.7201, eval anchor loss: 0.0984, backdoor acc: 0.9992
2026-04-03 09:52:37,743 - => Stage 1 client 2 epoch 19/20, ce loss: 1.0386, train anchor loss: 0.0785, total loss: 1.0621, clean acc: 0.7185, eval anchor loss: 0.0985, backdoor acc: 0.9992
2026-04-03 09:52:45,774 - => Stage 1 client 2 epoch 20/20, ce loss: 1.0298, train anchor loss: 0.0780, total loss: 1.0532, clean acc: 0.7170, eval anchor loss: 0.1010, backdoor acc: 0.9994
2026-04-03 09:52:45,813 - => Stage 1 final summary for passive client 2: best epoch: 17, clean acc: 0.7200, anchor loss: 0.0980, backdoor acc: 0.9992
2026-04-03 09:52:45,903 - => Stage 1 metrics were also saved to './results/AVGuard/NUSWIDE/NUSWIDE_anchor_stage1_3clients_oracle_label/anchor_stage1\stage1_metrics.json'
2026-04-03 09:52:45,903 - => Saved stage1 passive-party local models and anchors to './results/AVGuard/NUSWIDE/NUSWIDE_anchor_stage1_3clients_oracle_label/anchor_stage1'
2026-04-03 09:52:45,909 - => Saved anchor artifact to './results/AVGuard/NUSWIDE/NUSWIDE_anchor_stage1_3clients_oracle_label/anchor_bank.pt'
2026-04-03 09:52:45,909 - => Stage 3 is ready; it will use Stage 1 client reliability from the loaded anchor state when available. Stage 2 client anchor-loss stats are optional diagnostics.
2026-04-03 09:52:46,147 - =>Add Trigger to Test Data
2026-04-03 09:52:48,977 - Add Trigger to 37064 Bad Samples, 9629 Clean Samples (1.00)
2026-04-03 09:52:49,219 - => Start Training with LFBA...
2026-04-03 09:52:49,219 - => Enter Stage 2: joint VFL training starts from stage1 passive local backbones with frozen anchor heads
2026-04-03 09:52:49,219 - => Stage 2 anchor loss enabled: True
2026-04-03 09:52:49,220 - => Stage 2 EMA anchor calibration: momentum=1.0000, update_freq=1 epoch(s)
2026-04-03 09:52:49,220 - => Stage 2 latest checkpoint path: './results/AVGuard/NUSWIDE/NUSWIDE_anchor_stage2_3clients_oracle_label\latest_checkpoint.pth.tar'
2026-04-03 09:52:49,220 - => Stage 2 best checkpoint path: './results/AVGuard/NUSWIDE/NUSWIDE_anchor_stage2_3clients_oracle_label\best_checkpoint.pth.tar'
2026-04-03 09:52:49,330 - => Built LFBA poison set from oracle labels: anchor label=3, total same-label samples=14385, selected poison samples=1438, effective ratio=0.1000
2026-04-03 09:52:49,332 - => Oracle-label LFBA skips gradient hard-sample ranking and samples replace targets directly from the known same-label poison set
2026-04-03 09:52:49,346 - => LFBA current anchor-derived target label: 3
2026-04-03 09:52:49,427 - =>Add Trigger to Train Data
2026-04-03 09:52:49,559 - Add Trigger to 1438 Bad Samples, 68528 Clean Samples (0.10)
2026-04-03 09:52:49,560 - => Start Training for Injecting Backdoor...
2026-04-03 09:52:49,659 - Epoch: 1, 1/274: VFL loss: 1.5814, total loss: 1.6412, anchor loss: 0.0597, VFL train accuracy: 0.3984
2026-04-03 09:52:50,141 - Epoch: 1, 11/274: VFL loss: 1.2283, total loss: 1.2978, anchor loss: 0.0694, VFL train accuracy: 0.5778
2026-04-03 09:52:50,442 - Epoch: 1, 21/274: VFL loss: 0.9422, total loss: 1.0190, anchor loss: 0.0768, VFL train accuracy: 0.6888
2026-04-03 09:52:50,732 - Epoch: 1, 31/274: VFL loss: 0.7775, total loss: 0.8596, anchor loss: 0.0820, VFL train accuracy: 0.7481
2026-04-03 09:52:51,023 - Epoch: 1, 41/274: VFL loss: 0.6806, total loss: 0.7636, anchor loss: 0.0830, VFL train accuracy: 0.7796
2026-04-03 09:52:51,325 - Epoch: 1, 51/274: VFL loss: 0.6214, total loss: 0.7042, anchor loss: 0.0828, VFL train accuracy: 0.8015
2026-04-03 09:52:51,634 - Epoch: 1, 61/274: VFL loss: 0.5714, total loss: 0.6542, anchor loss: 0.0827, VFL train accuracy: 0.8180
2026-04-03 09:52:51,964 - Epoch: 1, 71/274: VFL loss: 0.5367, total loss: 0.6192, anchor loss: 0.0825, VFL train accuracy: 0.8302
2026-04-03 09:52:52,284 - Epoch: 1, 81/274: VFL loss: 0.5087, total loss: 0.5912, anchor loss: 0.0825, VFL train accuracy: 0.8397
2026-04-03 09:52:52,601 - Epoch: 1, 91/274: VFL loss: 0.4823, total loss: 0.5643, anchor loss: 0.0820, VFL train accuracy: 0.8480
2026-04-03 09:52:52,913 - Epoch: 1, 101/274: VFL loss: 0.4627, total loss: 0.5443, anchor loss: 0.0816, VFL train accuracy: 0.8533
2026-04-03 09:52:53,221 - Epoch: 1, 111/274: VFL loss: 0.4454, total loss: 0.5268, anchor loss: 0.0814, VFL train accuracy: 0.8586
2026-04-03 09:52:53,516 - Epoch: 1, 121/274: VFL loss: 0.4303, total loss: 0.5113, anchor loss: 0.0810, VFL train accuracy: 0.8633
2026-04-03 09:52:53,804 - Epoch: 1, 131/274: VFL loss: 0.4184, total loss: 0.4992, anchor loss: 0.0808, VFL train accuracy: 0.8666
2026-04-03 09:52:54,257 - Epoch: 1, 141/274: VFL loss: 0.4078, total loss: 0.4884, anchor loss: 0.0806, VFL train accuracy: 0.8700
2026-04-03 09:52:54,531 - Epoch: 1, 151/274: VFL loss: 0.4003, total loss: 0.4808, anchor loss: 0.0805, VFL train accuracy: 0.8724
2026-04-03 09:52:54,827 - Epoch: 1, 161/274: VFL loss: 0.3928, total loss: 0.4732, anchor loss: 0.0804, VFL train accuracy: 0.8746
2026-04-03 09:52:55,059 - Epoch: 1, 171/274: VFL loss: 0.3845, total loss: 0.4647, anchor loss: 0.0802, VFL train accuracy: 0.8771
2026-04-03 09:52:55,308 - Epoch: 1, 181/274: VFL loss: 0.3773, total loss: 0.4573, anchor loss: 0.0800, VFL train accuracy: 0.8793
2026-04-03 09:52:55,554 - Epoch: 1, 191/274: VFL loss: 0.3723, total loss: 0.4521, anchor loss: 0.0797, VFL train accuracy: 0.8811
2026-04-03 09:52:55,801 - Epoch: 1, 201/274: VFL loss: 0.3674, total loss: 0.4470, anchor loss: 0.0795, VFL train accuracy: 0.8823
2026-04-03 09:52:56,042 - Epoch: 1, 211/274: VFL loss: 0.3626, total loss: 0.4420, anchor loss: 0.0793, VFL train accuracy: 0.8840
2026-04-03 09:52:56,319 - Epoch: 1, 221/274: VFL loss: 0.3576, total loss: 0.4368, anchor loss: 0.0791, VFL train accuracy: 0.8856
2026-04-03 09:52:56,584 - Epoch: 1, 231/274: VFL loss: 0.3536, total loss: 0.4324, anchor loss: 0.0789, VFL train accuracy: 0.8868
2026-04-03 09:52:56,844 - Epoch: 1, 241/274: VFL loss: 0.3498, total loss: 0.4285, anchor loss: 0.0787, VFL train accuracy: 0.8879
2026-04-03 09:52:57,092 - Epoch: 1, 251/274: VFL loss: 0.3464, total loss: 0.4250, anchor loss: 0.0786, VFL train accuracy: 0.8889
2026-04-03 09:52:57,345 - Epoch: 1, 261/274: VFL loss: 0.3428, total loss: 0.4213, anchor loss: 0.0785, VFL train accuracy: 0.8898
2026-04-03 09:52:57,586 - Epoch: 1, 271/274: VFL loss: 0.3399, total loss: 0.4183, anchor loss: 0.0784, VFL train accuracy: 0.8906
2026-04-03 09:52:57,711 - => Recorded Stage 2 client anchor losses for epoch 1 to './results/AVGuard/NUSWIDE/NUSWIDE_anchor_stage2_3clients_oracle_label\stage2_final_epoch_client_anchor_losses.json': {0: 0.064919, 1: 0.083975, 2: 0.086133}
2026-04-03 09:52:57,721 - => Stage 2 EMA anchor update applied at epoch 1 with momentum 1.0000: updated classes per client {0: 5, 1: 5, 2: 5}
2026-04-03 09:52:57,721 - => Stage 2 Epoch 1 Training Summary: VFL loss: 0.3392, total loss: 0.4175, anchor loss: 0.0783, VFL train accuracy: 0.8909
2026-04-03 09:52:57,721 - => Test ASR...
2026-04-03 09:52:57,823 - =>Add Trigger to Test Data
2026-04-03 09:53:00,594 - Add Trigger to 37064 Bad Samples, 9629 Clean Samples (1.00)
2026-04-03 09:53:08,834 - => Test Epoch: 1, main task samples: 46693, attack samples: 46693, test loss: 0.3389, clean acc: 0.8048, Top-4: 0.9962, ASR: 0.1282, RAC: 0.7689, test target accuracy: 0.8954, stage3 final accuracy: 0.8048, stage3 final target accuracy: 0.7587, stage3 final asr: 0.1282, anchor loss: 0.0867
2026-04-03 09:53:08,834 - => Stage 3 Detection Summary: recall: 0.8527, precision: 0.6514, f1: 0.7386, false positive rate: 0.2157, correction rate: 0.7385
2026-04-03 09:53:08,834 - => Stage 3 Debug (clean): suspicious=10073/46693, correction_applied=10055, prediction_changed=8012, skipped_tied_vote=0, skipped_other=18
2026-04-03 09:53:08,835 - => Stage 3 Debug (poison-valid): suspicious=25801/37064, correction_applied=25800, prediction_changed=24645, skipped_tied_vote=0, skipped_other=1
2026-04-03 09:53:08,835 - => Stage 3 Debug (attack-success): suspicious=23368/27405, correction_applied=23367, prediction_changed=23363, corrected_to_true=20239
2026-04-03 09:53:08,835 - => Save best model...
2026-04-03 09:53:08,914 - => End Epoch: 1, early stop epochs: 0, best epoch: 1, best clean acc: 0.8048, best Top-4: 0.9962, best ASR: 0.1282, best RAC: 0.7689, anchor loss: 0.0867
2026-04-03 09:53:08,914 - => Stage 3 Detection Summary: recall: 0.8527, precision: 0.6514, f1: 0.7386, false positive rate: 0.2157, correction rate: 0.7385
2026-04-03 09:53:08,917 - => Oracle-label LFBA skips gradient hard-sample ranking and samples replace targets directly from the known same-label poison set
2026-04-03 09:53:08,931 - => LFBA current anchor-derived target label: 3
2026-04-03 09:53:09,010 - =>Add Trigger to Train Data
2026-04-03 09:53:09,133 - Add Trigger to 1438 Bad Samples, 68528 Clean Samples (0.10)
2026-04-03 09:53:09,135 - => Start Training for Injecting Backdoor...
2026-04-03 09:53:09,174 - Epoch: 2, 1/274: VFL loss: 0.2327, total loss: 0.3078, anchor loss: 0.0751, VFL train accuracy: 0.9258
2026-04-03 09:53:09,663 - Epoch: 2, 11/274: VFL loss: 0.1954, total loss: 0.2670, anchor loss: 0.0716, VFL train accuracy: 0.9361
2026-04-03 09:53:09,945 - Epoch: 2, 21/274: VFL loss: 0.1883, total loss: 0.2596, anchor loss: 0.0713, VFL train accuracy: 0.9395
2026-04-03 09:53:10,258 - Epoch: 2, 31/274: VFL loss: 0.1883, total loss: 0.2598, anchor loss: 0.0716, VFL train accuracy: 0.9396
2026-04-03 09:53:10,558 - Epoch: 2, 41/274: VFL loss: 0.1916, total loss: 0.2635, anchor loss: 0.0719, VFL train accuracy: 0.9381
2026-04-03 09:53:10,894 - Epoch: 2, 51/274: VFL loss: 0.1941, total loss: 0.2663, anchor loss: 0.0722, VFL train accuracy: 0.9374
2026-04-03 09:53:11,154 - Epoch: 2, 61/274: VFL loss: 0.1939, total loss: 0.2658, anchor loss: 0.0719, VFL train accuracy: 0.9374
2026-04-03 09:53:11,451 - Epoch: 2, 71/274: VFL loss: 0.1942, total loss: 0.2657, anchor loss: 0.0716, VFL train accuracy: 0.9377
2026-04-03 09:53:11,728 - Epoch: 2, 81/274: VFL loss: 0.1970, total loss: 0.2689, anchor loss: 0.0719, VFL train accuracy: 0.9374
2026-04-03 09:53:12,004 - Epoch: 2, 91/274: VFL loss: 0.1980, total loss: 0.2699, anchor loss: 0.0718, VFL train accuracy: 0.9365
2026-04-03 09:53:12,281 - Epoch: 2, 101/274: VFL loss: 0.1969, total loss: 0.2687, anchor loss: 0.0717, VFL train accuracy: 0.9369
2026-04-03 09:53:12,560 - Epoch: 2, 111/274: VFL loss: 0.1976, total loss: 0.2693, anchor loss: 0.0716, VFL train accuracy: 0.9369
2026-04-03 09:53:12,842 - Epoch: 2, 121/274: VFL loss: 0.1997, total loss: 0.2715, anchor loss: 0.0718, VFL train accuracy: 0.9358
2026-04-03 09:53:13,120 - Epoch: 2, 131/274: VFL loss: 0.2005, total loss: 0.2724, anchor loss: 0.0719, VFL train accuracy: 0.9355
2026-04-03 09:53:13,397 - Epoch: 2, 141/274: VFL loss: 0.2007, total loss: 0.2726, anchor loss: 0.0719, VFL train accuracy: 0.9355
2026-04-03 09:53:13,690 - Epoch: 2, 151/274: VFL loss: 0.2003, total loss: 0.2721, anchor loss: 0.0719, VFL train accuracy: 0.9359
2026-04-03 09:53:13,971 - Epoch: 2, 161/274: VFL loss: 0.2017, total loss: 0.2735, anchor loss: 0.0718, VFL train accuracy: 0.9351
2026-04-03 09:53:14,255 - Epoch: 2, 171/274: VFL loss: 0.2010, total loss: 0.2729, anchor loss: 0.0719, VFL train accuracy: 0.9351
2026-04-03 09:53:14,525 - Epoch: 2, 181/274: VFL loss: 0.2001, total loss: 0.2719, anchor loss: 0.0718, VFL train accuracy: 0.9352
2026-04-03 09:53:14,795 - Epoch: 2, 191/274: VFL loss: 0.1994, total loss: 0.2712, anchor loss: 0.0718, VFL train accuracy: 0.9354
2026-04-03 09:53:15,059 - Epoch: 2, 201/274: VFL loss: 0.2000, total loss: 0.2719, anchor loss: 0.0719, VFL train accuracy: 0.9352
2026-04-03 09:53:15,323 - Epoch: 2, 211/274: VFL loss: 0.2009, total loss: 0.2728, anchor loss: 0.0719, VFL train accuracy: 0.9347
2026-04-03 09:53:15,586 - Epoch: 2, 221/274: VFL loss: 0.2009, total loss: 0.2730, anchor loss: 0.0721, VFL train accuracy: 0.9348
2026-04-03 09:53:15,834 - Epoch: 2, 231/274: VFL loss: 0.2020, total loss: 0.2741, anchor loss: 0.0721, VFL train accuracy: 0.9343
2026-04-03 09:53:16,082 - Epoch: 2, 241/274: VFL loss: 0.2028, total loss: 0.2749, anchor loss: 0.0722, VFL train accuracy: 0.9341
2026-04-03 09:53:16,329 - Epoch: 2, 251/274: VFL loss: 0.2028, total loss: 0.2750, anchor loss: 0.0722, VFL train accuracy: 0.9341
2026-04-03 09:53:16,614 - Epoch: 2, 261/274: VFL loss: 0.2032, total loss: 0.2753, anchor loss: 0.0721, VFL train accuracy: 0.9341
2026-04-03 09:53:16,879 - Epoch: 2, 271/274: VFL loss: 0.2035, total loss: 0.2756, anchor loss: 0.0721, VFL train accuracy: 0.9340
2026-04-03 09:53:16,974 - => Recorded Stage 2 client anchor losses for epoch 2 to './results/AVGuard/NUSWIDE/NUSWIDE_anchor_stage2_3clients_oracle_label\stage2_final_epoch_client_anchor_losses.json': {0: 0.057409, 1: 0.072969, 2: 0.085949}
2026-04-03 09:53:16,979 - => Stage 2 EMA anchor update applied at epoch 2 with momentum 1.0000: updated classes per client {0: 5, 1: 5, 2: 5}
2026-04-03 09:53:16,980 - => Stage 2 Epoch 2 Training Summary: VFL loss: 0.2036, total loss: 0.2758, anchor loss: 0.0721, VFL train accuracy: 0.9339
2026-04-03 09:53:16,980 - => Test ASR...
2026-04-03 09:53:17,093 - =>Add Trigger to Test Data
2026-04-03 09:53:19,905 - Add Trigger to 37064 Bad Samples, 9629 Clean Samples (1.00)
2026-04-03 09:53:28,135 - => Test Epoch: 2, main task samples: 46693, attack samples: 46693, test loss: 0.3295, clean acc: 0.8068, Top-4: 0.9970, ASR: 0.1207, RAC: 0.7810, test target accuracy: 0.8858, stage3 final accuracy: 0.8068, stage3 final target accuracy: 0.7886, stage3 final asr: 0.1207, anchor loss: 0.0849
2026-04-03 09:53:28,136 - => Stage 3 Detection Summary: recall: 0.8625, precision: 0.6901, f1: 0.7667, false positive rate: 0.2015, correction rate: 0.7463
2026-04-03 09:53:28,136 - => Stage 3 Debug (clean): suspicious=9407/46693, correction_applied=9384, prediction_changed=7475, skipped_tied_vote=0, skipped_other=23
2026-04-03 09:53:28,136 - => Stage 3 Debug (poison-valid): suspicious=26588/37064, correction_applied=26586, prediction_changed=25667, skipped_tied_vote=0, skipped_other=2
2026-04-03 09:53:28,136 - => Stage 3 Debug (attack-success): suspicious=24840/28800, correction_applied=24838, prediction_changed=24831, corrected_to_true=21493
2026-04-03 09:53:28,136 - => Save best model...
2026-04-03 09:53:28,236 - => End Epoch: 2, early stop epochs: 0, best epoch: 2, best clean acc: 0.8068, best Top-4: 0.9970, best ASR: 0.1207, best RAC: 0.7810, anchor loss: 0.0849
2026-04-03 09:53:28,236 - => Stage 3 Detection Summary: recall: 0.8625, precision: 0.6901, f1: 0.7667, false positive rate: 0.2015, correction rate: 0.7463
2026-04-03 09:53:28,239 - => Oracle-label LFBA skips gradient hard-sample ranking and samples replace targets directly from the known same-label poison set
2026-04-03 09:53:28,251 - => LFBA current anchor-derived target label: 3
2026-04-03 09:53:28,334 - =>Add Trigger to Train Data
2026-04-03 09:53:28,468 - Add Trigger to 1438 Bad Samples, 68528 Clean Samples (0.10)
2026-04-03 09:53:28,470 - => Start Training for Injecting Backdoor...
2026-04-03 09:53:28,508 - Epoch: 3, 1/274: VFL loss: 0.1245, total loss: 0.1888, anchor loss: 0.0643, VFL train accuracy: 0.9609
2026-04-03 09:53:28,980 - Epoch: 3, 11/274: VFL loss: 0.1277, total loss: 0.1935, anchor loss: 0.0657, VFL train accuracy: 0.9613
2026-04-03 09:53:29,248 - Epoch: 3, 21/274: VFL loss: 0.1298, total loss: 0.1969, anchor loss: 0.0672, VFL train accuracy: 0.9594
2026-04-03 09:53:29,538 - Epoch: 3, 31/274: VFL loss: 0.1301, total loss: 0.1973, anchor loss: 0.0672, VFL train accuracy: 0.9588
2026-04-03 09:53:29,816 - Epoch: 3, 41/274: VFL loss: 0.1332, total loss: 0.2010, anchor loss: 0.0677, VFL train accuracy: 0.9575
2026-04-03 09:53:30,128 - Epoch: 3, 51/274: VFL loss: 0.1311, total loss: 0.1987, anchor loss: 0.0676, VFL train accuracy: 0.9583
2026-04-03 09:53:30,373 - Epoch: 3, 61/274: VFL loss: 0.1358, total loss: 0.2038, anchor loss: 0.0680, VFL train accuracy: 0.9566
2026-04-03 09:53:30,669 - Epoch: 3, 71/274: VFL loss: 0.1354, total loss: 0.2034, anchor loss: 0.0681, VFL train accuracy: 0.9568
2026-04-03 09:53:30,930 - Epoch: 3, 81/274: VFL loss: 0.1349, total loss: 0.2031, anchor loss: 0.0682, VFL train accuracy: 0.9570
2026-04-03 09:53:31,195 - Epoch: 3, 91/274: VFL loss: 0.1364, total loss: 0.2046, anchor loss: 0.0682, VFL train accuracy: 0.9565
2026-04-03 09:53:31,469 - Epoch: 3, 101/274: VFL loss: 0.1359, total loss: 0.2042, anchor loss: 0.0683, VFL train accuracy: 0.9568
2026-04-03 09:53:31,714 - Epoch: 3, 111/274: VFL loss: 0.1361, total loss: 0.2045, anchor loss: 0.0684, VFL train accuracy: 0.9567
2026-04-03 09:53:31,954 - Epoch: 3, 121/274: VFL loss: 0.1363, total loss: 0.2048, anchor loss: 0.0686, VFL train accuracy: 0.9564
2026-04-03 09:53:32,208 - Epoch: 3, 131/274: VFL loss: 0.1372, total loss: 0.2058, anchor loss: 0.0686, VFL train accuracy: 0.9559
2026-04-03 09:53:32,475 - Epoch: 3, 141/274: VFL loss: 0.1377, total loss: 0.2063, anchor loss: 0.0686, VFL train accuracy: 0.9558
2026-04-03 09:53:32,771 - Epoch: 3, 151/274: VFL loss: 0.1379, total loss: 0.2066, anchor loss: 0.0687, VFL train accuracy: 0.9555
2026-04-03 09:53:33,031 - Epoch: 3, 161/274: VFL loss: 0.1397, total loss: 0.2085, anchor loss: 0.0688, VFL train accuracy: 0.9551
2026-04-03 09:53:33,293 - Epoch: 3, 171/274: VFL loss: 0.1397, total loss: 0.2086, anchor loss: 0.0689, VFL train accuracy: 0.9551
2026-04-03 09:53:33,542 - Epoch: 3, 181/274: VFL loss: 0.1390, total loss: 0.2079, anchor loss: 0.0689, VFL train accuracy: 0.9552
2026-04-03 09:53:33,794 - Epoch: 3, 191/274: VFL loss: 0.1398, total loss: 0.2087, anchor loss: 0.0689, VFL train accuracy: 0.9548
2026-04-03 09:53:34,068 - Epoch: 3, 201/274: VFL loss: 0.1409, total loss: 0.2098, anchor loss: 0.0689, VFL train accuracy: 0.9545
2026-04-03 09:53:34,324 - Epoch: 3, 211/274: VFL loss: 0.1413, total loss: 0.2103, anchor loss: 0.0690, VFL train accuracy: 0.9543
2026-04-03 09:53:34,601 - Epoch: 3, 221/274: VFL loss: 0.1412, total loss: 0.2102, anchor loss: 0.0690, VFL train accuracy: 0.9542
2026-04-03 09:53:34,910 - Epoch: 3, 231/274: VFL loss: 0.1426, total loss: 0.2118, anchor loss: 0.0692, VFL train accuracy: 0.9536
2026-04-03 09:53:35,194 - Epoch: 3, 241/274: VFL loss: 0.1440, total loss: 0.2132, anchor loss: 0.0693, VFL train accuracy: 0.9532
2026-04-03 09:53:35,482 - Epoch: 3, 251/274: VFL loss: 0.1446, total loss: 0.2139, anchor loss: 0.0692, VFL train accuracy: 0.9530
2026-04-03 09:53:35,791 - Epoch: 3, 261/274: VFL loss: 0.1458, total loss: 0.2152, anchor loss: 0.0694, VFL train accuracy: 0.9526
2026-04-03 09:53:36,043 - Epoch: 3, 271/274: VFL loss: 0.1464, total loss: 0.2158, anchor loss: 0.0694, VFL train accuracy: 0.9524
2026-04-03 09:53:36,136 - => Recorded Stage 2 client anchor losses for epoch 3 to './results/AVGuard/NUSWIDE/NUSWIDE_anchor_stage2_3clients_oracle_label\stage2_final_epoch_client_anchor_losses.json': {0: 0.053424, 1: 0.071506, 2: 0.083262}
2026-04-03 09:53:36,142 - => Stage 2 EMA anchor update applied at epoch 3 with momentum 1.0000: updated classes per client {0: 5, 1: 5, 2: 5}
2026-04-03 09:53:36,143 - => Stage 2 Epoch 3 Training Summary: VFL loss: 0.1466, total loss: 0.2160, anchor loss: 0.0694, VFL train accuracy: 0.9524
2026-04-03 09:53:36,143 - => Test ASR...
2026-04-03 09:53:36,253 - =>Add Trigger to Test Data
2026-04-03 09:53:39,156 - Add Trigger to 37064 Bad Samples, 9629 Clean Samples (1.00)
2026-04-03 09:53:47,724 - => Test Epoch: 3, main task samples: 46693, attack samples: 46693, test loss: 0.3611, clean acc: 0.8054, Top-4: 0.9969, ASR: 0.1227, RAC: 0.7653, test target accuracy: 0.8796, stage3 final accuracy: 0.8054, stage3 final target accuracy: 0.7550, stage3 final asr: 0.1227, anchor loss: 0.0861
2026-04-03 09:53:47,725 - => Stage 3 Detection Summary: recall: 0.8519, precision: 0.6516, f1: 0.7384, false positive rate: 0.2077, correction rate: 0.7195
2026-04-03 09:53:47,725 - => Stage 3 Debug (clean): suspicious=9699/46693, correction_applied=9674, prediction_changed=7551, skipped_tied_vote=0, skipped_other=25
2026-04-03 09:53:47,726 - => Stage 3 Debug (poison-valid): suspicious=24705/37064, correction_applied=24704, prediction_changed=23532, skipped_tied_vote=0, skipped_other=1
2026-04-03 09:53:47,726 - => Stage 3 Debug (attack-success): suspicious=22418/26314, correction_applied=22417, prediction_changed=22393, corrected_to_true=18933
2026-04-03 09:53:47,772 - => End Epoch: 3, early stop epochs: 1, best epoch: 2, best clean acc: 0.8068, best Top-4: 0.9970, best ASR: 0.1207, best RAC: 0.7810, anchor loss: 0.0849
2026-04-03 09:53:47,772 - => Stage 3 Detection Summary: recall: 0.8625, precision: 0.6901, f1: 0.7667, false positive rate: 0.2015, correction rate: 0.7463
2026-04-03 09:53:47,775 - => Oracle-label LFBA skips gradient hard-sample ranking and samples replace targets directly from the known same-label poison set
2026-04-03 09:53:47,791 - => LFBA current anchor-derived target label: 3
2026-04-03 09:53:47,898 - =>Add Trigger to Train Data
2026-04-03 09:53:48,011 - Add Trigger to 1438 Bad Samples, 68528 Clean Samples (0.10)
2026-04-03 09:53:48,013 - => Start Training for Injecting Backdoor...
2026-04-03 09:53:48,046 - Epoch: 4, 1/274: VFL loss: 0.0944, total loss: 0.1659, anchor loss: 0.0715, VFL train accuracy: 0.9688
2026-04-03 09:53:48,481 - Epoch: 4, 11/274: VFL loss: 0.1011, total loss: 0.1695, anchor loss: 0.0684, VFL train accuracy: 0.9645
2026-04-03 09:53:48,749 - Epoch: 4, 21/274: VFL loss: 0.0972, total loss: 0.1650, anchor loss: 0.0678, VFL train accuracy: 0.9673
2026-04-03 09:53:49,031 - Epoch: 4, 31/274: VFL loss: 0.0937, total loss: 0.1613, anchor loss: 0.0676, VFL train accuracy: 0.9691
2026-04-03 09:53:49,303 - Epoch: 4, 41/274: VFL loss: 0.0938, total loss: 0.1613, anchor loss: 0.0675, VFL train accuracy: 0.9705
2026-04-03 09:53:49,558 - Epoch: 4, 51/274: VFL loss: 0.0952, total loss: 0.1625, anchor loss: 0.0673, VFL train accuracy: 0.9701
2026-04-03 09:53:49,832 - Epoch: 4, 61/274: VFL loss: 0.0964, total loss: 0.1635, anchor loss: 0.0671, VFL train accuracy: 0.9702
2026-04-03 09:53:50,127 - Epoch: 4, 71/274: VFL loss: 0.0962, total loss: 0.1632, anchor loss: 0.0670, VFL train accuracy: 0.9702
2026-04-03 09:53:50,438 - Epoch: 4, 81/274: VFL loss: 0.0980, total loss: 0.1651, anchor loss: 0.0671, VFL train accuracy: 0.9693
2026-04-03 09:53:50,725 - Epoch: 4, 91/274: VFL loss: 0.0969, total loss: 0.1638, anchor loss: 0.0669, VFL train accuracy: 0.9697
2026-04-03 09:53:51,004 - Epoch: 4, 101/274: VFL loss: 0.0963, total loss: 0.1632, anchor loss: 0.0669, VFL train accuracy: 0.9696
2026-04-03 09:53:51,262 - Epoch: 4, 111/274: VFL loss: 0.0957, total loss: 0.1625, anchor loss: 0.0668, VFL train accuracy: 0.9699
2026-04-03 09:53:51,518 - Epoch: 4, 121/274: VFL loss: 0.0951, total loss: 0.1619, anchor loss: 0.0669, VFL train accuracy: 0.9700
2026-04-03 09:53:51,778 - Epoch: 4, 131/274: VFL loss: 0.0961, total loss: 0.1630, anchor loss: 0.0669, VFL train accuracy: 0.9699
2026-04-03 09:53:52,026 - Epoch: 4, 141/274: VFL loss: 0.0973, total loss: 0.1643, anchor loss: 0.0670, VFL train accuracy: 0.9695
2026-04-03 09:53:52,432 - Epoch: 4, 151/274: VFL loss: 0.0969, total loss: 0.1639, anchor loss: 0.0670, VFL train accuracy: 0.9696
2026-04-03 09:53:52,700 - Epoch: 4, 161/274: VFL loss: 0.0976, total loss: 0.1648, anchor loss: 0.0672, VFL train accuracy: 0.9692
2026-04-03 09:53:52,980 - Epoch: 4, 171/274: VFL loss: 0.0987, total loss: 0.1660, anchor loss: 0.0673, VFL train accuracy: 0.9687
2026-04-03 09:53:53,275 - Epoch: 4, 181/274: VFL loss: 0.0999, total loss: 0.1674, anchor loss: 0.0675, VFL train accuracy: 0.9681
2026-04-03 09:53:53,542 - Epoch: 4, 191/274: VFL loss: 0.1005, total loss: 0.1680, anchor loss: 0.0675, VFL train accuracy: 0.9681
2026-04-03 09:53:53,784 - Epoch: 4, 201/274: VFL loss: 0.1015, total loss: 0.1691, anchor loss: 0.0676, VFL train accuracy: 0.9675
2026-04-03 09:53:54,043 - Epoch: 4, 211/274: VFL loss: 0.1024, total loss: 0.1701, anchor loss: 0.0677, VFL train accuracy: 0.9673
2026-04-03 09:53:54,296 - Epoch: 4, 221/274: VFL loss: 0.1029, total loss: 0.1707, anchor loss: 0.0678, VFL train accuracy: 0.9671
2026-04-03 09:53:54,549 - Epoch: 4, 231/274: VFL loss: 0.1028, total loss: 0.1705, anchor loss: 0.0677, VFL train accuracy: 0.9672
2026-04-03 09:53:54,795 - Epoch: 4, 241/274: VFL loss: 0.1034, total loss: 0.1712, anchor loss: 0.0677, VFL train accuracy: 0.9670
2026-04-03 09:53:55,066 - Epoch: 4, 251/274: VFL loss: 0.1042, total loss: 0.1720, anchor loss: 0.0677, VFL train accuracy: 0.9667
2026-04-03 09:53:55,342 - Epoch: 4, 261/274: VFL loss: 0.1043, total loss: 0.1721, anchor loss: 0.0678, VFL train accuracy: 0.9666
2026-04-03 09:53:55,609 - Epoch: 4, 271/274: VFL loss: 0.1041, total loss: 0.1718, anchor loss: 0.0676, VFL train accuracy: 0.9666
2026-04-03 09:53:55,704 - => Recorded Stage 2 client anchor losses for epoch 4 to './results/AVGuard/NUSWIDE/NUSWIDE_anchor_stage2_3clients_oracle_label\stage2_final_epoch_client_anchor_losses.json': {0: 0.049421, 1: 0.070844, 2: 0.082631}
2026-04-03 09:53:55,710 - => Stage 2 EMA anchor update applied at epoch 4 with momentum 1.0000: updated classes per client {0: 5, 1: 5, 2: 5}
2026-04-03 09:53:55,711 - => Stage 2 Epoch 4 Training Summary: VFL loss: 0.1042, total loss: 0.1718, anchor loss: 0.0677, VFL train accuracy: 0.9665
2026-04-03 09:53:55,711 - => Test ASR...
2026-04-03 09:53:55,830 - =>Add Trigger to Test Data
2026-04-03 09:53:58,685 - Add Trigger to 37064 Bad Samples, 9629 Clean Samples (1.00)
2026-04-03 09:54:07,061 - => Test Epoch: 4, main task samples: 46693, attack samples: 46693, test loss: 0.4230, clean acc: 0.8036, Top-4: 0.9960, ASR: 0.1229, RAC: 0.7673, test target accuracy: 0.8838, stage3 final accuracy: 0.8036, stage3 final target accuracy: 0.7629, stage3 final asr: 0.1229, anchor loss: 0.0864
2026-04-03 09:54:07,061 - => Stage 3 Detection Summary: recall: 0.8647, precision: 0.6974, f1: 0.7721, false positive rate: 0.2103, correction rate: 0.7420
2026-04-03 09:54:07,061 - => Stage 3 Debug (clean): suspicious=9818/46693, correction_applied=9793, prediction_changed=7527, skipped_tied_vote=0, skipped_other=25
2026-04-03 09:54:07,061 - => Stage 3 Debug (poison-valid): suspicious=27386/37064, correction_applied=27386, prediction_changed=26668, skipped_tied_vote=0, skipped_other=0
2026-04-03 09:54:07,062 - => Stage 3 Debug (attack-success): suspicious=25945/30004, correction_applied=25945, prediction_changed=25908, corrected_to_true=22263
2026-04-03 09:54:07,110 - => End Epoch: 4, early stop epochs: 2, best epoch: 2, best clean acc: 0.8068, best Top-4: 0.9970, best ASR: 0.1207, best RAC: 0.7810, anchor loss: 0.0849
2026-04-03 09:54:07,112 - => Stage 3 Detection Summary: recall: 0.8625, precision: 0.6901, f1: 0.7667, false positive rate: 0.2015, correction rate: 0.7463
2026-04-03 09:54:07,115 - => Oracle-label LFBA skips gradient hard-sample ranking and samples replace targets directly from the known same-label poison set
2026-04-03 09:54:07,133 - => LFBA current anchor-derived target label: 3
2026-04-03 09:54:07,220 - =>Add Trigger to Train Data
2026-04-03 09:54:07,335 - Add Trigger to 1438 Bad Samples, 68528 Clean Samples (0.10)
2026-04-03 09:54:07,337 - => Start Training for Injecting Backdoor...
2026-04-03 09:54:07,366 - Epoch: 5, 1/274: VFL loss: 0.0381, total loss: 0.0990, anchor loss: 0.0610, VFL train accuracy: 0.9922
2026-04-03 09:54:07,789 - Epoch: 5, 11/274: VFL loss: 0.0541, total loss: 0.1180, anchor loss: 0.0639, VFL train accuracy: 0.9847
2026-04-03 09:54:08,028 - Epoch: 5, 21/274: VFL loss: 0.0549, total loss: 0.1176, anchor loss: 0.0627, VFL train accuracy: 0.9831
2026-04-03 09:54:08,312 - Epoch: 5, 31/274: VFL loss: 0.0566, total loss: 0.1204, anchor loss: 0.0637, VFL train accuracy: 0.9822
2026-04-03 09:54:08,597 - Epoch: 5, 41/274: VFL loss: 0.0559, total loss: 0.1198, anchor loss: 0.0639, VFL train accuracy: 0.9825
2026-04-03 09:54:08,848 - Epoch: 5, 51/274: VFL loss: 0.0575, total loss: 0.1212, anchor loss: 0.0637, VFL train accuracy: 0.9816
2026-04-03 09:54:09,104 - Epoch: 5, 61/274: VFL loss: 0.0575, total loss: 0.1213, anchor loss: 0.0639, VFL train accuracy: 0.9819
2026-04-03 09:54:09,385 - Epoch: 5, 71/274: VFL loss: 0.0586, total loss: 0.1225, anchor loss: 0.0640, VFL train accuracy: 0.9810
2026-04-03 09:54:09,666 - Epoch: 5, 81/274: VFL loss: 0.0593, total loss: 0.1234, anchor loss: 0.0641, VFL train accuracy: 0.9810
2026-04-03 09:54:09,916 - Epoch: 5, 91/274: VFL loss: 0.0600, total loss: 0.1240, anchor loss: 0.0641, VFL train accuracy: 0.9810
2026-04-03 09:54:10,173 - Epoch: 5, 101/274: VFL loss: 0.0610, total loss: 0.1251, anchor loss: 0.0641, VFL train accuracy: 0.9807
2026-04-03 09:54:10,434 - Epoch: 5, 111/274: VFL loss: 0.0615, total loss: 0.1258, anchor loss: 0.0642, VFL train accuracy: 0.9803
2026-04-03 09:54:10,686 - Epoch: 5, 121/274: VFL loss: 0.0624, total loss: 0.1268, anchor loss: 0.0644, VFL train accuracy: 0.9801
2026-04-03 09:54:10,951 - Epoch: 5, 131/274: VFL loss: 0.0628, total loss: 0.1272, anchor loss: 0.0645, VFL train accuracy: 0.9801
2026-04-03 09:54:11,217 - Epoch: 5, 141/274: VFL loss: 0.0630, total loss: 0.1276, anchor loss: 0.0646, VFL train accuracy: 0.9800
2026-04-03 09:54:11,481 - Epoch: 5, 151/274: VFL loss: 0.0637, total loss: 0.1284, anchor loss: 0.0647, VFL train accuracy: 0.9800
2026-04-03 09:54:11,761 - Epoch: 5, 161/274: VFL loss: 0.0644, total loss: 0.1293, anchor loss: 0.0649, VFL train accuracy: 0.9796
2026-04-03 09:54:12,024 - Epoch: 5, 171/274: VFL loss: 0.0659, total loss: 0.1309, anchor loss: 0.0650, VFL train accuracy: 0.9790
2026-04-03 09:54:12,299 - Epoch: 5, 181/274: VFL loss: 0.0661, total loss: 0.1312, anchor loss: 0.0650, VFL train accuracy: 0.9789
2026-04-03 09:54:12,566 - Epoch: 5, 191/274: VFL loss: 0.0667, total loss: 0.1318, anchor loss: 0.0651, VFL train accuracy: 0.9787
2026-04-03 09:54:12,813 - Epoch: 5, 201/274: VFL loss: 0.0668, total loss: 0.1320, anchor loss: 0.0651, VFL train accuracy: 0.9787
2026-04-03 09:54:13,071 - Epoch: 5, 211/274: VFL loss: 0.0679, total loss: 0.1331, anchor loss: 0.0652, VFL train accuracy: 0.9782
2026-04-03 09:54:13,317 - Epoch: 5, 221/274: VFL loss: 0.0682, total loss: 0.1334, anchor loss: 0.0652, VFL train accuracy: 0.9781
2026-04-03 09:54:13,578 - Epoch: 5, 231/274: VFL loss: 0.0689, total loss: 0.1343, anchor loss: 0.0654, VFL train accuracy: 0.9778
2026-04-03 09:54:13,825 - Epoch: 5, 241/274: VFL loss: 0.0700, total loss: 0.1355, anchor loss: 0.0655, VFL train accuracy: 0.9773
2026-04-03 09:54:14,099 - Epoch: 5, 251/274: VFL loss: 0.0708, total loss: 0.1363, anchor loss: 0.0656, VFL train accuracy: 0.9771
2026-04-03 09:54:14,370 - Epoch: 5, 261/274: VFL loss: 0.0713, total loss: 0.1369, anchor loss: 0.0656, VFL train accuracy: 0.9770
2026-04-03 09:54:14,644 - Epoch: 5, 271/274: VFL loss: 0.0709, total loss: 0.1366, anchor loss: 0.0657, VFL train accuracy: 0.9771
2026-04-03 09:54:14,733 - => Recorded Stage 2 client anchor losses for epoch 5 to './results/AVGuard/NUSWIDE/NUSWIDE_anchor_stage2_3clients_oracle_label\stage2_final_epoch_client_anchor_losses.json': {0: 0.045361, 1: 0.069881, 2: 0.08187}
2026-04-03 09:54:14,740 - => Stage 2 EMA anchor update applied at epoch 5 with momentum 1.0000: updated classes per client {0: 5, 1: 5, 2: 5}
2026-04-03 09:54:14,741 - => Stage 2 Epoch 5 Training Summary: VFL loss: 0.0708, total loss: 0.1365, anchor loss: 0.0657, VFL train accuracy: 0.9771
2026-04-03 09:54:14,742 - => Test ASR...
2026-04-03 09:54:14,856 - =>Add Trigger to Test Data
2026-04-03 09:54:17,677 - Add Trigger to 37064 Bad Samples, 9629 Clean Samples (1.00)
2026-04-03 09:54:25,992 - => Test Epoch: 5, main task samples: 46693, attack samples: 46693, test loss: 0.4825, clean acc: 0.8080, Top-4: 0.9969, ASR: 0.1290, RAC: 0.7636, test target accuracy: 0.8851, stage3 final accuracy: 0.8080, stage3 final target accuracy: 0.7808, stage3 final asr: 0.1290, anchor loss: 0.0872
2026-04-03 09:54:25,992 - => Stage 3 Detection Summary: recall: 0.8457, precision: 0.6515, f1: 0.7360, false positive rate: 0.2101, correction rate: 0.7124
2026-04-03 09:54:25,993 - => Stage 3 Debug (clean): suspicious=9809/46693, correction_applied=9785, prediction_changed=7130, skipped_tied_vote=0, skipped_other=24
2026-04-03 09:54:25,993 - => Stage 3 Debug (poison-valid): suspicious=24949/37064, correction_applied=24946, prediction_changed=23667, skipped_tied_vote=0, skipped_other=3
2026-04-03 09:54:25,993 - => Stage 3 Debug (attack-success): suspicious=22644/26777, correction_applied=22641, prediction_changed=22556, corrected_to_true=19077
2026-04-03 09:54:26,041 - => End Epoch: 5, early stop epochs: 3, best epoch: 2, best clean acc: 0.8068, best Top-4: 0.9970, best ASR: 0.1207, best RAC: 0.7810, anchor loss: 0.0849
2026-04-03 09:54:26,042 - => Stage 3 Detection Summary: recall: 0.8625, precision: 0.6901, f1: 0.7667, false positive rate: 0.2015, correction rate: 0.7463
2026-04-03 09:54:26,045 - => Oracle-label LFBA skips gradient hard-sample ranking and samples replace targets directly from the known same-label poison set
2026-04-03 09:54:26,061 - => LFBA current anchor-derived target label: 3
2026-04-03 09:54:26,145 - =>Add Trigger to Train Data
2026-04-03 09:54:26,255 - Add Trigger to 1438 Bad Samples, 68528 Clean Samples (0.10)
2026-04-03 09:54:26,257 - => Start Training for Injecting Backdoor...
2026-04-03 09:54:26,288 - Epoch: 6, 1/274: VFL loss: 0.0264, total loss: 0.0883, anchor loss: 0.0619, VFL train accuracy: 0.9922
2026-04-03 09:54:26,719 - Epoch: 6, 11/274: VFL loss: 0.0383, total loss: 0.1015, anchor loss: 0.0632, VFL train accuracy: 0.9893
2026-04-03 09:54:26,977 - Epoch: 6, 21/274: VFL loss: 0.0444, total loss: 0.1089, anchor loss: 0.0645, VFL train accuracy: 0.9872
2026-04-03 09:54:27,257 - Epoch: 6, 31/274: VFL loss: 0.0423, total loss: 0.1061, anchor loss: 0.0638, VFL train accuracy: 0.9874
2026-04-03 09:54:27,540 - Epoch: 6, 41/274: VFL loss: 0.0444, total loss: 0.1085, anchor loss: 0.0642, VFL train accuracy: 0.9867
2026-04-03 09:54:27,786 - Epoch: 6, 51/274: VFL loss: 0.0442, total loss: 0.1080, anchor loss: 0.0638, VFL train accuracy: 0.9871
2026-04-03 09:54:28,036 - Epoch: 6, 61/274: VFL loss: 0.0433, total loss: 0.1073, anchor loss: 0.0640, VFL train accuracy: 0.9871
2026-04-03 09:54:28,306 - Epoch: 6, 71/274: VFL loss: 0.0423, total loss: 0.1062, anchor loss: 0.0639, VFL train accuracy: 0.9872
2026-04-03 09:54:28,571 - Epoch: 6, 81/274: VFL loss: 0.0424, total loss: 0.1061, anchor loss: 0.0637, VFL train accuracy: 0.9872
2026-04-03 09:54:28,841 - Epoch: 6, 91/274: VFL loss: 0.0420, total loss: 0.1056, anchor loss: 0.0636, VFL train accuracy: 0.9874
2026-04-03 09:54:29,127 - Epoch: 6, 101/274: VFL loss: 0.0412, total loss: 0.1048, anchor loss: 0.0636, VFL train accuracy: 0.9874
2026-04-03 09:54:29,382 - Epoch: 6, 111/274: VFL loss: 0.0420, total loss: 0.1056, anchor loss: 0.0636, VFL train accuracy: 0.9870
2026-04-03 09:54:29,647 - Epoch: 6, 121/274: VFL loss: 0.0421, total loss: 0.1056, anchor loss: 0.0636, VFL train accuracy: 0.9869
2026-04-03 09:54:29,949 - Epoch: 6, 131/274: VFL loss: 0.0419, total loss: 0.1053, anchor loss: 0.0635, VFL train accuracy: 0.9870
2026-04-03 09:54:30,195 - Epoch: 6, 141/274: VFL loss: 0.0426, total loss: 0.1061, anchor loss: 0.0635, VFL train accuracy: 0.9868
2026-04-03 09:54:30,463 - Epoch: 6, 151/274: VFL loss: 0.0426, total loss: 0.1062, anchor loss: 0.0635, VFL train accuracy: 0.9869
2026-04-03 09:54:30,720 - Epoch: 6, 161/274: VFL loss: 0.0434, total loss: 0.1070, anchor loss: 0.0636, VFL train accuracy: 0.9864
2026-04-03 09:54:30,982 - Epoch: 6, 171/274: VFL loss: 0.0448, total loss: 0.1086, anchor loss: 0.0638, VFL train accuracy: 0.9860
2026-04-03 09:54:31,242 - Epoch: 6, 181/274: VFL loss: 0.0454, total loss: 0.1093, anchor loss: 0.0639, VFL train accuracy: 0.9858
2026-04-03 09:54:31,498 - Epoch: 6, 191/274: VFL loss: 0.0456, total loss: 0.1095, anchor loss: 0.0639, VFL train accuracy: 0.9856
2026-04-03 09:54:31,762 - Epoch: 6, 201/274: VFL loss: 0.0460, total loss: 0.1100, anchor loss: 0.0640, VFL train accuracy: 0.9855
2026-04-03 09:54:32,028 - Epoch: 6, 211/274: VFL loss: 0.0459, total loss: 0.1098, anchor loss: 0.0639, VFL train accuracy: 0.9856
2026-04-03 09:54:32,303 - Epoch: 6, 221/274: VFL loss: 0.0459, total loss: 0.1099, anchor loss: 0.0639, VFL train accuracy: 0.9855
2026-04-03 09:54:32,564 - Epoch: 6, 231/274: VFL loss: 0.0469, total loss: 0.1108, anchor loss: 0.0640, VFL train accuracy: 0.9850
2026-04-03 09:54:32,852 - Epoch: 6, 241/274: VFL loss: 0.0469, total loss: 0.1110, anchor loss: 0.0641, VFL train accuracy: 0.9851
2026-04-03 09:54:33,136 - Epoch: 6, 251/274: VFL loss: 0.0474, total loss: 0.1116, anchor loss: 0.0641, VFL train accuracy: 0.9849
2026-04-03 09:54:33,403 - Epoch: 6, 261/274: VFL loss: 0.0477, total loss: 0.1119, anchor loss: 0.0642, VFL train accuracy: 0.9848
2026-04-03 09:54:33,669 - Epoch: 6, 271/274: VFL loss: 0.0484, total loss: 0.1126, anchor loss: 0.0642, VFL train accuracy: 0.9844
2026-04-03 09:54:33,761 - => Recorded Stage 2 client anchor losses for epoch 6 to './results/AVGuard/NUSWIDE/NUSWIDE_anchor_stage2_3clients_oracle_label\stage2_final_epoch_client_anchor_losses.json': {0: 0.04196, 1: 0.069966, 2: 0.080919}
2026-04-03 09:54:33,766 - => Stage 2 EMA anchor update applied at epoch 6 with momentum 1.0000: updated classes per client {0: 5, 1: 5, 2: 5}
2026-04-03 09:54:33,767 - => Stage 2 Epoch 6 Training Summary: VFL loss: 0.0487, total loss: 0.1130, anchor loss: 0.0643, VFL train accuracy: 0.9842
2026-04-03 09:54:33,767 - => Test ASR...
2026-04-03 09:54:33,877 - =>Add Trigger to Test Data
2026-04-03 09:54:36,665 - Add Trigger to 37064 Bad Samples, 9629 Clean Samples (1.00)
2026-04-03 09:54:44,870 - => Test Epoch: 6, main task samples: 46693, attack samples: 46693, test loss: 0.5639, clean acc: 0.8032, Top-4: 0.9958, ASR: 0.1219, RAC: 0.7615, test target accuracy: 0.8754, stage3 final accuracy: 0.8032, stage3 final target accuracy: 0.7567, stage3 final asr: 0.1219, anchor loss: 0.0882
2026-04-03 09:54:44,870 - => Stage 3 Detection Summary: recall: 0.8665, precision: 0.6482, f1: 0.7416, false positive rate: 0.2102, correction rate: 0.7328
2026-04-03 09:54:44,870 - => Stage 3 Debug (clean): suspicious=9816/46693, correction_applied=9804, prediction_changed=7478, skipped_tied_vote=0, skipped_other=12
2026-04-03 09:54:44,870 - => Stage 3 Debug (poison-valid): suspicious=25606/37064, correction_applied=25605, prediction_changed=24467, skipped_tied_vote=0, skipped_other=1
2026-04-03 09:54:44,872 - => Stage 3 Debug (attack-success): suspicious=22960/26496, correction_applied=22959, prediction_changed=22881, corrected_to_true=19415
2026-04-03 09:54:44,931 - => End Epoch: 6, early stop epochs: 4, best epoch: 2, best clean acc: 0.8068, best Top-4: 0.9970, best ASR: 0.1207, best RAC: 0.7810, anchor loss: 0.0849
2026-04-03 09:54:44,932 - => Stage 3 Detection Summary: recall: 0.8625, precision: 0.6901, f1: 0.7667, false positive rate: 0.2015, correction rate: 0.7463
2026-04-03 09:54:44,934 - => Oracle-label LFBA skips gradient hard-sample ranking and samples replace targets directly from the known same-label poison set
2026-04-03 09:54:44,951 - => LFBA current anchor-derived target label: 3
2026-04-03 09:54:45,043 - =>Add Trigger to Train Data
2026-04-03 09:54:45,164 - Add Trigger to 1438 Bad Samples, 68528 Clean Samples (0.10)
2026-04-03 09:54:45,165 - => Start Training for Injecting Backdoor...
2026-04-03 09:54:45,204 - Epoch: 7, 1/274: VFL loss: 0.0391, total loss: 0.1032, anchor loss: 0.0641, VFL train accuracy: 0.9844
2026-04-03 09:54:45,661 - Epoch: 7, 11/274: VFL loss: 0.0336, total loss: 0.0969, anchor loss: 0.0633, VFL train accuracy: 0.9879
2026-04-03 09:54:45,929 - Epoch: 7, 21/274: VFL loss: 0.0326, total loss: 0.0957, anchor loss: 0.0631, VFL train accuracy: 0.9887
2026-04-03 09:54:46,209 - Epoch: 7, 31/274: VFL loss: 0.0341, total loss: 0.0969, anchor loss: 0.0628, VFL train accuracy: 0.9878
2026-04-03 09:54:46,491 - Epoch: 7, 41/274: VFL loss: 0.0360, total loss: 0.0987, anchor loss: 0.0626, VFL train accuracy: 0.9878
2026-04-03 09:54:46,754 - Epoch: 7, 51/274: VFL loss: 0.0368, total loss: 0.0989, anchor loss: 0.0621, VFL train accuracy: 0.9880
2026-04-03 09:54:47,042 - Epoch: 7, 61/274: VFL loss: 0.0351, total loss: 0.0968, anchor loss: 0.0617, VFL train accuracy: 0.9887
2026-04-03 09:54:47,333 - Epoch: 7, 71/274: VFL loss: 0.0358, total loss: 0.0979, anchor loss: 0.0621, VFL train accuracy: 0.9884
2026-04-03 09:54:47,584 - Epoch: 7, 81/274: VFL loss: 0.0347, total loss: 0.0967, anchor loss: 0.0620, VFL train accuracy: 0.9887
2026-04-03 09:54:47,835 - Epoch: 7, 91/274: VFL loss: 0.0345, total loss: 0.0966, anchor loss: 0.0621, VFL train accuracy: 0.9889
2026-04-03 09:54:48,088 - Epoch: 7, 101/274: VFL loss: 0.0341, total loss: 0.0962, anchor loss: 0.0620, VFL train accuracy: 0.9888
2026-04-03 09:54:48,336 - Epoch: 7, 111/274: VFL loss: 0.0337, total loss: 0.0958, anchor loss: 0.0621, VFL train accuracy: 0.9889
2026-04-03 09:54:48,618 - Epoch: 7, 121/274: VFL loss: 0.0338, total loss: 0.0958, anchor loss: 0.0621, VFL train accuracy: 0.9889
2026-04-03 09:54:48,902 - Epoch: 7, 131/274: VFL loss: 0.0343, total loss: 0.0965, anchor loss: 0.0621, VFL train accuracy: 0.9887
2026-04-03 09:54:49,171 - Epoch: 7, 141/274: VFL loss: 0.0337, total loss: 0.0960, anchor loss: 0.0622, VFL train accuracy: 0.9889
2026-04-03 09:54:49,445 - Epoch: 7, 151/274: VFL loss: 0.0343, total loss: 0.0968, anchor loss: 0.0624, VFL train accuracy: 0.9886
2026-04-03 09:54:49,878 - Epoch: 7, 161/274: VFL loss: 0.0341, total loss: 0.0965, anchor loss: 0.0624, VFL train accuracy: 0.9887
2026-04-03 09:54:50,154 - Epoch: 7, 171/274: VFL loss: 0.0346, total loss: 0.0971, anchor loss: 0.0625, VFL train accuracy: 0.9886
2026-04-03 09:54:50,416 - Epoch: 7, 181/274: VFL loss: 0.0352, total loss: 0.0977, anchor loss: 0.0625, VFL train accuracy: 0.9883
2026-04-03 09:54:50,669 - Epoch: 7, 191/274: VFL loss: 0.0358, total loss: 0.0983, anchor loss: 0.0626, VFL train accuracy: 0.9881
2026-04-03 09:54:50,923 - Epoch: 7, 201/274: VFL loss: 0.0364, total loss: 0.0992, anchor loss: 0.0628, VFL train accuracy: 0.9879
2026-04-03 09:54:51,198 - Epoch: 7, 211/274: VFL loss: 0.0368, total loss: 0.0997, anchor loss: 0.0628, VFL train accuracy: 0.9877
2026-04-03 09:54:51,481 - Epoch: 7, 221/274: VFL loss: 0.0369, total loss: 0.0998, anchor loss: 0.0629, VFL train accuracy: 0.9877
2026-04-03 09:54:51,792 - Epoch: 7, 231/274: VFL loss: 0.0377, total loss: 0.1007, anchor loss: 0.0630, VFL train accuracy: 0.9874
2026-04-03 09:54:52,051 - Epoch: 7, 241/274: VFL loss: 0.0384, total loss: 0.1015, anchor loss: 0.0631, VFL train accuracy: 0.9871
2026-04-03 09:54:52,320 - Epoch: 7, 251/274: VFL loss: 0.0387, total loss: 0.1019, anchor loss: 0.0632, VFL train accuracy: 0.9871
2026-04-03 09:54:52,613 - Epoch: 7, 261/274: VFL loss: 0.0391, total loss: 0.1024, anchor loss: 0.0633, VFL train accuracy: 0.9869
2026-04-03 09:54:52,918 - Epoch: 7, 271/274: VFL loss: 0.0397, total loss: 0.1031, anchor loss: 0.0634, VFL train accuracy: 0.9865
2026-04-03 09:54:53,014 - => Recorded Stage 2 client anchor losses for epoch 7 to './results/AVGuard/NUSWIDE/NUSWIDE_anchor_stage2_3clients_oracle_label\stage2_final_epoch_client_anchor_losses.json': {0: 0.039815, 1: 0.069773, 2: 0.080668}
2026-04-03 09:54:53,018 - => Stage 2 EMA anchor update applied at epoch 7 with momentum 1.0000: updated classes per client {0: 5, 1: 5, 2: 5}
2026-04-03 09:54:53,018 - => Stage 2 Epoch 7 Training Summary: VFL loss: 0.0399, total loss: 0.1033, anchor loss: 0.0634, VFL train accuracy: 0.9864
2026-04-03 09:54:53,020 - => Test ASR...
2026-04-03 09:54:53,127 - =>Add Trigger to Test Data
2026-04-03 09:54:55,992 - Add Trigger to 37064 Bad Samples, 9629 Clean Samples (1.00)
2026-04-03 09:55:04,600 - => Test Epoch: 7, main task samples: 46693, attack samples: 46693, test loss: 0.5993, clean acc: 0.8081, Top-4: 0.9956, ASR: 0.1308, RAC: 0.7606, test target accuracy: 0.8852, stage3 final accuracy: 0.8081, stage3 final target accuracy: 0.7781, stage3 final asr: 0.1308, anchor loss: 0.0878
2026-04-03 09:55:04,601 - => Stage 3 Detection Summary: recall: 0.8495, precision: 0.6542, f1: 0.7392, false positive rate: 0.2176, correction rate: 0.7202
2026-04-03 09:55:04,601 - => Stage 3 Debug (clean): suspicious=10160/46693, correction_applied=10141, prediction_changed=7519, skipped_tied_vote=0, skipped_other=19
2026-04-03 09:55:04,601 - => Stage 3 Debug (poison-valid): suspicious=25977/37064, correction_applied=25976, prediction_changed=24740, skipped_tied_vote=0, skipped_other=1
2026-04-03 09:55:04,601 - => Stage 3 Debug (attack-success): suspicious=23640/27827, correction_applied=23639, prediction_changed=23557, corrected_to_true=20042
2026-04-03 09:55:04,645 - => End Epoch: 7, early stop epochs: 5, best epoch: 2, best clean acc: 0.8068, best Top-4: 0.9970, best ASR: 0.1207, best RAC: 0.7810, anchor loss: 0.0849
2026-04-03 09:55:04,646 - => Stage 3 Detection Summary: recall: 0.8625, precision: 0.6901, f1: 0.7667, false positive rate: 0.2015, correction rate: 0.7463
2026-04-03 09:55:04,647 - => Oracle-label LFBA skips gradient hard-sample ranking and samples replace targets directly from the known same-label poison set
2026-04-03 09:55:04,665 - => LFBA current anchor-derived target label: 3
2026-04-03 09:55:04,746 - =>Add Trigger to Train Data
2026-04-03 09:55:04,862 - Add Trigger to 1438 Bad Samples, 68528 Clean Samples (0.10)
2026-04-03 09:55:04,864 - => Start Training for Injecting Backdoor...
2026-04-03 09:55:04,900 - Epoch: 8, 1/274: VFL loss: 0.0173, total loss: 0.0802, anchor loss: 0.0629, VFL train accuracy: 0.9961
2026-04-03 09:55:05,363 - Epoch: 8, 11/274: VFL loss: 0.0225, total loss: 0.0835, anchor loss: 0.0610, VFL train accuracy: 0.9943
2026-04-03 09:55:05,611 - Epoch: 8, 21/274: VFL loss: 0.0272, total loss: 0.0897, anchor loss: 0.0625, VFL train accuracy: 0.9929
2026-04-03 09:55:05,878 - Epoch: 8, 31/274: VFL loss: 0.0275, total loss: 0.0902, anchor loss: 0.0628, VFL train accuracy: 0.9928
2026-04-03 09:55:06,154 - Epoch: 8, 41/274: VFL loss: 0.0286, total loss: 0.0913, anchor loss: 0.0626, VFL train accuracy: 0.9918
2026-04-03 09:55:06,411 - Epoch: 8, 51/274: VFL loss: 0.0272, total loss: 0.0897, anchor loss: 0.0626, VFL train accuracy: 0.9919
2026-04-03 09:55:06,764 - Epoch: 8, 61/274: VFL loss: 0.0270, total loss: 0.0892, anchor loss: 0.0622, VFL train accuracy: 0.9915
2026-04-03 09:55:07,042 - Epoch: 8, 71/274: VFL loss: 0.0273, total loss: 0.0894, anchor loss: 0.0622, VFL train accuracy: 0.9913
2026-04-03 09:55:07,303 - Epoch: 8, 81/274: VFL loss: 0.0272, total loss: 0.0895, anchor loss: 0.0623, VFL train accuracy: 0.9911
2026-04-03 09:55:07,553 - Epoch: 8, 91/274: VFL loss: 0.0278, total loss: 0.0902, anchor loss: 0.0624, VFL train accuracy: 0.9909
2026-04-03 09:55:07,809 - Epoch: 8, 101/274: VFL loss: 0.0294, total loss: 0.0919, anchor loss: 0.0625, VFL train accuracy: 0.9907
2026-04-03 09:55:08,062 - Epoch: 8, 111/274: VFL loss: 0.0297, total loss: 0.0921, anchor loss: 0.0625, VFL train accuracy: 0.9904
2026-04-03 09:55:08,348 - Epoch: 8, 121/274: VFL loss: 0.0296, total loss: 0.0920, anchor loss: 0.0624, VFL train accuracy: 0.9903
2026-04-03 09:55:08,619 - Epoch: 8, 131/274: VFL loss: 0.0305, total loss: 0.0931, anchor loss: 0.0626, VFL train accuracy: 0.9899
2026-04-03 09:55:08,878 - Epoch: 8, 141/274: VFL loss: 0.0306, total loss: 0.0934, anchor loss: 0.0627, VFL train accuracy: 0.9897
2026-04-03 09:55:09,180 - Epoch: 8, 151/274: VFL loss: 0.0315, total loss: 0.0943, anchor loss: 0.0628, VFL train accuracy: 0.9896
2026-04-03 09:55:09,467 - Epoch: 8, 161/274: VFL loss: 0.0322, total loss: 0.0950, anchor loss: 0.0628, VFL train accuracy: 0.9893
2026-04-03 09:55:09,757 - Epoch: 8, 171/274: VFL loss: 0.0323, total loss: 0.0951, anchor loss: 0.0628, VFL train accuracy: 0.9892
2026-04-03 09:55:10,053 - Epoch: 8, 181/274: VFL loss: 0.0323, total loss: 0.0952, anchor loss: 0.0628, VFL train accuracy: 0.9893
2026-04-03 09:55:10,354 - Epoch: 8, 191/274: VFL loss: 0.0332, total loss: 0.0961, anchor loss: 0.0629, VFL train accuracy: 0.9890
2026-04-03 09:55:10,607 - Epoch: 8, 201/274: VFL loss: 0.0338, total loss: 0.0967, anchor loss: 0.0630, VFL train accuracy: 0.9888
2026-04-03 09:55:10,857 - Epoch: 8, 211/274: VFL loss: 0.0340, total loss: 0.0972, anchor loss: 0.0632, VFL train accuracy: 0.9887
2026-04-03 09:55:11,125 - Epoch: 8, 221/274: VFL loss: 0.0347, total loss: 0.0980, anchor loss: 0.0633, VFL train accuracy: 0.9884
2026-04-03 09:55:11,415 - Epoch: 8, 231/274: VFL loss: 0.0345, total loss: 0.0978, anchor loss: 0.0633, VFL train accuracy: 0.9885
2026-04-03 09:55:11,696 - Epoch: 8, 241/274: VFL loss: 0.0350, total loss: 0.0983, anchor loss: 0.0634, VFL train accuracy: 0.9883
2026-04-03 09:55:11,973 - Epoch: 8, 251/274: VFL loss: 0.0350, total loss: 0.0984, anchor loss: 0.0634, VFL train accuracy: 0.9883
2026-04-03 09:55:12,235 - Epoch: 8, 261/274: VFL loss: 0.0357, total loss: 0.0992, anchor loss: 0.0635, VFL train accuracy: 0.9881
2026-04-03 09:55:12,505 - Epoch: 8, 271/274: VFL loss: 0.0362, total loss: 0.0998, anchor loss: 0.0636, VFL train accuracy: 0.9879
2026-04-03 09:55:12,626 - => Recorded Stage 2 client anchor losses for epoch 8 to './results/AVGuard/NUSWIDE/NUSWIDE_anchor_stage2_3clients_oracle_label\stage2_final_epoch_client_anchor_losses.json': {0: 0.038747, 1: 0.070388, 2: 0.081552}
2026-04-03 09:55:12,634 - => Stage 2 EMA anchor update applied at epoch 8 with momentum 1.0000: updated classes per client {0: 5, 1: 5, 2: 5}
2026-04-03 09:55:12,641 - => Stage 2 Epoch 8 Training Summary: VFL loss: 0.0364, total loss: 0.0999, anchor loss: 0.0636, VFL train accuracy: 0.9879
2026-04-03 09:55:12,642 - => Test ASR...
2026-04-03 09:55:12,762 - =>Add Trigger to Test Data
2026-04-03 09:55:15,781 - Add Trigger to 37064 Bad Samples, 9629 Clean Samples (1.00)
2026-04-03 09:55:28,219 - => Test Epoch: 8, main task samples: 46693, attack samples: 46693, test loss: 0.6369, clean acc: 0.8098, Top-4: 0.9961, ASR: 0.1304, RAC: 0.7641, test target accuracy: 0.8955, stage3 final accuracy: 0.8098, stage3 final target accuracy: 0.7685, stage3 final asr: 0.1304, anchor loss: 0.0869
2026-04-03 09:55:28,221 - => Stage 3 Detection Summary: recall: 0.8456, precision: 0.6706, f1: 0.7480, false positive rate: 0.2168, correction rate: 0.7242
2026-04-03 09:55:28,221 - => Stage 3 Debug (clean): suspicious=10121/46693, correction_applied=10105, prediction_changed=7384, skipped_tied_vote=0, skipped_other=16
2026-04-03 09:55:28,222 - => Stage 3 Debug (poison-valid): suspicious=26406/37064, correction_applied=26406, prediction_changed=25122, skipped_tied_vote=0, skipped_other=0
2026-04-03 09:55:28,222 - => Stage 3 Debug (attack-success): suspicious=24495/28969, correction_applied=24495, prediction_changed=24422, corrected_to_true=20978
2026-04-03 09:55:28,278 - => End Epoch: 8, early stop epochs: 6, best epoch: 2, best clean acc: 0.8068, best Top-4: 0.9970, best ASR: 0.1207, best RAC: 0.7810, anchor loss: 0.0849
2026-04-03 09:55:28,278 - => Stage 3 Detection Summary: recall: 0.8625, precision: 0.6901, f1: 0.7667, false positive rate: 0.2015, correction rate: 0.7463
2026-04-03 09:55:28,281 - => Oracle-label LFBA skips gradient hard-sample ranking and samples replace targets directly from the known same-label poison set
2026-04-03 09:55:28,301 - => LFBA current anchor-derived target label: 3
2026-04-03 09:55:28,688 - =>Add Trigger to Train Data
2026-04-03 09:55:29,128 - Add Trigger to 1438 Bad Samples, 68528 Clean Samples (0.10)
2026-04-03 09:55:29,129 - => Start Training for Injecting Backdoor...
2026-04-03 09:55:29,174 - Epoch: 9, 1/274: VFL loss: 0.0295, total loss: 0.0915, anchor loss: 0.0620, VFL train accuracy: 0.9883
2026-04-03 09:55:29,892 - Epoch: 9, 11/274: VFL loss: 0.0395, total loss: 0.1017, anchor loss: 0.0622, VFL train accuracy: 0.9862
2026-04-03 09:55:30,255 - Epoch: 9, 21/274: VFL loss: 0.0340, total loss: 0.0967, anchor loss: 0.0627, VFL train accuracy: 0.9875
2026-04-03 09:55:30,628 - Epoch: 9, 31/274: VFL loss: 0.0311, total loss: 0.0938, anchor loss: 0.0627, VFL train accuracy: 0.9889
2026-04-03 09:55:31,002 - Epoch: 9, 41/274: VFL loss: 0.0294, total loss: 0.0920, anchor loss: 0.0625, VFL train accuracy: 0.9898
2026-04-03 09:55:31,402 - Epoch: 9, 51/274: VFL loss: 0.0285, total loss: 0.0907, anchor loss: 0.0622, VFL train accuracy: 0.9901
2026-04-03 09:55:31,792 - Epoch: 9, 61/274: VFL loss: 0.0287, total loss: 0.0910, anchor loss: 0.0623, VFL train accuracy: 0.9902
2026-04-03 09:55:32,183 - Epoch: 9, 71/274: VFL loss: 0.0289, total loss: 0.0910, anchor loss: 0.0621, VFL train accuracy: 0.9903
2026-04-03 09:55:32,560 - Epoch: 9, 81/274: VFL loss: 0.0290, total loss: 0.0910, anchor loss: 0.0620, VFL train accuracy: 0.9905
2026-04-03 09:55:32,936 - Epoch: 9, 91/274: VFL loss: 0.0285, total loss: 0.0904, anchor loss: 0.0619, VFL train accuracy: 0.9906
2026-04-03 09:55:33,315 - Epoch: 9, 101/274: VFL loss: 0.0292, total loss: 0.0912, anchor loss: 0.0619, VFL train accuracy: 0.9902
2026-04-03 09:55:33,679 - Epoch: 9, 111/274: VFL loss: 0.0289, total loss: 0.0908, anchor loss: 0.0619, VFL train accuracy: 0.9906
2026-04-03 09:55:34,039 - Epoch: 9, 121/274: VFL loss: 0.0284, total loss: 0.0901, anchor loss: 0.0617, VFL train accuracy: 0.9908
2026-04-03 09:55:34,400 - Epoch: 9, 131/274: VFL loss: 0.0286, total loss: 0.0903, anchor loss: 0.0617, VFL train accuracy: 0.9908
2026-04-03 09:55:34,762 - Epoch: 9, 141/274: VFL loss: 0.0285, total loss: 0.0903, anchor loss: 0.0618, VFL train accuracy: 0.9907
2026-04-03 09:55:35,130 - Epoch: 9, 151/274: VFL loss: 0.0288, total loss: 0.0907, anchor loss: 0.0618, VFL train accuracy: 0.9907
2026-04-03 09:55:35,481 - Epoch: 9, 161/274: VFL loss: 0.0290, total loss: 0.0907, anchor loss: 0.0617, VFL train accuracy: 0.9907
2026-04-03 09:55:35,840 - Epoch: 9, 171/274: VFL loss: 0.0287, total loss: 0.0903, anchor loss: 0.0617, VFL train accuracy: 0.9907
2026-04-03 09:55:36,188 - Epoch: 9, 181/274: VFL loss: 0.0285, total loss: 0.0901, anchor loss: 0.0617, VFL train accuracy: 0.9908
2026-04-03 09:55:36,566 - Epoch: 9, 191/274: VFL loss: 0.0289, total loss: 0.0906, anchor loss: 0.0617, VFL train accuracy: 0.9907
2026-04-03 09:55:36,933 - Epoch: 9, 201/274: VFL loss: 0.0289, total loss: 0.0907, anchor loss: 0.0618, VFL train accuracy: 0.9906
2026-04-03 09:55:37,290 - Epoch: 9, 211/274: VFL loss: 0.0290, total loss: 0.0909, anchor loss: 0.0619, VFL train accuracy: 0.9906
2026-04-03 09:55:37,668 - Epoch: 9, 221/274: VFL loss: 0.0290, total loss: 0.0909, anchor loss: 0.0619, VFL train accuracy: 0.9907
2026-04-03 09:55:38,020 - Epoch: 9, 231/274: VFL loss: 0.0287, total loss: 0.0905, anchor loss: 0.0618, VFL train accuracy: 0.9908
2026-04-03 09:55:38,378 - Epoch: 9, 241/274: VFL loss: 0.0287, total loss: 0.0906, anchor loss: 0.0618, VFL train accuracy: 0.9908
2026-04-03 09:55:38,752 - Epoch: 9, 251/274: VFL loss: 0.0288, total loss: 0.0907, anchor loss: 0.0619, VFL train accuracy: 0.9907
2026-04-03 09:55:39,125 - Epoch: 9, 261/274: VFL loss: 0.0289, total loss: 0.0908, anchor loss: 0.0620, VFL train accuracy: 0.9907
2026-04-03 09:55:39,484 - Epoch: 9, 271/274: VFL loss: 0.0296, total loss: 0.0918, anchor loss: 0.0621, VFL train accuracy: 0.9904
2026-04-03 09:55:39,594 - => Recorded Stage 2 client anchor losses for epoch 9 to './results/AVGuard/NUSWIDE/NUSWIDE_anchor_stage2_3clients_oracle_label\stage2_final_epoch_client_anchor_losses.json': {0: 0.03704, 1: 0.069385, 2: 0.080155}
2026-04-03 09:55:39,599 - => Stage 2 EMA anchor update applied at epoch 9 with momentum 1.0000: updated classes per client {0: 5, 1: 5, 2: 5}
2026-04-03 09:55:39,600 - => Stage 2 Epoch 9 Training Summary: VFL loss: 0.0301, total loss: 0.0923, anchor loss: 0.0622, VFL train accuracy: 0.9904
2026-04-03 09:55:39,600 - => Test ASR...
2026-04-03 09:55:39,708 - =>Add Trigger to Test Data
2026-04-03 09:55:43,933 - Add Trigger to 37064 Bad Samples, 9629 Clean Samples (1.00)
2026-04-03 09:55:52,380 - => Test Epoch: 9, main task samples: 46693, attack samples: 46693, test loss: 0.6813, clean acc: 0.8094, Top-4: 0.9963, ASR: 0.1393, RAC: 0.7487, test target accuracy: 0.8974, stage3 final accuracy: 0.8094, stage3 final target accuracy: 0.7596, stage3 final asr: 0.1393, anchor loss: 0.0864
2026-04-03 09:55:52,380 - => Stage 3 Detection Summary: recall: 0.8386, precision: 0.6471, f1: 0.7305, false positive rate: 0.2102, correction rate: 0.6965
2026-04-03 09:55:52,382 - => Stage 3 Debug (clean): suspicious=9815/46693, correction_applied=9787, prediction_changed=7163, skipped_tied_vote=0, skipped_other=28
2026-04-03 09:55:52,382 - => Stage 3 Debug (poison-valid): suspicious=24311/37064, correction_applied=24308, prediction_changed=23096, skipped_tied_vote=0, skipped_other=3
2026-04-03 09:55:52,382 - => Stage 3 Debug (attack-success): suspicious=22083/26333, correction_applied=22080, prediction_changed=21804, corrected_to_true=18341
2026-04-03 09:55:52,424 - => End Epoch: 9, early stop epochs: 7, best epoch: 2, best clean acc: 0.8068, best Top-4: 0.9970, best ASR: 0.1207, best RAC: 0.7810, anchor loss: 0.0849
2026-04-03 09:55:52,424 - => Stage 3 Detection Summary: recall: 0.8625, precision: 0.6901, f1: 0.7667, false positive rate: 0.2015, correction rate: 0.7463
2026-04-03 09:55:52,426 - => Oracle-label LFBA skips gradient hard-sample ranking and samples replace targets directly from the known same-label poison set
2026-04-03 09:55:52,447 - => LFBA current anchor-derived target label: 3
2026-04-03 09:55:52,528 - =>Add Trigger to Train Data
2026-04-03 09:55:52,686 - Add Trigger to 1438 Bad Samples, 68528 Clean Samples (0.10)
2026-04-03 09:55:52,689 - => Start Training for Injecting Backdoor...
2026-04-03 09:55:52,728 - Epoch: 10, 1/274: VFL loss: 0.0166, total loss: 0.0812, anchor loss: 0.0646, VFL train accuracy: 0.9961
2026-04-03 09:55:53,208 - Epoch: 10, 11/274: VFL loss: 0.0193, total loss: 0.0802, anchor loss: 0.0609, VFL train accuracy: 0.9947
2026-04-03 09:55:53,487 - Epoch: 10, 21/274: VFL loss: 0.0195, total loss: 0.0808, anchor loss: 0.0613, VFL train accuracy: 0.9937
2026-04-03 09:55:53,826 - Epoch: 10, 31/274: VFL loss: 0.0213, total loss: 0.0824, anchor loss: 0.0611, VFL train accuracy: 0.9931
2026-04-03 09:55:54,097 - Epoch: 10, 41/274: VFL loss: 0.0201, total loss: 0.0808, anchor loss: 0.0607, VFL train accuracy: 0.9933
2026-04-03 09:55:54,360 - Epoch: 10, 51/274: VFL loss: 0.0195, total loss: 0.0797, anchor loss: 0.0602, VFL train accuracy: 0.9934
2026-04-03 09:55:54,650 - Epoch: 10, 61/274: VFL loss: 0.0189, total loss: 0.0790, anchor loss: 0.0602, VFL train accuracy: 0.9934
2026-04-03 09:55:54,917 - Epoch: 10, 71/274: VFL loss: 0.0184, total loss: 0.0789, anchor loss: 0.0605, VFL train accuracy: 0.9935
2026-04-03 09:55:55,174 - Epoch: 10, 81/274: VFL loss: 0.0178, total loss: 0.0783, anchor loss: 0.0605, VFL train accuracy: 0.9936
2026-04-03 09:55:55,525 - Epoch: 10, 91/274: VFL loss: 0.0175, total loss: 0.0778, anchor loss: 0.0603, VFL train accuracy: 0.9936
2026-04-03 09:55:55,946 - Epoch: 10, 101/274: VFL loss: 0.0186, total loss: 0.0791, anchor loss: 0.0605, VFL train accuracy: 0.9934
2026-04-03 09:55:56,342 - Epoch: 10, 111/274: VFL loss: 0.0187, total loss: 0.0792, anchor loss: 0.0605, VFL train accuracy: 0.9933
2026-04-03 09:55:56,726 - Epoch: 10, 121/274: VFL loss: 0.0184, total loss: 0.0790, anchor loss: 0.0606, VFL train accuracy: 0.9935
2026-04-03 09:55:57,102 - Epoch: 10, 131/274: VFL loss: 0.0185, total loss: 0.0791, anchor loss: 0.0606, VFL train accuracy: 0.9935
2026-04-03 09:55:57,467 - Epoch: 10, 141/274: VFL loss: 0.0183, total loss: 0.0790, anchor loss: 0.0607, VFL train accuracy: 0.9936
2026-04-03 09:55:57,860 - Epoch: 10, 151/274: VFL loss: 0.0183, total loss: 0.0789, anchor loss: 0.0606, VFL train accuracy: 0.9936
2026-04-03 09:55:58,235 - Epoch: 10, 161/274: VFL loss: 0.0180, total loss: 0.0785, anchor loss: 0.0605, VFL train accuracy: 0.9938
2026-04-03 09:55:58,764 - Epoch: 10, 171/274: VFL loss: 0.0180, total loss: 0.0784, anchor loss: 0.0604, VFL train accuracy: 0.9939
2026-04-03 09:55:59,148 - Epoch: 10, 181/274: VFL loss: 0.0176, total loss: 0.0780, anchor loss: 0.0605, VFL train accuracy: 0.9940
2026-04-03 09:55:59,524 - Epoch: 10, 191/274: VFL loss: 0.0178, total loss: 0.0782, anchor loss: 0.0605, VFL train accuracy: 0.9938
2026-04-03 09:55:59,899 - Epoch: 10, 201/274: VFL loss: 0.0178, total loss: 0.0782, anchor loss: 0.0604, VFL train accuracy: 0.9939
2026-04-03 09:56:00,260 - Epoch: 10, 211/274: VFL loss: 0.0178, total loss: 0.0781, anchor loss: 0.0604, VFL train accuracy: 0.9939
2026-04-03 09:56:00,624 - Epoch: 10, 221/274: VFL loss: 0.0182, total loss: 0.0786, anchor loss: 0.0604, VFL train accuracy: 0.9939
2026-04-03 09:56:00,989 - Epoch: 10, 231/274: VFL loss: 0.0184, total loss: 0.0788, anchor loss: 0.0604, VFL train accuracy: 0.9938
2026-04-03 09:56:01,357 - Epoch: 10, 241/274: VFL loss: 0.0188, total loss: 0.0792, anchor loss: 0.0605, VFL train accuracy: 0.9935
2026-04-03 09:56:01,787 - Epoch: 10, 251/274: VFL loss: 0.0191, total loss: 0.0797, anchor loss: 0.0605, VFL train accuracy: 0.9934
2026-04-03 09:56:02,185 - Epoch: 10, 261/274: VFL loss: 0.0197, total loss: 0.0803, anchor loss: 0.0606, VFL train accuracy: 0.9933
2026-04-03 09:56:02,551 - Epoch: 10, 271/274: VFL loss: 0.0203, total loss: 0.0809, anchor loss: 0.0606, VFL train accuracy: 0.9931
2026-04-03 09:56:02,668 - => Recorded Stage 2 client anchor losses for epoch 10 to './results/AVGuard/NUSWIDE/NUSWIDE_anchor_stage2_3clients_oracle_label\stage2_final_epoch_client_anchor_losses.json': {0: 0.034215, 1: 0.067984, 2: 0.079757}
2026-04-03 09:56:02,675 - => Stage 2 EMA anchor update applied at epoch 10 with momentum 1.0000: updated classes per client {0: 5, 1: 5, 2: 5}
2026-04-03 09:56:02,676 - => Stage 2 Epoch 10 Training Summary: VFL loss: 0.0204, total loss: 0.0811, anchor loss: 0.0607, VFL train accuracy: 0.9931
2026-04-03 09:56:02,676 - => Test ASR...
2026-04-03 09:56:02,797 - =>Add Trigger to Test Data
2026-04-03 09:56:07,737 - Add Trigger to 37064 Bad Samples, 9629 Clean Samples (1.00)
2026-04-03 09:56:18,449 - => Test Epoch: 10, main task samples: 46693, attack samples: 46693, test loss: 0.7866, clean acc: 0.8076, Top-4: 0.9955, ASR: 0.1326, RAC: 0.7378, test target accuracy: 0.8296, stage3 final accuracy: 0.8076, stage3 final target accuracy: 0.7325, stage3 final asr: 0.1326, anchor loss: 0.0873
2026-04-03 09:56:18,450 - => Stage 3 Detection Summary: recall: 0.8413, precision: 0.5422, f1: 0.6594, false positive rate: 0.2166, correction rate: 0.6558
2026-04-03 09:56:18,450 - => Stage 3 Debug (clean): suspicious=10112/46693, correction_applied=10097, prediction_changed=7403, skipped_tied_vote=0, skipped_other=15
2026-04-03 09:56:18,450 - => Stage 3 Debug (poison-valid): suspicious=21402/37064, correction_applied=21402, prediction_changed=19011, skipped_tied_vote=0, skipped_other=0
2026-04-03 09:56:18,450 - => Stage 3 Debug (attack-success): suspicious=17087/20310, correction_applied=17087, prediction_changed=16542, corrected_to_true=13320
2026-04-03 09:56:18,504 - => End Epoch: 10, early stop epochs: 8, best epoch: 2, best clean acc: 0.8068, best Top-4: 0.9970, best ASR: 0.1207, best RAC: 0.7810, anchor loss: 0.0849
2026-04-03 09:56:18,504 - => Stage 3 Detection Summary: recall: 0.8625, precision: 0.6901, f1: 0.7667, false positive rate: 0.2015, correction rate: 0.7463
2026-04-03 09:56:18,508 - => Oracle-label LFBA skips gradient hard-sample ranking and samples replace targets directly from the known same-label poison set
2026-04-03 09:56:18,526 - => LFBA current anchor-derived target label: 3
2026-04-03 09:56:18,616 - =>Add Trigger to Train Data
2026-04-03 09:56:18,790 - Add Trigger to 1438 Bad Samples, 68528 Clean Samples (0.10)
2026-04-03 09:56:18,793 - => Start Training for Injecting Backdoor...
2026-04-03 09:56:18,856 - Epoch: 11, 1/274: VFL loss: 0.0119, total loss: 0.0680, anchor loss: 0.0561, VFL train accuracy: 0.9961
2026-04-03 09:56:19,572 - Epoch: 11, 11/274: VFL loss: 0.0260, total loss: 0.0872, anchor loss: 0.0612, VFL train accuracy: 0.9908
2026-04-03 09:56:20,000 - Epoch: 11, 21/274: VFL loss: 0.0258, total loss: 0.0871, anchor loss: 0.0613, VFL train accuracy: 0.9907
2026-04-03 09:56:20,452 - Epoch: 11, 31/274: VFL loss: 0.0248, total loss: 0.0860, anchor loss: 0.0612, VFL train accuracy: 0.9911
2026-04-03 09:56:20,746 - Epoch: 11, 41/274: VFL loss: 0.0245, total loss: 0.0861, anchor loss: 0.0616, VFL train accuracy: 0.9914
2026-04-03 09:56:21,043 - Epoch: 11, 51/274: VFL loss: 0.0240, total loss: 0.0854, anchor loss: 0.0614, VFL train accuracy: 0.9917
2026-04-03 09:56:21,366 - Epoch: 11, 61/274: VFL loss: 0.0233, total loss: 0.0846, anchor loss: 0.0614, VFL train accuracy: 0.9919
2026-04-03 09:56:21,643 - Epoch: 11, 71/274: VFL loss: 0.0222, total loss: 0.0833, anchor loss: 0.0611, VFL train accuracy: 0.9925
2026-04-03 09:56:21,956 - Epoch: 11, 81/274: VFL loss: 0.0224, total loss: 0.0833, anchor loss: 0.0609, VFL train accuracy: 0.9925
2026-04-03 09:56:22,231 - Epoch: 11, 91/274: VFL loss: 0.0221, total loss: 0.0830, anchor loss: 0.0609, VFL train accuracy: 0.9924
2026-04-03 09:56:22,507 - Epoch: 11, 101/274: VFL loss: 0.0221, total loss: 0.0829, anchor loss: 0.0609, VFL train accuracy: 0.9926
2026-04-03 09:56:22,784 - Epoch: 11, 111/274: VFL loss: 0.0225, total loss: 0.0832, anchor loss: 0.0607, VFL train accuracy: 0.9925
2026-04-03 09:56:23,049 - Epoch: 11, 121/274: VFL loss: 0.0225, total loss: 0.0831, anchor loss: 0.0606, VFL train accuracy: 0.9924
2026-04-03 09:56:23,330 - Epoch: 11, 131/274: VFL loss: 0.0222, total loss: 0.0827, anchor loss: 0.0605, VFL train accuracy: 0.9926
2026-04-03 09:56:23,585 - Epoch: 11, 141/274: VFL loss: 0.0223, total loss: 0.0829, anchor loss: 0.0606, VFL train accuracy: 0.9925
2026-04-03 09:56:23,876 - Epoch: 11, 151/274: VFL loss: 0.0223, total loss: 0.0829, anchor loss: 0.0606, VFL train accuracy: 0.9926
2026-04-03 09:56:24,142 - Epoch: 11, 161/274: VFL loss: 0.0225, total loss: 0.0831, anchor loss: 0.0606, VFL train accuracy: 0.9925
2026-04-03 09:56:24,432 - Epoch: 11, 171/274: VFL loss: 0.0225, total loss: 0.0832, anchor loss: 0.0607, VFL train accuracy: 0.9926
2026-04-03 09:56:24,719 - Epoch: 11, 181/274: VFL loss: 0.0228, total loss: 0.0836, anchor loss: 0.0608, VFL train accuracy: 0.9926
2026-04-03 09:56:25,004 - Epoch: 11, 191/274: VFL loss: 0.0228, total loss: 0.0837, anchor loss: 0.0609, VFL train accuracy: 0.9927
2026-04-03 09:56:25,414 - Epoch: 11, 201/274: VFL loss: 0.0226, total loss: 0.0835, anchor loss: 0.0609, VFL train accuracy: 0.9927
2026-04-03 09:56:25,809 - Epoch: 11, 211/274: VFL loss: 0.0224, total loss: 0.0833, anchor loss: 0.0609, VFL train accuracy: 0.9928
2026-04-03 09:56:26,203 - Epoch: 11, 221/274: VFL loss: 0.0227, total loss: 0.0836, anchor loss: 0.0609, VFL train accuracy: 0.9928
2026-04-03 09:56:26,600 - Epoch: 11, 231/274: VFL loss: 0.0227, total loss: 0.0837, anchor loss: 0.0609, VFL train accuracy: 0.9928
2026-04-03 09:56:26,982 - Epoch: 11, 241/274: VFL loss: 0.0227, total loss: 0.0836, anchor loss: 0.0609, VFL train accuracy: 0.9927
2026-04-03 09:56:27,357 - Epoch: 11, 251/274: VFL loss: 0.0235, total loss: 0.0844, anchor loss: 0.0610, VFL train accuracy: 0.9925
2026-04-03 09:56:27,747 - Epoch: 11, 261/274: VFL loss: 0.0235, total loss: 0.0845, anchor loss: 0.0610, VFL train accuracy: 0.9924
2026-04-03 09:56:28,132 - Epoch: 11, 271/274: VFL loss: 0.0238, total loss: 0.0848, anchor loss: 0.0610, VFL train accuracy: 0.9923
2026-04-03 09:56:28,253 - => Recorded Stage 2 client anchor losses for epoch 11 to './results/AVGuard/NUSWIDE/NUSWIDE_anchor_stage2_3clients_oracle_label\stage2_final_epoch_client_anchor_losses.json': {0: 0.034478, 1: 0.068849, 2: 0.079881}
2026-04-03 09:56:28,261 - => Stage 2 EMA anchor update applied at epoch 11 with momentum 1.0000: updated classes per client {0: 5, 1: 5, 2: 5}
2026-04-03 09:56:28,262 - => Stage 2 Epoch 11 Training Summary: VFL loss: 0.0240, total loss: 0.0851, anchor loss: 0.0611, VFL train accuracy: 0.9923
2026-04-03 09:56:28,262 - => Test ASR...
2026-04-03 09:56:28,374 - =>Add Trigger to Test Data
2026-04-03 09:56:33,138 - Add Trigger to 37064 Bad Samples, 9629 Clean Samples (1.00)
2026-04-03 09:56:42,499 - => Test Epoch: 11, main task samples: 46693, attack samples: 46693, test loss: 0.8036, clean acc: 0.8023, Top-4: 0.9947, ASR: 0.1348, RAC: 0.7305, test target accuracy: 0.8513, stage3 final accuracy: 0.8023, stage3 final target accuracy: 0.7307, stage3 final asr: 0.1348, anchor loss: 0.0880
2026-04-03 09:56:42,500 - => Stage 3 Detection Summary: recall: 0.8525, precision: 0.5939, f1: 0.7001, false positive rate: 0.2184, correction rate: 0.6628
2026-04-03 09:56:42,500 - => Stage 3 Debug (clean): suspicious=10199/46693, correction_applied=10178, prediction_changed=7558, skipped_tied_vote=0, skipped_other=21
2026-04-03 09:56:42,500 - => Stage 3 Debug (poison-valid): suspicious=23493/37064, correction_applied=23490, prediction_changed=21100, skipped_tied_vote=0, skipped_other=3
2026-04-03 09:56:42,500 - => Stage 3 Debug (attack-success): suspicious=20011/23472, correction_applied=20008, prediction_changed=19209, corrected_to_true=15558
2026-04-03 09:56:42,554 - => End Epoch: 11, early stop epochs: 9, best epoch: 2, best clean acc: 0.8068, best Top-4: 0.9970, best ASR: 0.1207, best RAC: 0.7810, anchor loss: 0.0849
2026-04-03 09:56:42,555 - => Stage 3 Detection Summary: recall: 0.8625, precision: 0.6901, f1: 0.7667, false positive rate: 0.2015, correction rate: 0.7463
2026-04-03 09:56:42,557 - => Oracle-label LFBA skips gradient hard-sample ranking and samples replace targets directly from the known same-label poison set
2026-04-03 09:56:42,579 - => LFBA current anchor-derived target label: 3
2026-04-03 09:56:42,663 - =>Add Trigger to Train Data
2026-04-03 09:56:42,812 - Add Trigger to 1438 Bad Samples, 68528 Clean Samples (0.10)
2026-04-03 09:56:42,813 - => Start Training for Injecting Backdoor...
2026-04-03 09:56:42,863 - Epoch: 12, 1/274: VFL loss: 0.0152, total loss: 0.0746, anchor loss: 0.0594, VFL train accuracy: 0.9922
2026-04-03 09:56:43,533 - Epoch: 12, 11/274: VFL loss: 0.0335, total loss: 0.0943, anchor loss: 0.0608, VFL train accuracy: 0.9904
2026-04-03 09:56:43,942 - Epoch: 12, 21/274: VFL loss: 0.0253, total loss: 0.0864, anchor loss: 0.0611, VFL train accuracy: 0.9924
2026-04-03 09:56:44,353 - Epoch: 12, 31/274: VFL loss: 0.0221, total loss: 0.0829, anchor loss: 0.0608, VFL train accuracy: 0.9928
2026-04-03 09:56:44,744 - Epoch: 12, 41/274: VFL loss: 0.0208, total loss: 0.0817, anchor loss: 0.0609, VFL train accuracy: 0.9929
2026-04-03 09:56:45,161 - Epoch: 12, 51/274: VFL loss: 0.0194, total loss: 0.0801, anchor loss: 0.0606, VFL train accuracy: 0.9937
2026-04-03 09:56:45,567 - Epoch: 12, 61/274: VFL loss: 0.0192, total loss: 0.0798, anchor loss: 0.0606, VFL train accuracy: 0.9936
2026-04-03 09:56:45,928 - Epoch: 12, 71/274: VFL loss: 0.0194, total loss: 0.0798, anchor loss: 0.0605, VFL train accuracy: 0.9935
2026-04-03 09:56:46,217 - Epoch: 12, 81/274: VFL loss: 0.0186, total loss: 0.0791, anchor loss: 0.0605, VFL train accuracy: 0.9937
2026-04-03 09:56:46,533 - Epoch: 12, 91/274: VFL loss: 0.0193, total loss: 0.0796, anchor loss: 0.0603, VFL train accuracy: 0.9939
2026-04-03 09:56:46,834 - Epoch: 12, 101/274: VFL loss: 0.0192, total loss: 0.0797, anchor loss: 0.0604, VFL train accuracy: 0.9939
2026-04-03 09:56:47,094 - Epoch: 12, 111/274: VFL loss: 0.0196, total loss: 0.0800, anchor loss: 0.0604, VFL train accuracy: 0.9938
2026-04-03 09:56:47,367 - Epoch: 12, 121/274: VFL loss: 0.0191, total loss: 0.0793, anchor loss: 0.0602, VFL train accuracy: 0.9938
2026-04-03 09:56:47,608 - Epoch: 12, 131/274: VFL loss: 0.0193, total loss: 0.0795, anchor loss: 0.0602, VFL train accuracy: 0.9938
2026-04-03 09:56:47,893 - Epoch: 12, 141/274: VFL loss: 0.0190, total loss: 0.0791, anchor loss: 0.0601, VFL train accuracy: 0.9939
2026-04-03 09:56:48,183 - Epoch: 12, 151/274: VFL loss: 0.0188, total loss: 0.0788, anchor loss: 0.0600, VFL train accuracy: 0.9939
2026-04-03 09:56:48,451 - Epoch: 12, 161/274: VFL loss: 0.0189, total loss: 0.0789, anchor loss: 0.0600, VFL train accuracy: 0.9940
2026-04-03 09:56:48,740 - Epoch: 12, 171/274: VFL loss: 0.0187, total loss: 0.0786, anchor loss: 0.0599, VFL train accuracy: 0.9940
2026-04-03 09:56:49,005 - Epoch: 12, 181/274: VFL loss: 0.0189, total loss: 0.0788, anchor loss: 0.0599, VFL train accuracy: 0.9939
2026-04-03 09:56:49,289 - Epoch: 12, 191/274: VFL loss: 0.0193, total loss: 0.0792, anchor loss: 0.0600, VFL train accuracy: 0.9937
2026-04-03 09:56:49,543 - Epoch: 12, 201/274: VFL loss: 0.0198, total loss: 0.0798, anchor loss: 0.0601, VFL train accuracy: 0.9935
2026-04-03 09:56:49,814 - Epoch: 12, 211/274: VFL loss: 0.0200, total loss: 0.0801, anchor loss: 0.0601, VFL train accuracy: 0.9934
2026-04-03 09:56:50,105 - Epoch: 12, 221/274: VFL loss: 0.0198, total loss: 0.0799, anchor loss: 0.0601, VFL train accuracy: 0.9934
2026-04-03 09:56:50,389 - Epoch: 12, 231/274: VFL loss: 0.0199, total loss: 0.0801, anchor loss: 0.0602, VFL train accuracy: 0.9934
2026-04-03 09:56:50,673 - Epoch: 12, 241/274: VFL loss: 0.0201, total loss: 0.0803, anchor loss: 0.0602, VFL train accuracy: 0.9933
2026-04-03 09:56:50,938 - Epoch: 12, 251/274: VFL loss: 0.0202, total loss: 0.0803, anchor loss: 0.0601, VFL train accuracy: 0.9932
2026-04-03 09:56:51,200 - Epoch: 12, 261/274: VFL loss: 0.0202, total loss: 0.0804, anchor loss: 0.0602, VFL train accuracy: 0.9932
2026-04-03 09:56:51,624 - Epoch: 12, 271/274: VFL loss: 0.0201, total loss: 0.0804, anchor loss: 0.0602, VFL train accuracy: 0.9932
2026-04-03 09:56:51,751 - => Recorded Stage 2 client anchor losses for epoch 12 to './results/AVGuard/NUSWIDE/NUSWIDE_anchor_stage2_3clients_oracle_label\stage2_final_epoch_client_anchor_losses.json': {0: 0.032966, 1: 0.068475, 2: 0.079239}
2026-04-03 09:56:51,758 - => Stage 2 EMA anchor update applied at epoch 12 with momentum 1.0000: updated classes per client {0: 5, 1: 5, 2: 5}
2026-04-03 09:56:51,760 - => Stage 2 Epoch 12 Training Summary: VFL loss: 0.0202, total loss: 0.0804, anchor loss: 0.0602, VFL train accuracy: 0.9932
2026-04-03 09:56:51,760 - => Test ASR...
2026-04-03 09:56:51,877 - =>Add Trigger to Test Data
2026-04-03 09:56:55,659 - Add Trigger to 37064 Bad Samples, 9629 Clean Samples (1.00)
2026-04-03 09:57:05,766 - => Test Epoch: 12, main task samples: 46693, attack samples: 46693, test loss: 0.7935, clean acc: 0.8157, Top-4: 0.9957, ASR: 0.1421, RAC: 0.7476, test target accuracy: 0.8814, stage3 final accuracy: 0.8157, stage3 final target accuracy: 0.7725, stage3 final asr: 0.1421, anchor loss: 0.0855
2026-04-03 09:57:05,767 - => Stage 3 Detection Summary: recall: 0.8432, precision: 0.6688, f1: 0.7459, false positive rate: 0.2031, correction rate: 0.6941
2026-04-03 09:57:05,767 - => Stage 3 Debug (clean): suspicious=9485/46693, correction_applied=9466, prediction_changed=6585, skipped_tied_vote=0, skipped_other=19
2026-04-03 09:57:05,767 - => Stage 3 Debug (poison-valid): suspicious=25312/37064, correction_applied=25310, prediction_changed=23741, skipped_tied_vote=0, skipped_other=2
2026-04-03 09:57:05,769 - => Stage 3 Debug (attack-success): suspicious=23273/27602, correction_applied=23271, prediction_changed=22732, corrected_to_true=19159
2026-04-03 09:57:05,813 - => End Epoch: 12, early stop epochs: 10, best epoch: 2, best clean acc: 0.8068, best Top-4: 0.9970, best ASR: 0.1207, best RAC: 0.7810, anchor loss: 0.0849
2026-04-03 09:57:05,814 - => Stage 3 Detection Summary: recall: 0.8625, precision: 0.6901, f1: 0.7667, false positive rate: 0.2015, correction rate: 0.7463
2026-04-07 21:21:03,384 - Namespace(config='', data_dir='./dataset/data_raw/', dataset='NUSWIDE', device=0, results_dir='./results/AVGuard/NUSWIDE/oracle_attack/NUSWIDE_anchor_stage2_3clients_oracle_label', seed=100, epoch=50, batch_size=256, client_num=3, pretrained_checkpoint='./results/AVGuard/NUSWIDE/oracle_attack/NUSWIDE_anchor_stage2_3clients_oracle_label\\latest_checkpoint.pth.tar', test_checkpoint=None, resume_latest=True, lr=0.001, start_epoch=0, print_steps=10, early_stop=10, attack='LFBA', target_label=None, poison_rate=0.5, poison_dimensions=10, trigger_feature_clip=1.0, attack_client_num=2, feature_extractor='', select_rate=0.3, lfba_poison_source='oracle_label', random_select=False, poison_all=False, anchor_idx=33930, pretrain_stage=0, mode='train', defense='anchor', defense_scheme='AVGuard', force_stage1_retrain=False, enable_anchor_loss=True, lambda_anchor=1.0, lambda_stage1_anchor=0.3, anchor_pretrain_epochs=20, anchor_pretrain_early_stop=5, anchor_pretrain_min_delta=0.0001, anchor_scale=16.0, anchor_margin=0.2, anchor_bank_path='./results/AVGuard/NUSWIDE/NUSWIDE_anchor_stage1_3clients_oracle_label/anchor_bank.pt', anchor_stage1_dir='./results/AVGuard/NUSWIDE/NUSWIDE_anchor_stage1_3clients_oracle_label/anchor_stage1', anchor_ema_momentum=0.999999, anchor_ema_update_freq=1, gamma=2.0, theta_supp=0.15, enable_conservative_correction=False, tau_corr=0.0, top_k=4, stage3_debug_batches=0, stage3_debug_max_samples=8, original_dataset='NUSWIDE', attack_target_label=None, anchor_margin_auto_adjusted=False, requested_anchor_margin=0.2)
2026-04-07 21:21:03,386 - => Defense scheme: AVGuard
2026-04-07 21:21:03,387 - => LFBA poison-set source: oracle_label
2026-04-07 21:21:03,387 - => Python executable: D:\Code\Miniconda\envs\backdoor\python.exe
2026-04-07 21:21:03,387 - => Torch version: 2.5.1+cu121, compiled CUDA: 12.1, cuda available: True, visible GPU count: 1
2026-04-07 21:21:03,387 - => Using GPU cuda:0 (NVIDIA GeForce RTX 4060 Laptop GPU)
2026-04-07 21:21:03,388 - => Preparing data...
2026-04-07 21:21:50,548 - => NUSWIDE total feature dim: 1634, client_num: 3, local output dims: [60, 24, 16]
2026-04-07 21:21:50,548 - => NUSWIDE fixed feature order: [CH | CM55 | CORR | EDH | WT | Tags1k]
2026-04-07 21:21:50,549 - => NUSWIDE split: client0 = TEXT[1000]
2026-04-07 21:21:50,549 - => NUSWIDE split: client1 = CH + CM55 + EDH [362]
2026-04-07 21:21:50,549 - => NUSWIDE split: client2 = CORR + WT [272]
2026-04-07 21:21:50,549 - => NUSWIDE attacker client: client2
2026-04-07 21:21:50,663 - => Resolved LFBA attack target label=3 from training anchor_idx=33930
2026-04-07 21:21:50,823 - => Loading checkpoint './results/AVGuard/NUSWIDE/oracle_attack/NUSWIDE_anchor_stage2_3clients_oracle_label\latest_checkpoint.pth.tar'
2026-04-07 21:21:50,904 - => checkpoint './results/AVGuard/NUSWIDE/oracle_attack/NUSWIDE_anchor_stage2_3clients_oracle_label\latest_checkpoint.pth.tar' requires full pickle loading; falling back to weights_only=False
2026-04-07 21:21:51,020 - => Restored RNG state from checkpoint for deterministic resume
2026-04-07 21:21:51,021 - => Loaded checkpoint './results/AVGuard/NUSWIDE/oracle_attack/NUSWIDE_anchor_stage2_3clients_oracle_label\latest_checkpoint.pth.tar' (epoch 12, best accuracy: 0.8914)
2026-04-07 21:21:51,021 - => Resume training from epoch 12/50 using checkpoint './results/AVGuard/NUSWIDE/oracle_attack/NUSWIDE_anchor_stage2_3clients_oracle_label\latest_checkpoint.pth.tar'
2026-04-07 21:21:51,021 - => Loading anchor defense state from checkpoint
2026-04-07 21:21:51,117 - => Loaded optional Stage 2 client anchor-loss diagnostics from './results/AVGuard/NUSWIDE/oracle_attack/NUSWIDE_anchor_stage2_3clients_oracle_label\stage2_final_epoch_client_anchor_losses.json' (epoch 12): {0: 0.032966, 1: 0.068475, 2: 0.079239}
2026-04-07 21:21:51,183 - =>Add Trigger to Test Data
2026-04-07 21:21:53,822 - Add Trigger to 37064 Bad Samples, 9629 Clean Samples (1.00)
2026-04-07 21:21:53,823 - => Restored LFBA runtime state: cached_features=0, poison_indexes=1438, anchor_label=3
2026-04-07 21:21:53,824 - => Start Training with LFBA...
2026-04-07 21:21:53,824 - => Enter Stage 2: joint VFL training starts from stage1 passive local backbones with frozen anchor heads
2026-04-07 21:21:53,824 - => Stage 2 anchor loss enabled: True
2026-04-07 21:21:53,825 - => Stage 2 EMA anchor calibration: momentum=1.0000, update_freq=1 epoch(s)
2026-04-07 21:21:53,825 - => Stage 2 latest checkpoint path: './results/AVGuard/NUSWIDE/oracle_attack/NUSWIDE_anchor_stage2_3clients_oracle_label\latest_checkpoint.pth.tar'
2026-04-07 21:21:53,826 - => Stage 2 best checkpoint path: './results/AVGuard/NUSWIDE/oracle_attack/NUSWIDE_anchor_stage2_3clients_oracle_label\best_checkpoint.pth.tar'
2026-04-07 21:21:53,826 - => Resuming training state: start_epoch=12, best_epoch=2, best_acc=0.8914, no_change=10
2026-04-07 21:21:53,841 - => Oracle-label LFBA skips gradient hard-sample ranking and samples replace targets directly from the known same-label poison set
2026-04-07 21:21:53,858 - => LFBA current anchor-derived target label: 3
2026-04-07 21:21:53,947 - =>Add Trigger to Train Data
2026-04-07 21:21:54,163 - Add Trigger to 1438 Bad Samples, 68528 Clean Samples (0.50)
2026-04-07 21:21:54,230 - => Start Training for Injecting Backdoor...
2026-04-07 21:21:54,906 - Epoch: 13, 1/274: VFL loss: 0.0093, total loss: 0.0697, anchor loss: 0.0604, VFL train accuracy: 0.9922
2026-04-07 21:21:55,437 - Epoch: 13, 11/274: VFL loss: 0.0128, total loss: 0.0716, anchor loss: 0.0589, VFL train accuracy: 0.9950
2026-04-07 21:21:55,683 - Epoch: 13, 21/274: VFL loss: 0.0134, total loss: 0.0724, anchor loss: 0.0590, VFL train accuracy: 0.9950
2026-04-07 21:21:55,948 - Epoch: 13, 31/274: VFL loss: 0.0122, total loss: 0.0710, anchor loss: 0.0587, VFL train accuracy: 0.9957
2026-04-07 21:21:56,199 - Epoch: 13, 41/274: VFL loss: 0.0122, total loss: 0.0708, anchor loss: 0.0586, VFL train accuracy: 0.9958
2026-04-07 21:21:56,445 - Epoch: 13, 51/274: VFL loss: 0.0130, total loss: 0.0718, anchor loss: 0.0588, VFL train accuracy: 0.9954
2026-04-07 21:21:56,709 - Epoch: 13, 61/274: VFL loss: 0.0124, total loss: 0.0715, anchor loss: 0.0591, VFL train accuracy: 0.9955
2026-04-07 21:21:56,987 - Epoch: 13, 71/274: VFL loss: 0.0125, total loss: 0.0714, anchor loss: 0.0589, VFL train accuracy: 0.9954
2026-04-07 21:21:57,264 - Epoch: 13, 81/274: VFL loss: 0.0123, total loss: 0.0713, anchor loss: 0.0590, VFL train accuracy: 0.9955
2026-04-07 21:21:57,534 - Epoch: 13, 91/274: VFL loss: 0.0122, total loss: 0.0710, anchor loss: 0.0588, VFL train accuracy: 0.9953
2026-04-07 21:21:57,798 - Epoch: 13, 101/274: VFL loss: 0.0127, total loss: 0.0715, anchor loss: 0.0587, VFL train accuracy: 0.9952
2026-04-07 21:21:58,060 - Epoch: 13, 111/274: VFL loss: 0.0128, total loss: 0.0715, anchor loss: 0.0587, VFL train accuracy: 0.9953
2026-04-07 21:21:58,361 - Epoch: 13, 121/274: VFL loss: 0.0132, total loss: 0.0719, anchor loss: 0.0587, VFL train accuracy: 0.9953
2026-04-07 21:21:58,646 - Epoch: 13, 131/274: VFL loss: 0.0137, total loss: 0.0723, anchor loss: 0.0587, VFL train accuracy: 0.9954
2026-04-07 21:21:58,902 - Epoch: 13, 141/274: VFL loss: 0.0137, total loss: 0.0726, anchor loss: 0.0588, VFL train accuracy: 0.9953
2026-04-07 21:21:59,154 - Epoch: 13, 151/274: VFL loss: 0.0140, total loss: 0.0729, anchor loss: 0.0589, VFL train accuracy: 0.9951
2026-04-07 21:21:59,398 - Epoch: 13, 161/274: VFL loss: 0.0147, total loss: 0.0736, anchor loss: 0.0589, VFL train accuracy: 0.9950
2026-04-07 21:21:59,661 - Epoch: 13, 171/274: VFL loss: 0.0150, total loss: 0.0740, anchor loss: 0.0590, VFL train accuracy: 0.9949
2026-04-07 21:21:59,926 - Epoch: 13, 181/274: VFL loss: 0.0154, total loss: 0.0744, anchor loss: 0.0590, VFL train accuracy: 0.9947
2026-04-07 21:22:00,192 - Epoch: 13, 191/274: VFL loss: 0.0158, total loss: 0.0749, anchor loss: 0.0591, VFL train accuracy: 0.9945
2026-04-07 21:22:00,464 - Epoch: 13, 201/274: VFL loss: 0.0163, total loss: 0.0754, anchor loss: 0.0591, VFL train accuracy: 0.9945
2026-04-07 21:22:00,714 - Epoch: 13, 211/274: VFL loss: 0.0177, total loss: 0.0770, anchor loss: 0.0593, VFL train accuracy: 0.9942
2026-04-07 21:22:00,978 - Epoch: 13, 221/274: VFL loss: 0.0182, total loss: 0.0776, anchor loss: 0.0594, VFL train accuracy: 0.9940
2026-04-07 21:22:01,274 - Epoch: 13, 231/274: VFL loss: 0.0185, total loss: 0.0780, anchor loss: 0.0595, VFL train accuracy: 0.9939
2026-04-07 21:22:01,520 - Epoch: 13, 241/274: VFL loss: 0.0187, total loss: 0.0782, anchor loss: 0.0594, VFL train accuracy: 0.9938
2026-04-07 21:22:01,781 - Epoch: 13, 251/274: VFL loss: 0.0186, total loss: 0.0781, anchor loss: 0.0595, VFL train accuracy: 0.9939
2026-04-07 21:22:02,033 - Epoch: 13, 261/274: VFL loss: 0.0191, total loss: 0.0787, anchor loss: 0.0596, VFL train accuracy: 0.9937
2026-04-07 21:22:02,285 - Epoch: 13, 271/274: VFL loss: 0.0191, total loss: 0.0787, anchor loss: 0.0596, VFL train accuracy: 0.9937
2026-04-07 21:22:02,371 - => Recorded Stage 2 client anchor losses for epoch 13 to './results/AVGuard/NUSWIDE/oracle_attack/NUSWIDE_anchor_stage2_3clients_oracle_label\stage2_final_epoch_client_anchor_losses.json': {0: 0.032161, 1: 0.067763, 2: 0.078919}
2026-04-07 21:22:02,420 - => Stage 2 EMA anchor update applied at epoch 13 with momentum 1.0000: updated classes per client {0: 5, 1: 5, 2: 5}
2026-04-07 21:22:02,421 - => Stage 2 Epoch 13 Training Summary: VFL loss: 0.0191, total loss: 0.0787, anchor loss: 0.0596, VFL train accuracy: 0.9937
2026-04-07 21:22:02,421 - => Test ASR...
2026-04-07 21:22:02,536 - =>Add Trigger to Test Data
2026-04-07 21:22:05,998 - Add Trigger to 37064 Bad Samples, 9629 Clean Samples (1.00)
2026-04-07 21:22:14,465 - => Test Epoch: 13, main task samples: 46693, attack samples: 46693, test loss: 0.8298, clean acc: 0.7640, Top-4: 0.9950, ASR: 0.1859, RAC: 0.7195, test target accuracy: 0.8998, stage3 final accuracy: 0.7640, stage3 final target accuracy: 0.7394, stage3 final asr: 0.1859, anchor loss: 0.0869
2026-04-07 21:22:14,465 - => Stage 3 Detection Summary: recall: 0.8220, precision: 0.6221, f1: 0.7082, false positive rate: 0.2108, correction rate: 0.6963
2026-04-07 21:22:14,465 - => Stage 3 Debug (clean): suspicious=9842/46693, correction_applied=9828, prediction_changed=9828, skipped_tied_vote=0, skipped_low_margin=0, skipped_other=14
2026-04-07 21:22:14,467 - => Stage 3 Debug (poison-valid): suspicious=23679/37064, correction_applied=23679, prediction_changed=23679, skipped_tied_vote=0, skipped_low_margin=0, skipped_other=0
2026-04-07 21:22:14,467 - => Stage 3 Debug (attack-success): suspicious=20852/25367, correction_applied=20852, prediction_changed=20852, corrected_to_true=17662
2026-04-07 21:22:14,552 - => End Epoch: 13, early stop epochs: 11, best epoch: 2, best clean acc: 0.8068, best Top-4: 0.9970, best ASR: 0.1207, best RAC: 0.7810, anchor loss: 0.0849
2026-04-07 21:22:14,553 - => Stage 3 Detection Summary: recall: 0.8625, precision: 0.6901, f1: 0.7667, false positive rate: 0.2015, correction rate: 0.7463
2026-04-07 21:22:14,556 - => Oracle-label LFBA skips gradient hard-sample ranking and samples replace targets directly from the known same-label poison set
2026-04-07 21:22:14,570 - => LFBA current anchor-derived target label: 3
2026-04-07 21:22:14,649 - =>Add Trigger to Train Data
2026-04-07 21:22:14,777 - Add Trigger to 1438 Bad Samples, 68528 Clean Samples (0.50)
2026-04-07 21:22:14,779 - => Start Training for Injecting Backdoor...
2026-04-07 21:22:14,822 - Epoch: 14, 1/274: VFL loss: 0.0211, total loss: 0.0797, anchor loss: 0.0586, VFL train accuracy: 0.9883
2026-04-07 21:22:15,350 - Epoch: 14, 11/274: VFL loss: 0.0177, total loss: 0.0782, anchor loss: 0.0605, VFL train accuracy: 0.9925
2026-04-07 21:22:15,678 - Epoch: 14, 21/274: VFL loss: 0.0183, total loss: 0.0786, anchor loss: 0.0603, VFL train accuracy: 0.9929
2026-04-07 21:22:16,037 - Epoch: 14, 31/274: VFL loss: 0.0168, total loss: 0.0769, anchor loss: 0.0602, VFL train accuracy: 0.9938
2026-04-07 21:22:16,355 - Epoch: 14, 41/274: VFL loss: 0.0177, total loss: 0.0779, anchor loss: 0.0602, VFL train accuracy: 0.9938
2026-04-07 21:22:16,621 - Epoch: 14, 51/274: VFL loss: 0.0163, total loss: 0.0764, anchor loss: 0.0600, VFL train accuracy: 0.9943
2026-04-07 21:22:16,909 - Epoch: 14, 61/274: VFL loss: 0.0161, total loss: 0.0759, anchor loss: 0.0599, VFL train accuracy: 0.9944
2026-04-07 21:22:17,162 - Epoch: 14, 71/274: VFL loss: 0.0158, total loss: 0.0756, anchor loss: 0.0597, VFL train accuracy: 0.9942
2026-04-07 21:22:17,419 - Epoch: 14, 81/274: VFL loss: 0.0154, total loss: 0.0748, anchor loss: 0.0594, VFL train accuracy: 0.9946
2026-04-07 21:22:17,675 - Epoch: 14, 91/274: VFL loss: 0.0156, total loss: 0.0750, anchor loss: 0.0594, VFL train accuracy: 0.9946
2026-04-07 21:22:17,945 - Epoch: 14, 101/274: VFL loss: 0.0155, total loss: 0.0748, anchor loss: 0.0593, VFL train accuracy: 0.9947
2026-04-07 21:22:18,194 - Epoch: 14, 111/274: VFL loss: 0.0152, total loss: 0.0744, anchor loss: 0.0592, VFL train accuracy: 0.9947
2026-04-07 21:22:18,443 - Epoch: 14, 121/274: VFL loss: 0.0147, total loss: 0.0738, anchor loss: 0.0591, VFL train accuracy: 0.9949
2026-04-07 21:22:18,713 - Epoch: 14, 131/274: VFL loss: 0.0144, total loss: 0.0735, anchor loss: 0.0591, VFL train accuracy: 0.9950
2026-04-07 21:22:18,964 - Epoch: 14, 141/274: VFL loss: 0.0145, total loss: 0.0737, anchor loss: 0.0591, VFL train accuracy: 0.9949
2026-04-07 21:22:19,221 - Epoch: 14, 151/274: VFL loss: 0.0144, total loss: 0.0734, anchor loss: 0.0590, VFL train accuracy: 0.9949
2026-04-07 21:22:19,466 - Epoch: 14, 161/274: VFL loss: 0.0149, total loss: 0.0739, anchor loss: 0.0590, VFL train accuracy: 0.9949
2026-04-07 21:22:19,725 - Epoch: 14, 171/274: VFL loss: 0.0147, total loss: 0.0736, anchor loss: 0.0589, VFL train accuracy: 0.9950
2026-04-07 21:22:19,981 - Epoch: 14, 181/274: VFL loss: 0.0151, total loss: 0.0740, anchor loss: 0.0589, VFL train accuracy: 0.9949
2026-04-07 21:22:20,304 - Epoch: 14, 191/274: VFL loss: 0.0153, total loss: 0.0742, anchor loss: 0.0589, VFL train accuracy: 0.9948
2026-04-07 21:22:20,556 - Epoch: 14, 201/274: VFL loss: 0.0154, total loss: 0.0745, anchor loss: 0.0591, VFL train accuracy: 0.9948
2026-04-07 21:22:20,825 - Epoch: 14, 211/274: VFL loss: 0.0153, total loss: 0.0745, anchor loss: 0.0591, VFL train accuracy: 0.9949
2026-04-07 21:22:21,101 - Epoch: 14, 221/274: VFL loss: 0.0156, total loss: 0.0747, anchor loss: 0.0590, VFL train accuracy: 0.9948
2026-04-07 21:22:21,348 - Epoch: 14, 231/274: VFL loss: 0.0159, total loss: 0.0750, anchor loss: 0.0590, VFL train accuracy: 0.9947
2026-04-07 21:22:21,625 - Epoch: 14, 241/274: VFL loss: 0.0162, total loss: 0.0752, anchor loss: 0.0590, VFL train accuracy: 0.9946
2026-04-07 21:22:21,896 - Epoch: 14, 251/274: VFL loss: 0.0166, total loss: 0.0757, anchor loss: 0.0591, VFL train accuracy: 0.9946
2026-04-07 21:22:22,167 - Epoch: 14, 261/274: VFL loss: 0.0168, total loss: 0.0758, anchor loss: 0.0591, VFL train accuracy: 0.9945
2026-04-07 21:22:22,411 - Epoch: 14, 271/274: VFL loss: 0.0169, total loss: 0.0761, anchor loss: 0.0591, VFL train accuracy: 0.9944
2026-04-07 21:22:22,492 - => Recorded Stage 2 client anchor losses for epoch 14 to './results/AVGuard/NUSWIDE/oracle_attack/NUSWIDE_anchor_stage2_3clients_oracle_label\stage2_final_epoch_client_anchor_losses.json': {0: 0.030996, 1: 0.067318, 2: 0.079194}
2026-04-07 21:22:22,497 - => Stage 2 EMA anchor update applied at epoch 14 with momentum 1.0000: updated classes per client {0: 5, 1: 5, 2: 5}
2026-04-07 21:22:22,497 - => Stage 2 Epoch 14 Training Summary: VFL loss: 0.0168, total loss: 0.0760, anchor loss: 0.0591, VFL train accuracy: 0.9944
2026-04-07 21:22:22,497 - => Test ASR...
2026-04-07 21:22:22,606 - =>Add Trigger to Test Data
2026-04-07 21:22:25,447 - Add Trigger to 37064 Bad Samples, 9629 Clean Samples (1.00)
2026-04-07 21:22:33,593 - => Test Epoch: 14, main task samples: 46693, attack samples: 46693, test loss: 0.8798, clean acc: 0.7664, Top-4: 0.9952, ASR: 0.2092, RAC: 0.7029, test target accuracy: 0.8802, stage3 final accuracy: 0.7664, stage3 final target accuracy: 0.7505, stage3 final asr: 0.2092, anchor loss: 0.0862
2026-04-07 21:22:33,594 - => Stage 3 Detection Summary: recall: 0.8115, precision: 0.5312, f1: 0.6421, false positive rate: 0.2112, correction rate: 0.6685
2026-04-07 21:22:33,595 - => Stage 3 Debug (clean): suspicious=9860/46693, correction_applied=9846, prediction_changed=9846, skipped_tied_vote=0, skipped_low_margin=0, skipped_other=14
2026-04-07 21:22:33,595 - => Stage 3 Debug (poison-valid): suspicious=21087/37064, correction_applied=21087, prediction_changed=21087, skipped_tied_vote=0, skipped_low_margin=0, skipped_other=0
2026-04-07 21:22:33,595 - => Stage 3 Debug (attack-success): suspicious=16440/20258, correction_applied=16440, prediction_changed=16440, corrected_to_true=13543
2026-04-07 21:22:33,643 - => End Epoch: 14, early stop epochs: 12, best epoch: 2, best clean acc: 0.8068, best Top-4: 0.9970, best ASR: 0.1207, best RAC: 0.7810, anchor loss: 0.0849
2026-04-07 21:22:33,645 - => Stage 3 Detection Summary: recall: 0.8625, precision: 0.6901, f1: 0.7667, false positive rate: 0.2015, correction rate: 0.7463
2026-04-07 21:22:33,647 - => Oracle-label LFBA skips gradient hard-sample ranking and samples replace targets directly from the known same-label poison set
2026-04-07 21:22:33,663 - => LFBA current anchor-derived target label: 3
2026-04-07 21:22:33,742 - =>Add Trigger to Train Data
2026-04-07 21:22:33,867 - Add Trigger to 1438 Bad Samples, 68528 Clean Samples (0.50)
2026-04-07 21:22:33,871 - => Start Training for Injecting Backdoor...
2026-04-07 21:22:33,913 - Epoch: 15, 1/274: VFL loss: 0.0049, total loss: 0.0671, anchor loss: 0.0622, VFL train accuracy: 1.0000
2026-04-07 21:22:34,408 - Epoch: 15, 11/274: VFL loss: 0.0093, total loss: 0.0677, anchor loss: 0.0584, VFL train accuracy: 0.9968
2026-04-07 21:22:34,709 - Epoch: 15, 21/274: VFL loss: 0.0096, total loss: 0.0670, anchor loss: 0.0574, VFL train accuracy: 0.9968
2026-04-07 21:22:35,062 - Epoch: 15, 31/274: VFL loss: 0.0083, total loss: 0.0662, anchor loss: 0.0579, VFL train accuracy: 0.9971
2026-04-07 21:22:35,391 - Epoch: 15, 41/274: VFL loss: 0.0086, total loss: 0.0665, anchor loss: 0.0579, VFL train accuracy: 0.9972
2026-04-07 21:22:35,733 - Epoch: 15, 51/274: VFL loss: 0.0091, total loss: 0.0667, anchor loss: 0.0575, VFL train accuracy: 0.9969
2026-04-07 21:22:36,016 - Epoch: 15, 61/274: VFL loss: 0.0089, total loss: 0.0662, anchor loss: 0.0573, VFL train accuracy: 0.9969
2026-04-07 21:22:36,275 - Epoch: 15, 71/274: VFL loss: 0.0091, total loss: 0.0667, anchor loss: 0.0576, VFL train accuracy: 0.9968
2026-04-07 21:22:36,527 - Epoch: 15, 81/274: VFL loss: 0.0089, total loss: 0.0662, anchor loss: 0.0573, VFL train accuracy: 0.9969
2026-04-07 21:22:36,770 - Epoch: 15, 91/274: VFL loss: 0.0091, total loss: 0.0666, anchor loss: 0.0575, VFL train accuracy: 0.9967
2026-04-07 21:22:37,037 - Epoch: 15, 101/274: VFL loss: 0.0091, total loss: 0.0665, anchor loss: 0.0575, VFL train accuracy: 0.9968
2026-04-07 21:22:37,298 - Epoch: 15, 111/274: VFL loss: 0.0093, total loss: 0.0668, anchor loss: 0.0575, VFL train accuracy: 0.9968
2026-04-07 21:22:37,542 - Epoch: 15, 121/274: VFL loss: 0.0091, total loss: 0.0666, anchor loss: 0.0575, VFL train accuracy: 0.9969
2026-04-07 21:22:37,796 - Epoch: 15, 131/274: VFL loss: 0.0094, total loss: 0.0669, anchor loss: 0.0575, VFL train accuracy: 0.9969
2026-04-07 21:22:38,055 - Epoch: 15, 141/274: VFL loss: 0.0091, total loss: 0.0666, anchor loss: 0.0575, VFL train accuracy: 0.9970
2026-04-07 21:22:38,323 - Epoch: 15, 151/274: VFL loss: 0.0088, total loss: 0.0661, anchor loss: 0.0573, VFL train accuracy: 0.9971
2026-04-07 21:22:38,579 - Epoch: 15, 161/274: VFL loss: 0.0086, total loss: 0.0658, anchor loss: 0.0573, VFL train accuracy: 0.9972
2026-04-07 21:22:38,836 - Epoch: 15, 171/274: VFL loss: 0.0087, total loss: 0.0661, anchor loss: 0.0573, VFL train accuracy: 0.9971
2026-04-07 21:22:39,115 - Epoch: 15, 181/274: VFL loss: 0.0086, total loss: 0.0658, anchor loss: 0.0573, VFL train accuracy: 0.9971
2026-04-07 21:22:39,396 - Epoch: 15, 191/274: VFL loss: 0.0085, total loss: 0.0657, anchor loss: 0.0572, VFL train accuracy: 0.9972
2026-04-07 21:22:39,648 - Epoch: 15, 201/274: VFL loss: 0.0087, total loss: 0.0659, anchor loss: 0.0572, VFL train accuracy: 0.9972
2026-04-07 21:22:39,912 - Epoch: 15, 211/274: VFL loss: 0.0089, total loss: 0.0662, anchor loss: 0.0573, VFL train accuracy: 0.9971
2026-04-07 21:22:40,177 - Epoch: 15, 221/274: VFL loss: 0.0088, total loss: 0.0662, anchor loss: 0.0573, VFL train accuracy: 0.9971
2026-04-07 21:22:40,433 - Epoch: 15, 231/274: VFL loss: 0.0089, total loss: 0.0662, anchor loss: 0.0572, VFL train accuracy: 0.9971
2026-04-07 21:22:40,698 - Epoch: 15, 241/274: VFL loss: 0.0089, total loss: 0.0661, anchor loss: 0.0572, VFL train accuracy: 0.9971
2026-04-07 21:22:40,948 - Epoch: 15, 251/274: VFL loss: 0.0090, total loss: 0.0663, anchor loss: 0.0573, VFL train accuracy: 0.9971
2026-04-07 21:22:41,199 - Epoch: 15, 261/274: VFL loss: 0.0091, total loss: 0.0664, anchor loss: 0.0572, VFL train accuracy: 0.9970
2026-04-07 21:22:41,451 - Epoch: 15, 271/274: VFL loss: 0.0093, total loss: 0.0666, anchor loss: 0.0573, VFL train accuracy: 0.9970
2026-04-07 21:22:41,542 - => Recorded Stage 2 client anchor losses for epoch 15 to './results/AVGuard/NUSWIDE/oracle_attack/NUSWIDE_anchor_stage2_3clients_oracle_label\stage2_final_epoch_client_anchor_losses.json': {0: 0.029009, 1: 0.066017, 2: 0.076832}
2026-04-07 21:22:41,546 - => Stage 2 EMA anchor update applied at epoch 15 with momentum 1.0000: updated classes per client {0: 5, 1: 5, 2: 5}
2026-04-07 21:22:41,547 - => Stage 2 Epoch 15 Training Summary: VFL loss: 0.0095, total loss: 0.0668, anchor loss: 0.0573, VFL train accuracy: 0.9970
2026-04-07 21:22:41,547 - => Test ASR...
2026-04-07 21:22:41,657 - =>Add Trigger to Test Data
2026-04-07 21:22:44,615 - Add Trigger to 37064 Bad Samples, 9629 Clean Samples (1.00)
2026-04-07 21:22:52,716 - => Test Epoch: 15, main task samples: 46693, attack samples: 46693, test loss: 0.9760, clean acc: 0.7698, Top-4: 0.9959, ASR: 0.1795, RAC: 0.7201, test target accuracy: 0.8842, stage3 final accuracy: 0.7698, stage3 final target accuracy: 0.7303, stage3 final asr: 0.1795, anchor loss: 0.0845
2026-04-07 21:22:52,716 - => Stage 3 Detection Summary: recall: 0.8416, precision: 0.5795, f1: 0.6864, false positive rate: 0.2047, correction rate: 0.6990
2026-04-07 21:22:52,717 - => Stage 3 Debug (clean): suspicious=9556/46693, correction_applied=9546, prediction_changed=9546, skipped_tied_vote=0, skipped_low_margin=0, skipped_other=10
2026-04-07 21:22:52,717 - => Stage 3 Debug (poison-valid): suspicious=22228/37064, correction_applied=22228, prediction_changed=22228, skipped_tied_vote=0, skipped_low_margin=0, skipped_other=0
2026-04-07 21:22:52,717 - => Stage 3 Debug (attack-success): suspicious=18418/21884, correction_applied=18418, prediction_changed=18418, corrected_to_true=15296
2026-04-07 21:22:52,788 - => End Epoch: 15, early stop epochs: 13, best epoch: 2, best clean acc: 0.8068, best Top-4: 0.9970, best ASR: 0.1207, best RAC: 0.7810, anchor loss: 0.0849
2026-04-07 21:22:52,788 - => Stage 3 Detection Summary: recall: 0.8625, precision: 0.6901, f1: 0.7667, false positive rate: 0.2015, correction rate: 0.7463
2026-04-07 21:22:52,790 - => Oracle-label LFBA skips gradient hard-sample ranking and samples replace targets directly from the known same-label poison set
2026-04-07 21:22:52,803 - => LFBA current anchor-derived target label: 3
2026-04-07 21:22:52,885 - =>Add Trigger to Train Data
2026-04-07 21:22:53,007 - Add Trigger to 1438 Bad Samples, 68528 Clean Samples (0.50)
2026-04-07 21:22:53,009 - => Start Training for Injecting Backdoor...
2026-04-07 21:22:53,052 - Epoch: 16, 1/274: VFL loss: 0.0018, total loss: 0.0576, anchor loss: 0.0558, VFL train accuracy: 1.0000
2026-04-07 21:22:53,514 - Epoch: 16, 11/274: VFL loss: 0.0159, total loss: 0.0761, anchor loss: 0.0601, VFL train accuracy: 0.9950
2026-04-07 21:22:53,806 - Epoch: 16, 21/274: VFL loss: 0.0137, total loss: 0.0726, anchor loss: 0.0589, VFL train accuracy: 0.9953
2026-04-07 21:22:54,119 - Epoch: 16, 31/274: VFL loss: 0.0155, total loss: 0.0739, anchor loss: 0.0584, VFL train accuracy: 0.9948
2026-04-07 21:22:54,385 - Epoch: 16, 41/274: VFL loss: 0.0140, total loss: 0.0721, anchor loss: 0.0581, VFL train accuracy: 0.9954
2026-04-07 21:22:54,648 - Epoch: 16, 51/274: VFL loss: 0.0125, total loss: 0.0706, anchor loss: 0.0580, VFL train accuracy: 0.9960
2026-04-07 21:22:54,917 - Epoch: 16, 61/274: VFL loss: 0.0112, total loss: 0.0690, anchor loss: 0.0578, VFL train accuracy: 0.9965
2026-04-07 21:22:55,173 - Epoch: 16, 71/274: VFL loss: 0.0107, total loss: 0.0684, anchor loss: 0.0578, VFL train accuracy: 0.9967
2026-04-07 21:22:55,433 - Epoch: 16, 81/274: VFL loss: 0.0104, total loss: 0.0681, anchor loss: 0.0577, VFL train accuracy: 0.9968
2026-04-07 21:22:55,692 - Epoch: 16, 91/274: VFL loss: 0.0100, total loss: 0.0676, anchor loss: 0.0575, VFL train accuracy: 0.9968
2026-04-07 21:22:55,972 - Epoch: 16, 101/274: VFL loss: 0.0096, total loss: 0.0672, anchor loss: 0.0575, VFL train accuracy: 0.9969
2026-04-07 21:22:56,223 - Epoch: 16, 111/274: VFL loss: 0.0095, total loss: 0.0669, anchor loss: 0.0574, VFL train accuracy: 0.9970
2026-04-07 21:22:56,486 - Epoch: 16, 121/274: VFL loss: 0.0093, total loss: 0.0665, anchor loss: 0.0573, VFL train accuracy: 0.9972
2026-04-07 21:22:56,755 - Epoch: 16, 131/274: VFL loss: 0.0092, total loss: 0.0664, anchor loss: 0.0572, VFL train accuracy: 0.9971
2026-04-07 21:22:57,015 - Epoch: 16, 141/274: VFL loss: 0.0089, total loss: 0.0661, anchor loss: 0.0572, VFL train accuracy: 0.9971
2026-04-07 21:22:57,311 - Epoch: 16, 151/274: VFL loss: 0.0088, total loss: 0.0661, anchor loss: 0.0572, VFL train accuracy: 0.9972
2026-04-07 21:22:57,543 - Epoch: 16, 161/274: VFL loss: 0.0085, total loss: 0.0657, anchor loss: 0.0572, VFL train accuracy: 0.9973
2026-04-07 21:22:57,794 - Epoch: 16, 171/274: VFL loss: 0.0084, total loss: 0.0655, anchor loss: 0.0570, VFL train accuracy: 0.9973
2026-04-07 21:22:58,065 - Epoch: 16, 181/274: VFL loss: 0.0083, total loss: 0.0652, anchor loss: 0.0570, VFL train accuracy: 0.9973
2026-04-07 21:22:58,319 - Epoch: 16, 191/274: VFL loss: 0.0082, total loss: 0.0652, anchor loss: 0.0570, VFL train accuracy: 0.9973
2026-04-07 21:22:58,586 - Epoch: 16, 201/274: VFL loss: 0.0081, total loss: 0.0651, anchor loss: 0.0570, VFL train accuracy: 0.9973
2026-04-07 21:22:58,837 - Epoch: 16, 211/274: VFL loss: 0.0081, total loss: 0.0651, anchor loss: 0.0570, VFL train accuracy: 0.9973
2026-04-07 21:22:59,095 - Epoch: 16, 221/274: VFL loss: 0.0085, total loss: 0.0654, anchor loss: 0.0570, VFL train accuracy: 0.9973
2026-04-07 21:22:59,352 - Epoch: 16, 231/274: VFL loss: 0.0086, total loss: 0.0655, anchor loss: 0.0569, VFL train accuracy: 0.9972
2026-04-07 21:22:59,616 - Epoch: 16, 241/274: VFL loss: 0.0086, total loss: 0.0656, anchor loss: 0.0570, VFL train accuracy: 0.9971
2026-04-07 21:22:59,875 - Epoch: 16, 251/274: VFL loss: 0.0089, total loss: 0.0659, anchor loss: 0.0570, VFL train accuracy: 0.9970
2026-04-07 21:23:00,140 - Epoch: 16, 261/274: VFL loss: 0.0090, total loss: 0.0662, anchor loss: 0.0571, VFL train accuracy: 0.9970
2026-04-07 21:23:00,405 - Epoch: 16, 271/274: VFL loss: 0.0094, total loss: 0.0666, anchor loss: 0.0572, VFL train accuracy: 0.9969
2026-04-07 21:23:00,500 - => Recorded Stage 2 client anchor losses for epoch 16 to './results/AVGuard/NUSWIDE/oracle_attack/NUSWIDE_anchor_stage2_3clients_oracle_label\stage2_final_epoch_client_anchor_losses.json': {0: 0.027952, 1: 0.066153, 2: 0.077743}
2026-04-07 21:23:00,507 - => Stage 2 EMA anchor update applied at epoch 16 with momentum 1.0000: updated classes per client {0: 5, 1: 5, 2: 5}
2026-04-07 21:23:00,507 - => Stage 2 Epoch 16 Training Summary: VFL loss: 0.0100, total loss: 0.0673, anchor loss: 0.0573, VFL train accuracy: 0.9969
2026-04-07 21:23:00,508 - => Test ASR...
2026-04-07 21:23:00,622 - =>Add Trigger to Test Data
2026-04-07 21:23:03,463 - Add Trigger to 37064 Bad Samples, 9629 Clean Samples (1.00)
2026-04-07 21:23:11,702 - => Test Epoch: 16, main task samples: 46693, attack samples: 46693, test loss: 1.1025, clean acc: 0.7662, Top-4: 0.9950, ASR: 0.2019, RAC: 0.7112, test target accuracy: 0.8631, stage3 final accuracy: 0.7662, stage3 final target accuracy: 0.7497, stage3 final asr: 0.2019, anchor loss: 0.0864
2026-04-07 21:23:11,702 - => Stage 3 Detection Summary: recall: 0.8340, precision: 0.5365, f1: 0.6530, false positive rate: 0.2243, correction rate: 0.6954
2026-04-07 21:23:11,702 - => Stage 3 Debug (clean): suspicious=10471/46693, correction_applied=10451, prediction_changed=10451, skipped_tied_vote=0, skipped_low_margin=0, skipped_other=20
2026-04-07 21:23:11,704 - => Stage 3 Debug (poison-valid): suspicious=22054/37064, correction_applied=22054, prediction_changed=22054, skipped_tied_vote=0, skipped_low_margin=0, skipped_other=0
2026-04-07 21:23:11,704 - => Stage 3 Debug (attack-success): suspicious=17451/20925, correction_applied=17451, prediction_changed=17451, corrected_to_true=14551
2026-04-07 21:23:11,747 - => End Epoch: 16, early stop epochs: 14, best epoch: 2, best clean acc: 0.8068, best Top-4: 0.9970, best ASR: 0.1207, best RAC: 0.7810, anchor loss: 0.0849
2026-04-07 21:23:11,747 - => Stage 3 Detection Summary: recall: 0.8625, precision: 0.6901, f1: 0.7667, false positive rate: 0.2015, correction rate: 0.7463
2026-04-07 21:23:11,751 - => Oracle-label LFBA skips gradient hard-sample ranking and samples replace targets directly from the known same-label poison set
2026-04-07 21:23:11,767 - => LFBA current anchor-derived target label: 3
2026-04-07 21:23:11,846 - =>Add Trigger to Train Data
2026-04-07 21:23:11,966 - Add Trigger to 1438 Bad Samples, 68528 Clean Samples (0.50)
2026-04-07 21:23:11,969 - => Start Training for Injecting Backdoor...
2026-04-07 21:23:12,014 - Epoch: 17, 1/274: VFL loss: 0.0035, total loss: 0.0612, anchor loss: 0.0576, VFL train accuracy: 1.0000
2026-04-07 21:23:12,497 - Epoch: 17, 11/274: VFL loss: 0.0211, total loss: 0.0798, anchor loss: 0.0587, VFL train accuracy: 0.9940
2026-04-07 21:23:12,791 - Epoch: 17, 21/274: VFL loss: 0.0158, total loss: 0.0737, anchor loss: 0.0579, VFL train accuracy: 0.9950
2026-04-07 21:23:13,085 - Epoch: 17, 31/274: VFL loss: 0.0154, total loss: 0.0738, anchor loss: 0.0584, VFL train accuracy: 0.9951
2026-04-07 21:23:13,348 - Epoch: 17, 41/274: VFL loss: 0.0175, total loss: 0.0759, anchor loss: 0.0584, VFL train accuracy: 0.9942
2026-04-07 21:23:13,619 - Epoch: 17, 51/274: VFL loss: 0.0165, total loss: 0.0751, anchor loss: 0.0586, VFL train accuracy: 0.9946
2026-04-07 21:23:13,888 - Epoch: 17, 61/274: VFL loss: 0.0172, total loss: 0.0763, anchor loss: 0.0590, VFL train accuracy: 0.9944
2026-04-07 21:23:14,151 - Epoch: 17, 71/274: VFL loss: 0.0174, total loss: 0.0765, anchor loss: 0.0591, VFL train accuracy: 0.9942
2026-04-07 21:23:14,449 - Epoch: 17, 81/274: VFL loss: 0.0168, total loss: 0.0758, anchor loss: 0.0590, VFL train accuracy: 0.9944
2026-04-07 21:23:14,698 - Epoch: 17, 91/274: VFL loss: 0.0177, total loss: 0.0766, anchor loss: 0.0589, VFL train accuracy: 0.9942
2026-04-07 21:23:14,956 - Epoch: 17, 101/274: VFL loss: 0.0177, total loss: 0.0767, anchor loss: 0.0590, VFL train accuracy: 0.9943
2026-04-07 21:23:15,232 - Epoch: 17, 111/274: VFL loss: 0.0180, total loss: 0.0772, anchor loss: 0.0591, VFL train accuracy: 0.9942
2026-04-07 21:23:15,498 - Epoch: 17, 121/274: VFL loss: 0.0189, total loss: 0.0781, anchor loss: 0.0593, VFL train accuracy: 0.9939
2026-04-07 21:23:15,762 - Epoch: 17, 131/274: VFL loss: 0.0189, total loss: 0.0781, anchor loss: 0.0593, VFL train accuracy: 0.9939
2026-04-07 21:23:16,024 - Epoch: 17, 141/274: VFL loss: 0.0196, total loss: 0.0790, anchor loss: 0.0593, VFL train accuracy: 0.9936
2026-04-07 21:23:16,303 - Epoch: 17, 151/274: VFL loss: 0.0204, total loss: 0.0798, anchor loss: 0.0595, VFL train accuracy: 0.9934
2026-04-07 21:23:16,563 - Epoch: 17, 161/274: VFL loss: 0.0207, total loss: 0.0802, anchor loss: 0.0595, VFL train accuracy: 0.9933
2026-04-07 21:23:16,824 - Epoch: 17, 171/274: VFL loss: 0.0206, total loss: 0.0802, anchor loss: 0.0596, VFL train accuracy: 0.9934
2026-04-07 21:23:17,102 - Epoch: 17, 181/274: VFL loss: 0.0203, total loss: 0.0800, anchor loss: 0.0597, VFL train accuracy: 0.9934
2026-04-07 21:23:17,353 - Epoch: 17, 191/274: VFL loss: 0.0201, total loss: 0.0797, anchor loss: 0.0596, VFL train accuracy: 0.9934
2026-04-07 21:23:17,630 - Epoch: 17, 201/274: VFL loss: 0.0205, total loss: 0.0801, anchor loss: 0.0596, VFL train accuracy: 0.9934
2026-04-07 21:23:17,904 - Epoch: 17, 211/274: VFL loss: 0.0207, total loss: 0.0804, anchor loss: 0.0597, VFL train accuracy: 0.9932
2026-04-07 21:23:18,151 - Epoch: 17, 221/274: VFL loss: 0.0207, total loss: 0.0802, anchor loss: 0.0596, VFL train accuracy: 0.9932
2026-04-07 21:23:18,408 - Epoch: 17, 231/274: VFL loss: 0.0208, total loss: 0.0805, anchor loss: 0.0596, VFL train accuracy: 0.9931
2026-04-07 21:23:18,716 - Epoch: 17, 241/274: VFL loss: 0.0212, total loss: 0.0809, anchor loss: 0.0597, VFL train accuracy: 0.9931
2026-04-07 21:23:18,973 - Epoch: 17, 251/274: VFL loss: 0.0210, total loss: 0.0807, anchor loss: 0.0597, VFL train accuracy: 0.9932
2026-04-07 21:23:19,245 - Epoch: 17, 261/274: VFL loss: 0.0212, total loss: 0.0809, anchor loss: 0.0597, VFL train accuracy: 0.9931
2026-04-07 21:23:19,507 - Epoch: 17, 271/274: VFL loss: 0.0212, total loss: 0.0808, anchor loss: 0.0596, VFL train accuracy: 0.9931
2026-04-07 21:23:19,596 - => Recorded Stage 2 client anchor losses for epoch 17 to './results/AVGuard/NUSWIDE/oracle_attack/NUSWIDE_anchor_stage2_3clients_oracle_label\stage2_final_epoch_client_anchor_losses.json': {0: 0.029294, 1: 0.068948, 2: 0.08067}
2026-04-07 21:23:19,602 - => Stage 2 EMA anchor update applied at epoch 17 with momentum 1.0000: updated classes per client {0: 5, 1: 5, 2: 5}
2026-04-07 21:23:19,602 - => Stage 2 Epoch 17 Training Summary: VFL loss: 0.0212, total loss: 0.0809, anchor loss: 0.0597, VFL train accuracy: 0.9931
2026-04-07 21:23:19,603 - => Test ASR...
2026-04-07 21:23:19,717 - =>Add Trigger to Test Data
2026-04-07 21:23:22,572 - Add Trigger to 37064 Bad Samples, 9629 Clean Samples (1.00)
2026-04-07 21:23:30,711 - => Test Epoch: 17, main task samples: 46693, attack samples: 46693, test loss: 0.9122, clean acc: 0.7705, Top-4: 0.9945, ASR: 0.1971, RAC: 0.7120, test target accuracy: 0.8760, stage3 final accuracy: 0.7705, stage3 final target accuracy: 0.7394, stage3 final asr: 0.1971, anchor loss: 0.0863
2026-04-07 21:23:30,711 - => Stage 3 Detection Summary: recall: 0.8303, precision: 0.5589, f1: 0.6680, false positive rate: 0.2172, correction rate: 0.6908
2026-04-07 21:23:30,712 - => Stage 3 Debug (clean): suspicious=10143/46693, correction_applied=10125, prediction_changed=10125, skipped_tied_vote=0, skipped_low_margin=0, skipped_other=18
2026-04-07 21:23:30,712 - => Stage 3 Debug (poison-valid): suspicious=22218/37064, correction_applied=22218, prediction_changed=22218, skipped_tied_vote=0, skipped_low_margin=0, skipped_other=0
2026-04-07 21:23:30,712 - => Stage 3 Debug (attack-success): suspicious=18085/21782, correction_applied=18085, prediction_changed=18085, corrected_to_true=15047
2026-04-07 21:23:30,768 - => End Epoch: 17, early stop epochs: 15, best epoch: 2, best clean acc: 0.8068, best Top-4: 0.9970, best ASR: 0.1207, best RAC: 0.7810, anchor loss: 0.0849
2026-04-07 21:23:30,769 - => Stage 3 Detection Summary: recall: 0.8625, precision: 0.6901, f1: 0.7667, false positive rate: 0.2015, correction rate: 0.7463
2026-04-07 21:23:30,772 - => Oracle-label LFBA skips gradient hard-sample ranking and samples replace targets directly from the known same-label poison set
2026-04-07 21:23:30,789 - => LFBA current anchor-derived target label: 3
2026-04-07 21:23:30,870 - =>Add Trigger to Train Data
2026-04-07 21:23:30,978 - Add Trigger to 1438 Bad Samples, 68528 Clean Samples (0.50)
2026-04-07 21:23:30,980 - => Start Training for Injecting Backdoor...
2026-04-07 21:23:31,013 - Epoch: 18, 1/274: VFL loss: 0.0080, total loss: 0.0624, anchor loss: 0.0544, VFL train accuracy: 0.9961
2026-04-07 21:23:31,431 - Epoch: 18, 11/274: VFL loss: 0.0207, total loss: 0.0789, anchor loss: 0.0582, VFL train accuracy: 0.9947
2026-04-07 21:23:31,697 - Epoch: 18, 21/274: VFL loss: 0.0189, total loss: 0.0779, anchor loss: 0.0590, VFL train accuracy: 0.9946
2026-04-07 21:23:31,979 - Epoch: 18, 31/274: VFL loss: 0.0163, total loss: 0.0747, anchor loss: 0.0584, VFL train accuracy: 0.9946
2026-04-07 21:23:32,266 - Epoch: 18, 41/274: VFL loss: 0.0181, total loss: 0.0764, anchor loss: 0.0583, VFL train accuracy: 0.9944
2026-04-07 21:23:32,526 - Epoch: 18, 51/274: VFL loss: 0.0171, total loss: 0.0757, anchor loss: 0.0586, VFL train accuracy: 0.9944
2026-04-07 21:23:32,812 - Epoch: 18, 61/274: VFL loss: 0.0158, total loss: 0.0740, anchor loss: 0.0582, VFL train accuracy: 0.9947
2026-04-07 21:23:33,071 - Epoch: 18, 71/274: VFL loss: 0.0155, total loss: 0.0736, anchor loss: 0.0580, VFL train accuracy: 0.9948
2026-04-07 21:23:33,321 - Epoch: 18, 81/274: VFL loss: 0.0152, total loss: 0.0731, anchor loss: 0.0580, VFL train accuracy: 0.9949
2026-04-07 21:23:33,586 - Epoch: 18, 91/274: VFL loss: 0.0144, total loss: 0.0723, anchor loss: 0.0579, VFL train accuracy: 0.9951
2026-04-07 21:23:33,846 - Epoch: 18, 101/274: VFL loss: 0.0144, total loss: 0.0722, anchor loss: 0.0578, VFL train accuracy: 0.9951
2026-04-07 21:23:34,101 - Epoch: 18, 111/274: VFL loss: 0.0145, total loss: 0.0722, anchor loss: 0.0577, VFL train accuracy: 0.9951
2026-04-07 21:23:34,351 - Epoch: 18, 121/274: VFL loss: 0.0146, total loss: 0.0724, anchor loss: 0.0578, VFL train accuracy: 0.9951
2026-04-07 21:23:34,619 - Epoch: 18, 131/274: VFL loss: 0.0147, total loss: 0.0726, anchor loss: 0.0579, VFL train accuracy: 0.9951
2026-04-07 21:23:34,875 - Epoch: 18, 141/274: VFL loss: 0.0149, total loss: 0.0730, anchor loss: 0.0580, VFL train accuracy: 0.9951
2026-04-07 21:23:35,128 - Epoch: 18, 151/274: VFL loss: 0.0153, total loss: 0.0733, anchor loss: 0.0580, VFL train accuracy: 0.9951
2026-04-07 21:23:35,375 - Epoch: 18, 161/274: VFL loss: 0.0149, total loss: 0.0728, anchor loss: 0.0580, VFL train accuracy: 0.9952
2026-04-07 21:23:35,641 - Epoch: 18, 171/274: VFL loss: 0.0145, total loss: 0.0725, anchor loss: 0.0579, VFL train accuracy: 0.9953
2026-04-07 21:23:35,897 - Epoch: 18, 181/274: VFL loss: 0.0145, total loss: 0.0725, anchor loss: 0.0580, VFL train accuracy: 0.9953
2026-04-07 21:23:36,159 - Epoch: 18, 191/274: VFL loss: 0.0146, total loss: 0.0726, anchor loss: 0.0580, VFL train accuracy: 0.9953
2026-04-07 21:23:36,434 - Epoch: 18, 201/274: VFL loss: 0.0145, total loss: 0.0722, anchor loss: 0.0578, VFL train accuracy: 0.9953
2026-04-07 21:23:36,688 - Epoch: 18, 211/274: VFL loss: 0.0144, total loss: 0.0723, anchor loss: 0.0579, VFL train accuracy: 0.9954
2026-04-07 21:23:36,969 - Epoch: 18, 221/274: VFL loss: 0.0145, total loss: 0.0724, anchor loss: 0.0579, VFL train accuracy: 0.9954
2026-04-07 21:23:37,261 - Epoch: 18, 231/274: VFL loss: 0.0144, total loss: 0.0724, anchor loss: 0.0580, VFL train accuracy: 0.9953
2026-04-07 21:23:37,512 - Epoch: 18, 241/274: VFL loss: 0.0145, total loss: 0.0725, anchor loss: 0.0580, VFL train accuracy: 0.9954
2026-04-07 21:23:37,785 - Epoch: 18, 251/274: VFL loss: 0.0146, total loss: 0.0727, anchor loss: 0.0581, VFL train accuracy: 0.9953
2026-04-07 21:23:38,043 - Epoch: 18, 261/274: VFL loss: 0.0145, total loss: 0.0726, anchor loss: 0.0580, VFL train accuracy: 0.9953
2026-04-07 21:23:38,310 - Epoch: 18, 271/274: VFL loss: 0.0146, total loss: 0.0727, anchor loss: 0.0581, VFL train accuracy: 0.9953
2026-04-07 21:23:38,398 - => Recorded Stage 2 client anchor losses for epoch 18 to './results/AVGuard/NUSWIDE/oracle_attack/NUSWIDE_anchor_stage2_3clients_oracle_label\stage2_final_epoch_client_anchor_losses.json': {0: 0.028708, 1: 0.067191, 2: 0.078558}
2026-04-07 21:23:38,404 - => Stage 2 EMA anchor update applied at epoch 18 with momentum 1.0000: updated classes per client {0: 5, 1: 5, 2: 5}
2026-04-07 21:23:38,404 - => Stage 2 Epoch 18 Training Summary: VFL loss: 0.0147, total loss: 0.0728, anchor loss: 0.0581, VFL train accuracy: 0.9953
2026-04-07 21:23:38,404 - => Test ASR...
2026-04-07 21:23:38,512 - =>Add Trigger to Test Data
2026-04-07 21:23:41,348 - Add Trigger to 37064 Bad Samples, 9629 Clean Samples (1.00)
2026-04-07 21:23:49,556 - => Test Epoch: 18, main task samples: 46693, attack samples: 46693, test loss: 0.9543, clean acc: 0.7694, Top-4: 0.9952, ASR: 0.1882, RAC: 0.7238, test target accuracy: 0.8922, stage3 final accuracy: 0.7694, stage3 final target accuracy: 0.7524, stage3 final asr: 0.1882, anchor loss: 0.0853
2026-04-07 21:23:49,557 - => Stage 3 Detection Summary: recall: 0.8382, precision: 0.6136, f1: 0.7085, false positive rate: 0.2157, correction rate: 0.7150
2026-04-07 21:23:49,558 - => Stage 3 Debug (clean): suspicious=10074/46693, correction_applied=10057, prediction_changed=10057, skipped_tied_vote=0, skipped_low_margin=0, skipped_other=17
2026-04-07 21:23:49,558 - => Stage 3 Debug (poison-valid): suspicious=24397/37064, correction_applied=24397, prediction_changed=24397, skipped_tied_vote=0, skipped_low_margin=0, skipped_other=0
2026-04-07 21:23:49,558 - => Stage 3 Debug (attack-success): suspicious=21150/25233, correction_applied=21150, prediction_changed=21150, corrected_to_true=18041
2026-04-07 21:23:49,601 - => End Epoch: 18, early stop epochs: 16, best epoch: 2, best clean acc: 0.8068, best Top-4: 0.9970, best ASR: 0.1207, best RAC: 0.7810, anchor loss: 0.0849
2026-04-07 21:23:49,601 - => Stage 3 Detection Summary: recall: 0.8625, precision: 0.6901, f1: 0.7667, false positive rate: 0.2015, correction rate: 0.7463
2026-04-07 21:23:49,604 - => Oracle-label LFBA skips gradient hard-sample ranking and samples replace targets directly from the known same-label poison set
2026-04-07 21:23:49,620 - => LFBA current anchor-derived target label: 3
2026-04-07 21:23:49,700 - =>Add Trigger to Train Data
2026-04-07 21:23:49,811 - Add Trigger to 1438 Bad Samples, 68528 Clean Samples (0.50)
2026-04-07 21:23:49,814 - => Start Training for Injecting Backdoor...
2026-04-07 21:23:49,851 - Epoch: 19, 1/274: VFL loss: 0.0031, total loss: 0.0570, anchor loss: 0.0538, VFL train accuracy: 1.0000
2026-04-07 21:23:50,304 - Epoch: 19, 11/274: VFL loss: 0.0072, total loss: 0.0637, anchor loss: 0.0564, VFL train accuracy: 0.9972
2026-04-07 21:23:50,594 - Epoch: 19, 21/274: VFL loss: 0.0101, total loss: 0.0669, anchor loss: 0.0569, VFL train accuracy: 0.9963
2026-04-07 21:23:50,918 - Epoch: 19, 31/274: VFL loss: 0.0094, total loss: 0.0662, anchor loss: 0.0567, VFL train accuracy: 0.9967
2026-04-07 21:23:51,175 - Epoch: 19, 41/274: VFL loss: 0.0090, total loss: 0.0661, anchor loss: 0.0570, VFL train accuracy: 0.9970
2026-04-07 21:23:51,436 - Epoch: 19, 51/274: VFL loss: 0.0096, total loss: 0.0668, anchor loss: 0.0572, VFL train accuracy: 0.9970
2026-04-07 21:23:51,750 - Epoch: 19, 61/274: VFL loss: 0.0100, total loss: 0.0675, anchor loss: 0.0575, VFL train accuracy: 0.9969
2026-04-07 21:23:51,997 - Epoch: 19, 71/274: VFL loss: 0.0097, total loss: 0.0671, anchor loss: 0.0574, VFL train accuracy: 0.9971
2026-04-07 21:23:52,265 - Epoch: 19, 81/274: VFL loss: 0.0098, total loss: 0.0670, anchor loss: 0.0572, VFL train accuracy: 0.9970
2026-04-07 21:23:52,546 - Epoch: 19, 91/274: VFL loss: 0.0100, total loss: 0.0672, anchor loss: 0.0572, VFL train accuracy: 0.9970
2026-04-07 21:23:52,805 - Epoch: 19, 101/274: VFL loss: 0.0100, total loss: 0.0672, anchor loss: 0.0572, VFL train accuracy: 0.9970
2026-04-07 21:23:53,066 - Epoch: 19, 111/274: VFL loss: 0.0096, total loss: 0.0668, anchor loss: 0.0571, VFL train accuracy: 0.9970
2026-04-07 21:23:53,335 - Epoch: 19, 121/274: VFL loss: 0.0094, total loss: 0.0663, anchor loss: 0.0569, VFL train accuracy: 0.9972
2026-04-07 21:23:53,594 - Epoch: 19, 131/274: VFL loss: 0.0092, total loss: 0.0663, anchor loss: 0.0571, VFL train accuracy: 0.9973
2026-04-07 21:23:53,858 - Epoch: 19, 141/274: VFL loss: 0.0095, total loss: 0.0667, anchor loss: 0.0571, VFL train accuracy: 0.9972
2026-04-07 21:23:54,107 - Epoch: 19, 151/274: VFL loss: 0.0094, total loss: 0.0664, anchor loss: 0.0570, VFL train accuracy: 0.9972
2026-04-07 21:23:54,361 - Epoch: 19, 161/274: VFL loss: 0.0093, total loss: 0.0662, anchor loss: 0.0569, VFL train accuracy: 0.9972
2026-04-07 21:23:54,630 - Epoch: 19, 171/274: VFL loss: 0.0094, total loss: 0.0663, anchor loss: 0.0569, VFL train accuracy: 0.9971
2026-04-07 21:23:54,889 - Epoch: 19, 181/274: VFL loss: 0.0094, total loss: 0.0663, anchor loss: 0.0569, VFL train accuracy: 0.9972
2026-04-07 21:23:55,151 - Epoch: 19, 191/274: VFL loss: 0.0099, total loss: 0.0667, anchor loss: 0.0568, VFL train accuracy: 0.9970
2026-04-07 21:23:55,402 - Epoch: 19, 201/274: VFL loss: 0.0101, total loss: 0.0670, anchor loss: 0.0569, VFL train accuracy: 0.9969
2026-04-07 21:23:55,693 - Epoch: 19, 211/274: VFL loss: 0.0105, total loss: 0.0675, anchor loss: 0.0570, VFL train accuracy: 0.9968
2026-04-07 21:23:55,936 - Epoch: 19, 221/274: VFL loss: 0.0108, total loss: 0.0678, anchor loss: 0.0570, VFL train accuracy: 0.9967
2026-04-07 21:23:56,184 - Epoch: 19, 231/274: VFL loss: 0.0109, total loss: 0.0680, anchor loss: 0.0571, VFL train accuracy: 0.9966
2026-04-07 21:23:56,430 - Epoch: 19, 241/274: VFL loss: 0.0108, total loss: 0.0679, anchor loss: 0.0570, VFL train accuracy: 0.9967
2026-04-07 21:23:56,685 - Epoch: 19, 251/274: VFL loss: 0.0108, total loss: 0.0679, anchor loss: 0.0571, VFL train accuracy: 0.9967
2026-04-07 21:23:56,981 - Epoch: 19, 261/274: VFL loss: 0.0108, total loss: 0.0679, anchor loss: 0.0571, VFL train accuracy: 0.9967
2026-04-07 21:23:57,250 - Epoch: 19, 271/274: VFL loss: 0.0108, total loss: 0.0678, anchor loss: 0.0570, VFL train accuracy: 0.9967
2026-04-07 21:23:57,344 - => Recorded Stage 2 client anchor losses for epoch 19 to './results/AVGuard/NUSWIDE/oracle_attack/NUSWIDE_anchor_stage2_3clients_oracle_label\stage2_final_epoch_client_anchor_losses.json': {0: 0.027057, 1: 0.066561, 2: 0.077484}
2026-04-07 21:23:57,349 - => Stage 2 EMA anchor update applied at epoch 19 with momentum 1.0000: updated classes per client {0: 5, 1: 5, 2: 5}
2026-04-07 21:23:57,350 - => Stage 2 Epoch 19 Training Summary: VFL loss: 0.0109, total loss: 0.0680, anchor loss: 0.0570, VFL train accuracy: 0.9966
2026-04-07 21:23:57,350 - => Test ASR...
2026-04-07 21:23:57,459 - =>Add Trigger to Test Data
2026-04-07 21:24:00,375 - Add Trigger to 37064 Bad Samples, 9629 Clean Samples (1.00)
2026-04-07 21:24:08,585 - => Test Epoch: 19, main task samples: 46693, attack samples: 46693, test loss: 1.0341, clean acc: 0.7701, Top-4: 0.9946, ASR: 0.1957, RAC: 0.7113, test target accuracy: 0.8849, stage3 final accuracy: 0.7701, stage3 final target accuracy: 0.7340, stage3 final asr: 0.1957, anchor loss: 0.0850
2026-04-07 21:24:08,586 - => Stage 3 Detection Summary: recall: 0.8331, precision: 0.5391, f1: 0.6546, false positive rate: 0.2170, correction rate: 0.6920
2026-04-07 21:24:08,586 - => Stage 3 Debug (clean): suspicious=10134/46693, correction_applied=10110, prediction_changed=10110, skipped_tied_vote=0, skipped_low_margin=0, skipped_other=24
2026-04-07 21:24:08,586 - => Stage 3 Debug (poison-valid): suspicious=21594/37064, correction_applied=21591, prediction_changed=21591, skipped_tied_vote=0, skipped_low_margin=0, skipped_other=3
2026-04-07 21:24:08,586 - => Stage 3 Debug (attack-success): suspicious=17106/20533, correction_applied=17103, prediction_changed=17103, corrected_to_true=14209
2026-04-07 21:24:08,634 - => End Epoch: 19, early stop epochs: 17, best epoch: 2, best clean acc: 0.8068, best Top-4: 0.9970, best ASR: 0.1207, best RAC: 0.7810, anchor loss: 0.0849
2026-04-07 21:24:08,635 - => Stage 3 Detection Summary: recall: 0.8625, precision: 0.6901, f1: 0.7667, false positive rate: 0.2015, correction rate: 0.7463
2026-04-07 21:24:08,638 - => Oracle-label LFBA skips gradient hard-sample ranking and samples replace targets directly from the known same-label poison set
2026-04-07 21:24:08,655 - => LFBA current anchor-derived target label: 3
2026-04-07 21:24:08,735 - =>Add Trigger to Train Data
2026-04-07 21:24:08,841 - Add Trigger to 1438 Bad Samples, 68528 Clean Samples (0.50)
2026-04-07 21:24:08,844 - => Start Training for Injecting Backdoor...
2026-04-07 21:24:08,875 - Epoch: 20, 1/274: VFL loss: 0.0071, total loss: 0.0685, anchor loss: 0.0613, VFL train accuracy: 0.9961
2026-04-07 21:24:09,317 - Epoch: 20, 11/274: VFL loss: 0.0119, total loss: 0.0684, anchor loss: 0.0565, VFL train accuracy: 0.9961
2026-04-07 21:24:09,574 - Epoch: 20, 21/274: VFL loss: 0.0106, total loss: 0.0664, anchor loss: 0.0558, VFL train accuracy: 0.9959
2026-04-07 21:24:09,849 - Epoch: 20, 31/274: VFL loss: 0.0108, total loss: 0.0666, anchor loss: 0.0559, VFL train accuracy: 0.9957
2026-04-07 21:24:10,139 - Epoch: 20, 41/274: VFL loss: 0.0133, total loss: 0.0696, anchor loss: 0.0562, VFL train accuracy: 0.9954
2026-04-07 21:24:10,390 - Epoch: 20, 51/274: VFL loss: 0.0144, total loss: 0.0705, anchor loss: 0.0561, VFL train accuracy: 0.9955
2026-04-07 21:24:10,642 - Epoch: 20, 61/274: VFL loss: 0.0145, total loss: 0.0708, anchor loss: 0.0563, VFL train accuracy: 0.9955
2026-04-07 21:24:10,904 - Epoch: 20, 71/274: VFL loss: 0.0144, total loss: 0.0708, anchor loss: 0.0564, VFL train accuracy: 0.9955
2026-04-07 21:24:11,172 - Epoch: 20, 81/274: VFL loss: 0.0146, total loss: 0.0710, anchor loss: 0.0564, VFL train accuracy: 0.9955
2026-04-07 21:24:11,422 - Epoch: 20, 91/274: VFL loss: 0.0148, total loss: 0.0716, anchor loss: 0.0568, VFL train accuracy: 0.9954
2026-04-07 21:24:11,677 - Epoch: 20, 101/274: VFL loss: 0.0143, total loss: 0.0712, anchor loss: 0.0569, VFL train accuracy: 0.9955
2026-04-07 21:24:11,960 - Epoch: 20, 111/274: VFL loss: 0.0137, total loss: 0.0708, anchor loss: 0.0570, VFL train accuracy: 0.9957
2026-04-07 21:24:12,233 - Epoch: 20, 121/274: VFL loss: 0.0133, total loss: 0.0703, anchor loss: 0.0570, VFL train accuracy: 0.9957
2026-04-07 21:24:12,479 - Epoch: 20, 131/274: VFL loss: 0.0134, total loss: 0.0704, anchor loss: 0.0570, VFL train accuracy: 0.9958
2026-04-07 21:24:12,740 - Epoch: 20, 141/274: VFL loss: 0.0137, total loss: 0.0708, anchor loss: 0.0571, VFL train accuracy: 0.9958
2026-04-07 21:24:13,000 - Epoch: 20, 151/274: VFL loss: 0.0135, total loss: 0.0705, anchor loss: 0.0571, VFL train accuracy: 0.9958
2026-04-07 21:24:13,252 - Epoch: 20, 161/274: VFL loss: 0.0137, total loss: 0.0708, anchor loss: 0.0571, VFL train accuracy: 0.9958
2026-04-07 21:24:13,513 - Epoch: 20, 171/274: VFL loss: 0.0135, total loss: 0.0706, anchor loss: 0.0571, VFL train accuracy: 0.9958
2026-04-07 21:24:13,796 - Epoch: 20, 181/274: VFL loss: 0.0135, total loss: 0.0706, anchor loss: 0.0571, VFL train accuracy: 0.9956
2026-04-07 21:24:14,074 - Epoch: 20, 191/274: VFL loss: 0.0138, total loss: 0.0708, anchor loss: 0.0570, VFL train accuracy: 0.9955
2026-04-07 21:24:14,332 - Epoch: 20, 201/274: VFL loss: 0.0141, total loss: 0.0712, anchor loss: 0.0570, VFL train accuracy: 0.9954
2026-04-07 21:24:14,591 - Epoch: 20, 211/274: VFL loss: 0.0142, total loss: 0.0713, anchor loss: 0.0571, VFL train accuracy: 0.9954
2026-04-07 21:24:14,848 - Epoch: 20, 221/274: VFL loss: 0.0145, total loss: 0.0718, anchor loss: 0.0572, VFL train accuracy: 0.9953
2026-04-07 21:24:15,102 - Epoch: 20, 231/274: VFL loss: 0.0145, total loss: 0.0718, anchor loss: 0.0573, VFL train accuracy: 0.9953
2026-04-07 21:24:15,371 - Epoch: 20, 241/274: VFL loss: 0.0146, total loss: 0.0720, anchor loss: 0.0575, VFL train accuracy: 0.9953
2026-04-07 21:24:15,632 - Epoch: 20, 251/274: VFL loss: 0.0150, total loss: 0.0724, anchor loss: 0.0575, VFL train accuracy: 0.9952
2026-04-07 21:24:15,892 - Epoch: 20, 261/274: VFL loss: 0.0159, total loss: 0.0734, anchor loss: 0.0575, VFL train accuracy: 0.9950
2026-04-07 21:24:16,169 - Epoch: 20, 271/274: VFL loss: 0.0160, total loss: 0.0736, anchor loss: 0.0576, VFL train accuracy: 0.9949
2026-04-07 21:24:16,259 - => Recorded Stage 2 client anchor losses for epoch 20 to './results/AVGuard/NUSWIDE/oracle_attack/NUSWIDE_anchor_stage2_3clients_oracle_label\stage2_final_epoch_client_anchor_losses.json': {0: 0.027534, 1: 0.067367, 2: 0.077933}
2026-04-07 21:24:16,265 - => Stage 2 EMA anchor update applied at epoch 20 with momentum 1.0000: updated classes per client {0: 5, 1: 5, 2: 5}
2026-04-07 21:24:16,282 - => Stage 2 Epoch 20 Training Summary: VFL loss: 0.0166, total loss: 0.0743, anchor loss: 0.0576, VFL train accuracy: 0.9949
2026-04-07 21:24:16,285 - => Test ASR...
2026-04-07 21:24:16,407 - =>Add Trigger to Test Data
2026-04-07 21:24:19,280 - Add Trigger to 37064 Bad Samples, 9629 Clean Samples (1.00)
2026-04-07 21:24:27,609 - => Test Epoch: 20, main task samples: 46693, attack samples: 46693, test loss: 0.9209, clean acc: 0.7664, Top-4: 0.9940, ASR: 0.2073, RAC: 0.6942, test target accuracy: 0.8603, stage3 final accuracy: 0.7664, stage3 final target accuracy: 0.7044, stage3 final asr: 0.2073, anchor loss: 0.0870
2026-04-07 21:24:27,609 - => Stage 3 Detection Summary: recall: 0.8228, precision: 0.5254, f1: 0.6413, false positive rate: 0.2192, correction rate: 0.6806
2026-04-07 21:24:27,609 - => Stage 3 Debug (clean): suspicious=10233/46693, correction_applied=10214, prediction_changed=10214, skipped_tied_vote=0, skipped_low_margin=0, skipped_other=19
2026-04-07 21:24:27,610 - => Stage 3 Debug (poison-valid): suspicious=21618/37064, correction_applied=21617, prediction_changed=21617, skipped_tied_vote=0, skipped_low_margin=0, skipped_other=1
2026-04-07 21:24:27,610 - => Stage 3 Debug (attack-success): suspicious=16733/20337, correction_applied=16732, prediction_changed=16732, corrected_to_true=13841
2026-04-07 21:24:27,657 - => End Epoch: 20, early stop epochs: 18, best epoch: 2, best clean acc: 0.8068, best Top-4: 0.9970, best ASR: 0.1207, best RAC: 0.7810, anchor loss: 0.0849
2026-04-07 21:24:27,658 - => Stage 3 Detection Summary: recall: 0.8625, precision: 0.6901, f1: 0.7667, false positive rate: 0.2015, correction rate: 0.7463
2026-04-07 21:24:27,659 - => Oracle-label LFBA skips gradient hard-sample ranking and samples replace targets directly from the known same-label poison set
2026-04-07 21:24:27,675 - => LFBA current anchor-derived target label: 3
2026-04-07 21:24:27,756 - =>Add Trigger to Train Data
2026-04-07 21:24:27,867 - Add Trigger to 1438 Bad Samples, 68528 Clean Samples (0.50)
2026-04-07 21:24:27,870 - => Start Training for Injecting Backdoor...
2026-04-07 21:24:27,906 - Epoch: 21, 1/274: VFL loss: 0.0309, total loss: 0.0922, anchor loss: 0.0613, VFL train accuracy: 0.9883
2026-04-07 21:24:28,334 - Epoch: 21, 11/274: VFL loss: 0.0134, total loss: 0.0726, anchor loss: 0.0592, VFL train accuracy: 0.9961
2026-04-07 21:24:28,606 - Epoch: 21, 21/274: VFL loss: 0.0123, total loss: 0.0712, anchor loss: 0.0589, VFL train accuracy: 0.9961
2026-04-07 21:24:28,893 - Epoch: 21, 31/274: VFL loss: 0.0119, total loss: 0.0699, anchor loss: 0.0580, VFL train accuracy: 0.9962
2026-04-07 21:24:29,184 - Epoch: 21, 41/274: VFL loss: 0.0130, total loss: 0.0704, anchor loss: 0.0574, VFL train accuracy: 0.9964
2026-04-07 21:24:29,436 - Epoch: 21, 51/274: VFL loss: 0.0121, total loss: 0.0693, anchor loss: 0.0572, VFL train accuracy: 0.9967
2026-04-07 21:24:29,685 - Epoch: 21, 61/274: VFL loss: 0.0125, total loss: 0.0696, anchor loss: 0.0571, VFL train accuracy: 0.9968
2026-04-07 21:24:29,952 - Epoch: 21, 71/274: VFL loss: 0.0120, total loss: 0.0691, anchor loss: 0.0571, VFL train accuracy: 0.9968
2026-04-07 21:24:30,252 - Epoch: 21, 81/274: VFL loss: 0.0112, total loss: 0.0680, anchor loss: 0.0568, VFL train accuracy: 0.9971
2026-04-07 21:24:30,506 - Epoch: 21, 91/274: VFL loss: 0.0106, total loss: 0.0673, anchor loss: 0.0567, VFL train accuracy: 0.9973
2026-04-07 21:24:30,767 - Epoch: 21, 101/274: VFL loss: 0.0104, total loss: 0.0670, anchor loss: 0.0566, VFL train accuracy: 0.9973
2026-04-07 21:24:31,052 - Epoch: 21, 111/274: VFL loss: 0.0103, total loss: 0.0668, anchor loss: 0.0565, VFL train accuracy: 0.9974
2026-04-07 21:24:31,289 - Epoch: 21, 121/274: VFL loss: 0.0098, total loss: 0.0661, anchor loss: 0.0563, VFL train accuracy: 0.9975
2026-04-07 21:24:31,545 - Epoch: 21, 131/274: VFL loss: 0.0095, total loss: 0.0656, anchor loss: 0.0561, VFL train accuracy: 0.9976
2026-04-07 21:24:31,817 - Epoch: 21, 141/274: VFL loss: 0.0092, total loss: 0.0652, anchor loss: 0.0560, VFL train accuracy: 0.9977
2026-04-07 21:24:32,124 - Epoch: 21, 151/274: VFL loss: 0.0092, total loss: 0.0652, anchor loss: 0.0560, VFL train accuracy: 0.9976
2026-04-07 21:24:32,393 - Epoch: 21, 161/274: VFL loss: 0.0090, total loss: 0.0649, anchor loss: 0.0559, VFL train accuracy: 0.9976
2026-04-07 21:24:32,677 - Epoch: 21, 171/274: VFL loss: 0.0088, total loss: 0.0646, anchor loss: 0.0558, VFL train accuracy: 0.9977
2026-04-07 21:24:32,965 - Epoch: 21, 181/274: VFL loss: 0.0085, total loss: 0.0642, anchor loss: 0.0557, VFL train accuracy: 0.9978
2026-04-07 21:24:33,222 - Epoch: 21, 191/274: VFL loss: 0.0084, total loss: 0.0639, anchor loss: 0.0555, VFL train accuracy: 0.9978
2026-04-07 21:24:33,497 - Epoch: 21, 201/274: VFL loss: 0.0084, total loss: 0.0640, anchor loss: 0.0556, VFL train accuracy: 0.9978
2026-04-07 21:24:33,765 - Epoch: 21, 211/274: VFL loss: 0.0083, total loss: 0.0637, anchor loss: 0.0555, VFL train accuracy: 0.9978
2026-04-07 21:24:34,031 - Epoch: 21, 221/274: VFL loss: 0.0081, total loss: 0.0635, anchor loss: 0.0554, VFL train accuracy: 0.9979
2026-04-07 21:24:34,278 - Epoch: 21, 231/274: VFL loss: 0.0079, total loss: 0.0632, anchor loss: 0.0553, VFL train accuracy: 0.9980
2026-04-07 21:24:34,599 - Epoch: 21, 241/274: VFL loss: 0.0078, total loss: 0.0630, anchor loss: 0.0552, VFL train accuracy: 0.9980
2026-04-07 21:24:34,859 - Epoch: 21, 251/274: VFL loss: 0.0076, total loss: 0.0627, anchor loss: 0.0552, VFL train accuracy: 0.9981
2026-04-07 21:24:35,134 - Epoch: 21, 261/274: VFL loss: 0.0075, total loss: 0.0627, anchor loss: 0.0552, VFL train accuracy: 0.9980
2026-04-07 21:24:35,389 - Epoch: 21, 271/274: VFL loss: 0.0077, total loss: 0.0629, anchor loss: 0.0552, VFL train accuracy: 0.9981
2026-04-07 21:24:35,477 - => Recorded Stage 2 client anchor losses for epoch 21 to './results/AVGuard/NUSWIDE/oracle_attack/NUSWIDE_anchor_stage2_3clients_oracle_label\stage2_final_epoch_client_anchor_losses.json': {0: 0.026139, 1: 0.064514, 2: 0.075048}
2026-04-07 21:24:35,485 - => Stage 2 EMA anchor update applied at epoch 21 with momentum 1.0000: updated classes per client {0: 5, 1: 5, 2: 5}
2026-04-07 21:24:35,485 - => Stage 2 Epoch 21 Training Summary: VFL loss: 0.0076, total loss: 0.0629, anchor loss: 0.0552, VFL train accuracy: 0.9980
2026-04-07 21:24:35,486 - => Test ASR...
2026-04-07 21:24:35,594 - =>Add Trigger to Test Data
2026-04-07 21:24:38,310 - Add Trigger to 37064 Bad Samples, 9629 Clean Samples (1.00)
2026-04-07 21:24:46,578 - => Test Epoch: 21, main task samples: 46693, attack samples: 46693, test loss: 0.8640, clean acc: 0.7747, Top-4: 0.9953, ASR: 0.1884, RAC: 0.7192, test target accuracy: 0.8922, stage3 final accuracy: 0.7747, stage3 final target accuracy: 0.7419, stage3 final asr: 0.1884, anchor loss: 0.0833
2026-04-07 21:24:46,578 - => Stage 3 Detection Summary: recall: 0.8300, precision: 0.5848, f1: 0.6862, false positive rate: 0.2082, correction rate: 0.6982
2026-04-07 21:24:46,578 - => Stage 3 Debug (clean): suspicious=9721/46693, correction_applied=9708, prediction_changed=9708, skipped_tied_vote=0, skipped_low_margin=0, skipped_other=13
2026-04-07 21:24:46,579 - => Stage 3 Debug (poison-valid): suspicious=22556/37064, correction_applied=22555, prediction_changed=22555, skipped_tied_vote=0, skipped_low_margin=0, skipped_other=1
2026-04-07 21:24:46,579 - => Stage 3 Debug (attack-success): suspicious=18875/22740, correction_applied=18875, prediction_changed=18875, corrected_to_true=15878
2026-04-07 21:24:46,628 - => End Epoch: 21, early stop epochs: 19, best epoch: 2, best clean acc: 0.8068, best Top-4: 0.9970, best ASR: 0.1207, best RAC: 0.7810, anchor loss: 0.0849
2026-04-07 21:24:46,629 - => Stage 3 Detection Summary: recall: 0.8625, precision: 0.6901, f1: 0.7667, false positive rate: 0.2015, correction rate: 0.7463
2026-04-07 21:24:46,631 - => Oracle-label LFBA skips gradient hard-sample ranking and samples replace targets directly from the known same-label poison set
2026-04-07 21:24:46,647 - => LFBA current anchor-derived target label: 3
2026-04-07 21:24:46,728 - =>Add Trigger to Train Data
2026-04-07 21:24:46,854 - Add Trigger to 1438 Bad Samples, 68528 Clean Samples (0.50)
2026-04-07 21:24:46,856 - => Start Training for Injecting Backdoor...
2026-04-07 21:24:46,906 - Epoch: 22, 1/274: VFL loss: 0.0030, total loss: 0.0611, anchor loss: 0.0581, VFL train accuracy: 1.0000
2026-04-07 21:24:47,379 - Epoch: 22, 11/274: VFL loss: 0.0043, total loss: 0.0593, anchor loss: 0.0550, VFL train accuracy: 0.9989
2026-04-07 21:24:47,648 - Epoch: 22, 21/274: VFL loss: 0.0029, total loss: 0.0575, anchor loss: 0.0546, VFL train accuracy: 0.9994
2026-04-07 21:24:47,938 - Epoch: 22, 31/274: VFL loss: 0.0024, total loss: 0.0570, anchor loss: 0.0546, VFL train accuracy: 0.9996
2026-04-07 21:24:48,225 - Epoch: 22, 41/274: VFL loss: 0.0023, total loss: 0.0569, anchor loss: 0.0545, VFL train accuracy: 0.9997
2026-04-07 21:24:48,479 - Epoch: 22, 51/274: VFL loss: 0.0021, total loss: 0.0563, anchor loss: 0.0542, VFL train accuracy: 0.9998
2026-04-07 21:24:48,743 - Epoch: 22, 61/274: VFL loss: 0.0029, total loss: 0.0568, anchor loss: 0.0539, VFL train accuracy: 0.9997
2026-04-07 21:24:49,027 - Epoch: 22, 71/274: VFL loss: 0.0026, total loss: 0.0564, anchor loss: 0.0537, VFL train accuracy: 0.9998
2026-04-07 21:24:49,320 - Epoch: 22, 81/274: VFL loss: 0.0025, total loss: 0.0562, anchor loss: 0.0537, VFL train accuracy: 0.9998
2026-04-07 21:24:49,567 - Epoch: 22, 91/274: VFL loss: 0.0024, total loss: 0.0561, anchor loss: 0.0537, VFL train accuracy: 0.9998
2026-04-07 21:24:49,828 - Epoch: 22, 101/274: VFL loss: 0.0024, total loss: 0.0563, anchor loss: 0.0539, VFL train accuracy: 0.9998
2026-04-07 21:24:50,105 - Epoch: 22, 111/274: VFL loss: 0.0023, total loss: 0.0563, anchor loss: 0.0539, VFL train accuracy: 0.9998
2026-04-07 21:24:50,370 - Epoch: 22, 121/274: VFL loss: 0.0023, total loss: 0.0561, anchor loss: 0.0538, VFL train accuracy: 0.9998
2026-04-07 21:24:50,649 - Epoch: 22, 131/274: VFL loss: 0.0022, total loss: 0.0559, anchor loss: 0.0536, VFL train accuracy: 0.9998
2026-04-07 21:24:50,920 - Epoch: 22, 141/274: VFL loss: 0.0022, total loss: 0.0559, anchor loss: 0.0537, VFL train accuracy: 0.9998
2026-04-07 21:24:51,176 - Epoch: 22, 151/274: VFL loss: 0.0022, total loss: 0.0560, anchor loss: 0.0538, VFL train accuracy: 0.9997
2026-04-07 21:24:51,436 - Epoch: 22, 161/274: VFL loss: 0.0022, total loss: 0.0559, anchor loss: 0.0537, VFL train accuracy: 0.9997
2026-04-07 21:24:51,692 - Epoch: 22, 171/274: VFL loss: 0.0023, total loss: 0.0559, anchor loss: 0.0536, VFL train accuracy: 0.9997
2026-04-07 21:24:51,956 - Epoch: 22, 181/274: VFL loss: 0.0024, total loss: 0.0560, anchor loss: 0.0536, VFL train accuracy: 0.9997
2026-04-07 21:24:52,211 - Epoch: 22, 191/274: VFL loss: 0.0023, total loss: 0.0559, anchor loss: 0.0536, VFL train accuracy: 0.9997
2026-04-07 21:24:52,483 - Epoch: 22, 201/274: VFL loss: 0.0024, total loss: 0.0561, anchor loss: 0.0537, VFL train accuracy: 0.9997
2026-04-07 21:24:52,765 - Epoch: 22, 211/274: VFL loss: 0.0024, total loss: 0.0559, anchor loss: 0.0535, VFL train accuracy: 0.9997
2026-04-07 21:24:53,063 - Epoch: 22, 221/274: VFL loss: 0.0023, total loss: 0.0558, anchor loss: 0.0535, VFL train accuracy: 0.9997
2026-04-07 21:24:53,362 - Epoch: 22, 231/274: VFL loss: 0.0023, total loss: 0.0557, anchor loss: 0.0534, VFL train accuracy: 0.9997
2026-04-07 21:24:53,622 - Epoch: 22, 241/274: VFL loss: 0.0022, total loss: 0.0556, anchor loss: 0.0533, VFL train accuracy: 0.9997
2026-04-07 21:24:53,915 - Epoch: 22, 251/274: VFL loss: 0.0022, total loss: 0.0556, anchor loss: 0.0534, VFL train accuracy: 0.9997
2026-04-07 21:24:54,213 - Epoch: 22, 261/274: VFL loss: 0.0022, total loss: 0.0556, anchor loss: 0.0534, VFL train accuracy: 0.9997
2026-04-07 21:24:54,492 - Epoch: 22, 271/274: VFL loss: 0.0022, total loss: 0.0555, anchor loss: 0.0533, VFL train accuracy: 0.9997
2026-04-07 21:24:54,586 - => Recorded Stage 2 client anchor losses for epoch 22 to './results/AVGuard/NUSWIDE/oracle_attack/NUSWIDE_anchor_stage2_3clients_oracle_label\stage2_final_epoch_client_anchor_losses.json': {0: 0.024584, 1: 0.062467, 2: 0.072908}
2026-04-07 21:24:54,591 - => Stage 2 EMA anchor update applied at epoch 22 with momentum 1.0000: updated classes per client {0: 5, 1: 5, 2: 5}
2026-04-07 21:24:54,591 - => Stage 2 Epoch 22 Training Summary: VFL loss: 0.0022, total loss: 0.0555, anchor loss: 0.0533, VFL train accuracy: 0.9997
2026-04-07 21:24:54,592 - => Test ASR...
2026-04-07 21:24:54,702 - =>Add Trigger to Test Data
2026-04-07 21:24:57,487 - Add Trigger to 37064 Bad Samples, 9629 Clean Samples (1.00)
2026-04-07 21:25:05,768 - => Test Epoch: 22, main task samples: 46693, attack samples: 46693, test loss: 0.8889, clean acc: 0.7757, Top-4: 0.9955, ASR: 0.1881, RAC: 0.7199, test target accuracy: 0.8894, stage3 final accuracy: 0.7757, stage3 final target accuracy: 0.7455, stage3 final asr: 0.1881, anchor loss: 0.0828
2026-04-07 21:25:05,770 - => Stage 3 Detection Summary: recall: 0.8299, precision: 0.5832, f1: 0.6850, false positive rate: 0.2050, correction rate: 0.6950
2026-04-07 21:25:05,770 - => Stage 3 Debug (clean): suspicious=9571/46693, correction_applied=9558, prediction_changed=9558, skipped_tied_vote=0, skipped_low_margin=0, skipped_other=13
2026-04-07 21:25:05,770 - => Stage 3 Debug (poison-valid): suspicious=22296/37064, correction_applied=22294, prediction_changed=22294, skipped_tied_vote=0, skipped_low_margin=0, skipped_other=2
2026-04-07 21:25:05,770 - => Stage 3 Debug (attack-success): suspicious=18586/22395, correction_applied=18584, prediction_changed=18584, corrected_to_true=15565
2026-04-07 21:25:05,818 - => End Epoch: 22, early stop epochs: 20, best epoch: 2, best clean acc: 0.8068, best Top-4: 0.9970, best ASR: 0.1207, best RAC: 0.7810, anchor loss: 0.0849
2026-04-07 21:25:05,819 - => Stage 3 Detection Summary: recall: 0.8625, precision: 0.6901, f1: 0.7667, false positive rate: 0.2015, correction rate: 0.7463
2026-04-07 21:25:05,820 - => Oracle-label LFBA skips gradient hard-sample ranking and samples replace targets directly from the known same-label poison set
2026-04-07 21:25:05,837 - => LFBA current anchor-derived target label: 3
2026-04-07 21:25:05,918 - =>Add Trigger to Train Data
2026-04-07 21:25:06,041 - Add Trigger to 1438 Bad Samples, 68528 Clean Samples (0.50)
2026-04-07 21:25:06,044 - => Start Training for Injecting Backdoor...
2026-04-07 21:25:06,091 - Epoch: 23, 1/274: VFL loss: 0.0007, total loss: 0.0521, anchor loss: 0.0515, VFL train accuracy: 1.0000
2026-04-07 21:25:06,560 - Epoch: 23, 11/274: VFL loss: 0.0011, total loss: 0.0557, anchor loss: 0.0545, VFL train accuracy: 1.0000
2026-04-07 21:25:06,850 - Epoch: 23, 21/274: VFL loss: 0.0010, total loss: 0.0531, anchor loss: 0.0521, VFL train accuracy: 1.0000
2026-04-07 21:25:07,158 - Epoch: 23, 31/274: VFL loss: 0.0012, total loss: 0.0539, anchor loss: 0.0527, VFL train accuracy: 0.9999
2026-04-07 21:25:07,416 - Epoch: 23, 41/274: VFL loss: 0.0012, total loss: 0.0535, anchor loss: 0.0523, VFL train accuracy: 0.9999
2026-04-07 21:25:07,676 - Epoch: 23, 51/274: VFL loss: 0.0013, total loss: 0.0536, anchor loss: 0.0523, VFL train accuracy: 0.9998
2026-04-07 21:25:07,948 - Epoch: 23, 61/274: VFL loss: 0.0012, total loss: 0.0535, anchor loss: 0.0523, VFL train accuracy: 0.9999
2026-04-07 21:25:08,233 - Epoch: 23, 71/274: VFL loss: 0.0011, total loss: 0.0537, anchor loss: 0.0526, VFL train accuracy: 0.9999
2026-04-07 21:25:08,481 - Epoch: 23, 81/274: VFL loss: 0.0012, total loss: 0.0537, anchor loss: 0.0524, VFL train accuracy: 0.9999
2026-04-07 21:25:08,768 - Epoch: 23, 91/274: VFL loss: 0.0012, total loss: 0.0534, anchor loss: 0.0523, VFL train accuracy: 0.9999
2026-04-07 21:25:09,037 - Epoch: 23, 101/274: VFL loss: 0.0011, total loss: 0.0534, anchor loss: 0.0523, VFL train accuracy: 0.9999
2026-04-07 21:25:09,302 - Epoch: 23, 111/274: VFL loss: 0.0011, total loss: 0.0535, anchor loss: 0.0524, VFL train accuracy: 0.9999
2026-04-07 21:25:09,573 - Epoch: 23, 121/274: VFL loss: 0.0011, total loss: 0.0536, anchor loss: 0.0525, VFL train accuracy: 0.9999
2026-04-07 21:25:09,825 - Epoch: 23, 131/274: VFL loss: 0.0011, total loss: 0.0535, anchor loss: 0.0524, VFL train accuracy: 0.9999
2026-04-07 21:25:10,100 - Epoch: 23, 141/274: VFL loss: 0.0011, total loss: 0.0534, anchor loss: 0.0524, VFL train accuracy: 0.9999
2026-04-07 21:25:10,367 - Epoch: 23, 151/274: VFL loss: 0.0010, total loss: 0.0534, anchor loss: 0.0524, VFL train accuracy: 0.9999
2026-04-07 21:25:10,639 - Epoch: 23, 161/274: VFL loss: 0.0013, total loss: 0.0537, anchor loss: 0.0524, VFL train accuracy: 0.9999
2026-04-07 21:25:10,902 - Epoch: 23, 171/274: VFL loss: 0.0013, total loss: 0.0538, anchor loss: 0.0525, VFL train accuracy: 0.9999
2026-04-07 21:25:11,161 - Epoch: 23, 181/274: VFL loss: 0.0013, total loss: 0.0537, anchor loss: 0.0525, VFL train accuracy: 0.9999
2026-04-07 21:25:11,427 - Epoch: 23, 191/274: VFL loss: 0.0013, total loss: 0.0537, anchor loss: 0.0524, VFL train accuracy: 0.9999
2026-04-07 21:25:11,682 - Epoch: 23, 201/274: VFL loss: 0.0013, total loss: 0.0537, anchor loss: 0.0524, VFL train accuracy: 0.9999
2026-04-07 21:25:11,955 - Epoch: 23, 211/274: VFL loss: 0.0013, total loss: 0.0537, anchor loss: 0.0525, VFL train accuracy: 0.9999
2026-04-07 21:25:12,249 - Epoch: 23, 221/274: VFL loss: 0.0013, total loss: 0.0538, anchor loss: 0.0525, VFL train accuracy: 0.9999
2026-04-07 21:25:12,522 - Epoch: 23, 231/274: VFL loss: 0.0012, total loss: 0.0538, anchor loss: 0.0525, VFL train accuracy: 0.9999
2026-04-07 21:25:12,784 - Epoch: 23, 241/274: VFL loss: 0.0013, total loss: 0.0537, anchor loss: 0.0525, VFL train accuracy: 0.9999
2026-04-07 21:25:13,058 - Epoch: 23, 251/274: VFL loss: 0.0013, total loss: 0.0538, anchor loss: 0.0525, VFL train accuracy: 0.9999
2026-04-07 21:25:13,313 - Epoch: 23, 261/274: VFL loss: 0.0013, total loss: 0.0538, anchor loss: 0.0525, VFL train accuracy: 0.9999
2026-04-07 21:25:13,576 - Epoch: 23, 271/274: VFL loss: 0.0013, total loss: 0.0538, anchor loss: 0.0525, VFL train accuracy: 0.9999
2026-04-07 21:25:13,673 - => Recorded Stage 2 client anchor losses for epoch 23 to './results/AVGuard/NUSWIDE/oracle_attack/NUSWIDE_anchor_stage2_3clients_oracle_label\stage2_final_epoch_client_anchor_losses.json': {0: 0.023893, 1: 0.061616, 2: 0.071945}
2026-04-07 21:25:13,677 - => Stage 2 EMA anchor update applied at epoch 23 with momentum 1.0000: updated classes per client {0: 5, 1: 5, 2: 5}
2026-04-07 21:25:13,678 - => Stage 2 Epoch 23 Training Summary: VFL loss: 0.0012, total loss: 0.0537, anchor loss: 0.0525, VFL train accuracy: 0.9999
2026-04-07 21:25:13,678 - => Test ASR...
2026-04-07 21:25:13,785 - =>Add Trigger to Test Data
2026-04-07 21:25:16,688 - Add Trigger to 37064 Bad Samples, 9629 Clean Samples (1.00)
2026-04-07 21:25:24,926 - => Test Epoch: 23, main task samples: 46693, attack samples: 46693, test loss: 0.9121, clean acc: 0.7760, Top-4: 0.9955, ASR: 0.1888, RAC: 0.7185, test target accuracy: 0.8841, stage3 final accuracy: 0.7760, stage3 final target accuracy: 0.7407, stage3 final asr: 0.1888, anchor loss: 0.0824
2026-04-07 21:25:24,928 - => Stage 3 Detection Summary: recall: 0.8303, precision: 0.5736, f1: 0.6785, false positive rate: 0.2048, correction rate: 0.6929
2026-04-07 21:25:24,928 - => Stage 3 Debug (clean): suspicious=9562/46693, correction_applied=9553, prediction_changed=9553, skipped_tied_vote=0, skipped_low_margin=0, skipped_other=9
2026-04-07 21:25:24,929 - => Stage 3 Debug (poison-valid): suspicious=21931/37064, correction_applied=21930, prediction_changed=21930, skipped_tied_vote=0, skipped_low_margin=0, skipped_other=1
2026-04-07 21:25:24,929 - => Stage 3 Debug (attack-success): suspicious=18065/21757, correction_applied=18064, prediction_changed=18064, corrected_to_true=15075
2026-04-07 21:25:24,984 - => End Epoch: 23, early stop epochs: 21, best epoch: 2, best clean acc: 0.8068, best Top-4: 0.9970, best ASR: 0.1207, best RAC: 0.7810, anchor loss: 0.0849
2026-04-07 21:25:24,984 - => Stage 3 Detection Summary: recall: 0.8625, precision: 0.6901, f1: 0.7667, false positive rate: 0.2015, correction rate: 0.7463
2026-04-07 21:25:24,986 - => Oracle-label LFBA skips gradient hard-sample ranking and samples replace targets directly from the known same-label poison set
2026-04-07 21:25:25,004 - => LFBA current anchor-derived target label: 3
2026-04-07 21:25:25,085 - =>Add Trigger to Train Data
2026-04-07 21:25:25,203 - Add Trigger to 1438 Bad Samples, 68528 Clean Samples (0.50)
2026-04-07 21:25:25,206 - => Start Training for Injecting Backdoor...
2026-04-07 21:25:25,248 - Epoch: 24, 1/274: VFL loss: 0.0003, total loss: 0.0475, anchor loss: 0.0472, VFL train accuracy: 1.0000
2026-04-07 21:25:25,725 - Epoch: 24, 11/274: VFL loss: 0.0011, total loss: 0.0528, anchor loss: 0.0518, VFL train accuracy: 0.9996
2026-04-07 21:25:26,015 - Epoch: 24, 21/274: VFL loss: 0.0010, total loss: 0.0529, anchor loss: 0.0519, VFL train accuracy: 0.9998
2026-04-07 21:25:26,316 - Epoch: 24, 31/274: VFL loss: 0.0009, total loss: 0.0529, anchor loss: 0.0520, VFL train accuracy: 0.9999
2026-04-07 21:25:26,603 - Epoch: 24, 41/274: VFL loss: 0.0008, total loss: 0.0530, anchor loss: 0.0522, VFL train accuracy: 0.9999
2026-04-07 21:25:26,860 - Epoch: 24, 51/274: VFL loss: 0.0008, total loss: 0.0526, anchor loss: 0.0518, VFL train accuracy: 0.9999
2026-04-07 21:25:27,138 - Epoch: 24, 61/274: VFL loss: 0.0008, total loss: 0.0529, anchor loss: 0.0522, VFL train accuracy: 0.9999
2026-04-07 21:25:27,411 - Epoch: 24, 71/274: VFL loss: 0.0007, total loss: 0.0529, anchor loss: 0.0522, VFL train accuracy: 0.9999
2026-04-07 21:25:27,666 - Epoch: 24, 81/274: VFL loss: 0.0007, total loss: 0.0529, anchor loss: 0.0521, VFL train accuracy: 1.0000
2026-04-07 21:25:27,913 - Epoch: 24, 91/274: VFL loss: 0.0008, total loss: 0.0529, anchor loss: 0.0521, VFL train accuracy: 1.0000
2026-04-07 21:25:28,164 - Epoch: 24, 101/274: VFL loss: 0.0008, total loss: 0.0530, anchor loss: 0.0522, VFL train accuracy: 1.0000
2026-04-07 21:25:28,425 - Epoch: 24, 111/274: VFL loss: 0.0008, total loss: 0.0530, anchor loss: 0.0522, VFL train accuracy: 1.0000
2026-04-07 21:25:28,680 - Epoch: 24, 121/274: VFL loss: 0.0008, total loss: 0.0528, anchor loss: 0.0520, VFL train accuracy: 1.0000
2026-04-07 21:25:28,942 - Epoch: 24, 131/274: VFL loss: 0.0008, total loss: 0.0527, anchor loss: 0.0520, VFL train accuracy: 1.0000
2026-04-07 21:25:29,206 - Epoch: 24, 141/274: VFL loss: 0.0008, total loss: 0.0527, anchor loss: 0.0520, VFL train accuracy: 1.0000
2026-04-07 21:25:29,456 - Epoch: 24, 151/274: VFL loss: 0.0008, total loss: 0.0527, anchor loss: 0.0519, VFL train accuracy: 1.0000
2026-04-07 21:25:29,729 - Epoch: 24, 161/274: VFL loss: 0.0009, total loss: 0.0528, anchor loss: 0.0519, VFL train accuracy: 1.0000
2026-04-07 21:25:29,999 - Epoch: 24, 171/274: VFL loss: 0.0009, total loss: 0.0527, anchor loss: 0.0518, VFL train accuracy: 1.0000
2026-04-07 21:25:30,244 - Epoch: 24, 181/274: VFL loss: 0.0009, total loss: 0.0528, anchor loss: 0.0520, VFL train accuracy: 1.0000
2026-04-07 21:25:30,506 - Epoch: 24, 191/274: VFL loss: 0.0009, total loss: 0.0528, anchor loss: 0.0520, VFL train accuracy: 1.0000
2026-04-07 21:25:30,774 - Epoch: 24, 201/274: VFL loss: 0.0009, total loss: 0.0528, anchor loss: 0.0519, VFL train accuracy: 1.0000
2026-04-07 21:25:31,073 - Epoch: 24, 211/274: VFL loss: 0.0009, total loss: 0.0527, anchor loss: 0.0519, VFL train accuracy: 1.0000
2026-04-07 21:25:31,324 - Epoch: 24, 221/274: VFL loss: 0.0009, total loss: 0.0527, anchor loss: 0.0518, VFL train accuracy: 0.9999
2026-04-07 21:25:31,589 - Epoch: 24, 231/274: VFL loss: 0.0009, total loss: 0.0527, anchor loss: 0.0518, VFL train accuracy: 0.9999
2026-04-07 21:25:31,851 - Epoch: 24, 241/274: VFL loss: 0.0009, total loss: 0.0526, anchor loss: 0.0518, VFL train accuracy: 0.9999
2026-04-07 21:25:32,115 - Epoch: 24, 251/274: VFL loss: 0.0009, total loss: 0.0526, anchor loss: 0.0517, VFL train accuracy: 0.9999
2026-04-07 21:25:32,379 - Epoch: 24, 261/274: VFL loss: 0.0009, total loss: 0.0527, anchor loss: 0.0518, VFL train accuracy: 0.9999
2026-04-07 21:25:32,658 - Epoch: 24, 271/274: VFL loss: 0.0008, total loss: 0.0527, anchor loss: 0.0518, VFL train accuracy: 0.9999
2026-04-07 21:25:32,748 - => Recorded Stage 2 client anchor losses for epoch 24 to './results/AVGuard/NUSWIDE/oracle_attack/NUSWIDE_anchor_stage2_3clients_oracle_label\stage2_final_epoch_client_anchor_losses.json': {0: 0.023331, 1: 0.060956, 2: 0.07117}
2026-04-07 21:25:32,753 - => Stage 2 EMA anchor update applied at epoch 24 with momentum 1.0000: updated classes per client {0: 5, 1: 5, 2: 5}
2026-04-07 21:25:32,753 - => Stage 2 Epoch 24 Training Summary: VFL loss: 0.0008, total loss: 0.0527, anchor loss: 0.0518, VFL train accuracy: 0.9999
2026-04-07 21:25:32,754 - => Test ASR...
2026-04-07 21:25:32,860 - =>Add Trigger to Test Data
2026-04-07 21:25:35,697 - Add Trigger to 37064 Bad Samples, 9629 Clean Samples (1.00)
2026-04-07 21:25:43,855 - => Test Epoch: 24, main task samples: 46693, attack samples: 46693, test loss: 0.9401, clean acc: 0.7766, Top-4: 0.9954, ASR: 0.1874, RAC: 0.7200, test target accuracy: 0.8883, stage3 final accuracy: 0.7766, stage3 final target accuracy: 0.7411, stage3 final asr: 0.1874, anchor loss: 0.0821
2026-04-07 21:25:43,855 - => Stage 3 Detection Summary: recall: 0.8290, precision: 0.5779, f1: 0.6810, false positive rate: 0.2039, correction rate: 0.6918
2026-04-07 21:25:43,855 - => Stage 3 Debug (clean): suspicious=9523/46693, correction_applied=9511, prediction_changed=9511, skipped_tied_vote=0, skipped_low_margin=0, skipped_other=12
2026-04-07 21:25:43,855 - => Stage 3 Debug (poison-valid): suspicious=21884/37064, correction_applied=21883, prediction_changed=21883, skipped_tied_vote=0, skipped_low_margin=0, skipped_other=1
2026-04-07 21:25:43,856 - => Stage 3 Debug (attack-success): suspicious=18150/21894, correction_applied=18149, prediction_changed=18149, corrected_to_true=15146
2026-04-07 21:25:43,900 - => End Epoch: 24, early stop epochs: 22, best epoch: 2, best clean acc: 0.8068, best Top-4: 0.9970, best ASR: 0.1207, best RAC: 0.7810, anchor loss: 0.0849
2026-04-07 21:25:43,901 - => Stage 3 Detection Summary: recall: 0.8625, precision: 0.6901, f1: 0.7667, false positive rate: 0.2015, correction rate: 0.7463
2026-04-07 21:25:43,903 - => Oracle-label LFBA skips gradient hard-sample ranking and samples replace targets directly from the known same-label poison set
2026-04-07 21:25:43,923 - => LFBA current anchor-derived target label: 3
2026-04-07 21:25:43,999 - =>Add Trigger to Train Data
2026-04-07 21:25:44,110 - Add Trigger to 1438 Bad Samples, 68528 Clean Samples (0.50)
2026-04-07 21:25:44,111 - => Start Training for Injecting Backdoor...
2026-04-07 21:25:44,151 - Epoch: 25, 1/274: VFL loss: 0.0003, total loss: 0.0537, anchor loss: 0.0534, VFL train accuracy: 1.0000
2026-04-07 21:25:44,576 - Epoch: 25, 11/274: VFL loss: 0.0006, total loss: 0.0526, anchor loss: 0.0521, VFL train accuracy: 1.0000
2026-04-07 21:25:44,832 - Epoch: 25, 21/274: VFL loss: 0.0006, total loss: 0.0516, anchor loss: 0.0510, VFL train accuracy: 1.0000
2026-04-07 21:25:45,123 - Epoch: 25, 31/274: VFL loss: 0.0006, total loss: 0.0517, anchor loss: 0.0511, VFL train accuracy: 1.0000
2026-04-07 21:25:45,394 - Epoch: 25, 41/274: VFL loss: 0.0006, total loss: 0.0516, anchor loss: 0.0510, VFL train accuracy: 1.0000
2026-04-07 21:25:45,656 - Epoch: 25, 51/274: VFL loss: 0.0006, total loss: 0.0518, anchor loss: 0.0512, VFL train accuracy: 1.0000
2026-04-07 21:25:45,920 - Epoch: 25, 61/274: VFL loss: 0.0006, total loss: 0.0520, anchor loss: 0.0514, VFL train accuracy: 1.0000
2026-04-07 21:25:46,186 - Epoch: 25, 71/274: VFL loss: 0.0007, total loss: 0.0518, anchor loss: 0.0512, VFL train accuracy: 0.9999
2026-04-07 21:25:46,475 - Epoch: 25, 81/274: VFL loss: 0.0007, total loss: 0.0517, anchor loss: 0.0511, VFL train accuracy: 1.0000
2026-04-07 21:25:46,764 - Epoch: 25, 91/274: VFL loss: 0.0007, total loss: 0.0518, anchor loss: 0.0511, VFL train accuracy: 1.0000
2026-04-07 21:25:47,023 - Epoch: 25, 101/274: VFL loss: 0.0006, total loss: 0.0516, anchor loss: 0.0510, VFL train accuracy: 1.0000
2026-04-07 21:25:47,280 - Epoch: 25, 111/274: VFL loss: 0.0006, total loss: 0.0517, anchor loss: 0.0511, VFL train accuracy: 1.0000
2026-04-07 21:25:47,548 - Epoch: 25, 121/274: VFL loss: 0.0007, total loss: 0.0518, anchor loss: 0.0511, VFL train accuracy: 0.9999
2026-04-07 21:25:47,809 - Epoch: 25, 131/274: VFL loss: 0.0007, total loss: 0.0517, anchor loss: 0.0511, VFL train accuracy: 0.9999
2026-04-07 21:25:48,068 - Epoch: 25, 141/274: VFL loss: 0.0007, total loss: 0.0517, anchor loss: 0.0511, VFL train accuracy: 0.9999
2026-04-07 21:25:48,329 - Epoch: 25, 151/274: VFL loss: 0.0006, total loss: 0.0517, anchor loss: 0.0511, VFL train accuracy: 0.9999
2026-04-07 21:25:48,603 - Epoch: 25, 161/274: VFL loss: 0.0007, total loss: 0.0517, anchor loss: 0.0511, VFL train accuracy: 1.0000
2026-04-07 21:25:48,864 - Epoch: 25, 171/274: VFL loss: 0.0006, total loss: 0.0517, anchor loss: 0.0511, VFL train accuracy: 1.0000
2026-04-07 21:25:49,124 - Epoch: 25, 181/274: VFL loss: 0.0006, total loss: 0.0517, anchor loss: 0.0510, VFL train accuracy: 1.0000
2026-04-07 21:25:49,389 - Epoch: 25, 191/274: VFL loss: 0.0006, total loss: 0.0516, anchor loss: 0.0510, VFL train accuracy: 0.9999
2026-04-07 21:25:49,669 - Epoch: 25, 201/274: VFL loss: 0.0006, total loss: 0.0517, anchor loss: 0.0510, VFL train accuracy: 0.9999
2026-04-07 21:25:49,949 - Epoch: 25, 211/274: VFL loss: 0.0006, total loss: 0.0517, anchor loss: 0.0510, VFL train accuracy: 0.9999
2026-04-07 21:25:50,245 - Epoch: 25, 221/274: VFL loss: 0.0006, total loss: 0.0517, anchor loss: 0.0510, VFL train accuracy: 0.9999
2026-04-07 21:25:50,500 - Epoch: 25, 231/274: VFL loss: 0.0007, total loss: 0.0518, anchor loss: 0.0511, VFL train accuracy: 0.9999
2026-04-07 21:25:50,754 - Epoch: 25, 241/274: VFL loss: 0.0007, total loss: 0.0518, anchor loss: 0.0511, VFL train accuracy: 0.9999
2026-04-07 21:25:50,998 - Epoch: 25, 251/274: VFL loss: 0.0006, total loss: 0.0518, anchor loss: 0.0512, VFL train accuracy: 0.9999
2026-04-07 21:25:51,254 - Epoch: 25, 261/274: VFL loss: 0.0006, total loss: 0.0518, anchor loss: 0.0512, VFL train accuracy: 0.9999
2026-04-07 21:25:51,653 - Epoch: 25, 271/274: VFL loss: 0.0006, total loss: 0.0519, anchor loss: 0.0512, VFL train accuracy: 0.9999
2026-04-07 21:25:51,750 - => Recorded Stage 2 client anchor losses for epoch 25 to './results/AVGuard/NUSWIDE/oracle_attack/NUSWIDE_anchor_stage2_3clients_oracle_label\stage2_final_epoch_client_anchor_losses.json': {0: 0.022827, 1: 0.060357, 2: 0.070523}
2026-04-07 21:25:51,755 - => Stage 2 EMA anchor update applied at epoch 25 with momentum 1.0000: updated classes per client {0: 5, 1: 5, 2: 5}
2026-04-07 21:25:51,755 - => Stage 2 Epoch 25 Training Summary: VFL loss: 0.0006, total loss: 0.0519, anchor loss: 0.0512, VFL train accuracy: 0.9999
2026-04-07 21:25:51,756 - => Test ASR...
2026-04-07 21:25:51,863 - =>Add Trigger to Test Data
2026-04-07 21:25:54,608 - Add Trigger to 37064 Bad Samples, 9629 Clean Samples (1.00)
2026-04-07 21:26:02,792 - => Test Epoch: 25, main task samples: 46693, attack samples: 46693, test loss: 0.9621, clean acc: 0.7779, Top-4: 0.9952, ASR: 0.1872, RAC: 0.7204, test target accuracy: 0.8876, stage3 final accuracy: 0.7779, stage3 final target accuracy: 0.7411, stage3 final asr: 0.1872, anchor loss: 0.0819
2026-04-07 21:26:02,793 - => Stage 3 Detection Summary: recall: 0.8297, precision: 0.5756, f1: 0.6797, false positive rate: 0.2034, correction rate: 0.6917
2026-04-07 21:26:02,793 - => Stage 3 Debug (clean): suspicious=9498/46693, correction_applied=9492, prediction_changed=9492, skipped_tied_vote=0, skipped_low_margin=0, skipped_other=6
2026-04-07 21:26:02,793 - => Stage 3 Debug (poison-valid): suspicious=21777/37064, correction_applied=21777, prediction_changed=21777, skipped_tied_vote=0, skipped_low_margin=0, skipped_other=0
2026-04-07 21:26:02,793 - => Stage 3 Debug (attack-success): suspicious=18001/21696, correction_applied=18001, prediction_changed=18001, corrected_to_true=15007
2026-04-07 21:26:02,841 - => End Epoch: 25, early stop epochs: 23, best epoch: 2, best clean acc: 0.8068, best Top-4: 0.9970, best ASR: 0.1207, best RAC: 0.7810, anchor loss: 0.0849
2026-04-07 21:26:02,841 - => Stage 3 Detection Summary: recall: 0.8625, precision: 0.6901, f1: 0.7667, false positive rate: 0.2015, correction rate: 0.7463
2026-04-07 21:26:02,845 - => Oracle-label LFBA skips gradient hard-sample ranking and samples replace targets directly from the known same-label poison set
2026-04-07 21:26:02,866 - => LFBA current anchor-derived target label: 3
2026-04-07 21:26:02,944 - =>Add Trigger to Train Data
2026-04-07 21:26:03,057 - Add Trigger to 1438 Bad Samples, 68528 Clean Samples (0.50)
2026-04-07 21:26:03,061 - => Start Training for Injecting Backdoor...
2026-04-07 21:26:03,099 - Epoch: 26, 1/274: VFL loss: 0.0003, total loss: 0.0489, anchor loss: 0.0487, VFL train accuracy: 1.0000
2026-04-07 21:26:03,516 - Epoch: 26, 11/274: VFL loss: 0.0010, total loss: 0.0518, anchor loss: 0.0509, VFL train accuracy: 0.9996
2026-04-07 21:26:03,774 - Epoch: 26, 21/274: VFL loss: 0.0007, total loss: 0.0516, anchor loss: 0.0510, VFL train accuracy: 0.9998
2026-04-07 21:26:04,082 - Epoch: 26, 31/274: VFL loss: 0.0007, total loss: 0.0521, anchor loss: 0.0514, VFL train accuracy: 0.9999
2026-04-07 21:26:04,381 - Epoch: 26, 41/274: VFL loss: 0.0006, total loss: 0.0520, anchor loss: 0.0513, VFL train accuracy: 0.9999
2026-04-07 21:26:04,636 - Epoch: 26, 51/274: VFL loss: 0.0006, total loss: 0.0518, anchor loss: 0.0512, VFL train accuracy: 0.9999
2026-04-07 21:26:04,913 - Epoch: 26, 61/274: VFL loss: 0.0006, total loss: 0.0520, anchor loss: 0.0514, VFL train accuracy: 0.9999
2026-04-07 21:26:05,191 - Epoch: 26, 71/274: VFL loss: 0.0006, total loss: 0.0519, anchor loss: 0.0513, VFL train accuracy: 0.9999
2026-04-07 21:26:05,441 - Epoch: 26, 81/274: VFL loss: 0.0006, total loss: 0.0519, anchor loss: 0.0513, VFL train accuracy: 1.0000
2026-04-07 21:26:05,710 - Epoch: 26, 91/274: VFL loss: 0.0005, total loss: 0.0517, anchor loss: 0.0511, VFL train accuracy: 1.0000
2026-04-07 21:26:05,990 - Epoch: 26, 101/274: VFL loss: 0.0005, total loss: 0.0516, anchor loss: 0.0510, VFL train accuracy: 1.0000
2026-04-07 21:26:06,251 - Epoch: 26, 111/274: VFL loss: 0.0005, total loss: 0.0516, anchor loss: 0.0511, VFL train accuracy: 1.0000
2026-04-07 21:26:06,511 - Epoch: 26, 121/274: VFL loss: 0.0005, total loss: 0.0516, anchor loss: 0.0510, VFL train accuracy: 1.0000
2026-04-07 21:26:06,774 - Epoch: 26, 131/274: VFL loss: 0.0005, total loss: 0.0515, anchor loss: 0.0510, VFL train accuracy: 1.0000
2026-04-07 21:26:07,045 - Epoch: 26, 141/274: VFL loss: 0.0005, total loss: 0.0514, anchor loss: 0.0509, VFL train accuracy: 1.0000
2026-04-07 21:26:07,298 - Epoch: 26, 151/274: VFL loss: 0.0005, total loss: 0.0514, anchor loss: 0.0509, VFL train accuracy: 1.0000
2026-04-07 21:26:07,585 - Epoch: 26, 161/274: VFL loss: 0.0005, total loss: 0.0514, anchor loss: 0.0509, VFL train accuracy: 1.0000
2026-04-07 21:26:07,853 - Epoch: 26, 171/274: VFL loss: 0.0005, total loss: 0.0514, anchor loss: 0.0509, VFL train accuracy: 1.0000
2026-04-07 21:26:08,105 - Epoch: 26, 181/274: VFL loss: 0.0005, total loss: 0.0513, anchor loss: 0.0508, VFL train accuracy: 1.0000
2026-04-07 21:26:08,355 - Epoch: 26, 191/274: VFL loss: 0.0005, total loss: 0.0514, anchor loss: 0.0509, VFL train accuracy: 1.0000
2026-04-07 21:26:08,619 - Epoch: 26, 201/274: VFL loss: 0.0005, total loss: 0.0513, anchor loss: 0.0508, VFL train accuracy: 1.0000
2026-04-07 21:26:08,867 - Epoch: 26, 211/274: VFL loss: 0.0005, total loss: 0.0513, anchor loss: 0.0508, VFL train accuracy: 1.0000
2026-04-07 21:26:09,130 - Epoch: 26, 221/274: VFL loss: 0.0005, total loss: 0.0513, anchor loss: 0.0508, VFL train accuracy: 1.0000
2026-04-07 21:26:09,396 - Epoch: 26, 231/274: VFL loss: 0.0005, total loss: 0.0513, anchor loss: 0.0508, VFL train accuracy: 1.0000
2026-04-07 21:26:09,666 - Epoch: 26, 241/274: VFL loss: 0.0005, total loss: 0.0513, anchor loss: 0.0508, VFL train accuracy: 1.0000
2026-04-07 21:26:09,946 - Epoch: 26, 251/274: VFL loss: 0.0005, total loss: 0.0513, anchor loss: 0.0508, VFL train accuracy: 1.0000
2026-04-07 21:26:10,198 - Epoch: 26, 261/274: VFL loss: 0.0005, total loss: 0.0512, anchor loss: 0.0507, VFL train accuracy: 1.0000
2026-04-07 21:26:10,460 - Epoch: 26, 271/274: VFL loss: 0.0005, total loss: 0.0512, anchor loss: 0.0507, VFL train accuracy: 1.0000
2026-04-07 21:26:10,542 - => Recorded Stage 2 client anchor losses for epoch 26 to './results/AVGuard/NUSWIDE/oracle_attack/NUSWIDE_anchor_stage2_3clients_oracle_label\stage2_final_epoch_client_anchor_losses.json': {0: 0.022356, 1: 0.059792, 2: 0.069945}
2026-04-07 21:26:10,548 - => Stage 2 EMA anchor update applied at epoch 26 with momentum 1.0000: updated classes per client {0: 5, 1: 5, 2: 5}
2026-04-07 21:26:10,549 - => Stage 2 Epoch 26 Training Summary: VFL loss: 0.0005, total loss: 0.0512, anchor loss: 0.0507, VFL train accuracy: 1.0000
2026-04-07 21:26:10,549 - => Test ASR...
2026-04-07 21:26:10,656 - =>Add Trigger to Test Data
2026-04-07 21:26:13,526 - Add Trigger to 37064 Bad Samples, 9629 Clean Samples (1.00)
2026-04-07 21:26:21,659 - => Test Epoch: 26, main task samples: 46693, attack samples: 46693, test loss: 0.9846, clean acc: 0.7785, Top-4: 0.9951, ASR: 0.1877, RAC: 0.7204, test target accuracy: 0.8884, stage3 final accuracy: 0.7785, stage3 final target accuracy: 0.7418, stage3 final asr: 0.1877, anchor loss: 0.0817
2026-04-07 21:26:21,659 - => Stage 3 Detection Summary: recall: 0.8286, precision: 0.5744, f1: 0.6785, false positive rate: 0.2035, correction rate: 0.6905
2026-04-07 21:26:21,660 - => Stage 3 Debug (clean): suspicious=9502/46693, correction_applied=9491, prediction_changed=9491, skipped_tied_vote=0, skipped_low_margin=0, skipped_other=11
2026-04-07 21:26:21,660 - => Stage 3 Debug (poison-valid): suspicious=21706/37064, correction_applied=21706, prediction_changed=21706, skipped_tied_vote=0, skipped_low_margin=0, skipped_other=0
2026-04-07 21:26:21,660 - => Stage 3 Debug (attack-success): suspicious=17927/21636, correction_applied=17927, prediction_changed=17927, corrected_to_true=14939
2026-04-07 21:26:21,706 - => End Epoch: 26, early stop epochs: 24, best epoch: 2, best clean acc: 0.8068, best Top-4: 0.9970, best ASR: 0.1207, best RAC: 0.7810, anchor loss: 0.0849
2026-04-07 21:26:21,707 - => Stage 3 Detection Summary: recall: 0.8625, precision: 0.6901, f1: 0.7667, false positive rate: 0.2015, correction rate: 0.7463
2026-04-07 21:26:21,709 - => Oracle-label LFBA skips gradient hard-sample ranking and samples replace targets directly from the known same-label poison set
2026-04-07 21:26:21,727 - => LFBA current anchor-derived target label: 3
2026-04-07 21:26:21,817 - =>Add Trigger to Train Data
2026-04-07 21:26:21,956 - Add Trigger to 1438 Bad Samples, 68528 Clean Samples (0.50)
2026-04-07 21:26:21,959 - => Start Training for Injecting Backdoor...
2026-04-07 21:26:22,005 - Epoch: 27, 1/274: VFL loss: 0.0003, total loss: 0.0536, anchor loss: 0.0533, VFL train accuracy: 1.0000
2026-04-07 21:26:22,461 - Epoch: 27, 11/274: VFL loss: 0.0005, total loss: 0.0499, anchor loss: 0.0494, VFL train accuracy: 1.0000
2026-04-07 21:26:22,734 - Epoch: 27, 21/274: VFL loss: 0.0004, total loss: 0.0503, anchor loss: 0.0498, VFL train accuracy: 1.0000
2026-04-07 21:26:23,034 - Epoch: 27, 31/274: VFL loss: 0.0004, total loss: 0.0502, anchor loss: 0.0498, VFL train accuracy: 1.0000
2026-04-07 21:26:23,298 - Epoch: 27, 41/274: VFL loss: 0.0004, total loss: 0.0499, anchor loss: 0.0495, VFL train accuracy: 1.0000
2026-04-07 21:26:23,557 - Epoch: 27, 51/274: VFL loss: 0.0004, total loss: 0.0504, anchor loss: 0.0500, VFL train accuracy: 1.0000
2026-04-07 21:26:23,815 - Epoch: 27, 61/274: VFL loss: 0.0004, total loss: 0.0504, anchor loss: 0.0500, VFL train accuracy: 1.0000
2026-04-07 21:26:24,073 - Epoch: 27, 71/274: VFL loss: 0.0004, total loss: 0.0502, anchor loss: 0.0498, VFL train accuracy: 1.0000
2026-04-07 21:26:24,338 - Epoch: 27, 81/274: VFL loss: 0.0004, total loss: 0.0505, anchor loss: 0.0501, VFL train accuracy: 1.0000
2026-04-07 21:26:24,593 - Epoch: 27, 91/274: VFL loss: 0.0004, total loss: 0.0507, anchor loss: 0.0503, VFL train accuracy: 1.0000
2026-04-07 21:26:24,888 - Epoch: 27, 101/274: VFL loss: 0.0004, total loss: 0.0508, anchor loss: 0.0504, VFL train accuracy: 1.0000
2026-04-07 21:26:25,142 - Epoch: 27, 111/274: VFL loss: 0.0004, total loss: 0.0509, anchor loss: 0.0504, VFL train accuracy: 1.0000
2026-04-07 21:26:25,415 - Epoch: 27, 121/274: VFL loss: 0.0004, total loss: 0.0509, anchor loss: 0.0505, VFL train accuracy: 1.0000
2026-04-07 21:26:25,657 - Epoch: 27, 131/274: VFL loss: 0.0004, total loss: 0.0510, anchor loss: 0.0506, VFL train accuracy: 1.0000
2026-04-07 21:26:25,907 - Epoch: 27, 141/274: VFL loss: 0.0004, total loss: 0.0509, anchor loss: 0.0505, VFL train accuracy: 1.0000
2026-04-07 21:26:26,159 - Epoch: 27, 151/274: VFL loss: 0.0004, total loss: 0.0509, anchor loss: 0.0504, VFL train accuracy: 1.0000
2026-04-07 21:26:26,419 - Epoch: 27, 161/274: VFL loss: 0.0004, total loss: 0.0508, anchor loss: 0.0504, VFL train accuracy: 1.0000
2026-04-07 21:26:26,667 - Epoch: 27, 171/274: VFL loss: 0.0004, total loss: 0.0508, anchor loss: 0.0504, VFL train accuracy: 1.0000
2026-04-07 21:26:26,937 - Epoch: 27, 181/274: VFL loss: 0.0004, total loss: 0.0509, anchor loss: 0.0505, VFL train accuracy: 1.0000
2026-04-07 21:26:27,207 - Epoch: 27, 191/274: VFL loss: 0.0004, total loss: 0.0509, anchor loss: 0.0504, VFL train accuracy: 1.0000
2026-04-07 21:26:27,476 - Epoch: 27, 201/274: VFL loss: 0.0004, total loss: 0.0509, anchor loss: 0.0505, VFL train accuracy: 1.0000
2026-04-07 21:26:27,753 - Epoch: 27, 211/274: VFL loss: 0.0004, total loss: 0.0509, anchor loss: 0.0504, VFL train accuracy: 1.0000
2026-04-07 21:26:28,025 - Epoch: 27, 221/274: VFL loss: 0.0004, total loss: 0.0508, anchor loss: 0.0504, VFL train accuracy: 1.0000
2026-04-07 21:26:28,290 - Epoch: 27, 231/274: VFL loss: 0.0004, total loss: 0.0508, anchor loss: 0.0504, VFL train accuracy: 1.0000
2026-04-07 21:26:28,552 - Epoch: 27, 241/274: VFL loss: 0.0004, total loss: 0.0507, anchor loss: 0.0503, VFL train accuracy: 1.0000
2026-04-07 21:26:28,802 - Epoch: 27, 251/274: VFL loss: 0.0004, total loss: 0.0507, anchor loss: 0.0503, VFL train accuracy: 1.0000
2026-04-07 21:26:29,076 - Epoch: 27, 261/274: VFL loss: 0.0004, total loss: 0.0506, anchor loss: 0.0502, VFL train accuracy: 1.0000
2026-04-07 21:26:29,355 - Epoch: 27, 271/274: VFL loss: 0.0004, total loss: 0.0506, anchor loss: 0.0501, VFL train accuracy: 1.0000
2026-04-07 21:26:29,463 - => Recorded Stage 2 client anchor losses for epoch 27 to './results/AVGuard/NUSWIDE/oracle_attack/NUSWIDE_anchor_stage2_3clients_oracle_label\stage2_final_epoch_client_anchor_losses.json': {0: 0.021902, 1: 0.059246, 2: 0.069372}
2026-04-07 21:26:29,471 - => Stage 2 EMA anchor update applied at epoch 27 with momentum 1.0000: updated classes per client {0: 5, 1: 5, 2: 5}
2026-04-07 21:26:29,472 - => Stage 2 Epoch 27 Training Summary: VFL loss: 0.0004, total loss: 0.0506, anchor loss: 0.0502, VFL train accuracy: 1.0000
2026-04-07 21:26:29,472 - => Test ASR...
2026-04-07 21:26:29,578 - =>Add Trigger to Test Data
2026-04-07 21:26:32,428 - Add Trigger to 37064 Bad Samples, 9629 Clean Samples (1.00)
2026-04-07 21:26:40,557 - => Test Epoch: 27, main task samples: 46693, attack samples: 46693, test loss: 1.0026, clean acc: 0.7789, Top-4: 0.9952, ASR: 0.1852, RAC: 0.7227, test target accuracy: 0.8889, stage3 final accuracy: 0.7789, stage3 final target accuracy: 0.7433, stage3 final asr: 0.1852, anchor loss: 0.0815
2026-04-07 21:26:40,558 - => Stage 3 Detection Summary: recall: 0.8303, precision: 0.5772, f1: 0.6810, false positive rate: 0.2025, correction rate: 0.6917
2026-04-07 21:26:40,558 - => Stage 3 Debug (clean): suspicious=9456/46693, correction_applied=9443, prediction_changed=9443, skipped_tied_vote=0, skipped_low_margin=0, skipped_other=13
2026-04-07 21:26:40,558 - => Stage 3 Debug (poison-valid): suspicious=21667/37064, correction_applied=21666, prediction_changed=21666, skipped_tied_vote=0, skipped_low_margin=0, skipped_other=1
2026-04-07 21:26:40,558 - => Stage 3 Debug (attack-success): suspicious=17965/21638, correction_applied=17964, prediction_changed=17964, corrected_to_true=14966
2026-04-07 21:26:40,609 - => End Epoch: 27, early stop epochs: 25, best epoch: 2, best clean acc: 0.8068, best Top-4: 0.9970, best ASR: 0.1207, best RAC: 0.7810, anchor loss: 0.0849
2026-04-07 21:26:40,610 - => Stage 3 Detection Summary: recall: 0.8625, precision: 0.6901, f1: 0.7667, false positive rate: 0.2015, correction rate: 0.7463
2026-04-07 21:26:40,613 - => Oracle-label LFBA skips gradient hard-sample ranking and samples replace targets directly from the known same-label poison set
2026-04-07 21:26:40,630 - => LFBA current anchor-derived target label: 3
2026-04-07 21:26:40,712 - =>Add Trigger to Train Data
2026-04-07 21:26:40,843 - Add Trigger to 1438 Bad Samples, 68528 Clean Samples (0.50)
2026-04-07 21:26:40,847 - => Start Training for Injecting Backdoor...
2026-04-07 21:26:40,893 - Epoch: 28, 1/274: VFL loss: 0.0003, total loss: 0.0512, anchor loss: 0.0509, VFL train accuracy: 1.0000
2026-04-07 21:26:41,362 - Epoch: 28, 11/274: VFL loss: 0.0003, total loss: 0.0513, anchor loss: 0.0510, VFL train accuracy: 1.0000
2026-04-07 21:26:41,672 - Epoch: 28, 21/274: VFL loss: 0.0003, total loss: 0.0508, anchor loss: 0.0505, VFL train accuracy: 1.0000
2026-04-07 21:26:41,970 - Epoch: 28, 31/274: VFL loss: 0.0003, total loss: 0.0514, anchor loss: 0.0510, VFL train accuracy: 1.0000
2026-04-07 21:26:42,234 - Epoch: 28, 41/274: VFL loss: 0.0003, total loss: 0.0506, anchor loss: 0.0502, VFL train accuracy: 1.0000
2026-04-07 21:26:42,498 - Epoch: 28, 51/274: VFL loss: 0.0003, total loss: 0.0506, anchor loss: 0.0502, VFL train accuracy: 1.0000
2026-04-07 21:26:42,764 - Epoch: 28, 61/274: VFL loss: 0.0003, total loss: 0.0506, anchor loss: 0.0502, VFL train accuracy: 1.0000
2026-04-07 21:26:43,011 - Epoch: 28, 71/274: VFL loss: 0.0003, total loss: 0.0502, anchor loss: 0.0499, VFL train accuracy: 1.0000
2026-04-07 21:26:43,261 - Epoch: 28, 81/274: VFL loss: 0.0003, total loss: 0.0503, anchor loss: 0.0499, VFL train accuracy: 1.0000
2026-04-07 21:26:43,534 - Epoch: 28, 91/274: VFL loss: 0.0003, total loss: 0.0503, anchor loss: 0.0500, VFL train accuracy: 1.0000
2026-04-07 21:26:43,792 - Epoch: 28, 101/274: VFL loss: 0.0003, total loss: 0.0504, anchor loss: 0.0500, VFL train accuracy: 1.0000
2026-04-07 21:26:44,049 - Epoch: 28, 111/274: VFL loss: 0.0003, total loss: 0.0503, anchor loss: 0.0500, VFL train accuracy: 1.0000
2026-04-07 21:26:44,317 - Epoch: 28, 121/274: VFL loss: 0.0003, total loss: 0.0503, anchor loss: 0.0500, VFL train accuracy: 1.0000
2026-04-07 21:26:44,577 - Epoch: 28, 131/274: VFL loss: 0.0003, total loss: 0.0503, anchor loss: 0.0500, VFL train accuracy: 1.0000
2026-04-07 21:26:44,833 - Epoch: 28, 141/274: VFL loss: 0.0003, total loss: 0.0504, anchor loss: 0.0500, VFL train accuracy: 1.0000
2026-04-07 21:26:45,125 - Epoch: 28, 151/274: VFL loss: 0.0003, total loss: 0.0503, anchor loss: 0.0499, VFL train accuracy: 1.0000
2026-04-07 21:26:45,385 - Epoch: 28, 161/274: VFL loss: 0.0003, total loss: 0.0501, anchor loss: 0.0498, VFL train accuracy: 1.0000
2026-04-07 21:26:45,647 - Epoch: 28, 171/274: VFL loss: 0.0003, total loss: 0.0502, anchor loss: 0.0499, VFL train accuracy: 1.0000
2026-04-07 21:26:45,911 - Epoch: 28, 181/274: VFL loss: 0.0003, total loss: 0.0502, anchor loss: 0.0498, VFL train accuracy: 1.0000
2026-04-07 21:26:46,173 - Epoch: 28, 191/274: VFL loss: 0.0003, total loss: 0.0502, anchor loss: 0.0498, VFL train accuracy: 1.0000
2026-04-07 21:26:46,430 - Epoch: 28, 201/274: VFL loss: 0.0003, total loss: 0.0501, anchor loss: 0.0498, VFL train accuracy: 1.0000
2026-04-07 21:26:46,672 - Epoch: 28, 211/274: VFL loss: 0.0003, total loss: 0.0501, anchor loss: 0.0498, VFL train accuracy: 1.0000
2026-04-07 21:26:46,949 - Epoch: 28, 221/274: VFL loss: 0.0003, total loss: 0.0501, anchor loss: 0.0498, VFL train accuracy: 1.0000
2026-04-07 21:26:47,199 - Epoch: 28, 231/274: VFL loss: 0.0003, total loss: 0.0500, anchor loss: 0.0497, VFL train accuracy: 1.0000
2026-04-07 21:26:47,452 - Epoch: 28, 241/274: VFL loss: 0.0003, total loss: 0.0500, anchor loss: 0.0497, VFL train accuracy: 1.0000
2026-04-07 21:26:47,725 - Epoch: 28, 251/274: VFL loss: 0.0003, total loss: 0.0500, anchor loss: 0.0497, VFL train accuracy: 1.0000
2026-04-07 21:26:47,980 - Epoch: 28, 261/274: VFL loss: 0.0003, total loss: 0.0500, anchor loss: 0.0496, VFL train accuracy: 1.0000
2026-04-07 21:26:48,380 - Epoch: 28, 271/274: VFL loss: 0.0004, total loss: 0.0500, anchor loss: 0.0497, VFL train accuracy: 1.0000
2026-04-07 21:26:48,470 - => Recorded Stage 2 client anchor losses for epoch 28 to './results/AVGuard/NUSWIDE/oracle_attack/NUSWIDE_anchor_stage2_3clients_oracle_label\stage2_final_epoch_client_anchor_losses.json': {0: 0.021473, 1: 0.058702, 2: 0.068951}
2026-04-07 21:26:48,475 - => Stage 2 EMA anchor update applied at epoch 28 with momentum 1.0000: updated classes per client {0: 5, 1: 5, 2: 5}
2026-04-07 21:26:48,476 - => Stage 2 Epoch 28 Training Summary: VFL loss: 0.0004, total loss: 0.0501, anchor loss: 0.0498, VFL train accuracy: 1.0000
2026-04-07 21:26:48,476 - => Test ASR...
2026-04-07 21:26:48,585 - =>Add Trigger to Test Data
2026-04-07 21:26:51,482 - Add Trigger to 37064 Bad Samples, 9629 Clean Samples (1.00)
2026-04-07 21:26:59,609 - => Test Epoch: 28, main task samples: 46693, attack samples: 46693, test loss: 1.0231, clean acc: 0.7802, Top-4: 0.9950, ASR: 0.1842, RAC: 0.7239, test target accuracy: 0.8885, stage3 final accuracy: 0.7802, stage3 final target accuracy: 0.7439, stage3 final asr: 0.1842, anchor loss: 0.0814
2026-04-07 21:26:59,610 - => Stage 3 Detection Summary: recall: 0.8308, precision: 0.5780, f1: 0.6817, false positive rate: 0.2015, correction rate: 0.6921
2026-04-07 21:26:59,610 - => Stage 3 Debug (clean): suspicious=9410/46693, correction_applied=9397, prediction_changed=9397, skipped_tied_vote=0, skipped_low_margin=0, skipped_other=13
2026-04-07 21:26:59,610 - => Stage 3 Debug (poison-valid): suspicious=21608/37064, correction_applied=21608, prediction_changed=21608, skipped_tied_vote=0, skipped_low_margin=0, skipped_other=0
2026-04-07 21:26:59,610 - => Stage 3 Debug (attack-success): suspicious=17929/21580, correction_applied=17929, prediction_changed=17929, corrected_to_true=14936
2026-04-07 21:26:59,658 - => End Epoch: 28, early stop epochs: 26, best epoch: 2, best clean acc: 0.8068, best Top-4: 0.9970, best ASR: 0.1207, best RAC: 0.7810, anchor loss: 0.0849
2026-04-07 21:26:59,658 - => Stage 3 Detection Summary: recall: 0.8625, precision: 0.6901, f1: 0.7667, false positive rate: 0.2015, correction rate: 0.7463
2026-04-07 21:26:59,661 - => Oracle-label LFBA skips gradient hard-sample ranking and samples replace targets directly from the known same-label poison set
2026-04-07 21:26:59,680 - => LFBA current anchor-derived target label: 3
2026-04-07 21:26:59,761 - =>Add Trigger to Train Data
2026-04-07 21:26:59,874 - Add Trigger to 1438 Bad Samples, 68528 Clean Samples (0.50)
2026-04-07 21:26:59,877 - => Start Training for Injecting Backdoor...
2026-04-07 21:26:59,915 - Epoch: 29, 1/274: VFL loss: 0.0001, total loss: 0.0383, anchor loss: 0.0382, VFL train accuracy: 1.0000
2026-04-07 21:27:00,368 - Epoch: 29, 11/274: VFL loss: 0.0002, total loss: 0.0459, anchor loss: 0.0457, VFL train accuracy: 1.0000
2026-04-07 21:27:00,635 - Epoch: 29, 21/274: VFL loss: 0.0003, total loss: 0.0479, anchor loss: 0.0476, VFL train accuracy: 1.0000
2026-04-07 21:27:00,910 - Epoch: 29, 31/274: VFL loss: 0.0003, total loss: 0.0485, anchor loss: 0.0482, VFL train accuracy: 1.0000
2026-04-07 21:27:01,199 - Epoch: 29, 41/274: VFL loss: 0.0003, total loss: 0.0485, anchor loss: 0.0482, VFL train accuracy: 1.0000
2026-04-07 21:27:01,448 - Epoch: 29, 51/274: VFL loss: 0.0003, total loss: 0.0482, anchor loss: 0.0478, VFL train accuracy: 1.0000
2026-04-07 21:27:01,711 - Epoch: 29, 61/274: VFL loss: 0.0003, total loss: 0.0484, anchor loss: 0.0481, VFL train accuracy: 1.0000
2026-04-07 21:27:01,976 - Epoch: 29, 71/274: VFL loss: 0.0003, total loss: 0.0488, anchor loss: 0.0485, VFL train accuracy: 1.0000
2026-04-07 21:27:02,238 - Epoch: 29, 81/274: VFL loss: 0.0003, total loss: 0.0488, anchor loss: 0.0485, VFL train accuracy: 1.0000
2026-04-07 21:27:02,507 - Epoch: 29, 91/274: VFL loss: 0.0003, total loss: 0.0488, anchor loss: 0.0485, VFL train accuracy: 1.0000
2026-04-07 21:27:02,777 - Epoch: 29, 101/274: VFL loss: 0.0003, total loss: 0.0490, anchor loss: 0.0487, VFL train accuracy: 1.0000
2026-04-07 21:27:03,058 - Epoch: 29, 111/274: VFL loss: 0.0003, total loss: 0.0490, anchor loss: 0.0487, VFL train accuracy: 1.0000
2026-04-07 21:27:03,316 - Epoch: 29, 121/274: VFL loss: 0.0003, total loss: 0.0490, anchor loss: 0.0487, VFL train accuracy: 1.0000
2026-04-07 21:27:03,577 - Epoch: 29, 131/274: VFL loss: 0.0003, total loss: 0.0491, anchor loss: 0.0487, VFL train accuracy: 1.0000
2026-04-07 21:27:03,860 - Epoch: 29, 141/274: VFL loss: 0.0003, total loss: 0.0491, anchor loss: 0.0488, VFL train accuracy: 1.0000
2026-04-07 21:27:04,115 - Epoch: 29, 151/274: VFL loss: 0.0003, total loss: 0.0492, anchor loss: 0.0489, VFL train accuracy: 1.0000
2026-04-07 21:27:04,366 - Epoch: 29, 161/274: VFL loss: 0.0003, total loss: 0.0493, anchor loss: 0.0489, VFL train accuracy: 1.0000
2026-04-07 21:27:04,624 - Epoch: 29, 171/274: VFL loss: 0.0003, total loss: 0.0493, anchor loss: 0.0490, VFL train accuracy: 1.0000
2026-04-07 21:27:04,891 - Epoch: 29, 181/274: VFL loss: 0.0003, total loss: 0.0493, anchor loss: 0.0489, VFL train accuracy: 1.0000
2026-04-07 21:27:05,158 - Epoch: 29, 191/274: VFL loss: 0.0003, total loss: 0.0493, anchor loss: 0.0490, VFL train accuracy: 1.0000
2026-04-07 21:27:05,414 - Epoch: 29, 201/274: VFL loss: 0.0003, total loss: 0.0494, anchor loss: 0.0491, VFL train accuracy: 1.0000
2026-04-07 21:27:05,683 - Epoch: 29, 211/274: VFL loss: 0.0003, total loss: 0.0496, anchor loss: 0.0492, VFL train accuracy: 1.0000
2026-04-07 21:27:05,954 - Epoch: 29, 221/274: VFL loss: 0.0003, total loss: 0.0495, anchor loss: 0.0492, VFL train accuracy: 1.0000
2026-04-07 21:27:06,214 - Epoch: 29, 231/274: VFL loss: 0.0003, total loss: 0.0495, anchor loss: 0.0491, VFL train accuracy: 1.0000
2026-04-07 21:27:06,477 - Epoch: 29, 241/274: VFL loss: 0.0003, total loss: 0.0495, anchor loss: 0.0492, VFL train accuracy: 1.0000
2026-04-07 21:27:06,779 - Epoch: 29, 251/274: VFL loss: 0.0003, total loss: 0.0495, anchor loss: 0.0492, VFL train accuracy: 1.0000
2026-04-07 21:27:07,028 - Epoch: 29, 261/274: VFL loss: 0.0003, total loss: 0.0495, anchor loss: 0.0492, VFL train accuracy: 1.0000
2026-04-07 21:27:07,300 - Epoch: 29, 271/274: VFL loss: 0.0003, total loss: 0.0495, anchor loss: 0.0492, VFL train accuracy: 1.0000
2026-04-07 21:27:07,385 - => Recorded Stage 2 client anchor losses for epoch 29 to './results/AVGuard/NUSWIDE/oracle_attack/NUSWIDE_anchor_stage2_3clients_oracle_label\stage2_final_epoch_client_anchor_losses.json': {0: 0.021067, 1: 0.058156, 2: 0.068453}
2026-04-07 21:27:07,391 - => Stage 2 EMA anchor update applied at epoch 29 with momentum 1.0000: updated classes per client {0: 5, 1: 5, 2: 5}
2026-04-07 21:27:07,391 - => Stage 2 Epoch 29 Training Summary: VFL loss: 0.0003, total loss: 0.0496, anchor loss: 0.0493, VFL train accuracy: 1.0000
2026-04-07 21:27:07,392 - => Test ASR...
2026-04-07 21:27:07,501 - =>Add Trigger to Test Data
2026-04-07 21:27:10,318 - Add Trigger to 37064 Bad Samples, 9629 Clean Samples (1.00)
2026-04-07 21:27:18,529 - => Test Epoch: 29, main task samples: 46693, attack samples: 46693, test loss: 1.0388, clean acc: 0.7798, Top-4: 0.9952, ASR: 0.1825, RAC: 0.7245, test target accuracy: 0.8876, stage3 final accuracy: 0.7798, stage3 final target accuracy: 0.7411, stage3 final asr: 0.1825, anchor loss: 0.0813
2026-04-07 21:27:18,531 - => Stage 3 Detection Summary: recall: 0.8317, precision: 0.5793, f1: 0.6829, false positive rate: 0.2016, correction rate: 0.6926
2026-04-07 21:27:18,531 - => Stage 3 Debug (clean): suspicious=9411/46693, correction_applied=9403, prediction_changed=9403, skipped_tied_vote=0, skipped_low_margin=0, skipped_other=8
2026-04-07 21:27:18,532 - => Stage 3 Debug (poison-valid): suspicious=21578/37064, correction_applied=21577, prediction_changed=21577, skipped_tied_vote=0, skipped_low_margin=0, skipped_other=1
2026-04-07 21:27:18,532 - => Stage 3 Debug (attack-success): suspicious=17951/21584, correction_applied=17950, prediction_changed=17950, corrected_to_true=14948
2026-04-07 21:27:18,580 - => End Epoch: 29, early stop epochs: 27, best epoch: 2, best clean acc: 0.8068, best Top-4: 0.9970, best ASR: 0.1207, best RAC: 0.7810, anchor loss: 0.0849
2026-04-07 21:27:18,581 - => Stage 3 Detection Summary: recall: 0.8625, precision: 0.6901, f1: 0.7667, false positive rate: 0.2015, correction rate: 0.7463
2026-04-07 21:27:18,585 - => Oracle-label LFBA skips gradient hard-sample ranking and samples replace targets directly from the known same-label poison set
2026-04-07 21:27:18,605 - => LFBA current anchor-derived target label: 3
2026-04-07 21:27:18,685 - =>Add Trigger to Train Data
2026-04-07 21:27:18,805 - Add Trigger to 1438 Bad Samples, 68528 Clean Samples (0.50)
2026-04-07 21:27:18,808 - => Start Training for Injecting Backdoor...
2026-04-07 21:27:18,850 - Epoch: 30, 1/274: VFL loss: 0.0003, total loss: 0.0460, anchor loss: 0.0457, VFL train accuracy: 1.0000
2026-04-07 21:27:19,319 - Epoch: 30, 11/274: VFL loss: 0.0002, total loss: 0.0486, anchor loss: 0.0484, VFL train accuracy: 1.0000
2026-04-07 21:27:19,606 - Epoch: 30, 21/274: VFL loss: 0.0003, total loss: 0.0499, anchor loss: 0.0496, VFL train accuracy: 1.0000
2026-04-07 21:27:19,889 - Epoch: 30, 31/274: VFL loss: 0.0003, total loss: 0.0491, anchor loss: 0.0489, VFL train accuracy: 1.0000
2026-04-07 21:27:20,158 - Epoch: 30, 41/274: VFL loss: 0.0002, total loss: 0.0489, anchor loss: 0.0487, VFL train accuracy: 1.0000
2026-04-07 21:27:20,414 - Epoch: 30, 51/274: VFL loss: 0.0002, total loss: 0.0492, anchor loss: 0.0489, VFL train accuracy: 1.0000
2026-04-07 21:27:20,685 - Epoch: 30, 61/274: VFL loss: 0.0003, total loss: 0.0490, anchor loss: 0.0487, VFL train accuracy: 1.0000
2026-04-07 21:27:20,944 - Epoch: 30, 71/274: VFL loss: 0.0002, total loss: 0.0487, anchor loss: 0.0485, VFL train accuracy: 1.0000
2026-04-07 21:27:21,210 - Epoch: 30, 81/274: VFL loss: 0.0002, total loss: 0.0486, anchor loss: 0.0483, VFL train accuracy: 1.0000
2026-04-07 21:27:21,478 - Epoch: 30, 91/274: VFL loss: 0.0002, total loss: 0.0485, anchor loss: 0.0482, VFL train accuracy: 1.0000
2026-04-07 21:27:21,752 - Epoch: 30, 101/274: VFL loss: 0.0002, total loss: 0.0485, anchor loss: 0.0483, VFL train accuracy: 1.0000
2026-04-07 21:27:22,013 - Epoch: 30, 111/274: VFL loss: 0.0002, total loss: 0.0486, anchor loss: 0.0484, VFL train accuracy: 1.0000
2026-04-07 21:27:22,272 - Epoch: 30, 121/274: VFL loss: 0.0002, total loss: 0.0487, anchor loss: 0.0485, VFL train accuracy: 1.0000
2026-04-07 21:27:22,550 - Epoch: 30, 131/274: VFL loss: 0.0002, total loss: 0.0487, anchor loss: 0.0484, VFL train accuracy: 1.0000
2026-04-07 21:27:22,806 - Epoch: 30, 141/274: VFL loss: 0.0002, total loss: 0.0485, anchor loss: 0.0483, VFL train accuracy: 1.0000
2026-04-07 21:27:23,071 - Epoch: 30, 151/274: VFL loss: 0.0002, total loss: 0.0487, anchor loss: 0.0484, VFL train accuracy: 1.0000
2026-04-07 21:27:23,327 - Epoch: 30, 161/274: VFL loss: 0.0003, total loss: 0.0487, anchor loss: 0.0485, VFL train accuracy: 1.0000
2026-04-07 21:27:23,585 - Epoch: 30, 171/274: VFL loss: 0.0003, total loss: 0.0489, anchor loss: 0.0486, VFL train accuracy: 1.0000
2026-04-07 21:27:23,840 - Epoch: 30, 181/274: VFL loss: 0.0003, total loss: 0.0488, anchor loss: 0.0485, VFL train accuracy: 1.0000
2026-04-07 21:27:24,092 - Epoch: 30, 191/274: VFL loss: 0.0003, total loss: 0.0488, anchor loss: 0.0485, VFL train accuracy: 1.0000
2026-04-07 21:27:24,359 - Epoch: 30, 201/274: VFL loss: 0.0003, total loss: 0.0488, anchor loss: 0.0485, VFL train accuracy: 1.0000
2026-04-07 21:27:24,604 - Epoch: 30, 211/274: VFL loss: 0.0003, total loss: 0.0488, anchor loss: 0.0485, VFL train accuracy: 1.0000
2026-04-07 21:27:24,872 - Epoch: 30, 221/274: VFL loss: 0.0003, total loss: 0.0489, anchor loss: 0.0487, VFL train accuracy: 1.0000
2026-04-07 21:27:25,126 - Epoch: 30, 231/274: VFL loss: 0.0003, total loss: 0.0490, anchor loss: 0.0487, VFL train accuracy: 1.0000
2026-04-07 21:27:25,380 - Epoch: 30, 241/274: VFL loss: 0.0003, total loss: 0.0490, anchor loss: 0.0487, VFL train accuracy: 1.0000
2026-04-07 21:27:25,653 - Epoch: 30, 251/274: VFL loss: 0.0003, total loss: 0.0490, anchor loss: 0.0487, VFL train accuracy: 1.0000
2026-04-07 21:27:25,932 - Epoch: 30, 261/274: VFL loss: 0.0003, total loss: 0.0490, anchor loss: 0.0487, VFL train accuracy: 1.0000
2026-04-07 21:27:26,202 - Epoch: 30, 271/274: VFL loss: 0.0003, total loss: 0.0491, anchor loss: 0.0488, VFL train accuracy: 1.0000
2026-04-07 21:27:26,290 - => Recorded Stage 2 client anchor losses for epoch 30 to './results/AVGuard/NUSWIDE/oracle_attack/NUSWIDE_anchor_stage2_3clients_oracle_label\stage2_final_epoch_client_anchor_losses.json': {0: 0.020672, 1: 0.057621, 2: 0.068031}
2026-04-07 21:27:26,295 - => Stage 2 EMA anchor update applied at epoch 30 with momentum 1.0000: updated classes per client {0: 5, 1: 5, 2: 5}
2026-04-07 21:27:26,295 - => Stage 2 Epoch 30 Training Summary: VFL loss: 0.0003, total loss: 0.0491, anchor loss: 0.0488, VFL train accuracy: 1.0000
2026-04-07 21:27:26,297 - => Test ASR...
2026-04-07 21:27:26,402 - =>Add Trigger to Test Data
2026-04-07 21:27:29,203 - Add Trigger to 37064 Bad Samples, 9629 Clean Samples (1.00)
2026-04-07 21:27:37,244 - => Test Epoch: 30, main task samples: 46693, attack samples: 46693, test loss: 1.0557, clean acc: 0.7813, Top-4: 0.9949, ASR: 0.1833, RAC: 0.7247, test target accuracy: 0.8867, stage3 final accuracy: 0.7813, stage3 final target accuracy: 0.7432, stage3 final asr: 0.1833, anchor loss: 0.0811
2026-04-07 21:27:37,244 - => Stage 3 Detection Summary: recall: 0.8296, precision: 0.5797, f1: 0.6825, false positive rate: 0.2004, correction rate: 0.6904
2026-04-07 21:27:37,244 - => Stage 3 Debug (clean): suspicious=9356/46693, correction_applied=9341, prediction_changed=9341, skipped_tied_vote=0, skipped_low_margin=0, skipped_other=15
2026-04-07 21:27:37,245 - => Stage 3 Debug (poison-valid): suspicious=21479/37064, correction_applied=21477, prediction_changed=21477, skipped_tied_vote=0, skipped_low_margin=0, skipped_other=2
2026-04-07 21:27:37,245 - => Stage 3 Debug (attack-success): suspicious=17874/21546, correction_applied=17872, prediction_changed=17872, corrected_to_true=14875
2026-04-07 21:27:37,293 - => End Epoch: 30, early stop epochs: 28, best epoch: 2, best clean acc: 0.8068, best Top-4: 0.9970, best ASR: 0.1207, best RAC: 0.7810, anchor loss: 0.0849
2026-04-07 21:27:37,293 - => Stage 3 Detection Summary: recall: 0.8625, precision: 0.6901, f1: 0.7667, false positive rate: 0.2015, correction rate: 0.7463
2026-04-07 21:27:37,295 - => Oracle-label LFBA skips gradient hard-sample ranking and samples replace targets directly from the known same-label poison set
2026-04-07 21:27:37,313 - => LFBA current anchor-derived target label: 3
2026-04-07 21:27:37,393 - =>Add Trigger to Train Data
2026-04-07 21:27:37,510 - Add Trigger to 1438 Bad Samples, 68528 Clean Samples (0.50)
2026-04-07 21:27:37,514 - => Start Training for Injecting Backdoor...
2026-04-07 21:27:37,560 - Epoch: 31, 1/274: VFL loss: 0.0005, total loss: 0.0504, anchor loss: 0.0499, VFL train accuracy: 1.0000
2026-04-07 21:27:38,041 - Epoch: 31, 11/274: VFL loss: 0.0002, total loss: 0.0473, anchor loss: 0.0471, VFL train accuracy: 1.0000
2026-04-07 21:27:38,328 - Epoch: 31, 21/274: VFL loss: 0.0002, total loss: 0.0483, anchor loss: 0.0481, VFL train accuracy: 1.0000
2026-04-07 21:27:38,610 - Epoch: 31, 31/274: VFL loss: 0.0002, total loss: 0.0487, anchor loss: 0.0485, VFL train accuracy: 1.0000
2026-04-07 21:27:38,913 - Epoch: 31, 41/274: VFL loss: 0.0002, total loss: 0.0488, anchor loss: 0.0486, VFL train accuracy: 1.0000
2026-04-07 21:27:39,211 - Epoch: 31, 51/274: VFL loss: 0.0002, total loss: 0.0490, anchor loss: 0.0488, VFL train accuracy: 1.0000
2026-04-07 21:27:39,467 - Epoch: 31, 61/274: VFL loss: 0.0002, total loss: 0.0489, anchor loss: 0.0487, VFL train accuracy: 1.0000
2026-04-07 21:27:39,772 - Epoch: 31, 71/274: VFL loss: 0.0002, total loss: 0.0490, anchor loss: 0.0488, VFL train accuracy: 1.0000
2026-04-07 21:27:40,036 - Epoch: 31, 81/274: VFL loss: 0.0002, total loss: 0.0489, anchor loss: 0.0487, VFL train accuracy: 1.0000
2026-04-07 21:27:40,290 - Epoch: 31, 91/274: VFL loss: 0.0002, total loss: 0.0488, anchor loss: 0.0486, VFL train accuracy: 1.0000
2026-04-07 21:27:40,549 - Epoch: 31, 101/274: VFL loss: 0.0002, total loss: 0.0492, anchor loss: 0.0489, VFL train accuracy: 1.0000
2026-04-07 21:27:40,800 - Epoch: 31, 111/274: VFL loss: 0.0003, total loss: 0.0490, anchor loss: 0.0488, VFL train accuracy: 1.0000
2026-04-07 21:27:41,078 - Epoch: 31, 121/274: VFL loss: 0.0003, total loss: 0.0488, anchor loss: 0.0485, VFL train accuracy: 1.0000
2026-04-07 21:27:41,337 - Epoch: 31, 131/274: VFL loss: 0.0003, total loss: 0.0488, anchor loss: 0.0485, VFL train accuracy: 1.0000
2026-04-07 21:27:41,612 - Epoch: 31, 141/274: VFL loss: 0.0003, total loss: 0.0488, anchor loss: 0.0486, VFL train accuracy: 1.0000
2026-04-07 21:27:41,881 - Epoch: 31, 151/274: VFL loss: 0.0003, total loss: 0.0488, anchor loss: 0.0485, VFL train accuracy: 1.0000
2026-04-07 21:27:42,163 - Epoch: 31, 161/274: VFL loss: 0.0003, total loss: 0.0487, anchor loss: 0.0485, VFL train accuracy: 1.0000
2026-04-07 21:27:42,427 - Epoch: 31, 171/274: VFL loss: 0.0003, total loss: 0.0486, anchor loss: 0.0484, VFL train accuracy: 1.0000
2026-04-07 21:27:42,699 - Epoch: 31, 181/274: VFL loss: 0.0003, total loss: 0.0487, anchor loss: 0.0484, VFL train accuracy: 1.0000
2026-04-07 21:27:42,965 - Epoch: 31, 191/274: VFL loss: 0.0003, total loss: 0.0487, anchor loss: 0.0484, VFL train accuracy: 1.0000
2026-04-07 21:27:43,222 - Epoch: 31, 201/274: VFL loss: 0.0003, total loss: 0.0487, anchor loss: 0.0484, VFL train accuracy: 1.0000
2026-04-07 21:27:43,488 - Epoch: 31, 211/274: VFL loss: 0.0003, total loss: 0.0487, anchor loss: 0.0484, VFL train accuracy: 1.0000
2026-04-07 21:27:43,763 - Epoch: 31, 221/274: VFL loss: 0.0003, total loss: 0.0486, anchor loss: 0.0484, VFL train accuracy: 1.0000
2026-04-07 21:27:44,029 - Epoch: 31, 231/274: VFL loss: 0.0003, total loss: 0.0486, anchor loss: 0.0483, VFL train accuracy: 1.0000
2026-04-07 21:27:44,281 - Epoch: 31, 241/274: VFL loss: 0.0003, total loss: 0.0485, anchor loss: 0.0483, VFL train accuracy: 1.0000
2026-04-07 21:27:44,539 - Epoch: 31, 251/274: VFL loss: 0.0003, total loss: 0.0485, anchor loss: 0.0483, VFL train accuracy: 1.0000
2026-04-07 21:27:44,795 - Epoch: 31, 261/274: VFL loss: 0.0003, total loss: 0.0485, anchor loss: 0.0483, VFL train accuracy: 1.0000
2026-04-07 21:27:45,200 - Epoch: 31, 271/274: VFL loss: 0.0003, total loss: 0.0486, anchor loss: 0.0483, VFL train accuracy: 1.0000
2026-04-07 21:27:45,287 - => Recorded Stage 2 client anchor losses for epoch 31 to './results/AVGuard/NUSWIDE/oracle_attack/NUSWIDE_anchor_stage2_3clients_oracle_label\stage2_final_epoch_client_anchor_losses.json': {0: 0.020282, 1: 0.057059, 2: 0.067549}
2026-04-07 21:27:45,292 - => Stage 2 EMA anchor update applied at epoch 31 with momentum 1.0000: updated classes per client {0: 5, 1: 5, 2: 5}
2026-04-07 21:27:45,293 - => Stage 2 Epoch 31 Training Summary: VFL loss: 0.0003, total loss: 0.0486, anchor loss: 0.0483, VFL train accuracy: 1.0000
2026-04-07 21:27:45,293 - => Test ASR...
2026-04-07 21:27:45,398 - =>Add Trigger to Test Data
2026-04-07 21:27:48,216 - Add Trigger to 37064 Bad Samples, 9629 Clean Samples (1.00)
2026-04-07 21:27:56,338 - => Test Epoch: 31, main task samples: 46693, attack samples: 46693, test loss: 1.0749, clean acc: 0.7812, Top-4: 0.9949, ASR: 0.1801, RAC: 0.7260, test target accuracy: 0.8868, stage3 final accuracy: 0.7812, stage3 final target accuracy: 0.7410, stage3 final asr: 0.1801, anchor loss: 0.0812
2026-04-07 21:27:56,338 - => Stage 3 Detection Summary: recall: 0.8324, precision: 0.5811, f1: 0.6844, false positive rate: 0.1999, correction rate: 0.6923
2026-04-07 21:27:56,340 - => Stage 3 Debug (clean): suspicious=9333/46693, correction_applied=9329, prediction_changed=9329, skipped_tied_vote=0, skipped_low_margin=0, skipped_other=4
2026-04-07 21:27:56,341 - => Stage 3 Debug (poison-valid): suspicious=21483/37064, correction_applied=21483, prediction_changed=21483, skipped_tied_vote=0, skipped_low_margin=0, skipped_other=0
2026-04-07 21:27:56,341 - => Stage 3 Debug (attack-success): suspicious=17906/21511, correction_applied=17906, prediction_changed=17906, corrected_to_true=14893
2026-04-07 21:27:56,395 - => End Epoch: 31, early stop epochs: 29, best epoch: 2, best clean acc: 0.8068, best Top-4: 0.9970, best ASR: 0.1207, best RAC: 0.7810, anchor loss: 0.0849
2026-04-07 21:27:56,396 - => Stage 3 Detection Summary: recall: 0.8625, precision: 0.6901, f1: 0.7667, false positive rate: 0.2015, correction rate: 0.7463
2026-04-07 21:27:56,399 - => Oracle-label LFBA skips gradient hard-sample ranking and samples replace targets directly from the known same-label poison set
2026-04-07 21:27:56,415 - => LFBA current anchor-derived target label: 3
2026-04-07 21:27:56,495 - =>Add Trigger to Train Data
2026-04-07 21:27:56,605 - Add Trigger to 1438 Bad Samples, 68528 Clean Samples (0.50)
2026-04-07 21:27:56,608 - => Start Training for Injecting Backdoor...
2026-04-07 21:27:56,644 - Epoch: 32, 1/274: VFL loss: 0.0002, total loss: 0.0487, anchor loss: 0.0485, VFL train accuracy: 1.0000
2026-04-07 21:27:57,060 - Epoch: 32, 11/274: VFL loss: 0.0002, total loss: 0.0485, anchor loss: 0.0483, VFL train accuracy: 1.0000
2026-04-07 21:27:57,317 - Epoch: 32, 21/274: VFL loss: 0.0002, total loss: 0.0487, anchor loss: 0.0485, VFL train accuracy: 1.0000
2026-04-07 21:27:57,569 - Epoch: 32, 31/274: VFL loss: 0.0002, total loss: 0.0488, anchor loss: 0.0486, VFL train accuracy: 1.0000
2026-04-07 21:27:57,895 - Epoch: 32, 41/274: VFL loss: 0.0002, total loss: 0.0485, anchor loss: 0.0483, VFL train accuracy: 1.0000
2026-04-07 21:27:58,156 - Epoch: 32, 51/274: VFL loss: 0.0002, total loss: 0.0488, anchor loss: 0.0485, VFL train accuracy: 1.0000
2026-04-07 21:27:58,419 - Epoch: 32, 61/274: VFL loss: 0.0002, total loss: 0.0487, anchor loss: 0.0485, VFL train accuracy: 1.0000
2026-04-07 21:27:58,673 - Epoch: 32, 71/274: VFL loss: 0.0002, total loss: 0.0487, anchor loss: 0.0485, VFL train accuracy: 1.0000
2026-04-07 21:27:58,931 - Epoch: 32, 81/274: VFL loss: 0.0002, total loss: 0.0487, anchor loss: 0.0485, VFL train accuracy: 1.0000
2026-04-07 21:27:59,197 - Epoch: 32, 91/274: VFL loss: 0.0002, total loss: 0.0487, anchor loss: 0.0485, VFL train accuracy: 1.0000
2026-04-07 21:27:59,452 - Epoch: 32, 101/274: VFL loss: 0.0002, total loss: 0.0485, anchor loss: 0.0483, VFL train accuracy: 1.0000
2026-04-07 21:27:59,697 - Epoch: 32, 111/274: VFL loss: 0.0002, total loss: 0.0484, anchor loss: 0.0482, VFL train accuracy: 1.0000
2026-04-07 21:27:59,965 - Epoch: 32, 121/274: VFL loss: 0.0002, total loss: 0.0483, anchor loss: 0.0481, VFL train accuracy: 1.0000
2026-04-07 21:28:00,226 - Epoch: 32, 131/274: VFL loss: 0.0002, total loss: 0.0482, anchor loss: 0.0480, VFL train accuracy: 1.0000
2026-04-07 21:28:00,503 - Epoch: 32, 141/274: VFL loss: 0.0002, total loss: 0.0483, anchor loss: 0.0481, VFL train accuracy: 1.0000
2026-04-07 21:28:00,762 - Epoch: 32, 151/274: VFL loss: 0.0002, total loss: 0.0483, anchor loss: 0.0481, VFL train accuracy: 1.0000
2026-04-07 21:28:01,047 - Epoch: 32, 161/274: VFL loss: 0.0002, total loss: 0.0481, anchor loss: 0.0479, VFL train accuracy: 1.0000
2026-04-07 21:28:01,285 - Epoch: 32, 171/274: VFL loss: 0.0002, total loss: 0.0481, anchor loss: 0.0479, VFL train accuracy: 1.0000
2026-04-07 21:28:01,556 - Epoch: 32, 181/274: VFL loss: 0.0002, total loss: 0.0481, anchor loss: 0.0479, VFL train accuracy: 1.0000
2026-04-07 21:28:01,839 - Epoch: 32, 191/274: VFL loss: 0.0002, total loss: 0.0482, anchor loss: 0.0480, VFL train accuracy: 1.0000
2026-04-07 21:28:02,100 - Epoch: 32, 201/274: VFL loss: 0.0002, total loss: 0.0481, anchor loss: 0.0479, VFL train accuracy: 1.0000
2026-04-07 21:28:02,365 - Epoch: 32, 211/274: VFL loss: 0.0002, total loss: 0.0481, anchor loss: 0.0478, VFL train accuracy: 1.0000
2026-04-07 21:28:02,617 - Epoch: 32, 221/274: VFL loss: 0.0002, total loss: 0.0482, anchor loss: 0.0479, VFL train accuracy: 1.0000
2026-04-07 21:28:02,872 - Epoch: 32, 231/274: VFL loss: 0.0002, total loss: 0.0481, anchor loss: 0.0478, VFL train accuracy: 1.0000
2026-04-07 21:28:03,129 - Epoch: 32, 241/274: VFL loss: 0.0002, total loss: 0.0481, anchor loss: 0.0479, VFL train accuracy: 1.0000
2026-04-07 21:28:03,397 - Epoch: 32, 251/274: VFL loss: 0.0002, total loss: 0.0480, anchor loss: 0.0478, VFL train accuracy: 1.0000
2026-04-07 21:28:03,674 - Epoch: 32, 261/274: VFL loss: 0.0002, total loss: 0.0481, anchor loss: 0.0478, VFL train accuracy: 1.0000
2026-04-07 21:28:03,938 - Epoch: 32, 271/274: VFL loss: 0.0002, total loss: 0.0481, anchor loss: 0.0478, VFL train accuracy: 1.0000
2026-04-07 21:28:04,030 - => Recorded Stage 2 client anchor losses for epoch 32 to './results/AVGuard/NUSWIDE/oracle_attack/NUSWIDE_anchor_stage2_3clients_oracle_label\stage2_final_epoch_client_anchor_losses.json': {0: 0.019911, 1: 0.056495, 2: 0.067123}
2026-04-07 21:28:04,036 - => Stage 2 EMA anchor update applied at epoch 32 with momentum 1.0000: updated classes per client {0: 5, 1: 5, 2: 5}
2026-04-07 21:28:04,036 - => Stage 2 Epoch 32 Training Summary: VFL loss: 0.0002, total loss: 0.0481, anchor loss: 0.0478, VFL train accuracy: 1.0000
2026-04-07 21:28:04,036 - => Test ASR...
2026-04-07 21:28:04,144 - =>Add Trigger to Test Data
2026-04-07 21:28:06,966 - Add Trigger to 37064 Bad Samples, 9629 Clean Samples (1.00)
2026-04-07 21:28:15,153 - => Test Epoch: 32, main task samples: 46693, attack samples: 46693, test loss: 1.0909, clean acc: 0.7815, Top-4: 0.9949, ASR: 0.1790, RAC: 0.7260, test target accuracy: 0.8846, stage3 final accuracy: 0.7815, stage3 final target accuracy: 0.7382, stage3 final asr: 0.1790, anchor loss: 0.0810
2026-04-07 21:28:15,154 - => Stage 3 Detection Summary: recall: 0.8333, precision: 0.5828, f1: 0.6859, false positive rate: 0.1990, correction rate: 0.6922
2026-04-07 21:28:15,154 - => Stage 3 Debug (clean): suspicious=9293/46693, correction_applied=9278, prediction_changed=9278, skipped_tied_vote=0, skipped_low_margin=0, skipped_other=15
2026-04-07 21:28:15,154 - => Stage 3 Debug (poison-valid): suspicious=21476/37064, correction_applied=21472, prediction_changed=21472, skipped_tied_vote=0, skipped_low_margin=0, skipped_other=4
2026-04-07 21:28:15,154 - => Stage 3 Debug (attack-success): suspicious=17933/21521, correction_applied=17929, prediction_changed=17929, corrected_to_true=14897
2026-04-07 21:28:15,201 - => End Epoch: 32, early stop epochs: 30, best epoch: 2, best clean acc: 0.8068, best Top-4: 0.9970, best ASR: 0.1207, best RAC: 0.7810, anchor loss: 0.0849
2026-04-07 21:28:15,201 - => Stage 3 Detection Summary: recall: 0.8625, precision: 0.6901, f1: 0.7667, false positive rate: 0.2015, correction rate: 0.7463
2026-04-07 21:28:15,207 - => Oracle-label LFBA skips gradient hard-sample ranking and samples replace targets directly from the known same-label poison set
2026-04-07 21:28:15,226 - => LFBA current anchor-derived target label: 3
2026-04-07 21:28:15,304 - =>Add Trigger to Train Data
2026-04-07 21:28:15,423 - Add Trigger to 1438 Bad Samples, 68528 Clean Samples (0.50)
2026-04-07 21:28:15,427 - => Start Training for Injecting Backdoor...
2026-04-07 21:28:15,465 - Epoch: 33, 1/274: VFL loss: 0.0002, total loss: 0.0504, anchor loss: 0.0502, VFL train accuracy: 1.0000
2026-04-07 21:28:15,956 - Epoch: 33, 11/274: VFL loss: 0.0002, total loss: 0.0459, anchor loss: 0.0457, VFL train accuracy: 1.0000
2026-04-07 21:28:16,239 - Epoch: 33, 21/274: VFL loss: 0.0002, total loss: 0.0458, anchor loss: 0.0456, VFL train accuracy: 1.0000
2026-04-07 21:28:16,520 - Epoch: 33, 31/274: VFL loss: 0.0002, total loss: 0.0467, anchor loss: 0.0465, VFL train accuracy: 1.0000
2026-04-07 21:28:16,784 - Epoch: 33, 41/274: VFL loss: 0.0002, total loss: 0.0465, anchor loss: 0.0463, VFL train accuracy: 1.0000
2026-04-07 21:28:17,057 - Epoch: 33, 51/274: VFL loss: 0.0002, total loss: 0.0466, anchor loss: 0.0464, VFL train accuracy: 1.0000
2026-04-07 21:28:17,326 - Epoch: 33, 61/274: VFL loss: 0.0002, total loss: 0.0467, anchor loss: 0.0465, VFL train accuracy: 1.0000
2026-04-07 21:28:17,584 - Epoch: 33, 71/274: VFL loss: 0.0002, total loss: 0.0469, anchor loss: 0.0467, VFL train accuracy: 1.0000
2026-04-07 21:28:17,850 - Epoch: 33, 81/274: VFL loss: 0.0002, total loss: 0.0470, anchor loss: 0.0469, VFL train accuracy: 1.0000
2026-04-07 21:28:18,132 - Epoch: 33, 91/274: VFL loss: 0.0002, total loss: 0.0470, anchor loss: 0.0468, VFL train accuracy: 1.0000
2026-04-07 21:28:18,389 - Epoch: 33, 101/274: VFL loss: 0.0002, total loss: 0.0470, anchor loss: 0.0468, VFL train accuracy: 1.0000
2026-04-07 21:28:18,640 - Epoch: 33, 111/274: VFL loss: 0.0002, total loss: 0.0470, anchor loss: 0.0468, VFL train accuracy: 1.0000
2026-04-07 21:28:18,893 - Epoch: 33, 121/274: VFL loss: 0.0002, total loss: 0.0471, anchor loss: 0.0469, VFL train accuracy: 1.0000
2026-04-07 21:28:19,165 - Epoch: 33, 131/274: VFL loss: 0.0002, total loss: 0.0472, anchor loss: 0.0470, VFL train accuracy: 1.0000
2026-04-07 21:28:19,416 - Epoch: 33, 141/274: VFL loss: 0.0002, total loss: 0.0473, anchor loss: 0.0471, VFL train accuracy: 1.0000
2026-04-07 21:28:19,677 - Epoch: 33, 151/274: VFL loss: 0.0002, total loss: 0.0474, anchor loss: 0.0472, VFL train accuracy: 1.0000
2026-04-07 21:28:19,943 - Epoch: 33, 161/274: VFL loss: 0.0002, total loss: 0.0475, anchor loss: 0.0473, VFL train accuracy: 1.0000
2026-04-07 21:28:20,193 - Epoch: 33, 171/274: VFL loss: 0.0002, total loss: 0.0475, anchor loss: 0.0473, VFL train accuracy: 1.0000
2026-04-07 21:28:20,467 - Epoch: 33, 181/274: VFL loss: 0.0002, total loss: 0.0474, anchor loss: 0.0472, VFL train accuracy: 1.0000
2026-04-07 21:28:20,743 - Epoch: 33, 191/274: VFL loss: 0.0002, total loss: 0.0475, anchor loss: 0.0472, VFL train accuracy: 1.0000
2026-04-07 21:28:20,998 - Epoch: 33, 201/274: VFL loss: 0.0002, total loss: 0.0475, anchor loss: 0.0473, VFL train accuracy: 1.0000
2026-04-07 21:28:21,265 - Epoch: 33, 211/274: VFL loss: 0.0002, total loss: 0.0476, anchor loss: 0.0474, VFL train accuracy: 1.0000
2026-04-07 21:28:21,538 - Epoch: 33, 221/274: VFL loss: 0.0002, total loss: 0.0477, anchor loss: 0.0475, VFL train accuracy: 1.0000
2026-04-07 21:28:21,799 - Epoch: 33, 231/274: VFL loss: 0.0002, total loss: 0.0477, anchor loss: 0.0475, VFL train accuracy: 1.0000
2026-04-07 21:28:22,071 - Epoch: 33, 241/274: VFL loss: 0.0002, total loss: 0.0476, anchor loss: 0.0474, VFL train accuracy: 1.0000
2026-04-07 21:28:22,331 - Epoch: 33, 251/274: VFL loss: 0.0002, total loss: 0.0477, anchor loss: 0.0474, VFL train accuracy: 1.0000
2026-04-07 21:28:22,581 - Epoch: 33, 261/274: VFL loss: 0.0002, total loss: 0.0477, anchor loss: 0.0475, VFL train accuracy: 1.0000
2026-04-07 21:28:22,838 - Epoch: 33, 271/274: VFL loss: 0.0002, total loss: 0.0476, anchor loss: 0.0474, VFL train accuracy: 1.0000
2026-04-07 21:28:22,931 - => Recorded Stage 2 client anchor losses for epoch 33 to './results/AVGuard/NUSWIDE/oracle_attack/NUSWIDE_anchor_stage2_3clients_oracle_label\stage2_final_epoch_client_anchor_losses.json': {0: 0.019555, 1: 0.055939, 2: 0.066662}
2026-04-07 21:28:22,936 - => Stage 2 EMA anchor update applied at epoch 33 with momentum 1.0000: updated classes per client {0: 5, 1: 5, 2: 5}
2026-04-07 21:28:22,936 - => Stage 2 Epoch 33 Training Summary: VFL loss: 0.0002, total loss: 0.0476, anchor loss: 0.0474, VFL train accuracy: 1.0000
2026-04-07 21:28:22,937 - => Test ASR...
2026-04-07 21:28:23,043 - =>Add Trigger to Test Data
2026-04-07 21:28:25,908 - Add Trigger to 37064 Bad Samples, 9629 Clean Samples (1.00)
2026-04-07 21:28:34,006 - => Test Epoch: 33, main task samples: 46693, attack samples: 46693, test loss: 1.1081, clean acc: 0.7817, Top-4: 0.9949, ASR: 0.1778, RAC: 0.7273, test target accuracy: 0.8868, stage3 final accuracy: 0.7817, stage3 final target accuracy: 0.7406, stage3 final asr: 0.1778, anchor loss: 0.0810
2026-04-07 21:28:34,007 - => Stage 3 Detection Summary: recall: 0.8328, precision: 0.5867, f1: 0.6884, false positive rate: 0.1988, correction rate: 0.6927
2026-04-07 21:28:34,007 - => Stage 3 Debug (clean): suspicious=9284/46693, correction_applied=9272, prediction_changed=9272, skipped_tied_vote=0, skipped_low_margin=0, skipped_other=12
2026-04-07 21:28:34,007 - => Stage 3 Debug (poison-valid): suspicious=21533/37064, correction_applied=21530, prediction_changed=21530, skipped_tied_vote=0, skipped_low_margin=0, skipped_other=3
2026-04-07 21:28:34,007 - => Stage 3 Debug (attack-success): suspicious=18080/21710, correction_applied=18077, prediction_changed=18077, corrected_to_true=15039
2026-04-07 21:28:34,048 - => End Epoch: 33, early stop epochs: 31, best epoch: 2, best clean acc: 0.8068, best Top-4: 0.9970, best ASR: 0.1207, best RAC: 0.7810, anchor loss: 0.0849
2026-04-07 21:28:34,048 - => Stage 3 Detection Summary: recall: 0.8625, precision: 0.6901, f1: 0.7667, false positive rate: 0.2015, correction rate: 0.7463
2026-04-07 21:28:34,050 - => Oracle-label LFBA skips gradient hard-sample ranking and samples replace targets directly from the known same-label poison set
2026-04-07 21:28:34,068 - => LFBA current anchor-derived target label: 3
2026-04-07 21:28:34,147 - =>Add Trigger to Train Data
2026-04-07 21:28:34,262 - Add Trigger to 1438 Bad Samples, 68528 Clean Samples (0.50)
2026-04-07 21:28:34,264 - => Start Training for Injecting Backdoor...
2026-04-07 21:28:34,305 - Epoch: 34, 1/274: VFL loss: 0.0002, total loss: 0.0462, anchor loss: 0.0459, VFL train accuracy: 1.0000
2026-04-07 21:28:34,769 - Epoch: 34, 11/274: VFL loss: 0.0002, total loss: 0.0477, anchor loss: 0.0475, VFL train accuracy: 1.0000
2026-04-07 21:28:35,051 - Epoch: 34, 21/274: VFL loss: 0.0002, total loss: 0.0475, anchor loss: 0.0473, VFL train accuracy: 1.0000
2026-04-07 21:28:35,340 - Epoch: 34, 31/274: VFL loss: 0.0002, total loss: 0.0468, anchor loss: 0.0466, VFL train accuracy: 1.0000
2026-04-07 21:28:35,601 - Epoch: 34, 41/274: VFL loss: 0.0002, total loss: 0.0467, anchor loss: 0.0466, VFL train accuracy: 1.0000
2026-04-07 21:28:35,852 - Epoch: 34, 51/274: VFL loss: 0.0002, total loss: 0.0466, anchor loss: 0.0464, VFL train accuracy: 1.0000
2026-04-07 21:28:36,122 - Epoch: 34, 61/274: VFL loss: 0.0002, total loss: 0.0467, anchor loss: 0.0465, VFL train accuracy: 1.0000
2026-04-07 21:28:36,386 - Epoch: 34, 71/274: VFL loss: 0.0002, total loss: 0.0468, anchor loss: 0.0466, VFL train accuracy: 1.0000
2026-04-07 21:28:36,682 - Epoch: 34, 81/274: VFL loss: 0.0002, total loss: 0.0470, anchor loss: 0.0468, VFL train accuracy: 1.0000
2026-04-07 21:28:36,944 - Epoch: 34, 91/274: VFL loss: 0.0002, total loss: 0.0472, anchor loss: 0.0470, VFL train accuracy: 1.0000
2026-04-07 21:28:37,195 - Epoch: 34, 101/274: VFL loss: 0.0002, total loss: 0.0470, anchor loss: 0.0468, VFL train accuracy: 1.0000
2026-04-07 21:28:37,474 - Epoch: 34, 111/274: VFL loss: 0.0002, total loss: 0.0469, anchor loss: 0.0467, VFL train accuracy: 1.0000
2026-04-07 21:28:37,743 - Epoch: 34, 121/274: VFL loss: 0.0002, total loss: 0.0468, anchor loss: 0.0466, VFL train accuracy: 1.0000
2026-04-07 21:28:38,014 - Epoch: 34, 131/274: VFL loss: 0.0002, total loss: 0.0468, anchor loss: 0.0466, VFL train accuracy: 1.0000
2026-04-07 21:28:38,267 - Epoch: 34, 141/274: VFL loss: 0.0002, total loss: 0.0468, anchor loss: 0.0466, VFL train accuracy: 1.0000
2026-04-07 21:28:38,534 - Epoch: 34, 151/274: VFL loss: 0.0002, total loss: 0.0468, anchor loss: 0.0467, VFL train accuracy: 1.0000
2026-04-07 21:28:38,802 - Epoch: 34, 161/274: VFL loss: 0.0002, total loss: 0.0469, anchor loss: 0.0467, VFL train accuracy: 1.0000
2026-04-07 21:28:39,044 - Epoch: 34, 171/274: VFL loss: 0.0002, total loss: 0.0470, anchor loss: 0.0468, VFL train accuracy: 1.0000
2026-04-07 21:28:39,291 - Epoch: 34, 181/274: VFL loss: 0.0002, total loss: 0.0469, anchor loss: 0.0467, VFL train accuracy: 1.0000
2026-04-07 21:28:39,544 - Epoch: 34, 191/274: VFL loss: 0.0002, total loss: 0.0470, anchor loss: 0.0468, VFL train accuracy: 1.0000
2026-04-07 21:28:39,808 - Epoch: 34, 201/274: VFL loss: 0.0002, total loss: 0.0470, anchor loss: 0.0468, VFL train accuracy: 1.0000
2026-04-07 21:28:40,087 - Epoch: 34, 211/274: VFL loss: 0.0002, total loss: 0.0470, anchor loss: 0.0468, VFL train accuracy: 1.0000
2026-04-07 21:28:40,347 - Epoch: 34, 221/274: VFL loss: 0.0002, total loss: 0.0470, anchor loss: 0.0468, VFL train accuracy: 1.0000
2026-04-07 21:28:40,639 - Epoch: 34, 231/274: VFL loss: 0.0002, total loss: 0.0469, anchor loss: 0.0467, VFL train accuracy: 1.0000
2026-04-07 21:28:40,913 - Epoch: 34, 241/274: VFL loss: 0.0002, total loss: 0.0470, anchor loss: 0.0468, VFL train accuracy: 1.0000
2026-04-07 21:28:41,174 - Epoch: 34, 251/274: VFL loss: 0.0002, total loss: 0.0470, anchor loss: 0.0468, VFL train accuracy: 1.0000
2026-04-07 21:28:41,425 - Epoch: 34, 261/274: VFL loss: 0.0002, total loss: 0.0470, anchor loss: 0.0468, VFL train accuracy: 1.0000
2026-04-07 21:28:41,810 - Epoch: 34, 271/274: VFL loss: 0.0002, total loss: 0.0471, anchor loss: 0.0469, VFL train accuracy: 1.0000
2026-04-07 21:28:41,914 - => Recorded Stage 2 client anchor losses for epoch 34 to './results/AVGuard/NUSWIDE/oracle_attack/NUSWIDE_anchor_stage2_3clients_oracle_label\stage2_final_epoch_client_anchor_losses.json': {0: 0.019216, 1: 0.05536, 2: 0.06621}
2026-04-07 21:28:41,918 - => Stage 2 EMA anchor update applied at epoch 34 with momentum 1.0000: updated classes per client {0: 5, 1: 5, 2: 5}
2026-04-07 21:28:41,918 - => Stage 2 Epoch 34 Training Summary: VFL loss: 0.0002, total loss: 0.0471, anchor loss: 0.0469, VFL train accuracy: 1.0000
2026-04-07 21:28:41,920 - => Test ASR...
2026-04-07 21:28:42,029 - =>Add Trigger to Test Data
2026-04-07 21:28:44,928 - Add Trigger to 37064 Bad Samples, 9629 Clean Samples (1.00)
2026-04-07 21:28:52,949 - => Test Epoch: 34, main task samples: 46693, attack samples: 46693, test loss: 1.1274, clean acc: 0.7822, Top-4: 0.9947, ASR: 0.1747, RAC: 0.7313, test target accuracy: 0.8870, stage3 final accuracy: 0.7822, stage3 final target accuracy: 0.7472, stage3 final asr: 0.1747, anchor loss: 0.0810
2026-04-07 21:28:52,949 - => Stage 3 Detection Summary: recall: 0.8350, precision: 0.5958, f1: 0.6954, false positive rate: 0.1986, correction rate: 0.6967
2026-04-07 21:28:52,951 - => Stage 3 Debug (clean): suspicious=9271/46693, correction_applied=9257, prediction_changed=9257, skipped_tied_vote=0, skipped_low_margin=0, skipped_other=14
2026-04-07 21:28:52,951 - => Stage 3 Debug (poison-valid): suspicious=21794/37064, correction_applied=21793, prediction_changed=21793, skipped_tied_vote=0, skipped_low_margin=0, skipped_other=1
2026-04-07 21:28:52,951 - => Stage 3 Debug (attack-success): suspicious=18507/22163, correction_applied=18506, prediction_changed=18506, corrected_to_true=15441
2026-04-07 21:28:52,997 - => End Epoch: 34, early stop epochs: 32, best epoch: 2, best clean acc: 0.8068, best Top-4: 0.9970, best ASR: 0.1207, best RAC: 0.7810, anchor loss: 0.0849
2026-04-07 21:28:52,997 - => Stage 3 Detection Summary: recall: 0.8625, precision: 0.6901, f1: 0.7667, false positive rate: 0.2015, correction rate: 0.7463
2026-04-07 21:28:52,999 - => Oracle-label LFBA skips gradient hard-sample ranking and samples replace targets directly from the known same-label poison set
2026-04-07 21:28:53,016 - => LFBA current anchor-derived target label: 3
2026-04-07 21:28:53,096 - =>Add Trigger to Train Data
2026-04-07 21:28:53,213 - Add Trigger to 1438 Bad Samples, 68528 Clean Samples (0.50)
2026-04-07 21:28:53,216 - => Start Training for Injecting Backdoor...
2026-04-07 21:28:53,258 - Epoch: 35, 1/274: VFL loss: 0.0003, total loss: 0.0456, anchor loss: 0.0453, VFL train accuracy: 1.0000
2026-04-07 21:28:53,738 - Epoch: 35, 11/274: VFL loss: 0.0002, total loss: 0.0462, anchor loss: 0.0460, VFL train accuracy: 1.0000
2026-04-07 21:28:54,029 - Epoch: 35, 21/274: VFL loss: 0.0002, total loss: 0.0459, anchor loss: 0.0458, VFL train accuracy: 1.0000
2026-04-07 21:28:54,302 - Epoch: 35, 31/274: VFL loss: 0.0001, total loss: 0.0460, anchor loss: 0.0459, VFL train accuracy: 1.0000
2026-04-07 21:28:54,603 - Epoch: 35, 41/274: VFL loss: 0.0002, total loss: 0.0461, anchor loss: 0.0460, VFL train accuracy: 1.0000
2026-04-07 21:28:54,856 - Epoch: 35, 51/274: VFL loss: 0.0001, total loss: 0.0459, anchor loss: 0.0457, VFL train accuracy: 1.0000
2026-04-07 21:28:55,135 - Epoch: 35, 61/274: VFL loss: 0.0002, total loss: 0.0460, anchor loss: 0.0459, VFL train accuracy: 1.0000
2026-04-07 21:28:55,417 - Epoch: 35, 71/274: VFL loss: 0.0002, total loss: 0.0461, anchor loss: 0.0460, VFL train accuracy: 1.0000
2026-04-07 21:28:55,680 - Epoch: 35, 81/274: VFL loss: 0.0002, total loss: 0.0462, anchor loss: 0.0460, VFL train accuracy: 1.0000
2026-04-07 21:28:55,968 - Epoch: 35, 91/274: VFL loss: 0.0002, total loss: 0.0465, anchor loss: 0.0463, VFL train accuracy: 1.0000
2026-04-07 21:28:56,233 - Epoch: 35, 101/274: VFL loss: 0.0002, total loss: 0.0465, anchor loss: 0.0464, VFL train accuracy: 1.0000
2026-04-07 21:28:56,502 - Epoch: 35, 111/274: VFL loss: 0.0002, total loss: 0.0466, anchor loss: 0.0465, VFL train accuracy: 1.0000
2026-04-07 21:28:56,773 - Epoch: 35, 121/274: VFL loss: 0.0002, total loss: 0.0467, anchor loss: 0.0465, VFL train accuracy: 1.0000
2026-04-07 21:28:57,044 - Epoch: 35, 131/274: VFL loss: 0.0002, total loss: 0.0467, anchor loss: 0.0465, VFL train accuracy: 1.0000
2026-04-07 21:28:57,314 - Epoch: 35, 141/274: VFL loss: 0.0002, total loss: 0.0466, anchor loss: 0.0464, VFL train accuracy: 1.0000
2026-04-07 21:28:57,575 - Epoch: 35, 151/274: VFL loss: 0.0002, total loss: 0.0464, anchor loss: 0.0463, VFL train accuracy: 1.0000
2026-04-07 21:28:57,844 - Epoch: 35, 161/274: VFL loss: 0.0002, total loss: 0.0467, anchor loss: 0.0465, VFL train accuracy: 1.0000
2026-04-07 21:28:58,112 - Epoch: 35, 171/274: VFL loss: 0.0002, total loss: 0.0468, anchor loss: 0.0466, VFL train accuracy: 1.0000
2026-04-07 21:28:58,393 - Epoch: 35, 181/274: VFL loss: 0.0002, total loss: 0.0468, anchor loss: 0.0466, VFL train accuracy: 1.0000
2026-04-07 21:28:58,669 - Epoch: 35, 191/274: VFL loss: 0.0002, total loss: 0.0468, anchor loss: 0.0466, VFL train accuracy: 1.0000
2026-04-07 21:28:58,941 - Epoch: 35, 201/274: VFL loss: 0.0002, total loss: 0.0467, anchor loss: 0.0465, VFL train accuracy: 1.0000
2026-04-07 21:28:59,207 - Epoch: 35, 211/274: VFL loss: 0.0002, total loss: 0.0468, anchor loss: 0.0466, VFL train accuracy: 1.0000
2026-04-07 21:28:59,461 - Epoch: 35, 221/274: VFL loss: 0.0002, total loss: 0.0468, anchor loss: 0.0466, VFL train accuracy: 1.0000
2026-04-07 21:28:59,723 - Epoch: 35, 231/274: VFL loss: 0.0002, total loss: 0.0467, anchor loss: 0.0465, VFL train accuracy: 1.0000
2026-04-07 21:28:59,989 - Epoch: 35, 241/274: VFL loss: 0.0002, total loss: 0.0467, anchor loss: 0.0465, VFL train accuracy: 1.0000
2026-04-07 21:29:00,245 - Epoch: 35, 251/274: VFL loss: 0.0002, total loss: 0.0467, anchor loss: 0.0465, VFL train accuracy: 1.0000
2026-04-07 21:29:00,509 - Epoch: 35, 261/274: VFL loss: 0.0002, total loss: 0.0467, anchor loss: 0.0465, VFL train accuracy: 1.0000
2026-04-07 21:29:00,787 - Epoch: 35, 271/274: VFL loss: 0.0002, total loss: 0.0467, anchor loss: 0.0465, VFL train accuracy: 1.0000
2026-04-07 21:29:00,880 - => Recorded Stage 2 client anchor losses for epoch 35 to './results/AVGuard/NUSWIDE/oracle_attack/NUSWIDE_anchor_stage2_3clients_oracle_label\stage2_final_epoch_client_anchor_losses.json': {0: 0.018877, 1: 0.054771, 2: 0.065857}
2026-04-07 21:29:00,886 - => Stage 2 EMA anchor update applied at epoch 35 with momentum 1.0000: updated classes per client {0: 5, 1: 5, 2: 5}
2026-04-07 21:29:00,886 - => Stage 2 Epoch 35 Training Summary: VFL loss: 0.0002, total loss: 0.0467, anchor loss: 0.0465, VFL train accuracy: 1.0000
2026-04-07 21:29:00,886 - => Test ASR...
2026-04-07 21:29:00,999 - =>Add Trigger to Test Data
2026-04-07 21:29:03,953 - Add Trigger to 37064 Bad Samples, 9629 Clean Samples (1.00)
2026-04-07 21:29:12,634 - => Test Epoch: 35, main task samples: 46693, attack samples: 46693, test loss: 1.1485, clean acc: 0.7820, Top-4: 0.9949, ASR: 0.1749, RAC: 0.7307, test target accuracy: 0.8916, stage3 final accuracy: 0.7820, stage3 final target accuracy: 0.7446, stage3 final asr: 0.1749, anchor loss: 0.0809
2026-04-07 21:29:12,635 - => Stage 3 Detection Summary: recall: 0.8339, precision: 0.5985, f1: 0.6969, false positive rate: 0.1984, correction rate: 0.6966
2026-04-07 21:29:12,635 - => Stage 3 Debug (clean): suspicious=9262/46693, correction_applied=9251, prediction_changed=9251, skipped_tied_vote=0, skipped_low_margin=0, skipped_other=11
2026-04-07 21:29:12,635 - => Stage 3 Debug (poison-valid): suspicious=21861/37064, correction_applied=21860, prediction_changed=21860, skipped_tied_vote=0, skipped_low_margin=0, skipped_other=1
2026-04-07 21:29:12,636 - => Stage 3 Debug (attack-success): suspicious=18627/22337, correction_applied=18626, prediction_changed=18626, corrected_to_true=15561
2026-04-07 21:29:12,689 - => End Epoch: 35, early stop epochs: 33, best epoch: 2, best clean acc: 0.8068, best Top-4: 0.9970, best ASR: 0.1207, best RAC: 0.7810, anchor loss: 0.0849
2026-04-07 21:29:12,689 - => Stage 3 Detection Summary: recall: 0.8625, precision: 0.6901, f1: 0.7667, false positive rate: 0.2015, correction rate: 0.7463
2026-04-07 21:29:12,692 - => Oracle-label LFBA skips gradient hard-sample ranking and samples replace targets directly from the known same-label poison set
2026-04-07 21:29:12,709 - => LFBA current anchor-derived target label: 3
2026-04-07 21:29:12,791 - =>Add Trigger to Train Data
2026-04-07 21:29:12,935 - Add Trigger to 1438 Bad Samples, 68528 Clean Samples (0.50)
2026-04-07 21:29:12,939 - => Start Training for Injecting Backdoor...
2026-04-07 21:29:12,989 - Epoch: 36, 1/274: VFL loss: 0.0001, total loss: 0.0452, anchor loss: 0.0450, VFL train accuracy: 1.0000
2026-04-07 21:29:13,510 - Epoch: 36, 11/274: VFL loss: 0.0001, total loss: 0.0460, anchor loss: 0.0458, VFL train accuracy: 1.0000
2026-04-07 21:29:13,796 - Epoch: 36, 21/274: VFL loss: 0.0001, total loss: 0.0467, anchor loss: 0.0466, VFL train accuracy: 1.0000
2026-04-07 21:29:14,110 - Epoch: 36, 31/274: VFL loss: 0.0002, total loss: 0.0463, anchor loss: 0.0461, VFL train accuracy: 1.0000
2026-04-07 21:29:14,406 - Epoch: 36, 41/274: VFL loss: 0.0001, total loss: 0.0462, anchor loss: 0.0461, VFL train accuracy: 1.0000
2026-04-07 21:29:14,688 - Epoch: 36, 51/274: VFL loss: 0.0002, total loss: 0.0462, anchor loss: 0.0460, VFL train accuracy: 1.0000
2026-04-07 21:29:14,971 - Epoch: 36, 61/274: VFL loss: 0.0001, total loss: 0.0461, anchor loss: 0.0459, VFL train accuracy: 1.0000
2026-04-07 21:29:15,236 - Epoch: 36, 71/274: VFL loss: 0.0001, total loss: 0.0462, anchor loss: 0.0460, VFL train accuracy: 1.0000
2026-04-07 21:29:15,505 - Epoch: 36, 81/274: VFL loss: 0.0001, total loss: 0.0460, anchor loss: 0.0458, VFL train accuracy: 1.0000
2026-04-07 21:29:15,785 - Epoch: 36, 91/274: VFL loss: 0.0001, total loss: 0.0458, anchor loss: 0.0456, VFL train accuracy: 1.0000
2026-04-07 21:29:16,099 - Epoch: 36, 101/274: VFL loss: 0.0002, total loss: 0.0459, anchor loss: 0.0457, VFL train accuracy: 1.0000
2026-04-07 21:29:16,366 - Epoch: 36, 111/274: VFL loss: 0.0002, total loss: 0.0459, anchor loss: 0.0458, VFL train accuracy: 1.0000
2026-04-07 21:29:16,654 - Epoch: 36, 121/274: VFL loss: 0.0002, total loss: 0.0459, anchor loss: 0.0457, VFL train accuracy: 1.0000
2026-04-07 21:29:16,919 - Epoch: 36, 131/274: VFL loss: 0.0002, total loss: 0.0460, anchor loss: 0.0458, VFL train accuracy: 1.0000
2026-04-07 21:29:17,175 - Epoch: 36, 141/274: VFL loss: 0.0002, total loss: 0.0459, anchor loss: 0.0458, VFL train accuracy: 1.0000
2026-04-07 21:29:17,435 - Epoch: 36, 151/274: VFL loss: 0.0002, total loss: 0.0460, anchor loss: 0.0458, VFL train accuracy: 1.0000
2026-04-07 21:29:17,693 - Epoch: 36, 161/274: VFL loss: 0.0002, total loss: 0.0460, anchor loss: 0.0458, VFL train accuracy: 1.0000
2026-04-07 21:29:17,945 - Epoch: 36, 171/274: VFL loss: 0.0002, total loss: 0.0461, anchor loss: 0.0460, VFL train accuracy: 1.0000
2026-04-07 21:29:18,219 - Epoch: 36, 181/274: VFL loss: 0.0002, total loss: 0.0462, anchor loss: 0.0460, VFL train accuracy: 1.0000
2026-04-07 21:29:18,480 - Epoch: 36, 191/274: VFL loss: 0.0002, total loss: 0.0462, anchor loss: 0.0460, VFL train accuracy: 1.0000
2026-04-07 21:29:18,757 - Epoch: 36, 201/274: VFL loss: 0.0002, total loss: 0.0462, anchor loss: 0.0460, VFL train accuracy: 1.0000
2026-04-07 21:29:19,062 - Epoch: 36, 211/274: VFL loss: 0.0002, total loss: 0.0462, anchor loss: 0.0460, VFL train accuracy: 1.0000
2026-04-07 21:29:19,309 - Epoch: 36, 221/274: VFL loss: 0.0002, total loss: 0.0461, anchor loss: 0.0460, VFL train accuracy: 1.0000
2026-04-07 21:29:19,577 - Epoch: 36, 231/274: VFL loss: 0.0002, total loss: 0.0461, anchor loss: 0.0460, VFL train accuracy: 1.0000
2026-04-07 21:29:19,838 - Epoch: 36, 241/274: VFL loss: 0.0002, total loss: 0.0461, anchor loss: 0.0459, VFL train accuracy: 1.0000
2026-04-07 21:29:20,094 - Epoch: 36, 251/274: VFL loss: 0.0002, total loss: 0.0461, anchor loss: 0.0459, VFL train accuracy: 1.0000
2026-04-07 21:29:20,362 - Epoch: 36, 261/274: VFL loss: 0.0002, total loss: 0.0461, anchor loss: 0.0459, VFL train accuracy: 1.0000
2026-04-07 21:29:20,619 - Epoch: 36, 271/274: VFL loss: 0.0002, total loss: 0.0462, anchor loss: 0.0460, VFL train accuracy: 1.0000
2026-04-07 21:29:20,715 - => Recorded Stage 2 client anchor losses for epoch 36 to './results/AVGuard/NUSWIDE/oracle_attack/NUSWIDE_anchor_stage2_3clients_oracle_label\stage2_final_epoch_client_anchor_losses.json': {0: 0.018563, 1: 0.054171, 2: 0.065459}
2026-04-07 21:29:20,721 - => Stage 2 EMA anchor update applied at epoch 36 with momentum 1.0000: updated classes per client {0: 5, 1: 5, 2: 5}
2026-04-07 21:29:20,721 - => Stage 2 Epoch 36 Training Summary: VFL loss: 0.0002, total loss: 0.0462, anchor loss: 0.0461, VFL train accuracy: 1.0000
2026-04-07 21:29:20,722 - => Test ASR...
2026-04-07 21:29:20,834 - =>Add Trigger to Test Data
2026-04-07 21:29:23,879 - Add Trigger to 37064 Bad Samples, 9629 Clean Samples (1.00)
2026-04-07 21:29:31,997 - => Test Epoch: 36, main task samples: 46693, attack samples: 46693, test loss: 1.1665, clean acc: 0.7820, Top-4: 0.9949, ASR: 0.1762, RAC: 0.7306, test target accuracy: 0.8877, stage3 final accuracy: 0.7820, stage3 final target accuracy: 0.7487, stage3 final asr: 0.1762, anchor loss: 0.0809
2026-04-07 21:29:31,998 - => Stage 3 Detection Summary: recall: 0.8323, precision: 0.5927, f1: 0.6924, false positive rate: 0.1993, correction rate: 0.6940
2026-04-07 21:29:31,998 - => Stage 3 Debug (clean): suspicious=9305/46693, correction_applied=9299, prediction_changed=9299, skipped_tied_vote=0, skipped_low_margin=0, skipped_other=6
2026-04-07 21:29:31,998 - => Stage 3 Debug (poison-valid): suspicious=21658/37064, correction_applied=21658, prediction_changed=21658, skipped_tied_vote=0, skipped_low_margin=0, skipped_other=0
2026-04-07 21:29:31,999 - => Stage 3 Debug (attack-success): suspicious=18352/22049, correction_applied=18352, prediction_changed=18352, corrected_to_true=15302
2026-04-07 21:29:32,043 - => End Epoch: 36, early stop epochs: 34, best epoch: 2, best clean acc: 0.8068, best Top-4: 0.9970, best ASR: 0.1207, best RAC: 0.7810, anchor loss: 0.0849
2026-04-07 21:29:32,043 - => Stage 3 Detection Summary: recall: 0.8625, precision: 0.6901, f1: 0.7667, false positive rate: 0.2015, correction rate: 0.7463
2026-04-07 21:29:32,046 - => Oracle-label LFBA skips gradient hard-sample ranking and samples replace targets directly from the known same-label poison set
2026-04-07 21:29:32,064 - => LFBA current anchor-derived target label: 3
2026-04-07 21:29:32,143 - =>Add Trigger to Train Data
2026-04-07 21:29:32,268 - Add Trigger to 1438 Bad Samples, 68528 Clean Samples (0.50)
2026-04-07 21:29:32,272 - => Start Training for Injecting Backdoor...
2026-04-07 21:29:32,313 - Epoch: 37, 1/274: VFL loss: 0.0001, total loss: 0.0486, anchor loss: 0.0485, VFL train accuracy: 1.0000
2026-04-07 21:29:32,790 - Epoch: 37, 11/274: VFL loss: 0.0001, total loss: 0.0450, anchor loss: 0.0450, VFL train accuracy: 1.0000
2026-04-07 21:29:33,086 - Epoch: 37, 21/274: VFL loss: 0.0001, total loss: 0.0448, anchor loss: 0.0447, VFL train accuracy: 1.0000
2026-04-07 21:29:33,395 - Epoch: 37, 31/274: VFL loss: 0.0001, total loss: 0.0446, anchor loss: 0.0445, VFL train accuracy: 1.0000
2026-04-07 21:29:33,678 - Epoch: 37, 41/274: VFL loss: 0.0001, total loss: 0.0451, anchor loss: 0.0450, VFL train accuracy: 1.0000
2026-04-07 21:29:33,960 - Epoch: 37, 51/274: VFL loss: 0.0001, total loss: 0.0454, anchor loss: 0.0453, VFL train accuracy: 1.0000
2026-04-07 21:29:34,214 - Epoch: 37, 61/274: VFL loss: 0.0001, total loss: 0.0454, anchor loss: 0.0453, VFL train accuracy: 1.0000
2026-04-07 21:29:34,466 - Epoch: 37, 71/274: VFL loss: 0.0001, total loss: 0.0452, anchor loss: 0.0451, VFL train accuracy: 1.0000
2026-04-07 21:29:34,717 - Epoch: 37, 81/274: VFL loss: 0.0001, total loss: 0.0452, anchor loss: 0.0451, VFL train accuracy: 1.0000
2026-04-07 21:29:34,979 - Epoch: 37, 91/274: VFL loss: 0.0001, total loss: 0.0452, anchor loss: 0.0451, VFL train accuracy: 1.0000
2026-04-07 21:29:35,246 - Epoch: 37, 101/274: VFL loss: 0.0001, total loss: 0.0453, anchor loss: 0.0451, VFL train accuracy: 1.0000
2026-04-07 21:29:35,536 - Epoch: 37, 111/274: VFL loss: 0.0002, total loss: 0.0453, anchor loss: 0.0451, VFL train accuracy: 1.0000
2026-04-07 21:29:35,782 - Epoch: 37, 121/274: VFL loss: 0.0002, total loss: 0.0451, anchor loss: 0.0450, VFL train accuracy: 1.0000
2026-04-07 21:29:36,030 - Epoch: 37, 131/274: VFL loss: 0.0002, total loss: 0.0453, anchor loss: 0.0452, VFL train accuracy: 1.0000
2026-04-07 21:29:36,280 - Epoch: 37, 141/274: VFL loss: 0.0002, total loss: 0.0454, anchor loss: 0.0452, VFL train accuracy: 1.0000
2026-04-07 21:29:36,548 - Epoch: 37, 151/274: VFL loss: 0.0002, total loss: 0.0454, anchor loss: 0.0452, VFL train accuracy: 1.0000
2026-04-07 21:29:36,808 - Epoch: 37, 161/274: VFL loss: 0.0002, total loss: 0.0454, anchor loss: 0.0452, VFL train accuracy: 1.0000
2026-04-07 21:29:37,065 - Epoch: 37, 171/274: VFL loss: 0.0002, total loss: 0.0454, anchor loss: 0.0453, VFL train accuracy: 1.0000
2026-04-07 21:29:37,320 - Epoch: 37, 181/274: VFL loss: 0.0002, total loss: 0.0455, anchor loss: 0.0453, VFL train accuracy: 1.0000
2026-04-07 21:29:37,592 - Epoch: 37, 191/274: VFL loss: 0.0002, total loss: 0.0455, anchor loss: 0.0453, VFL train accuracy: 1.0000
2026-04-07 21:29:37,859 - Epoch: 37, 201/274: VFL loss: 0.0002, total loss: 0.0456, anchor loss: 0.0454, VFL train accuracy: 1.0000
2026-04-07 21:29:38,133 - Epoch: 37, 211/274: VFL loss: 0.0002, total loss: 0.0456, anchor loss: 0.0455, VFL train accuracy: 1.0000
2026-04-07 21:29:38,384 - Epoch: 37, 221/274: VFL loss: 0.0002, total loss: 0.0456, anchor loss: 0.0455, VFL train accuracy: 1.0000
2026-04-07 21:29:38,645 - Epoch: 37, 231/274: VFL loss: 0.0002, total loss: 0.0456, anchor loss: 0.0455, VFL train accuracy: 1.0000
2026-04-07 21:29:38,923 - Epoch: 37, 241/274: VFL loss: 0.0002, total loss: 0.0457, anchor loss: 0.0456, VFL train accuracy: 1.0000
2026-04-07 21:29:39,208 - Epoch: 37, 251/274: VFL loss: 0.0002, total loss: 0.0458, anchor loss: 0.0456, VFL train accuracy: 1.0000
2026-04-07 21:29:39,604 - Epoch: 37, 261/274: VFL loss: 0.0002, total loss: 0.0457, anchor loss: 0.0456, VFL train accuracy: 1.0000
2026-04-07 21:29:39,859 - Epoch: 37, 271/274: VFL loss: 0.0002, total loss: 0.0457, anchor loss: 0.0456, VFL train accuracy: 1.0000
2026-04-07 21:29:39,945 - => Recorded Stage 2 client anchor losses for epoch 37 to './results/AVGuard/NUSWIDE/oracle_attack/NUSWIDE_anchor_stage2_3clients_oracle_label\stage2_final_epoch_client_anchor_losses.json': {0: 0.018266, 1: 0.053562, 2: 0.065029}
2026-04-07 21:29:39,950 - => Stage 2 EMA anchor update applied at epoch 37 with momentum 1.0000: updated classes per client {0: 5, 1: 5, 2: 5}
2026-04-07 21:29:39,952 - => Stage 2 Epoch 37 Training Summary: VFL loss: 0.0002, total loss: 0.0458, anchor loss: 0.0456, VFL train accuracy: 1.0000
2026-04-07 21:29:39,952 - => Test ASR...
2026-04-07 21:29:40,059 - =>Add Trigger to Test Data
2026-04-07 21:29:42,865 - Add Trigger to 37064 Bad Samples, 9629 Clean Samples (1.00)
2026-04-07 21:29:50,999 - => Test Epoch: 37, main task samples: 46693, attack samples: 46693, test loss: 1.1830, clean acc: 0.7822, Top-4: 0.9947, ASR: 0.1750, RAC: 0.7307, test target accuracy: 0.8886, stage3 final accuracy: 0.7822, stage3 final target accuracy: 0.7460, stage3 final asr: 0.1750, anchor loss: 0.0809
2026-04-07 21:29:50,999 - => Stage 3 Detection Summary: recall: 0.8327, precision: 0.5996, f1: 0.6972, false positive rate: 0.1980, correction rate: 0.6948
2026-04-07 21:29:51,000 - => Stage 3 Debug (clean): suspicious=9244/46693, correction_applied=9237, prediction_changed=9237, skipped_tied_vote=0, skipped_low_margin=0, skipped_other=7
2026-04-07 21:29:51,000 - => Stage 3 Debug (poison-valid): suspicious=21811/37064, correction_applied=21811, prediction_changed=21811, skipped_tied_vote=0, skipped_low_margin=0, skipped_other=0
2026-04-07 21:29:51,000 - => Stage 3 Debug (attack-success): suspicious=18620/22360, correction_applied=18620, prediction_changed=18620, corrected_to_true=15536
2026-04-07 21:29:51,048 - => End Epoch: 37, early stop epochs: 35, best epoch: 2, best clean acc: 0.8068, best Top-4: 0.9970, best ASR: 0.1207, best RAC: 0.7810, anchor loss: 0.0849
2026-04-07 21:29:51,050 - => Stage 3 Detection Summary: recall: 0.8625, precision: 0.6901, f1: 0.7667, false positive rate: 0.2015, correction rate: 0.7463
2026-04-07 21:29:51,053 - => Oracle-label LFBA skips gradient hard-sample ranking and samples replace targets directly from the known same-label poison set
2026-04-07 21:29:51,074 - => LFBA current anchor-derived target label: 3
2026-04-07 21:29:51,153 - =>Add Trigger to Train Data
2026-04-07 21:29:51,271 - Add Trigger to 1438 Bad Samples, 68528 Clean Samples (0.50)
2026-04-07 21:29:51,275 - => Start Training for Injecting Backdoor...
2026-04-07 21:29:51,316 - Epoch: 38, 1/274: VFL loss: 0.0002, total loss: 0.0486, anchor loss: 0.0484, VFL train accuracy: 1.0000
2026-04-07 21:29:51,772 - Epoch: 38, 11/274: VFL loss: 0.0001, total loss: 0.0446, anchor loss: 0.0445, VFL train accuracy: 1.0000
2026-04-07 21:29:52,059 - Epoch: 38, 21/274: VFL loss: 0.0001, total loss: 0.0454, anchor loss: 0.0453, VFL train accuracy: 1.0000
2026-04-07 21:29:52,329 - Epoch: 38, 31/274: VFL loss: 0.0001, total loss: 0.0452, anchor loss: 0.0451, VFL train accuracy: 1.0000
2026-04-07 21:29:52,638 - Epoch: 38, 41/274: VFL loss: 0.0001, total loss: 0.0447, anchor loss: 0.0446, VFL train accuracy: 1.0000
2026-04-07 21:29:52,884 - Epoch: 38, 51/274: VFL loss: 0.0001, total loss: 0.0448, anchor loss: 0.0447, VFL train accuracy: 1.0000
2026-04-07 21:29:53,133 - Epoch: 38, 61/274: VFL loss: 0.0001, total loss: 0.0451, anchor loss: 0.0449, VFL train accuracy: 1.0000
2026-04-07 21:29:53,398 - Epoch: 38, 71/274: VFL loss: 0.0001, total loss: 0.0452, anchor loss: 0.0451, VFL train accuracy: 1.0000
2026-04-07 21:29:53,663 - Epoch: 38, 81/274: VFL loss: 0.0001, total loss: 0.0453, anchor loss: 0.0452, VFL train accuracy: 1.0000
2026-04-07 21:29:53,917 - Epoch: 38, 91/274: VFL loss: 0.0001, total loss: 0.0454, anchor loss: 0.0453, VFL train accuracy: 1.0000
2026-04-07 21:29:54,170 - Epoch: 38, 101/274: VFL loss: 0.0001, total loss: 0.0454, anchor loss: 0.0453, VFL train accuracy: 1.0000
2026-04-07 21:29:54,427 - Epoch: 38, 111/274: VFL loss: 0.0001, total loss: 0.0455, anchor loss: 0.0454, VFL train accuracy: 1.0000
2026-04-07 21:29:54,692 - Epoch: 38, 121/274: VFL loss: 0.0001, total loss: 0.0455, anchor loss: 0.0454, VFL train accuracy: 1.0000
2026-04-07 21:29:54,943 - Epoch: 38, 131/274: VFL loss: 0.0001, total loss: 0.0454, anchor loss: 0.0453, VFL train accuracy: 1.0000
2026-04-07 21:29:55,210 - Epoch: 38, 141/274: VFL loss: 0.0001, total loss: 0.0454, anchor loss: 0.0453, VFL train accuracy: 1.0000
2026-04-07 21:29:55,469 - Epoch: 38, 151/274: VFL loss: 0.0001, total loss: 0.0453, anchor loss: 0.0452, VFL train accuracy: 1.0000
2026-04-07 21:29:55,748 - Epoch: 38, 161/274: VFL loss: 0.0001, total loss: 0.0453, anchor loss: 0.0452, VFL train accuracy: 1.0000
2026-04-07 21:29:56,009 - Epoch: 38, 171/274: VFL loss: 0.0001, total loss: 0.0453, anchor loss: 0.0452, VFL train accuracy: 1.0000
2026-04-07 21:29:56,267 - Epoch: 38, 181/274: VFL loss: 0.0001, total loss: 0.0453, anchor loss: 0.0452, VFL train accuracy: 1.0000
2026-04-07 21:29:56,508 - Epoch: 38, 191/274: VFL loss: 0.0001, total loss: 0.0453, anchor loss: 0.0452, VFL train accuracy: 1.0000
2026-04-07 21:29:56,778 - Epoch: 38, 201/274: VFL loss: 0.0001, total loss: 0.0454, anchor loss: 0.0452, VFL train accuracy: 1.0000
2026-04-07 21:29:57,054 - Epoch: 38, 211/274: VFL loss: 0.0001, total loss: 0.0455, anchor loss: 0.0453, VFL train accuracy: 1.0000
2026-04-07 21:29:57,320 - Epoch: 38, 221/274: VFL loss: 0.0001, total loss: 0.0454, anchor loss: 0.0452, VFL train accuracy: 1.0000
2026-04-07 21:29:57,568 - Epoch: 38, 231/274: VFL loss: 0.0001, total loss: 0.0454, anchor loss: 0.0453, VFL train accuracy: 1.0000
2026-04-07 21:29:57,831 - Epoch: 38, 241/274: VFL loss: 0.0001, total loss: 0.0453, anchor loss: 0.0452, VFL train accuracy: 1.0000
2026-04-07 21:29:58,093 - Epoch: 38, 251/274: VFL loss: 0.0001, total loss: 0.0453, anchor loss: 0.0452, VFL train accuracy: 1.0000
2026-04-07 21:29:58,367 - Epoch: 38, 261/274: VFL loss: 0.0001, total loss: 0.0453, anchor loss: 0.0452, VFL train accuracy: 1.0000
2026-04-07 21:29:58,649 - Epoch: 38, 271/274: VFL loss: 0.0001, total loss: 0.0453, anchor loss: 0.0452, VFL train accuracy: 1.0000
2026-04-07 21:29:58,743 - => Recorded Stage 2 client anchor losses for epoch 38 to './results/AVGuard/NUSWIDE/oracle_attack/NUSWIDE_anchor_stage2_3clients_oracle_label\stage2_final_epoch_client_anchor_losses.json': {0: 0.018001, 1: 0.052972, 2: 0.064621}
2026-04-07 21:29:58,750 - => Stage 2 EMA anchor update applied at epoch 38 with momentum 1.0000: updated classes per client {0: 5, 1: 5, 2: 5}
2026-04-07 21:29:58,751 - => Stage 2 Epoch 38 Training Summary: VFL loss: 0.0001, total loss: 0.0453, anchor loss: 0.0452, VFL train accuracy: 1.0000
2026-04-07 21:29:58,751 - => Test ASR...
2026-04-07 21:29:58,862 - =>Add Trigger to Test Data
2026-04-07 21:30:01,735 - Add Trigger to 37064 Bad Samples, 9629 Clean Samples (1.00)
2026-04-07 21:30:09,887 - => Test Epoch: 38, main task samples: 46693, attack samples: 46693, test loss: 1.2090, clean acc: 0.7825, Top-4: 0.9947, ASR: 0.1717, RAC: 0.7332, test target accuracy: 0.8893, stage3 final accuracy: 0.7825, stage3 final target accuracy: 0.7460, stage3 final asr: 0.1717, anchor loss: 0.0810
2026-04-07 21:30:09,887 - => Stage 3 Detection Summary: recall: 0.8358, precision: 0.6049, f1: 0.7018, false positive rate: 0.1985, correction rate: 0.6990
2026-04-07 21:30:09,888 - => Stage 3 Debug (clean): suspicious=9267/46693, correction_applied=9263, prediction_changed=9263, skipped_tied_vote=0, skipped_low_margin=0, skipped_other=4
2026-04-07 21:30:09,888 - => Stage 3 Debug (poison-valid): suspicious=22019/37064, correction_applied=22019, prediction_changed=22019, skipped_tied_vote=0, skipped_low_margin=0, skipped_other=0
2026-04-07 21:30:09,888 - => Stage 3 Debug (attack-success): suspicious=18924/22643, correction_applied=18924, prediction_changed=18924, corrected_to_true=15828
2026-04-07 21:30:09,937 - => End Epoch: 38, early stop epochs: 36, best epoch: 2, best clean acc: 0.8068, best Top-4: 0.9970, best ASR: 0.1207, best RAC: 0.7810, anchor loss: 0.0849
2026-04-07 21:30:09,938 - => Stage 3 Detection Summary: recall: 0.8625, precision: 0.6901, f1: 0.7667, false positive rate: 0.2015, correction rate: 0.7463
2026-04-07 21:30:09,940 - => Oracle-label LFBA skips gradient hard-sample ranking and samples replace targets directly from the known same-label poison set
2026-04-07 21:30:09,957 - => LFBA current anchor-derived target label: 3
2026-04-07 21:30:10,040 - =>Add Trigger to Train Data
2026-04-07 21:30:10,154 - Add Trigger to 1438 Bad Samples, 68528 Clean Samples (0.50)
2026-04-07 21:30:10,157 - => Start Training for Injecting Backdoor...
2026-04-07 21:30:10,200 - Epoch: 39, 1/274: VFL loss: 0.0001, total loss: 0.0428, anchor loss: 0.0427, VFL train accuracy: 1.0000
2026-04-07 21:30:10,685 - Epoch: 39, 11/274: VFL loss: 0.0001, total loss: 0.0452, anchor loss: 0.0451, VFL train accuracy: 1.0000
2026-04-07 21:30:10,957 - Epoch: 39, 21/274: VFL loss: 0.0001, total loss: 0.0453, anchor loss: 0.0451, VFL train accuracy: 1.0000
2026-04-07 21:30:11,237 - Epoch: 39, 31/274: VFL loss: 0.0001, total loss: 0.0443, anchor loss: 0.0442, VFL train accuracy: 1.0000
2026-04-07 21:30:11,533 - Epoch: 39, 41/274: VFL loss: 0.0001, total loss: 0.0444, anchor loss: 0.0442, VFL train accuracy: 1.0000
2026-04-07 21:30:11,776 - Epoch: 39, 51/274: VFL loss: 0.0001, total loss: 0.0446, anchor loss: 0.0445, VFL train accuracy: 1.0000
2026-04-07 21:30:12,044 - Epoch: 39, 61/274: VFL loss: 0.0001, total loss: 0.0447, anchor loss: 0.0446, VFL train accuracy: 1.0000
2026-04-07 21:30:12,308 - Epoch: 39, 71/274: VFL loss: 0.0001, total loss: 0.0450, anchor loss: 0.0449, VFL train accuracy: 1.0000
2026-04-07 21:30:12,579 - Epoch: 39, 81/274: VFL loss: 0.0001, total loss: 0.0450, anchor loss: 0.0449, VFL train accuracy: 1.0000
2026-04-07 21:30:12,837 - Epoch: 39, 91/274: VFL loss: 0.0001, total loss: 0.0450, anchor loss: 0.0449, VFL train accuracy: 1.0000
2026-04-07 21:30:13,096 - Epoch: 39, 101/274: VFL loss: 0.0001, total loss: 0.0450, anchor loss: 0.0448, VFL train accuracy: 1.0000
2026-04-07 21:30:13,362 - Epoch: 39, 111/274: VFL loss: 0.0001, total loss: 0.0448, anchor loss: 0.0447, VFL train accuracy: 1.0000
2026-04-07 21:30:13,620 - Epoch: 39, 121/274: VFL loss: 0.0001, total loss: 0.0450, anchor loss: 0.0448, VFL train accuracy: 1.0000
2026-04-07 21:30:13,882 - Epoch: 39, 131/274: VFL loss: 0.0001, total loss: 0.0449, anchor loss: 0.0448, VFL train accuracy: 1.0000
2026-04-07 21:30:14,178 - Epoch: 39, 141/274: VFL loss: 0.0001, total loss: 0.0449, anchor loss: 0.0448, VFL train accuracy: 1.0000
2026-04-07 21:30:14,421 - Epoch: 39, 151/274: VFL loss: 0.0001, total loss: 0.0449, anchor loss: 0.0448, VFL train accuracy: 1.0000
2026-04-07 21:30:14,680 - Epoch: 39, 161/274: VFL loss: 0.0001, total loss: 0.0450, anchor loss: 0.0448, VFL train accuracy: 1.0000
2026-04-07 21:30:14,977 - Epoch: 39, 171/274: VFL loss: 0.0001, total loss: 0.0449, anchor loss: 0.0448, VFL train accuracy: 1.0000
2026-04-07 21:30:15,230 - Epoch: 39, 181/274: VFL loss: 0.0001, total loss: 0.0449, anchor loss: 0.0448, VFL train accuracy: 1.0000
2026-04-07 21:30:15,488 - Epoch: 39, 191/274: VFL loss: 0.0001, total loss: 0.0449, anchor loss: 0.0448, VFL train accuracy: 1.0000
2026-04-07 21:30:15,745 - Epoch: 39, 201/274: VFL loss: 0.0001, total loss: 0.0449, anchor loss: 0.0448, VFL train accuracy: 1.0000
2026-04-07 21:30:16,028 - Epoch: 39, 211/274: VFL loss: 0.0001, total loss: 0.0448, anchor loss: 0.0447, VFL train accuracy: 1.0000
2026-04-07 21:30:16,298 - Epoch: 39, 221/274: VFL loss: 0.0001, total loss: 0.0449, anchor loss: 0.0447, VFL train accuracy: 1.0000
2026-04-07 21:30:16,563 - Epoch: 39, 231/274: VFL loss: 0.0001, total loss: 0.0448, anchor loss: 0.0447, VFL train accuracy: 1.0000
2026-04-07 21:30:16,826 - Epoch: 39, 241/274: VFL loss: 0.0001, total loss: 0.0448, anchor loss: 0.0447, VFL train accuracy: 1.0000
2026-04-07 21:30:17,077 - Epoch: 39, 251/274: VFL loss: 0.0001, total loss: 0.0449, anchor loss: 0.0447, VFL train accuracy: 1.0000
2026-04-07 21:30:17,343 - Epoch: 39, 261/274: VFL loss: 0.0001, total loss: 0.0448, anchor loss: 0.0447, VFL train accuracy: 1.0000
2026-04-07 21:30:17,615 - Epoch: 39, 271/274: VFL loss: 0.0001, total loss: 0.0449, anchor loss: 0.0448, VFL train accuracy: 1.0000
2026-04-07 21:30:17,701 - => Recorded Stage 2 client anchor losses for epoch 39 to './results/AVGuard/NUSWIDE/oracle_attack/NUSWIDE_anchor_stage2_3clients_oracle_label\stage2_final_epoch_client_anchor_losses.json': {0: 0.017724, 1: 0.052316, 2: 0.064253}
2026-04-07 21:30:17,706 - => Stage 2 EMA anchor update applied at epoch 39 with momentum 1.0000: updated classes per client {0: 5, 1: 5, 2: 5}
2026-04-07 21:30:17,706 - => Stage 2 Epoch 39 Training Summary: VFL loss: 0.0001, total loss: 0.0449, anchor loss: 0.0448, VFL train accuracy: 1.0000
2026-04-07 21:30:17,706 - => Test ASR...
2026-04-07 21:30:17,814 - =>Add Trigger to Test Data
2026-04-07 21:30:20,643 - Add Trigger to 37064 Bad Samples, 9629 Clean Samples (1.00)
2026-04-07 21:30:28,789 - => Test Epoch: 39, main task samples: 46693, attack samples: 46693, test loss: 1.2279, clean acc: 0.7829, Top-4: 0.9948, ASR: 0.1715, RAC: 0.7319, test target accuracy: 0.8863, stage3 final accuracy: 0.7829, stage3 final target accuracy: 0.7423, stage3 final asr: 0.1715, anchor loss: 0.0810
2026-04-07 21:30:28,790 - => Stage 3 Detection Summary: recall: 0.8364, precision: 0.5971, f1: 0.6968, false positive rate: 0.1982, correction rate: 0.6963
2026-04-07 21:30:28,790 - => Stage 3 Debug (clean): suspicious=9255/46693, correction_applied=9246, prediction_changed=9246, skipped_tied_vote=0, skipped_low_margin=0, skipped_other=9
2026-04-07 21:30:28,790 - => Stage 3 Debug (poison-valid): suspicious=21712/37064, correction_applied=21712, prediction_changed=21712, skipped_tied_vote=0, skipped_low_margin=0, skipped_other=0
2026-04-07 21:30:28,790 - => Stage 3 Debug (attack-success): suspicious=18489/22105, correction_applied=18489, prediction_changed=18489, corrected_to_true=15392
2026-04-07 21:30:28,866 - => End Epoch: 39, early stop epochs: 37, best epoch: 2, best clean acc: 0.8068, best Top-4: 0.9970, best ASR: 0.1207, best RAC: 0.7810, anchor loss: 0.0849
2026-04-07 21:30:28,868 - => Stage 3 Detection Summary: recall: 0.8625, precision: 0.6901, f1: 0.7667, false positive rate: 0.2015, correction rate: 0.7463
2026-04-07 21:30:28,872 - => Oracle-label LFBA skips gradient hard-sample ranking and samples replace targets directly from the known same-label poison set
2026-04-07 21:30:28,897 - => LFBA current anchor-derived target label: 3
2026-04-07 21:30:28,981 - =>Add Trigger to Train Data
2026-04-07 21:30:29,112 - Add Trigger to 1438 Bad Samples, 68528 Clean Samples (0.50)
2026-04-07 21:30:29,115 - => Start Training for Injecting Backdoor...
2026-04-07 21:30:29,160 - Epoch: 40, 1/274: VFL loss: 0.0001, total loss: 0.0444, anchor loss: 0.0443, VFL train accuracy: 1.0000
2026-04-07 21:30:29,621 - Epoch: 40, 11/274: VFL loss: 0.0001, total loss: 0.0431, anchor loss: 0.0430, VFL train accuracy: 1.0000
2026-04-07 21:30:29,900 - Epoch: 40, 21/274: VFL loss: 0.0001, total loss: 0.0441, anchor loss: 0.0440, VFL train accuracy: 1.0000
2026-04-07 21:30:30,202 - Epoch: 40, 31/274: VFL loss: 0.0001, total loss: 0.0442, anchor loss: 0.0441, VFL train accuracy: 1.0000
2026-04-07 21:30:30,487 - Epoch: 40, 41/274: VFL loss: 0.0001, total loss: 0.0439, anchor loss: 0.0438, VFL train accuracy: 1.0000
2026-04-07 21:30:30,755 - Epoch: 40, 51/274: VFL loss: 0.0001, total loss: 0.0438, anchor loss: 0.0437, VFL train accuracy: 1.0000
2026-04-07 21:30:31,025 - Epoch: 40, 61/274: VFL loss: 0.0001, total loss: 0.0440, anchor loss: 0.0439, VFL train accuracy: 1.0000
2026-04-07 21:30:31,280 - Epoch: 40, 71/274: VFL loss: 0.0001, total loss: 0.0442, anchor loss: 0.0441, VFL train accuracy: 1.0000
2026-04-07 21:30:31,560 - Epoch: 40, 81/274: VFL loss: 0.0001, total loss: 0.0441, anchor loss: 0.0440, VFL train accuracy: 1.0000
2026-04-07 21:30:31,833 - Epoch: 40, 91/274: VFL loss: 0.0001, total loss: 0.0440, anchor loss: 0.0439, VFL train accuracy: 1.0000
2026-04-07 21:30:32,077 - Epoch: 40, 101/274: VFL loss: 0.0001, total loss: 0.0441, anchor loss: 0.0439, VFL train accuracy: 1.0000
2026-04-07 21:30:32,323 - Epoch: 40, 111/274: VFL loss: 0.0001, total loss: 0.0441, anchor loss: 0.0440, VFL train accuracy: 1.0000
2026-04-07 21:30:32,578 - Epoch: 40, 121/274: VFL loss: 0.0001, total loss: 0.0443, anchor loss: 0.0442, VFL train accuracy: 1.0000
2026-04-07 21:30:32,843 - Epoch: 40, 131/274: VFL loss: 0.0001, total loss: 0.0444, anchor loss: 0.0443, VFL train accuracy: 1.0000
2026-04-07 21:30:33,099 - Epoch: 40, 141/274: VFL loss: 0.0001, total loss: 0.0444, anchor loss: 0.0443, VFL train accuracy: 1.0000
2026-04-07 21:30:33,356 - Epoch: 40, 151/274: VFL loss: 0.0001, total loss: 0.0444, anchor loss: 0.0443, VFL train accuracy: 1.0000
2026-04-07 21:30:33,624 - Epoch: 40, 161/274: VFL loss: 0.0001, total loss: 0.0445, anchor loss: 0.0443, VFL train accuracy: 1.0000
2026-04-07 21:30:33,868 - Epoch: 40, 171/274: VFL loss: 0.0001, total loss: 0.0445, anchor loss: 0.0444, VFL train accuracy: 1.0000
2026-04-07 21:30:34,128 - Epoch: 40, 181/274: VFL loss: 0.0001, total loss: 0.0445, anchor loss: 0.0444, VFL train accuracy: 1.0000
2026-04-07 21:30:34,375 - Epoch: 40, 191/274: VFL loss: 0.0001, total loss: 0.0446, anchor loss: 0.0445, VFL train accuracy: 1.0000
2026-04-07 21:30:34,626 - Epoch: 40, 201/274: VFL loss: 0.0001, total loss: 0.0446, anchor loss: 0.0445, VFL train accuracy: 1.0000
2026-04-07 21:30:34,888 - Epoch: 40, 211/274: VFL loss: 0.0001, total loss: 0.0446, anchor loss: 0.0445, VFL train accuracy: 1.0000
2026-04-07 21:30:35,141 - Epoch: 40, 221/274: VFL loss: 0.0001, total loss: 0.0445, anchor loss: 0.0444, VFL train accuracy: 1.0000
2026-04-07 21:30:35,392 - Epoch: 40, 231/274: VFL loss: 0.0001, total loss: 0.0445, anchor loss: 0.0444, VFL train accuracy: 1.0000
2026-04-07 21:30:35,657 - Epoch: 40, 241/274: VFL loss: 0.0001, total loss: 0.0445, anchor loss: 0.0444, VFL train accuracy: 1.0000
2026-04-07 21:30:35,959 - Epoch: 40, 251/274: VFL loss: 0.0001, total loss: 0.0445, anchor loss: 0.0444, VFL train accuracy: 1.0000
2026-04-07 21:30:36,338 - Epoch: 40, 261/274: VFL loss: 0.0001, total loss: 0.0445, anchor loss: 0.0444, VFL train accuracy: 1.0000
2026-04-07 21:30:36,591 - Epoch: 40, 271/274: VFL loss: 0.0001, total loss: 0.0445, anchor loss: 0.0444, VFL train accuracy: 1.0000
2026-04-07 21:30:36,683 - => Recorded Stage 2 client anchor losses for epoch 40 to './results/AVGuard/NUSWIDE/oracle_attack/NUSWIDE_anchor_stage2_3clients_oracle_label\stage2_final_epoch_client_anchor_losses.json': {0: 0.017481, 1: 0.051688, 2: 0.063876}
2026-04-07 21:30:36,688 - => Stage 2 EMA anchor update applied at epoch 40 with momentum 1.0000: updated classes per client {0: 5, 1: 5, 2: 5}
2026-04-07 21:30:36,688 - => Stage 2 Epoch 40 Training Summary: VFL loss: 0.0001, total loss: 0.0445, anchor loss: 0.0443, VFL train accuracy: 1.0000
2026-04-07 21:30:36,688 - => Test ASR...
2026-04-07 21:30:36,798 - =>Add Trigger to Test Data
2026-04-07 21:30:39,569 - Add Trigger to 37064 Bad Samples, 9629 Clean Samples (1.00)
2026-04-07 21:30:47,716 - => Test Epoch: 40, main task samples: 46693, attack samples: 46693, test loss: 1.2552, clean acc: 0.7828, Top-4: 0.9945, ASR: 0.1691, RAC: 0.7348, test target accuracy: 0.8872, stage3 final accuracy: 0.7828, stage3 final target accuracy: 0.7485, stage3 final asr: 0.1691, anchor loss: 0.0810
2026-04-07 21:30:47,717 - => Stage 3 Detection Summary: recall: 0.8367, precision: 0.6081, f1: 0.7043, false positive rate: 0.1978, correction rate: 0.6991
2026-04-07 21:30:47,717 - => Stage 3 Debug (clean): suspicious=9235/46693, correction_applied=9229, prediction_changed=9229, skipped_tied_vote=0, skipped_low_margin=0, skipped_other=6
2026-04-07 21:30:47,717 - => Stage 3 Debug (poison-valid): suspicious=22040/37064, correction_applied=22040, prediction_changed=22040, skipped_tied_vote=0, skipped_low_margin=0, skipped_other=0
2026-04-07 21:30:47,718 - => Stage 3 Debug (attack-success): suspicious=19017/22728, correction_applied=19017, prediction_changed=19017, corrected_to_true=15890
2026-04-07 21:30:47,762 - => End Epoch: 40, early stop epochs: 38, best epoch: 2, best clean acc: 0.8068, best Top-4: 0.9970, best ASR: 0.1207, best RAC: 0.7810, anchor loss: 0.0849
2026-04-07 21:30:47,762 - => Stage 3 Detection Summary: recall: 0.8625, precision: 0.6901, f1: 0.7667, false positive rate: 0.2015, correction rate: 0.7463
2026-04-07 21:30:47,765 - => Oracle-label LFBA skips gradient hard-sample ranking and samples replace targets directly from the known same-label poison set
2026-04-07 21:30:47,784 - => LFBA current anchor-derived target label: 3
2026-04-07 21:30:47,863 - =>Add Trigger to Train Data
2026-04-07 21:30:47,980 - Add Trigger to 1438 Bad Samples, 68528 Clean Samples (0.50)
2026-04-07 21:30:47,983 - => Start Training for Injecting Backdoor...
2026-04-07 21:30:48,025 - Epoch: 41, 1/274: VFL loss: 0.0001, total loss: 0.0443, anchor loss: 0.0442, VFL train accuracy: 1.0000
2026-04-07 21:30:48,480 - Epoch: 41, 11/274: VFL loss: 0.0001, total loss: 0.0435, anchor loss: 0.0433, VFL train accuracy: 1.0000
2026-04-07 21:30:48,754 - Epoch: 41, 21/274: VFL loss: 0.0001, total loss: 0.0442, anchor loss: 0.0441, VFL train accuracy: 1.0000
2026-04-07 21:30:49,028 - Epoch: 41, 31/274: VFL loss: 0.0001, total loss: 0.0441, anchor loss: 0.0440, VFL train accuracy: 1.0000
2026-04-07 21:30:49,304 - Epoch: 41, 41/274: VFL loss: 0.0001, total loss: 0.0445, anchor loss: 0.0444, VFL train accuracy: 1.0000
2026-04-07 21:30:49,558 - Epoch: 41, 51/274: VFL loss: 0.0001, total loss: 0.0438, anchor loss: 0.0437, VFL train accuracy: 1.0000
2026-04-07 21:30:49,820 - Epoch: 41, 61/274: VFL loss: 0.0001, total loss: 0.0436, anchor loss: 0.0435, VFL train accuracy: 1.0000
2026-04-07 21:30:50,088 - Epoch: 41, 71/274: VFL loss: 0.0001, total loss: 0.0435, anchor loss: 0.0434, VFL train accuracy: 1.0000
2026-04-07 21:30:50,344 - Epoch: 41, 81/274: VFL loss: 0.0001, total loss: 0.0435, anchor loss: 0.0434, VFL train accuracy: 1.0000
2026-04-07 21:30:50,598 - Epoch: 41, 91/274: VFL loss: 0.0001, total loss: 0.0438, anchor loss: 0.0437, VFL train accuracy: 1.0000
2026-04-07 21:30:50,849 - Epoch: 41, 101/274: VFL loss: 0.0001, total loss: 0.0435, anchor loss: 0.0434, VFL train accuracy: 1.0000
2026-04-07 21:30:51,112 - Epoch: 41, 111/274: VFL loss: 0.0001, total loss: 0.0436, anchor loss: 0.0435, VFL train accuracy: 1.0000
2026-04-07 21:30:51,381 - Epoch: 41, 121/274: VFL loss: 0.0001, total loss: 0.0435, anchor loss: 0.0434, VFL train accuracy: 1.0000
2026-04-07 21:30:51,662 - Epoch: 41, 131/274: VFL loss: 0.0001, total loss: 0.0436, anchor loss: 0.0435, VFL train accuracy: 1.0000
2026-04-07 21:30:51,919 - Epoch: 41, 141/274: VFL loss: 0.0001, total loss: 0.0437, anchor loss: 0.0436, VFL train accuracy: 1.0000
2026-04-07 21:30:52,179 - Epoch: 41, 151/274: VFL loss: 0.0001, total loss: 0.0437, anchor loss: 0.0436, VFL train accuracy: 1.0000
2026-04-07 21:30:52,448 - Epoch: 41, 161/274: VFL loss: 0.0001, total loss: 0.0437, anchor loss: 0.0436, VFL train accuracy: 1.0000
2026-04-07 21:30:52,691 - Epoch: 41, 171/274: VFL loss: 0.0001, total loss: 0.0439, anchor loss: 0.0438, VFL train accuracy: 1.0000
2026-04-07 21:30:52,946 - Epoch: 41, 181/274: VFL loss: 0.0001, total loss: 0.0438, anchor loss: 0.0437, VFL train accuracy: 1.0000
2026-04-07 21:30:53,212 - Epoch: 41, 191/274: VFL loss: 0.0001, total loss: 0.0438, anchor loss: 0.0437, VFL train accuracy: 1.0000
2026-04-07 21:30:53,478 - Epoch: 41, 201/274: VFL loss: 0.0001, total loss: 0.0438, anchor loss: 0.0437, VFL train accuracy: 1.0000
2026-04-07 21:30:53,739 - Epoch: 41, 211/274: VFL loss: 0.0001, total loss: 0.0438, anchor loss: 0.0437, VFL train accuracy: 1.0000
2026-04-07 21:30:53,997 - Epoch: 41, 221/274: VFL loss: 0.0001, total loss: 0.0438, anchor loss: 0.0437, VFL train accuracy: 1.0000
2026-04-07 21:30:54,241 - Epoch: 41, 231/274: VFL loss: 0.0001, total loss: 0.0438, anchor loss: 0.0437, VFL train accuracy: 1.0000
2026-04-07 21:30:54,494 - Epoch: 41, 241/274: VFL loss: 0.0001, total loss: 0.0437, anchor loss: 0.0437, VFL train accuracy: 1.0000
2026-04-07 21:30:54,744 - Epoch: 41, 251/274: VFL loss: 0.0001, total loss: 0.0437, anchor loss: 0.0437, VFL train accuracy: 1.0000
2026-04-07 21:30:55,002 - Epoch: 41, 261/274: VFL loss: 0.0001, total loss: 0.0437, anchor loss: 0.0437, VFL train accuracy: 1.0000
2026-04-07 21:30:55,260 - Epoch: 41, 271/274: VFL loss: 0.0001, total loss: 0.0437, anchor loss: 0.0436, VFL train accuracy: 1.0000
2026-04-07 21:30:55,353 - => Recorded Stage 2 client anchor losses for epoch 41 to './results/AVGuard/NUSWIDE/oracle_attack/NUSWIDE_anchor_stage2_3clients_oracle_label\stage2_final_epoch_client_anchor_losses.json': {0: 0.017008, 1: 0.050736, 2: 0.06311}
2026-04-07 21:30:55,358 - => Stage 2 EMA anchor update applied at epoch 41 with momentum 1.0000: updated classes per client {0: 5, 1: 5, 2: 5}
2026-04-07 21:30:55,359 - => Stage 2 Epoch 41 Training Summary: VFL loss: 0.0001, total loss: 0.0437, anchor loss: 0.0436, VFL train accuracy: 1.0000
2026-04-07 21:30:55,359 - => Test ASR...
2026-04-07 21:30:55,465 - =>Add Trigger to Test Data
2026-04-07 21:30:58,334 - Add Trigger to 37064 Bad Samples, 9629 Clean Samples (1.00)
2026-04-07 21:31:06,585 - => Test Epoch: 41, main task samples: 46693, attack samples: 46693, test loss: 1.2576, clean acc: 0.7826, Top-4: 0.9945, ASR: 0.1687, RAC: 0.7346, test target accuracy: 0.8868, stage3 final accuracy: 0.7826, stage3 final target accuracy: 0.7460, stage3 final asr: 0.1687, anchor loss: 0.0810
2026-04-07 21:31:06,585 - => Stage 3 Detection Summary: recall: 0.8372, precision: 0.6070, f1: 0.7038, false positive rate: 0.1985, correction rate: 0.6991
2026-04-07 21:31:06,585 - => Stage 3 Debug (clean): suspicious=9267/46693, correction_applied=9257, prediction_changed=9257, skipped_tied_vote=0, skipped_low_margin=0, skipped_other=10
2026-04-07 21:31:06,586 - => Stage 3 Debug (poison-valid): suspicious=22021/37064, correction_applied=22021, prediction_changed=22021, skipped_tied_vote=0, skipped_low_margin=0, skipped_other=0
2026-04-07 21:31:06,586 - => Stage 3 Debug (attack-success): suspicious=18992/22685, correction_applied=18992, prediction_changed=18992, corrected_to_true=15859
2026-04-07 21:31:06,649 - => End Epoch: 41, early stop epochs: 39, best epoch: 2, best clean acc: 0.8068, best Top-4: 0.9970, best ASR: 0.1207, best RAC: 0.7810, anchor loss: 0.0849
2026-04-07 21:31:06,658 - => Stage 3 Detection Summary: recall: 0.8625, precision: 0.6901, f1: 0.7667, false positive rate: 0.2015, correction rate: 0.7463
2026-04-07 21:31:06,664 - => Oracle-label LFBA skips gradient hard-sample ranking and samples replace targets directly from the known same-label poison set
2026-04-07 21:31:06,697 - => LFBA current anchor-derived target label: 3
2026-04-07 21:31:06,782 - =>Add Trigger to Train Data
2026-04-07 21:31:06,908 - Add Trigger to 1438 Bad Samples, 68528 Clean Samples (0.50)
2026-04-07 21:31:06,912 - => Start Training for Injecting Backdoor...
2026-04-07 21:31:06,957 - Epoch: 42, 1/274: VFL loss: 0.0000, total loss: 0.0396, anchor loss: 0.0396, VFL train accuracy: 1.0000
2026-04-07 21:31:07,408 - Epoch: 42, 11/274: VFL loss: 0.0001, total loss: 0.0452, anchor loss: 0.0451, VFL train accuracy: 1.0000
2026-04-07 21:31:07,675 - Epoch: 42, 21/274: VFL loss: 0.0001, total loss: 0.0437, anchor loss: 0.0436, VFL train accuracy: 1.0000
2026-04-07 21:31:07,975 - Epoch: 42, 31/274: VFL loss: 0.0001, total loss: 0.0441, anchor loss: 0.0440, VFL train accuracy: 1.0000
2026-04-07 21:31:08,250 - Epoch: 42, 41/274: VFL loss: 0.0001, total loss: 0.0443, anchor loss: 0.0442, VFL train accuracy: 1.0000
2026-04-07 21:31:08,519 - Epoch: 42, 51/274: VFL loss: 0.0001, total loss: 0.0438, anchor loss: 0.0437, VFL train accuracy: 1.0000
2026-04-07 21:31:08,784 - Epoch: 42, 61/274: VFL loss: 0.0001, total loss: 0.0437, anchor loss: 0.0436, VFL train accuracy: 1.0000
2026-04-07 21:31:09,056 - Epoch: 42, 71/274: VFL loss: 0.0001, total loss: 0.0435, anchor loss: 0.0434, VFL train accuracy: 1.0000
2026-04-07 21:31:09,307 - Epoch: 42, 81/274: VFL loss: 0.0001, total loss: 0.0436, anchor loss: 0.0435, VFL train accuracy: 1.0000
2026-04-07 21:31:09,556 - Epoch: 42, 91/274: VFL loss: 0.0001, total loss: 0.0435, anchor loss: 0.0434, VFL train accuracy: 1.0000
2026-04-07 21:31:09,818 - Epoch: 42, 101/274: VFL loss: 0.0001, total loss: 0.0434, anchor loss: 0.0433, VFL train accuracy: 1.0000
2026-04-07 21:31:10,099 - Epoch: 42, 111/274: VFL loss: 0.0001, total loss: 0.0434, anchor loss: 0.0433, VFL train accuracy: 1.0000
2026-04-07 21:31:10,373 - Epoch: 42, 121/274: VFL loss: 0.0001, total loss: 0.0435, anchor loss: 0.0434, VFL train accuracy: 1.0000
2026-04-07 21:31:10,632 - Epoch: 42, 131/274: VFL loss: 0.0001, total loss: 0.0436, anchor loss: 0.0435, VFL train accuracy: 1.0000
2026-04-07 21:31:10,891 - Epoch: 42, 141/274: VFL loss: 0.0001, total loss: 0.0437, anchor loss: 0.0436, VFL train accuracy: 1.0000
2026-04-07 21:31:11,149 - Epoch: 42, 151/274: VFL loss: 0.0001, total loss: 0.0437, anchor loss: 0.0436, VFL train accuracy: 1.0000
2026-04-07 21:31:11,412 - Epoch: 42, 161/274: VFL loss: 0.0001, total loss: 0.0437, anchor loss: 0.0436, VFL train accuracy: 1.0000
2026-04-07 21:31:11,673 - Epoch: 42, 171/274: VFL loss: 0.0001, total loss: 0.0436, anchor loss: 0.0435, VFL train accuracy: 1.0000
2026-04-07 21:31:11,950 - Epoch: 42, 181/274: VFL loss: 0.0001, total loss: 0.0436, anchor loss: 0.0435, VFL train accuracy: 1.0000
2026-04-07 21:31:12,211 - Epoch: 42, 191/274: VFL loss: 0.0001, total loss: 0.0435, anchor loss: 0.0435, VFL train accuracy: 1.0000
2026-04-07 21:31:12,473 - Epoch: 42, 201/274: VFL loss: 0.0001, total loss: 0.0435, anchor loss: 0.0434, VFL train accuracy: 1.0000
2026-04-07 21:31:12,745 - Epoch: 42, 211/274: VFL loss: 0.0001, total loss: 0.0435, anchor loss: 0.0435, VFL train accuracy: 1.0000
2026-04-07 21:31:13,006 - Epoch: 42, 221/274: VFL loss: 0.0001, total loss: 0.0435, anchor loss: 0.0434, VFL train accuracy: 1.0000
2026-04-07 21:31:13,273 - Epoch: 42, 231/274: VFL loss: 0.0001, total loss: 0.0435, anchor loss: 0.0434, VFL train accuracy: 1.0000
2026-04-07 21:31:13,534 - Epoch: 42, 241/274: VFL loss: 0.0001, total loss: 0.0436, anchor loss: 0.0435, VFL train accuracy: 1.0000
2026-04-07 21:31:13,817 - Epoch: 42, 251/274: VFL loss: 0.0001, total loss: 0.0437, anchor loss: 0.0436, VFL train accuracy: 1.0000
2026-04-07 21:31:14,082 - Epoch: 42, 261/274: VFL loss: 0.0001, total loss: 0.0436, anchor loss: 0.0436, VFL train accuracy: 1.0000
2026-04-07 21:31:14,359 - Epoch: 42, 271/274: VFL loss: 0.0001, total loss: 0.0436, anchor loss: 0.0436, VFL train accuracy: 1.0000
2026-04-07 21:31:14,520 - => Recorded Stage 2 client anchor losses for epoch 42 to './results/AVGuard/NUSWIDE/oracle_attack/NUSWIDE_anchor_stage2_3clients_oracle_label\stage2_final_epoch_client_anchor_losses.json': {0: 0.016976, 1: 0.050628, 2: 0.063042}
2026-04-07 21:31:14,525 - => Stage 2 EMA anchor update applied at epoch 42 with momentum 1.0000: updated classes per client {0: 5, 1: 5, 2: 5}
2026-04-07 21:31:14,525 - => Stage 2 Epoch 42 Training Summary: VFL loss: 0.0001, total loss: 0.0436, anchor loss: 0.0435, VFL train accuracy: 1.0000
2026-04-07 21:31:14,525 - => Test ASR...
2026-04-07 21:31:14,634 - =>Add Trigger to Test Data
2026-04-07 21:31:17,406 - Add Trigger to 37064 Bad Samples, 9629 Clean Samples (1.00)
2026-04-07 21:31:25,517 - => Test Epoch: 42, main task samples: 46693, attack samples: 46693, test loss: 1.2610, clean acc: 0.7828, Top-4: 0.9945, ASR: 0.1690, RAC: 0.7345, test target accuracy: 0.8872, stage3 final accuracy: 0.7828, stage3 final target accuracy: 0.7473, stage3 final asr: 0.1690, anchor loss: 0.0810
2026-04-07 21:31:25,518 - => Stage 3 Detection Summary: recall: 0.8368, precision: 0.6076, f1: 0.7040, false positive rate: 0.1984, correction rate: 0.6986
2026-04-07 21:31:25,518 - => Stage 3 Debug (clean): suspicious=9262/46693, correction_applied=9249, prediction_changed=9249, skipped_tied_vote=0, skipped_low_margin=0, skipped_other=13
2026-04-07 21:31:25,518 - => Stage 3 Debug (poison-valid): suspicious=22038/37064, correction_applied=22038, prediction_changed=22038, skipped_tied_vote=0, skipped_low_margin=0, skipped_other=0
2026-04-07 21:31:25,519 - => Stage 3 Debug (attack-success): suspicious=19018/22726, correction_applied=19018, prediction_changed=19018, corrected_to_true=15877
2026-04-07 21:31:25,561 - => End Epoch: 42, early stop epochs: 40, best epoch: 2, best clean acc: 0.8068, best Top-4: 0.9970, best ASR: 0.1207, best RAC: 0.7810, anchor loss: 0.0849
2026-04-07 21:31:25,565 - => Stage 3 Detection Summary: recall: 0.8625, precision: 0.6901, f1: 0.7667, false positive rate: 0.2015, correction rate: 0.7463
2026-04-07 21:31:25,568 - => Oracle-label LFBA skips gradient hard-sample ranking and samples replace targets directly from the known same-label poison set
2026-04-07 21:31:25,587 - => LFBA current anchor-derived target label: 3
2026-04-07 21:31:25,666 - =>Add Trigger to Train Data
2026-04-07 21:31:25,786 - Add Trigger to 1438 Bad Samples, 68528 Clean Samples (0.50)
2026-04-07 21:31:25,789 - => Start Training for Injecting Backdoor...
2026-04-07 21:31:25,835 - Epoch: 43, 1/274: VFL loss: 0.0000, total loss: 0.0437, anchor loss: 0.0436, VFL train accuracy: 1.0000
2026-04-07 21:31:26,309 - Epoch: 43, 11/274: VFL loss: 0.0001, total loss: 0.0440, anchor loss: 0.0440, VFL train accuracy: 1.0000
2026-04-07 21:31:26,575 - Epoch: 43, 21/274: VFL loss: 0.0001, total loss: 0.0445, anchor loss: 0.0444, VFL train accuracy: 1.0000
2026-04-07 21:31:26,849 - Epoch: 43, 31/274: VFL loss: 0.0001, total loss: 0.0439, anchor loss: 0.0438, VFL train accuracy: 1.0000
2026-04-07 21:31:27,135 - Epoch: 43, 41/274: VFL loss: 0.0001, total loss: 0.0441, anchor loss: 0.0440, VFL train accuracy: 1.0000
2026-04-07 21:31:27,397 - Epoch: 43, 51/274: VFL loss: 0.0001, total loss: 0.0438, anchor loss: 0.0438, VFL train accuracy: 1.0000
2026-04-07 21:31:27,710 - Epoch: 43, 61/274: VFL loss: 0.0001, total loss: 0.0438, anchor loss: 0.0437, VFL train accuracy: 1.0000
2026-04-07 21:31:27,990 - Epoch: 43, 71/274: VFL loss: 0.0001, total loss: 0.0438, anchor loss: 0.0437, VFL train accuracy: 1.0000
2026-04-07 21:31:28,258 - Epoch: 43, 81/274: VFL loss: 0.0001, total loss: 0.0435, anchor loss: 0.0434, VFL train accuracy: 1.0000
2026-04-07 21:31:28,511 - Epoch: 43, 91/274: VFL loss: 0.0001, total loss: 0.0433, anchor loss: 0.0432, VFL train accuracy: 1.0000
2026-04-07 21:31:28,771 - Epoch: 43, 101/274: VFL loss: 0.0001, total loss: 0.0435, anchor loss: 0.0434, VFL train accuracy: 1.0000
2026-04-07 21:31:29,027 - Epoch: 43, 111/274: VFL loss: 0.0001, total loss: 0.0437, anchor loss: 0.0436, VFL train accuracy: 1.0000
2026-04-07 21:31:29,287 - Epoch: 43, 121/274: VFL loss: 0.0001, total loss: 0.0436, anchor loss: 0.0435, VFL train accuracy: 1.0000
2026-04-07 21:31:29,542 - Epoch: 43, 131/274: VFL loss: 0.0001, total loss: 0.0434, anchor loss: 0.0433, VFL train accuracy: 1.0000
2026-04-07 21:31:29,833 - Epoch: 43, 141/274: VFL loss: 0.0001, total loss: 0.0435, anchor loss: 0.0434, VFL train accuracy: 1.0000
2026-04-07 21:31:30,090 - Epoch: 43, 151/274: VFL loss: 0.0001, total loss: 0.0435, anchor loss: 0.0434, VFL train accuracy: 1.0000
2026-04-07 21:31:30,352 - Epoch: 43, 161/274: VFL loss: 0.0001, total loss: 0.0435, anchor loss: 0.0434, VFL train accuracy: 1.0000
2026-04-07 21:31:30,615 - Epoch: 43, 171/274: VFL loss: 0.0001, total loss: 0.0436, anchor loss: 0.0435, VFL train accuracy: 1.0000
2026-04-07 21:31:30,878 - Epoch: 43, 181/274: VFL loss: 0.0001, total loss: 0.0436, anchor loss: 0.0435, VFL train accuracy: 1.0000
2026-04-07 21:31:31,137 - Epoch: 43, 191/274: VFL loss: 0.0001, total loss: 0.0436, anchor loss: 0.0435, VFL train accuracy: 1.0000
2026-04-07 21:31:31,420 - Epoch: 43, 201/274: VFL loss: 0.0001, total loss: 0.0436, anchor loss: 0.0435, VFL train accuracy: 1.0000
2026-04-07 21:31:31,714 - Epoch: 43, 211/274: VFL loss: 0.0001, total loss: 0.0435, anchor loss: 0.0434, VFL train accuracy: 1.0000
2026-04-07 21:31:31,956 - Epoch: 43, 221/274: VFL loss: 0.0001, total loss: 0.0435, anchor loss: 0.0434, VFL train accuracy: 1.0000
2026-04-07 21:31:32,204 - Epoch: 43, 231/274: VFL loss: 0.0001, total loss: 0.0435, anchor loss: 0.0434, VFL train accuracy: 1.0000
2026-04-07 21:31:32,466 - Epoch: 43, 241/274: VFL loss: 0.0001, total loss: 0.0435, anchor loss: 0.0434, VFL train accuracy: 1.0000
2026-04-07 21:31:32,738 - Epoch: 43, 251/274: VFL loss: 0.0001, total loss: 0.0435, anchor loss: 0.0434, VFL train accuracy: 1.0000
2026-04-07 21:31:33,139 - Epoch: 43, 261/274: VFL loss: 0.0001, total loss: 0.0436, anchor loss: 0.0435, VFL train accuracy: 1.0000
2026-04-07 21:31:33,405 - Epoch: 43, 271/274: VFL loss: 0.0001, total loss: 0.0435, anchor loss: 0.0434, VFL train accuracy: 1.0000
2026-04-07 21:31:33,494 - => Recorded Stage 2 client anchor losses for epoch 43 to './results/AVGuard/NUSWIDE/oracle_attack/NUSWIDE_anchor_stage2_3clients_oracle_label\stage2_final_epoch_client_anchor_losses.json': {0: 0.016944, 1: 0.050545, 2: 0.062937}
2026-04-07 21:31:33,501 - => Stage 2 EMA anchor update applied at epoch 43 with momentum 1.0000: updated classes per client {0: 5, 1: 5, 2: 5}
2026-04-07 21:31:33,501 - => Stage 2 Epoch 43 Training Summary: VFL loss: 0.0001, total loss: 0.0436, anchor loss: 0.0435, VFL train accuracy: 1.0000
2026-04-07 21:31:33,501 - => Test ASR...
2026-04-07 21:31:33,605 - =>Add Trigger to Test Data
2026-04-07 21:31:36,437 - Add Trigger to 37064 Bad Samples, 9629 Clean Samples (1.00)
2026-04-07 21:31:44,562 - => Test Epoch: 43, main task samples: 46693, attack samples: 46693, test loss: 1.2642, clean acc: 0.7832, Top-4: 0.9945, ASR: 0.1688, RAC: 0.7349, test target accuracy: 0.8870, stage3 final accuracy: 0.7832, stage3 final target accuracy: 0.7474, stage3 final asr: 0.1688, anchor loss: 0.0811
2026-04-07 21:31:44,563 - => Stage 3 Detection Summary: recall: 0.8372, precision: 0.6084, f1: 0.7047, false positive rate: 0.1980, correction rate: 0.6994
2026-04-07 21:31:44,563 - => Stage 3 Debug (clean): suspicious=9245/46693, correction_applied=9234, prediction_changed=9234, skipped_tied_vote=0, skipped_low_margin=0, skipped_other=11
2026-04-07 21:31:44,563 - => Stage 3 Debug (poison-valid): suspicious=22060/37064, correction_applied=22060, prediction_changed=22060, skipped_tied_vote=0, skipped_low_margin=0, skipped_other=0
2026-04-07 21:31:44,564 - => Stage 3 Debug (attack-success): suspicious=19046/22750, correction_applied=19046, prediction_changed=19046, corrected_to_true=15912
2026-04-07 21:31:44,608 - => End Epoch: 43, early stop epochs: 41, best epoch: 2, best clean acc: 0.8068, best Top-4: 0.9970, best ASR: 0.1207, best RAC: 0.7810, anchor loss: 0.0849
2026-04-07 21:31:44,610 - => Stage 3 Detection Summary: recall: 0.8625, precision: 0.6901, f1: 0.7667, false positive rate: 0.2015, correction rate: 0.7463
2026-04-07 21:31:44,611 - => Oracle-label LFBA skips gradient hard-sample ranking and samples replace targets directly from the known same-label poison set
2026-04-07 21:31:44,632 - => LFBA current anchor-derived target label: 3
2026-04-07 21:31:44,714 - =>Add Trigger to Train Data
2026-04-07 21:31:44,830 - Add Trigger to 1438 Bad Samples, 68528 Clean Samples (0.50)
2026-04-07 21:31:44,833 - => Start Training for Injecting Backdoor...
2026-04-07 21:31:44,870 - Epoch: 44, 1/274: VFL loss: 0.0001, total loss: 0.0424, anchor loss: 0.0423, VFL train accuracy: 1.0000
2026-04-07 21:31:45,301 - Epoch: 44, 11/274: VFL loss: 0.0001, total loss: 0.0426, anchor loss: 0.0425, VFL train accuracy: 1.0000
2026-04-07 21:31:45,550 - Epoch: 44, 21/274: VFL loss: 0.0001, total loss: 0.0442, anchor loss: 0.0441, VFL train accuracy: 1.0000
2026-04-07 21:31:45,814 - Epoch: 44, 31/274: VFL loss: 0.0001, total loss: 0.0436, anchor loss: 0.0435, VFL train accuracy: 1.0000
2026-04-07 21:31:46,099 - Epoch: 44, 41/274: VFL loss: 0.0001, total loss: 0.0432, anchor loss: 0.0431, VFL train accuracy: 1.0000
2026-04-07 21:31:46,356 - Epoch: 44, 51/274: VFL loss: 0.0001, total loss: 0.0433, anchor loss: 0.0432, VFL train accuracy: 1.0000
2026-04-07 21:31:46,621 - Epoch: 44, 61/274: VFL loss: 0.0001, total loss: 0.0435, anchor loss: 0.0434, VFL train accuracy: 1.0000
2026-04-07 21:31:46,911 - Epoch: 44, 71/274: VFL loss: 0.0001, total loss: 0.0438, anchor loss: 0.0437, VFL train accuracy: 1.0000
2026-04-07 21:31:47,164 - Epoch: 44, 81/274: VFL loss: 0.0001, total loss: 0.0436, anchor loss: 0.0435, VFL train accuracy: 1.0000
2026-04-07 21:31:47,426 - Epoch: 44, 91/274: VFL loss: 0.0001, total loss: 0.0438, anchor loss: 0.0437, VFL train accuracy: 1.0000
2026-04-07 21:31:47,702 - Epoch: 44, 101/274: VFL loss: 0.0001, total loss: 0.0437, anchor loss: 0.0436, VFL train accuracy: 1.0000
2026-04-07 21:31:47,952 - Epoch: 44, 111/274: VFL loss: 0.0001, total loss: 0.0437, anchor loss: 0.0436, VFL train accuracy: 1.0000
2026-04-07 21:31:48,200 - Epoch: 44, 121/274: VFL loss: 0.0001, total loss: 0.0436, anchor loss: 0.0435, VFL train accuracy: 1.0000
2026-04-07 21:31:48,458 - Epoch: 44, 131/274: VFL loss: 0.0001, total loss: 0.0437, anchor loss: 0.0436, VFL train accuracy: 1.0000
2026-04-07 21:31:48,716 - Epoch: 44, 141/274: VFL loss: 0.0001, total loss: 0.0435, anchor loss: 0.0434, VFL train accuracy: 1.0000
2026-04-07 21:31:48,990 - Epoch: 44, 151/274: VFL loss: 0.0001, total loss: 0.0436, anchor loss: 0.0435, VFL train accuracy: 1.0000
2026-04-07 21:31:49,247 - Epoch: 44, 161/274: VFL loss: 0.0001, total loss: 0.0436, anchor loss: 0.0435, VFL train accuracy: 1.0000
2026-04-07 21:31:49,514 - Epoch: 44, 171/274: VFL loss: 0.0001, total loss: 0.0436, anchor loss: 0.0435, VFL train accuracy: 1.0000
2026-04-07 21:31:49,767 - Epoch: 44, 181/274: VFL loss: 0.0001, total loss: 0.0435, anchor loss: 0.0434, VFL train accuracy: 1.0000
2026-04-07 21:31:50,027 - Epoch: 44, 191/274: VFL loss: 0.0001, total loss: 0.0436, anchor loss: 0.0435, VFL train accuracy: 1.0000
2026-04-07 21:31:50,285 - Epoch: 44, 201/274: VFL loss: 0.0001, total loss: 0.0436, anchor loss: 0.0435, VFL train accuracy: 1.0000
2026-04-07 21:31:50,540 - Epoch: 44, 211/274: VFL loss: 0.0001, total loss: 0.0436, anchor loss: 0.0436, VFL train accuracy: 1.0000
2026-04-07 21:31:50,869 - Epoch: 44, 221/274: VFL loss: 0.0001, total loss: 0.0436, anchor loss: 0.0435, VFL train accuracy: 1.0000
2026-04-07 21:31:51,108 - Epoch: 44, 231/274: VFL loss: 0.0001, total loss: 0.0436, anchor loss: 0.0435, VFL train accuracy: 1.0000
2026-04-07 21:31:51,385 - Epoch: 44, 241/274: VFL loss: 0.0001, total loss: 0.0436, anchor loss: 0.0435, VFL train accuracy: 1.0000
2026-04-07 21:31:51,649 - Epoch: 44, 251/274: VFL loss: 0.0001, total loss: 0.0436, anchor loss: 0.0435, VFL train accuracy: 1.0000
2026-04-07 21:31:51,907 - Epoch: 44, 261/274: VFL loss: 0.0001, total loss: 0.0436, anchor loss: 0.0435, VFL train accuracy: 1.0000
2026-04-07 21:31:52,159 - Epoch: 44, 271/274: VFL loss: 0.0001, total loss: 0.0435, anchor loss: 0.0434, VFL train accuracy: 1.0000
2026-04-07 21:31:52,251 - => Recorded Stage 2 client anchor losses for epoch 44 to './results/AVGuard/NUSWIDE/oracle_attack/NUSWIDE_anchor_stage2_3clients_oracle_label\stage2_final_epoch_client_anchor_losses.json': {0: 0.016912, 1: 0.050462, 2: 0.062902}
2026-04-07 21:31:52,257 - => Stage 2 EMA anchor update applied at epoch 44 with momentum 1.0000: updated classes per client {0: 5, 1: 5, 2: 5}
2026-04-07 21:31:52,257 - => Stage 2 Epoch 44 Training Summary: VFL loss: 0.0001, total loss: 0.0435, anchor loss: 0.0434, VFL train accuracy: 1.0000
2026-04-07 21:31:52,259 - => Test ASR...
2026-04-07 21:31:52,368 - =>Add Trigger to Test Data
2026-04-07 21:31:55,154 - Add Trigger to 37064 Bad Samples, 9629 Clean Samples (1.00)
2026-04-07 21:32:03,345 - => Test Epoch: 44, main task samples: 46693, attack samples: 46693, test loss: 1.2678, clean acc: 0.7835, Top-4: 0.9945, ASR: 0.1691, RAC: 0.7351, test target accuracy: 0.8876, stage3 final accuracy: 0.7835, stage3 final target accuracy: 0.7483, stage3 final asr: 0.1691, anchor loss: 0.0811
2026-04-07 21:32:03,345 - => Stage 3 Detection Summary: recall: 0.8367, precision: 0.6092, f1: 0.7051, false positive rate: 0.1978, correction rate: 0.6995
2026-04-07 21:32:03,345 - => Stage 3 Debug (clean): suspicious=9237/46693, correction_applied=9223, prediction_changed=9223, skipped_tied_vote=0, skipped_low_margin=0, skipped_other=14
2026-04-07 21:32:03,346 - => Stage 3 Debug (poison-valid): suspicious=22079/37064, correction_applied=22079, prediction_changed=22079, skipped_tied_vote=0, skipped_low_margin=0, skipped_other=0
2026-04-07 21:32:03,346 - => Stage 3 Debug (attack-success): suspicious=19078/22802, correction_applied=19078, prediction_changed=19078, corrected_to_true=15949
2026-04-07 21:32:03,392 - => End Epoch: 44, early stop epochs: 42, best epoch: 2, best clean acc: 0.8068, best Top-4: 0.9970, best ASR: 0.1207, best RAC: 0.7810, anchor loss: 0.0849
2026-04-07 21:32:03,392 - => Stage 3 Detection Summary: recall: 0.8625, precision: 0.6901, f1: 0.7667, false positive rate: 0.2015, correction rate: 0.7463
2026-04-07 21:32:03,395 - => Oracle-label LFBA skips gradient hard-sample ranking and samples replace targets directly from the known same-label poison set
2026-04-07 21:32:03,413 - => LFBA current anchor-derived target label: 3
2026-04-07 21:32:03,491 - =>Add Trigger to Train Data
2026-04-07 21:32:03,618 - Add Trigger to 1438 Bad Samples, 68528 Clean Samples (0.50)
2026-04-07 21:32:03,620 - => Start Training for Injecting Backdoor...
2026-04-07 21:32:03,666 - Epoch: 45, 1/274: VFL loss: 0.0001, total loss: 0.0412, anchor loss: 0.0410, VFL train accuracy: 1.0000
2026-04-07 21:32:04,155 - Epoch: 45, 11/274: VFL loss: 0.0001, total loss: 0.0437, anchor loss: 0.0436, VFL train accuracy: 1.0000
2026-04-07 21:32:04,424 - Epoch: 45, 21/274: VFL loss: 0.0001, total loss: 0.0439, anchor loss: 0.0438, VFL train accuracy: 1.0000
2026-04-07 21:32:04,724 - Epoch: 45, 31/274: VFL loss: 0.0001, total loss: 0.0440, anchor loss: 0.0439, VFL train accuracy: 1.0000
2026-04-07 21:32:04,987 - Epoch: 45, 41/274: VFL loss: 0.0001, total loss: 0.0438, anchor loss: 0.0437, VFL train accuracy: 1.0000
2026-04-07 21:32:05,246 - Epoch: 45, 51/274: VFL loss: 0.0001, total loss: 0.0432, anchor loss: 0.0431, VFL train accuracy: 1.0000
2026-04-07 21:32:05,497 - Epoch: 45, 61/274: VFL loss: 0.0001, total loss: 0.0434, anchor loss: 0.0433, VFL train accuracy: 1.0000
2026-04-07 21:32:05,805 - Epoch: 45, 71/274: VFL loss: 0.0001, total loss: 0.0431, anchor loss: 0.0430, VFL train accuracy: 1.0000
2026-04-07 21:32:06,055 - Epoch: 45, 81/274: VFL loss: 0.0001, total loss: 0.0431, anchor loss: 0.0430, VFL train accuracy: 1.0000
2026-04-07 21:32:06,340 - Epoch: 45, 91/274: VFL loss: 0.0001, total loss: 0.0432, anchor loss: 0.0431, VFL train accuracy: 1.0000
2026-04-07 21:32:06,603 - Epoch: 45, 101/274: VFL loss: 0.0001, total loss: 0.0433, anchor loss: 0.0432, VFL train accuracy: 1.0000
2026-04-07 21:32:06,848 - Epoch: 45, 111/274: VFL loss: 0.0001, total loss: 0.0433, anchor loss: 0.0432, VFL train accuracy: 1.0000
2026-04-07 21:32:07,100 - Epoch: 45, 121/274: VFL loss: 0.0001, total loss: 0.0435, anchor loss: 0.0434, VFL train accuracy: 1.0000
2026-04-07 21:32:07,361 - Epoch: 45, 131/274: VFL loss: 0.0001, total loss: 0.0435, anchor loss: 0.0434, VFL train accuracy: 1.0000
2026-04-07 21:32:07,634 - Epoch: 45, 141/274: VFL loss: 0.0001, total loss: 0.0435, anchor loss: 0.0434, VFL train accuracy: 1.0000
2026-04-07 21:32:07,890 - Epoch: 45, 151/274: VFL loss: 0.0001, total loss: 0.0434, anchor loss: 0.0433, VFL train accuracy: 1.0000
2026-04-07 21:32:08,139 - Epoch: 45, 161/274: VFL loss: 0.0001, total loss: 0.0433, anchor loss: 0.0432, VFL train accuracy: 1.0000
2026-04-07 21:32:08,404 - Epoch: 45, 171/274: VFL loss: 0.0001, total loss: 0.0433, anchor loss: 0.0432, VFL train accuracy: 1.0000
2026-04-07 21:32:08,651 - Epoch: 45, 181/274: VFL loss: 0.0001, total loss: 0.0433, anchor loss: 0.0433, VFL train accuracy: 1.0000
2026-04-07 21:32:08,916 - Epoch: 45, 191/274: VFL loss: 0.0001, total loss: 0.0433, anchor loss: 0.0432, VFL train accuracy: 1.0000
2026-04-07 21:32:09,173 - Epoch: 45, 201/274: VFL loss: 0.0001, total loss: 0.0433, anchor loss: 0.0432, VFL train accuracy: 1.0000
2026-04-07 21:32:09,432 - Epoch: 45, 211/274: VFL loss: 0.0001, total loss: 0.0432, anchor loss: 0.0432, VFL train accuracy: 1.0000
2026-04-07 21:32:09,753 - Epoch: 45, 221/274: VFL loss: 0.0001, total loss: 0.0433, anchor loss: 0.0432, VFL train accuracy: 1.0000
2026-04-07 21:32:10,018 - Epoch: 45, 231/274: VFL loss: 0.0001, total loss: 0.0433, anchor loss: 0.0432, VFL train accuracy: 1.0000
2026-04-07 21:32:10,269 - Epoch: 45, 241/274: VFL loss: 0.0001, total loss: 0.0434, anchor loss: 0.0433, VFL train accuracy: 1.0000
2026-04-07 21:32:10,548 - Epoch: 45, 251/274: VFL loss: 0.0001, total loss: 0.0434, anchor loss: 0.0433, VFL train accuracy: 1.0000
2026-04-07 21:32:10,827 - Epoch: 45, 261/274: VFL loss: 0.0001, total loss: 0.0434, anchor loss: 0.0433, VFL train accuracy: 1.0000
2026-04-07 21:32:11,083 - Epoch: 45, 271/274: VFL loss: 0.0001, total loss: 0.0435, anchor loss: 0.0434, VFL train accuracy: 1.0000
2026-04-07 21:32:11,174 - => Recorded Stage 2 client anchor losses for epoch 45 to './results/AVGuard/NUSWIDE/oracle_attack/NUSWIDE_anchor_stage2_3clients_oracle_label\stage2_final_epoch_client_anchor_losses.json': {0: 0.016878, 1: 0.050381, 2: 0.062871}
2026-04-07 21:32:11,180 - => Stage 2 EMA anchor update applied at epoch 45 with momentum 1.0000: updated classes per client {0: 5, 1: 5, 2: 5}
2026-04-07 21:32:11,180 - => Stage 2 Epoch 45 Training Summary: VFL loss: 0.0001, total loss: 0.0435, anchor loss: 0.0434, VFL train accuracy: 1.0000
2026-04-07 21:32:11,180 - => Test ASR...
2026-04-07 21:32:11,286 - =>Add Trigger to Test Data
2026-04-07 21:32:14,144 - Add Trigger to 37064 Bad Samples, 9629 Clean Samples (1.00)
2026-04-07 21:32:22,257 - => Test Epoch: 45, main task samples: 46693, attack samples: 46693, test loss: 1.2715, clean acc: 0.7836, Top-4: 0.9945, ASR: 0.1682, RAC: 0.7355, test target accuracy: 0.8871, stage3 final accuracy: 0.7836, stage3 final target accuracy: 0.7470, stage3 final asr: 0.1682, anchor loss: 0.0811
2026-04-07 21:32:22,258 - => Stage 3 Detection Summary: recall: 0.8376, precision: 0.6097, f1: 0.7057, false positive rate: 0.1978, correction rate: 0.7005
2026-04-07 21:32:22,260 - => Stage 3 Debug (clean): suspicious=9236/46693, correction_applied=9225, prediction_changed=9225, skipped_tied_vote=0, skipped_low_margin=0, skipped_other=11
2026-04-07 21:32:22,260 - => Stage 3 Debug (poison-valid): suspicious=22092/37064, correction_applied=22092, prediction_changed=22092, skipped_tied_vote=0, skipped_low_margin=0, skipped_other=0
2026-04-07 21:32:22,260 - => Stage 3 Debug (attack-success): suspicious=19100/22802, correction_applied=19100, prediction_changed=19100, corrected_to_true=15973
2026-04-07 21:32:22,321 - => End Epoch: 45, early stop epochs: 43, best epoch: 2, best clean acc: 0.8068, best Top-4: 0.9970, best ASR: 0.1207, best RAC: 0.7810, anchor loss: 0.0849
2026-04-07 21:32:22,322 - => Stage 3 Detection Summary: recall: 0.8625, precision: 0.6901, f1: 0.7667, false positive rate: 0.2015, correction rate: 0.7463
2026-04-07 21:32:22,324 - => Oracle-label LFBA skips gradient hard-sample ranking and samples replace targets directly from the known same-label poison set
2026-04-07 21:32:22,346 - => LFBA current anchor-derived target label: 3
2026-04-07 21:32:22,429 - =>Add Trigger to Train Data
2026-04-07 21:32:22,542 - Add Trigger to 1438 Bad Samples, 68528 Clean Samples (0.50)
2026-04-07 21:32:22,544 - => Start Training for Injecting Backdoor...
2026-04-07 21:32:22,584 - Epoch: 46, 1/274: VFL loss: 0.0001, total loss: 0.0436, anchor loss: 0.0435, VFL train accuracy: 1.0000
2026-04-07 21:32:23,028 - Epoch: 46, 11/274: VFL loss: 0.0001, total loss: 0.0419, anchor loss: 0.0418, VFL train accuracy: 1.0000
2026-04-07 21:32:23,305 - Epoch: 46, 21/274: VFL loss: 0.0001, total loss: 0.0434, anchor loss: 0.0432, VFL train accuracy: 1.0000
2026-04-07 21:32:23,563 - Epoch: 46, 31/274: VFL loss: 0.0001, total loss: 0.0431, anchor loss: 0.0430, VFL train accuracy: 1.0000
2026-04-07 21:32:23,844 - Epoch: 46, 41/274: VFL loss: 0.0001, total loss: 0.0433, anchor loss: 0.0432, VFL train accuracy: 1.0000
2026-04-07 21:32:24,103 - Epoch: 46, 51/274: VFL loss: 0.0001, total loss: 0.0435, anchor loss: 0.0434, VFL train accuracy: 1.0000
2026-04-07 21:32:24,400 - Epoch: 46, 61/274: VFL loss: 0.0001, total loss: 0.0434, anchor loss: 0.0433, VFL train accuracy: 1.0000
2026-04-07 21:32:24,670 - Epoch: 46, 71/274: VFL loss: 0.0001, total loss: 0.0436, anchor loss: 0.0435, VFL train accuracy: 1.0000
2026-04-07 21:32:24,927 - Epoch: 46, 81/274: VFL loss: 0.0001, total loss: 0.0437, anchor loss: 0.0436, VFL train accuracy: 1.0000
2026-04-07 21:32:25,187 - Epoch: 46, 91/274: VFL loss: 0.0001, total loss: 0.0436, anchor loss: 0.0435, VFL train accuracy: 1.0000
2026-04-07 21:32:25,454 - Epoch: 46, 101/274: VFL loss: 0.0001, total loss: 0.0436, anchor loss: 0.0435, VFL train accuracy: 1.0000
2026-04-07 21:32:25,725 - Epoch: 46, 111/274: VFL loss: 0.0001, total loss: 0.0434, anchor loss: 0.0433, VFL train accuracy: 1.0000
2026-04-07 21:32:25,978 - Epoch: 46, 121/274: VFL loss: 0.0001, total loss: 0.0434, anchor loss: 0.0433, VFL train accuracy: 1.0000
2026-04-07 21:32:26,238 - Epoch: 46, 131/274: VFL loss: 0.0001, total loss: 0.0434, anchor loss: 0.0433, VFL train accuracy: 1.0000
2026-04-07 21:32:26,498 - Epoch: 46, 141/274: VFL loss: 0.0001, total loss: 0.0434, anchor loss: 0.0433, VFL train accuracy: 1.0000
2026-04-07 21:32:26,788 - Epoch: 46, 151/274: VFL loss: 0.0001, total loss: 0.0434, anchor loss: 0.0433, VFL train accuracy: 1.0000
2026-04-07 21:32:27,045 - Epoch: 46, 161/274: VFL loss: 0.0001, total loss: 0.0434, anchor loss: 0.0433, VFL train accuracy: 1.0000
2026-04-07 21:32:27,299 - Epoch: 46, 171/274: VFL loss: 0.0001, total loss: 0.0435, anchor loss: 0.0434, VFL train accuracy: 1.0000
2026-04-07 21:32:27,561 - Epoch: 46, 181/274: VFL loss: 0.0001, total loss: 0.0434, anchor loss: 0.0433, VFL train accuracy: 1.0000
2026-04-07 21:32:27,822 - Epoch: 46, 191/274: VFL loss: 0.0001, total loss: 0.0435, anchor loss: 0.0434, VFL train accuracy: 1.0000
2026-04-07 21:32:28,084 - Epoch: 46, 201/274: VFL loss: 0.0001, total loss: 0.0435, anchor loss: 0.0434, VFL train accuracy: 1.0000
2026-04-07 21:32:28,349 - Epoch: 46, 211/274: VFL loss: 0.0001, total loss: 0.0436, anchor loss: 0.0435, VFL train accuracy: 1.0000
2026-04-07 21:32:28,611 - Epoch: 46, 221/274: VFL loss: 0.0001, total loss: 0.0436, anchor loss: 0.0435, VFL train accuracy: 1.0000
2026-04-07 21:32:28,848 - Epoch: 46, 231/274: VFL loss: 0.0001, total loss: 0.0436, anchor loss: 0.0435, VFL train accuracy: 1.0000
2026-04-07 21:32:29,112 - Epoch: 46, 241/274: VFL loss: 0.0001, total loss: 0.0435, anchor loss: 0.0434, VFL train accuracy: 1.0000
2026-04-07 21:32:29,523 - Epoch: 46, 251/274: VFL loss: 0.0001, total loss: 0.0435, anchor loss: 0.0434, VFL train accuracy: 1.0000
2026-04-07 21:32:29,778 - Epoch: 46, 261/274: VFL loss: 0.0001, total loss: 0.0435, anchor loss: 0.0434, VFL train accuracy: 1.0000
2026-04-07 21:32:30,062 - Epoch: 46, 271/274: VFL loss: 0.0001, total loss: 0.0434, anchor loss: 0.0434, VFL train accuracy: 1.0000
2026-04-07 21:32:30,152 - => Recorded Stage 2 client anchor losses for epoch 46 to './results/AVGuard/NUSWIDE/oracle_attack/NUSWIDE_anchor_stage2_3clients_oracle_label\stage2_final_epoch_client_anchor_losses.json': {0: 0.016843, 1: 0.050301, 2: 0.062835}
2026-04-07 21:32:30,157 - => Stage 2 EMA anchor update applied at epoch 46 with momentum 1.0000: updated classes per client {0: 5, 1: 5, 2: 5}
2026-04-07 21:32:30,157 - => Stage 2 Epoch 46 Training Summary: VFL loss: 0.0001, total loss: 0.0434, anchor loss: 0.0433, VFL train accuracy: 1.0000
2026-04-07 21:32:30,158 - => Test ASR...
2026-04-07 21:32:30,265 - =>Add Trigger to Test Data
2026-04-07 21:32:33,109 - Add Trigger to 37064 Bad Samples, 9629 Clean Samples (1.00)
2026-04-07 21:32:41,169 - => Test Epoch: 46, main task samples: 46693, attack samples: 46693, test loss: 1.2762, clean acc: 0.7835, Top-4: 0.9945, ASR: 0.1684, RAC: 0.7352, test target accuracy: 0.8877, stage3 final accuracy: 0.7835, stage3 final target accuracy: 0.7471, stage3 final asr: 0.1684, anchor loss: 0.0811
2026-04-07 21:32:41,169 - => Stage 3 Detection Summary: recall: 0.8374, precision: 0.6096, f1: 0.7056, false positive rate: 0.1980, correction rate: 0.7001
2026-04-07 21:32:41,170 - => Stage 3 Debug (clean): suspicious=9245/46693, correction_applied=9229, prediction_changed=9229, skipped_tied_vote=0, skipped_low_margin=0, skipped_other=16
2026-04-07 21:32:41,170 - => Stage 3 Debug (poison-valid): suspicious=22099/37064, correction_applied=22099, prediction_changed=22099, skipped_tied_vote=0, skipped_low_margin=0, skipped_other=0
2026-04-07 21:32:41,170 - => Stage 3 Debug (attack-success): suspicious=19107/22816, correction_applied=19107, prediction_changed=19107, corrected_to_true=15973
2026-04-07 21:32:41,217 - => End Epoch: 46, early stop epochs: 44, best epoch: 2, best clean acc: 0.8068, best Top-4: 0.9970, best ASR: 0.1207, best RAC: 0.7810, anchor loss: 0.0849
2026-04-07 21:32:41,217 - => Stage 3 Detection Summary: recall: 0.8625, precision: 0.6901, f1: 0.7667, false positive rate: 0.2015, correction rate: 0.7463
2026-04-07 21:32:41,219 - => Oracle-label LFBA skips gradient hard-sample ranking and samples replace targets directly from the known same-label poison set
2026-04-07 21:32:41,238 - => LFBA current anchor-derived target label: 3
2026-04-07 21:32:41,317 - =>Add Trigger to Train Data
2026-04-07 21:32:41,424 - Add Trigger to 1438 Bad Samples, 68528 Clean Samples (0.50)
2026-04-07 21:32:41,428 - => Start Training for Injecting Backdoor...
2026-04-07 21:32:41,468 - Epoch: 47, 1/274: VFL loss: 0.0000, total loss: 0.0463, anchor loss: 0.0463, VFL train accuracy: 1.0000
2026-04-07 21:32:41,890 - Epoch: 47, 11/274: VFL loss: 0.0001, total loss: 0.0442, anchor loss: 0.0441, VFL train accuracy: 1.0000
2026-04-07 21:32:42,144 - Epoch: 47, 21/274: VFL loss: 0.0001, total loss: 0.0435, anchor loss: 0.0434, VFL train accuracy: 1.0000
2026-04-07 21:32:42,398 - Epoch: 47, 31/274: VFL loss: 0.0001, total loss: 0.0437, anchor loss: 0.0436, VFL train accuracy: 1.0000
2026-04-07 21:32:42,684 - Epoch: 47, 41/274: VFL loss: 0.0001, total loss: 0.0434, anchor loss: 0.0433, VFL train accuracy: 1.0000
2026-04-07 21:32:42,979 - Epoch: 47, 51/274: VFL loss: 0.0001, total loss: 0.0430, anchor loss: 0.0430, VFL train accuracy: 1.0000
2026-04-07 21:32:43,212 - Epoch: 47, 61/274: VFL loss: 0.0001, total loss: 0.0432, anchor loss: 0.0431, VFL train accuracy: 1.0000
2026-04-07 21:32:43,460 - Epoch: 47, 71/274: VFL loss: 0.0001, total loss: 0.0433, anchor loss: 0.0432, VFL train accuracy: 1.0000
2026-04-07 21:32:43,734 - Epoch: 47, 81/274: VFL loss: 0.0001, total loss: 0.0433, anchor loss: 0.0432, VFL train accuracy: 1.0000
2026-04-07 21:32:43,982 - Epoch: 47, 91/274: VFL loss: 0.0001, total loss: 0.0433, anchor loss: 0.0432, VFL train accuracy: 1.0000
2026-04-07 21:32:44,232 - Epoch: 47, 101/274: VFL loss: 0.0001, total loss: 0.0434, anchor loss: 0.0433, VFL train accuracy: 1.0000
2026-04-07 21:32:44,492 - Epoch: 47, 111/274: VFL loss: 0.0001, total loss: 0.0433, anchor loss: 0.0432, VFL train accuracy: 1.0000
2026-04-07 21:32:44,762 - Epoch: 47, 121/274: VFL loss: 0.0001, total loss: 0.0434, anchor loss: 0.0434, VFL train accuracy: 1.0000
2026-04-07 21:32:45,029 - Epoch: 47, 131/274: VFL loss: 0.0001, total loss: 0.0433, anchor loss: 0.0433, VFL train accuracy: 1.0000
2026-04-07 21:32:45,291 - Epoch: 47, 141/274: VFL loss: 0.0001, total loss: 0.0434, anchor loss: 0.0433, VFL train accuracy: 1.0000
2026-04-07 21:32:45,586 - Epoch: 47, 151/274: VFL loss: 0.0001, total loss: 0.0433, anchor loss: 0.0432, VFL train accuracy: 1.0000
2026-04-07 21:32:45,841 - Epoch: 47, 161/274: VFL loss: 0.0001, total loss: 0.0434, anchor loss: 0.0434, VFL train accuracy: 1.0000
2026-04-07 21:32:46,095 - Epoch: 47, 171/274: VFL loss: 0.0001, total loss: 0.0434, anchor loss: 0.0433, VFL train accuracy: 1.0000
2026-04-07 21:32:46,353 - Epoch: 47, 181/274: VFL loss: 0.0001, total loss: 0.0434, anchor loss: 0.0433, VFL train accuracy: 1.0000
2026-04-07 21:32:46,655 - Epoch: 47, 191/274: VFL loss: 0.0001, total loss: 0.0434, anchor loss: 0.0434, VFL train accuracy: 1.0000
2026-04-07 21:32:46,914 - Epoch: 47, 201/274: VFL loss: 0.0001, total loss: 0.0436, anchor loss: 0.0435, VFL train accuracy: 1.0000
2026-04-07 21:32:47,176 - Epoch: 47, 211/274: VFL loss: 0.0001, total loss: 0.0435, anchor loss: 0.0434, VFL train accuracy: 1.0000
2026-04-07 21:32:47,434 - Epoch: 47, 221/274: VFL loss: 0.0001, total loss: 0.0435, anchor loss: 0.0434, VFL train accuracy: 1.0000
2026-04-07 21:32:47,697 - Epoch: 47, 231/274: VFL loss: 0.0001, total loss: 0.0433, anchor loss: 0.0432, VFL train accuracy: 1.0000
2026-04-07 21:32:47,984 - Epoch: 47, 241/274: VFL loss: 0.0001, total loss: 0.0434, anchor loss: 0.0433, VFL train accuracy: 1.0000
2026-04-07 21:32:48,238 - Epoch: 47, 251/274: VFL loss: 0.0001, total loss: 0.0433, anchor loss: 0.0432, VFL train accuracy: 1.0000
2026-04-07 21:32:48,504 - Epoch: 47, 261/274: VFL loss: 0.0001, total loss: 0.0434, anchor loss: 0.0433, VFL train accuracy: 1.0000
2026-04-07 21:32:48,786 - Epoch: 47, 271/274: VFL loss: 0.0001, total loss: 0.0434, anchor loss: 0.0433, VFL train accuracy: 1.0000
2026-04-07 21:32:48,880 - => Recorded Stage 2 client anchor losses for epoch 47 to './results/AVGuard/NUSWIDE/oracle_attack/NUSWIDE_anchor_stage2_3clients_oracle_label\stage2_final_epoch_client_anchor_losses.json': {0: 0.016809, 1: 0.050217, 2: 0.062784}
2026-04-07 21:32:48,886 - => Stage 2 EMA anchor update applied at epoch 47 with momentum 1.0000: updated classes per client {0: 5, 1: 5, 2: 5}
2026-04-07 21:32:48,886 - => Stage 2 Epoch 47 Training Summary: VFL loss: 0.0001, total loss: 0.0434, anchor loss: 0.0433, VFL train accuracy: 1.0000
2026-04-07 21:32:48,886 - => Test ASR...
2026-04-07 21:32:48,995 - =>Add Trigger to Test Data
2026-04-07 21:32:51,928 - Add Trigger to 37064 Bad Samples, 9629 Clean Samples (1.00)
2026-04-07 21:33:00,200 - => Test Epoch: 47, main task samples: 46693, attack samples: 46693, test loss: 1.2814, clean acc: 0.7835, Top-4: 0.9945, ASR: 0.1681, RAC: 0.7354, test target accuracy: 0.8878, stage3 final accuracy: 0.7835, stage3 final target accuracy: 0.7472, stage3 final asr: 0.1681, anchor loss: 0.0811
2026-04-07 21:33:00,202 - => Stage 3 Detection Summary: recall: 0.8375, precision: 0.6109, f1: 0.7064, false positive rate: 0.1977, correction rate: 0.7004
2026-04-07 21:33:00,202 - => Stage 3 Debug (clean): suspicious=9232/46693, correction_applied=9222, prediction_changed=9222, skipped_tied_vote=0, skipped_low_margin=0, skipped_other=10
2026-04-07 21:33:00,202 - => Stage 3 Debug (poison-valid): suspicious=22132/37064, correction_applied=22132, prediction_changed=22132, skipped_tied_vote=0, skipped_low_margin=0, skipped_other=0
2026-04-07 21:33:00,202 - => Stage 3 Debug (attack-success): suspicious=19159/22877, correction_applied=19159, prediction_changed=19159, corrected_to_true=16022
2026-04-07 21:33:00,251 - => End Epoch: 47, early stop epochs: 45, best epoch: 2, best clean acc: 0.8068, best Top-4: 0.9970, best ASR: 0.1207, best RAC: 0.7810, anchor loss: 0.0849
2026-04-07 21:33:00,252 - => Stage 3 Detection Summary: recall: 0.8625, precision: 0.6901, f1: 0.7667, false positive rate: 0.2015, correction rate: 0.7463
2026-04-07 21:33:00,255 - => Oracle-label LFBA skips gradient hard-sample ranking and samples replace targets directly from the known same-label poison set
2026-04-07 21:33:00,273 - => LFBA current anchor-derived target label: 3
2026-04-07 21:33:00,354 - =>Add Trigger to Train Data
2026-04-07 21:33:00,479 - Add Trigger to 1438 Bad Samples, 68528 Clean Samples (0.50)
2026-04-07 21:33:00,481 - => Start Training for Injecting Backdoor...
2026-04-07 21:33:00,526 - Epoch: 48, 1/274: VFL loss: 0.0001, total loss: 0.0489, anchor loss: 0.0487, VFL train accuracy: 1.0000
2026-04-07 21:33:01,026 - Epoch: 48, 11/274: VFL loss: 0.0001, total loss: 0.0441, anchor loss: 0.0440, VFL train accuracy: 1.0000
2026-04-07 21:33:01,286 - Epoch: 48, 21/274: VFL loss: 0.0001, total loss: 0.0444, anchor loss: 0.0443, VFL train accuracy: 1.0000
2026-04-07 21:33:01,560 - Epoch: 48, 31/274: VFL loss: 0.0001, total loss: 0.0437, anchor loss: 0.0436, VFL train accuracy: 1.0000
2026-04-07 21:33:01,858 - Epoch: 48, 41/274: VFL loss: 0.0001, total loss: 0.0437, anchor loss: 0.0437, VFL train accuracy: 1.0000
2026-04-07 21:33:02,120 - Epoch: 48, 51/274: VFL loss: 0.0001, total loss: 0.0435, anchor loss: 0.0434, VFL train accuracy: 1.0000
2026-04-07 21:33:02,396 - Epoch: 48, 61/274: VFL loss: 0.0001, total loss: 0.0438, anchor loss: 0.0437, VFL train accuracy: 1.0000
2026-04-07 21:33:02,678 - Epoch: 48, 71/274: VFL loss: 0.0001, total loss: 0.0438, anchor loss: 0.0437, VFL train accuracy: 1.0000
2026-04-07 21:33:02,948 - Epoch: 48, 81/274: VFL loss: 0.0001, total loss: 0.0438, anchor loss: 0.0438, VFL train accuracy: 1.0000
2026-04-07 21:33:03,205 - Epoch: 48, 91/274: VFL loss: 0.0001, total loss: 0.0440, anchor loss: 0.0439, VFL train accuracy: 1.0000
2026-04-07 21:33:03,472 - Epoch: 48, 101/274: VFL loss: 0.0001, total loss: 0.0440, anchor loss: 0.0439, VFL train accuracy: 1.0000
2026-04-07 21:33:03,741 - Epoch: 48, 111/274: VFL loss: 0.0001, total loss: 0.0439, anchor loss: 0.0439, VFL train accuracy: 1.0000
2026-04-07 21:33:04,011 - Epoch: 48, 121/274: VFL loss: 0.0001, total loss: 0.0439, anchor loss: 0.0438, VFL train accuracy: 1.0000
2026-04-07 21:33:04,278 - Epoch: 48, 131/274: VFL loss: 0.0001, total loss: 0.0439, anchor loss: 0.0438, VFL train accuracy: 1.0000
2026-04-07 21:33:04,534 - Epoch: 48, 141/274: VFL loss: 0.0001, total loss: 0.0436, anchor loss: 0.0436, VFL train accuracy: 1.0000
2026-04-07 21:33:04,807 - Epoch: 48, 151/274: VFL loss: 0.0001, total loss: 0.0436, anchor loss: 0.0435, VFL train accuracy: 1.0000
2026-04-07 21:33:05,080 - Epoch: 48, 161/274: VFL loss: 0.0001, total loss: 0.0435, anchor loss: 0.0434, VFL train accuracy: 1.0000
2026-04-07 21:33:05,352 - Epoch: 48, 171/274: VFL loss: 0.0001, total loss: 0.0434, anchor loss: 0.0434, VFL train accuracy: 1.0000
2026-04-07 21:33:05,610 - Epoch: 48, 181/274: VFL loss: 0.0001, total loss: 0.0434, anchor loss: 0.0433, VFL train accuracy: 1.0000
2026-04-07 21:33:05,862 - Epoch: 48, 191/274: VFL loss: 0.0001, total loss: 0.0434, anchor loss: 0.0433, VFL train accuracy: 1.0000
2026-04-07 21:33:06,133 - Epoch: 48, 201/274: VFL loss: 0.0001, total loss: 0.0434, anchor loss: 0.0433, VFL train accuracy: 1.0000
2026-04-07 21:33:06,424 - Epoch: 48, 211/274: VFL loss: 0.0001, total loss: 0.0435, anchor loss: 0.0434, VFL train accuracy: 1.0000
2026-04-07 21:33:06,672 - Epoch: 48, 221/274: VFL loss: 0.0001, total loss: 0.0434, anchor loss: 0.0433, VFL train accuracy: 1.0000
2026-04-07 21:33:06,940 - Epoch: 48, 231/274: VFL loss: 0.0001, total loss: 0.0433, anchor loss: 0.0432, VFL train accuracy: 1.0000
2026-04-07 21:33:07,209 - Epoch: 48, 241/274: VFL loss: 0.0001, total loss: 0.0433, anchor loss: 0.0432, VFL train accuracy: 1.0000
2026-04-07 21:33:07,458 - Epoch: 48, 251/274: VFL loss: 0.0001, total loss: 0.0434, anchor loss: 0.0433, VFL train accuracy: 1.0000
2026-04-07 21:33:07,716 - Epoch: 48, 261/274: VFL loss: 0.0001, total loss: 0.0434, anchor loss: 0.0433, VFL train accuracy: 1.0000
2026-04-07 21:33:07,995 - Epoch: 48, 271/274: VFL loss: 0.0001, total loss: 0.0433, anchor loss: 0.0432, VFL train accuracy: 1.0000
2026-04-07 21:33:08,088 - => Recorded Stage 2 client anchor losses for epoch 48 to './results/AVGuard/NUSWIDE/oracle_attack/NUSWIDE_anchor_stage2_3clients_oracle_label\stage2_final_epoch_client_anchor_losses.json': {0: 0.016772, 1: 0.050136, 2: 0.062751}
2026-04-07 21:33:08,092 - => Stage 2 EMA anchor update applied at epoch 48 with momentum 1.0000: updated classes per client {0: 5, 1: 5, 2: 5}
2026-04-07 21:33:08,093 - => Stage 2 Epoch 48 Training Summary: VFL loss: 0.0001, total loss: 0.0433, anchor loss: 0.0432, VFL train accuracy: 1.0000
2026-04-07 21:33:08,093 - => Test ASR...
2026-04-07 21:33:08,203 - =>Add Trigger to Test Data
2026-04-07 21:33:11,216 - Add Trigger to 37064 Bad Samples, 9629 Clean Samples (1.00)
2026-04-07 21:33:19,180 - => Test Epoch: 48, main task samples: 46693, attack samples: 46693, test loss: 1.2872, clean acc: 0.7833, Top-4: 0.9944, ASR: 0.1680, RAC: 0.7354, test target accuracy: 0.8878, stage3 final accuracy: 0.7833, stage3 final target accuracy: 0.7472, stage3 final asr: 0.1680, anchor loss: 0.0811
2026-04-07 21:33:19,181 - => Stage 3 Detection Summary: recall: 0.8378, precision: 0.6114, f1: 0.7069, false positive rate: 0.1978, correction rate: 0.7006
2026-04-07 21:33:19,181 - => Stage 3 Debug (clean): suspicious=9234/46693, correction_applied=9220, prediction_changed=9220, skipped_tied_vote=0, skipped_low_margin=0, skipped_other=14
2026-04-07 21:33:19,182 - => Stage 3 Debug (poison-valid): suspicious=22162/37064, correction_applied=22162, prediction_changed=22162, skipped_tied_vote=0, skipped_low_margin=0, skipped_other=0
2026-04-07 21:33:19,182 - => Stage 3 Debug (attack-success): suspicious=19196/22912, correction_applied=19196, prediction_changed=19196, corrected_to_true=16053
2026-04-07 21:33:19,230 - => End Epoch: 48, early stop epochs: 46, best epoch: 2, best clean acc: 0.8068, best Top-4: 0.9970, best ASR: 0.1207, best RAC: 0.7810, anchor loss: 0.0849
2026-04-07 21:33:19,230 - => Stage 3 Detection Summary: recall: 0.8625, precision: 0.6901, f1: 0.7667, false positive rate: 0.2015, correction rate: 0.7463
2026-04-07 21:33:19,233 - => Oracle-label LFBA skips gradient hard-sample ranking and samples replace targets directly from the known same-label poison set
2026-04-07 21:33:19,253 - => LFBA current anchor-derived target label: 3
2026-04-07 21:33:19,334 - =>Add Trigger to Train Data
2026-04-07 21:33:19,453 - Add Trigger to 1438 Bad Samples, 68528 Clean Samples (0.50)
2026-04-07 21:33:19,455 - => Start Training for Injecting Backdoor...
2026-04-07 21:33:19,502 - Epoch: 49, 1/274: VFL loss: 0.0000, total loss: 0.0401, anchor loss: 0.0400, VFL train accuracy: 1.0000
2026-04-07 21:33:19,968 - Epoch: 49, 11/274: VFL loss: 0.0001, total loss: 0.0428, anchor loss: 0.0427, VFL train accuracy: 1.0000
2026-04-07 21:33:20,246 - Epoch: 49, 21/274: VFL loss: 0.0001, total loss: 0.0429, anchor loss: 0.0428, VFL train accuracy: 1.0000
2026-04-07 21:33:20,526 - Epoch: 49, 31/274: VFL loss: 0.0001, total loss: 0.0425, anchor loss: 0.0424, VFL train accuracy: 1.0000
2026-04-07 21:33:20,801 - Epoch: 49, 41/274: VFL loss: 0.0001, total loss: 0.0430, anchor loss: 0.0429, VFL train accuracy: 1.0000
2026-04-07 21:33:21,056 - Epoch: 49, 51/274: VFL loss: 0.0001, total loss: 0.0429, anchor loss: 0.0429, VFL train accuracy: 1.0000
2026-04-07 21:33:21,336 - Epoch: 49, 61/274: VFL loss: 0.0001, total loss: 0.0430, anchor loss: 0.0430, VFL train accuracy: 1.0000
2026-04-07 21:33:21,620 - Epoch: 49, 71/274: VFL loss: 0.0001, total loss: 0.0430, anchor loss: 0.0429, VFL train accuracy: 1.0000
2026-04-07 21:33:21,892 - Epoch: 49, 81/274: VFL loss: 0.0001, total loss: 0.0429, anchor loss: 0.0428, VFL train accuracy: 1.0000
2026-04-07 21:33:22,156 - Epoch: 49, 91/274: VFL loss: 0.0001, total loss: 0.0430, anchor loss: 0.0429, VFL train accuracy: 1.0000
2026-04-07 21:33:22,410 - Epoch: 49, 101/274: VFL loss: 0.0001, total loss: 0.0430, anchor loss: 0.0430, VFL train accuracy: 1.0000
2026-04-07 21:33:22,676 - Epoch: 49, 111/274: VFL loss: 0.0001, total loss: 0.0431, anchor loss: 0.0430, VFL train accuracy: 1.0000
2026-04-07 21:33:22,936 - Epoch: 49, 121/274: VFL loss: 0.0001, total loss: 0.0429, anchor loss: 0.0428, VFL train accuracy: 1.0000
2026-04-07 21:33:23,199 - Epoch: 49, 131/274: VFL loss: 0.0001, total loss: 0.0429, anchor loss: 0.0428, VFL train accuracy: 1.0000
2026-04-07 21:33:23,456 - Epoch: 49, 141/274: VFL loss: 0.0001, total loss: 0.0429, anchor loss: 0.0428, VFL train accuracy: 1.0000
2026-04-07 21:33:23,710 - Epoch: 49, 151/274: VFL loss: 0.0001, total loss: 0.0429, anchor loss: 0.0428, VFL train accuracy: 1.0000
2026-04-07 21:33:23,984 - Epoch: 49, 161/274: VFL loss: 0.0001, total loss: 0.0429, anchor loss: 0.0428, VFL train accuracy: 1.0000
2026-04-07 21:33:24,255 - Epoch: 49, 171/274: VFL loss: 0.0001, total loss: 0.0429, anchor loss: 0.0428, VFL train accuracy: 1.0000
2026-04-07 21:33:24,513 - Epoch: 49, 181/274: VFL loss: 0.0001, total loss: 0.0429, anchor loss: 0.0428, VFL train accuracy: 1.0000
2026-04-07 21:33:24,780 - Epoch: 49, 191/274: VFL loss: 0.0001, total loss: 0.0429, anchor loss: 0.0428, VFL train accuracy: 1.0000
2026-04-07 21:33:25,052 - Epoch: 49, 201/274: VFL loss: 0.0001, total loss: 0.0430, anchor loss: 0.0429, VFL train accuracy: 1.0000
2026-04-07 21:33:25,310 - Epoch: 49, 211/274: VFL loss: 0.0001, total loss: 0.0430, anchor loss: 0.0429, VFL train accuracy: 1.0000
2026-04-07 21:33:25,615 - Epoch: 49, 221/274: VFL loss: 0.0001, total loss: 0.0430, anchor loss: 0.0429, VFL train accuracy: 1.0000
2026-04-07 21:33:25,856 - Epoch: 49, 231/274: VFL loss: 0.0001, total loss: 0.0430, anchor loss: 0.0429, VFL train accuracy: 1.0000
2026-04-07 21:33:26,114 - Epoch: 49, 241/274: VFL loss: 0.0001, total loss: 0.0431, anchor loss: 0.0430, VFL train accuracy: 1.0000
2026-04-07 21:33:26,494 - Epoch: 49, 251/274: VFL loss: 0.0001, total loss: 0.0431, anchor loss: 0.0430, VFL train accuracy: 1.0000
2026-04-07 21:33:26,751 - Epoch: 49, 261/274: VFL loss: 0.0001, total loss: 0.0431, anchor loss: 0.0430, VFL train accuracy: 1.0000
2026-04-07 21:33:27,020 - Epoch: 49, 271/274: VFL loss: 0.0001, total loss: 0.0432, anchor loss: 0.0431, VFL train accuracy: 1.0000
2026-04-07 21:33:27,111 - => Recorded Stage 2 client anchor losses for epoch 49 to './results/AVGuard/NUSWIDE/oracle_attack/NUSWIDE_anchor_stage2_3clients_oracle_label\stage2_final_epoch_client_anchor_losses.json': {0: 0.016735, 1: 0.050052, 2: 0.062634}
2026-04-07 21:33:27,118 - => Stage 2 EMA anchor update applied at epoch 49 with momentum 1.0000: updated classes per client {0: 5, 1: 5, 2: 5}
2026-04-07 21:33:27,118 - => Stage 2 Epoch 49 Training Summary: VFL loss: 0.0001, total loss: 0.0432, anchor loss: 0.0431, VFL train accuracy: 1.0000
2026-04-07 21:33:27,118 - => Test ASR...
2026-04-07 21:33:27,228 - =>Add Trigger to Test Data
2026-04-07 21:33:30,091 - Add Trigger to 37064 Bad Samples, 9629 Clean Samples (1.00)
2026-04-07 21:33:38,289 - => Test Epoch: 49, main task samples: 46693, attack samples: 46693, test loss: 1.2940, clean acc: 0.7837, Top-4: 0.9945, ASR: 0.1680, RAC: 0.7359, test target accuracy: 0.8880, stage3 final accuracy: 0.7837, stage3 final target accuracy: 0.7492, stage3 final asr: 0.1680, anchor loss: 0.0811
2026-04-07 21:33:38,289 - => Stage 3 Detection Summary: recall: 0.8374, precision: 0.6124, f1: 0.7075, false positive rate: 0.1976, correction rate: 0.7007
2026-04-07 21:33:38,289 - => Stage 3 Debug (clean): suspicious=9227/46693, correction_applied=9210, prediction_changed=9210, skipped_tied_vote=0, skipped_low_margin=0, skipped_other=17
2026-04-07 21:33:38,290 - => Stage 3 Debug (poison-valid): suspicious=22181/37064, correction_applied=22181, prediction_changed=22181, skipped_tied_vote=0, skipped_low_margin=0, skipped_other=0
2026-04-07 21:33:38,290 - => Stage 3 Debug (attack-success): suspicious=19235/22970, correction_applied=19235, prediction_changed=19235, corrected_to_true=16094
2026-04-07 21:33:38,338 - => End Epoch: 49, early stop epochs: 47, best epoch: 2, best clean acc: 0.8068, best Top-4: 0.9970, best ASR: 0.1207, best RAC: 0.7810, anchor loss: 0.0849
2026-04-07 21:33:38,339 - => Stage 3 Detection Summary: recall: 0.8625, precision: 0.6901, f1: 0.7667, false positive rate: 0.2015, correction rate: 0.7463
2026-04-07 21:33:38,340 - => Oracle-label LFBA skips gradient hard-sample ranking and samples replace targets directly from the known same-label poison set
2026-04-07 21:33:38,358 - => LFBA current anchor-derived target label: 3
2026-04-07 21:33:38,439 - =>Add Trigger to Train Data
2026-04-07 21:33:38,550 - Add Trigger to 1438 Bad Samples, 68528 Clean Samples (0.50)
2026-04-07 21:33:38,554 - => Start Training for Injecting Backdoor...
2026-04-07 21:33:38,590 - Epoch: 50, 1/274: VFL loss: 0.0000, total loss: 0.0449, anchor loss: 0.0449, VFL train accuracy: 1.0000
2026-04-07 21:33:39,005 - Epoch: 50, 11/274: VFL loss: 0.0000, total loss: 0.0414, anchor loss: 0.0414, VFL train accuracy: 1.0000
2026-04-07 21:33:39,270 - Epoch: 50, 21/274: VFL loss: 0.0001, total loss: 0.0431, anchor loss: 0.0431, VFL train accuracy: 1.0000
2026-04-07 21:33:39,539 - Epoch: 50, 31/274: VFL loss: 0.0001, total loss: 0.0437, anchor loss: 0.0436, VFL train accuracy: 1.0000
2026-04-07 21:33:39,822 - Epoch: 50, 41/274: VFL loss: 0.0001, total loss: 0.0440, anchor loss: 0.0439, VFL train accuracy: 1.0000
2026-04-07 21:33:40,078 - Epoch: 50, 51/274: VFL loss: 0.0001, total loss: 0.0437, anchor loss: 0.0436, VFL train accuracy: 1.0000
2026-04-07 21:33:40,351 - Epoch: 50, 61/274: VFL loss: 0.0001, total loss: 0.0436, anchor loss: 0.0435, VFL train accuracy: 1.0000
2026-04-07 21:33:40,630 - Epoch: 50, 71/274: VFL loss: 0.0001, total loss: 0.0435, anchor loss: 0.0434, VFL train accuracy: 1.0000
2026-04-07 21:33:40,895 - Epoch: 50, 81/274: VFL loss: 0.0001, total loss: 0.0433, anchor loss: 0.0433, VFL train accuracy: 1.0000
2026-04-07 21:33:41,152 - Epoch: 50, 91/274: VFL loss: 0.0001, total loss: 0.0434, anchor loss: 0.0433, VFL train accuracy: 1.0000
2026-04-07 21:33:41,407 - Epoch: 50, 101/274: VFL loss: 0.0001, total loss: 0.0434, anchor loss: 0.0434, VFL train accuracy: 1.0000
2026-04-07 21:33:41,675 - Epoch: 50, 111/274: VFL loss: 0.0001, total loss: 0.0434, anchor loss: 0.0433, VFL train accuracy: 1.0000
2026-04-07 21:33:41,944 - Epoch: 50, 121/274: VFL loss: 0.0001, total loss: 0.0436, anchor loss: 0.0435, VFL train accuracy: 1.0000
2026-04-07 21:33:42,204 - Epoch: 50, 131/274: VFL loss: 0.0001, total loss: 0.0434, anchor loss: 0.0433, VFL train accuracy: 1.0000
2026-04-07 21:33:42,467 - Epoch: 50, 141/274: VFL loss: 0.0001, total loss: 0.0433, anchor loss: 0.0433, VFL train accuracy: 1.0000
2026-04-07 21:33:42,735 - Epoch: 50, 151/274: VFL loss: 0.0001, total loss: 0.0433, anchor loss: 0.0432, VFL train accuracy: 1.0000
2026-04-07 21:33:42,980 - Epoch: 50, 161/274: VFL loss: 0.0001, total loss: 0.0432, anchor loss: 0.0431, VFL train accuracy: 1.0000
2026-04-07 21:33:43,239 - Epoch: 50, 171/274: VFL loss: 0.0001, total loss: 0.0432, anchor loss: 0.0431, VFL train accuracy: 1.0000
2026-04-07 21:33:43,502 - Epoch: 50, 181/274: VFL loss: 0.0001, total loss: 0.0432, anchor loss: 0.0431, VFL train accuracy: 1.0000
2026-04-07 21:33:43,765 - Epoch: 50, 191/274: VFL loss: 0.0001, total loss: 0.0432, anchor loss: 0.0431, VFL train accuracy: 1.0000
2026-04-07 21:33:44,020 - Epoch: 50, 201/274: VFL loss: 0.0001, total loss: 0.0432, anchor loss: 0.0431, VFL train accuracy: 1.0000
2026-04-07 21:33:44,296 - Epoch: 50, 211/274: VFL loss: 0.0001, total loss: 0.0432, anchor loss: 0.0431, VFL train accuracy: 1.0000
2026-04-07 21:33:44,580 - Epoch: 50, 221/274: VFL loss: 0.0001, total loss: 0.0432, anchor loss: 0.0431, VFL train accuracy: 1.0000
2026-04-07 21:33:44,818 - Epoch: 50, 231/274: VFL loss: 0.0001, total loss: 0.0432, anchor loss: 0.0431, VFL train accuracy: 1.0000
2026-04-07 21:33:45,094 - Epoch: 50, 241/274: VFL loss: 0.0001, total loss: 0.0432, anchor loss: 0.0431, VFL train accuracy: 1.0000
2026-04-07 21:33:45,371 - Epoch: 50, 251/274: VFL loss: 0.0001, total loss: 0.0432, anchor loss: 0.0431, VFL train accuracy: 1.0000
2026-04-07 21:33:45,650 - Epoch: 50, 261/274: VFL loss: 0.0001, total loss: 0.0432, anchor loss: 0.0431, VFL train accuracy: 1.0000
2026-04-07 21:33:45,906 - Epoch: 50, 271/274: VFL loss: 0.0001, total loss: 0.0432, anchor loss: 0.0431, VFL train accuracy: 1.0000
2026-04-07 21:33:46,001 - => Recorded Stage 2 client anchor losses for epoch 50 to './results/AVGuard/NUSWIDE/oracle_attack/NUSWIDE_anchor_stage2_3clients_oracle_label\stage2_final_epoch_client_anchor_losses.json': {0: 0.016697, 1: 0.049971, 2: 0.062679}
2026-04-07 21:33:46,006 - => Stage 2 EMA anchor update applied at epoch 50 with momentum 1.0000: updated classes per client {0: 5, 1: 5, 2: 5}
2026-04-07 21:33:46,006 - => Stage 2 Epoch 50 Training Summary: VFL loss: 0.0001, total loss: 0.0432, anchor loss: 0.0432, VFL train accuracy: 1.0000
2026-04-07 21:33:46,007 - => Test ASR...
2026-04-07 21:33:46,114 - =>Add Trigger to Test Data
2026-04-07 21:33:48,875 - Add Trigger to 37064 Bad Samples, 9629 Clean Samples (1.00)
2026-04-07 21:33:57,099 - => Test Epoch: 50, main task samples: 46693, attack samples: 46693, test loss: 1.3004, clean acc: 0.7836, Top-4: 0.9944, ASR: 0.1670, RAC: 0.7360, test target accuracy: 0.8876, stage3 final accuracy: 0.7836, stage3 final target accuracy: 0.7469, stage3 final asr: 0.1670, anchor loss: 0.0811
2026-04-07 21:33:57,100 - => Stage 3 Detection Summary: recall: 0.8385, precision: 0.6124, f1: 0.7078, false positive rate: 0.1978, correction rate: 0.7012
2026-04-07 21:33:57,100 - => Stage 3 Debug (clean): suspicious=9237/46693, correction_applied=9225, prediction_changed=9225, skipped_tied_vote=0, skipped_low_margin=0, skipped_other=12
2026-04-07 21:33:57,100 - => Stage 3 Debug (poison-valid): suspicious=22181/37064, correction_applied=22180, prediction_changed=22180, skipped_tied_vote=0, skipped_low_margin=0, skipped_other=1
2026-04-07 21:33:57,101 - => Stage 3 Debug (attack-success): suspicious=19239/22944, correction_applied=19238, prediction_changed=19238, corrected_to_true=16088
2026-04-07 21:33:57,147 - => End Epoch: 50, early stop epochs: 48, best epoch: 2, best clean acc: 0.8068, best Top-4: 0.9970, best ASR: 0.1207, best RAC: 0.7810, anchor loss: 0.0849
2026-04-07 21:33:57,147 - => Stage 3 Detection Summary: recall: 0.8625, precision: 0.6901, f1: 0.7667, false positive rate: 0.2015, correction rate: 0.7463
