2026-04-20 22:51:20,160 - Namespace(config='', data_dir='./dataset/', dataset='IEEE_CIS_FRAUD', device=0, results_dir='results/AVGuard/stage3_gamma_sensitivity_3clients_noema_bounded_q/IEEE_CIS_FRAUD_3clients_noema_bounded_q_gamma_5.0', seed=100, epoch=50, batch_size=256, client_num=3, pretrained_checkpoint='results/AVGuard/stage3_gamma_sensitivity_3clients_noema_bounded_q/IEEE_CIS_FRAUD_3clients_noema_bounded_q_gamma_5.0\\latest_checkpoint.pth.tar', test_checkpoint=None, resume_latest=True, lr=0.001, start_epoch=0, print_steps=10, early_stop=0, attack='LFBA', target_label=None, poison_rate=0.1, poison_dimensions=30, trigger_feature_clip=1.0, attack_client_num=2, feature_extractor='', select_rate=0.3, lfba_poison_source='gradient', random_select=False, poison_all=False, anchor_idx=1001, pretrain_stage=0, mode='train', defense='anchor', defense_scheme='AVGuard', enable_stage1=True, force_stage1_retrain=False, enable_anchor_loss=True, lambda_anchor=0.5, lambda_stage1_anchor=0.8, anchor_pretrain_epochs=30, anchor_pretrain_early_stop=5, anchor_pretrain_min_delta=0.0001, anchor_scale=16.0, anchor_margin=0.45, anchor_bank_path='./results/AVGuard/IEEE_CIS_FRAUD/IEEE_CIS_FRAUD_anchor_defense_stage1/anchor_artifact.pt', anchor_stage1_dir='./results/AVGuard/IEEE_CIS_FRAUD/IEEE_CIS_FRAUD_anchor_defense_stage1/anchor_stage1', anchor_ema_momentum=1.0, anchor_ema_update_freq=1, stage3_enable_joint_weighted_voting=True, stage3_enable_static_reliability=True, gamma=5.0, stage3_confidence_mode='bounded_relative_gap', theta_supp=0.15, enable_conservative_correction=False, tau_corr=0.0, top_k=4, stage3_debug_batches=0, stage3_debug_max_samples=8, original_dataset='IEEE-CIS-FRAUD', attack_target_label=None, anchor_margin_auto_adjusted=False, requested_anchor_margin=0.45)
2026-04-20 22:51:20,160 - => Canonicalized dataset name from 'IEEE-CIS-FRAUD' to 'IEEE_CIS_FRAUD'; legacy NUS-WIDE aliases now share the unified NUSWIDE entry
2026-04-20 22:51:20,160 - => Defense scheme: AVGuard
2026-04-20 22:51:20,160 - => LFBA poison-set source: gradient
2026-04-20 22:51:20,160 - => Python executable: D:\Code\Miniconda\envs\backdoor\python.exe
2026-04-20 22:51:20,160 - => Torch version: 2.5.1+cu121, compiled CUDA: 12.1, cuda available: True, visible GPU count: 1
2026-04-20 22:51:20,160 - => Using GPU cuda:0 (NVIDIA GeForce RTX 4060 Laptop GPU)
2026-04-20 22:51:20,161 - => Preparing data...
2026-04-20 22:51:20,762 - => IEEE-CIS-Fraud directory: ./dataset/data_raw\processed\IEEE-CIS-Fraud
2026-04-20 22:51:20,762 - => IEEE-CIS-Fraud feature dim: 432, train samples: 49591, test samples: 12398
2026-04-20 22:51:20,768 - => Resolved LFBA attack target label=1 from training anchor_idx=1001
2026-04-20 22:51:20,884 - => No checkpoint found at 'results/AVGuard/stage3_gamma_sensitivity_3clients_noema_bounded_q/IEEE_CIS_FRAUD_3clients_noema_bounded_q_gamma_5.0\latest_checkpoint.pth.tar'
2026-04-20 22:51:20,905 - => Loading stage1 local models and anchors from './results/AVGuard/IEEE_CIS_FRAUD/IEEE_CIS_FRAUD_anchor_defense_stage1/anchor_stage1/stage1_artifact.pt'
2026-04-20 22:51:20,989 - => Stage 3 is ready; it will use Stage 1 client reliability from the loaded anchor state when available. Stage 2 client anchor-loss stats are optional diagnostics.
2026-04-20 22:51:20,992 - =>Add Trigger to Test Data
2026-04-20 22:51:21,390 - Add Trigger to 8265 Bad Samples, 4133 Clean Samples (1.00)
2026-04-20 22:51:21,391 - => Start Training with LFBA...
2026-04-20 22:51:21,391 - => Enter Stage 2: joint VFL training starts from stage1 passive local backbones with frozen anchor heads
2026-04-20 22:51:21,391 - => Stage 2 anchor loss enabled: True
2026-04-20 22:51:21,391 - => Stage 2 loss form: total_loss=(1-lambda_anchor)*CE + lambda_anchor*anchor_loss with lambda_anchor=0.5000
2026-04-20 22:51:21,391 - => Stage 2 EMA anchor calibration disabled: momentum=1.0000 makes anchor updates a no-op, update_freq=1 epoch(s)
2026-04-20 22:51:21,391 - => Stage 2 latest checkpoint path: 'results/AVGuard/stage3_gamma_sensitivity_3clients_noema_bounded_q/IEEE_CIS_FRAUD_3clients_noema_bounded_q_gamma_5.0\latest_checkpoint.pth.tar'
2026-04-20 22:51:21,391 - => Stage 2 best checkpoint path: 'results/AVGuard/stage3_gamma_sensitivity_3clients_noema_bounded_q/IEEE_CIS_FRAUD_3clients_noema_bounded_q_gamma_5.0\best_checkpoint.pth.tar'
2026-04-20 22:51:21,391 - => Stage 2 best checkpoint compatibility alias path: 'results/AVGuard/stage3_gamma_sensitivity_3clients_noema_bounded_q/IEEE_CIS_FRAUD_3clients_noema_bounded_q_gamma_5.0\best_clean_checkpoint.pth.tar'
2026-04-20 22:51:21,391 - => Stage 2 best checkpoint metric: mean(clean_acc, detection_recall, correction_rate)
2026-04-20 22:51:21,392 - => Stage 3 confidence mode for q_i: bounded_relative_gap
2026-04-20 22:51:21,398 - => Start Training for Injecting Backdoor...
2026-04-20 22:51:21,674 - Epoch: 1, 1/194: VFL loss: 0.7838, total loss: 0.4128, anchor loss: 0.0417, VFL train accuracy: 0.6484
2026-04-20 22:51:21,889 - Epoch: 1, 11/194: VFL loss: 0.5274, total loss: 0.2855, anchor loss: 0.0435, VFL train accuracy: 0.7766
2026-04-20 22:51:22,079 - Epoch: 1, 21/194: VFL loss: 0.4992, total loss: 0.2714, anchor loss: 0.0435, VFL train accuracy: 0.7898
2026-04-20 22:51:22,251 - Epoch: 1, 31/194: VFL loss: 0.4636, total loss: 0.2533, anchor loss: 0.0431, VFL train accuracy: 0.8054
2026-04-20 22:51:22,434 - Epoch: 1, 41/194: VFL loss: 0.4394, total loss: 0.2414, anchor loss: 0.0434, VFL train accuracy: 0.8159
2026-04-20 22:51:22,609 - Epoch: 1, 51/194: VFL loss: 0.4211, total loss: 0.2322, anchor loss: 0.0432, VFL train accuracy: 0.8254
2026-04-20 22:51:22,824 - Epoch: 1, 61/194: VFL loss: 0.4115, total loss: 0.2272, anchor loss: 0.0429, VFL train accuracy: 0.8316
2026-04-20 22:51:23,019 - Epoch: 1, 71/194: VFL loss: 0.4031, total loss: 0.2228, anchor loss: 0.0425, VFL train accuracy: 0.8372
2026-04-20 22:51:23,192 - Epoch: 1, 81/194: VFL loss: 0.3944, total loss: 0.2183, anchor loss: 0.0421, VFL train accuracy: 0.8422
2026-04-20 22:51:23,366 - Epoch: 1, 91/194: VFL loss: 0.3870, total loss: 0.2144, anchor loss: 0.0418, VFL train accuracy: 0.8459
2026-04-20 22:51:23,543 - Epoch: 1, 101/194: VFL loss: 0.3821, total loss: 0.2118, anchor loss: 0.0416, VFL train accuracy: 0.8493
2026-04-20 22:51:23,738 - Epoch: 1, 111/194: VFL loss: 0.3770, total loss: 0.2092, anchor loss: 0.0413, VFL train accuracy: 0.8519
2026-04-20 22:51:23,903 - Epoch: 1, 121/194: VFL loss: 0.3736, total loss: 0.2074, anchor loss: 0.0412, VFL train accuracy: 0.8531
2026-04-20 22:51:24,075 - Epoch: 1, 131/194: VFL loss: 0.3707, total loss: 0.2058, anchor loss: 0.0410, VFL train accuracy: 0.8548
2026-04-20 22:51:24,256 - Epoch: 1, 141/194: VFL loss: 0.3691, total loss: 0.2050, anchor loss: 0.0410, VFL train accuracy: 0.8557
2026-04-20 22:51:24,425 - Epoch: 1, 151/194: VFL loss: 0.3665, total loss: 0.2037, anchor loss: 0.0409, VFL train accuracy: 0.8567
2026-04-20 22:51:24,600 - Epoch: 1, 161/194: VFL loss: 0.3623, total loss: 0.2015, anchor loss: 0.0407, VFL train accuracy: 0.8583
2026-04-20 22:51:24,792 - Epoch: 1, 171/194: VFL loss: 0.3605, total loss: 0.2006, anchor loss: 0.0406, VFL train accuracy: 0.8594
2026-04-20 22:51:24,986 - Epoch: 1, 181/194: VFL loss: 0.3584, total loss: 0.1994, anchor loss: 0.0405, VFL train accuracy: 0.8603
2026-04-20 22:51:25,187 - Epoch: 1, 191/194: VFL loss: 0.3576, total loss: 0.1990, anchor loss: 0.0405, VFL train accuracy: 0.8607
2026-04-20 22:51:25,251 - => Recorded Stage 2 client anchor losses for epoch 1 to 'results/AVGuard/stage3_gamma_sensitivity_3clients_noema_bounded_q/IEEE_CIS_FRAUD_3clients_noema_bounded_q_gamma_5.0\stage2_final_epoch_client_anchor_losses.json': {0: 0.043863, 1: 0.038839, 2: 0.038662}
2026-04-20 22:51:25,260 - => Stage 2 EMA anchor update skipped at epoch 1 because momentum=1.0000 disables EMA; eligible classes per client {0: 2, 1: 2, 2: 2}
2026-04-20 22:51:25,261 - => Stage 2 Epoch 1 Training Summary: VFL loss: 0.3576, total loss: 0.1990, anchor loss: 0.0405, VFL train accuracy: 0.8606
2026-04-20 22:51:25,261 - => Test ASR...
2026-04-20 22:51:25,266 - =>Add Trigger to Test Data
2026-04-20 22:51:25,632 - Add Trigger to 8265 Bad Samples, 4133 Clean Samples (1.00)
2026-04-20 22:51:27,566 - => Test Epoch: 1, main task samples: 12398, attack samples: 12398, test loss: 0.3618, clean acc: 0.8220, Top-2: 1.0000, ASR: 0.1642, RAC: 0.7467, test target accuracy: 0.7278, stage3 final accuracy: 0.8220, stage3 final target accuracy: 0.5684, stage3 final asr: 0.1642, anchor loss: 0.0413
2026-04-20 22:51:27,566 - => Stage 3 Detection Summary: recall: 0.8136, precision: 0.8126, f1: 0.8131, false positive rate: 0.1034, correction rate: 0.8134
2026-04-20 22:51:27,566 - => Stage 3 Debug (clean): suspicious=1282/12398, correction_applied=1280, prediction_changed=1280, skipped_tied_vote=0, skipped_low_margin=0, skipped_other=2
2026-04-20 22:51:27,567 - => Stage 3 Debug (poison-valid): suspicious=5779/8265, correction_applied=5778, prediction_changed=5778, skipped_tied_vote=0, skipped_low_margin=0, skipped_other=1
2026-04-20 22:51:27,567 - => Stage 3 Debug (attack-success): suspicious=5738/7053, correction_applied=5737, prediction_changed=5737, corrected_to_true=5737
2026-04-20 22:51:27,567 - => Stage 2 checkpoint score: mean(clean_acc=0.8220, recall=0.8136, correction_rate=0.8134) = 0.8163
2026-04-20 22:51:27,567 - => Save best checkpoint model...
2026-04-20 22:51:27,641 - => End Epoch: 1, early stop epochs: 0, best epoch: 1, best clean acc: 0.8220, best Top-2: 1.0000, best ASR: 0.1642, best RAC: 0.7467, anchor loss: 0.0413, best checkpoint score: 0.8163
2026-04-20 22:51:27,642 - => Stage 3 Detection Summary: recall: 0.8136, precision: 0.8126, f1: 0.8131, false positive rate: 0.1034, correction rate: 0.8134
2026-04-20 22:51:27,650 - => Rebuilt LFBA poison set from cached gradients: anchor label=1, poison samples=4959, same-label poison samples=4959, consistent rate=1.0000
2026-04-20 22:51:27,663 - => LFBA current anchor-derived target label: 1
2026-04-20 22:51:27,678 - =>Add Trigger to Train Data
2026-04-20 22:51:27,766 - Add Trigger to 4959 Bad Samples, 44632 Clean Samples (0.10)
2026-04-20 22:51:27,775 - => Start Training for Injecting Backdoor...
2026-04-20 22:51:27,796 - Epoch: 2, 1/194: VFL loss: 0.2804, total loss: 0.1574, anchor loss: 0.0345, VFL train accuracy: 0.9062
2026-04-20 22:51:27,982 - Epoch: 2, 11/194: VFL loss: 0.2742, total loss: 0.1561, anchor loss: 0.0380, VFL train accuracy: 0.9059
2026-04-20 22:51:28,161 - Epoch: 2, 21/194: VFL loss: 0.2730, total loss: 0.1556, anchor loss: 0.0382, VFL train accuracy: 0.9049
2026-04-20 22:51:28,327 - Epoch: 2, 31/194: VFL loss: 0.2686, total loss: 0.1534, anchor loss: 0.0383, VFL train accuracy: 0.9075
2026-04-20 22:51:28,494 - Epoch: 2, 41/194: VFL loss: 0.2611, total loss: 0.1494, anchor loss: 0.0377, VFL train accuracy: 0.9090
2026-04-20 22:51:28,688 - Epoch: 2, 51/194: VFL loss: 0.2607, total loss: 0.1493, anchor loss: 0.0380, VFL train accuracy: 0.9080
2026-04-20 22:51:28,907 - Epoch: 2, 61/194: VFL loss: 0.2606, total loss: 0.1493, anchor loss: 0.0379, VFL train accuracy: 0.9078
2026-04-20 22:51:29,093 - Epoch: 2, 71/194: VFL loss: 0.2594, total loss: 0.1485, anchor loss: 0.0377, VFL train accuracy: 0.9082
2026-04-20 22:51:29,292 - Epoch: 2, 81/194: VFL loss: 0.2587, total loss: 0.1482, anchor loss: 0.0376, VFL train accuracy: 0.9090
2026-04-20 22:51:29,484 - Epoch: 2, 91/194: VFL loss: 0.2566, total loss: 0.1470, anchor loss: 0.0374, VFL train accuracy: 0.9096
2026-04-20 22:51:29,672 - Epoch: 2, 101/194: VFL loss: 0.2552, total loss: 0.1463, anchor loss: 0.0373, VFL train accuracy: 0.9097
2026-04-20 22:51:29,837 - Epoch: 2, 111/194: VFL loss: 0.2550, total loss: 0.1461, anchor loss: 0.0372, VFL train accuracy: 0.9095
2026-04-20 22:51:30,009 - Epoch: 2, 121/194: VFL loss: 0.2545, total loss: 0.1458, anchor loss: 0.0371, VFL train accuracy: 0.9101
2026-04-20 22:51:30,189 - Epoch: 2, 131/194: VFL loss: 0.2540, total loss: 0.1456, anchor loss: 0.0371, VFL train accuracy: 0.9099
2026-04-20 22:51:30,371 - Epoch: 2, 141/194: VFL loss: 0.2537, total loss: 0.1454, anchor loss: 0.0371, VFL train accuracy: 0.9101
2026-04-20 22:51:30,540 - Epoch: 2, 151/194: VFL loss: 0.2531, total loss: 0.1450, anchor loss: 0.0370, VFL train accuracy: 0.9105
2026-04-20 22:51:30,716 - Epoch: 2, 161/194: VFL loss: 0.2538, total loss: 0.1455, anchor loss: 0.0371, VFL train accuracy: 0.9105
2026-04-20 22:51:30,886 - Epoch: 2, 171/194: VFL loss: 0.2536, total loss: 0.1453, anchor loss: 0.0370, VFL train accuracy: 0.9105
2026-04-20 22:51:31,055 - Epoch: 2, 181/194: VFL loss: 0.2528, total loss: 0.1449, anchor loss: 0.0369, VFL train accuracy: 0.9108
2026-04-20 22:51:31,240 - Epoch: 2, 191/194: VFL loss: 0.2525, total loss: 0.1447, anchor loss: 0.0369, VFL train accuracy: 0.9107
2026-04-20 22:51:31,295 - => Recorded Stage 2 client anchor losses for epoch 2 to 'results/AVGuard/stage3_gamma_sensitivity_3clients_noema_bounded_q/IEEE_CIS_FRAUD_3clients_noema_bounded_q_gamma_5.0\stage2_final_epoch_client_anchor_losses.json': {0: 0.038853, 1: 0.037925, 2: 0.034013}
2026-04-20 22:51:31,296 - => Stage 2 EMA anchor update skipped at epoch 2 because momentum=1.0000 disables EMA; eligible classes per client {0: 2, 1: 2, 2: 2}
2026-04-20 22:51:31,296 - => Stage 2 Epoch 2 Training Summary: VFL loss: 0.2531, total loss: 0.1450, anchor loss: 0.0369, VFL train accuracy: 0.9106
2026-04-20 22:51:31,296 - => Test ASR...
2026-04-20 22:51:31,301 - =>Add Trigger to Test Data
2026-04-20 22:51:31,688 - Add Trigger to 8265 Bad Samples, 4133 Clean Samples (1.00)
2026-04-20 22:51:33,408 - => Test Epoch: 2, main task samples: 12398, attack samples: 12398, test loss: 0.3593, clean acc: 0.8185, Top-2: 1.0000, ASR: 0.1141, RAC: 0.7658, test target accuracy: 0.7036, stage3 final accuracy: 0.8185, stage3 final target accuracy: 0.5258, stage3 final asr: 0.1141, anchor loss: 0.0410
2026-04-20 22:51:33,408 - => Stage 3 Detection Summary: recall: 0.8858, precision: 0.8408, f1: 0.8627, false positive rate: 0.1111, correction rate: 0.8858
2026-04-20 22:51:33,408 - => Stage 3 Debug (clean): suspicious=1378/12398, correction_applied=1373, prediction_changed=1373, skipped_tied_vote=0, skipped_low_margin=0, skipped_other=5
2026-04-20 22:51:33,408 - => Stage 3 Debug (poison-valid): suspicious=7295/8265, correction_applied=7295, prediction_changed=7295, skipped_tied_vote=0, skipped_low_margin=0, skipped_other=0
2026-04-20 22:51:33,408 - => Stage 3 Debug (attack-success): suspicious=7292/8232, correction_applied=7292, prediction_changed=7292, corrected_to_true=7292
2026-04-20 22:51:33,409 - => Stage 2 checkpoint score: mean(clean_acc=0.8185, recall=0.8858, correction_rate=0.8858) = 0.8634
2026-04-20 22:51:33,409 - => Save best checkpoint model...
2026-04-20 22:51:33,480 - => End Epoch: 2, early stop epochs: 0, best epoch: 2, best clean acc: 0.8185, best Top-2: 1.0000, best ASR: 0.1141, best RAC: 0.7658, anchor loss: 0.0410, best checkpoint score: 0.8634
2026-04-20 22:51:33,480 - => Stage 3 Detection Summary: recall: 0.8858, precision: 0.8408, f1: 0.8627, false positive rate: 0.1111, correction rate: 0.8858
2026-04-20 22:51:33,495 - => LFBA current anchor-derived target label: 1
2026-04-20 22:51:33,503 - =>Add Trigger to Train Data
2026-04-20 22:51:33,584 - Add Trigger to 4959 Bad Samples, 44632 Clean Samples (0.10)
2026-04-20 22:51:33,585 - => Start Training for Injecting Backdoor...
2026-04-20 22:51:33,603 - Epoch: 3, 1/194: VFL loss: 0.3014, total loss: 0.1703, anchor loss: 0.0391, VFL train accuracy: 0.9023
2026-04-20 22:51:33,797 - Epoch: 3, 11/194: VFL loss: 0.2594, total loss: 0.1484, anchor loss: 0.0374, VFL train accuracy: 0.9151
2026-04-20 22:51:33,988 - Epoch: 3, 21/194: VFL loss: 0.2539, total loss: 0.1451, anchor loss: 0.0363, VFL train accuracy: 0.9159
2026-04-20 22:51:34,156 - Epoch: 3, 31/194: VFL loss: 0.2563, total loss: 0.1465, anchor loss: 0.0367, VFL train accuracy: 0.9131
2026-04-20 22:51:34,324 - Epoch: 3, 41/194: VFL loss: 0.2556, total loss: 0.1461, anchor loss: 0.0366, VFL train accuracy: 0.9124
2026-04-20 22:51:34,492 - Epoch: 3, 51/194: VFL loss: 0.2583, total loss: 0.1475, anchor loss: 0.0368, VFL train accuracy: 0.9116
2026-04-20 22:51:34,681 - Epoch: 3, 61/194: VFL loss: 0.2586, total loss: 0.1476, anchor loss: 0.0367, VFL train accuracy: 0.9118
2026-04-20 22:51:34,852 - Epoch: 3, 71/194: VFL loss: 0.2582, total loss: 0.1474, anchor loss: 0.0366, VFL train accuracy: 0.9119
2026-04-20 22:51:35,025 - Epoch: 3, 81/194: VFL loss: 0.2573, total loss: 0.1469, anchor loss: 0.0365, VFL train accuracy: 0.9123
2026-04-20 22:51:35,195 - Epoch: 3, 91/194: VFL loss: 0.2575, total loss: 0.1471, anchor loss: 0.0366, VFL train accuracy: 0.9122
2026-04-20 22:51:35,372 - Epoch: 3, 101/194: VFL loss: 0.2587, total loss: 0.1477, anchor loss: 0.0367, VFL train accuracy: 0.9118
2026-04-20 22:51:35,550 - Epoch: 3, 111/194: VFL loss: 0.2579, total loss: 0.1473, anchor loss: 0.0368, VFL train accuracy: 0.9118
2026-04-20 22:51:35,735 - Epoch: 3, 121/194: VFL loss: 0.2573, total loss: 0.1471, anchor loss: 0.0368, VFL train accuracy: 0.9120
2026-04-20 22:51:35,935 - Epoch: 3, 131/194: VFL loss: 0.2551, total loss: 0.1458, anchor loss: 0.0366, VFL train accuracy: 0.9130
2026-04-20 22:51:36,109 - Epoch: 3, 141/194: VFL loss: 0.2554, total loss: 0.1460, anchor loss: 0.0366, VFL train accuracy: 0.9130
2026-04-20 22:51:36,277 - Epoch: 3, 151/194: VFL loss: 0.2538, total loss: 0.1452, anchor loss: 0.0365, VFL train accuracy: 0.9135
2026-04-20 22:51:36,444 - Epoch: 3, 161/194: VFL loss: 0.2542, total loss: 0.1455, anchor loss: 0.0367, VFL train accuracy: 0.9132
2026-04-20 22:51:36,618 - Epoch: 3, 171/194: VFL loss: 0.2546, total loss: 0.1456, anchor loss: 0.0367, VFL train accuracy: 0.9128
2026-04-20 22:51:36,789 - Epoch: 3, 181/194: VFL loss: 0.2545, total loss: 0.1455, anchor loss: 0.0366, VFL train accuracy: 0.9127
2026-04-20 22:51:36,964 - Epoch: 3, 191/194: VFL loss: 0.2542, total loss: 0.1454, anchor loss: 0.0367, VFL train accuracy: 0.9126
2026-04-20 22:51:37,020 - => Recorded Stage 2 client anchor losses for epoch 3 to 'results/AVGuard/stage3_gamma_sensitivity_3clients_noema_bounded_q/IEEE_CIS_FRAUD_3clients_noema_bounded_q_gamma_5.0\stage2_final_epoch_client_anchor_losses.json': {0: 0.037887, 1: 0.037728, 2: 0.034496}
2026-04-20 22:51:37,021 - => Stage 2 EMA anchor update skipped at epoch 3 because momentum=1.0000 disables EMA; eligible classes per client {0: 2, 1: 2, 2: 2}
2026-04-20 22:51:37,021 - => Stage 2 Epoch 3 Training Summary: VFL loss: 0.2548, total loss: 0.1457, anchor loss: 0.0367, VFL train accuracy: 0.9123
2026-04-20 22:51:37,021 - => Test ASR...
2026-04-20 22:51:37,028 - =>Add Trigger to Test Data
2026-04-20 22:51:37,446 - Add Trigger to 8265 Bad Samples, 4133 Clean Samples (1.00)
2026-04-20 22:51:39,373 - => Test Epoch: 3, main task samples: 12398, attack samples: 12398, test loss: 0.3495, clean acc: 0.8205, Top-2: 1.0000, ASR: 0.1049, RAC: 0.7716, test target accuracy: 0.6864, stage3 final accuracy: 0.8205, stage3 final target accuracy: 0.5246, stage3 final asr: 0.1049, anchor loss: 0.0415
2026-04-20 22:51:39,373 - => Stage 3 Detection Summary: recall: 0.8949, precision: 0.8626, f1: 0.8784, false positive rate: 0.0943, correction rate: 0.8949
2026-04-20 22:51:39,373 - => Stage 3 Debug (clean): suspicious=1169/12398, correction_applied=1165, prediction_changed=1165, skipped_tied_vote=0, skipped_low_margin=0, skipped_other=4
2026-04-20 22:51:39,373 - => Stage 3 Debug (poison-valid): suspicious=7359/8265, correction_applied=7359, prediction_changed=7359, skipped_tied_vote=0, skipped_low_margin=0, skipped_other=0
2026-04-20 22:51:39,373 - => Stage 3 Debug (attack-success): suspicious=7356/8220, correction_applied=7356, prediction_changed=7356, corrected_to_true=7356
2026-04-20 22:51:39,373 - => Stage 2 checkpoint score: mean(clean_acc=0.8205, recall=0.8949, correction_rate=0.8949) = 0.8701
2026-04-20 22:51:39,374 - => Save best checkpoint model...
2026-04-20 22:51:39,443 - => End Epoch: 3, early stop epochs: 0, best epoch: 3, best clean acc: 0.8205, best Top-2: 1.0000, best ASR: 0.1049, best RAC: 0.7716, anchor loss: 0.0415, best checkpoint score: 0.8701
2026-04-20 22:51:39,444 - => Stage 3 Detection Summary: recall: 0.8949, precision: 0.8626, f1: 0.8784, false positive rate: 0.0943, correction rate: 0.8949
2026-04-20 22:51:39,460 - => LFBA current anchor-derived target label: 1
2026-04-20 22:51:39,468 - =>Add Trigger to Train Data
2026-04-20 22:51:39,550 - Add Trigger to 4959 Bad Samples, 44632 Clean Samples (0.10)
2026-04-20 22:51:39,552 - => Start Training for Injecting Backdoor...
2026-04-20 22:51:39,575 - Epoch: 4, 1/194: VFL loss: 0.2132, total loss: 0.1248, anchor loss: 0.0365, VFL train accuracy: 0.9258
2026-04-20 22:51:39,750 - Epoch: 4, 11/194: VFL loss: 0.2165, total loss: 0.1258, anchor loss: 0.0351, VFL train accuracy: 0.9300
2026-04-20 22:51:39,926 - Epoch: 4, 21/194: VFL loss: 0.2121, total loss: 0.1235, anchor loss: 0.0350, VFL train accuracy: 0.9312
2026-04-20 22:51:40,095 - Epoch: 4, 31/194: VFL loss: 0.2231, total loss: 0.1293, anchor loss: 0.0355, VFL train accuracy: 0.9233
2026-04-20 22:51:40,264 - Epoch: 4, 41/194: VFL loss: 0.2245, total loss: 0.1301, anchor loss: 0.0357, VFL train accuracy: 0.9235
2026-04-20 22:51:40,430 - Epoch: 4, 51/194: VFL loss: 0.2293, total loss: 0.1326, anchor loss: 0.0360, VFL train accuracy: 0.9215
2026-04-20 22:51:40,626 - Epoch: 4, 61/194: VFL loss: 0.2291, total loss: 0.1325, anchor loss: 0.0359, VFL train accuracy: 0.9213
2026-04-20 22:51:40,799 - Epoch: 4, 71/194: VFL loss: 0.2282, total loss: 0.1320, anchor loss: 0.0358, VFL train accuracy: 0.9215
2026-04-20 22:51:40,977 - Epoch: 4, 81/194: VFL loss: 0.2282, total loss: 0.1319, anchor loss: 0.0357, VFL train accuracy: 0.9212
2026-04-20 22:51:41,145 - Epoch: 4, 91/194: VFL loss: 0.2297, total loss: 0.1327, anchor loss: 0.0358, VFL train accuracy: 0.9196
2026-04-20 22:51:41,312 - Epoch: 4, 101/194: VFL loss: 0.2306, total loss: 0.1332, anchor loss: 0.0357, VFL train accuracy: 0.9187
2026-04-20 22:51:41,494 - Epoch: 4, 111/194: VFL loss: 0.2324, total loss: 0.1341, anchor loss: 0.0358, VFL train accuracy: 0.9180
2026-04-20 22:51:41,664 - Epoch: 4, 121/194: VFL loss: 0.2318, total loss: 0.1338, anchor loss: 0.0358, VFL train accuracy: 0.9181
2026-04-20 22:51:41,848 - Epoch: 4, 131/194: VFL loss: 0.2329, total loss: 0.1344, anchor loss: 0.0359, VFL train accuracy: 0.9176
2026-04-20 22:51:42,020 - Epoch: 4, 141/194: VFL loss: 0.2321, total loss: 0.1340, anchor loss: 0.0359, VFL train accuracy: 0.9179
2026-04-20 22:51:42,193 - Epoch: 4, 151/194: VFL loss: 0.2321, total loss: 0.1340, anchor loss: 0.0359, VFL train accuracy: 0.9181
2026-04-20 22:51:42,365 - Epoch: 4, 161/194: VFL loss: 0.2330, total loss: 0.1345, anchor loss: 0.0361, VFL train accuracy: 0.9177
2026-04-20 22:51:42,540 - Epoch: 4, 171/194: VFL loss: 0.2324, total loss: 0.1342, anchor loss: 0.0361, VFL train accuracy: 0.9178
2026-04-20 22:51:42,720 - Epoch: 4, 181/194: VFL loss: 0.2323, total loss: 0.1342, anchor loss: 0.0361, VFL train accuracy: 0.9179
2026-04-20 22:51:42,903 - Epoch: 4, 191/194: VFL loss: 0.2327, total loss: 0.1344, anchor loss: 0.0361, VFL train accuracy: 0.9177
2026-04-20 22:51:42,959 - => Recorded Stage 2 client anchor losses for epoch 4 to 'results/AVGuard/stage3_gamma_sensitivity_3clients_noema_bounded_q/IEEE_CIS_FRAUD_3clients_noema_bounded_q_gamma_5.0\stage2_final_epoch_client_anchor_losses.json': {0: 0.037056, 1: 0.037704, 2: 0.033576}
2026-04-20 22:51:42,960 - => Stage 2 EMA anchor update skipped at epoch 4 because momentum=1.0000 disables EMA; eligible classes per client {0: 2, 1: 2, 2: 2}
2026-04-20 22:51:42,960 - => Stage 2 Epoch 4 Training Summary: VFL loss: 0.2328, total loss: 0.1344, anchor loss: 0.0361, VFL train accuracy: 0.9177
2026-04-20 22:51:42,960 - => Test ASR...
2026-04-20 22:51:42,967 - =>Add Trigger to Test Data
2026-04-20 22:51:43,330 - Add Trigger to 8265 Bad Samples, 4133 Clean Samples (1.00)
2026-04-20 22:51:45,482 - => Test Epoch: 4, main task samples: 12398, attack samples: 12398, test loss: 0.3576, clean acc: 0.8187, Top-2: 1.0000, ASR: 0.0980, RAC: 0.7726, test target accuracy: 0.7022, stage3 final accuracy: 0.8187, stage3 final target accuracy: 0.5139, stage3 final asr: 0.0980, anchor loss: 0.0406
2026-04-20 22:51:45,482 - => Stage 3 Detection Summary: recall: 0.9017, precision: 0.8422, f1: 0.8710, false positive rate: 0.1119, correction rate: 0.9017
2026-04-20 22:51:45,482 - => Stage 3 Debug (clean): suspicious=1387/12398, correction_applied=1383, prediction_changed=1383, skipped_tied_vote=0, skipped_low_margin=0, skipped_other=4
2026-04-20 22:51:45,482 - => Stage 3 Debug (poison-valid): suspicious=7416/8265, correction_applied=7416, prediction_changed=7416, skipped_tied_vote=0, skipped_low_margin=0, skipped_other=0
2026-04-20 22:51:45,482 - => Stage 3 Debug (attack-success): suspicious=7414/8222, correction_applied=7414, prediction_changed=7414, corrected_to_true=7414
2026-04-20 22:51:45,482 - => Stage 2 checkpoint score: mean(clean_acc=0.8187, recall=0.9017, correction_rate=0.9017) = 0.8740
2026-04-20 22:51:45,482 - => Save best checkpoint model...
2026-04-20 22:51:45,555 - => End Epoch: 4, early stop epochs: 0, best epoch: 4, best clean acc: 0.8187, best Top-2: 1.0000, best ASR: 0.0980, best RAC: 0.7726, anchor loss: 0.0406, best checkpoint score: 0.8740
2026-04-20 22:51:45,555 - => Stage 3 Detection Summary: recall: 0.9017, precision: 0.8422, f1: 0.8710, false positive rate: 0.1119, correction rate: 0.9017
2026-04-20 22:51:45,575 - => LFBA current anchor-derived target label: 1
2026-04-20 22:51:45,583 - =>Add Trigger to Train Data
2026-04-20 22:51:45,671 - Add Trigger to 4959 Bad Samples, 44632 Clean Samples (0.10)
2026-04-20 22:51:45,682 - => Start Training for Injecting Backdoor...
2026-04-20 22:51:45,713 - Epoch: 5, 1/194: VFL loss: 0.2596, total loss: 0.1486, anchor loss: 0.0376, VFL train accuracy: 0.9102
2026-04-20 22:51:45,933 - Epoch: 5, 11/194: VFL loss: 0.2368, total loss: 0.1362, anchor loss: 0.0356, VFL train accuracy: 0.9197
2026-04-20 22:51:46,149 - Epoch: 5, 21/194: VFL loss: 0.2364, total loss: 0.1358, anchor loss: 0.0352, VFL train accuracy: 0.9206
2026-04-20 22:51:46,365 - Epoch: 5, 31/194: VFL loss: 0.2377, total loss: 0.1367, anchor loss: 0.0356, VFL train accuracy: 0.9202
2026-04-20 22:51:46,587 - Epoch: 5, 41/194: VFL loss: 0.2354, total loss: 0.1356, anchor loss: 0.0357, VFL train accuracy: 0.9206
2026-04-20 22:51:46,802 - Epoch: 5, 51/194: VFL loss: 0.2341, total loss: 0.1349, anchor loss: 0.0356, VFL train accuracy: 0.9209
2026-04-20 22:51:47,004 - Epoch: 5, 61/194: VFL loss: 0.2347, total loss: 0.1352, anchor loss: 0.0357, VFL train accuracy: 0.9205
2026-04-20 22:51:47,339 - Epoch: 5, 71/194: VFL loss: 0.2346, total loss: 0.1351, anchor loss: 0.0357, VFL train accuracy: 0.9206
2026-04-20 22:51:47,577 - Epoch: 5, 81/194: VFL loss: 0.2327, total loss: 0.1341, anchor loss: 0.0354, VFL train accuracy: 0.9214
2026-04-20 22:51:47,800 - Epoch: 5, 91/194: VFL loss: 0.2352, total loss: 0.1354, anchor loss: 0.0356, VFL train accuracy: 0.9204
2026-04-20 22:51:48,017 - Epoch: 5, 101/194: VFL loss: 0.2362, total loss: 0.1359, anchor loss: 0.0357, VFL train accuracy: 0.9199
2026-04-20 22:51:48,229 - Epoch: 5, 111/194: VFL loss: 0.2372, total loss: 0.1365, anchor loss: 0.0358, VFL train accuracy: 0.9194
2026-04-20 22:51:48,429 - Epoch: 5, 121/194: VFL loss: 0.2360, total loss: 0.1359, anchor loss: 0.0357, VFL train accuracy: 0.9193
2026-04-20 22:51:48,680 - Epoch: 5, 131/194: VFL loss: 0.2365, total loss: 0.1361, anchor loss: 0.0358, VFL train accuracy: 0.9189
2026-04-20 22:51:48,883 - Epoch: 5, 141/194: VFL loss: 0.2363, total loss: 0.1360, anchor loss: 0.0358, VFL train accuracy: 0.9189
2026-04-20 22:51:49,100 - Epoch: 5, 151/194: VFL loss: 0.2360, total loss: 0.1358, anchor loss: 0.0357, VFL train accuracy: 0.9186
2026-04-20 22:51:49,320 - Epoch: 5, 161/194: VFL loss: 0.2367, total loss: 0.1362, anchor loss: 0.0358, VFL train accuracy: 0.9184
2026-04-20 22:51:49,509 - Epoch: 5, 171/194: VFL loss: 0.2366, total loss: 0.1362, anchor loss: 0.0358, VFL train accuracy: 0.9185
2026-04-20 22:51:49,740 - Epoch: 5, 181/194: VFL loss: 0.2372, total loss: 0.1365, anchor loss: 0.0358, VFL train accuracy: 0.9181
2026-04-20 22:51:49,948 - Epoch: 5, 191/194: VFL loss: 0.2372, total loss: 0.1365, anchor loss: 0.0358, VFL train accuracy: 0.9181
2026-04-20 22:51:50,010 - => Recorded Stage 2 client anchor losses for epoch 5 to 'results/AVGuard/stage3_gamma_sensitivity_3clients_noema_bounded_q/IEEE_CIS_FRAUD_3clients_noema_bounded_q_gamma_5.0\stage2_final_epoch_client_anchor_losses.json': {0: 0.036315, 1: 0.037484, 2: 0.033671}
2026-04-20 22:51:50,010 - => Stage 2 EMA anchor update skipped at epoch 5 because momentum=1.0000 disables EMA; eligible classes per client {0: 2, 1: 2, 2: 2}
2026-04-20 22:51:50,011 - => Stage 2 Epoch 5 Training Summary: VFL loss: 0.2374, total loss: 0.1366, anchor loss: 0.0358, VFL train accuracy: 0.9181
2026-04-20 22:51:50,011 - => Test ASR...
2026-04-20 22:51:50,015 - =>Add Trigger to Test Data
2026-04-20 22:51:50,364 - Add Trigger to 8265 Bad Samples, 4133 Clean Samples (1.00)
2026-04-20 22:51:51,943 - => Test Epoch: 5, main task samples: 12398, attack samples: 12398, test loss: 0.3520, clean acc: 0.8291, Top-2: 1.0000, ASR: 0.1187, RAC: 0.7846, test target accuracy: 0.6944, stage3 final accuracy: 0.8291, stage3 final target accuracy: 0.5911, stage3 final asr: 0.1187, anchor loss: 0.0399
2026-04-20 22:51:51,943 - => Stage 3 Detection Summary: recall: 0.8812, precision: 0.8709, f1: 0.8760, false positive rate: 0.0864, correction rate: 0.8811
2026-04-20 22:51:51,943 - => Stage 3 Debug (clean): suspicious=1071/12398, correction_applied=1070, prediction_changed=1070, skipped_tied_vote=0, skipped_low_margin=0, skipped_other=1
2026-04-20 22:51:51,943 - => Stage 3 Debug (poison-valid): suspicious=7250/8265, correction_applied=7249, prediction_changed=7249, skipped_tied_vote=0, skipped_low_margin=0, skipped_other=1
2026-04-20 22:51:51,943 - => Stage 3 Debug (attack-success): suspicious=7247/8224, correction_applied=7246, prediction_changed=7246, corrected_to_true=7246
2026-04-20 22:51:51,944 - => Stage 2 checkpoint score: mean(clean_acc=0.8291, recall=0.8812, correction_rate=0.8811) = 0.8638
2026-04-20 22:51:51,970 - => End Epoch: 5, early stop epochs: 1, best epoch: 4, best clean acc: 0.8187, best Top-2: 1.0000, best ASR: 0.0980, best RAC: 0.7726, anchor loss: 0.0406, best checkpoint score: 0.8740
2026-04-20 22:51:51,970 - => Stage 3 Detection Summary: recall: 0.9017, precision: 0.8422, f1: 0.8710, false positive rate: 0.1119, correction rate: 0.9017
2026-04-20 22:51:51,985 - => LFBA current anchor-derived target label: 1
2026-04-20 22:51:51,996 - =>Add Trigger to Train Data
2026-04-20 22:51:52,082 - Add Trigger to 4959 Bad Samples, 44632 Clean Samples (0.10)
2026-04-20 22:51:52,083 - => Start Training for Injecting Backdoor...
2026-04-20 22:51:52,105 - Epoch: 6, 1/194: VFL loss: 0.2345, total loss: 0.1359, anchor loss: 0.0374, VFL train accuracy: 0.9219
2026-04-20 22:51:52,284 - Epoch: 6, 11/194: VFL loss: 0.2283, total loss: 0.1329, anchor loss: 0.0375, VFL train accuracy: 0.9233
2026-04-20 22:51:52,449 - Epoch: 6, 21/194: VFL loss: 0.2237, total loss: 0.1301, anchor loss: 0.0364, VFL train accuracy: 0.9224
2026-04-20 22:51:52,617 - Epoch: 6, 31/194: VFL loss: 0.2190, total loss: 0.1275, anchor loss: 0.0360, VFL train accuracy: 0.9253
2026-04-20 22:51:52,782 - Epoch: 6, 41/194: VFL loss: 0.2184, total loss: 0.1272, anchor loss: 0.0359, VFL train accuracy: 0.9247
2026-04-20 22:51:52,954 - Epoch: 6, 51/194: VFL loss: 0.2166, total loss: 0.1261, anchor loss: 0.0357, VFL train accuracy: 0.9254
2026-04-20 22:51:53,116 - Epoch: 6, 61/194: VFL loss: 0.2139, total loss: 0.1247, anchor loss: 0.0355, VFL train accuracy: 0.9258
2026-04-20 22:51:53,298 - Epoch: 6, 71/194: VFL loss: 0.2162, total loss: 0.1258, anchor loss: 0.0354, VFL train accuracy: 0.9244
2026-04-20 22:51:53,477 - Epoch: 6, 81/194: VFL loss: 0.2175, total loss: 0.1265, anchor loss: 0.0355, VFL train accuracy: 0.9239
2026-04-20 22:51:53,639 - Epoch: 6, 91/194: VFL loss: 0.2165, total loss: 0.1260, anchor loss: 0.0355, VFL train accuracy: 0.9242
2026-04-20 22:51:53,821 - Epoch: 6, 101/194: VFL loss: 0.2177, total loss: 0.1267, anchor loss: 0.0356, VFL train accuracy: 0.9235
2026-04-20 22:51:53,987 - Epoch: 6, 111/194: VFL loss: 0.2186, total loss: 0.1272, anchor loss: 0.0358, VFL train accuracy: 0.9236
2026-04-20 22:51:54,161 - Epoch: 6, 121/194: VFL loss: 0.2191, total loss: 0.1274, anchor loss: 0.0357, VFL train accuracy: 0.9235
2026-04-20 22:51:54,363 - Epoch: 6, 131/194: VFL loss: 0.2188, total loss: 0.1272, anchor loss: 0.0356, VFL train accuracy: 0.9233
2026-04-20 22:51:54,531 - Epoch: 6, 141/194: VFL loss: 0.2190, total loss: 0.1273, anchor loss: 0.0357, VFL train accuracy: 0.9233
2026-04-20 22:51:54,714 - Epoch: 6, 151/194: VFL loss: 0.2208, total loss: 0.1283, anchor loss: 0.0358, VFL train accuracy: 0.9225
2026-04-20 22:51:54,875 - Epoch: 6, 161/194: VFL loss: 0.2208, total loss: 0.1283, anchor loss: 0.0358, VFL train accuracy: 0.9226
2026-04-20 22:51:55,047 - Epoch: 6, 171/194: VFL loss: 0.2201, total loss: 0.1279, anchor loss: 0.0357, VFL train accuracy: 0.9228
2026-04-20 22:51:55,235 - Epoch: 6, 181/194: VFL loss: 0.2195, total loss: 0.1276, anchor loss: 0.0358, VFL train accuracy: 0.9229
2026-04-20 22:51:55,402 - Epoch: 6, 191/194: VFL loss: 0.2199, total loss: 0.1278, anchor loss: 0.0357, VFL train accuracy: 0.9227
2026-04-20 22:51:55,455 - => Recorded Stage 2 client anchor losses for epoch 6 to 'results/AVGuard/stage3_gamma_sensitivity_3clients_noema_bounded_q/IEEE_CIS_FRAUD_3clients_noema_bounded_q_gamma_5.0\stage2_final_epoch_client_anchor_losses.json': {0: 0.035833, 1: 0.037435, 2: 0.033969}
2026-04-20 22:51:55,456 - => Stage 2 EMA anchor update skipped at epoch 6 because momentum=1.0000 disables EMA; eligible classes per client {0: 2, 1: 2, 2: 2}
2026-04-20 22:51:55,456 - => Stage 2 Epoch 6 Training Summary: VFL loss: 0.2196, total loss: 0.1277, anchor loss: 0.0357, VFL train accuracy: 0.9228
2026-04-20 22:51:55,456 - => Test ASR...
2026-04-20 22:51:55,461 - =>Add Trigger to Test Data
2026-04-20 22:51:55,870 - Add Trigger to 8265 Bad Samples, 4133 Clean Samples (1.00)
2026-04-20 22:51:57,711 - => Test Epoch: 6, main task samples: 12398, attack samples: 12398, test loss: 0.3555, clean acc: 0.8281, Top-2: 1.0000, ASR: 0.1195, RAC: 0.7850, test target accuracy: 0.7222, stage3 final accuracy: 0.8281, stage3 final target accuracy: 0.5940, stage3 final asr: 0.1195, anchor loss: 0.0410
2026-04-20 22:51:57,711 - => Stage 3 Detection Summary: recall: 0.8800, precision: 0.8561, f1: 0.8679, false positive rate: 0.0981, correction rate: 0.8800
2026-04-20 22:51:57,711 - => Stage 3 Debug (clean): suspicious=1216/12398, correction_applied=1214, prediction_changed=1214, skipped_tied_vote=0, skipped_low_margin=0, skipped_other=2
2026-04-20 22:51:57,711 - => Stage 3 Debug (poison-valid): suspicious=7240/8265, correction_applied=7240, prediction_changed=7240, skipped_tied_vote=0, skipped_low_margin=0, skipped_other=0
2026-04-20 22:51:57,712 - => Stage 3 Debug (attack-success): suspicious=7239/8226, correction_applied=7239, prediction_changed=7239, corrected_to_true=7239
2026-04-20 22:51:57,712 - => Stage 2 checkpoint score: mean(clean_acc=0.8281, recall=0.8800, correction_rate=0.8800) = 0.8627
2026-04-20 22:51:57,739 - => End Epoch: 6, early stop epochs: 2, best epoch: 4, best clean acc: 0.8187, best Top-2: 1.0000, best ASR: 0.0980, best RAC: 0.7726, anchor loss: 0.0406, best checkpoint score: 0.8740
2026-04-20 22:51:57,739 - => Stage 3 Detection Summary: recall: 0.9017, precision: 0.8422, f1: 0.8710, false positive rate: 0.1119, correction rate: 0.9017
2026-04-20 22:51:57,755 - => LFBA current anchor-derived target label: 1
2026-04-20 22:51:57,763 - =>Add Trigger to Train Data
2026-04-20 22:51:57,843 - Add Trigger to 4959 Bad Samples, 44632 Clean Samples (0.10)
2026-04-20 22:51:57,844 - => Start Training for Injecting Backdoor...
2026-04-20 22:51:57,864 - Epoch: 7, 1/194: VFL loss: 0.2184, total loss: 0.1260, anchor loss: 0.0337, VFL train accuracy: 0.9219
2026-04-20 22:51:58,061 - Epoch: 7, 11/194: VFL loss: 0.2200, total loss: 0.1278, anchor loss: 0.0356, VFL train accuracy: 0.9240
2026-04-20 22:51:58,245 - Epoch: 7, 21/194: VFL loss: 0.2120, total loss: 0.1233, anchor loss: 0.0346, VFL train accuracy: 0.9263
2026-04-20 22:51:58,418 - Epoch: 7, 31/194: VFL loss: 0.2173, total loss: 0.1263, anchor loss: 0.0353, VFL train accuracy: 0.9249
2026-04-20 22:51:58,608 - Epoch: 7, 41/194: VFL loss: 0.2191, total loss: 0.1272, anchor loss: 0.0354, VFL train accuracy: 0.9240
2026-04-20 22:51:58,787 - Epoch: 7, 51/194: VFL loss: 0.2171, total loss: 0.1262, anchor loss: 0.0352, VFL train accuracy: 0.9253
2026-04-20 22:51:58,967 - Epoch: 7, 61/194: VFL loss: 0.2220, total loss: 0.1287, anchor loss: 0.0354, VFL train accuracy: 0.9233
2026-04-20 22:51:59,154 - Epoch: 7, 71/194: VFL loss: 0.2239, total loss: 0.1298, anchor loss: 0.0356, VFL train accuracy: 0.9222
2026-04-20 22:51:59,322 - Epoch: 7, 81/194: VFL loss: 0.2230, total loss: 0.1292, anchor loss: 0.0355, VFL train accuracy: 0.9228
2026-04-20 22:51:59,500 - Epoch: 7, 91/194: VFL loss: 0.2247, total loss: 0.1301, anchor loss: 0.0355, VFL train accuracy: 0.9226
2026-04-20 22:51:59,675 - Epoch: 7, 101/194: VFL loss: 0.2252, total loss: 0.1304, anchor loss: 0.0355, VFL train accuracy: 0.9225
2026-04-20 22:51:59,849 - Epoch: 7, 111/194: VFL loss: 0.2238, total loss: 0.1296, anchor loss: 0.0353, VFL train accuracy: 0.9232
2026-04-20 22:52:00,024 - Epoch: 7, 121/194: VFL loss: 0.2267, total loss: 0.1311, anchor loss: 0.0355, VFL train accuracy: 0.9218
2026-04-20 22:52:00,217 - Epoch: 7, 131/194: VFL loss: 0.2264, total loss: 0.1309, anchor loss: 0.0354, VFL train accuracy: 0.9216
2026-04-20 22:52:00,385 - Epoch: 7, 141/194: VFL loss: 0.2252, total loss: 0.1303, anchor loss: 0.0353, VFL train accuracy: 0.9220
2026-04-20 22:52:00,553 - Epoch: 7, 151/194: VFL loss: 0.2242, total loss: 0.1298, anchor loss: 0.0353, VFL train accuracy: 0.9225
2026-04-20 22:52:00,732 - Epoch: 7, 161/194: VFL loss: 0.2246, total loss: 0.1300, anchor loss: 0.0354, VFL train accuracy: 0.9225
2026-04-20 22:52:00,902 - Epoch: 7, 171/194: VFL loss: 0.2254, total loss: 0.1304, anchor loss: 0.0354, VFL train accuracy: 0.9223
2026-04-20 22:52:01,072 - Epoch: 7, 181/194: VFL loss: 0.2253, total loss: 0.1304, anchor loss: 0.0355, VFL train accuracy: 0.9224
2026-04-20 22:52:01,237 - Epoch: 7, 191/194: VFL loss: 0.2252, total loss: 0.1303, anchor loss: 0.0355, VFL train accuracy: 0.9223
2026-04-20 22:52:01,294 - => Recorded Stage 2 client anchor losses for epoch 7 to 'results/AVGuard/stage3_gamma_sensitivity_3clients_noema_bounded_q/IEEE_CIS_FRAUD_3clients_noema_bounded_q_gamma_5.0\stage2_final_epoch_client_anchor_losses.json': {0: 0.035258, 1: 0.037268, 2: 0.033877}
2026-04-20 22:52:01,300 - => Stage 2 EMA anchor update skipped at epoch 7 because momentum=1.0000 disables EMA; eligible classes per client {0: 2, 1: 2, 2: 2}
2026-04-20 22:52:01,300 - => Stage 2 Epoch 7 Training Summary: VFL loss: 0.2250, total loss: 0.1302, anchor loss: 0.0355, VFL train accuracy: 0.9223
2026-04-20 22:52:01,301 - => Test ASR...
2026-04-20 22:52:01,305 - =>Add Trigger to Test Data
2026-04-20 22:52:01,675 - Add Trigger to 8265 Bad Samples, 4133 Clean Samples (1.00)
2026-04-20 22:52:03,382 - => Test Epoch: 7, main task samples: 12398, attack samples: 12398, test loss: 0.3590, clean acc: 0.8272, Top-2: 1.0000, ASR: 0.1211, RAC: 0.7761, test target accuracy: 0.7309, stage3 final accuracy: 0.8272, stage3 final target accuracy: 0.5705, stage3 final asr: 0.1211, anchor loss: 0.0401
2026-04-20 22:52:03,383 - => Stage 3 Detection Summary: recall: 0.8786, precision: 0.8482, f1: 0.8632, false positive rate: 0.1040, correction rate: 0.8786
2026-04-20 22:52:03,383 - => Stage 3 Debug (clean): suspicious=1290/12398, correction_applied=1289, prediction_changed=1289, skipped_tied_vote=0, skipped_low_margin=0, skipped_other=1
2026-04-20 22:52:03,383 - => Stage 3 Debug (poison-valid): suspicious=7229/8265, correction_applied=7229, prediction_changed=7229, skipped_tied_vote=0, skipped_low_margin=0, skipped_other=0
2026-04-20 22:52:03,383 - => Stage 3 Debug (attack-success): suspicious=7226/8224, correction_applied=7226, prediction_changed=7226, corrected_to_true=7226
2026-04-20 22:52:03,383 - => Stage 2 checkpoint score: mean(clean_acc=0.8272, recall=0.8786, correction_rate=0.8786) = 0.8615
2026-04-20 22:52:03,411 - => End Epoch: 7, early stop epochs: 3, best epoch: 4, best clean acc: 0.8187, best Top-2: 1.0000, best ASR: 0.0980, best RAC: 0.7726, anchor loss: 0.0406, best checkpoint score: 0.8740
2026-04-20 22:52:03,411 - => Stage 3 Detection Summary: recall: 0.9017, precision: 0.8422, f1: 0.8710, false positive rate: 0.1119, correction rate: 0.9017
2026-04-20 22:52:03,425 - => LFBA current anchor-derived target label: 1
2026-04-20 22:52:03,436 - =>Add Trigger to Train Data
2026-04-20 22:52:03,529 - Add Trigger to 4959 Bad Samples, 44632 Clean Samples (0.10)
2026-04-20 22:52:03,530 - => Start Training for Injecting Backdoor...
2026-04-20 22:52:03,553 - Epoch: 8, 1/194: VFL loss: 0.2137, total loss: 0.1253, anchor loss: 0.0369, VFL train accuracy: 0.9258
2026-04-20 22:52:03,756 - Epoch: 8, 11/194: VFL loss: 0.1959, total loss: 0.1152, anchor loss: 0.0344, VFL train accuracy: 0.9297
2026-04-20 22:52:03,971 - Epoch: 8, 21/194: VFL loss: 0.1981, total loss: 0.1162, anchor loss: 0.0342, VFL train accuracy: 0.9312
2026-04-20 22:52:04,185 - Epoch: 8, 31/194: VFL loss: 0.1982, total loss: 0.1162, anchor loss: 0.0342, VFL train accuracy: 0.9317
2026-04-20 22:52:04,365 - Epoch: 8, 41/194: VFL loss: 0.1938, total loss: 0.1139, anchor loss: 0.0340, VFL train accuracy: 0.9325
2026-04-20 22:52:04,531 - Epoch: 8, 51/194: VFL loss: 0.1991, total loss: 0.1167, anchor loss: 0.0344, VFL train accuracy: 0.9290
2026-04-20 22:52:04,714 - Epoch: 8, 61/194: VFL loss: 0.1994, total loss: 0.1170, anchor loss: 0.0346, VFL train accuracy: 0.9285
2026-04-20 22:52:04,880 - Epoch: 8, 71/194: VFL loss: 0.2021, total loss: 0.1184, anchor loss: 0.0346, VFL train accuracy: 0.9279
2026-04-20 22:52:05,039 - Epoch: 8, 81/194: VFL loss: 0.2045, total loss: 0.1197, anchor loss: 0.0349, VFL train accuracy: 0.9273
2026-04-20 22:52:05,204 - Epoch: 8, 91/194: VFL loss: 0.2069, total loss: 0.1210, anchor loss: 0.0350, VFL train accuracy: 0.9265
2026-04-20 22:52:05,377 - Epoch: 8, 101/194: VFL loss: 0.2054, total loss: 0.1202, anchor loss: 0.0349, VFL train accuracy: 0.9271
2026-04-20 22:52:05,621 - Epoch: 8, 111/194: VFL loss: 0.2063, total loss: 0.1206, anchor loss: 0.0350, VFL train accuracy: 0.9263
2026-04-20 22:52:05,852 - Epoch: 8, 121/194: VFL loss: 0.2088, total loss: 0.1219, anchor loss: 0.0351, VFL train accuracy: 0.9254
2026-04-20 22:52:06,062 - Epoch: 8, 131/194: VFL loss: 0.2090, total loss: 0.1221, anchor loss: 0.0351, VFL train accuracy: 0.9254
2026-04-20 22:52:06,286 - Epoch: 8, 141/194: VFL loss: 0.2095, total loss: 0.1223, anchor loss: 0.0351, VFL train accuracy: 0.9251
2026-04-20 22:52:06,613 - Epoch: 8, 151/194: VFL loss: 0.2087, total loss: 0.1219, anchor loss: 0.0351, VFL train accuracy: 0.9254
2026-04-20 22:52:06,775 - Epoch: 8, 161/194: VFL loss: 0.2079, total loss: 0.1214, anchor loss: 0.0350, VFL train accuracy: 0.9256
2026-04-20 22:52:06,943 - Epoch: 8, 171/194: VFL loss: 0.2088, total loss: 0.1220, anchor loss: 0.0351, VFL train accuracy: 0.9253
2026-04-20 22:52:07,111 - Epoch: 8, 181/194: VFL loss: 0.2088, total loss: 0.1220, anchor loss: 0.0352, VFL train accuracy: 0.9254
2026-04-20 22:52:07,276 - Epoch: 8, 191/194: VFL loss: 0.2092, total loss: 0.1222, anchor loss: 0.0352, VFL train accuracy: 0.9254
2026-04-20 22:52:07,329 - => Recorded Stage 2 client anchor losses for epoch 8 to 'results/AVGuard/stage3_gamma_sensitivity_3clients_noema_bounded_q/IEEE_CIS_FRAUD_3clients_noema_bounded_q_gamma_5.0\stage2_final_epoch_client_anchor_losses.json': {0: 0.034656, 1: 0.037193, 2: 0.033615}
2026-04-20 22:52:07,330 - => Stage 2 EMA anchor update skipped at epoch 8 because momentum=1.0000 disables EMA; eligible classes per client {0: 2, 1: 2, 2: 2}
2026-04-20 22:52:07,330 - => Stage 2 Epoch 8 Training Summary: VFL loss: 0.2085, total loss: 0.1218, anchor loss: 0.0351, VFL train accuracy: 0.9257
2026-04-20 22:52:07,330 - => Test ASR...
2026-04-20 22:52:07,335 - =>Add Trigger to Test Data
2026-04-20 22:52:07,707 - Add Trigger to 8265 Bad Samples, 4133 Clean Samples (1.00)
2026-04-20 22:52:09,397 - => Test Epoch: 8, main task samples: 12398, attack samples: 12398, test loss: 0.3759, clean acc: 0.8245, Top-2: 1.0000, ASR: 0.1043, RAC: 0.7804, test target accuracy: 0.7213, stage3 final accuracy: 0.8245, stage3 final target accuracy: 0.5497, stage3 final asr: 0.1043, anchor loss: 0.0400
2026-04-20 22:52:09,398 - => Stage 3 Detection Summary: recall: 0.8954, precision: 0.8583, f1: 0.8765, false positive rate: 0.0973, correction rate: 0.8954
2026-04-20 22:52:09,398 - => Stage 3 Debug (clean): suspicious=1206/12398, correction_applied=1205, prediction_changed=1205, skipped_tied_vote=0, skipped_low_margin=0, skipped_other=1
2026-04-20 22:52:09,398 - => Stage 3 Debug (poison-valid): suspicious=7343/8265, correction_applied=7343, prediction_changed=7343, skipped_tied_vote=0, skipped_low_margin=0, skipped_other=0
2026-04-20 22:52:09,398 - => Stage 3 Debug (attack-success): suspicious=7338/8195, correction_applied=7338, prediction_changed=7338, corrected_to_true=7338
2026-04-20 22:52:09,398 - => Stage 2 checkpoint score: mean(clean_acc=0.8245, recall=0.8954, correction_rate=0.8954) = 0.8718
2026-04-20 22:52:09,425 - => End Epoch: 8, early stop epochs: 4, best epoch: 4, best clean acc: 0.8187, best Top-2: 1.0000, best ASR: 0.0980, best RAC: 0.7726, anchor loss: 0.0406, best checkpoint score: 0.8740
2026-04-20 22:52:09,425 - => Stage 3 Detection Summary: recall: 0.9017, precision: 0.8422, f1: 0.8710, false positive rate: 0.1119, correction rate: 0.9017
2026-04-20 22:52:09,442 - => LFBA current anchor-derived target label: 1
2026-04-20 22:52:09,455 - =>Add Trigger to Train Data
2026-04-20 22:52:09,545 - Add Trigger to 4959 Bad Samples, 44632 Clean Samples (0.10)
2026-04-20 22:52:09,553 - => Start Training for Injecting Backdoor...
2026-04-20 22:52:09,576 - Epoch: 9, 1/194: VFL loss: 0.1905, total loss: 0.1106, anchor loss: 0.0307, VFL train accuracy: 0.9453
2026-04-20 22:52:09,767 - Epoch: 9, 11/194: VFL loss: 0.2264, total loss: 0.1308, anchor loss: 0.0353, VFL train accuracy: 0.9219
2026-04-20 22:52:09,979 - Epoch: 9, 21/194: VFL loss: 0.2463, total loss: 0.1412, anchor loss: 0.0360, VFL train accuracy: 0.9170
2026-04-20 22:52:10,176 - Epoch: 9, 31/194: VFL loss: 0.2396, total loss: 0.1379, anchor loss: 0.0362, VFL train accuracy: 0.9192
2026-04-20 22:52:10,378 - Epoch: 9, 41/194: VFL loss: 0.2305, total loss: 0.1331, anchor loss: 0.0358, VFL train accuracy: 0.9221
2026-04-20 22:52:10,588 - Epoch: 9, 51/194: VFL loss: 0.2254, total loss: 0.1305, anchor loss: 0.0356, VFL train accuracy: 0.9242
2026-04-20 22:52:10,798 - Epoch: 9, 61/194: VFL loss: 0.2238, total loss: 0.1298, anchor loss: 0.0358, VFL train accuracy: 0.9239
2026-04-20 22:52:11,017 - Epoch: 9, 71/194: VFL loss: 0.2216, total loss: 0.1286, anchor loss: 0.0356, VFL train accuracy: 0.9245
2026-04-20 22:52:11,218 - Epoch: 9, 81/194: VFL loss: 0.2212, total loss: 0.1284, anchor loss: 0.0355, VFL train accuracy: 0.9249
2026-04-20 22:52:11,455 - Epoch: 9, 91/194: VFL loss: 0.2205, total loss: 0.1280, anchor loss: 0.0355, VFL train accuracy: 0.9250
2026-04-20 22:52:11,695 - Epoch: 9, 101/194: VFL loss: 0.2186, total loss: 0.1269, anchor loss: 0.0353, VFL train accuracy: 0.9255
2026-04-20 22:52:11,877 - Epoch: 9, 111/194: VFL loss: 0.2201, total loss: 0.1278, anchor loss: 0.0355, VFL train accuracy: 0.9245
2026-04-20 22:52:12,035 - Epoch: 9, 121/194: VFL loss: 0.2200, total loss: 0.1277, anchor loss: 0.0355, VFL train accuracy: 0.9242
2026-04-20 22:52:12,209 - Epoch: 9, 131/194: VFL loss: 0.2198, total loss: 0.1276, anchor loss: 0.0354, VFL train accuracy: 0.9242
2026-04-20 22:52:12,378 - Epoch: 9, 141/194: VFL loss: 0.2193, total loss: 0.1273, anchor loss: 0.0353, VFL train accuracy: 0.9244
2026-04-20 22:52:12,541 - Epoch: 9, 151/194: VFL loss: 0.2201, total loss: 0.1277, anchor loss: 0.0353, VFL train accuracy: 0.9241
2026-04-20 22:52:12,739 - Epoch: 9, 161/194: VFL loss: 0.2192, total loss: 0.1272, anchor loss: 0.0353, VFL train accuracy: 0.9247
2026-04-20 22:52:12,902 - Epoch: 9, 171/194: VFL loss: 0.2189, total loss: 0.1271, anchor loss: 0.0353, VFL train accuracy: 0.9247
2026-04-20 22:52:13,069 - Epoch: 9, 181/194: VFL loss: 0.2188, total loss: 0.1271, anchor loss: 0.0353, VFL train accuracy: 0.9246
2026-04-20 22:52:13,220 - Epoch: 9, 191/194: VFL loss: 0.2183, total loss: 0.1268, anchor loss: 0.0354, VFL train accuracy: 0.9248
2026-04-20 22:52:13,277 - => Recorded Stage 2 client anchor losses for epoch 9 to 'results/AVGuard/stage3_gamma_sensitivity_3clients_noema_bounded_q/IEEE_CIS_FRAUD_3clients_noema_bounded_q_gamma_5.0\stage2_final_epoch_client_anchor_losses.json': {0: 0.034407, 1: 0.037218, 2: 0.034422}
2026-04-20 22:52:13,278 - => Stage 2 EMA anchor update skipped at epoch 9 because momentum=1.0000 disables EMA; eligible classes per client {0: 2, 1: 2, 2: 2}
2026-04-20 22:52:13,278 - => Stage 2 Epoch 9 Training Summary: VFL loss: 0.2180, total loss: 0.1267, anchor loss: 0.0353, VFL train accuracy: 0.9250
2026-04-20 22:52:13,278 - => Test ASR...
2026-04-20 22:52:13,283 - =>Add Trigger to Test Data
2026-04-20 22:52:13,651 - Add Trigger to 8265 Bad Samples, 4133 Clean Samples (1.00)
2026-04-20 22:52:15,383 - => Test Epoch: 9, main task samples: 12398, attack samples: 12398, test loss: 0.3578, clean acc: 0.8263, Top-2: 1.0000, ASR: 0.1312, RAC: 0.7688, test target accuracy: 0.7355, stage3 final accuracy: 0.8263, stage3 final target accuracy: 0.5686, stage3 final asr: 0.1312, anchor loss: 0.0402
2026-04-20 22:52:15,383 - => Stage 3 Detection Summary: recall: 0.8685, precision: 0.8310, f1: 0.8493, false positive rate: 0.1156, correction rate: 0.8685
2026-04-20 22:52:15,383 - => Stage 3 Debug (clean): suspicious=1433/12398, correction_applied=1428, prediction_changed=1428, skipped_tied_vote=0, skipped_low_margin=0, skipped_other=5
2026-04-20 22:52:15,383 - => Stage 3 Debug (poison-valid): suspicious=7103/8265, correction_applied=7103, prediction_changed=7103, skipped_tied_vote=0, skipped_low_margin=0, skipped_other=0
2026-04-20 22:52:15,383 - => Stage 3 Debug (attack-success): suspicious=7093/8167, correction_applied=7093, prediction_changed=7093, corrected_to_true=7093
2026-04-20 22:52:15,383 - => Stage 2 checkpoint score: mean(clean_acc=0.8263, recall=0.8685, correction_rate=0.8685) = 0.8544
2026-04-20 22:52:15,410 - => End Epoch: 9, early stop epochs: 5, best epoch: 4, best clean acc: 0.8187, best Top-2: 1.0000, best ASR: 0.0980, best RAC: 0.7726, anchor loss: 0.0406, best checkpoint score: 0.8740
2026-04-20 22:52:15,410 - => Stage 3 Detection Summary: recall: 0.9017, precision: 0.8422, f1: 0.8710, false positive rate: 0.1119, correction rate: 0.9017
2026-04-20 22:52:15,424 - => LFBA current anchor-derived target label: 1
2026-04-20 22:52:15,432 - =>Add Trigger to Train Data
2026-04-20 22:52:15,515 - Add Trigger to 4959 Bad Samples, 44632 Clean Samples (0.10)
2026-04-20 22:52:15,516 - => Start Training for Injecting Backdoor...
2026-04-20 22:52:15,535 - Epoch: 10, 1/194: VFL loss: 0.1737, total loss: 0.1041, anchor loss: 0.0345, VFL train accuracy: 0.9414
2026-04-20 22:52:15,721 - Epoch: 10, 11/194: VFL loss: 0.1964, total loss: 0.1156, anchor loss: 0.0348, VFL train accuracy: 0.9325
2026-04-20 22:52:15,884 - Epoch: 10, 21/194: VFL loss: 0.2016, total loss: 0.1186, anchor loss: 0.0357, VFL train accuracy: 0.9278
2026-04-20 22:52:16,044 - Epoch: 10, 31/194: VFL loss: 0.1977, total loss: 0.1164, anchor loss: 0.0352, VFL train accuracy: 0.9306
2026-04-20 22:52:16,208 - Epoch: 10, 41/194: VFL loss: 0.1977, total loss: 0.1165, anchor loss: 0.0354, VFL train accuracy: 0.9298
2026-04-20 22:52:16,369 - Epoch: 10, 51/194: VFL loss: 0.2003, total loss: 0.1178, anchor loss: 0.0354, VFL train accuracy: 0.9292
2026-04-20 22:52:16,549 - Epoch: 10, 61/194: VFL loss: 0.2020, total loss: 0.1187, anchor loss: 0.0353, VFL train accuracy: 0.9287
2026-04-20 22:52:16,731 - Epoch: 10, 71/194: VFL loss: 0.2005, total loss: 0.1177, anchor loss: 0.0349, VFL train accuracy: 0.9288
2026-04-20 22:52:16,906 - Epoch: 10, 81/194: VFL loss: 0.2003, total loss: 0.1176, anchor loss: 0.0349, VFL train accuracy: 0.9292
2026-04-20 22:52:17,085 - Epoch: 10, 91/194: VFL loss: 0.2016, total loss: 0.1183, anchor loss: 0.0350, VFL train accuracy: 0.9280
2026-04-20 22:52:17,254 - Epoch: 10, 101/194: VFL loss: 0.2012, total loss: 0.1181, anchor loss: 0.0350, VFL train accuracy: 0.9280
2026-04-20 22:52:17,419 - Epoch: 10, 111/194: VFL loss: 0.2013, total loss: 0.1181, anchor loss: 0.0350, VFL train accuracy: 0.9277
2026-04-20 22:52:17,583 - Epoch: 10, 121/194: VFL loss: 0.2008, total loss: 0.1179, anchor loss: 0.0349, VFL train accuracy: 0.9280
2026-04-20 22:52:17,760 - Epoch: 10, 131/194: VFL loss: 0.2027, total loss: 0.1188, anchor loss: 0.0350, VFL train accuracy: 0.9267
2026-04-20 22:52:17,928 - Epoch: 10, 141/194: VFL loss: 0.2025, total loss: 0.1187, anchor loss: 0.0350, VFL train accuracy: 0.9267
2026-04-20 22:52:18,090 - Epoch: 10, 151/194: VFL loss: 0.2032, total loss: 0.1192, anchor loss: 0.0351, VFL train accuracy: 0.9265
2026-04-20 22:52:18,261 - Epoch: 10, 161/194: VFL loss: 0.2029, total loss: 0.1190, anchor loss: 0.0351, VFL train accuracy: 0.9266
2026-04-20 22:52:18,422 - Epoch: 10, 171/194: VFL loss: 0.2028, total loss: 0.1189, anchor loss: 0.0351, VFL train accuracy: 0.9266
2026-04-20 22:52:18,600 - Epoch: 10, 181/194: VFL loss: 0.2028, total loss: 0.1189, anchor loss: 0.0351, VFL train accuracy: 0.9266
2026-04-20 22:52:18,761 - Epoch: 10, 191/194: VFL loss: 0.2027, total loss: 0.1189, anchor loss: 0.0351, VFL train accuracy: 0.9266
2026-04-20 22:52:18,821 - => Recorded Stage 2 client anchor losses for epoch 10 to 'results/AVGuard/stage3_gamma_sensitivity_3clients_noema_bounded_q/IEEE_CIS_FRAUD_3clients_noema_bounded_q_gamma_5.0\stage2_final_epoch_client_anchor_losses.json': {0: 0.033911, 1: 0.03712, 2: 0.034157}
2026-04-20 22:52:18,821 - => Stage 2 EMA anchor update skipped at epoch 10 because momentum=1.0000 disables EMA; eligible classes per client {0: 2, 1: 2, 2: 2}
2026-04-20 22:52:18,821 - => Stage 2 Epoch 10 Training Summary: VFL loss: 0.2025, total loss: 0.1188, anchor loss: 0.0351, VFL train accuracy: 0.9267
2026-04-20 22:52:18,821 - => Test ASR...
2026-04-20 22:52:18,827 - =>Add Trigger to Test Data
2026-04-20 22:52:19,176 - Add Trigger to 8265 Bad Samples, 4133 Clean Samples (1.00)
2026-04-20 22:52:20,896 - => Test Epoch: 10, main task samples: 12398, attack samples: 12398, test loss: 0.3728, clean acc: 0.8194, Top-2: 1.0000, ASR: 0.1084, RAC: 0.7686, test target accuracy: 0.7005, stage3 final accuracy: 0.8194, stage3 final target accuracy: 0.5226, stage3 final asr: 0.1084, anchor loss: 0.0405
2026-04-20 22:52:20,896 - => Stage 3 Detection Summary: recall: 0.8914, precision: 0.8329, f1: 0.8612, false positive rate: 0.1185, correction rate: 0.8913
2026-04-20 22:52:20,896 - => Stage 3 Debug (clean): suspicious=1469/12398, correction_applied=1460, prediction_changed=1460, skipped_tied_vote=0, skipped_low_margin=0, skipped_other=9
2026-04-20 22:52:20,896 - => Stage 3 Debug (poison-valid): suspicious=7335/8265, correction_applied=7334, prediction_changed=7334, skipped_tied_vote=0, skipped_low_margin=0, skipped_other=1
2026-04-20 22:52:20,896 - => Stage 3 Debug (attack-success): suspicious=7333/8226, correction_applied=7332, prediction_changed=7332, corrected_to_true=7332
2026-04-20 22:52:20,896 - => Stage 2 checkpoint score: mean(clean_acc=0.8194, recall=0.8914, correction_rate=0.8913) = 0.8674
2026-04-20 22:52:20,925 - => End Epoch: 10, early stop epochs: 6, best epoch: 4, best clean acc: 0.8187, best Top-2: 1.0000, best ASR: 0.0980, best RAC: 0.7726, anchor loss: 0.0406, best checkpoint score: 0.8740
2026-04-20 22:52:20,925 - => Stage 3 Detection Summary: recall: 0.9017, precision: 0.8422, f1: 0.8710, false positive rate: 0.1119, correction rate: 0.9017
2026-04-20 22:52:20,945 - => LFBA current anchor-derived target label: 1
2026-04-20 22:52:20,952 - =>Add Trigger to Train Data
2026-04-20 22:52:21,041 - Add Trigger to 4959 Bad Samples, 44632 Clean Samples (0.10)
2026-04-20 22:52:21,043 - => Start Training for Injecting Backdoor...
2026-04-20 22:52:21,066 - Epoch: 11, 1/194: VFL loss: 0.1814, total loss: 0.1065, anchor loss: 0.0317, VFL train accuracy: 0.9336
2026-04-20 22:52:21,243 - Epoch: 11, 11/194: VFL loss: 0.2110, total loss: 0.1230, anchor loss: 0.0350, VFL train accuracy: 0.9258
2026-04-20 22:52:21,414 - Epoch: 11, 21/194: VFL loss: 0.2121, total loss: 0.1237, anchor loss: 0.0354, VFL train accuracy: 0.9250
2026-04-20 22:52:21,593 - Epoch: 11, 31/194: VFL loss: 0.2095, total loss: 0.1224, anchor loss: 0.0352, VFL train accuracy: 0.9255
2026-04-20 22:52:21,760 - Epoch: 11, 41/194: VFL loss: 0.2041, total loss: 0.1197, anchor loss: 0.0352, VFL train accuracy: 0.9277
2026-04-20 22:52:21,929 - Epoch: 11, 51/194: VFL loss: 0.2016, total loss: 0.1183, anchor loss: 0.0350, VFL train accuracy: 0.9288
2026-04-20 22:52:22,106 - Epoch: 11, 61/194: VFL loss: 0.2020, total loss: 0.1184, anchor loss: 0.0348, VFL train accuracy: 0.9290
2026-04-20 22:52:22,280 - Epoch: 11, 71/194: VFL loss: 0.2017, total loss: 0.1182, anchor loss: 0.0347, VFL train accuracy: 0.9291
2026-04-20 22:52:22,449 - Epoch: 11, 81/194: VFL loss: 0.2019, total loss: 0.1183, anchor loss: 0.0347, VFL train accuracy: 0.9292
2026-04-20 22:52:22,621 - Epoch: 11, 91/194: VFL loss: 0.2033, total loss: 0.1191, anchor loss: 0.0349, VFL train accuracy: 0.9282
2026-04-20 22:52:22,794 - Epoch: 11, 101/194: VFL loss: 0.2051, total loss: 0.1200, anchor loss: 0.0348, VFL train accuracy: 0.9279
2026-04-20 22:52:22,961 - Epoch: 11, 111/194: VFL loss: 0.2052, total loss: 0.1201, anchor loss: 0.0349, VFL train accuracy: 0.9276
2026-04-20 22:52:23,143 - Epoch: 11, 121/194: VFL loss: 0.2044, total loss: 0.1196, anchor loss: 0.0349, VFL train accuracy: 0.9278
2026-04-20 22:52:23,340 - Epoch: 11, 131/194: VFL loss: 0.2053, total loss: 0.1201, anchor loss: 0.0350, VFL train accuracy: 0.9277
2026-04-20 22:52:23,507 - Epoch: 11, 141/194: VFL loss: 0.2044, total loss: 0.1197, anchor loss: 0.0349, VFL train accuracy: 0.9283
2026-04-20 22:52:23,685 - Epoch: 11, 151/194: VFL loss: 0.2034, total loss: 0.1191, anchor loss: 0.0349, VFL train accuracy: 0.9289
2026-04-20 22:52:23,861 - Epoch: 11, 161/194: VFL loss: 0.2030, total loss: 0.1189, anchor loss: 0.0348, VFL train accuracy: 0.9290
2026-04-20 22:52:24,035 - Epoch: 11, 171/194: VFL loss: 0.2037, total loss: 0.1193, anchor loss: 0.0349, VFL train accuracy: 0.9287
2026-04-20 22:52:24,209 - Epoch: 11, 181/194: VFL loss: 0.2034, total loss: 0.1191, anchor loss: 0.0348, VFL train accuracy: 0.9290
2026-04-20 22:52:24,379 - Epoch: 11, 191/194: VFL loss: 0.2046, total loss: 0.1197, anchor loss: 0.0348, VFL train accuracy: 0.9285
2026-04-20 22:52:24,446 - => Recorded Stage 2 client anchor losses for epoch 11 to 'results/AVGuard/stage3_gamma_sensitivity_3clients_noema_bounded_q/IEEE_CIS_FRAUD_3clients_noema_bounded_q_gamma_5.0\stage2_final_epoch_client_anchor_losses.json': {0: 0.033217, 1: 0.036908, 2: 0.034299}
2026-04-20 22:52:24,447 - => Stage 2 EMA anchor update skipped at epoch 11 because momentum=1.0000 disables EMA; eligible classes per client {0: 2, 1: 2, 2: 2}
2026-04-20 22:52:24,447 - => Stage 2 Epoch 11 Training Summary: VFL loss: 0.2047, total loss: 0.1198, anchor loss: 0.0348, VFL train accuracy: 0.9285
2026-04-20 22:52:24,447 - => Test ASR...
2026-04-20 22:52:24,452 - =>Add Trigger to Test Data
2026-04-20 22:52:24,820 - Add Trigger to 8265 Bad Samples, 4133 Clean Samples (1.00)
2026-04-20 22:52:26,623 - => Test Epoch: 11, main task samples: 12398, attack samples: 12398, test loss: 0.3803, clean acc: 0.8271, Top-2: 1.0000, ASR: 0.0981, RAC: 0.7882, test target accuracy: 0.6571, stage3 final accuracy: 0.8271, stage3 final target accuracy: 0.5609, stage3 final asr: 0.0981, anchor loss: 0.0401
2026-04-20 22:52:26,624 - => Stage 3 Detection Summary: recall: 0.9013, precision: 0.8751, f1: 0.8880, false positive rate: 0.0840, correction rate: 0.9013
2026-04-20 22:52:26,624 - => Stage 3 Debug (clean): suspicious=1041/12398, correction_applied=1040, prediction_changed=1040, skipped_tied_vote=0, skipped_low_margin=0, skipped_other=1
2026-04-20 22:52:26,624 - => Stage 3 Debug (poison-valid): suspicious=7352/8265, correction_applied=7352, prediction_changed=7352, skipped_tied_vote=0, skipped_low_margin=0, skipped_other=0
2026-04-20 22:52:26,624 - => Stage 3 Debug (attack-success): suspicious=7345/8149, correction_applied=7345, prediction_changed=7345, corrected_to_true=7345
2026-04-20 22:52:26,624 - => Stage 2 checkpoint score: mean(clean_acc=0.8271, recall=0.9013, correction_rate=0.9013) = 0.8766
2026-04-20 22:52:26,624 - => Save best checkpoint model...
2026-04-20 22:52:26,695 - => End Epoch: 11, early stop epochs: 0, best epoch: 11, best clean acc: 0.8271, best Top-2: 1.0000, best ASR: 0.0981, best RAC: 0.7882, anchor loss: 0.0401, best checkpoint score: 0.8766
2026-04-20 22:52:26,696 - => Stage 3 Detection Summary: recall: 0.9013, precision: 0.8751, f1: 0.8880, false positive rate: 0.0840, correction rate: 0.9013
2026-04-20 22:52:26,711 - => LFBA current anchor-derived target label: 1
2026-04-20 22:52:26,719 - =>Add Trigger to Train Data
2026-04-20 22:52:26,810 - Add Trigger to 4959 Bad Samples, 44632 Clean Samples (0.10)
2026-04-20 22:52:26,812 - => Start Training for Injecting Backdoor...
2026-04-20 22:52:26,838 - Epoch: 12, 1/194: VFL loss: 0.2155, total loss: 0.1253, anchor loss: 0.0352, VFL train accuracy: 0.9141
2026-04-20 22:52:27,022 - Epoch: 12, 11/194: VFL loss: 0.1885, total loss: 0.1113, anchor loss: 0.0342, VFL train accuracy: 0.9293
2026-04-20 22:52:27,191 - Epoch: 12, 21/194: VFL loss: 0.1843, total loss: 0.1095, anchor loss: 0.0346, VFL train accuracy: 0.9321
2026-04-20 22:52:27,361 - Epoch: 12, 31/194: VFL loss: 0.1829, total loss: 0.1086, anchor loss: 0.0344, VFL train accuracy: 0.9332
2026-04-20 22:52:27,531 - Epoch: 12, 41/194: VFL loss: 0.1846, total loss: 0.1095, anchor loss: 0.0343, VFL train accuracy: 0.9326
2026-04-20 22:52:27,711 - Epoch: 12, 51/194: VFL loss: 0.1853, total loss: 0.1097, anchor loss: 0.0341, VFL train accuracy: 0.9328
2026-04-20 22:52:27,895 - Epoch: 12, 61/194: VFL loss: 0.1855, total loss: 0.1098, anchor loss: 0.0342, VFL train accuracy: 0.9332
2026-04-20 22:52:28,061 - Epoch: 12, 71/194: VFL loss: 0.1848, total loss: 0.1096, anchor loss: 0.0343, VFL train accuracy: 0.9334
2026-04-20 22:52:28,251 - Epoch: 12, 81/194: VFL loss: 0.1866, total loss: 0.1105, anchor loss: 0.0344, VFL train accuracy: 0.9329
2026-04-20 22:52:28,428 - Epoch: 12, 91/194: VFL loss: 0.1873, total loss: 0.1108, anchor loss: 0.0344, VFL train accuracy: 0.9325
2026-04-20 22:52:28,608 - Epoch: 12, 101/194: VFL loss: 0.1864, total loss: 0.1104, anchor loss: 0.0344, VFL train accuracy: 0.9328
2026-04-20 22:52:28,785 - Epoch: 12, 111/194: VFL loss: 0.1858, total loss: 0.1100, anchor loss: 0.0343, VFL train accuracy: 0.9333
2026-04-20 22:52:28,954 - Epoch: 12, 121/194: VFL loss: 0.1866, total loss: 0.1105, anchor loss: 0.0343, VFL train accuracy: 0.9330
2026-04-20 22:52:29,140 - Epoch: 12, 131/194: VFL loss: 0.1885, total loss: 0.1114, anchor loss: 0.0343, VFL train accuracy: 0.9326
2026-04-20 22:52:29,308 - Epoch: 12, 141/194: VFL loss: 0.1884, total loss: 0.1114, anchor loss: 0.0344, VFL train accuracy: 0.9326
2026-04-20 22:52:29,475 - Epoch: 12, 151/194: VFL loss: 0.1888, total loss: 0.1116, anchor loss: 0.0344, VFL train accuracy: 0.9324
2026-04-20 22:52:29,670 - Epoch: 12, 161/194: VFL loss: 0.1906, total loss: 0.1126, anchor loss: 0.0345, VFL train accuracy: 0.9317
2026-04-20 22:52:29,845 - Epoch: 12, 171/194: VFL loss: 0.1900, total loss: 0.1122, anchor loss: 0.0345, VFL train accuracy: 0.9320
2026-04-20 22:52:30,015 - Epoch: 12, 181/194: VFL loss: 0.1896, total loss: 0.1120, anchor loss: 0.0344, VFL train accuracy: 0.9321
2026-04-20 22:52:30,183 - Epoch: 12, 191/194: VFL loss: 0.1901, total loss: 0.1123, anchor loss: 0.0344, VFL train accuracy: 0.9318
2026-04-20 22:52:30,255 - => Recorded Stage 2 client anchor losses for epoch 12 to 'results/AVGuard/stage3_gamma_sensitivity_3clients_noema_bounded_q/IEEE_CIS_FRAUD_3clients_noema_bounded_q_gamma_5.0\stage2_final_epoch_client_anchor_losses.json': {0: 0.032669, 1: 0.036855, 2: 0.033867}
2026-04-20 22:52:30,256 - => Stage 2 EMA anchor update skipped at epoch 12 because momentum=1.0000 disables EMA; eligible classes per client {0: 2, 1: 2, 2: 2}
2026-04-20 22:52:30,256 - => Stage 2 Epoch 12 Training Summary: VFL loss: 0.1903, total loss: 0.1124, anchor loss: 0.0345, VFL train accuracy: 0.9317
2026-04-20 22:52:30,256 - => Test ASR...
2026-04-20 22:52:30,261 - =>Add Trigger to Test Data
2026-04-20 22:52:30,625 - Add Trigger to 8265 Bad Samples, 4133 Clean Samples (1.00)
2026-04-20 22:52:32,507 - => Test Epoch: 12, main task samples: 12398, attack samples: 12398, test loss: 0.3685, clean acc: 0.8226, Top-2: 1.0000, ASR: 0.1024, RAC: 0.7768, test target accuracy: 0.6867, stage3 final accuracy: 0.8226, stage3 final target accuracy: 0.5352, stage3 final asr: 0.1024, anchor loss: 0.0404
2026-04-20 22:52:32,507 - => Stage 3 Detection Summary: recall: 0.8973, precision: 0.8725, f1: 0.8847, false positive rate: 0.0868, correction rate: 0.8973
2026-04-20 22:52:32,507 - => Stage 3 Debug (clean): suspicious=1076/12398, correction_applied=1075, prediction_changed=1075, skipped_tied_vote=0, skipped_low_margin=0, skipped_other=1
2026-04-20 22:52:32,507 - => Stage 3 Debug (poison-valid): suspicious=7379/8265, correction_applied=7379, prediction_changed=7379, skipped_tied_vote=0, skipped_low_margin=0, skipped_other=0
2026-04-20 22:52:32,507 - => Stage 3 Debug (attack-success): suspicious=7377/8221, correction_applied=7377, prediction_changed=7377, corrected_to_true=7377
2026-04-20 22:52:32,507 - => Stage 2 checkpoint score: mean(clean_acc=0.8226, recall=0.8973, correction_rate=0.8973) = 0.8724
2026-04-20 22:52:32,534 - => End Epoch: 12, early stop epochs: 1, best epoch: 11, best clean acc: 0.8271, best Top-2: 1.0000, best ASR: 0.0981, best RAC: 0.7882, anchor loss: 0.0401, best checkpoint score: 0.8766
2026-04-20 22:52:32,534 - => Stage 3 Detection Summary: recall: 0.9013, precision: 0.8751, f1: 0.8880, false positive rate: 0.0840, correction rate: 0.9013
2026-04-20 22:52:32,550 - => LFBA current anchor-derived target label: 1
2026-04-20 22:52:32,559 - =>Add Trigger to Train Data
2026-04-20 22:52:32,653 - Add Trigger to 4959 Bad Samples, 44632 Clean Samples (0.10)
2026-04-20 22:52:32,655 - => Start Training for Injecting Backdoor...
2026-04-20 22:52:32,677 - Epoch: 13, 1/194: VFL loss: 0.1369, total loss: 0.0844, anchor loss: 0.0319, VFL train accuracy: 0.9375
2026-04-20 22:52:32,853 - Epoch: 13, 11/194: VFL loss: 0.1875, total loss: 0.1107, anchor loss: 0.0339, VFL train accuracy: 0.9339
2026-04-20 22:52:33,026 - Epoch: 13, 21/194: VFL loss: 0.1924, total loss: 0.1132, anchor loss: 0.0339, VFL train accuracy: 0.9332
2026-04-20 22:52:33,203 - Epoch: 13, 31/194: VFL loss: 0.1893, total loss: 0.1115, anchor loss: 0.0338, VFL train accuracy: 0.9347
2026-04-20 22:52:33,396 - Epoch: 13, 41/194: VFL loss: 0.1861, total loss: 0.1099, anchor loss: 0.0337, VFL train accuracy: 0.9350
2026-04-20 22:52:33,596 - Epoch: 13, 51/194: VFL loss: 0.1902, total loss: 0.1120, anchor loss: 0.0338, VFL train accuracy: 0.9348
2026-04-20 22:52:33,801 - Epoch: 13, 61/194: VFL loss: 0.1889, total loss: 0.1113, anchor loss: 0.0337, VFL train accuracy: 0.9351
2026-04-20 22:52:33,998 - Epoch: 13, 71/194: VFL loss: 0.1888, total loss: 0.1113, anchor loss: 0.0337, VFL train accuracy: 0.9347
2026-04-20 22:52:34,168 - Epoch: 13, 81/194: VFL loss: 0.1910, total loss: 0.1124, anchor loss: 0.0338, VFL train accuracy: 0.9336
2026-04-20 22:52:34,342 - Epoch: 13, 91/194: VFL loss: 0.1926, total loss: 0.1133, anchor loss: 0.0341, VFL train accuracy: 0.9330
2026-04-20 22:52:34,516 - Epoch: 13, 101/194: VFL loss: 0.1933, total loss: 0.1137, anchor loss: 0.0342, VFL train accuracy: 0.9324
2026-04-20 22:52:34,683 - Epoch: 13, 111/194: VFL loss: 0.1932, total loss: 0.1137, anchor loss: 0.0342, VFL train accuracy: 0.9324
2026-04-20 22:52:34,874 - Epoch: 13, 121/194: VFL loss: 0.1938, total loss: 0.1140, anchor loss: 0.0342, VFL train accuracy: 0.9320
2026-04-20 22:52:35,055 - Epoch: 13, 131/194: VFL loss: 0.1941, total loss: 0.1142, anchor loss: 0.0342, VFL train accuracy: 0.9319
2026-04-20 22:52:35,222 - Epoch: 13, 141/194: VFL loss: 0.1932, total loss: 0.1137, anchor loss: 0.0343, VFL train accuracy: 0.9323
2026-04-20 22:52:35,391 - Epoch: 13, 151/194: VFL loss: 0.1934, total loss: 0.1138, anchor loss: 0.0343, VFL train accuracy: 0.9322
2026-04-20 22:52:35,564 - Epoch: 13, 161/194: VFL loss: 0.1938, total loss: 0.1141, anchor loss: 0.0343, VFL train accuracy: 0.9323
2026-04-20 22:52:35,731 - Epoch: 13, 171/194: VFL loss: 0.1935, total loss: 0.1139, anchor loss: 0.0343, VFL train accuracy: 0.9326
2026-04-20 22:52:35,898 - Epoch: 13, 181/194: VFL loss: 0.1933, total loss: 0.1138, anchor loss: 0.0343, VFL train accuracy: 0.9328
2026-04-20 22:52:36,072 - Epoch: 13, 191/194: VFL loss: 0.1934, total loss: 0.1139, anchor loss: 0.0343, VFL train accuracy: 0.9326
2026-04-20 22:52:36,131 - => Recorded Stage 2 client anchor losses for epoch 13 to 'results/AVGuard/stage3_gamma_sensitivity_3clients_noema_bounded_q/IEEE_CIS_FRAUD_3clients_noema_bounded_q_gamma_5.0\stage2_final_epoch_client_anchor_losses.json': {0: 0.032277, 1: 0.036819, 2: 0.034126}
2026-04-20 22:52:36,131 - => Stage 2 EMA anchor update skipped at epoch 13 because momentum=1.0000 disables EMA; eligible classes per client {0: 2, 1: 2, 2: 2}
2026-04-20 22:52:36,132 - => Stage 2 Epoch 13 Training Summary: VFL loss: 0.1943, total loss: 0.1143, anchor loss: 0.0344, VFL train accuracy: 0.9323
2026-04-20 22:52:36,132 - => Test ASR...
2026-04-20 22:52:36,138 - =>Add Trigger to Test Data
2026-04-20 22:52:36,486 - Add Trigger to 8265 Bad Samples, 4133 Clean Samples (1.00)
2026-04-20 22:52:38,197 - => Test Epoch: 13, main task samples: 12398, attack samples: 12398, test loss: 0.3671, clean acc: 0.8281, Top-2: 1.0000, ASR: 0.1306, RAC: 0.7759, test target accuracy: 0.7179, stage3 final accuracy: 0.8281, stage3 final target accuracy: 0.5887, stage3 final asr: 0.1306, anchor loss: 0.0401
2026-04-20 22:52:38,197 - => Stage 3 Detection Summary: recall: 0.8688, precision: 0.8438, f1: 0.8561, false positive rate: 0.1058, correction rate: 0.8688
2026-04-20 22:52:38,197 - => Stage 3 Debug (clean): suspicious=1312/12398, correction_applied=1307, prediction_changed=1307, skipped_tied_vote=0, skipped_low_margin=0, skipped_other=5
2026-04-20 22:52:38,197 - => Stage 3 Debug (poison-valid): suspicious=7120/8265, correction_applied=7120, prediction_changed=7120, skipped_tied_vote=0, skipped_low_margin=0, skipped_other=0
2026-04-20 22:52:38,197 - => Stage 3 Debug (attack-success): suspicious=7115/8189, correction_applied=7115, prediction_changed=7115, corrected_to_true=7115
2026-04-20 22:52:38,197 - => Stage 2 checkpoint score: mean(clean_acc=0.8281, recall=0.8688, correction_rate=0.8688) = 0.8553
2026-04-20 22:52:38,225 - => End Epoch: 13, early stop epochs: 2, best epoch: 11, best clean acc: 0.8271, best Top-2: 1.0000, best ASR: 0.0981, best RAC: 0.7882, anchor loss: 0.0401, best checkpoint score: 0.8766
2026-04-20 22:52:38,226 - => Stage 3 Detection Summary: recall: 0.9013, precision: 0.8751, f1: 0.8880, false positive rate: 0.0840, correction rate: 0.9013
2026-04-20 22:52:38,244 - => LFBA current anchor-derived target label: 1
2026-04-20 22:52:38,253 - =>Add Trigger to Train Data
2026-04-20 22:52:38,334 - Add Trigger to 4959 Bad Samples, 44632 Clean Samples (0.10)
2026-04-20 22:52:38,336 - => Start Training for Injecting Backdoor...
2026-04-20 22:52:38,363 - Epoch: 14, 1/194: VFL loss: 0.1789, total loss: 0.1054, anchor loss: 0.0319, VFL train accuracy: 0.9492
2026-04-20 22:52:38,549 - Epoch: 14, 11/194: VFL loss: 0.1789, total loss: 0.1063, anchor loss: 0.0336, VFL train accuracy: 0.9375
2026-04-20 22:52:38,762 - Epoch: 14, 21/194: VFL loss: 0.1788, total loss: 0.1063, anchor loss: 0.0337, VFL train accuracy: 0.9379
2026-04-20 22:52:38,937 - Epoch: 14, 31/194: VFL loss: 0.1801, total loss: 0.1067, anchor loss: 0.0334, VFL train accuracy: 0.9365
2026-04-20 22:52:39,104 - Epoch: 14, 41/194: VFL loss: 0.1772, total loss: 0.1052, anchor loss: 0.0333, VFL train accuracy: 0.9375
2026-04-20 22:52:39,269 - Epoch: 14, 51/194: VFL loss: 0.1765, total loss: 0.1049, anchor loss: 0.0333, VFL train accuracy: 0.9377
2026-04-20 22:52:39,453 - Epoch: 14, 61/194: VFL loss: 0.1750, total loss: 0.1042, anchor loss: 0.0335, VFL train accuracy: 0.9379
2026-04-20 22:52:39,622 - Epoch: 14, 71/194: VFL loss: 0.1751, total loss: 0.1043, anchor loss: 0.0334, VFL train accuracy: 0.9381
2026-04-20 22:52:39,787 - Epoch: 14, 81/194: VFL loss: 0.1763, total loss: 0.1050, anchor loss: 0.0337, VFL train accuracy: 0.9376
2026-04-20 22:52:39,954 - Epoch: 14, 91/194: VFL loss: 0.1773, total loss: 0.1056, anchor loss: 0.0339, VFL train accuracy: 0.9365
2026-04-20 22:52:40,122 - Epoch: 14, 101/194: VFL loss: 0.1767, total loss: 0.1053, anchor loss: 0.0339, VFL train accuracy: 0.9369
2026-04-20 22:52:40,306 - Epoch: 14, 111/194: VFL loss: 0.1772, total loss: 0.1057, anchor loss: 0.0341, VFL train accuracy: 0.9366
2026-04-20 22:52:40,475 - Epoch: 14, 121/194: VFL loss: 0.1794, total loss: 0.1068, anchor loss: 0.0342, VFL train accuracy: 0.9360
2026-04-20 22:52:40,668 - Epoch: 14, 131/194: VFL loss: 0.1807, total loss: 0.1075, anchor loss: 0.0342, VFL train accuracy: 0.9358
2026-04-20 22:52:40,840 - Epoch: 14, 141/194: VFL loss: 0.1819, total loss: 0.1081, anchor loss: 0.0343, VFL train accuracy: 0.9352
2026-04-20 22:52:41,010 - Epoch: 14, 151/194: VFL loss: 0.1829, total loss: 0.1087, anchor loss: 0.0344, VFL train accuracy: 0.9349
2026-04-20 22:52:41,176 - Epoch: 14, 161/194: VFL loss: 0.1840, total loss: 0.1092, anchor loss: 0.0344, VFL train accuracy: 0.9345
2026-04-20 22:52:41,343 - Epoch: 14, 171/194: VFL loss: 0.1835, total loss: 0.1090, anchor loss: 0.0344, VFL train accuracy: 0.9347
2026-04-20 22:52:41,512 - Epoch: 14, 181/194: VFL loss: 0.1840, total loss: 0.1093, anchor loss: 0.0346, VFL train accuracy: 0.9345
2026-04-20 22:52:41,696 - Epoch: 14, 191/194: VFL loss: 0.1832, total loss: 0.1089, anchor loss: 0.0346, VFL train accuracy: 0.9347
2026-04-20 22:52:41,749 - => Recorded Stage 2 client anchor losses for epoch 14 to 'results/AVGuard/stage3_gamma_sensitivity_3clients_noema_bounded_q/IEEE_CIS_FRAUD_3clients_noema_bounded_q_gamma_5.0\stage2_final_epoch_client_anchor_losses.json': {0: 0.031995, 1: 0.036832, 2: 0.034803}
2026-04-20 22:52:41,750 - => Stage 2 EMA anchor update skipped at epoch 14 because momentum=1.0000 disables EMA; eligible classes per client {0: 2, 1: 2, 2: 2}
2026-04-20 22:52:41,750 - => Stage 2 Epoch 14 Training Summary: VFL loss: 0.1831, total loss: 0.1088, anchor loss: 0.0345, VFL train accuracy: 0.9348
2026-04-20 22:52:41,751 - => Test ASR...
2026-04-20 22:52:41,755 - =>Add Trigger to Test Data
2026-04-20 22:52:42,106 - Add Trigger to 8265 Bad Samples, 4133 Clean Samples (1.00)
2026-04-20 22:52:43,942 - => Test Epoch: 14, main task samples: 12398, attack samples: 12398, test loss: 0.3868, clean acc: 0.8243, Top-2: 1.0000, ASR: 0.1163, RAC: 0.7709, test target accuracy: 0.7082, stage3 final accuracy: 0.8243, stage3 final target accuracy: 0.5451, stage3 final asr: 0.1163, anchor loss: 0.0400
2026-04-20 22:52:43,942 - => Stage 3 Detection Summary: recall: 0.8831, precision: 0.8507, f1: 0.8666, false positive rate: 0.1017, correction rate: 0.8831
2026-04-20 22:52:43,942 - => Stage 3 Debug (clean): suspicious=1261/12398, correction_applied=1261, prediction_changed=1261, skipped_tied_vote=0, skipped_low_margin=0, skipped_other=0
2026-04-20 22:52:43,942 - => Stage 3 Debug (poison-valid): suspicious=7223/8265, correction_applied=7223, prediction_changed=7223, skipped_tied_vote=0, skipped_low_margin=0, skipped_other=0
2026-04-20 22:52:43,942 - => Stage 3 Debug (attack-success): suspicious=7217/8172, correction_applied=7217, prediction_changed=7217, corrected_to_true=7217
2026-04-20 22:52:43,943 - => Stage 2 checkpoint score: mean(clean_acc=0.8243, recall=0.8831, correction_rate=0.8831) = 0.8635
2026-04-20 22:52:43,969 - => End Epoch: 14, early stop epochs: 3, best epoch: 11, best clean acc: 0.8271, best Top-2: 1.0000, best ASR: 0.0981, best RAC: 0.7882, anchor loss: 0.0401, best checkpoint score: 0.8766
2026-04-20 22:52:43,969 - => Stage 3 Detection Summary: recall: 0.9013, precision: 0.8751, f1: 0.8880, false positive rate: 0.0840, correction rate: 0.9013
2026-04-20 22:52:43,986 - => LFBA current anchor-derived target label: 1
2026-04-20 22:52:43,993 - =>Add Trigger to Train Data
2026-04-20 22:52:44,075 - Add Trigger to 4959 Bad Samples, 44632 Clean Samples (0.10)
2026-04-20 22:52:44,076 - => Start Training for Injecting Backdoor...
2026-04-20 22:52:44,096 - Epoch: 15, 1/194: VFL loss: 0.1938, total loss: 0.1147, anchor loss: 0.0356, VFL train accuracy: 0.9297
2026-04-20 22:52:44,407 - Epoch: 15, 11/194: VFL loss: 0.1826, total loss: 0.1087, anchor loss: 0.0348, VFL train accuracy: 0.9379
2026-04-20 22:52:44,581 - Epoch: 15, 21/194: VFL loss: 0.1874, total loss: 0.1110, anchor loss: 0.0346, VFL train accuracy: 0.9349
2026-04-20 22:52:44,760 - Epoch: 15, 31/194: VFL loss: 0.1841, total loss: 0.1091, anchor loss: 0.0341, VFL train accuracy: 0.9359
2026-04-20 22:52:44,930 - Epoch: 15, 41/194: VFL loss: 0.1818, total loss: 0.1080, anchor loss: 0.0342, VFL train accuracy: 0.9363
2026-04-20 22:52:45,098 - Epoch: 15, 51/194: VFL loss: 0.1821, total loss: 0.1081, anchor loss: 0.0341, VFL train accuracy: 0.9361
2026-04-20 22:52:45,273 - Epoch: 15, 61/194: VFL loss: 0.1824, total loss: 0.1082, anchor loss: 0.0340, VFL train accuracy: 0.9364
2026-04-20 22:52:45,449 - Epoch: 15, 71/194: VFL loss: 0.1810, total loss: 0.1074, anchor loss: 0.0338, VFL train accuracy: 0.9369
2026-04-20 22:52:45,619 - Epoch: 15, 81/194: VFL loss: 0.1810, total loss: 0.1074, anchor loss: 0.0338, VFL train accuracy: 0.9366
2026-04-20 22:52:45,774 - Epoch: 15, 91/194: VFL loss: 0.1812, total loss: 0.1075, anchor loss: 0.0337, VFL train accuracy: 0.9364
2026-04-20 22:52:45,919 - Epoch: 15, 101/194: VFL loss: 0.1836, total loss: 0.1087, anchor loss: 0.0339, VFL train accuracy: 0.9358
2026-04-20 22:52:46,116 - Epoch: 15, 111/194: VFL loss: 0.1820, total loss: 0.1079, anchor loss: 0.0339, VFL train accuracy: 0.9365
2026-04-20 22:52:46,390 - Epoch: 15, 121/194: VFL loss: 0.1826, total loss: 0.1082, anchor loss: 0.0339, VFL train accuracy: 0.9362
2026-04-20 22:52:46,663 - Epoch: 15, 131/194: VFL loss: 0.1814, total loss: 0.1076, anchor loss: 0.0337, VFL train accuracy: 0.9367
2026-04-20 22:52:46,908 - Epoch: 15, 141/194: VFL loss: 0.1822, total loss: 0.1080, anchor loss: 0.0338, VFL train accuracy: 0.9365
2026-04-20 22:52:47,136 - Epoch: 15, 151/194: VFL loss: 0.1841, total loss: 0.1090, anchor loss: 0.0339, VFL train accuracy: 0.9359
2026-04-20 22:52:47,362 - Epoch: 15, 161/194: VFL loss: 0.1853, total loss: 0.1096, anchor loss: 0.0340, VFL train accuracy: 0.9354
2026-04-20 22:52:47,562 - Epoch: 15, 171/194: VFL loss: 0.1855, total loss: 0.1098, anchor loss: 0.0340, VFL train accuracy: 0.9352
2026-04-20 22:52:47,764 - Epoch: 15, 181/194: VFL loss: 0.1862, total loss: 0.1101, anchor loss: 0.0341, VFL train accuracy: 0.9349
2026-04-20 22:52:47,926 - Epoch: 15, 191/194: VFL loss: 0.1864, total loss: 0.1102, anchor loss: 0.0341, VFL train accuracy: 0.9347
2026-04-20 22:52:47,980 - => Recorded Stage 2 client anchor losses for epoch 15 to 'results/AVGuard/stage3_gamma_sensitivity_3clients_noema_bounded_q/IEEE_CIS_FRAUD_3clients_noema_bounded_q_gamma_5.0\stage2_final_epoch_client_anchor_losses.json': {0: 0.031584, 1: 0.036691, 2: 0.034053}
2026-04-20 22:52:47,981 - => Stage 2 EMA anchor update skipped at epoch 15 because momentum=1.0000 disables EMA; eligible classes per client {0: 2, 1: 2, 2: 2}
2026-04-20 22:52:47,981 - => Stage 2 Epoch 15 Training Summary: VFL loss: 0.1871, total loss: 0.1106, anchor loss: 0.0341, VFL train accuracy: 0.9344
2026-04-20 22:52:47,981 - => Test ASR...
2026-04-20 22:52:47,986 - =>Add Trigger to Test Data
2026-04-20 22:52:48,335 - Add Trigger to 8265 Bad Samples, 4133 Clean Samples (1.00)
2026-04-20 22:52:49,914 - => Test Epoch: 15, main task samples: 12398, attack samples: 12398, test loss: 0.3681, clean acc: 0.8326, Top-2: 1.0000, ASR: 0.1160, RAC: 0.7890, test target accuracy: 0.7360, stage3 final accuracy: 0.8326, stage3 final target accuracy: 0.5991, stage3 final asr: 0.1160, anchor loss: 0.0398
2026-04-20 22:52:49,915 - => Stage 3 Detection Summary: recall: 0.8835, precision: 0.8504, f1: 0.8666, false positive rate: 0.1030, correction rate: 0.8835
2026-04-20 22:52:49,915 - => Stage 3 Debug (clean): suspicious=1277/12398, correction_applied=1274, prediction_changed=1274, skipped_tied_vote=0, skipped_low_margin=0, skipped_other=3
2026-04-20 22:52:49,915 - => Stage 3 Debug (poison-valid): suspicious=7265/8265, correction_applied=7265, prediction_changed=7265, skipped_tied_vote=0, skipped_low_margin=0, skipped_other=0
2026-04-20 22:52:49,915 - => Stage 3 Debug (attack-success): suspicious=7264/8222, correction_applied=7264, prediction_changed=7264, corrected_to_true=7264
2026-04-20 22:52:49,915 - => Stage 2 checkpoint score: mean(clean_acc=0.8326, recall=0.8835, correction_rate=0.8835) = 0.8665
2026-04-20 22:52:49,939 - => End Epoch: 15, early stop epochs: 4, best epoch: 11, best clean acc: 0.8271, best Top-2: 1.0000, best ASR: 0.0981, best RAC: 0.7882, anchor loss: 0.0401, best checkpoint score: 0.8766
2026-04-20 22:52:49,940 - => Stage 3 Detection Summary: recall: 0.9013, precision: 0.8751, f1: 0.8880, false positive rate: 0.0840, correction rate: 0.9013
2026-04-20 22:52:49,956 - => LFBA current anchor-derived target label: 1
2026-04-20 22:52:49,964 - =>Add Trigger to Train Data
2026-04-20 22:52:50,058 - Add Trigger to 4959 Bad Samples, 44632 Clean Samples (0.10)
2026-04-20 22:52:50,059 - => Start Training for Injecting Backdoor...
2026-04-20 22:52:50,082 - Epoch: 16, 1/194: VFL loss: 0.1578, total loss: 0.0975, anchor loss: 0.0371, VFL train accuracy: 0.9453
2026-04-20 22:52:50,264 - Epoch: 16, 11/194: VFL loss: 0.1850, total loss: 0.1104, anchor loss: 0.0358, VFL train accuracy: 0.9343
2026-04-20 22:52:50,432 - Epoch: 16, 21/194: VFL loss: 0.1728, total loss: 0.1035, anchor loss: 0.0342, VFL train accuracy: 0.9381
2026-04-20 22:52:50,617 - Epoch: 16, 31/194: VFL loss: 0.1677, total loss: 0.1007, anchor loss: 0.0336, VFL train accuracy: 0.9409
2026-04-20 22:52:50,786 - Epoch: 16, 41/194: VFL loss: 0.1654, total loss: 0.0995, anchor loss: 0.0335, VFL train accuracy: 0.9407
2026-04-20 22:52:50,954 - Epoch: 16, 51/194: VFL loss: 0.1672, total loss: 0.1004, anchor loss: 0.0335, VFL train accuracy: 0.9390
2026-04-20 22:52:51,119 - Epoch: 16, 61/194: VFL loss: 0.1671, total loss: 0.1003, anchor loss: 0.0336, VFL train accuracy: 0.9391
2026-04-20 22:52:51,287 - Epoch: 16, 71/194: VFL loss: 0.1707, total loss: 0.1022, anchor loss: 0.0338, VFL train accuracy: 0.9376
2026-04-20 22:52:51,454 - Epoch: 16, 81/194: VFL loss: 0.1720, total loss: 0.1029, anchor loss: 0.0338, VFL train accuracy: 0.9377
2026-04-20 22:52:51,628 - Epoch: 16, 91/194: VFL loss: 0.1714, total loss: 0.1026, anchor loss: 0.0339, VFL train accuracy: 0.9379
2026-04-20 22:52:51,806 - Epoch: 16, 101/194: VFL loss: 0.1718, total loss: 0.1028, anchor loss: 0.0338, VFL train accuracy: 0.9376
2026-04-20 22:52:51,968 - Epoch: 16, 111/194: VFL loss: 0.1730, total loss: 0.1035, anchor loss: 0.0340, VFL train accuracy: 0.9366
2026-04-20 22:52:52,139 - Epoch: 16, 121/194: VFL loss: 0.1736, total loss: 0.1039, anchor loss: 0.0342, VFL train accuracy: 0.9364
2026-04-20 22:52:52,315 - Epoch: 16, 131/194: VFL loss: 0.1746, total loss: 0.1044, anchor loss: 0.0342, VFL train accuracy: 0.9361
2026-04-20 22:52:52,493 - Epoch: 16, 141/194: VFL loss: 0.1757, total loss: 0.1050, anchor loss: 0.0343, VFL train accuracy: 0.9358
2026-04-20 22:52:52,674 - Epoch: 16, 151/194: VFL loss: 0.1752, total loss: 0.1047, anchor loss: 0.0342, VFL train accuracy: 0.9358
2026-04-20 22:52:52,843 - Epoch: 16, 161/194: VFL loss: 0.1755, total loss: 0.1049, anchor loss: 0.0342, VFL train accuracy: 0.9355
2026-04-20 22:52:53,010 - Epoch: 16, 171/194: VFL loss: 0.1748, total loss: 0.1044, anchor loss: 0.0341, VFL train accuracy: 0.9362
2026-04-20 22:52:53,177 - Epoch: 16, 181/194: VFL loss: 0.1751, total loss: 0.1046, anchor loss: 0.0341, VFL train accuracy: 0.9361
2026-04-20 22:52:53,346 - Epoch: 16, 191/194: VFL loss: 0.1751, total loss: 0.1046, anchor loss: 0.0341, VFL train accuracy: 0.9364
2026-04-20 22:52:53,401 - => Recorded Stage 2 client anchor losses for epoch 16 to 'results/AVGuard/stage3_gamma_sensitivity_3clients_noema_bounded_q/IEEE_CIS_FRAUD_3clients_noema_bounded_q_gamma_5.0\stage2_final_epoch_client_anchor_losses.json': {0: 0.031252, 1: 0.036697, 2: 0.034405}
2026-04-20 22:52:53,402 - => Stage 2 EMA anchor update skipped at epoch 16 because momentum=1.0000 disables EMA; eligible classes per client {0: 2, 1: 2, 2: 2}
2026-04-20 22:52:53,402 - => Stage 2 Epoch 16 Training Summary: VFL loss: 0.1751, total loss: 0.1046, anchor loss: 0.0341, VFL train accuracy: 0.9365
2026-04-20 22:52:53,402 - => Test ASR...
2026-04-20 22:52:53,409 - =>Add Trigger to Test Data
2026-04-20 22:52:53,756 - Add Trigger to 8265 Bad Samples, 4133 Clean Samples (1.00)
2026-04-20 22:52:56,038 - => Test Epoch: 16, main task samples: 12398, attack samples: 12398, test loss: 0.3798, clean acc: 0.8304, Top-2: 1.0000, ASR: 0.1163, RAC: 0.7971, test target accuracy: 0.7186, stage3 final accuracy: 0.8304, stage3 final target accuracy: 0.6240, stage3 final asr: 0.1163, anchor loss: 0.0395
2026-04-20 22:52:56,038 - => Stage 3 Detection Summary: recall: 0.8833, precision: 0.8525, f1: 0.8677, false positive rate: 0.1011, correction rate: 0.8833
2026-04-20 22:52:56,039 - => Stage 3 Debug (clean): suspicious=1254/12398, correction_applied=1244, prediction_changed=1244, skipped_tied_vote=0, skipped_low_margin=0, skipped_other=10
2026-04-20 22:52:56,039 - => Stage 3 Debug (poison-valid): suspicious=7263/8265, correction_applied=7263, prediction_changed=7263, skipped_tied_vote=0, skipped_low_margin=0, skipped_other=0
2026-04-20 22:52:56,039 - => Stage 3 Debug (attack-success): suspicious=7261/8220, correction_applied=7261, prediction_changed=7261, corrected_to_true=7261
2026-04-20 22:52:56,039 - => Stage 2 checkpoint score: mean(clean_acc=0.8304, recall=0.8833, correction_rate=0.8833) = 0.8657
2026-04-20 22:52:56,063 - => End Epoch: 16, early stop epochs: 5, best epoch: 11, best clean acc: 0.8271, best Top-2: 1.0000, best ASR: 0.0981, best RAC: 0.7882, anchor loss: 0.0401, best checkpoint score: 0.8766
2026-04-20 22:52:56,063 - => Stage 3 Detection Summary: recall: 0.9013, precision: 0.8751, f1: 0.8880, false positive rate: 0.0840, correction rate: 0.9013
2026-04-20 22:52:56,078 - => LFBA current anchor-derived target label: 1
2026-04-20 22:52:56,086 - =>Add Trigger to Train Data
2026-04-20 22:52:56,164 - Add Trigger to 4959 Bad Samples, 44632 Clean Samples (0.10)
2026-04-20 22:52:56,165 - => Start Training for Injecting Backdoor...
2026-04-20 22:52:56,196 - Epoch: 17, 1/194: VFL loss: 0.1615, total loss: 0.0972, anchor loss: 0.0329, VFL train accuracy: 0.9531
2026-04-20 22:52:56,416 - Epoch: 17, 11/194: VFL loss: 0.1793, total loss: 0.1065, anchor loss: 0.0338, VFL train accuracy: 0.9364
2026-04-20 22:52:56,637 - Epoch: 17, 21/194: VFL loss: 0.1784, total loss: 0.1061, anchor loss: 0.0338, VFL train accuracy: 0.9371
2026-04-20 22:52:56,871 - Epoch: 17, 31/194: VFL loss: 0.1759, total loss: 0.1048, anchor loss: 0.0337, VFL train accuracy: 0.9375
2026-04-20 22:52:57,106 - Epoch: 17, 41/194: VFL loss: 0.1734, total loss: 0.1035, anchor loss: 0.0337, VFL train accuracy: 0.9391
2026-04-20 22:52:57,348 - Epoch: 17, 51/194: VFL loss: 0.1724, total loss: 0.1030, anchor loss: 0.0336, VFL train accuracy: 0.9391
2026-04-20 22:52:57,591 - Epoch: 17, 61/194: VFL loss: 0.1708, total loss: 0.1021, anchor loss: 0.0333, VFL train accuracy: 0.9401
2026-04-20 22:52:57,816 - Epoch: 17, 71/194: VFL loss: 0.1714, total loss: 0.1024, anchor loss: 0.0334, VFL train accuracy: 0.9398
2026-04-20 22:52:58,028 - Epoch: 17, 81/194: VFL loss: 0.1736, total loss: 0.1036, anchor loss: 0.0335, VFL train accuracy: 0.9390
2026-04-20 22:52:58,260 - Epoch: 17, 91/194: VFL loss: 0.1752, total loss: 0.1044, anchor loss: 0.0336, VFL train accuracy: 0.9389
2026-04-20 22:52:58,482 - Epoch: 17, 101/194: VFL loss: 0.1773, total loss: 0.1055, anchor loss: 0.0337, VFL train accuracy: 0.9383
2026-04-20 22:52:58,697 - Epoch: 17, 111/194: VFL loss: 0.1779, total loss: 0.1058, anchor loss: 0.0337, VFL train accuracy: 0.9380
2026-04-20 22:52:58,917 - Epoch: 17, 121/194: VFL loss: 0.1796, total loss: 0.1067, anchor loss: 0.0338, VFL train accuracy: 0.9375
2026-04-20 22:52:59,159 - Epoch: 17, 131/194: VFL loss: 0.1793, total loss: 0.1066, anchor loss: 0.0338, VFL train accuracy: 0.9378
2026-04-20 22:52:59,406 - Epoch: 17, 141/194: VFL loss: 0.1791, total loss: 0.1064, anchor loss: 0.0338, VFL train accuracy: 0.9379
2026-04-20 22:52:59,654 - Epoch: 17, 151/194: VFL loss: 0.1794, total loss: 0.1066, anchor loss: 0.0337, VFL train accuracy: 0.9378
2026-04-20 22:52:59,870 - Epoch: 17, 161/194: VFL loss: 0.1794, total loss: 0.1066, anchor loss: 0.0338, VFL train accuracy: 0.9379
2026-04-20 22:53:00,095 - Epoch: 17, 171/194: VFL loss: 0.1791, total loss: 0.1065, anchor loss: 0.0338, VFL train accuracy: 0.9380
2026-04-20 22:53:00,323 - Epoch: 17, 181/194: VFL loss: 0.1790, total loss: 0.1064, anchor loss: 0.0338, VFL train accuracy: 0.9382
2026-04-20 22:53:00,557 - Epoch: 17, 191/194: VFL loss: 0.1787, total loss: 0.1062, anchor loss: 0.0338, VFL train accuracy: 0.9383
2026-04-20 22:53:00,648 - => Recorded Stage 2 client anchor losses for epoch 17 to 'results/AVGuard/stage3_gamma_sensitivity_3clients_noema_bounded_q/IEEE_CIS_FRAUD_3clients_noema_bounded_q_gamma_5.0\stage2_final_epoch_client_anchor_losses.json': {0: 0.030683, 1: 0.036528, 2: 0.034184}
2026-04-20 22:53:00,650 - => Stage 2 EMA anchor update skipped at epoch 17 because momentum=1.0000 disables EMA; eligible classes per client {0: 2, 1: 2, 2: 2}
2026-04-20 22:53:00,650 - => Stage 2 Epoch 17 Training Summary: VFL loss: 0.1787, total loss: 0.1062, anchor loss: 0.0338, VFL train accuracy: 0.9384
2026-04-20 22:53:00,650 - => Test ASR...
2026-04-20 22:53:00,656 - =>Add Trigger to Test Data
2026-04-20 22:53:01,014 - Add Trigger to 8265 Bad Samples, 4133 Clean Samples (1.00)
2026-04-20 22:53:02,632 - => Test Epoch: 17, main task samples: 12398, attack samples: 12398, test loss: 0.3715, clean acc: 0.8275, Top-2: 1.0000, ASR: 0.1440, RAC: 0.7709, test target accuracy: 0.7452, stage3 final accuracy: 0.8275, stage3 final target accuracy: 0.6005, stage3 final asr: 0.1440, anchor loss: 0.0401
2026-04-20 22:53:02,632 - => Stage 3 Detection Summary: recall: 0.8558, precision: 0.8152, f1: 0.8350, false positive rate: 0.1279, correction rate: 0.8557
2026-04-20 22:53:02,632 - => Stage 3 Debug (clean): suspicious=1586/12398, correction_applied=1578, prediction_changed=1578, skipped_tied_vote=0, skipped_low_margin=0, skipped_other=8
2026-04-20 22:53:02,632 - => Stage 3 Debug (poison-valid): suspicious=7029/8265, correction_applied=7028, prediction_changed=7028, skipped_tied_vote=0, skipped_low_margin=0, skipped_other=1
2026-04-20 22:53:02,632 - => Stage 3 Debug (attack-success): suspicious=7023/8206, correction_applied=7022, prediction_changed=7022, corrected_to_true=7022
2026-04-20 22:53:02,633 - => Stage 2 checkpoint score: mean(clean_acc=0.8275, recall=0.8558, correction_rate=0.8557) = 0.8463
2026-04-20 22:53:02,658 - => End Epoch: 17, early stop epochs: 6, best epoch: 11, best clean acc: 0.8271, best Top-2: 1.0000, best ASR: 0.0981, best RAC: 0.7882, anchor loss: 0.0401, best checkpoint score: 0.8766
2026-04-20 22:53:02,658 - => Stage 3 Detection Summary: recall: 0.9013, precision: 0.8751, f1: 0.8880, false positive rate: 0.0840, correction rate: 0.9013
2026-04-20 22:53:02,674 - => LFBA current anchor-derived target label: 1
2026-04-20 22:53:02,688 - =>Add Trigger to Train Data
2026-04-20 22:53:02,784 - Add Trigger to 4959 Bad Samples, 44632 Clean Samples (0.10)
2026-04-20 22:53:02,794 - => Start Training for Injecting Backdoor...
2026-04-20 22:53:02,815 - Epoch: 18, 1/194: VFL loss: 0.0983, total loss: 0.0627, anchor loss: 0.0270, VFL train accuracy: 0.9688
2026-04-20 22:53:02,996 - Epoch: 18, 11/194: VFL loss: 0.1552, total loss: 0.0937, anchor loss: 0.0323, VFL train accuracy: 0.9482
2026-04-20 22:53:03,166 - Epoch: 18, 21/194: VFL loss: 0.1597, total loss: 0.0966, anchor loss: 0.0334, VFL train accuracy: 0.9466
2026-04-20 22:53:03,316 - Epoch: 18, 31/194: VFL loss: 0.1669, total loss: 0.1004, anchor loss: 0.0339, VFL train accuracy: 0.9428
2026-04-20 22:53:03,482 - Epoch: 18, 41/194: VFL loss: 0.1691, total loss: 0.1017, anchor loss: 0.0343, VFL train accuracy: 0.9403
2026-04-20 22:53:03,655 - Epoch: 18, 51/194: VFL loss: 0.1681, total loss: 0.1014, anchor loss: 0.0347, VFL train accuracy: 0.9398
2026-04-20 22:53:03,823 - Epoch: 18, 61/194: VFL loss: 0.1681, total loss: 0.1014, anchor loss: 0.0347, VFL train accuracy: 0.9400
2026-04-20 22:53:03,985 - Epoch: 18, 71/194: VFL loss: 0.1677, total loss: 0.1012, anchor loss: 0.0348, VFL train accuracy: 0.9398
2026-04-20 22:53:04,141 - Epoch: 18, 81/194: VFL loss: 0.1675, total loss: 0.1010, anchor loss: 0.0346, VFL train accuracy: 0.9399
2026-04-20 22:53:04,418 - Epoch: 18, 91/194: VFL loss: 0.1663, total loss: 0.1003, anchor loss: 0.0343, VFL train accuracy: 0.9402
2026-04-20 22:53:04,752 - Epoch: 18, 101/194: VFL loss: 0.1649, total loss: 0.0996, anchor loss: 0.0342, VFL train accuracy: 0.9406
2026-04-20 22:53:04,994 - Epoch: 18, 111/194: VFL loss: 0.1651, total loss: 0.0997, anchor loss: 0.0342, VFL train accuracy: 0.9403
2026-04-20 22:53:05,211 - Epoch: 18, 121/194: VFL loss: 0.1657, total loss: 0.1000, anchor loss: 0.0342, VFL train accuracy: 0.9396
2026-04-20 22:53:05,427 - Epoch: 18, 131/194: VFL loss: 0.1660, total loss: 0.1001, anchor loss: 0.0342, VFL train accuracy: 0.9400
2026-04-20 22:53:05,625 - Epoch: 18, 141/194: VFL loss: 0.1659, total loss: 0.1000, anchor loss: 0.0342, VFL train accuracy: 0.9399
2026-04-20 22:53:05,847 - Epoch: 18, 151/194: VFL loss: 0.1673, total loss: 0.1008, anchor loss: 0.0342, VFL train accuracy: 0.9395
2026-04-20 22:53:06,064 - Epoch: 18, 161/194: VFL loss: 0.1673, total loss: 0.1008, anchor loss: 0.0342, VFL train accuracy: 0.9396
2026-04-20 22:53:06,265 - Epoch: 18, 171/194: VFL loss: 0.1682, total loss: 0.1012, anchor loss: 0.0341, VFL train accuracy: 0.9395
2026-04-20 22:53:06,468 - Epoch: 18, 181/194: VFL loss: 0.1686, total loss: 0.1014, anchor loss: 0.0341, VFL train accuracy: 0.9393
2026-04-20 22:53:06,667 - Epoch: 18, 191/194: VFL loss: 0.1682, total loss: 0.1011, anchor loss: 0.0341, VFL train accuracy: 0.9396
2026-04-20 22:53:06,728 - => Recorded Stage 2 client anchor losses for epoch 18 to 'results/AVGuard/stage3_gamma_sensitivity_3clients_noema_bounded_q/IEEE_CIS_FRAUD_3clients_noema_bounded_q_gamma_5.0\stage2_final_epoch_client_anchor_losses.json': {0: 0.030651, 1: 0.036562, 2: 0.034912}
2026-04-20 22:53:06,736 - => Stage 2 EMA anchor update skipped at epoch 18 because momentum=1.0000 disables EMA; eligible classes per client {0: 2, 1: 2, 2: 2}
2026-04-20 22:53:06,736 - => Stage 2 Epoch 18 Training Summary: VFL loss: 0.1685, total loss: 0.1013, anchor loss: 0.0340, VFL train accuracy: 0.9395
2026-04-20 22:53:06,736 - => Test ASR...
2026-04-20 22:53:06,741 - =>Add Trigger to Test Data
2026-04-20 22:53:07,092 - Add Trigger to 8265 Bad Samples, 4133 Clean Samples (1.00)
2026-04-20 22:53:09,436 - => Test Epoch: 18, main task samples: 12398, attack samples: 12398, test loss: 0.3984, clean acc: 0.8321, Top-2: 1.0000, ASR: 0.1262, RAC: 0.7857, test target accuracy: 0.7503, stage3 final accuracy: 0.8321, stage3 final target accuracy: 0.6095, stage3 final asr: 0.1262, anchor loss: 0.0401
2026-04-20 22:53:09,437 - => Stage 3 Detection Summary: recall: 0.8738, precision: 0.8414, f1: 0.8573, false positive rate: 0.1089, correction rate: 0.8738
2026-04-20 22:53:09,437 - => Stage 3 Debug (clean): suspicious=1350/12398, correction_applied=1349, prediction_changed=1349, skipped_tied_vote=0, skipped_low_margin=0, skipped_other=1
2026-04-20 22:53:09,437 - => Stage 3 Debug (poison-valid): suspicious=7192/8265, correction_applied=7192, prediction_changed=7192, skipped_tied_vote=0, skipped_low_margin=0, skipped_other=0
2026-04-20 22:53:09,437 - => Stage 3 Debug (attack-success): suspicious=7187/8225, correction_applied=7187, prediction_changed=7187, corrected_to_true=7187
2026-04-20 22:53:09,437 - => Stage 2 checkpoint score: mean(clean_acc=0.8321, recall=0.8738, correction_rate=0.8738) = 0.8599
2026-04-20 22:53:09,463 - => End Epoch: 18, early stop epochs: 7, best epoch: 11, best clean acc: 0.8271, best Top-2: 1.0000, best ASR: 0.0981, best RAC: 0.7882, anchor loss: 0.0401, best checkpoint score: 0.8766
2026-04-20 22:53:09,463 - => Stage 3 Detection Summary: recall: 0.9013, precision: 0.8751, f1: 0.8880, false positive rate: 0.0840, correction rate: 0.9013
2026-04-20 22:53:09,480 - => LFBA current anchor-derived target label: 1
2026-04-20 22:53:09,488 - =>Add Trigger to Train Data
2026-04-20 22:53:09,570 - Add Trigger to 4959 Bad Samples, 44632 Clean Samples (0.10)
2026-04-20 22:53:09,572 - => Start Training for Injecting Backdoor...
2026-04-20 22:53:09,599 - Epoch: 19, 1/194: VFL loss: 0.1757, total loss: 0.1057, anchor loss: 0.0357, VFL train accuracy: 0.9414
2026-04-20 22:53:09,826 - Epoch: 19, 11/194: VFL loss: 0.1763, total loss: 0.1046, anchor loss: 0.0329, VFL train accuracy: 0.9382
2026-04-20 22:53:09,999 - Epoch: 19, 21/194: VFL loss: 0.1720, total loss: 0.1024, anchor loss: 0.0327, VFL train accuracy: 0.9401
2026-04-20 22:53:10,155 - Epoch: 19, 31/194: VFL loss: 0.1697, total loss: 0.1015, anchor loss: 0.0334, VFL train accuracy: 0.9409
2026-04-20 22:53:10,304 - Epoch: 19, 41/194: VFL loss: 0.1699, total loss: 0.1017, anchor loss: 0.0334, VFL train accuracy: 0.9395
2026-04-20 22:53:10,473 - Epoch: 19, 51/194: VFL loss: 0.1668, total loss: 0.1001, anchor loss: 0.0334, VFL train accuracy: 0.9413
2026-04-20 22:53:10,637 - Epoch: 19, 61/194: VFL loss: 0.1672, total loss: 0.1003, anchor loss: 0.0335, VFL train accuracy: 0.9419
2026-04-20 22:53:10,796 - Epoch: 19, 71/194: VFL loss: 0.1662, total loss: 0.0997, anchor loss: 0.0333, VFL train accuracy: 0.9420
2026-04-20 22:53:10,950 - Epoch: 19, 81/194: VFL loss: 0.1655, total loss: 0.0994, anchor loss: 0.0332, VFL train accuracy: 0.9421
2026-04-20 22:53:11,098 - Epoch: 19, 91/194: VFL loss: 0.1656, total loss: 0.0995, anchor loss: 0.0333, VFL train accuracy: 0.9414
2026-04-20 22:53:11,281 - Epoch: 19, 101/194: VFL loss: 0.1664, total loss: 0.0999, anchor loss: 0.0333, VFL train accuracy: 0.9412
2026-04-20 22:53:11,432 - Epoch: 19, 111/194: VFL loss: 0.1666, total loss: 0.1000, anchor loss: 0.0334, VFL train accuracy: 0.9411
2026-04-20 22:53:11,620 - Epoch: 19, 121/194: VFL loss: 0.1663, total loss: 0.0998, anchor loss: 0.0333, VFL train accuracy: 0.9416
2026-04-20 22:53:11,825 - Epoch: 19, 131/194: VFL loss: 0.1670, total loss: 0.1002, anchor loss: 0.0333, VFL train accuracy: 0.9414
2026-04-20 22:53:12,013 - Epoch: 19, 141/194: VFL loss: 0.1673, total loss: 0.1003, anchor loss: 0.0333, VFL train accuracy: 0.9411
2026-04-20 22:53:12,171 - Epoch: 19, 151/194: VFL loss: 0.1674, total loss: 0.1004, anchor loss: 0.0334, VFL train accuracy: 0.9410
2026-04-20 22:53:12,323 - Epoch: 19, 161/194: VFL loss: 0.1683, total loss: 0.1009, anchor loss: 0.0334, VFL train accuracy: 0.9408
2026-04-20 22:53:12,483 - Epoch: 19, 171/194: VFL loss: 0.1683, total loss: 0.1009, anchor loss: 0.0335, VFL train accuracy: 0.9406
2026-04-20 22:53:12,642 - Epoch: 19, 181/194: VFL loss: 0.1694, total loss: 0.1015, anchor loss: 0.0336, VFL train accuracy: 0.9402
2026-04-20 22:53:12,800 - Epoch: 19, 191/194: VFL loss: 0.1706, total loss: 0.1021, anchor loss: 0.0336, VFL train accuracy: 0.9394
2026-04-20 22:53:12,856 - => Recorded Stage 2 client anchor losses for epoch 19 to 'results/AVGuard/stage3_gamma_sensitivity_3clients_noema_bounded_q/IEEE_CIS_FRAUD_3clients_noema_bounded_q_gamma_5.0\stage2_final_epoch_client_anchor_losses.json': {0: 0.030302, 1: 0.036501, 2: 0.034044}
2026-04-20 22:53:12,857 - => Stage 2 EMA anchor update skipped at epoch 19 because momentum=1.0000 disables EMA; eligible classes per client {0: 2, 1: 2, 2: 2}
2026-04-20 22:53:12,857 - => Stage 2 Epoch 19 Training Summary: VFL loss: 0.1708, total loss: 0.1022, anchor loss: 0.0336, VFL train accuracy: 0.9393
2026-04-20 22:53:12,857 - => Test ASR...
2026-04-20 22:53:12,862 - =>Add Trigger to Test Data
2026-04-20 22:53:13,208 - Add Trigger to 8265 Bad Samples, 4133 Clean Samples (1.00)
2026-04-20 22:53:14,809 - => Test Epoch: 19, main task samples: 12398, attack samples: 12398, test loss: 0.3831, clean acc: 0.8237, Top-2: 1.0000, ASR: 0.1408, RAC: 0.7644, test target accuracy: 0.7406, stage3 final accuracy: 0.8237, stage3 final target accuracy: 0.5749, stage3 final asr: 0.1408, anchor loss: 0.0398
2026-04-20 22:53:14,809 - => Stage 3 Detection Summary: recall: 0.8588, precision: 0.8300, f1: 0.8442, false positive rate: 0.1164, correction rate: 0.8587
2026-04-20 22:53:14,809 - => Stage 3 Debug (clean): suspicious=1443/12398, correction_applied=1431, prediction_changed=1431, skipped_tied_vote=0, skipped_low_margin=0, skipped_other=12
2026-04-20 22:53:14,809 - => Stage 3 Debug (poison-valid): suspicious=7061/8265, correction_applied=7060, prediction_changed=7060, skipped_tied_vote=0, skipped_low_margin=0, skipped_other=1
2026-04-20 22:53:14,809 - => Stage 3 Debug (attack-success): suspicious=7058/8218, correction_applied=7057, prediction_changed=7057, corrected_to_true=7057
2026-04-20 22:53:14,810 - => Stage 2 checkpoint score: mean(clean_acc=0.8237, recall=0.8588, correction_rate=0.8587) = 0.8471
2026-04-20 22:53:14,839 - => End Epoch: 19, early stop epochs: 8, best epoch: 11, best clean acc: 0.8271, best Top-2: 1.0000, best ASR: 0.0981, best RAC: 0.7882, anchor loss: 0.0401, best checkpoint score: 0.8766
2026-04-20 22:53:14,840 - => Stage 3 Detection Summary: recall: 0.9013, precision: 0.8751, f1: 0.8880, false positive rate: 0.0840, correction rate: 0.9013
2026-04-20 22:53:14,856 - => LFBA current anchor-derived target label: 1
2026-04-20 22:53:14,869 - =>Add Trigger to Train Data
2026-04-20 22:53:14,948 - Add Trigger to 4959 Bad Samples, 44632 Clean Samples (0.10)
2026-04-20 22:53:14,951 - => Start Training for Injecting Backdoor...
2026-04-20 22:53:14,970 - Epoch: 20, 1/194: VFL loss: 0.1671, total loss: 0.1010, anchor loss: 0.0350, VFL train accuracy: 0.9336
2026-04-20 22:53:15,146 - Epoch: 20, 11/194: VFL loss: 0.1599, total loss: 0.0964, anchor loss: 0.0330, VFL train accuracy: 0.9414
2026-04-20 22:53:15,320 - Epoch: 20, 21/194: VFL loss: 0.1630, total loss: 0.0982, anchor loss: 0.0335, VFL train accuracy: 0.9403
2026-04-20 22:53:15,487 - Epoch: 20, 31/194: VFL loss: 0.1603, total loss: 0.0969, anchor loss: 0.0335, VFL train accuracy: 0.9420
2026-04-20 22:53:15,655 - Epoch: 20, 41/194: VFL loss: 0.1597, total loss: 0.0966, anchor loss: 0.0334, VFL train accuracy: 0.9428
2026-04-20 22:53:15,818 - Epoch: 20, 51/194: VFL loss: 0.1599, total loss: 0.0966, anchor loss: 0.0333, VFL train accuracy: 0.9428
2026-04-20 22:53:15,978 - Epoch: 20, 61/194: VFL loss: 0.1585, total loss: 0.0959, anchor loss: 0.0334, VFL train accuracy: 0.9433
2026-04-20 22:53:16,142 - Epoch: 20, 71/194: VFL loss: 0.1599, total loss: 0.0966, anchor loss: 0.0332, VFL train accuracy: 0.9429
2026-04-20 22:53:16,305 - Epoch: 20, 81/194: VFL loss: 0.1618, total loss: 0.0976, anchor loss: 0.0335, VFL train accuracy: 0.9420
2026-04-20 22:53:16,472 - Epoch: 20, 91/194: VFL loss: 0.1605, total loss: 0.0970, anchor loss: 0.0335, VFL train accuracy: 0.9421
2026-04-20 22:53:16,651 - Epoch: 20, 101/194: VFL loss: 0.1606, total loss: 0.0970, anchor loss: 0.0334, VFL train accuracy: 0.9422
2026-04-20 22:53:16,811 - Epoch: 20, 111/194: VFL loss: 0.1622, total loss: 0.0979, anchor loss: 0.0337, VFL train accuracy: 0.9414
2026-04-20 22:53:16,973 - Epoch: 20, 121/194: VFL loss: 0.1636, total loss: 0.0987, anchor loss: 0.0338, VFL train accuracy: 0.9410
2026-04-20 22:53:17,169 - Epoch: 20, 131/194: VFL loss: 0.1617, total loss: 0.0977, anchor loss: 0.0337, VFL train accuracy: 0.9419
2026-04-20 22:53:17,356 - Epoch: 20, 141/194: VFL loss: 0.1618, total loss: 0.0978, anchor loss: 0.0338, VFL train accuracy: 0.9418
2026-04-20 22:53:17,516 - Epoch: 20, 151/194: VFL loss: 0.1607, total loss: 0.0972, anchor loss: 0.0337, VFL train accuracy: 0.9423
2026-04-20 22:53:17,685 - Epoch: 20, 161/194: VFL loss: 0.1614, total loss: 0.0975, anchor loss: 0.0337, VFL train accuracy: 0.9417
2026-04-20 22:53:17,838 - Epoch: 20, 171/194: VFL loss: 0.1619, total loss: 0.0978, anchor loss: 0.0337, VFL train accuracy: 0.9419
2026-04-20 22:53:17,992 - Epoch: 20, 181/194: VFL loss: 0.1624, total loss: 0.0981, anchor loss: 0.0337, VFL train accuracy: 0.9416
2026-04-20 22:53:18,152 - Epoch: 20, 191/194: VFL loss: 0.1625, total loss: 0.0981, anchor loss: 0.0337, VFL train accuracy: 0.9412
2026-04-20 22:53:18,206 - => Recorded Stage 2 client anchor losses for epoch 20 to 'results/AVGuard/stage3_gamma_sensitivity_3clients_noema_bounded_q/IEEE_CIS_FRAUD_3clients_noema_bounded_q_gamma_5.0\stage2_final_epoch_client_anchor_losses.json': {0: 0.030022, 1: 0.036706, 2: 0.034501}
2026-04-20 22:53:18,208 - => Stage 2 EMA anchor update skipped at epoch 20 because momentum=1.0000 disables EMA; eligible classes per client {0: 2, 1: 2, 2: 2}
2026-04-20 22:53:18,208 - => Stage 2 Epoch 20 Training Summary: VFL loss: 0.1627, total loss: 0.0982, anchor loss: 0.0337, VFL train accuracy: 0.9412
2026-04-20 22:53:18,208 - => Test ASR...
2026-04-20 22:53:18,213 - =>Add Trigger to Test Data
2026-04-20 22:53:18,551 - Add Trigger to 8265 Bad Samples, 4133 Clean Samples (1.00)
2026-04-20 22:53:20,765 - => Test Epoch: 20, main task samples: 12398, attack samples: 12398, test loss: 0.4056, clean acc: 0.8227, Top-2: 1.0000, ASR: 0.1245, RAC: 0.7628, test target accuracy: 0.7111, stage3 final accuracy: 0.8227, stage3 final target accuracy: 0.5374, stage3 final asr: 0.1245, anchor loss: 0.0406
2026-04-20 22:53:20,765 - => Stage 3 Detection Summary: recall: 0.8748, precision: 0.8342, f1: 0.8540, false positive rate: 0.1121, correction rate: 0.8747
2026-04-20 22:53:20,765 - => Stage 3 Debug (clean): suspicious=1390/12398, correction_applied=1390, prediction_changed=1390, skipped_tied_vote=0, skipped_low_margin=0, skipped_other=0
2026-04-20 22:53:20,765 - => Stage 3 Debug (poison-valid): suspicious=7089/8265, correction_applied=7088, prediction_changed=7088, skipped_tied_vote=0, skipped_low_margin=0, skipped_other=1
2026-04-20 22:53:20,765 - => Stage 3 Debug (attack-success): suspicious=7073/8085, correction_applied=7072, prediction_changed=7072, corrected_to_true=7072
2026-04-20 22:53:20,766 - => Stage 2 checkpoint score: mean(clean_acc=0.8227, recall=0.8748, correction_rate=0.8747) = 0.8574
2026-04-20 22:53:20,793 - => End Epoch: 20, early stop epochs: 9, best epoch: 11, best clean acc: 0.8271, best Top-2: 1.0000, best ASR: 0.0981, best RAC: 0.7882, anchor loss: 0.0401, best checkpoint score: 0.8766
2026-04-20 22:53:20,793 - => Stage 3 Detection Summary: recall: 0.9013, precision: 0.8751, f1: 0.8880, false positive rate: 0.0840, correction rate: 0.9013
2026-04-20 22:53:20,807 - => LFBA current anchor-derived target label: 1
2026-04-20 22:53:20,815 - =>Add Trigger to Train Data
2026-04-20 22:53:20,900 - Add Trigger to 4959 Bad Samples, 44632 Clean Samples (0.10)
2026-04-20 22:53:20,902 - => Start Training for Injecting Backdoor...
2026-04-20 22:53:20,928 - Epoch: 21, 1/194: VFL loss: 0.1743, total loss: 0.1056, anchor loss: 0.0369, VFL train accuracy: 0.9336
2026-04-20 22:53:21,146 - Epoch: 21, 11/194: VFL loss: 0.1556, total loss: 0.0942, anchor loss: 0.0328, VFL train accuracy: 0.9442
2026-04-20 22:53:21,383 - Epoch: 21, 21/194: VFL loss: 0.1477, total loss: 0.0902, anchor loss: 0.0328, VFL train accuracy: 0.9487
2026-04-20 22:53:21,633 - Epoch: 21, 31/194: VFL loss: 0.1470, total loss: 0.0897, anchor loss: 0.0324, VFL train accuracy: 0.9495
2026-04-20 22:53:21,868 - Epoch: 21, 41/194: VFL loss: 0.1491, total loss: 0.0908, anchor loss: 0.0324, VFL train accuracy: 0.9489
2026-04-20 22:53:22,088 - Epoch: 21, 51/194: VFL loss: 0.1514, total loss: 0.0920, anchor loss: 0.0326, VFL train accuracy: 0.9481
2026-04-20 22:53:22,305 - Epoch: 21, 61/194: VFL loss: 0.1508, total loss: 0.0916, anchor loss: 0.0324, VFL train accuracy: 0.9484
2026-04-20 22:53:22,522 - Epoch: 21, 71/194: VFL loss: 0.1471, total loss: 0.0897, anchor loss: 0.0322, VFL train accuracy: 0.9498
2026-04-20 22:53:22,776 - Epoch: 21, 81/194: VFL loss: 0.1467, total loss: 0.0894, anchor loss: 0.0321, VFL train accuracy: 0.9501
2026-04-20 22:53:22,982 - Epoch: 21, 91/194: VFL loss: 0.1468, total loss: 0.0894, anchor loss: 0.0320, VFL train accuracy: 0.9499
2026-04-20 22:53:23,197 - Epoch: 21, 101/194: VFL loss: 0.1461, total loss: 0.0890, anchor loss: 0.0319, VFL train accuracy: 0.9502
2026-04-20 22:53:23,411 - Epoch: 21, 111/194: VFL loss: 0.1468, total loss: 0.0894, anchor loss: 0.0320, VFL train accuracy: 0.9501
2026-04-20 22:53:23,646 - Epoch: 21, 121/194: VFL loss: 0.1471, total loss: 0.0896, anchor loss: 0.0322, VFL train accuracy: 0.9503
2026-04-20 22:53:23,865 - Epoch: 21, 131/194: VFL loss: 0.1482, total loss: 0.0902, anchor loss: 0.0322, VFL train accuracy: 0.9501
2026-04-20 22:53:24,081 - Epoch: 21, 141/194: VFL loss: 0.1482, total loss: 0.0902, anchor loss: 0.0322, VFL train accuracy: 0.9500
2026-04-20 22:53:24,285 - Epoch: 21, 151/194: VFL loss: 0.1482, total loss: 0.0903, anchor loss: 0.0323, VFL train accuracy: 0.9497
2026-04-20 22:53:24,503 - Epoch: 21, 161/194: VFL loss: 0.1474, total loss: 0.0898, anchor loss: 0.0323, VFL train accuracy: 0.9500
2026-04-20 22:53:24,885 - Epoch: 21, 171/194: VFL loss: 0.1476, total loss: 0.0900, anchor loss: 0.0323, VFL train accuracy: 0.9501
2026-04-20 22:53:25,121 - Epoch: 21, 181/194: VFL loss: 0.1474, total loss: 0.0898, anchor loss: 0.0322, VFL train accuracy: 0.9502
2026-04-20 22:53:25,328 - Epoch: 21, 191/194: VFL loss: 0.1482, total loss: 0.0902, anchor loss: 0.0323, VFL train accuracy: 0.9499
2026-04-20 22:53:25,401 - => Recorded Stage 2 client anchor losses for epoch 21 to 'results/AVGuard/stage3_gamma_sensitivity_3clients_noema_bounded_q/IEEE_CIS_FRAUD_3clients_noema_bounded_q_gamma_5.0\stage2_final_epoch_client_anchor_losses.json': {0: 0.027338, 1: 0.036024, 2: 0.033364}
2026-04-20 22:53:25,408 - => Stage 2 EMA anchor update skipped at epoch 21 because momentum=1.0000 disables EMA; eligible classes per client {0: 2, 1: 2, 2: 2}
2026-04-20 22:53:25,408 - => Stage 2 Epoch 21 Training Summary: VFL loss: 0.1478, total loss: 0.0900, anchor loss: 0.0322, VFL train accuracy: 0.9500
2026-04-20 22:53:25,408 - => Test ASR...
2026-04-20 22:53:25,415 - =>Add Trigger to Test Data
2026-04-20 22:53:25,773 - Add Trigger to 8265 Bad Samples, 4133 Clean Samples (1.00)
2026-04-20 22:53:27,631 - => Test Epoch: 21, main task samples: 12398, attack samples: 12398, test loss: 0.3919, clean acc: 0.8317, Top-2: 1.0000, ASR: 0.1145, RAC: 0.7865, test target accuracy: 0.7433, stage3 final accuracy: 0.8317, stage3 final target accuracy: 0.5884, stage3 final asr: 0.1145, anchor loss: 0.0389
2026-04-20 22:53:27,631 - => Stage 3 Detection Summary: recall: 0.8851, precision: 0.8431, f1: 0.8636, false positive rate: 0.1082, correction rate: 0.8851
2026-04-20 22:53:27,631 - => Stage 3 Debug (clean): suspicious=1341/12398, correction_applied=1340, prediction_changed=1340, skipped_tied_vote=0, skipped_low_margin=0, skipped_other=1
2026-04-20 22:53:27,631 - => Stage 3 Debug (poison-valid): suspicious=7246/8265, correction_applied=7246, prediction_changed=7246, skipped_tied_vote=0, skipped_low_margin=0, skipped_other=0
2026-04-20 22:53:27,631 - => Stage 3 Debug (attack-success): suspicious=7240/8180, correction_applied=7240, prediction_changed=7240, corrected_to_true=7240
2026-04-20 22:53:27,632 - => Stage 2 checkpoint score: mean(clean_acc=0.8317, recall=0.8851, correction_rate=0.8851) = 0.8673
2026-04-20 22:53:27,660 - => End Epoch: 21, early stop epochs: 10, best epoch: 11, best clean acc: 0.8271, best Top-2: 1.0000, best ASR: 0.0981, best RAC: 0.7882, anchor loss: 0.0401, best checkpoint score: 0.8766
2026-04-20 22:53:27,660 - => Stage 3 Detection Summary: recall: 0.9013, precision: 0.8751, f1: 0.8880, false positive rate: 0.0840, correction rate: 0.9013
2026-04-20 22:53:27,675 - => LFBA current anchor-derived target label: 1
2026-04-20 22:53:27,683 - =>Add Trigger to Train Data
2026-04-20 22:53:27,767 - Add Trigger to 4959 Bad Samples, 44632 Clean Samples (0.10)
2026-04-20 22:53:27,768 - => Start Training for Injecting Backdoor...
2026-04-20 22:53:27,790 - Epoch: 22, 1/194: VFL loss: 0.1593, total loss: 0.0965, anchor loss: 0.0337, VFL train accuracy: 0.9453
2026-04-20 22:53:27,988 - Epoch: 22, 11/194: VFL loss: 0.1344, total loss: 0.0833, anchor loss: 0.0322, VFL train accuracy: 0.9528
2026-04-20 22:53:28,162 - Epoch: 22, 21/194: VFL loss: 0.1303, total loss: 0.0812, anchor loss: 0.0321, VFL train accuracy: 0.9544
2026-04-20 22:53:28,328 - Epoch: 22, 31/194: VFL loss: 0.1298, total loss: 0.0808, anchor loss: 0.0319, VFL train accuracy: 0.9546
2026-04-20 22:53:28,497 - Epoch: 22, 41/194: VFL loss: 0.1282, total loss: 0.0799, anchor loss: 0.0315, VFL train accuracy: 0.9558
2026-04-20 22:53:28,669 - Epoch: 22, 51/194: VFL loss: 0.1261, total loss: 0.0788, anchor loss: 0.0316, VFL train accuracy: 0.9567
2026-04-20 22:53:28,831 - Epoch: 22, 61/194: VFL loss: 0.1237, total loss: 0.0776, anchor loss: 0.0315, VFL train accuracy: 0.9574
2026-04-20 22:53:29,000 - Epoch: 22, 71/194: VFL loss: 0.1236, total loss: 0.0775, anchor loss: 0.0314, VFL train accuracy: 0.9572
2026-04-20 22:53:29,166 - Epoch: 22, 81/194: VFL loss: 0.1248, total loss: 0.0781, anchor loss: 0.0315, VFL train accuracy: 0.9563
2026-04-20 22:53:29,337 - Epoch: 22, 91/194: VFL loss: 0.1269, total loss: 0.0793, anchor loss: 0.0317, VFL train accuracy: 0.9559
2026-04-20 22:53:29,504 - Epoch: 22, 101/194: VFL loss: 0.1264, total loss: 0.0790, anchor loss: 0.0316, VFL train accuracy: 0.9563
2026-04-20 22:53:29,683 - Epoch: 22, 111/194: VFL loss: 0.1255, total loss: 0.0785, anchor loss: 0.0315, VFL train accuracy: 0.9567
2026-04-20 22:53:29,853 - Epoch: 22, 121/194: VFL loss: 0.1261, total loss: 0.0788, anchor loss: 0.0316, VFL train accuracy: 0.9565
2026-04-20 22:53:30,037 - Epoch: 22, 131/194: VFL loss: 0.1255, total loss: 0.0785, anchor loss: 0.0315, VFL train accuracy: 0.9567
2026-04-20 22:53:30,205 - Epoch: 22, 141/194: VFL loss: 0.1245, total loss: 0.0780, anchor loss: 0.0314, VFL train accuracy: 0.9572
2026-04-20 22:53:30,371 - Epoch: 22, 151/194: VFL loss: 0.1250, total loss: 0.0782, anchor loss: 0.0315, VFL train accuracy: 0.9571
2026-04-20 22:53:30,541 - Epoch: 22, 161/194: VFL loss: 0.1248, total loss: 0.0781, anchor loss: 0.0315, VFL train accuracy: 0.9570
2026-04-20 22:53:30,726 - Epoch: 22, 171/194: VFL loss: 0.1246, total loss: 0.0781, anchor loss: 0.0315, VFL train accuracy: 0.9569
2026-04-20 22:53:30,943 - Epoch: 22, 181/194: VFL loss: 0.1245, total loss: 0.0780, anchor loss: 0.0316, VFL train accuracy: 0.9571
2026-04-20 22:53:31,107 - Epoch: 22, 191/194: VFL loss: 0.1246, total loss: 0.0781, anchor loss: 0.0316, VFL train accuracy: 0.9569
2026-04-20 22:53:31,163 - => Recorded Stage 2 client anchor losses for epoch 22 to 'results/AVGuard/stage3_gamma_sensitivity_3clients_noema_bounded_q/IEEE_CIS_FRAUD_3clients_noema_bounded_q_gamma_5.0\stage2_final_epoch_client_anchor_losses.json': {0: 0.026215, 1: 0.035835, 2: 0.032705}
2026-04-20 22:53:31,166 - => Stage 2 EMA anchor update skipped at epoch 22 because momentum=1.0000 disables EMA; eligible classes per client {0: 2, 1: 2, 2: 2}
2026-04-20 22:53:31,166 - => Stage 2 Epoch 22 Training Summary: VFL loss: 0.1246, total loss: 0.0781, anchor loss: 0.0316, VFL train accuracy: 0.9569
2026-04-20 22:53:31,166 - => Test ASR...
2026-04-20 22:53:31,177 - =>Add Trigger to Test Data
2026-04-20 22:53:31,542 - Add Trigger to 8265 Bad Samples, 4133 Clean Samples (1.00)
2026-04-20 22:53:33,283 - => Test Epoch: 22, main task samples: 12398, attack samples: 12398, test loss: 0.4192, clean acc: 0.8319, Top-2: 1.0000, ASR: 0.1093, RAC: 0.7867, test target accuracy: 0.7360, stage3 final accuracy: 0.8319, stage3 final target accuracy: 0.5788, stage3 final asr: 0.1093, anchor loss: 0.0390
2026-04-20 22:53:33,283 - => Stage 3 Detection Summary: recall: 0.8906, precision: 0.8463, f1: 0.8679, false positive rate: 0.1063, correction rate: 0.8906
2026-04-20 22:53:33,283 - => Stage 3 Debug (clean): suspicious=1318/12398, correction_applied=1317, prediction_changed=1317, skipped_tied_vote=0, skipped_low_margin=0, skipped_other=1
2026-04-20 22:53:33,283 - => Stage 3 Debug (poison-valid): suspicious=7300/8265, correction_applied=7300, prediction_changed=7300, skipped_tied_vote=0, skipped_low_margin=0, skipped_other=0
2026-04-20 22:53:33,283 - => Stage 3 Debug (attack-success): suspicious=7293/8189, correction_applied=7293, prediction_changed=7293, corrected_to_true=7293
2026-04-20 22:53:33,283 - => Stage 2 checkpoint score: mean(clean_acc=0.8319, recall=0.8906, correction_rate=0.8906) = 0.8710
2026-04-20 22:53:33,314 - => End Epoch: 22, early stop epochs: 11, best epoch: 11, best clean acc: 0.8271, best Top-2: 1.0000, best ASR: 0.0981, best RAC: 0.7882, anchor loss: 0.0401, best checkpoint score: 0.8766
2026-04-20 22:53:33,314 - => Stage 3 Detection Summary: recall: 0.9013, precision: 0.8751, f1: 0.8880, false positive rate: 0.0840, correction rate: 0.9013
2026-04-20 22:53:33,329 - => LFBA current anchor-derived target label: 1
2026-04-20 22:53:33,339 - =>Add Trigger to Train Data
2026-04-20 22:53:33,428 - Add Trigger to 4959 Bad Samples, 44632 Clean Samples (0.10)
2026-04-20 22:53:33,429 - => Start Training for Injecting Backdoor...
2026-04-20 22:53:33,449 - Epoch: 23, 1/194: VFL loss: 0.1088, total loss: 0.0697, anchor loss: 0.0305, VFL train accuracy: 0.9688
2026-04-20 22:53:33,654 - Epoch: 23, 11/194: VFL loss: 0.1279, total loss: 0.0799, anchor loss: 0.0320, VFL train accuracy: 0.9588
2026-04-20 22:53:33,850 - Epoch: 23, 21/194: VFL loss: 0.1224, total loss: 0.0768, anchor loss: 0.0313, VFL train accuracy: 0.9608
2026-04-20 22:53:34,036 - Epoch: 23, 31/194: VFL loss: 0.1261, total loss: 0.0786, anchor loss: 0.0310, VFL train accuracy: 0.9588
2026-04-20 22:53:34,220 - Epoch: 23, 41/194: VFL loss: 0.1247, total loss: 0.0779, anchor loss: 0.0312, VFL train accuracy: 0.9593
2026-04-20 22:53:34,413 - Epoch: 23, 51/194: VFL loss: 0.1303, total loss: 0.0809, anchor loss: 0.0315, VFL train accuracy: 0.9566
2026-04-20 22:53:34,603 - Epoch: 23, 61/194: VFL loss: 0.1312, total loss: 0.0813, anchor loss: 0.0315, VFL train accuracy: 0.9563
2026-04-20 22:53:34,771 - Epoch: 23, 71/194: VFL loss: 0.1326, total loss: 0.0821, anchor loss: 0.0316, VFL train accuracy: 0.9557
2026-04-20 22:53:34,953 - Epoch: 23, 81/194: VFL loss: 0.1320, total loss: 0.0818, anchor loss: 0.0315, VFL train accuracy: 0.9560
2026-04-20 22:53:35,119 - Epoch: 23, 91/194: VFL loss: 0.1318, total loss: 0.0816, anchor loss: 0.0315, VFL train accuracy: 0.9561
2026-04-20 22:53:35,287 - Epoch: 23, 101/194: VFL loss: 0.1332, total loss: 0.0824, anchor loss: 0.0317, VFL train accuracy: 0.9554
2026-04-20 22:53:35,454 - Epoch: 23, 111/194: VFL loss: 0.1328, total loss: 0.0822, anchor loss: 0.0316, VFL train accuracy: 0.9556
2026-04-20 22:53:35,639 - Epoch: 23, 121/194: VFL loss: 0.1323, total loss: 0.0819, anchor loss: 0.0315, VFL train accuracy: 0.9558
2026-04-20 22:53:35,829 - Epoch: 23, 131/194: VFL loss: 0.1318, total loss: 0.0816, anchor loss: 0.0315, VFL train accuracy: 0.9557
2026-04-20 22:53:36,019 - Epoch: 23, 141/194: VFL loss: 0.1330, total loss: 0.0822, anchor loss: 0.0314, VFL train accuracy: 0.9554
2026-04-20 22:53:36,192 - Epoch: 23, 151/194: VFL loss: 0.1341, total loss: 0.0828, anchor loss: 0.0315, VFL train accuracy: 0.9551
2026-04-20 22:53:36,360 - Epoch: 23, 161/194: VFL loss: 0.1336, total loss: 0.0826, anchor loss: 0.0315, VFL train accuracy: 0.9553
2026-04-20 22:53:36,526 - Epoch: 23, 171/194: VFL loss: 0.1326, total loss: 0.0820, anchor loss: 0.0315, VFL train accuracy: 0.9557
2026-04-20 22:53:36,712 - Epoch: 23, 181/194: VFL loss: 0.1323, total loss: 0.0819, anchor loss: 0.0314, VFL train accuracy: 0.9560
2026-04-20 22:53:36,888 - Epoch: 23, 191/194: VFL loss: 0.1321, total loss: 0.0817, anchor loss: 0.0314, VFL train accuracy: 0.9561
2026-04-20 22:53:36,948 - => Recorded Stage 2 client anchor losses for epoch 23 to 'results/AVGuard/stage3_gamma_sensitivity_3clients_noema_bounded_q/IEEE_CIS_FRAUD_3clients_noema_bounded_q_gamma_5.0\stage2_final_epoch_client_anchor_losses.json': {0: 0.02603, 1: 0.035763, 2: 0.032564}
2026-04-20 22:53:36,951 - => Stage 2 EMA anchor update skipped at epoch 23 because momentum=1.0000 disables EMA; eligible classes per client {0: 2, 1: 2, 2: 2}
2026-04-20 22:53:36,951 - => Stage 2 Epoch 23 Training Summary: VFL loss: 0.1324, total loss: 0.0820, anchor loss: 0.0315, VFL train accuracy: 0.9560
2026-04-20 22:53:36,951 - => Test ASR...
2026-04-20 22:53:36,956 - =>Add Trigger to Test Data
2026-04-20 22:53:37,312 - Add Trigger to 8265 Bad Samples, 4133 Clean Samples (1.00)
2026-04-20 22:53:39,109 - => Test Epoch: 23, main task samples: 12398, attack samples: 12398, test loss: 0.4249, clean acc: 0.8350, Top-2: 1.0000, ASR: 0.1060, RAC: 0.7962, test target accuracy: 0.7481, stage3 final accuracy: 0.8350, stage3 final target accuracy: 0.6005, stage3 final asr: 0.1060, anchor loss: 0.0388
2026-04-20 22:53:39,109 - => Stage 3 Detection Summary: recall: 0.8939, precision: 0.8442, f1: 0.8683, false positive rate: 0.1087, correction rate: 0.8938
2026-04-20 22:53:39,109 - => Stage 3 Debug (clean): suspicious=1348/12398, correction_applied=1344, prediction_changed=1344, skipped_tied_vote=0, skipped_low_margin=0, skipped_other=4
2026-04-20 22:53:39,109 - => Stage 3 Debug (poison-valid): suspicious=7334/8265, correction_applied=7333, prediction_changed=7333, skipped_tied_vote=0, skipped_low_margin=0, skipped_other=1
2026-04-20 22:53:39,109 - => Stage 3 Debug (attack-success): suspicious=7329/8199, correction_applied=7328, prediction_changed=7328, corrected_to_true=7328
2026-04-20 22:53:39,110 - => Stage 2 checkpoint score: mean(clean_acc=0.8350, recall=0.8939, correction_rate=0.8938) = 0.8742
2026-04-20 22:53:39,140 - => End Epoch: 23, early stop epochs: 12, best epoch: 11, best clean acc: 0.8271, best Top-2: 1.0000, best ASR: 0.0981, best RAC: 0.7882, anchor loss: 0.0401, best checkpoint score: 0.8766
2026-04-20 22:53:39,141 - => Stage 3 Detection Summary: recall: 0.9013, precision: 0.8751, f1: 0.8880, false positive rate: 0.0840, correction rate: 0.9013
2026-04-20 22:53:39,155 - => LFBA current anchor-derived target label: 1
2026-04-20 22:53:39,163 - =>Add Trigger to Train Data
2026-04-20 22:53:39,248 - Add Trigger to 4959 Bad Samples, 44632 Clean Samples (0.10)
2026-04-20 22:53:39,250 - => Start Training for Injecting Backdoor...
2026-04-20 22:53:39,276 - Epoch: 24, 1/194: VFL loss: 0.1373, total loss: 0.0845, anchor loss: 0.0317, VFL train accuracy: 0.9492
2026-04-20 22:53:39,453 - Epoch: 24, 11/194: VFL loss: 0.1109, total loss: 0.0707, anchor loss: 0.0305, VFL train accuracy: 0.9648
2026-04-20 22:53:39,644 - Epoch: 24, 21/194: VFL loss: 0.1130, total loss: 0.0721, anchor loss: 0.0312, VFL train accuracy: 0.9637
2026-04-20 22:53:39,813 - Epoch: 24, 31/194: VFL loss: 0.1165, total loss: 0.0738, anchor loss: 0.0311, VFL train accuracy: 0.9616
2026-04-20 22:53:39,978 - Epoch: 24, 41/194: VFL loss: 0.1167, total loss: 0.0739, anchor loss: 0.0311, VFL train accuracy: 0.9606
2026-04-20 22:53:40,146 - Epoch: 24, 51/194: VFL loss: 0.1180, total loss: 0.0745, anchor loss: 0.0310, VFL train accuracy: 0.9598
2026-04-20 22:53:40,314 - Epoch: 24, 61/194: VFL loss: 0.1169, total loss: 0.0740, anchor loss: 0.0311, VFL train accuracy: 0.9599
2026-04-20 22:53:40,483 - Epoch: 24, 71/194: VFL loss: 0.1173, total loss: 0.0743, anchor loss: 0.0313, VFL train accuracy: 0.9594
2026-04-20 22:53:40,667 - Epoch: 24, 81/194: VFL loss: 0.1173, total loss: 0.0743, anchor loss: 0.0313, VFL train accuracy: 0.9594
2026-04-20 22:53:40,835 - Epoch: 24, 91/194: VFL loss: 0.1182, total loss: 0.0748, anchor loss: 0.0314, VFL train accuracy: 0.9590
2026-04-20 22:53:41,002 - Epoch: 24, 101/194: VFL loss: 0.1179, total loss: 0.0746, anchor loss: 0.0314, VFL train accuracy: 0.9592
2026-04-20 22:53:41,171 - Epoch: 24, 111/194: VFL loss: 0.1191, total loss: 0.0753, anchor loss: 0.0314, VFL train accuracy: 0.9588
2026-04-20 22:53:41,338 - Epoch: 24, 121/194: VFL loss: 0.1181, total loss: 0.0748, anchor loss: 0.0314, VFL train accuracy: 0.9594
2026-04-20 22:53:41,521 - Epoch: 24, 131/194: VFL loss: 0.1181, total loss: 0.0748, anchor loss: 0.0314, VFL train accuracy: 0.9594
2026-04-20 22:53:41,706 - Epoch: 24, 141/194: VFL loss: 0.1191, total loss: 0.0752, anchor loss: 0.0314, VFL train accuracy: 0.9591
2026-04-20 22:53:41,873 - Epoch: 24, 151/194: VFL loss: 0.1184, total loss: 0.0749, anchor loss: 0.0313, VFL train accuracy: 0.9594
2026-04-20 22:53:42,022 - Epoch: 24, 161/194: VFL loss: 0.1185, total loss: 0.0749, anchor loss: 0.0314, VFL train accuracy: 0.9593
2026-04-20 22:53:42,202 - Epoch: 24, 171/194: VFL loss: 0.1185, total loss: 0.0749, anchor loss: 0.0313, VFL train accuracy: 0.9594
2026-04-20 22:53:42,420 - Epoch: 24, 181/194: VFL loss: 0.1184, total loss: 0.0749, anchor loss: 0.0314, VFL train accuracy: 0.9594
2026-04-20 22:53:42,646 - Epoch: 24, 191/194: VFL loss: 0.1183, total loss: 0.0748, anchor loss: 0.0313, VFL train accuracy: 0.9595
2026-04-20 22:53:42,721 - => Recorded Stage 2 client anchor losses for epoch 24 to 'results/AVGuard/stage3_gamma_sensitivity_3clients_noema_bounded_q/IEEE_CIS_FRAUD_3clients_noema_bounded_q_gamma_5.0\stage2_final_epoch_client_anchor_losses.json': {0: 0.025934, 1: 0.035729, 2: 0.032522}
2026-04-20 22:53:42,728 - => Stage 2 EMA anchor update skipped at epoch 24 because momentum=1.0000 disables EMA; eligible classes per client {0: 2, 1: 2, 2: 2}
2026-04-20 22:53:42,728 - => Stage 2 Epoch 24 Training Summary: VFL loss: 0.1188, total loss: 0.0751, anchor loss: 0.0314, VFL train accuracy: 0.9593
2026-04-20 22:53:42,728 - => Test ASR...
2026-04-20 22:53:42,736 - =>Add Trigger to Test Data
2026-04-20 22:53:43,098 - Add Trigger to 8265 Bad Samples, 4133 Clean Samples (1.00)
2026-04-20 22:53:45,286 - => Test Epoch: 24, main task samples: 12398, attack samples: 12398, test loss: 0.4458, clean acc: 0.8339, Top-2: 1.0000, ASR: 0.1114, RAC: 0.7917, test target accuracy: 0.7597, stage3 final accuracy: 0.8339, stage3 final target accuracy: 0.5979, stage3 final asr: 0.1114, anchor loss: 0.0387
2026-04-20 22:53:45,286 - => Stage 3 Detection Summary: recall: 0.8883, precision: 0.8414, f1: 0.8642, false positive rate: 0.1105, correction rate: 0.8883
2026-04-20 22:53:45,286 - => Stage 3 Debug (clean): suspicious=1370/12398, correction_applied=1368, prediction_changed=1368, skipped_tied_vote=0, skipped_low_margin=0, skipped_other=2
2026-04-20 22:53:45,286 - => Stage 3 Debug (poison-valid): suspicious=7296/8265, correction_applied=7296, prediction_changed=7296, skipped_tied_vote=0, skipped_low_margin=0, skipped_other=0
2026-04-20 22:53:45,286 - => Stage 3 Debug (attack-success): suspicious=7292/8209, correction_applied=7292, prediction_changed=7292, corrected_to_true=7292
2026-04-20 22:53:45,286 - => Stage 2 checkpoint score: mean(clean_acc=0.8339, recall=0.8883, correction_rate=0.8883) = 0.8702
2026-04-20 22:53:45,328 - => End Epoch: 24, early stop epochs: 13, best epoch: 11, best clean acc: 0.8271, best Top-2: 1.0000, best ASR: 0.0981, best RAC: 0.7882, anchor loss: 0.0401, best checkpoint score: 0.8766
2026-04-20 22:53:45,328 - => Stage 3 Detection Summary: recall: 0.9013, precision: 0.8751, f1: 0.8880, false positive rate: 0.0840, correction rate: 0.9013
2026-04-20 22:53:45,345 - => LFBA current anchor-derived target label: 1
2026-04-20 22:53:45,352 - =>Add Trigger to Train Data
2026-04-20 22:53:45,439 - Add Trigger to 4959 Bad Samples, 44632 Clean Samples (0.10)
2026-04-20 22:53:45,441 - => Start Training for Injecting Backdoor...
2026-04-20 22:53:45,462 - Epoch: 25, 1/194: VFL loss: 0.0819, total loss: 0.0547, anchor loss: 0.0274, VFL train accuracy: 0.9805
2026-04-20 22:53:45,639 - Epoch: 25, 11/194: VFL loss: 0.1194, total loss: 0.0752, anchor loss: 0.0309, VFL train accuracy: 0.9599
2026-04-20 22:53:45,813 - Epoch: 25, 21/194: VFL loss: 0.1226, total loss: 0.0771, anchor loss: 0.0315, VFL train accuracy: 0.9598
2026-04-20 22:53:45,997 - Epoch: 25, 31/194: VFL loss: 0.1223, total loss: 0.0768, anchor loss: 0.0314, VFL train accuracy: 0.9590
2026-04-20 22:53:46,164 - Epoch: 25, 41/194: VFL loss: 0.1244, total loss: 0.0779, anchor loss: 0.0315, VFL train accuracy: 0.9593
2026-04-20 22:53:46,336 - Epoch: 25, 51/194: VFL loss: 0.1235, total loss: 0.0774, anchor loss: 0.0312, VFL train accuracy: 0.9593
2026-04-20 22:53:46,515 - Epoch: 25, 61/194: VFL loss: 0.1240, total loss: 0.0777, anchor loss: 0.0313, VFL train accuracy: 0.9591
2026-04-20 22:53:46,683 - Epoch: 25, 71/194: VFL loss: 0.1250, total loss: 0.0781, anchor loss: 0.0313, VFL train accuracy: 0.9584
2026-04-20 22:53:46,848 - Epoch: 25, 81/194: VFL loss: 0.1255, total loss: 0.0784, anchor loss: 0.0312, VFL train accuracy: 0.9584
2026-04-20 22:53:47,018 - Epoch: 25, 91/194: VFL loss: 0.1254, total loss: 0.0783, anchor loss: 0.0311, VFL train accuracy: 0.9585
2026-04-20 22:53:47,185 - Epoch: 25, 101/194: VFL loss: 0.1252, total loss: 0.0782, anchor loss: 0.0312, VFL train accuracy: 0.9581
2026-04-20 22:53:47,353 - Epoch: 25, 111/194: VFL loss: 0.1261, total loss: 0.0786, anchor loss: 0.0312, VFL train accuracy: 0.9581
2026-04-20 22:53:47,526 - Epoch: 25, 121/194: VFL loss: 0.1265, total loss: 0.0789, anchor loss: 0.0312, VFL train accuracy: 0.9581
2026-04-20 22:53:47,722 - Epoch: 25, 131/194: VFL loss: 0.1266, total loss: 0.0789, anchor loss: 0.0312, VFL train accuracy: 0.9578
2026-04-20 22:53:47,904 - Epoch: 25, 141/194: VFL loss: 0.1276, total loss: 0.0794, anchor loss: 0.0313, VFL train accuracy: 0.9573
2026-04-20 22:53:48,072 - Epoch: 25, 151/194: VFL loss: 0.1271, total loss: 0.0792, anchor loss: 0.0312, VFL train accuracy: 0.9576
2026-04-20 22:53:48,243 - Epoch: 25, 161/194: VFL loss: 0.1273, total loss: 0.0793, anchor loss: 0.0312, VFL train accuracy: 0.9575
2026-04-20 22:53:48,447 - Epoch: 25, 171/194: VFL loss: 0.1276, total loss: 0.0794, anchor loss: 0.0313, VFL train accuracy: 0.9573
2026-04-20 22:53:48,624 - Epoch: 25, 181/194: VFL loss: 0.1282, total loss: 0.0798, anchor loss: 0.0313, VFL train accuracy: 0.9570
2026-04-20 22:53:48,791 - Epoch: 25, 191/194: VFL loss: 0.1277, total loss: 0.0795, anchor loss: 0.0313, VFL train accuracy: 0.9575
2026-04-20 22:53:48,857 - => Recorded Stage 2 client anchor losses for epoch 25 to 'results/AVGuard/stage3_gamma_sensitivity_3clients_noema_bounded_q/IEEE_CIS_FRAUD_3clients_noema_bounded_q_gamma_5.0\stage2_final_epoch_client_anchor_losses.json': {0: 0.025771, 1: 0.035671, 2: 0.032489}
2026-04-20 22:53:48,858 - => Stage 2 EMA anchor update skipped at epoch 25 because momentum=1.0000 disables EMA; eligible classes per client {0: 2, 1: 2, 2: 2}
2026-04-20 22:53:48,858 - => Stage 2 Epoch 25 Training Summary: VFL loss: 0.1274, total loss: 0.0793, anchor loss: 0.0313, VFL train accuracy: 0.9576
2026-04-20 22:53:48,858 - => Test ASR...
2026-04-20 22:53:48,862 - =>Add Trigger to Test Data
2026-04-20 22:53:49,215 - Add Trigger to 8265 Bad Samples, 4133 Clean Samples (1.00)
2026-04-20 22:53:51,089 - => Test Epoch: 25, main task samples: 12398, attack samples: 12398, test loss: 0.4437, clean acc: 0.8301, Top-2: 1.0000, ASR: 0.1116, RAC: 0.7896, test target accuracy: 0.7520, stage3 final accuracy: 0.8301, stage3 final target accuracy: 0.5921, stage3 final asr: 0.1116, anchor loss: 0.0388
2026-04-20 22:53:51,089 - => Stage 3 Detection Summary: recall: 0.8882, precision: 0.8311, f1: 0.8587, false positive rate: 0.1191, correction rate: 0.8882
2026-04-20 22:53:51,090 - => Stage 3 Debug (clean): suspicious=1476/12398, correction_applied=1471, prediction_changed=1471, skipped_tied_vote=0, skipped_low_margin=0, skipped_other=5
2026-04-20 22:53:51,090 - => Stage 3 Debug (poison-valid): suspicious=7293/8265, correction_applied=7293, prediction_changed=7293, skipped_tied_vote=0, skipped_low_margin=0, skipped_other=0
2026-04-20 22:53:51,090 - => Stage 3 Debug (attack-success): suspicious=7288/8205, correction_applied=7288, prediction_changed=7288, corrected_to_true=7288
2026-04-20 22:53:51,090 - => Stage 2 checkpoint score: mean(clean_acc=0.8301, recall=0.8882, correction_rate=0.8882) = 0.8689
2026-04-20 22:53:51,117 - => End Epoch: 25, early stop epochs: 14, best epoch: 11, best clean acc: 0.8271, best Top-2: 1.0000, best ASR: 0.0981, best RAC: 0.7882, anchor loss: 0.0401, best checkpoint score: 0.8766
2026-04-20 22:53:51,117 - => Stage 3 Detection Summary: recall: 0.9013, precision: 0.8751, f1: 0.8880, false positive rate: 0.0840, correction rate: 0.9013
2026-04-20 22:53:51,133 - => LFBA current anchor-derived target label: 1
2026-04-20 22:53:51,143 - =>Add Trigger to Train Data
2026-04-20 22:53:51,239 - Add Trigger to 4959 Bad Samples, 44632 Clean Samples (0.10)
2026-04-20 22:53:51,250 - => Start Training for Injecting Backdoor...
2026-04-20 22:53:51,270 - Epoch: 26, 1/194: VFL loss: 0.1055, total loss: 0.0686, anchor loss: 0.0317, VFL train accuracy: 0.9609
2026-04-20 22:53:51,470 - Epoch: 26, 11/194: VFL loss: 0.1094, total loss: 0.0700, anchor loss: 0.0306, VFL train accuracy: 0.9627
2026-04-20 22:53:51,686 - Epoch: 26, 21/194: VFL loss: 0.1102, total loss: 0.0704, anchor loss: 0.0305, VFL train accuracy: 0.9619
2026-04-20 22:53:51,886 - Epoch: 26, 31/194: VFL loss: 0.1084, total loss: 0.0696, anchor loss: 0.0308, VFL train accuracy: 0.9624
2026-04-20 22:53:52,084 - Epoch: 26, 41/194: VFL loss: 0.1115, total loss: 0.0712, anchor loss: 0.0309, VFL train accuracy: 0.9625
2026-04-20 22:53:52,268 - Epoch: 26, 51/194: VFL loss: 0.1124, total loss: 0.0718, anchor loss: 0.0311, VFL train accuracy: 0.9621
2026-04-20 22:53:52,452 - Epoch: 26, 61/194: VFL loss: 0.1148, total loss: 0.0731, anchor loss: 0.0314, VFL train accuracy: 0.9611
2026-04-20 22:53:52,653 - Epoch: 26, 71/194: VFL loss: 0.1140, total loss: 0.0727, anchor loss: 0.0313, VFL train accuracy: 0.9618
2026-04-20 22:53:52,838 - Epoch: 26, 81/194: VFL loss: 0.1134, total loss: 0.0724, anchor loss: 0.0314, VFL train accuracy: 0.9621
2026-04-20 22:53:53,008 - Epoch: 26, 91/194: VFL loss: 0.1130, total loss: 0.0722, anchor loss: 0.0313, VFL train accuracy: 0.9620
2026-04-20 22:53:53,208 - Epoch: 26, 101/194: VFL loss: 0.1125, total loss: 0.0719, anchor loss: 0.0313, VFL train accuracy: 0.9620
2026-04-20 22:53:53,424 - Epoch: 26, 111/194: VFL loss: 0.1124, total loss: 0.0718, anchor loss: 0.0312, VFL train accuracy: 0.9620
2026-04-20 22:53:53,617 - Epoch: 26, 121/194: VFL loss: 0.1124, total loss: 0.0718, anchor loss: 0.0312, VFL train accuracy: 0.9617
2026-04-20 22:53:53,814 - Epoch: 26, 131/194: VFL loss: 0.1137, total loss: 0.0725, anchor loss: 0.0313, VFL train accuracy: 0.9610
2026-04-20 22:53:53,997 - Epoch: 26, 141/194: VFL loss: 0.1144, total loss: 0.0728, anchor loss: 0.0313, VFL train accuracy: 0.9608
2026-04-20 22:53:54,166 - Epoch: 26, 151/194: VFL loss: 0.1146, total loss: 0.0729, anchor loss: 0.0313, VFL train accuracy: 0.9608
2026-04-20 22:53:54,376 - Epoch: 26, 161/194: VFL loss: 0.1144, total loss: 0.0728, anchor loss: 0.0312, VFL train accuracy: 0.9609
2026-04-20 22:53:54,548 - Epoch: 26, 171/194: VFL loss: 0.1146, total loss: 0.0730, anchor loss: 0.0313, VFL train accuracy: 0.9607
2026-04-20 22:53:54,733 - Epoch: 26, 181/194: VFL loss: 0.1148, total loss: 0.0730, anchor loss: 0.0313, VFL train accuracy: 0.9606
2026-04-20 22:53:54,898 - Epoch: 26, 191/194: VFL loss: 0.1147, total loss: 0.0730, anchor loss: 0.0312, VFL train accuracy: 0.9608
2026-04-20 22:53:54,953 - => Recorded Stage 2 client anchor losses for epoch 26 to 'results/AVGuard/stage3_gamma_sensitivity_3clients_noema_bounded_q/IEEE_CIS_FRAUD_3clients_noema_bounded_q_gamma_5.0\stage2_final_epoch_client_anchor_losses.json': {0: 0.025587, 1: 0.035652, 2: 0.032381}
2026-04-20 22:53:54,954 - => Stage 2 EMA anchor update skipped at epoch 26 because momentum=1.0000 disables EMA; eligible classes per client {0: 2, 1: 2, 2: 2}
2026-04-20 22:53:54,954 - => Stage 2 Epoch 26 Training Summary: VFL loss: 0.1143, total loss: 0.0728, anchor loss: 0.0312, VFL train accuracy: 0.9609
2026-04-20 22:53:54,955 - => Test ASR...
2026-04-20 22:53:54,961 - =>Add Trigger to Test Data
2026-04-20 22:53:55,323 - Add Trigger to 8265 Bad Samples, 4133 Clean Samples (1.00)
2026-04-20 22:53:57,147 - => Test Epoch: 26, main task samples: 12398, attack samples: 12398, test loss: 0.4594, clean acc: 0.8315, Top-2: 1.0000, ASR: 0.1067, RAC: 0.7871, test target accuracy: 0.7438, stage3 final accuracy: 0.8315, stage3 final target accuracy: 0.5746, stage3 final asr: 0.1067, anchor loss: 0.0390
2026-04-20 22:53:57,148 - => Stage 3 Detection Summary: recall: 0.8932, precision: 0.8386, f1: 0.8650, false positive rate: 0.1133, correction rate: 0.8929
2026-04-20 22:53:57,148 - => Stage 3 Debug (clean): suspicious=1405/12398, correction_applied=1400, prediction_changed=1400, skipped_tied_vote=0, skipped_low_margin=0, skipped_other=5
2026-04-20 22:53:57,148 - => Stage 3 Debug (poison-valid): suspicious=7327/8265, correction_applied=7325, prediction_changed=7325, skipped_tied_vote=0, skipped_low_margin=0, skipped_other=2
2026-04-20 22:53:57,148 - => Stage 3 Debug (attack-success): suspicious=7323/8199, correction_applied=7321, prediction_changed=7321, corrected_to_true=7321
2026-04-20 22:53:57,149 - => Stage 2 checkpoint score: mean(clean_acc=0.8315, recall=0.8932, correction_rate=0.8929) = 0.8725
2026-04-20 22:53:57,173 - => End Epoch: 26, early stop epochs: 15, best epoch: 11, best clean acc: 0.8271, best Top-2: 1.0000, best ASR: 0.0981, best RAC: 0.7882, anchor loss: 0.0401, best checkpoint score: 0.8766
2026-04-20 22:53:57,173 - => Stage 3 Detection Summary: recall: 0.9013, precision: 0.8751, f1: 0.8880, false positive rate: 0.0840, correction rate: 0.9013
2026-04-20 22:53:57,189 - => LFBA current anchor-derived target label: 1
2026-04-20 22:53:57,202 - =>Add Trigger to Train Data
2026-04-20 22:53:57,297 - Add Trigger to 4959 Bad Samples, 44632 Clean Samples (0.10)
2026-04-20 22:53:57,308 - => Start Training for Injecting Backdoor...
2026-04-20 22:53:57,328 - Epoch: 27, 1/194: VFL loss: 0.0794, total loss: 0.0555, anchor loss: 0.0315, VFL train accuracy: 0.9688
2026-04-20 22:53:57,512 - Epoch: 27, 11/194: VFL loss: 0.1036, total loss: 0.0668, anchor loss: 0.0300, VFL train accuracy: 0.9659
2026-04-20 22:53:57,727 - Epoch: 27, 21/194: VFL loss: 0.1164, total loss: 0.0734, anchor loss: 0.0304, VFL train accuracy: 0.9611
2026-04-20 22:53:57,923 - Epoch: 27, 31/194: VFL loss: 0.1275, total loss: 0.0795, anchor loss: 0.0316, VFL train accuracy: 0.9567
2026-04-20 22:53:58,134 - Epoch: 27, 41/194: VFL loss: 0.1242, total loss: 0.0778, anchor loss: 0.0314, VFL train accuracy: 0.9587
2026-04-20 22:53:58,298 - Epoch: 27, 51/194: VFL loss: 0.1249, total loss: 0.0782, anchor loss: 0.0315, VFL train accuracy: 0.9586
2026-04-20 22:53:58,468 - Epoch: 27, 61/194: VFL loss: 0.1213, total loss: 0.0763, anchor loss: 0.0313, VFL train accuracy: 0.9600
2026-04-20 22:53:58,652 - Epoch: 27, 71/194: VFL loss: 0.1212, total loss: 0.0762, anchor loss: 0.0312, VFL train accuracy: 0.9601
2026-04-20 22:53:58,835 - Epoch: 27, 81/194: VFL loss: 0.1216, total loss: 0.0764, anchor loss: 0.0313, VFL train accuracy: 0.9600
2026-04-20 22:53:59,003 - Epoch: 27, 91/194: VFL loss: 0.1228, total loss: 0.0770, anchor loss: 0.0312, VFL train accuracy: 0.9598
2026-04-20 22:53:59,170 - Epoch: 27, 101/194: VFL loss: 0.1224, total loss: 0.0768, anchor loss: 0.0312, VFL train accuracy: 0.9600
2026-04-20 22:53:59,370 - Epoch: 27, 111/194: VFL loss: 0.1212, total loss: 0.0761, anchor loss: 0.0310, VFL train accuracy: 0.9605
2026-04-20 22:53:59,540 - Epoch: 27, 121/194: VFL loss: 0.1209, total loss: 0.0760, anchor loss: 0.0310, VFL train accuracy: 0.9604
2026-04-20 22:53:59,739 - Epoch: 27, 131/194: VFL loss: 0.1214, total loss: 0.0763, anchor loss: 0.0311, VFL train accuracy: 0.9600
2026-04-20 22:53:59,907 - Epoch: 27, 141/194: VFL loss: 0.1225, total loss: 0.0769, anchor loss: 0.0312, VFL train accuracy: 0.9594
2026-04-20 22:54:00,073 - Epoch: 27, 151/194: VFL loss: 0.1219, total loss: 0.0765, anchor loss: 0.0312, VFL train accuracy: 0.9596
2026-04-20 22:54:00,241 - Epoch: 27, 161/194: VFL loss: 0.1219, total loss: 0.0765, anchor loss: 0.0312, VFL train accuracy: 0.9596
2026-04-20 22:54:00,408 - Epoch: 27, 171/194: VFL loss: 0.1230, total loss: 0.0771, anchor loss: 0.0312, VFL train accuracy: 0.9593
2026-04-20 22:54:00,578 - Epoch: 27, 181/194: VFL loss: 0.1233, total loss: 0.0772, anchor loss: 0.0311, VFL train accuracy: 0.9591
2026-04-20 22:54:00,761 - Epoch: 27, 191/194: VFL loss: 0.1235, total loss: 0.0773, anchor loss: 0.0311, VFL train accuracy: 0.9590
2026-04-20 22:54:00,821 - => Recorded Stage 2 client anchor losses for epoch 27 to 'results/AVGuard/stage3_gamma_sensitivity_3clients_noema_bounded_q/IEEE_CIS_FRAUD_3clients_noema_bounded_q_gamma_5.0\stage2_final_epoch_client_anchor_losses.json': {0: 0.025588, 1: 0.03562, 2: 0.03225}
2026-04-20 22:54:00,828 - => Stage 2 EMA anchor update skipped at epoch 27 because momentum=1.0000 disables EMA; eligible classes per client {0: 2, 1: 2, 2: 2}
2026-04-20 22:54:00,828 - => Stage 2 Epoch 27 Training Summary: VFL loss: 0.1232, total loss: 0.0772, anchor loss: 0.0312, VFL train accuracy: 0.9591
2026-04-20 22:54:00,828 - => Test ASR...
2026-04-20 22:54:00,834 - =>Add Trigger to Test Data
2026-04-20 22:54:01,188 - Add Trigger to 8265 Bad Samples, 4133 Clean Samples (1.00)
2026-04-20 22:54:02,920 - => Test Epoch: 27, main task samples: 12398, attack samples: 12398, test loss: 0.4494, clean acc: 0.8322, Top-2: 1.0000, ASR: 0.1071, RAC: 0.7967, test target accuracy: 0.7583, stage3 final accuracy: 0.8322, stage3 final target accuracy: 0.6044, stage3 final asr: 0.1071, anchor loss: 0.0388
2026-04-20 22:54:02,920 - => Stage 3 Detection Summary: recall: 0.8928, precision: 0.8284, f1: 0.8594, false positive rate: 0.1220, correction rate: 0.8928
2026-04-20 22:54:02,920 - => Stage 3 Debug (clean): suspicious=1513/12398, correction_applied=1501, prediction_changed=1501, skipped_tied_vote=0, skipped_low_margin=0, skipped_other=12
2026-04-20 22:54:02,920 - => Stage 3 Debug (poison-valid): suspicious=7334/8265, correction_applied=7334, prediction_changed=7334, skipped_tied_vote=0, skipped_low_margin=0, skipped_other=0
2026-04-20 22:54:02,920 - => Stage 3 Debug (attack-success): suspicious=7329/8209, correction_applied=7329, prediction_changed=7329, corrected_to_true=7329
2026-04-20 22:54:02,920 - => Stage 2 checkpoint score: mean(clean_acc=0.8322, recall=0.8928, correction_rate=0.8928) = 0.8726
2026-04-20 22:54:02,949 - => End Epoch: 27, early stop epochs: 16, best epoch: 11, best clean acc: 0.8271, best Top-2: 1.0000, best ASR: 0.0981, best RAC: 0.7882, anchor loss: 0.0401, best checkpoint score: 0.8766
2026-04-20 22:54:02,949 - => Stage 3 Detection Summary: recall: 0.9013, precision: 0.8751, f1: 0.8880, false positive rate: 0.0840, correction rate: 0.9013
2026-04-20 22:54:02,963 - => LFBA current anchor-derived target label: 1
2026-04-20 22:54:02,973 - =>Add Trigger to Train Data
2026-04-20 22:54:03,058 - Add Trigger to 4959 Bad Samples, 44632 Clean Samples (0.10)
2026-04-20 22:54:03,060 - => Start Training for Injecting Backdoor...
2026-04-20 22:54:03,079 - Epoch: 28, 1/194: VFL loss: 0.0753, total loss: 0.0542, anchor loss: 0.0331, VFL train accuracy: 0.9805
2026-04-20 22:54:03,254 - Epoch: 28, 11/194: VFL loss: 0.1160, total loss: 0.0742, anchor loss: 0.0324, VFL train accuracy: 0.9620
2026-04-20 22:54:03,419 - Epoch: 28, 21/194: VFL loss: 0.1088, total loss: 0.0700, anchor loss: 0.0311, VFL train accuracy: 0.9626
2026-04-20 22:54:03,703 - Epoch: 28, 31/194: VFL loss: 0.1071, total loss: 0.0691, anchor loss: 0.0312, VFL train accuracy: 0.9633
2026-04-20 22:54:03,856 - Epoch: 28, 41/194: VFL loss: 0.1086, total loss: 0.0699, anchor loss: 0.0313, VFL train accuracy: 0.9627
2026-04-20 22:54:04,022 - Epoch: 28, 51/194: VFL loss: 0.1065, total loss: 0.0688, anchor loss: 0.0311, VFL train accuracy: 0.9633
2026-04-20 22:54:04,175 - Epoch: 28, 61/194: VFL loss: 0.1069, total loss: 0.0689, anchor loss: 0.0310, VFL train accuracy: 0.9631
2026-04-20 22:54:04,337 - Epoch: 28, 71/194: VFL loss: 0.1067, total loss: 0.0688, anchor loss: 0.0309, VFL train accuracy: 0.9630
2026-04-20 22:54:04,496 - Epoch: 28, 81/194: VFL loss: 0.1079, total loss: 0.0694, anchor loss: 0.0309, VFL train accuracy: 0.9627
2026-04-20 22:54:04,666 - Epoch: 28, 91/194: VFL loss: 0.1093, total loss: 0.0701, anchor loss: 0.0310, VFL train accuracy: 0.9627
2026-04-20 22:54:04,823 - Epoch: 28, 101/194: VFL loss: 0.1105, total loss: 0.0708, anchor loss: 0.0310, VFL train accuracy: 0.9623
2026-04-20 22:54:04,987 - Epoch: 28, 111/194: VFL loss: 0.1103, total loss: 0.0706, anchor loss: 0.0310, VFL train accuracy: 0.9624
2026-04-20 22:54:05,151 - Epoch: 28, 121/194: VFL loss: 0.1096, total loss: 0.0702, anchor loss: 0.0308, VFL train accuracy: 0.9624
2026-04-20 22:54:05,325 - Epoch: 28, 131/194: VFL loss: 0.1092, total loss: 0.0700, anchor loss: 0.0308, VFL train accuracy: 0.9626
2026-04-20 22:54:05,487 - Epoch: 28, 141/194: VFL loss: 0.1087, total loss: 0.0697, anchor loss: 0.0307, VFL train accuracy: 0.9627
2026-04-20 22:54:05,655 - Epoch: 28, 151/194: VFL loss: 0.1094, total loss: 0.0701, anchor loss: 0.0308, VFL train accuracy: 0.9624
2026-04-20 22:54:05,820 - Epoch: 28, 161/194: VFL loss: 0.1109, total loss: 0.0709, anchor loss: 0.0309, VFL train accuracy: 0.9620
2026-04-20 22:54:05,996 - Epoch: 28, 171/194: VFL loss: 0.1111, total loss: 0.0710, anchor loss: 0.0310, VFL train accuracy: 0.9621
2026-04-20 22:54:06,166 - Epoch: 28, 181/194: VFL loss: 0.1113, total loss: 0.0712, anchor loss: 0.0310, VFL train accuracy: 0.9620
2026-04-20 22:54:06,335 - Epoch: 28, 191/194: VFL loss: 0.1112, total loss: 0.0711, anchor loss: 0.0311, VFL train accuracy: 0.9619
2026-04-20 22:54:06,391 - => Recorded Stage 2 client anchor losses for epoch 28 to 'results/AVGuard/stage3_gamma_sensitivity_3clients_noema_bounded_q/IEEE_CIS_FRAUD_3clients_noema_bounded_q_gamma_5.0\stage2_final_epoch_client_anchor_losses.json': {0: 0.025444, 1: 0.035597, 2: 0.032213}
2026-04-20 22:54:06,399 - => Stage 2 EMA anchor update skipped at epoch 28 because momentum=1.0000 disables EMA; eligible classes per client {0: 2, 1: 2, 2: 2}
2026-04-20 22:54:06,400 - => Stage 2 Epoch 28 Training Summary: VFL loss: 0.1112, total loss: 0.0712, anchor loss: 0.0311, VFL train accuracy: 0.9619
2026-04-20 22:54:06,400 - => Test ASR...
2026-04-20 22:54:06,406 - =>Add Trigger to Test Data
2026-04-20 22:54:06,783 - Add Trigger to 8265 Bad Samples, 4133 Clean Samples (1.00)
2026-04-20 22:54:08,515 - => Test Epoch: 28, main task samples: 12398, attack samples: 12398, test loss: 0.4727, clean acc: 0.8309, Top-2: 1.0000, ASR: 0.1109, RAC: 0.7906, test target accuracy: 0.7542, stage3 final accuracy: 0.8309, stage3 final target accuracy: 0.5938, stage3 final asr: 0.1109, anchor loss: 0.0388
2026-04-20 22:54:08,515 - => Stage 3 Detection Summary: recall: 0.8885, precision: 0.8271, f1: 0.8567, false positive rate: 0.1226, correction rate: 0.8885
2026-04-20 22:54:08,515 - => Stage 3 Debug (clean): suspicious=1520/12398, correction_applied=1510, prediction_changed=1510, skipped_tied_vote=0, skipped_low_margin=0, skipped_other=10
2026-04-20 22:54:08,515 - => Stage 3 Debug (poison-valid): suspicious=7289/8265, correction_applied=7289, prediction_changed=7289, skipped_tied_vote=0, skipped_low_margin=0, skipped_other=0
2026-04-20 22:54:08,515 - => Stage 3 Debug (attack-success): suspicious=7286/8200, correction_applied=7286, prediction_changed=7286, corrected_to_true=7286
2026-04-20 22:54:08,515 - => Stage 2 checkpoint score: mean(clean_acc=0.8309, recall=0.8885, correction_rate=0.8885) = 0.8693
2026-04-20 22:54:08,543 - => End Epoch: 28, early stop epochs: 17, best epoch: 11, best clean acc: 0.8271, best Top-2: 1.0000, best ASR: 0.0981, best RAC: 0.7882, anchor loss: 0.0401, best checkpoint score: 0.8766
2026-04-20 22:54:08,543 - => Stage 3 Detection Summary: recall: 0.9013, precision: 0.8751, f1: 0.8880, false positive rate: 0.0840, correction rate: 0.9013
2026-04-20 22:54:08,559 - => LFBA current anchor-derived target label: 1
2026-04-20 22:54:08,570 - =>Add Trigger to Train Data
2026-04-20 22:54:08,654 - Add Trigger to 4959 Bad Samples, 44632 Clean Samples (0.10)
2026-04-20 22:54:08,656 - => Start Training for Injecting Backdoor...
2026-04-20 22:54:08,674 - Epoch: 29, 1/194: VFL loss: 0.1070, total loss: 0.0688, anchor loss: 0.0306, VFL train accuracy: 0.9688
2026-04-20 22:54:08,849 - Epoch: 29, 11/194: VFL loss: 0.1181, total loss: 0.0746, anchor loss: 0.0312, VFL train accuracy: 0.9574
2026-04-20 22:54:09,014 - Epoch: 29, 21/194: VFL loss: 0.1205, total loss: 0.0757, anchor loss: 0.0310, VFL train accuracy: 0.9604
2026-04-20 22:54:09,155 - Epoch: 29, 31/194: VFL loss: 0.1228, total loss: 0.0772, anchor loss: 0.0316, VFL train accuracy: 0.9599
2026-04-20 22:54:09,301 - Epoch: 29, 41/194: VFL loss: 0.1217, total loss: 0.0766, anchor loss: 0.0314, VFL train accuracy: 0.9606
2026-04-20 22:54:09,468 - Epoch: 29, 51/194: VFL loss: 0.1171, total loss: 0.0741, anchor loss: 0.0311, VFL train accuracy: 0.9624
2026-04-20 22:54:09,841 - Epoch: 29, 61/194: VFL loss: 0.1196, total loss: 0.0755, anchor loss: 0.0313, VFL train accuracy: 0.9613
2026-04-20 22:54:10,073 - Epoch: 29, 71/194: VFL loss: 0.1194, total loss: 0.0753, anchor loss: 0.0312, VFL train accuracy: 0.9615
2026-04-20 22:54:10,325 - Epoch: 29, 81/194: VFL loss: 0.1199, total loss: 0.0756, anchor loss: 0.0312, VFL train accuracy: 0.9615
2026-04-20 22:54:10,539 - Epoch: 29, 91/194: VFL loss: 0.1197, total loss: 0.0754, anchor loss: 0.0312, VFL train accuracy: 0.9616
2026-04-20 22:54:10,790 - Epoch: 29, 101/194: VFL loss: 0.1188, total loss: 0.0750, anchor loss: 0.0312, VFL train accuracy: 0.9617
2026-04-20 22:54:11,028 - Epoch: 29, 111/194: VFL loss: 0.1182, total loss: 0.0747, anchor loss: 0.0312, VFL train accuracy: 0.9622
2026-04-20 22:54:11,295 - Epoch: 29, 121/194: VFL loss: 0.1183, total loss: 0.0748, anchor loss: 0.0312, VFL train accuracy: 0.9619
2026-04-20 22:54:11,573 - Epoch: 29, 131/194: VFL loss: 0.1194, total loss: 0.0753, anchor loss: 0.0312, VFL train accuracy: 0.9616
2026-04-20 22:54:11,803 - Epoch: 29, 141/194: VFL loss: 0.1192, total loss: 0.0752, anchor loss: 0.0312, VFL train accuracy: 0.9616
2026-04-20 22:54:12,030 - Epoch: 29, 151/194: VFL loss: 0.1194, total loss: 0.0753, anchor loss: 0.0312, VFL train accuracy: 0.9613
2026-04-20 22:54:12,238 - Epoch: 29, 161/194: VFL loss: 0.1210, total loss: 0.0761, anchor loss: 0.0312, VFL train accuracy: 0.9607
2026-04-20 22:54:12,423 - Epoch: 29, 171/194: VFL loss: 0.1209, total loss: 0.0760, anchor loss: 0.0311, VFL train accuracy: 0.9608
2026-04-20 22:54:12,663 - Epoch: 29, 181/194: VFL loss: 0.1201, total loss: 0.0756, anchor loss: 0.0311, VFL train accuracy: 0.9610
2026-04-20 22:54:12,874 - Epoch: 29, 191/194: VFL loss: 0.1206, total loss: 0.0758, anchor loss: 0.0311, VFL train accuracy: 0.9606
2026-04-20 22:54:12,946 - => Recorded Stage 2 client anchor losses for epoch 29 to 'results/AVGuard/stage3_gamma_sensitivity_3clients_noema_bounded_q/IEEE_CIS_FRAUD_3clients_noema_bounded_q_gamma_5.0\stage2_final_epoch_client_anchor_losses.json': {0: 0.025477, 1: 0.035591, 2: 0.03219}
2026-04-20 22:54:12,948 - => Stage 2 EMA anchor update skipped at epoch 29 because momentum=1.0000 disables EMA; eligible classes per client {0: 2, 1: 2, 2: 2}
2026-04-20 22:54:12,949 - => Stage 2 Epoch 29 Training Summary: VFL loss: 0.1201, total loss: 0.0756, anchor loss: 0.0311, VFL train accuracy: 0.9608
2026-04-20 22:54:12,949 - => Test ASR...
2026-04-20 22:54:12,954 - =>Add Trigger to Test Data
2026-04-20 22:54:13,372 - Add Trigger to 8265 Bad Samples, 4133 Clean Samples (1.00)
2026-04-20 22:54:16,211 - => Test Epoch: 29, main task samples: 12398, attack samples: 12398, test loss: 0.4758, clean acc: 0.8305, Top-2: 1.0000, ASR: 0.1070, RAC: 0.7930, test target accuracy: 0.7484, stage3 final accuracy: 0.8305, stage3 final target accuracy: 0.5928, stage3 final asr: 0.1070, anchor loss: 0.0388
2026-04-20 22:54:16,211 - => Stage 3 Detection Summary: recall: 0.8928, precision: 0.8300, f1: 0.8603, false positive rate: 0.1207, correction rate: 0.8928
2026-04-20 22:54:16,211 - => Stage 3 Debug (clean): suspicious=1497/12398, correction_applied=1484, prediction_changed=1484, skipped_tied_vote=0, skipped_low_margin=0, skipped_other=13
2026-04-20 22:54:16,211 - => Stage 3 Debug (poison-valid): suspicious=7335/8265, correction_applied=7335, prediction_changed=7335, skipped_tied_vote=0, skipped_low_margin=0, skipped_other=0
2026-04-20 22:54:16,211 - => Stage 3 Debug (attack-success): suspicious=7331/8211, correction_applied=7331, prediction_changed=7331, corrected_to_true=7331
2026-04-20 22:54:16,211 - => Stage 2 checkpoint score: mean(clean_acc=0.8305, recall=0.8928, correction_rate=0.8928) = 0.8721
2026-04-20 22:54:16,240 - => End Epoch: 29, early stop epochs: 18, best epoch: 11, best clean acc: 0.8271, best Top-2: 1.0000, best ASR: 0.0981, best RAC: 0.7882, anchor loss: 0.0401, best checkpoint score: 0.8766
2026-04-20 22:54:16,241 - => Stage 3 Detection Summary: recall: 0.9013, precision: 0.8751, f1: 0.8880, false positive rate: 0.0840, correction rate: 0.9013
2026-04-20 22:54:16,256 - => LFBA current anchor-derived target label: 1
2026-04-20 22:54:16,269 - =>Add Trigger to Train Data
2026-04-20 22:54:16,371 - Add Trigger to 4959 Bad Samples, 44632 Clean Samples (0.10)
2026-04-20 22:54:16,380 - => Start Training for Injecting Backdoor...
2026-04-20 22:54:16,407 - Epoch: 30, 1/194: VFL loss: 0.1032, total loss: 0.0673, anchor loss: 0.0314, VFL train accuracy: 0.9609
2026-04-20 22:54:16,644 - Epoch: 30, 11/194: VFL loss: 0.1208, total loss: 0.0762, anchor loss: 0.0317, VFL train accuracy: 0.9570
2026-04-20 22:54:16,852 - Epoch: 30, 21/194: VFL loss: 0.1111, total loss: 0.0710, anchor loss: 0.0309, VFL train accuracy: 0.9621
2026-04-20 22:54:17,045 - Epoch: 30, 31/194: VFL loss: 0.1081, total loss: 0.0695, anchor loss: 0.0310, VFL train accuracy: 0.9631
2026-04-20 22:54:17,229 - Epoch: 30, 41/194: VFL loss: 0.1052, total loss: 0.0679, anchor loss: 0.0307, VFL train accuracy: 0.9641
2026-04-20 22:54:17,418 - Epoch: 30, 51/194: VFL loss: 0.1043, total loss: 0.0674, anchor loss: 0.0305, VFL train accuracy: 0.9648
2026-04-20 22:54:17,633 - Epoch: 30, 61/194: VFL loss: 0.1033, total loss: 0.0669, anchor loss: 0.0305, VFL train accuracy: 0.9652
2026-04-20 22:54:17,848 - Epoch: 30, 71/194: VFL loss: 0.1040, total loss: 0.0672, anchor loss: 0.0305, VFL train accuracy: 0.9649
2026-04-20 22:54:18,049 - Epoch: 30, 81/194: VFL loss: 0.1057, total loss: 0.0682, anchor loss: 0.0307, VFL train accuracy: 0.9644
2026-04-20 22:54:18,249 - Epoch: 30, 91/194: VFL loss: 0.1055, total loss: 0.0681, anchor loss: 0.0308, VFL train accuracy: 0.9646
2026-04-20 22:54:18,440 - Epoch: 30, 101/194: VFL loss: 0.1054, total loss: 0.0681, anchor loss: 0.0308, VFL train accuracy: 0.9645
2026-04-20 22:54:18,645 - Epoch: 30, 111/194: VFL loss: 0.1069, total loss: 0.0689, anchor loss: 0.0308, VFL train accuracy: 0.9638
2026-04-20 22:54:18,829 - Epoch: 30, 121/194: VFL loss: 0.1071, total loss: 0.0690, anchor loss: 0.0309, VFL train accuracy: 0.9636
2026-04-20 22:54:19,023 - Epoch: 30, 131/194: VFL loss: 0.1071, total loss: 0.0690, anchor loss: 0.0309, VFL train accuracy: 0.9639
2026-04-20 22:54:19,223 - Epoch: 30, 141/194: VFL loss: 0.1074, total loss: 0.0692, anchor loss: 0.0310, VFL train accuracy: 0.9636
2026-04-20 22:54:19,408 - Epoch: 30, 151/194: VFL loss: 0.1087, total loss: 0.0699, anchor loss: 0.0310, VFL train accuracy: 0.9631
2026-04-20 22:54:19,624 - Epoch: 30, 161/194: VFL loss: 0.1085, total loss: 0.0697, anchor loss: 0.0309, VFL train accuracy: 0.9634
2026-04-20 22:54:19,817 - Epoch: 30, 171/194: VFL loss: 0.1085, total loss: 0.0697, anchor loss: 0.0310, VFL train accuracy: 0.9633
2026-04-20 22:54:20,027 - Epoch: 30, 181/194: VFL loss: 0.1081, total loss: 0.0696, anchor loss: 0.0310, VFL train accuracy: 0.9635
2026-04-20 22:54:20,192 - Epoch: 30, 191/194: VFL loss: 0.1084, total loss: 0.0697, anchor loss: 0.0310, VFL train accuracy: 0.9633
2026-04-20 22:54:20,260 - => Recorded Stage 2 client anchor losses for epoch 30 to 'results/AVGuard/stage3_gamma_sensitivity_3clients_noema_bounded_q/IEEE_CIS_FRAUD_3clients_noema_bounded_q_gamma_5.0\stage2_final_epoch_client_anchor_losses.json': {0: 0.025323, 1: 0.035558, 2: 0.03218}
2026-04-20 22:54:20,261 - => Stage 2 EMA anchor update skipped at epoch 30 because momentum=1.0000 disables EMA; eligible classes per client {0: 2, 1: 2, 2: 2}
2026-04-20 22:54:20,261 - => Stage 2 Epoch 30 Training Summary: VFL loss: 0.1083, total loss: 0.0696, anchor loss: 0.0310, VFL train accuracy: 0.9634
2026-04-20 22:54:20,261 - => Test ASR...
2026-04-20 22:54:20,268 - =>Add Trigger to Test Data
2026-04-20 22:54:20,648 - Add Trigger to 8265 Bad Samples, 4133 Clean Samples (1.00)
2026-04-20 22:54:22,438 - => Test Epoch: 30, main task samples: 12398, attack samples: 12398, test loss: 0.4913, clean acc: 0.8303, Top-2: 1.0000, ASR: 0.1072, RAC: 0.7868, test target accuracy: 0.7457, stage3 final accuracy: 0.8303, stage3 final target accuracy: 0.5749, stage3 final asr: 0.1072, anchor loss: 0.0390
2026-04-20 22:54:22,438 - => Stage 3 Detection Summary: recall: 0.8924, precision: 0.8309, f1: 0.8606, false positive rate: 0.1198, correction rate: 0.8924
2026-04-20 22:54:22,439 - => Stage 3 Debug (clean): suspicious=1485/12398, correction_applied=1475, prediction_changed=1475, skipped_tied_vote=0, skipped_low_margin=0, skipped_other=10
2026-04-20 22:54:22,439 - => Stage 3 Debug (poison-valid): suspicious=7322/8265, correction_applied=7322, prediction_changed=7322, skipped_tied_vote=0, skipped_low_margin=0, skipped_other=0
2026-04-20 22:54:22,439 - => Stage 3 Debug (attack-success): suspicious=7318/8200, correction_applied=7318, prediction_changed=7318, corrected_to_true=7318
2026-04-20 22:54:22,439 - => Stage 2 checkpoint score: mean(clean_acc=0.8303, recall=0.8924, correction_rate=0.8924) = 0.8717
2026-04-20 22:54:22,466 - => End Epoch: 30, early stop epochs: 19, best epoch: 11, best clean acc: 0.8271, best Top-2: 1.0000, best ASR: 0.0981, best RAC: 0.7882, anchor loss: 0.0401, best checkpoint score: 0.8766
2026-04-20 22:54:22,466 - => Stage 3 Detection Summary: recall: 0.9013, precision: 0.8751, f1: 0.8880, false positive rate: 0.0840, correction rate: 0.9013
2026-04-20 22:54:22,481 - => LFBA current anchor-derived target label: 1
2026-04-20 22:54:22,492 - =>Add Trigger to Train Data
2026-04-20 22:54:22,589 - Add Trigger to 4959 Bad Samples, 44632 Clean Samples (0.10)
2026-04-20 22:54:22,598 - => Start Training for Injecting Backdoor...
2026-04-20 22:54:22,617 - Epoch: 31, 1/194: VFL loss: 0.0908, total loss: 0.0597, anchor loss: 0.0285, VFL train accuracy: 0.9727
2026-04-20 22:54:22,784 - Epoch: 31, 11/194: VFL loss: 0.1009, total loss: 0.0658, anchor loss: 0.0308, VFL train accuracy: 0.9698
2026-04-20 22:54:22,960 - Epoch: 31, 21/194: VFL loss: 0.1104, total loss: 0.0706, anchor loss: 0.0308, VFL train accuracy: 0.9663
2026-04-20 22:54:23,136 - Epoch: 31, 31/194: VFL loss: 0.1117, total loss: 0.0713, anchor loss: 0.0309, VFL train accuracy: 0.9657
2026-04-20 22:54:23,293 - Epoch: 31, 41/194: VFL loss: 0.1098, total loss: 0.0703, anchor loss: 0.0308, VFL train accuracy: 0.9666
2026-04-20 22:54:23,573 - Epoch: 31, 51/194: VFL loss: 0.1140, total loss: 0.0724, anchor loss: 0.0308, VFL train accuracy: 0.9646
2026-04-20 22:54:23,734 - Epoch: 31, 61/194: VFL loss: 0.1172, total loss: 0.0741, anchor loss: 0.0310, VFL train accuracy: 0.9632
2026-04-20 22:54:23,902 - Epoch: 31, 71/194: VFL loss: 0.1173, total loss: 0.0742, anchor loss: 0.0311, VFL train accuracy: 0.9625
2026-04-20 22:54:24,056 - Epoch: 31, 81/194: VFL loss: 0.1194, total loss: 0.0753, anchor loss: 0.0311, VFL train accuracy: 0.9612
2026-04-20 22:54:24,217 - Epoch: 31, 91/194: VFL loss: 0.1197, total loss: 0.0754, anchor loss: 0.0311, VFL train accuracy: 0.9612
2026-04-20 22:54:24,453 - Epoch: 31, 101/194: VFL loss: 0.1191, total loss: 0.0751, anchor loss: 0.0311, VFL train accuracy: 0.9612
2026-04-20 22:54:24,849 - Epoch: 31, 111/194: VFL loss: 0.1193, total loss: 0.0752, anchor loss: 0.0311, VFL train accuracy: 0.9615
2026-04-20 22:54:25,062 - Epoch: 31, 121/194: VFL loss: 0.1185, total loss: 0.0748, anchor loss: 0.0311, VFL train accuracy: 0.9616
2026-04-20 22:54:25,280 - Epoch: 31, 131/194: VFL loss: 0.1187, total loss: 0.0750, anchor loss: 0.0312, VFL train accuracy: 0.9617
2026-04-20 22:54:25,544 - Epoch: 31, 141/194: VFL loss: 0.1189, total loss: 0.0751, anchor loss: 0.0313, VFL train accuracy: 0.9614
2026-04-20 22:54:25,826 - Epoch: 31, 151/194: VFL loss: 0.1177, total loss: 0.0745, anchor loss: 0.0312, VFL train accuracy: 0.9618
2026-04-20 22:54:26,074 - Epoch: 31, 161/194: VFL loss: 0.1169, total loss: 0.0740, anchor loss: 0.0311, VFL train accuracy: 0.9622
2026-04-20 22:54:26,315 - Epoch: 31, 171/194: VFL loss: 0.1173, total loss: 0.0741, anchor loss: 0.0310, VFL train accuracy: 0.9620
2026-04-20 22:54:26,484 - Epoch: 31, 181/194: VFL loss: 0.1166, total loss: 0.0738, anchor loss: 0.0310, VFL train accuracy: 0.9622
2026-04-20 22:54:26,682 - Epoch: 31, 191/194: VFL loss: 0.1168, total loss: 0.0739, anchor loss: 0.0310, VFL train accuracy: 0.9620
2026-04-20 22:54:26,737 - => Recorded Stage 2 client anchor losses for epoch 31 to 'results/AVGuard/stage3_gamma_sensitivity_3clients_noema_bounded_q/IEEE_CIS_FRAUD_3clients_noema_bounded_q_gamma_5.0\stage2_final_epoch_client_anchor_losses.json': {0: 0.025284, 1: 0.035551, 2: 0.032124}
2026-04-20 22:54:26,738 - => Stage 2 EMA anchor update skipped at epoch 31 because momentum=1.0000 disables EMA; eligible classes per client {0: 2, 1: 2, 2: 2}
2026-04-20 22:54:26,738 - => Stage 2 Epoch 31 Training Summary: VFL loss: 0.1168, total loss: 0.0739, anchor loss: 0.0310, VFL train accuracy: 0.9620
2026-04-20 22:54:26,738 - => Test ASR...
2026-04-20 22:54:26,745 - =>Add Trigger to Test Data
2026-04-20 22:54:27,136 - Add Trigger to 8265 Bad Samples, 4133 Clean Samples (1.00)
2026-04-20 22:54:29,806 - => Test Epoch: 31, main task samples: 12398, attack samples: 12398, test loss: 0.4946, clean acc: 0.8321, Top-2: 1.0000, ASR: 0.1114, RAC: 0.7971, test target accuracy: 0.7643, stage3 final accuracy: 0.8321, stage3 final target accuracy: 0.6141, stage3 final asr: 0.1114, anchor loss: 0.0387
2026-04-20 22:54:29,806 - => Stage 3 Detection Summary: recall: 0.8883, precision: 0.8272, f1: 0.8567, false positive rate: 0.1226, correction rate: 0.8883
2026-04-20 22:54:29,806 - => Stage 3 Debug (clean): suspicious=1520/12398, correction_applied=1510, prediction_changed=1510, skipped_tied_vote=0, skipped_low_margin=0, skipped_other=10
2026-04-20 22:54:29,806 - => Stage 3 Debug (poison-valid): suspicious=7299/8265, correction_applied=7299, prediction_changed=7299, skipped_tied_vote=0, skipped_low_margin=0, skipped_other=0
2026-04-20 22:54:29,806 - => Stage 3 Debug (attack-success): suspicious=7295/8212, correction_applied=7295, prediction_changed=7295, corrected_to_true=7295
2026-04-20 22:54:29,807 - => Stage 2 checkpoint score: mean(clean_acc=0.8321, recall=0.8883, correction_rate=0.8883) = 0.8696
2026-04-20 22:54:29,843 - => End Epoch: 31, early stop epochs: 20, best epoch: 11, best clean acc: 0.8271, best Top-2: 1.0000, best ASR: 0.0981, best RAC: 0.7882, anchor loss: 0.0401, best checkpoint score: 0.8766
2026-04-20 22:54:29,843 - => Stage 3 Detection Summary: recall: 0.9013, precision: 0.8751, f1: 0.8880, false positive rate: 0.0840, correction rate: 0.9013
2026-04-20 22:54:29,871 - => LFBA current anchor-derived target label: 1
2026-04-20 22:54:29,886 - =>Add Trigger to Train Data
2026-04-20 22:54:29,993 - Add Trigger to 4959 Bad Samples, 44632 Clean Samples (0.10)
2026-04-20 22:54:30,004 - => Start Training for Injecting Backdoor...
2026-04-20 22:54:30,035 - Epoch: 32, 1/194: VFL loss: 0.0959, total loss: 0.0640, anchor loss: 0.0321, VFL train accuracy: 0.9648
2026-04-20 22:54:30,313 - Epoch: 32, 11/194: VFL loss: 0.0967, total loss: 0.0635, anchor loss: 0.0303, VFL train accuracy: 0.9677
2026-04-20 22:54:30,612 - Epoch: 32, 21/194: VFL loss: 0.1040, total loss: 0.0674, anchor loss: 0.0308, VFL train accuracy: 0.9645
2026-04-20 22:54:30,895 - Epoch: 32, 31/194: VFL loss: 0.1052, total loss: 0.0679, anchor loss: 0.0307, VFL train accuracy: 0.9647
2026-04-20 22:54:31,158 - Epoch: 32, 41/194: VFL loss: 0.1049, total loss: 0.0679, anchor loss: 0.0308, VFL train accuracy: 0.9650
2026-04-20 22:54:31,423 - Epoch: 32, 51/194: VFL loss: 0.1050, total loss: 0.0679, anchor loss: 0.0309, VFL train accuracy: 0.9647
2026-04-20 22:54:31,710 - Epoch: 32, 61/194: VFL loss: 0.1039, total loss: 0.0674, anchor loss: 0.0309, VFL train accuracy: 0.9652
2026-04-20 22:54:31,980 - Epoch: 32, 71/194: VFL loss: 0.1047, total loss: 0.0677, anchor loss: 0.0307, VFL train accuracy: 0.9647
2026-04-20 22:54:32,247 - Epoch: 32, 81/194: VFL loss: 0.1063, total loss: 0.0686, anchor loss: 0.0309, VFL train accuracy: 0.9638
2026-04-20 22:54:32,554 - Epoch: 32, 91/194: VFL loss: 0.1036, total loss: 0.0672, anchor loss: 0.0307, VFL train accuracy: 0.9650
2026-04-20 22:54:32,851 - Epoch: 32, 101/194: VFL loss: 0.1035, total loss: 0.0671, anchor loss: 0.0306, VFL train accuracy: 0.9646
2026-04-20 22:54:33,133 - Epoch: 32, 111/194: VFL loss: 0.1031, total loss: 0.0669, anchor loss: 0.0307, VFL train accuracy: 0.9648
2026-04-20 22:54:33,415 - Epoch: 32, 121/194: VFL loss: 0.1037, total loss: 0.0672, anchor loss: 0.0308, VFL train accuracy: 0.9647
2026-04-20 22:54:33,704 - Epoch: 32, 131/194: VFL loss: 0.1041, total loss: 0.0674, anchor loss: 0.0308, VFL train accuracy: 0.9647
2026-04-20 22:54:33,990 - Epoch: 32, 141/194: VFL loss: 0.1043, total loss: 0.0675, anchor loss: 0.0308, VFL train accuracy: 0.9650
2026-04-20 22:54:34,279 - Epoch: 32, 151/194: VFL loss: 0.1044, total loss: 0.0676, anchor loss: 0.0308, VFL train accuracy: 0.9648
2026-04-20 22:54:34,551 - Epoch: 32, 161/194: VFL loss: 0.1048, total loss: 0.0678, anchor loss: 0.0308, VFL train accuracy: 0.9646
2026-04-20 22:54:34,837 - Epoch: 32, 171/194: VFL loss: 0.1047, total loss: 0.0678, anchor loss: 0.0309, VFL train accuracy: 0.9646
2026-04-20 22:54:35,116 - Epoch: 32, 181/194: VFL loss: 0.1048, total loss: 0.0678, anchor loss: 0.0309, VFL train accuracy: 0.9646
2026-04-20 22:54:35,402 - Epoch: 32, 191/194: VFL loss: 0.1052, total loss: 0.0681, anchor loss: 0.0309, VFL train accuracy: 0.9645
2026-04-20 22:54:35,488 - => Recorded Stage 2 client anchor losses for epoch 32 to 'results/AVGuard/stage3_gamma_sensitivity_3clients_noema_bounded_q/IEEE_CIS_FRAUD_3clients_noema_bounded_q_gamma_5.0\stage2_final_epoch_client_anchor_losses.json': {0: 0.025159, 1: 0.035531, 2: 0.032139}
2026-04-20 22:54:35,493 - => Stage 2 EMA anchor update skipped at epoch 32 because momentum=1.0000 disables EMA; eligible classes per client {0: 2, 1: 2, 2: 2}
2026-04-20 22:54:35,493 - => Stage 2 Epoch 32 Training Summary: VFL loss: 0.1051, total loss: 0.0680, anchor loss: 0.0309, VFL train accuracy: 0.9645
2026-04-20 22:54:35,494 - => Test ASR...
2026-04-20 22:54:35,499 - =>Add Trigger to Test Data
2026-04-20 22:54:35,877 - Add Trigger to 8265 Bad Samples, 4133 Clean Samples (1.00)
2026-04-20 22:54:41,382 - => Test Epoch: 32, main task samples: 12398, attack samples: 12398, test loss: 0.5061, clean acc: 0.8308, Top-2: 1.0000, ASR: 0.1100, RAC: 0.7876, test target accuracy: 0.7522, stage3 final accuracy: 0.8308, stage3 final target accuracy: 0.5829, stage3 final asr: 0.1100, anchor loss: 0.0389
2026-04-20 22:54:41,382 - => Stage 3 Detection Summary: recall: 0.8896, precision: 0.8270, f1: 0.8571, false positive rate: 0.1229, correction rate: 0.8896
2026-04-20 22:54:41,383 - => Stage 3 Debug (clean): suspicious=1524/12398, correction_applied=1516, prediction_changed=1516, skipped_tied_vote=0, skipped_low_margin=0, skipped_other=8
2026-04-20 22:54:41,383 - => Stage 3 Debug (poison-valid): suspicious=7302/8265, correction_applied=7302, prediction_changed=7302, skipped_tied_vote=0, skipped_low_margin=0, skipped_other=0
2026-04-20 22:54:41,383 - => Stage 3 Debug (attack-success): suspicious=7299/8205, correction_applied=7299, prediction_changed=7299, corrected_to_true=7299
2026-04-20 22:54:41,383 - => Stage 2 checkpoint score: mean(clean_acc=0.8308, recall=0.8896, correction_rate=0.8896) = 0.8700
2026-04-20 22:54:41,412 - => End Epoch: 32, early stop epochs: 21, best epoch: 11, best clean acc: 0.8271, best Top-2: 1.0000, best ASR: 0.0981, best RAC: 0.7882, anchor loss: 0.0401, best checkpoint score: 0.8766
2026-04-20 22:54:41,412 - => Stage 3 Detection Summary: recall: 0.9013, precision: 0.8751, f1: 0.8880, false positive rate: 0.0840, correction rate: 0.9013
2026-04-20 22:54:41,433 - => LFBA current anchor-derived target label: 1
2026-04-20 22:54:41,448 - =>Add Trigger to Train Data
2026-04-20 22:54:41,553 - Add Trigger to 4959 Bad Samples, 44632 Clean Samples (0.10)
2026-04-20 22:54:41,564 - => Start Training for Injecting Backdoor...
2026-04-20 22:54:41,592 - Epoch: 33, 1/194: VFL loss: 0.1314, total loss: 0.0820, anchor loss: 0.0326, VFL train accuracy: 0.9609
2026-04-20 22:54:41,892 - Epoch: 33, 11/194: VFL loss: 0.1236, total loss: 0.0778, anchor loss: 0.0320, VFL train accuracy: 0.9574
2026-04-20 22:54:42,187 - Epoch: 33, 21/194: VFL loss: 0.1189, total loss: 0.0750, anchor loss: 0.0311, VFL train accuracy: 0.9613
2026-04-20 22:54:42,487 - Epoch: 33, 31/194: VFL loss: 0.1139, total loss: 0.0723, anchor loss: 0.0306, VFL train accuracy: 0.9631
2026-04-20 22:54:42,806 - Epoch: 33, 41/194: VFL loss: 0.1140, total loss: 0.0724, anchor loss: 0.0308, VFL train accuracy: 0.9627
2026-04-20 22:54:43,091 - Epoch: 33, 51/194: VFL loss: 0.1162, total loss: 0.0737, anchor loss: 0.0312, VFL train accuracy: 0.9615
2026-04-20 22:54:43,418 - Epoch: 33, 61/194: VFL loss: 0.1131, total loss: 0.0720, anchor loss: 0.0309, VFL train accuracy: 0.9634
2026-04-20 22:54:43,775 - Epoch: 33, 71/194: VFL loss: 0.1113, total loss: 0.0711, anchor loss: 0.0308, VFL train accuracy: 0.9643
2026-04-20 22:54:44,153 - Epoch: 33, 81/194: VFL loss: 0.1116, total loss: 0.0713, anchor loss: 0.0309, VFL train accuracy: 0.9641
2026-04-20 22:54:44,545 - Epoch: 33, 91/194: VFL loss: 0.1125, total loss: 0.0716, anchor loss: 0.0308, VFL train accuracy: 0.9637
2026-04-20 22:54:44,868 - Epoch: 33, 101/194: VFL loss: 0.1127, total loss: 0.0717, anchor loss: 0.0307, VFL train accuracy: 0.9636
2026-04-20 22:54:45,197 - Epoch: 33, 111/194: VFL loss: 0.1133, total loss: 0.0720, anchor loss: 0.0307, VFL train accuracy: 0.9633
2026-04-20 22:54:45,477 - Epoch: 33, 121/194: VFL loss: 0.1132, total loss: 0.0719, anchor loss: 0.0307, VFL train accuracy: 0.9635
2026-04-20 22:54:45,754 - Epoch: 33, 131/194: VFL loss: 0.1129, total loss: 0.0718, anchor loss: 0.0307, VFL train accuracy: 0.9635
2026-04-20 22:54:46,004 - Epoch: 33, 141/194: VFL loss: 0.1136, total loss: 0.0722, anchor loss: 0.0308, VFL train accuracy: 0.9633
2026-04-20 22:54:46,266 - Epoch: 33, 151/194: VFL loss: 0.1147, total loss: 0.0728, anchor loss: 0.0308, VFL train accuracy: 0.9630
2026-04-20 22:54:46,517 - Epoch: 33, 161/194: VFL loss: 0.1140, total loss: 0.0724, anchor loss: 0.0308, VFL train accuracy: 0.9632
2026-04-20 22:54:46,760 - Epoch: 33, 171/194: VFL loss: 0.1137, total loss: 0.0722, anchor loss: 0.0308, VFL train accuracy: 0.9633
2026-04-20 22:54:46,999 - Epoch: 33, 181/194: VFL loss: 0.1141, total loss: 0.0724, anchor loss: 0.0308, VFL train accuracy: 0.9631
2026-04-20 22:54:47,245 - Epoch: 33, 191/194: VFL loss: 0.1138, total loss: 0.0723, anchor loss: 0.0309, VFL train accuracy: 0.9631
2026-04-20 22:54:47,325 - => Recorded Stage 2 client anchor losses for epoch 33 to 'results/AVGuard/stage3_gamma_sensitivity_3clients_noema_bounded_q/IEEE_CIS_FRAUD_3clients_noema_bounded_q_gamma_5.0\stage2_final_epoch_client_anchor_losses.json': {0: 0.025142, 1: 0.035516, 2: 0.032074}
2026-04-20 22:54:47,331 - => Stage 2 EMA anchor update skipped at epoch 33 because momentum=1.0000 disables EMA; eligible classes per client {0: 2, 1: 2, 2: 2}
2026-04-20 22:54:47,331 - => Stage 2 Epoch 33 Training Summary: VFL loss: 0.1141, total loss: 0.0725, anchor loss: 0.0309, VFL train accuracy: 0.9630
2026-04-20 22:54:47,331 - => Test ASR...
2026-04-20 22:54:47,338 - =>Add Trigger to Test Data
2026-04-20 22:54:47,809 - Add Trigger to 8265 Bad Samples, 4133 Clean Samples (1.00)
2026-04-20 22:54:50,410 - => Test Epoch: 33, main task samples: 12398, attack samples: 12398, test loss: 0.5094, clean acc: 0.8303, Top-2: 1.0000, ASR: 0.1119, RAC: 0.7913, test target accuracy: 0.7624, stage3 final accuracy: 0.8303, stage3 final target accuracy: 0.5979, stage3 final asr: 0.1119, anchor loss: 0.0389
2026-04-20 22:54:50,410 - => Stage 3 Detection Summary: recall: 0.8878, precision: 0.8239, f1: 0.8546, false positive rate: 0.1253, correction rate: 0.8878
2026-04-20 22:54:50,410 - => Stage 3 Debug (clean): suspicious=1554/12398, correction_applied=1552, prediction_changed=1552, skipped_tied_vote=0, skipped_low_margin=0, skipped_other=2
2026-04-20 22:54:50,410 - => Stage 3 Debug (poison-valid): suspicious=7291/8265, correction_applied=7291, prediction_changed=7291, skipped_tied_vote=0, skipped_low_margin=0, skipped_other=0
2026-04-20 22:54:50,410 - => Stage 3 Debug (attack-success): suspicious=7287/8208, correction_applied=7287, prediction_changed=7287, corrected_to_true=7287
2026-04-20 22:54:50,410 - => Stage 2 checkpoint score: mean(clean_acc=0.8303, recall=0.8878, correction_rate=0.8878) = 0.8686
2026-04-20 22:54:50,441 - => End Epoch: 33, early stop epochs: 22, best epoch: 11, best clean acc: 0.8271, best Top-2: 1.0000, best ASR: 0.0981, best RAC: 0.7882, anchor loss: 0.0401, best checkpoint score: 0.8766
2026-04-20 22:54:50,441 - => Stage 3 Detection Summary: recall: 0.9013, precision: 0.8751, f1: 0.8880, false positive rate: 0.0840, correction rate: 0.9013
2026-04-20 22:54:50,462 - => LFBA current anchor-derived target label: 1
2026-04-20 22:54:50,473 - =>Add Trigger to Train Data
2026-04-20 22:54:50,576 - Add Trigger to 4959 Bad Samples, 44632 Clean Samples (0.10)
2026-04-20 22:54:50,588 - => Start Training for Injecting Backdoor...
2026-04-20 22:54:50,616 - Epoch: 34, 1/194: VFL loss: 0.0965, total loss: 0.0603, anchor loss: 0.0240, VFL train accuracy: 0.9688
2026-04-20 22:54:50,862 - Epoch: 34, 11/194: VFL loss: 0.1098, total loss: 0.0705, anchor loss: 0.0313, VFL train accuracy: 0.9624
2026-04-20 22:54:51,078 - Epoch: 34, 21/194: VFL loss: 0.1049, total loss: 0.0681, anchor loss: 0.0312, VFL train accuracy: 0.9624
2026-04-20 22:54:51,277 - Epoch: 34, 31/194: VFL loss: 0.1045, total loss: 0.0679, anchor loss: 0.0313, VFL train accuracy: 0.9635
2026-04-20 22:54:51,524 - Epoch: 34, 41/194: VFL loss: 0.1031, total loss: 0.0672, anchor loss: 0.0314, VFL train accuracy: 0.9652
2026-04-20 22:54:51,767 - Epoch: 34, 51/194: VFL loss: 0.1025, total loss: 0.0668, anchor loss: 0.0310, VFL train accuracy: 0.9652
2026-04-20 22:54:52,004 - Epoch: 34, 61/194: VFL loss: 0.1015, total loss: 0.0662, anchor loss: 0.0309, VFL train accuracy: 0.9654
2026-04-20 22:54:52,242 - Epoch: 34, 71/194: VFL loss: 0.1035, total loss: 0.0672, anchor loss: 0.0308, VFL train accuracy: 0.9647
2026-04-20 22:54:52,481 - Epoch: 34, 81/194: VFL loss: 0.1052, total loss: 0.0680, anchor loss: 0.0308, VFL train accuracy: 0.9642
2026-04-20 22:54:52,729 - Epoch: 34, 91/194: VFL loss: 0.1044, total loss: 0.0676, anchor loss: 0.0308, VFL train accuracy: 0.9648
2026-04-20 22:54:52,963 - Epoch: 34, 101/194: VFL loss: 0.1037, total loss: 0.0673, anchor loss: 0.0309, VFL train accuracy: 0.9650
2026-04-20 22:54:53,227 - Epoch: 34, 111/194: VFL loss: 0.1032, total loss: 0.0670, anchor loss: 0.0308, VFL train accuracy: 0.9652
2026-04-20 22:54:53,448 - Epoch: 34, 121/194: VFL loss: 0.1039, total loss: 0.0674, anchor loss: 0.0309, VFL train accuracy: 0.9650
2026-04-20 22:54:53,706 - Epoch: 34, 131/194: VFL loss: 0.1024, total loss: 0.0666, anchor loss: 0.0308, VFL train accuracy: 0.9657
2026-04-20 22:54:53,965 - Epoch: 34, 141/194: VFL loss: 0.1022, total loss: 0.0665, anchor loss: 0.0308, VFL train accuracy: 0.9657
2026-04-20 22:54:54,216 - Epoch: 34, 151/194: VFL loss: 0.1026, total loss: 0.0667, anchor loss: 0.0308, VFL train accuracy: 0.9655
2026-04-20 22:54:54,454 - Epoch: 34, 161/194: VFL loss: 0.1024, total loss: 0.0666, anchor loss: 0.0309, VFL train accuracy: 0.9657
2026-04-20 22:54:54,693 - Epoch: 34, 171/194: VFL loss: 0.1031, total loss: 0.0670, anchor loss: 0.0309, VFL train accuracy: 0.9655
2026-04-20 22:54:54,906 - Epoch: 34, 181/194: VFL loss: 0.1026, total loss: 0.0667, anchor loss: 0.0309, VFL train accuracy: 0.9656
2026-04-20 22:54:55,307 - Epoch: 34, 191/194: VFL loss: 0.1028, total loss: 0.0669, anchor loss: 0.0309, VFL train accuracy: 0.9656
2026-04-20 22:54:55,380 - => Recorded Stage 2 client anchor losses for epoch 34 to 'results/AVGuard/stage3_gamma_sensitivity_3clients_noema_bounded_q/IEEE_CIS_FRAUD_3clients_noema_bounded_q_gamma_5.0\stage2_final_epoch_client_anchor_losses.json': {0: 0.025052, 1: 0.035499, 2: 0.032069}
2026-04-20 22:54:55,386 - => Stage 2 EMA anchor update skipped at epoch 34 because momentum=1.0000 disables EMA; eligible classes per client {0: 2, 1: 2, 2: 2}
2026-04-20 22:54:55,386 - => Stage 2 Epoch 34 Training Summary: VFL loss: 0.1029, total loss: 0.0669, anchor loss: 0.0309, VFL train accuracy: 0.9655
2026-04-20 22:54:55,386 - => Test ASR...
2026-04-20 22:54:55,393 - =>Add Trigger to Test Data
2026-04-20 22:54:55,795 - Add Trigger to 8265 Bad Samples, 4133 Clean Samples (1.00)
2026-04-20 22:54:58,526 - => Test Epoch: 34, main task samples: 12398, attack samples: 12398, test loss: 0.5285, clean acc: 0.8303, Top-2: 1.0000, ASR: 0.1141, RAC: 0.7867, test target accuracy: 0.7585, stage3 final accuracy: 0.8303, stage3 final target accuracy: 0.5884, stage3 final asr: 0.1141, anchor loss: 0.0389
2026-04-20 22:54:58,526 - => Stage 3 Detection Summary: recall: 0.8855, precision: 0.8217, f1: 0.8524, false positive rate: 0.1268, correction rate: 0.8855
2026-04-20 22:54:58,526 - => Stage 3 Debug (clean): suspicious=1572/12398, correction_applied=1559, prediction_changed=1559, skipped_tied_vote=0, skipped_low_margin=0, skipped_other=13
2026-04-20 22:54:58,526 - => Stage 3 Debug (poison-valid): suspicious=7269/8265, correction_applied=7269, prediction_changed=7269, skipped_tied_vote=0, skipped_low_margin=0, skipped_other=0
2026-04-20 22:54:58,526 - => Stage 3 Debug (attack-success): suspicious=7265/8204, correction_applied=7265, prediction_changed=7265, corrected_to_true=7265
2026-04-20 22:54:58,527 - => Stage 2 checkpoint score: mean(clean_acc=0.8303, recall=0.8855, correction_rate=0.8855) = 0.8671
2026-04-20 22:54:58,561 - => End Epoch: 34, early stop epochs: 23, best epoch: 11, best clean acc: 0.8271, best Top-2: 1.0000, best ASR: 0.0981, best RAC: 0.7882, anchor loss: 0.0401, best checkpoint score: 0.8766
2026-04-20 22:54:58,561 - => Stage 3 Detection Summary: recall: 0.9013, precision: 0.8751, f1: 0.8880, false positive rate: 0.0840, correction rate: 0.9013
2026-04-20 22:54:58,590 - => LFBA current anchor-derived target label: 1
2026-04-20 22:54:58,612 - =>Add Trigger to Train Data
2026-04-20 22:54:58,747 - Add Trigger to 4959 Bad Samples, 44632 Clean Samples (0.10)
2026-04-20 22:54:58,760 - => Start Training for Injecting Backdoor...
2026-04-20 22:54:58,802 - Epoch: 35, 1/194: VFL loss: 0.1027, total loss: 0.0694, anchor loss: 0.0361, VFL train accuracy: 0.9688
2026-04-20 22:54:59,058 - Epoch: 35, 11/194: VFL loss: 0.1062, total loss: 0.0686, anchor loss: 0.0311, VFL train accuracy: 0.9673
2026-04-20 22:54:59,281 - Epoch: 35, 21/194: VFL loss: 0.1032, total loss: 0.0669, anchor loss: 0.0305, VFL train accuracy: 0.9667
2026-04-20 22:54:59,508 - Epoch: 35, 31/194: VFL loss: 0.1089, total loss: 0.0699, anchor loss: 0.0309, VFL train accuracy: 0.9648
2026-04-20 22:54:59,748 - Epoch: 35, 41/194: VFL loss: 0.1118, total loss: 0.0715, anchor loss: 0.0311, VFL train accuracy: 0.9644
2026-04-20 22:54:59,996 - Epoch: 35, 51/194: VFL loss: 0.1113, total loss: 0.0712, anchor loss: 0.0311, VFL train accuracy: 0.9636
2026-04-20 22:55:00,240 - Epoch: 35, 61/194: VFL loss: 0.1100, total loss: 0.0705, anchor loss: 0.0310, VFL train accuracy: 0.9643
2026-04-20 22:55:00,496 - Epoch: 35, 71/194: VFL loss: 0.1099, total loss: 0.0705, anchor loss: 0.0310, VFL train accuracy: 0.9646
2026-04-20 22:55:00,736 - Epoch: 35, 81/194: VFL loss: 0.1114, total loss: 0.0712, anchor loss: 0.0310, VFL train accuracy: 0.9641
2026-04-20 22:55:00,965 - Epoch: 35, 91/194: VFL loss: 0.1109, total loss: 0.0708, anchor loss: 0.0308, VFL train accuracy: 0.9645
2026-04-20 22:55:01,207 - Epoch: 35, 101/194: VFL loss: 0.1097, total loss: 0.0702, anchor loss: 0.0307, VFL train accuracy: 0.9649
2026-04-20 22:55:01,448 - Epoch: 35, 111/194: VFL loss: 0.1108, total loss: 0.0708, anchor loss: 0.0309, VFL train accuracy: 0.9643
2026-04-20 22:55:01,675 - Epoch: 35, 121/194: VFL loss: 0.1099, total loss: 0.0704, anchor loss: 0.0308, VFL train accuracy: 0.9648
2026-04-20 22:55:01,897 - Epoch: 35, 131/194: VFL loss: 0.1110, total loss: 0.0709, anchor loss: 0.0308, VFL train accuracy: 0.9644
2026-04-20 22:55:02,136 - Epoch: 35, 141/194: VFL loss: 0.1112, total loss: 0.0710, anchor loss: 0.0309, VFL train accuracy: 0.9644
2026-04-20 22:55:02,369 - Epoch: 35, 151/194: VFL loss: 0.1110, total loss: 0.0709, anchor loss: 0.0308, VFL train accuracy: 0.9645
2026-04-20 22:55:02,595 - Epoch: 35, 161/194: VFL loss: 0.1117, total loss: 0.0713, anchor loss: 0.0309, VFL train accuracy: 0.9642
2026-04-20 22:55:02,817 - Epoch: 35, 171/194: VFL loss: 0.1122, total loss: 0.0716, anchor loss: 0.0310, VFL train accuracy: 0.9640
2026-04-20 22:55:03,050 - Epoch: 35, 181/194: VFL loss: 0.1119, total loss: 0.0714, anchor loss: 0.0309, VFL train accuracy: 0.9640
2026-04-20 22:55:03,292 - Epoch: 35, 191/194: VFL loss: 0.1115, total loss: 0.0712, anchor loss: 0.0309, VFL train accuracy: 0.9641
2026-04-20 22:55:03,369 - => Recorded Stage 2 client anchor losses for epoch 35 to 'results/AVGuard/stage3_gamma_sensitivity_3clients_noema_bounded_q/IEEE_CIS_FRAUD_3clients_noema_bounded_q_gamma_5.0\stage2_final_epoch_client_anchor_losses.json': {0: 0.025016, 1: 0.035485, 2: 0.03211}
2026-04-20 22:55:03,371 - => Stage 2 EMA anchor update skipped at epoch 35 because momentum=1.0000 disables EMA; eligible classes per client {0: 2, 1: 2, 2: 2}
2026-04-20 22:55:03,371 - => Stage 2 Epoch 35 Training Summary: VFL loss: 0.1115, total loss: 0.0712, anchor loss: 0.0309, VFL train accuracy: 0.9641
2026-04-20 22:55:03,371 - => Test ASR...
2026-04-20 22:55:03,376 - =>Add Trigger to Test Data
2026-04-20 22:55:03,792 - Add Trigger to 8265 Bad Samples, 4133 Clean Samples (1.00)
2026-04-20 22:55:06,510 - => Test Epoch: 35, main task samples: 12398, attack samples: 12398, test loss: 0.5227, clean acc: 0.8308, Top-2: 1.0000, ASR: 0.0996, RAC: 0.7985, test target accuracy: 0.7481, stage3 final accuracy: 0.8308, stage3 final target accuracy: 0.5947, stage3 final asr: 0.0996, anchor loss: 0.0388
2026-04-20 22:55:06,510 - => Stage 3 Detection Summary: recall: 0.9002, precision: 0.8325, f1: 0.8650, false positive rate: 0.1195, correction rate: 0.9000
2026-04-20 22:55:06,510 - => Stage 3 Debug (clean): suspicious=1481/12398, correction_applied=1471, prediction_changed=1471, skipped_tied_vote=0, skipped_low_margin=0, skipped_other=10
2026-04-20 22:55:06,510 - => Stage 3 Debug (poison-valid): suspicious=7381/8265, correction_applied=7379, prediction_changed=7379, skipped_tied_vote=0, skipped_low_margin=0, skipped_other=2
2026-04-20 22:55:06,511 - => Stage 3 Debug (attack-success): suspicious=7378/8196, correction_applied=7376, prediction_changed=7376, corrected_to_true=7376
2026-04-20 22:55:06,511 - => Stage 2 checkpoint score: mean(clean_acc=0.8308, recall=0.9002, correction_rate=0.9000) = 0.8770
2026-04-20 22:55:06,511 - => Save best checkpoint model...
2026-04-20 22:55:06,586 - => End Epoch: 35, early stop epochs: 0, best epoch: 35, best clean acc: 0.8308, best Top-2: 1.0000, best ASR: 0.0996, best RAC: 0.7985, anchor loss: 0.0388, best checkpoint score: 0.8770
2026-04-20 22:55:06,586 - => Stage 3 Detection Summary: recall: 0.9002, precision: 0.8325, f1: 0.8650, false positive rate: 0.1195, correction rate: 0.9000
2026-04-20 22:55:06,609 - => LFBA current anchor-derived target label: 1
2026-04-20 22:55:06,629 - =>Add Trigger to Train Data
2026-04-20 22:55:06,734 - Add Trigger to 4959 Bad Samples, 44632 Clean Samples (0.10)
2026-04-20 22:55:06,746 - => Start Training for Injecting Backdoor...
2026-04-20 22:55:06,774 - Epoch: 36, 1/194: VFL loss: 0.0864, total loss: 0.0594, anchor loss: 0.0323, VFL train accuracy: 0.9688
2026-04-20 22:55:06,997 - Epoch: 36, 11/194: VFL loss: 0.1032, total loss: 0.0672, anchor loss: 0.0312, VFL train accuracy: 0.9666
2026-04-20 22:55:07,233 - Epoch: 36, 21/194: VFL loss: 0.1083, total loss: 0.0697, anchor loss: 0.0310, VFL train accuracy: 0.9647
2026-04-20 22:55:07,491 - Epoch: 36, 31/194: VFL loss: 0.1038, total loss: 0.0674, anchor loss: 0.0311, VFL train accuracy: 0.9660
2026-04-20 22:55:07,720 - Epoch: 36, 41/194: VFL loss: 0.1025, total loss: 0.0667, anchor loss: 0.0309, VFL train accuracy: 0.9667
2026-04-20 22:55:07,941 - Epoch: 36, 51/194: VFL loss: 0.0998, total loss: 0.0653, anchor loss: 0.0308, VFL train accuracy: 0.9678
2026-04-20 22:55:08,178 - Epoch: 36, 61/194: VFL loss: 0.1002, total loss: 0.0656, anchor loss: 0.0310, VFL train accuracy: 0.9673
2026-04-20 22:55:08,392 - Epoch: 36, 71/194: VFL loss: 0.1011, total loss: 0.0660, anchor loss: 0.0309, VFL train accuracy: 0.9668
2026-04-20 22:55:08,604 - Epoch: 36, 81/194: VFL loss: 0.0999, total loss: 0.0653, anchor loss: 0.0308, VFL train accuracy: 0.9674
2026-04-20 22:55:08,818 - Epoch: 36, 91/194: VFL loss: 0.0999, total loss: 0.0653, anchor loss: 0.0308, VFL train accuracy: 0.9670
2026-04-20 22:55:09,028 - Epoch: 36, 101/194: VFL loss: 0.0993, total loss: 0.0650, anchor loss: 0.0308, VFL train accuracy: 0.9674
2026-04-20 22:55:09,263 - Epoch: 36, 111/194: VFL loss: 0.0998, total loss: 0.0653, anchor loss: 0.0308, VFL train accuracy: 0.9671
2026-04-20 22:55:09,481 - Epoch: 36, 121/194: VFL loss: 0.0996, total loss: 0.0652, anchor loss: 0.0307, VFL train accuracy: 0.9671
2026-04-20 22:55:09,687 - Epoch: 36, 131/194: VFL loss: 0.0997, total loss: 0.0652, anchor loss: 0.0308, VFL train accuracy: 0.9671
2026-04-20 22:55:09,898 - Epoch: 36, 141/194: VFL loss: 0.0998, total loss: 0.0653, anchor loss: 0.0308, VFL train accuracy: 0.9668
2026-04-20 22:55:10,131 - Epoch: 36, 151/194: VFL loss: 0.0996, total loss: 0.0652, anchor loss: 0.0308, VFL train accuracy: 0.9669
2026-04-20 22:55:10,385 - Epoch: 36, 161/194: VFL loss: 0.0997, total loss: 0.0652, anchor loss: 0.0308, VFL train accuracy: 0.9667
2026-04-20 22:55:10,625 - Epoch: 36, 171/194: VFL loss: 0.1000, total loss: 0.0654, anchor loss: 0.0308, VFL train accuracy: 0.9666
2026-04-20 22:55:10,844 - Epoch: 36, 181/194: VFL loss: 0.1002, total loss: 0.0655, anchor loss: 0.0308, VFL train accuracy: 0.9666
2026-04-20 22:55:11,048 - Epoch: 36, 191/194: VFL loss: 0.1005, total loss: 0.0656, anchor loss: 0.0308, VFL train accuracy: 0.9664
2026-04-20 22:55:11,116 - => Recorded Stage 2 client anchor losses for epoch 36 to 'results/AVGuard/stage3_gamma_sensitivity_3clients_noema_bounded_q/IEEE_CIS_FRAUD_3clients_noema_bounded_q_gamma_5.0\stage2_final_epoch_client_anchor_losses.json': {0: 0.024921, 1: 0.035481, 2: 0.031944}
2026-04-20 22:55:11,120 - => Stage 2 EMA anchor update skipped at epoch 36 because momentum=1.0000 disables EMA; eligible classes per client {0: 2, 1: 2, 2: 2}
2026-04-20 22:55:11,120 - => Stage 2 Epoch 36 Training Summary: VFL loss: 0.1004, total loss: 0.0656, anchor loss: 0.0308, VFL train accuracy: 0.9665
2026-04-20 22:55:11,121 - => Test ASR...
2026-04-20 22:55:11,127 - =>Add Trigger to Test Data
2026-04-20 22:55:11,511 - Add Trigger to 8265 Bad Samples, 4133 Clean Samples (1.00)
2026-04-20 22:55:14,023 - => Test Epoch: 36, main task samples: 12398, attack samples: 12398, test loss: 0.5462, clean acc: 0.8273, Top-2: 1.0000, ASR: 0.1089, RAC: 0.7881, test target accuracy: 0.7626, stage3 final accuracy: 0.8273, stage3 final target accuracy: 0.5821, stage3 final asr: 0.1089, anchor loss: 0.0390
2026-04-20 22:55:14,023 - => Stage 3 Detection Summary: recall: 0.8909, precision: 0.8197, f1: 0.8538, false positive rate: 0.1292, correction rate: 0.8908
2026-04-20 22:55:14,023 - => Stage 3 Debug (clean): suspicious=1602/12398, correction_applied=1594, prediction_changed=1594, skipped_tied_vote=0, skipped_low_margin=0, skipped_other=8
2026-04-20 22:55:14,023 - => Stage 3 Debug (poison-valid): suspicious=7309/8265, correction_applied=7308, prediction_changed=7308, skipped_tied_vote=0, skipped_low_margin=0, skipped_other=1
2026-04-20 22:55:14,023 - => Stage 3 Debug (attack-success): suspicious=7304/8198, correction_applied=7303, prediction_changed=7303, corrected_to_true=7303
2026-04-20 22:55:14,024 - => Stage 2 checkpoint score: mean(clean_acc=0.8273, recall=0.8909, correction_rate=0.8908) = 0.8697
2026-04-20 22:55:14,051 - => End Epoch: 36, early stop epochs: 1, best epoch: 35, best clean acc: 0.8308, best Top-2: 1.0000, best ASR: 0.0996, best RAC: 0.7985, anchor loss: 0.0388, best checkpoint score: 0.8770
2026-04-20 22:55:14,051 - => Stage 3 Detection Summary: recall: 0.9002, precision: 0.8325, f1: 0.8650, false positive rate: 0.1195, correction rate: 0.9000
2026-04-20 22:55:14,069 - => LFBA current anchor-derived target label: 1
2026-04-20 22:55:14,080 - =>Add Trigger to Train Data
2026-04-20 22:55:14,177 - Add Trigger to 4959 Bad Samples, 44632 Clean Samples (0.10)
2026-04-20 22:55:14,188 - => Start Training for Injecting Backdoor...
2026-04-20 22:55:14,213 - Epoch: 37, 1/194: VFL loss: 0.1125, total loss: 0.0694, anchor loss: 0.0263, VFL train accuracy: 0.9688
2026-04-20 22:55:14,445 - Epoch: 37, 11/194: VFL loss: 0.1080, total loss: 0.0690, anchor loss: 0.0300, VFL train accuracy: 0.9656
2026-04-20 22:55:14,685 - Epoch: 37, 21/194: VFL loss: 0.1106, total loss: 0.0707, anchor loss: 0.0308, VFL train accuracy: 0.9634
2026-04-20 22:55:14,887 - Epoch: 37, 31/194: VFL loss: 0.1057, total loss: 0.0683, anchor loss: 0.0308, VFL train accuracy: 0.9652
2026-04-20 22:55:15,116 - Epoch: 37, 41/194: VFL loss: 0.1069, total loss: 0.0690, anchor loss: 0.0311, VFL train accuracy: 0.9645
2026-04-20 22:55:15,327 - Epoch: 37, 51/194: VFL loss: 0.1073, total loss: 0.0692, anchor loss: 0.0311, VFL train accuracy: 0.9642
2026-04-20 22:55:15,537 - Epoch: 37, 61/194: VFL loss: 0.1090, total loss: 0.0701, anchor loss: 0.0313, VFL train accuracy: 0.9636
2026-04-20 22:55:15,760 - Epoch: 37, 71/194: VFL loss: 0.1088, total loss: 0.0700, anchor loss: 0.0312, VFL train accuracy: 0.9635
2026-04-20 22:55:15,992 - Epoch: 37, 81/194: VFL loss: 0.1096, total loss: 0.0704, anchor loss: 0.0312, VFL train accuracy: 0.9633
2026-04-20 22:55:16,223 - Epoch: 37, 91/194: VFL loss: 0.1091, total loss: 0.0702, anchor loss: 0.0312, VFL train accuracy: 0.9636
2026-04-20 22:55:16,430 - Epoch: 37, 101/194: VFL loss: 0.1082, total loss: 0.0696, anchor loss: 0.0310, VFL train accuracy: 0.9641
2026-04-20 22:55:16,656 - Epoch: 37, 111/194: VFL loss: 0.1093, total loss: 0.0701, anchor loss: 0.0310, VFL train accuracy: 0.9636
2026-04-20 22:55:16,873 - Epoch: 37, 121/194: VFL loss: 0.1099, total loss: 0.0704, anchor loss: 0.0309, VFL train accuracy: 0.9631
2026-04-20 22:55:17,109 - Epoch: 37, 131/194: VFL loss: 0.1099, total loss: 0.0705, anchor loss: 0.0310, VFL train accuracy: 0.9632
2026-04-20 22:55:17,346 - Epoch: 37, 141/194: VFL loss: 0.1097, total loss: 0.0703, anchor loss: 0.0309, VFL train accuracy: 0.9635
2026-04-20 22:55:17,596 - Epoch: 37, 151/194: VFL loss: 0.1094, total loss: 0.0701, anchor loss: 0.0309, VFL train accuracy: 0.9635
2026-04-20 22:55:17,839 - Epoch: 37, 161/194: VFL loss: 0.1094, total loss: 0.0701, anchor loss: 0.0309, VFL train accuracy: 0.9638
2026-04-20 22:55:18,078 - Epoch: 37, 171/194: VFL loss: 0.1084, total loss: 0.0696, anchor loss: 0.0309, VFL train accuracy: 0.9642
2026-04-20 22:55:18,303 - Epoch: 37, 181/194: VFL loss: 0.1086, total loss: 0.0697, anchor loss: 0.0309, VFL train accuracy: 0.9641
2026-04-20 22:55:18,549 - Epoch: 37, 191/194: VFL loss: 0.1088, total loss: 0.0698, anchor loss: 0.0308, VFL train accuracy: 0.9642
2026-04-20 22:55:18,625 - => Recorded Stage 2 client anchor losses for epoch 37 to 'results/AVGuard/stage3_gamma_sensitivity_3clients_noema_bounded_q/IEEE_CIS_FRAUD_3clients_noema_bounded_q_gamma_5.0\stage2_final_epoch_client_anchor_losses.json': {0: 0.024871, 1: 0.035473, 2: 0.031975}
2026-04-20 22:55:18,626 - => Stage 2 EMA anchor update skipped at epoch 37 because momentum=1.0000 disables EMA; eligible classes per client {0: 2, 1: 2, 2: 2}
2026-04-20 22:55:18,627 - => Stage 2 Epoch 37 Training Summary: VFL loss: 0.1087, total loss: 0.0697, anchor loss: 0.0308, VFL train accuracy: 0.9642
2026-04-20 22:55:18,627 - => Test ASR...
2026-04-20 22:55:18,632 - =>Add Trigger to Test Data
2026-04-20 22:55:19,027 - Add Trigger to 8265 Bad Samples, 4133 Clean Samples (1.00)
2026-04-20 22:55:21,938 - => Test Epoch: 37, main task samples: 12398, attack samples: 12398, test loss: 0.5393, clean acc: 0.8282, Top-2: 1.0000, ASR: 0.1080, RAC: 0.7879, test target accuracy: 0.7547, stage3 final accuracy: 0.8282, stage3 final target accuracy: 0.5800, stage3 final asr: 0.1080, anchor loss: 0.0390
2026-04-20 22:55:21,938 - => Stage 3 Detection Summary: recall: 0.8914, precision: 0.8236, f1: 0.8562, false positive rate: 0.1258, correction rate: 0.8914
2026-04-20 22:55:21,938 - => Stage 3 Debug (clean): suspicious=1560/12398, correction_applied=1554, prediction_changed=1554, skipped_tied_vote=0, skipped_low_margin=0, skipped_other=6
2026-04-20 22:55:21,938 - => Stage 3 Debug (poison-valid): suspicious=7304/8265, correction_applied=7304, prediction_changed=7304, skipped_tied_vote=0, skipped_low_margin=0, skipped_other=0
2026-04-20 22:55:21,938 - => Stage 3 Debug (attack-success): suspicious=7300/8189, correction_applied=7300, prediction_changed=7300, corrected_to_true=7300
2026-04-20 22:55:21,938 - => Stage 2 checkpoint score: mean(clean_acc=0.8282, recall=0.8914, correction_rate=0.8914) = 0.8704
2026-04-20 22:55:21,971 - => End Epoch: 37, early stop epochs: 2, best epoch: 35, best clean acc: 0.8308, best Top-2: 1.0000, best ASR: 0.0996, best RAC: 0.7985, anchor loss: 0.0388, best checkpoint score: 0.8770
2026-04-20 22:55:21,971 - => Stage 3 Detection Summary: recall: 0.9002, precision: 0.8325, f1: 0.8650, false positive rate: 0.1195, correction rate: 0.9000
2026-04-20 22:55:21,993 - => LFBA current anchor-derived target label: 1
2026-04-20 22:55:22,000 - =>Add Trigger to Train Data
2026-04-20 22:55:22,102 - Add Trigger to 4959 Bad Samples, 44632 Clean Samples (0.10)
2026-04-20 22:55:22,114 - => Start Training for Injecting Backdoor...
2026-04-20 22:55:22,141 - Epoch: 38, 1/194: VFL loss: 0.0892, total loss: 0.0600, anchor loss: 0.0307, VFL train accuracy: 0.9766
2026-04-20 22:55:22,364 - Epoch: 38, 11/194: VFL loss: 0.1077, total loss: 0.0695, anchor loss: 0.0313, VFL train accuracy: 0.9641
2026-04-20 22:55:22,602 - Epoch: 38, 21/194: VFL loss: 0.0981, total loss: 0.0644, anchor loss: 0.0308, VFL train accuracy: 0.9678
2026-04-20 22:55:22,838 - Epoch: 38, 31/194: VFL loss: 0.0959, total loss: 0.0633, anchor loss: 0.0308, VFL train accuracy: 0.9681
2026-04-20 22:55:23,066 - Epoch: 38, 41/194: VFL loss: 0.0974, total loss: 0.0640, anchor loss: 0.0306, VFL train accuracy: 0.9679
2026-04-20 22:55:23,315 - Epoch: 38, 51/194: VFL loss: 0.0984, total loss: 0.0645, anchor loss: 0.0307, VFL train accuracy: 0.9674
2026-04-20 22:55:23,557 - Epoch: 38, 61/194: VFL loss: 0.1005, total loss: 0.0657, anchor loss: 0.0309, VFL train accuracy: 0.9668
2026-04-20 22:55:23,810 - Epoch: 38, 71/194: VFL loss: 0.1001, total loss: 0.0655, anchor loss: 0.0309, VFL train accuracy: 0.9667
2026-04-20 22:55:24,047 - Epoch: 38, 81/194: VFL loss: 0.0977, total loss: 0.0642, anchor loss: 0.0308, VFL train accuracy: 0.9676
2026-04-20 22:55:24,290 - Epoch: 38, 91/194: VFL loss: 0.0966, total loss: 0.0637, anchor loss: 0.0307, VFL train accuracy: 0.9679
2026-04-20 22:55:24,540 - Epoch: 38, 101/194: VFL loss: 0.0969, total loss: 0.0638, anchor loss: 0.0306, VFL train accuracy: 0.9679
2026-04-20 22:55:24,772 - Epoch: 38, 111/194: VFL loss: 0.0974, total loss: 0.0641, anchor loss: 0.0307, VFL train accuracy: 0.9677
2026-04-20 22:55:25,011 - Epoch: 38, 121/194: VFL loss: 0.0979, total loss: 0.0643, anchor loss: 0.0307, VFL train accuracy: 0.9674
2026-04-20 22:55:25,238 - Epoch: 38, 131/194: VFL loss: 0.0978, total loss: 0.0642, anchor loss: 0.0306, VFL train accuracy: 0.9676
2026-04-20 22:55:25,455 - Epoch: 38, 141/194: VFL loss: 0.0972, total loss: 0.0639, anchor loss: 0.0306, VFL train accuracy: 0.9678
2026-04-20 22:55:25,688 - Epoch: 38, 151/194: VFL loss: 0.0972, total loss: 0.0639, anchor loss: 0.0305, VFL train accuracy: 0.9677
2026-04-20 22:55:25,920 - Epoch: 38, 161/194: VFL loss: 0.0973, total loss: 0.0640, anchor loss: 0.0306, VFL train accuracy: 0.9678
2026-04-20 22:55:26,144 - Epoch: 38, 171/194: VFL loss: 0.0967, total loss: 0.0636, anchor loss: 0.0306, VFL train accuracy: 0.9680
2026-04-20 22:55:26,362 - Epoch: 38, 181/194: VFL loss: 0.0972, total loss: 0.0639, anchor loss: 0.0307, VFL train accuracy: 0.9677
2026-04-20 22:55:26,593 - Epoch: 38, 191/194: VFL loss: 0.0975, total loss: 0.0641, anchor loss: 0.0307, VFL train accuracy: 0.9677
2026-04-20 22:55:26,670 - => Recorded Stage 2 client anchor losses for epoch 38 to 'results/AVGuard/stage3_gamma_sensitivity_3clients_noema_bounded_q/IEEE_CIS_FRAUD_3clients_noema_bounded_q_gamma_5.0\stage2_final_epoch_client_anchor_losses.json': {0: 0.024791, 1: 0.035465, 2: 0.031783}
2026-04-20 22:55:26,675 - => Stage 2 EMA anchor update skipped at epoch 38 because momentum=1.0000 disables EMA; eligible classes per client {0: 2, 1: 2, 2: 2}
2026-04-20 22:55:26,675 - => Stage 2 Epoch 38 Training Summary: VFL loss: 0.0975, total loss: 0.0641, anchor loss: 0.0307, VFL train accuracy: 0.9678
2026-04-20 22:55:26,675 - => Test ASR...
2026-04-20 22:55:26,681 - =>Add Trigger to Test Data
2026-04-20 22:55:27,078 - Add Trigger to 8265 Bad Samples, 4133 Clean Samples (1.00)
2026-04-20 22:55:29,884 - => Test Epoch: 38, main task samples: 12398, attack samples: 12398, test loss: 0.5775, clean acc: 0.8299, Top-2: 1.0000, ASR: 0.1100, RAC: 0.7902, test target accuracy: 0.7697, stage3 final accuracy: 0.8299, stage3 final target accuracy: 0.5906, stage3 final asr: 0.1100, anchor loss: 0.0388
2026-04-20 22:55:29,885 - => Stage 3 Detection Summary: recall: 0.8895, precision: 0.8179, f1: 0.8522, false positive rate: 0.1304, correction rate: 0.8894
2026-04-20 22:55:29,885 - => Stage 3 Debug (clean): suspicious=1617/12398, correction_applied=1603, prediction_changed=1603, skipped_tied_vote=0, skipped_low_margin=0, skipped_other=14
2026-04-20 22:55:29,885 - => Stage 3 Debug (poison-valid): suspicious=7284/8265, correction_applied=7283, prediction_changed=7283, skipped_tied_vote=0, skipped_low_margin=0, skipped_other=1
2026-04-20 22:55:29,885 - => Stage 3 Debug (attack-success): suspicious=7280/8184, correction_applied=7279, prediction_changed=7279, corrected_to_true=7279
2026-04-20 22:55:29,886 - => Stage 2 checkpoint score: mean(clean_acc=0.8299, recall=0.8895, correction_rate=0.8894) = 0.8696
2026-04-20 22:55:29,915 - => End Epoch: 38, early stop epochs: 3, best epoch: 35, best clean acc: 0.8308, best Top-2: 1.0000, best ASR: 0.0996, best RAC: 0.7985, anchor loss: 0.0388, best checkpoint score: 0.8770
2026-04-20 22:55:29,915 - => Stage 3 Detection Summary: recall: 0.9002, precision: 0.8325, f1: 0.8650, false positive rate: 0.1195, correction rate: 0.9000
2026-04-20 22:55:29,935 - => LFBA current anchor-derived target label: 1
2026-04-20 22:55:29,946 - =>Add Trigger to Train Data
2026-04-20 22:55:30,053 - Add Trigger to 4959 Bad Samples, 44632 Clean Samples (0.10)
2026-04-20 22:55:30,063 - => Start Training for Injecting Backdoor...
2026-04-20 22:55:30,090 - Epoch: 39, 1/194: VFL loss: 0.1238, total loss: 0.0794, anchor loss: 0.0349, VFL train accuracy: 0.9609
2026-04-20 22:55:30,329 - Epoch: 39, 11/194: VFL loss: 0.1126, total loss: 0.0722, anchor loss: 0.0319, VFL train accuracy: 0.9648
2026-04-20 22:55:30,572 - Epoch: 39, 21/194: VFL loss: 0.1057, total loss: 0.0682, anchor loss: 0.0307, VFL train accuracy: 0.9671
2026-04-20 22:55:30,806 - Epoch: 39, 31/194: VFL loss: 0.1010, total loss: 0.0658, anchor loss: 0.0306, VFL train accuracy: 0.9680
2026-04-20 22:55:31,065 - Epoch: 39, 41/194: VFL loss: 0.1007, total loss: 0.0656, anchor loss: 0.0304, VFL train accuracy: 0.9683
2026-04-20 22:55:31,309 - Epoch: 39, 51/194: VFL loss: 0.1041, total loss: 0.0674, anchor loss: 0.0306, VFL train accuracy: 0.9674
2026-04-20 22:55:31,546 - Epoch: 39, 61/194: VFL loss: 0.1056, total loss: 0.0682, anchor loss: 0.0307, VFL train accuracy: 0.9664
2026-04-20 22:55:31,783 - Epoch: 39, 71/194: VFL loss: 0.1030, total loss: 0.0668, anchor loss: 0.0305, VFL train accuracy: 0.9674
2026-04-20 22:55:32,023 - Epoch: 39, 81/194: VFL loss: 0.1033, total loss: 0.0670, anchor loss: 0.0306, VFL train accuracy: 0.9674
2026-04-20 22:55:32,247 - Epoch: 39, 91/194: VFL loss: 0.1049, total loss: 0.0678, anchor loss: 0.0307, VFL train accuracy: 0.9667
2026-04-20 22:55:32,476 - Epoch: 39, 101/194: VFL loss: 0.1047, total loss: 0.0677, anchor loss: 0.0307, VFL train accuracy: 0.9670
2026-04-20 22:55:32,735 - Epoch: 39, 111/194: VFL loss: 0.1054, total loss: 0.0680, anchor loss: 0.0306, VFL train accuracy: 0.9668
2026-04-20 22:55:32,953 - Epoch: 39, 121/194: VFL loss: 0.1046, total loss: 0.0676, anchor loss: 0.0305, VFL train accuracy: 0.9670
2026-04-20 22:55:33,194 - Epoch: 39, 131/194: VFL loss: 0.1057, total loss: 0.0682, anchor loss: 0.0306, VFL train accuracy: 0.9667
2026-04-20 22:55:33,437 - Epoch: 39, 141/194: VFL loss: 0.1061, total loss: 0.0683, anchor loss: 0.0306, VFL train accuracy: 0.9663
2026-04-20 22:55:33,691 - Epoch: 39, 151/194: VFL loss: 0.1061, total loss: 0.0684, anchor loss: 0.0307, VFL train accuracy: 0.9662
2026-04-20 22:55:33,919 - Epoch: 39, 161/194: VFL loss: 0.1061, total loss: 0.0684, anchor loss: 0.0307, VFL train accuracy: 0.9662
2026-04-20 22:55:34,157 - Epoch: 39, 171/194: VFL loss: 0.1065, total loss: 0.0686, anchor loss: 0.0307, VFL train accuracy: 0.9658
2026-04-20 22:55:34,388 - Epoch: 39, 181/194: VFL loss: 0.1061, total loss: 0.0684, anchor loss: 0.0307, VFL train accuracy: 0.9659
2026-04-20 22:55:34,636 - Epoch: 39, 191/194: VFL loss: 0.1057, total loss: 0.0682, anchor loss: 0.0307, VFL train accuracy: 0.9661
2026-04-20 22:55:34,728 - => Recorded Stage 2 client anchor losses for epoch 39 to 'results/AVGuard/stage3_gamma_sensitivity_3clients_noema_bounded_q/IEEE_CIS_FRAUD_3clients_noema_bounded_q_gamma_5.0\stage2_final_epoch_client_anchor_losses.json': {0: 0.024796, 1: 0.03542, 2: 0.031915}
2026-04-20 22:55:34,731 - => Stage 2 EMA anchor update skipped at epoch 39 because momentum=1.0000 disables EMA; eligible classes per client {0: 2, 1: 2, 2: 2}
2026-04-20 22:55:34,731 - => Stage 2 Epoch 39 Training Summary: VFL loss: 0.1059, total loss: 0.0683, anchor loss: 0.0307, VFL train accuracy: 0.9661
2026-04-20 22:55:34,731 - => Test ASR...
2026-04-20 22:55:34,738 - =>Add Trigger to Test Data
2026-04-20 22:55:35,135 - Add Trigger to 8265 Bad Samples, 4133 Clean Samples (1.00)
2026-04-20 22:55:38,019 - => Test Epoch: 39, main task samples: 12398, attack samples: 12398, test loss: 0.5532, clean acc: 0.8285, Top-2: 1.0000, ASR: 0.1010, RAC: 0.7939, test target accuracy: 0.7457, stage3 final accuracy: 0.8285, stage3 final target accuracy: 0.5838, stage3 final asr: 0.1010, anchor loss: 0.0389
2026-04-20 22:55:38,019 - => Stage 3 Detection Summary: recall: 0.8983, precision: 0.8295, f1: 0.8625, false positive rate: 0.1217, correction rate: 0.8982
2026-04-20 22:55:38,019 - => Stage 3 Debug (clean): suspicious=1509/12398, correction_applied=1501, prediction_changed=1501, skipped_tied_vote=0, skipped_low_margin=0, skipped_other=8
2026-04-20 22:55:38,019 - => Stage 3 Debug (poison-valid): suspicious=7352/8265, correction_applied=7351, prediction_changed=7351, skipped_tied_vote=0, skipped_low_margin=0, skipped_other=1
2026-04-20 22:55:38,019 - => Stage 3 Debug (attack-success): suspicious=7350/8182, correction_applied=7349, prediction_changed=7349, corrected_to_true=7349
2026-04-20 22:55:38,019 - => Stage 2 checkpoint score: mean(clean_acc=0.8285, recall=0.8983, correction_rate=0.8982) = 0.8750
2026-04-20 22:55:38,048 - => End Epoch: 39, early stop epochs: 4, best epoch: 35, best clean acc: 0.8308, best Top-2: 1.0000, best ASR: 0.0996, best RAC: 0.7985, anchor loss: 0.0388, best checkpoint score: 0.8770
2026-04-20 22:55:38,048 - => Stage 3 Detection Summary: recall: 0.9002, precision: 0.8325, f1: 0.8650, false positive rate: 0.1195, correction rate: 0.9000
2026-04-20 22:55:38,068 - => LFBA current anchor-derived target label: 1
2026-04-20 22:55:38,077 - =>Add Trigger to Train Data
2026-04-20 22:55:38,186 - Add Trigger to 4959 Bad Samples, 44632 Clean Samples (0.10)
2026-04-20 22:55:38,198 - => Start Training for Injecting Backdoor...
2026-04-20 22:55:38,221 - Epoch: 40, 1/194: VFL loss: 0.0828, total loss: 0.0567, anchor loss: 0.0306, VFL train accuracy: 0.9648
2026-04-20 22:55:38,477 - Epoch: 40, 11/194: VFL loss: 0.0937, total loss: 0.0623, anchor loss: 0.0308, VFL train accuracy: 0.9695
2026-04-20 22:55:38,738 - Epoch: 40, 21/194: VFL loss: 0.0917, total loss: 0.0612, anchor loss: 0.0308, VFL train accuracy: 0.9712
2026-04-20 22:55:38,983 - Epoch: 40, 31/194: VFL loss: 0.0902, total loss: 0.0605, anchor loss: 0.0307, VFL train accuracy: 0.9722
2026-04-20 22:55:39,221 - Epoch: 40, 41/194: VFL loss: 0.0966, total loss: 0.0637, anchor loss: 0.0308, VFL train accuracy: 0.9699
2026-04-20 22:55:39,456 - Epoch: 40, 51/194: VFL loss: 0.0969, total loss: 0.0637, anchor loss: 0.0306, VFL train accuracy: 0.9694
2026-04-20 22:55:39,712 - Epoch: 40, 61/194: VFL loss: 0.1001, total loss: 0.0654, anchor loss: 0.0306, VFL train accuracy: 0.9683
2026-04-20 22:55:39,948 - Epoch: 40, 71/194: VFL loss: 0.1020, total loss: 0.0664, anchor loss: 0.0308, VFL train accuracy: 0.9673
2026-04-20 22:55:40,174 - Epoch: 40, 81/194: VFL loss: 0.1020, total loss: 0.0665, anchor loss: 0.0309, VFL train accuracy: 0.9672
2026-04-20 22:55:40,406 - Epoch: 40, 91/194: VFL loss: 0.1009, total loss: 0.0659, anchor loss: 0.0309, VFL train accuracy: 0.9676
2026-04-20 22:55:40,642 - Epoch: 40, 101/194: VFL loss: 0.0999, total loss: 0.0654, anchor loss: 0.0309, VFL train accuracy: 0.9679
2026-04-20 22:55:40,877 - Epoch: 40, 111/194: VFL loss: 0.0994, total loss: 0.0651, anchor loss: 0.0308, VFL train accuracy: 0.9677
2026-04-20 22:55:41,122 - Epoch: 40, 121/194: VFL loss: 0.0984, total loss: 0.0646, anchor loss: 0.0308, VFL train accuracy: 0.9678
2026-04-20 22:55:41,370 - Epoch: 40, 131/194: VFL loss: 0.0981, total loss: 0.0644, anchor loss: 0.0308, VFL train accuracy: 0.9679
2026-04-20 22:55:41,618 - Epoch: 40, 141/194: VFL loss: 0.0976, total loss: 0.0642, anchor loss: 0.0308, VFL train accuracy: 0.9679
2026-04-20 22:55:41,852 - Epoch: 40, 151/194: VFL loss: 0.0958, total loss: 0.0632, anchor loss: 0.0307, VFL train accuracy: 0.9686
2026-04-20 22:55:42,066 - Epoch: 40, 161/194: VFL loss: 0.0957, total loss: 0.0632, anchor loss: 0.0307, VFL train accuracy: 0.9687
2026-04-20 22:55:42,313 - Epoch: 40, 171/194: VFL loss: 0.0959, total loss: 0.0633, anchor loss: 0.0307, VFL train accuracy: 0.9686
2026-04-20 22:55:42,550 - Epoch: 40, 181/194: VFL loss: 0.0959, total loss: 0.0633, anchor loss: 0.0307, VFL train accuracy: 0.9684
2026-04-20 22:55:42,788 - Epoch: 40, 191/194: VFL loss: 0.0956, total loss: 0.0631, anchor loss: 0.0307, VFL train accuracy: 0.9685
2026-04-20 22:55:42,861 - => Recorded Stage 2 client anchor losses for epoch 40 to 'results/AVGuard/stage3_gamma_sensitivity_3clients_noema_bounded_q/IEEE_CIS_FRAUD_3clients_noema_bounded_q_gamma_5.0\stage2_final_epoch_client_anchor_losses.json': {0: 0.024754, 1: 0.035436, 2: 0.031783}
2026-04-20 22:55:42,862 - => Stage 2 EMA anchor update skipped at epoch 40 because momentum=1.0000 disables EMA; eligible classes per client {0: 2, 1: 2, 2: 2}
2026-04-20 22:55:42,862 - => Stage 2 Epoch 40 Training Summary: VFL loss: 0.0953, total loss: 0.0630, anchor loss: 0.0307, VFL train accuracy: 0.9686
2026-04-20 22:55:42,862 - => Test ASR...
2026-04-20 22:55:42,867 - =>Add Trigger to Test Data
2026-04-20 22:55:43,266 - Add Trigger to 8265 Bad Samples, 4133 Clean Samples (1.00)
2026-04-20 22:55:46,000 - => Test Epoch: 40, main task samples: 12398, attack samples: 12398, test loss: 0.5849, clean acc: 0.8290, Top-2: 1.0000, ASR: 0.1015, RAC: 0.7903, test target accuracy: 0.7387, stage3 final accuracy: 0.8290, stage3 final target accuracy: 0.5739, stage3 final asr: 0.1015, anchor loss: 0.0391
2026-04-20 22:55:46,001 - => Stage 3 Detection Summary: recall: 0.8981, precision: 0.8313, f1: 0.8634, false positive rate: 0.1195, correction rate: 0.8981
2026-04-20 22:55:46,001 - => Stage 3 Debug (clean): suspicious=1482/12398, correction_applied=1470, prediction_changed=1470, skipped_tied_vote=0, skipped_low_margin=0, skipped_other=12
2026-04-20 22:55:46,001 - => Stage 3 Debug (poison-valid): suspicious=7342/8265, correction_applied=7342, prediction_changed=7342, skipped_tied_vote=0, skipped_low_margin=0, skipped_other=0
2026-04-20 22:55:46,001 - => Stage 3 Debug (attack-success): suspicious=7335/8167, correction_applied=7335, prediction_changed=7335, corrected_to_true=7335
2026-04-20 22:55:46,001 - => Stage 2 checkpoint score: mean(clean_acc=0.8290, recall=0.8981, correction_rate=0.8981) = 0.8751
2026-04-20 22:55:46,028 - => End Epoch: 40, early stop epochs: 5, best epoch: 35, best clean acc: 0.8308, best Top-2: 1.0000, best ASR: 0.0996, best RAC: 0.7985, anchor loss: 0.0388, best checkpoint score: 0.8770
2026-04-20 22:55:46,029 - => Stage 3 Detection Summary: recall: 0.9002, precision: 0.8325, f1: 0.8650, false positive rate: 0.1195, correction rate: 0.9000
2026-04-20 22:55:46,048 - => LFBA current anchor-derived target label: 1
2026-04-20 22:55:46,060 - =>Add Trigger to Train Data
2026-04-20 22:55:46,169 - Add Trigger to 4959 Bad Samples, 44632 Clean Samples (0.10)
2026-04-20 22:55:46,180 - => Start Training for Injecting Backdoor...
2026-04-20 22:55:46,205 - Epoch: 41, 1/194: VFL loss: 0.1145, total loss: 0.0723, anchor loss: 0.0301, VFL train accuracy: 0.9609
2026-04-20 22:55:46,433 - Epoch: 41, 11/194: VFL loss: 0.1078, total loss: 0.0691, anchor loss: 0.0303, VFL train accuracy: 0.9648
2026-04-20 22:55:46,632 - Epoch: 41, 21/194: VFL loss: 0.1069, total loss: 0.0690, anchor loss: 0.0312, VFL train accuracy: 0.9648
2026-04-20 22:55:46,890 - Epoch: 41, 31/194: VFL loss: 0.1074, total loss: 0.0692, anchor loss: 0.0309, VFL train accuracy: 0.9652
2026-04-20 22:55:47,111 - Epoch: 41, 41/194: VFL loss: 0.1032, total loss: 0.0669, anchor loss: 0.0305, VFL train accuracy: 0.9662
2026-04-20 22:55:47,343 - Epoch: 41, 51/194: VFL loss: 0.1025, total loss: 0.0664, anchor loss: 0.0303, VFL train accuracy: 0.9666
2026-04-20 22:55:47,724 - Epoch: 41, 61/194: VFL loss: 0.1030, total loss: 0.0666, anchor loss: 0.0302, VFL train accuracy: 0.9665
2026-04-20 22:55:47,949 - Epoch: 41, 71/194: VFL loss: 0.1034, total loss: 0.0669, anchor loss: 0.0304, VFL train accuracy: 0.9665
2026-04-20 22:55:48,173 - Epoch: 41, 81/194: VFL loss: 0.1032, total loss: 0.0668, anchor loss: 0.0304, VFL train accuracy: 0.9666
2026-04-20 22:55:48,408 - Epoch: 41, 91/194: VFL loss: 0.1018, total loss: 0.0661, anchor loss: 0.0303, VFL train accuracy: 0.9674
2026-04-20 22:55:48,651 - Epoch: 41, 101/194: VFL loss: 0.1030, total loss: 0.0667, anchor loss: 0.0305, VFL train accuracy: 0.9669
2026-04-20 22:55:48,896 - Epoch: 41, 111/194: VFL loss: 0.1018, total loss: 0.0662, anchor loss: 0.0305, VFL train accuracy: 0.9677
2026-04-20 22:55:49,131 - Epoch: 41, 121/194: VFL loss: 0.1007, total loss: 0.0656, anchor loss: 0.0305, VFL train accuracy: 0.9681
2026-04-20 22:55:49,378 - Epoch: 41, 131/194: VFL loss: 0.0999, total loss: 0.0652, anchor loss: 0.0304, VFL train accuracy: 0.9682
2026-04-20 22:55:49,621 - Epoch: 41, 141/194: VFL loss: 0.1007, total loss: 0.0655, anchor loss: 0.0304, VFL train accuracy: 0.9683
2026-04-20 22:55:49,864 - Epoch: 41, 151/194: VFL loss: 0.1003, total loss: 0.0654, anchor loss: 0.0304, VFL train accuracy: 0.9684
2026-04-20 22:55:50,103 - Epoch: 41, 161/194: VFL loss: 0.1009, total loss: 0.0657, anchor loss: 0.0305, VFL train accuracy: 0.9684
2026-04-20 22:55:50,337 - Epoch: 41, 171/194: VFL loss: 0.1010, total loss: 0.0657, anchor loss: 0.0304, VFL train accuracy: 0.9683
2026-04-20 22:55:50,579 - Epoch: 41, 181/194: VFL loss: 0.1013, total loss: 0.0659, anchor loss: 0.0305, VFL train accuracy: 0.9682
2026-04-20 22:55:50,812 - Epoch: 41, 191/194: VFL loss: 0.1019, total loss: 0.0662, anchor loss: 0.0305, VFL train accuracy: 0.9680
2026-04-20 22:55:50,878 - => Recorded Stage 2 client anchor losses for epoch 41 to 'results/AVGuard/stage3_gamma_sensitivity_3clients_noema_bounded_q/IEEE_CIS_FRAUD_3clients_noema_bounded_q_gamma_5.0\stage2_final_epoch_client_anchor_losses.json': {0: 0.024505, 1: 0.035375, 2: 0.031683}
2026-04-20 22:55:50,879 - => Stage 2 EMA anchor update skipped at epoch 41 because momentum=1.0000 disables EMA; eligible classes per client {0: 2, 1: 2, 2: 2}
2026-04-20 22:55:50,879 - => Stage 2 Epoch 41 Training Summary: VFL loss: 0.1015, total loss: 0.0660, anchor loss: 0.0305, VFL train accuracy: 0.9681
2026-04-20 22:55:50,879 - => Test ASR...
2026-04-20 22:55:50,884 - =>Add Trigger to Test Data
2026-04-20 22:55:51,313 - Add Trigger to 8265 Bad Samples, 4133 Clean Samples (1.00)
2026-04-20 22:55:54,177 - => Test Epoch: 41, main task samples: 12398, attack samples: 12398, test loss: 0.5850, clean acc: 0.8296, Top-2: 1.0000, ASR: 0.1093, RAC: 0.7888, test target accuracy: 0.7607, stage3 final accuracy: 0.8296, stage3 final target accuracy: 0.5848, stage3 final asr: 0.1093, anchor loss: 0.0389
2026-04-20 22:55:54,177 - => Stage 3 Detection Summary: recall: 0.8902, precision: 0.8183, f1: 0.8527, false positive rate: 0.1303, correction rate: 0.8900
2026-04-20 22:55:54,177 - => Stage 3 Debug (clean): suspicious=1615/12398, correction_applied=1603, prediction_changed=1603, skipped_tied_vote=0, skipped_low_margin=0, skipped_other=12
2026-04-20 22:55:54,178 - => Stage 3 Debug (poison-valid): suspicious=7288/8265, correction_applied=7287, prediction_changed=7287, skipped_tied_vote=0, skipped_low_margin=0, skipped_other=1
2026-04-20 22:55:54,178 - => Stage 3 Debug (attack-success): suspicious=7285/8184, correction_applied=7284, prediction_changed=7284, corrected_to_true=7284
2026-04-20 22:55:54,178 - => Stage 2 checkpoint score: mean(clean_acc=0.8296, recall=0.8902, correction_rate=0.8900) = 0.8699
2026-04-20 22:55:54,207 - => End Epoch: 41, early stop epochs: 6, best epoch: 35, best clean acc: 0.8308, best Top-2: 1.0000, best ASR: 0.0996, best RAC: 0.7985, anchor loss: 0.0388, best checkpoint score: 0.8770
2026-04-20 22:55:54,207 - => Stage 3 Detection Summary: recall: 0.9002, precision: 0.8325, f1: 0.8650, false positive rate: 0.1195, correction rate: 0.9000
2026-04-20 22:55:54,225 - => LFBA current anchor-derived target label: 1
2026-04-20 22:55:54,234 - =>Add Trigger to Train Data
2026-04-20 22:55:54,343 - Add Trigger to 4959 Bad Samples, 44632 Clean Samples (0.10)
2026-04-20 22:55:54,354 - => Start Training for Injecting Backdoor...
2026-04-20 22:55:54,380 - Epoch: 42, 1/194: VFL loss: 0.1148, total loss: 0.0728, anchor loss: 0.0309, VFL train accuracy: 0.9609
2026-04-20 22:55:54,638 - Epoch: 42, 11/194: VFL loss: 0.0880, total loss: 0.0596, anchor loss: 0.0313, VFL train accuracy: 0.9744
2026-04-20 22:55:54,891 - Epoch: 42, 21/194: VFL loss: 0.0895, total loss: 0.0602, anchor loss: 0.0309, VFL train accuracy: 0.9725
2026-04-20 22:55:55,148 - Epoch: 42, 31/194: VFL loss: 0.0889, total loss: 0.0599, anchor loss: 0.0308, VFL train accuracy: 0.9725
2026-04-20 22:55:55,395 - Epoch: 42, 41/194: VFL loss: 0.0912, total loss: 0.0610, anchor loss: 0.0308, VFL train accuracy: 0.9717
2026-04-20 22:55:55,638 - Epoch: 42, 51/194: VFL loss: 0.0926, total loss: 0.0616, anchor loss: 0.0307, VFL train accuracy: 0.9710
2026-04-20 22:55:55,858 - Epoch: 42, 61/194: VFL loss: 0.0916, total loss: 0.0612, anchor loss: 0.0307, VFL train accuracy: 0.9715
2026-04-20 22:55:56,099 - Epoch: 42, 71/194: VFL loss: 0.0910, total loss: 0.0608, anchor loss: 0.0305, VFL train accuracy: 0.9716
2026-04-20 22:55:56,333 - Epoch: 42, 81/194: VFL loss: 0.0905, total loss: 0.0605, anchor loss: 0.0305, VFL train accuracy: 0.9716
2026-04-20 22:55:56,566 - Epoch: 42, 91/194: VFL loss: 0.0897, total loss: 0.0601, anchor loss: 0.0306, VFL train accuracy: 0.9718
2026-04-20 22:55:56,769 - Epoch: 42, 101/194: VFL loss: 0.0892, total loss: 0.0599, anchor loss: 0.0306, VFL train accuracy: 0.9718
2026-04-20 22:55:56,977 - Epoch: 42, 111/194: VFL loss: 0.0880, total loss: 0.0593, anchor loss: 0.0305, VFL train accuracy: 0.9724
2026-04-20 22:55:57,211 - Epoch: 42, 121/194: VFL loss: 0.0887, total loss: 0.0596, anchor loss: 0.0305, VFL train accuracy: 0.9721
2026-04-20 22:55:57,454 - Epoch: 42, 131/194: VFL loss: 0.0896, total loss: 0.0601, anchor loss: 0.0305, VFL train accuracy: 0.9720
2026-04-20 22:55:57,696 - Epoch: 42, 141/194: VFL loss: 0.0899, total loss: 0.0603, anchor loss: 0.0306, VFL train accuracy: 0.9719
2026-04-20 22:55:57,918 - Epoch: 42, 151/194: VFL loss: 0.0895, total loss: 0.0600, anchor loss: 0.0306, VFL train accuracy: 0.9719
2026-04-20 22:55:58,164 - Epoch: 42, 161/194: VFL loss: 0.0897, total loss: 0.0601, anchor loss: 0.0305, VFL train accuracy: 0.9717
2026-04-20 22:55:58,413 - Epoch: 42, 171/194: VFL loss: 0.0897, total loss: 0.0601, anchor loss: 0.0305, VFL train accuracy: 0.9717
2026-04-20 22:55:58,660 - Epoch: 42, 181/194: VFL loss: 0.0897, total loss: 0.0601, anchor loss: 0.0306, VFL train accuracy: 0.9716
2026-04-20 22:55:58,896 - Epoch: 42, 191/194: VFL loss: 0.0891, total loss: 0.0598, anchor loss: 0.0305, VFL train accuracy: 0.9718
2026-04-20 22:55:58,969 - => Recorded Stage 2 client anchor losses for epoch 42 to 'results/AVGuard/stage3_gamma_sensitivity_3clients_noema_bounded_q/IEEE_CIS_FRAUD_3clients_noema_bounded_q_gamma_5.0\stage2_final_epoch_client_anchor_losses.json': {0: 0.024406, 1: 0.035361, 2: 0.03165}
2026-04-20 22:55:58,970 - => Stage 2 EMA anchor update skipped at epoch 42 because momentum=1.0000 disables EMA; eligible classes per client {0: 2, 1: 2, 2: 2}
2026-04-20 22:55:58,970 - => Stage 2 Epoch 42 Training Summary: VFL loss: 0.0894, total loss: 0.0599, anchor loss: 0.0305, VFL train accuracy: 0.9717
2026-04-20 22:55:58,970 - => Test ASR...
2026-04-20 22:55:58,976 - =>Add Trigger to Test Data
2026-04-20 22:55:59,370 - Add Trigger to 8265 Bad Samples, 4133 Clean Samples (1.00)
2026-04-20 22:56:01,983 - => Test Epoch: 42, main task samples: 12398, attack samples: 12398, test loss: 0.5933, clean acc: 0.8296, Top-2: 1.0000, ASR: 0.1090, RAC: 0.7905, test target accuracy: 0.7624, stage3 final accuracy: 0.8296, stage3 final target accuracy: 0.5896, stage3 final asr: 0.1090, anchor loss: 0.0388
2026-04-20 22:56:01,983 - => Stage 3 Detection Summary: recall: 0.8906, precision: 0.8195, f1: 0.8535, false positive rate: 0.1292, correction rate: 0.8904
2026-04-20 22:56:01,983 - => Stage 3 Debug (clean): suspicious=1602/12398, correction_applied=1590, prediction_changed=1590, skipped_tied_vote=0, skipped_low_margin=0, skipped_other=12
2026-04-20 22:56:01,983 - => Stage 3 Debug (poison-valid): suspicious=7295/8265, correction_applied=7294, prediction_changed=7294, skipped_tied_vote=0, skipped_low_margin=0, skipped_other=1
2026-04-20 22:56:01,983 - => Stage 3 Debug (attack-success): suspicious=7291/8187, correction_applied=7290, prediction_changed=7290, corrected_to_true=7290
2026-04-20 22:56:01,983 - => Stage 2 checkpoint score: mean(clean_acc=0.8296, recall=0.8906, correction_rate=0.8904) = 0.8702
2026-04-20 22:56:02,009 - => End Epoch: 42, early stop epochs: 7, best epoch: 35, best clean acc: 0.8308, best Top-2: 1.0000, best ASR: 0.0996, best RAC: 0.7985, anchor loss: 0.0388, best checkpoint score: 0.8770
2026-04-20 22:56:02,009 - => Stage 3 Detection Summary: recall: 0.9002, precision: 0.8325, f1: 0.8650, false positive rate: 0.1195, correction rate: 0.9000
2026-04-20 22:56:02,028 - => LFBA current anchor-derived target label: 1
2026-04-20 22:56:02,039 - =>Add Trigger to Train Data
2026-04-20 22:56:02,140 - Add Trigger to 4959 Bad Samples, 44632 Clean Samples (0.10)
2026-04-20 22:56:02,151 - => Start Training for Injecting Backdoor...
2026-04-20 22:56:02,179 - Epoch: 43, 1/194: VFL loss: 0.1211, total loss: 0.0770, anchor loss: 0.0328, VFL train accuracy: 0.9648
2026-04-20 22:56:02,397 - Epoch: 43, 11/194: VFL loss: 0.1021, total loss: 0.0671, anchor loss: 0.0321, VFL train accuracy: 0.9673
2026-04-20 22:56:02,630 - Epoch: 43, 21/194: VFL loss: 0.0983, total loss: 0.0648, anchor loss: 0.0312, VFL train accuracy: 0.9691
2026-04-20 22:56:02,876 - Epoch: 43, 31/194: VFL loss: 0.0958, total loss: 0.0634, anchor loss: 0.0311, VFL train accuracy: 0.9698
2026-04-20 22:56:03,128 - Epoch: 43, 41/194: VFL loss: 0.0965, total loss: 0.0638, anchor loss: 0.0310, VFL train accuracy: 0.9693
2026-04-20 22:56:03,393 - Epoch: 43, 51/194: VFL loss: 0.0954, total loss: 0.0632, anchor loss: 0.0309, VFL train accuracy: 0.9696
2026-04-20 22:56:03,657 - Epoch: 43, 61/194: VFL loss: 0.0948, total loss: 0.0628, anchor loss: 0.0307, VFL train accuracy: 0.9696
2026-04-20 22:56:03,918 - Epoch: 43, 71/194: VFL loss: 0.0975, total loss: 0.0641, anchor loss: 0.0306, VFL train accuracy: 0.9692
2026-04-20 22:56:04,136 - Epoch: 43, 81/194: VFL loss: 0.0985, total loss: 0.0645, anchor loss: 0.0305, VFL train accuracy: 0.9691
2026-04-20 22:56:04,359 - Epoch: 43, 91/194: VFL loss: 0.1007, total loss: 0.0657, anchor loss: 0.0307, VFL train accuracy: 0.9686
2026-04-20 22:56:04,590 - Epoch: 43, 101/194: VFL loss: 0.1010, total loss: 0.0659, anchor loss: 0.0307, VFL train accuracy: 0.9683
2026-04-20 22:56:04,822 - Epoch: 43, 111/194: VFL loss: 0.1004, total loss: 0.0656, anchor loss: 0.0308, VFL train accuracy: 0.9685
2026-04-20 22:56:05,056 - Epoch: 43, 121/194: VFL loss: 0.1010, total loss: 0.0659, anchor loss: 0.0307, VFL train accuracy: 0.9682
2026-04-20 22:56:05,283 - Epoch: 43, 131/194: VFL loss: 0.1017, total loss: 0.0662, anchor loss: 0.0308, VFL train accuracy: 0.9679
2026-04-20 22:56:05,525 - Epoch: 43, 141/194: VFL loss: 0.1011, total loss: 0.0659, anchor loss: 0.0306, VFL train accuracy: 0.9683
2026-04-20 22:56:05,761 - Epoch: 43, 151/194: VFL loss: 0.1014, total loss: 0.0660, anchor loss: 0.0306, VFL train accuracy: 0.9682
2026-04-20 22:56:05,999 - Epoch: 43, 161/194: VFL loss: 0.1002, total loss: 0.0654, anchor loss: 0.0305, VFL train accuracy: 0.9684
2026-04-20 22:56:06,233 - Epoch: 43, 171/194: VFL loss: 0.0997, total loss: 0.0651, anchor loss: 0.0304, VFL train accuracy: 0.9688
2026-04-20 22:56:06,476 - Epoch: 43, 181/194: VFL loss: 0.0998, total loss: 0.0651, anchor loss: 0.0304, VFL train accuracy: 0.9688
2026-04-20 22:56:06,720 - Epoch: 43, 191/194: VFL loss: 0.0995, total loss: 0.0650, anchor loss: 0.0304, VFL train accuracy: 0.9688
2026-04-20 22:56:06,797 - => Recorded Stage 2 client anchor losses for epoch 43 to 'results/AVGuard/stage3_gamma_sensitivity_3clients_noema_bounded_q/IEEE_CIS_FRAUD_3clients_noema_bounded_q_gamma_5.0\stage2_final_epoch_client_anchor_losses.json': {0: 0.024389, 1: 0.035359, 2: 0.031571}
2026-04-20 22:56:06,801 - => Stage 2 EMA anchor update skipped at epoch 43 because momentum=1.0000 disables EMA; eligible classes per client {0: 2, 1: 2, 2: 2}
2026-04-20 22:56:06,802 - => Stage 2 Epoch 43 Training Summary: VFL loss: 0.0997, total loss: 0.0650, anchor loss: 0.0304, VFL train accuracy: 0.9687
2026-04-20 22:56:06,802 - => Test ASR...
2026-04-20 22:56:06,808 - =>Add Trigger to Test Data
2026-04-20 22:56:07,270 - Add Trigger to 8265 Bad Samples, 4133 Clean Samples (1.00)
2026-04-20 22:56:10,297 - => Test Epoch: 43, main task samples: 12398, attack samples: 12398, test loss: 0.5879, clean acc: 0.8292, Top-2: 1.0000, ASR: 0.1077, RAC: 0.7895, test target accuracy: 0.7593, stage3 final accuracy: 0.8292, stage3 final target accuracy: 0.5838, stage3 final asr: 0.1077, anchor loss: 0.0389
2026-04-20 22:56:10,297 - => Stage 3 Detection Summary: recall: 0.8919, precision: 0.8194, f1: 0.8541, false positive rate: 0.1295, correction rate: 0.8917
2026-04-20 22:56:10,297 - => Stage 3 Debug (clean): suspicious=1605/12398, correction_applied=1590, prediction_changed=1590, skipped_tied_vote=0, skipped_low_margin=0, skipped_other=15
2026-04-20 22:56:10,297 - => Stage 3 Debug (poison-valid): suspicious=7303/8265, correction_applied=7302, prediction_changed=7302, skipped_tied_vote=0, skipped_low_margin=0, skipped_other=1
2026-04-20 22:56:10,297 - => Stage 3 Debug (attack-success): suspicious=7299/8184, correction_applied=7298, prediction_changed=7298, corrected_to_true=7298
2026-04-20 22:56:10,298 - => Stage 2 checkpoint score: mean(clean_acc=0.8292, recall=0.8919, correction_rate=0.8917) = 0.8709
2026-04-20 22:56:10,328 - => End Epoch: 43, early stop epochs: 8, best epoch: 35, best clean acc: 0.8308, best Top-2: 1.0000, best ASR: 0.0996, best RAC: 0.7985, anchor loss: 0.0388, best checkpoint score: 0.8770
2026-04-20 22:56:10,328 - => Stage 3 Detection Summary: recall: 0.9002, precision: 0.8325, f1: 0.8650, false positive rate: 0.1195, correction rate: 0.9000
2026-04-20 22:56:10,348 - => LFBA current anchor-derived target label: 1
2026-04-20 22:56:10,358 - =>Add Trigger to Train Data
2026-04-20 22:56:10,469 - Add Trigger to 4959 Bad Samples, 44632 Clean Samples (0.10)
2026-04-20 22:56:10,481 - => Start Training for Injecting Backdoor...
2026-04-20 22:56:10,508 - Epoch: 44, 1/194: VFL loss: 0.1074, total loss: 0.0681, anchor loss: 0.0288, VFL train accuracy: 0.9609
2026-04-20 22:56:10,772 - Epoch: 44, 11/194: VFL loss: 0.0889, total loss: 0.0595, anchor loss: 0.0301, VFL train accuracy: 0.9705
2026-04-20 22:56:11,040 - Epoch: 44, 21/194: VFL loss: 0.0903, total loss: 0.0603, anchor loss: 0.0302, VFL train accuracy: 0.9706
2026-04-20 22:56:11,304 - Epoch: 44, 31/194: VFL loss: 0.0892, total loss: 0.0600, anchor loss: 0.0308, VFL train accuracy: 0.9713
2026-04-20 22:56:11,546 - Epoch: 44, 41/194: VFL loss: 0.0887, total loss: 0.0597, anchor loss: 0.0308, VFL train accuracy: 0.9717
2026-04-20 22:56:11,799 - Epoch: 44, 51/194: VFL loss: 0.0885, total loss: 0.0595, anchor loss: 0.0306, VFL train accuracy: 0.9717
2026-04-20 22:56:12,063 - Epoch: 44, 61/194: VFL loss: 0.0909, total loss: 0.0607, anchor loss: 0.0306, VFL train accuracy: 0.9709
2026-04-20 22:56:12,325 - Epoch: 44, 71/194: VFL loss: 0.0904, total loss: 0.0605, anchor loss: 0.0307, VFL train accuracy: 0.9710
2026-04-20 22:56:12,560 - Epoch: 44, 81/194: VFL loss: 0.0898, total loss: 0.0602, anchor loss: 0.0307, VFL train accuracy: 0.9711
2026-04-20 22:56:12,801 - Epoch: 44, 91/194: VFL loss: 0.0904, total loss: 0.0605, anchor loss: 0.0306, VFL train accuracy: 0.9711
2026-04-20 22:56:13,046 - Epoch: 44, 101/194: VFL loss: 0.0893, total loss: 0.0600, anchor loss: 0.0306, VFL train accuracy: 0.9717
2026-04-20 22:56:13,281 - Epoch: 44, 111/194: VFL loss: 0.0891, total loss: 0.0598, anchor loss: 0.0305, VFL train accuracy: 0.9717
2026-04-20 22:56:13,525 - Epoch: 44, 121/194: VFL loss: 0.0888, total loss: 0.0596, anchor loss: 0.0305, VFL train accuracy: 0.9718
2026-04-20 22:56:13,911 - Epoch: 44, 131/194: VFL loss: 0.0896, total loss: 0.0601, anchor loss: 0.0306, VFL train accuracy: 0.9715
2026-04-20 22:56:14,142 - Epoch: 44, 141/194: VFL loss: 0.0893, total loss: 0.0599, anchor loss: 0.0306, VFL train accuracy: 0.9714
2026-04-20 22:56:14,396 - Epoch: 44, 151/194: VFL loss: 0.0905, total loss: 0.0605, anchor loss: 0.0306, VFL train accuracy: 0.9711
2026-04-20 22:56:14,635 - Epoch: 44, 161/194: VFL loss: 0.0901, total loss: 0.0603, anchor loss: 0.0305, VFL train accuracy: 0.9713
2026-04-20 22:56:14,861 - Epoch: 44, 171/194: VFL loss: 0.0902, total loss: 0.0604, anchor loss: 0.0305, VFL train accuracy: 0.9713
2026-04-20 22:56:15,098 - Epoch: 44, 181/194: VFL loss: 0.0894, total loss: 0.0599, anchor loss: 0.0304, VFL train accuracy: 0.9715
2026-04-20 22:56:15,323 - Epoch: 44, 191/194: VFL loss: 0.0885, total loss: 0.0595, anchor loss: 0.0304, VFL train accuracy: 0.9718
2026-04-20 22:56:15,400 - => Recorded Stage 2 client anchor losses for epoch 44 to 'results/AVGuard/stage3_gamma_sensitivity_3clients_noema_bounded_q/IEEE_CIS_FRAUD_3clients_noema_bounded_q_gamma_5.0\stage2_final_epoch_client_anchor_losses.json': {0: 0.024357, 1: 0.035355, 2: 0.031578}
2026-04-20 22:56:15,401 - => Stage 2 EMA anchor update skipped at epoch 44 because momentum=1.0000 disables EMA; eligible classes per client {0: 2, 1: 2, 2: 2}
2026-04-20 22:56:15,402 - => Stage 2 Epoch 44 Training Summary: VFL loss: 0.0887, total loss: 0.0596, anchor loss: 0.0304, VFL train accuracy: 0.9717
2026-04-20 22:56:15,402 - => Test ASR...
2026-04-20 22:56:15,407 - =>Add Trigger to Test Data
2026-04-20 22:56:15,800 - Add Trigger to 8265 Bad Samples, 4133 Clean Samples (1.00)
2026-04-20 22:56:18,509 - => Test Epoch: 44, main task samples: 12398, attack samples: 12398, test loss: 0.5968, clean acc: 0.8298, Top-2: 1.0000, ASR: 0.1064, RAC: 0.7914, test target accuracy: 0.7612, stage3 final accuracy: 0.8298, stage3 final target accuracy: 0.5870, stage3 final asr: 0.1064, anchor loss: 0.0388
2026-04-20 22:56:18,510 - => Stage 3 Detection Summary: recall: 0.8931, precision: 0.8196, f1: 0.8548, false positive rate: 0.1295, correction rate: 0.8931
2026-04-20 22:56:18,510 - => Stage 3 Debug (clean): suspicious=1605/12398, correction_applied=1588, prediction_changed=1588, skipped_tied_vote=0, skipped_low_margin=0, skipped_other=17
2026-04-20 22:56:18,510 - => Stage 3 Debug (poison-valid): suspicious=7316/8265, correction_applied=7316, prediction_changed=7316, skipped_tied_vote=0, skipped_low_margin=0, skipped_other=0
2026-04-20 22:56:18,510 - => Stage 3 Debug (attack-success): suspicious=7312/8187, correction_applied=7312, prediction_changed=7312, corrected_to_true=7312
2026-04-20 22:56:18,510 - => Stage 2 checkpoint score: mean(clean_acc=0.8298, recall=0.8931, correction_rate=0.8931) = 0.8720
2026-04-20 22:56:18,539 - => End Epoch: 44, early stop epochs: 9, best epoch: 35, best clean acc: 0.8308, best Top-2: 1.0000, best ASR: 0.0996, best RAC: 0.7985, anchor loss: 0.0388, best checkpoint score: 0.8770
2026-04-20 22:56:18,540 - => Stage 3 Detection Summary: recall: 0.9002, precision: 0.8325, f1: 0.8650, false positive rate: 0.1195, correction rate: 0.9000
2026-04-20 22:56:18,561 - => LFBA current anchor-derived target label: 1
2026-04-20 22:56:18,571 - =>Add Trigger to Train Data
2026-04-20 22:56:18,685 - Add Trigger to 4959 Bad Samples, 44632 Clean Samples (0.10)
2026-04-20 22:56:18,698 - => Start Training for Injecting Backdoor...
2026-04-20 22:56:18,729 - Epoch: 45, 1/194: VFL loss: 0.1188, total loss: 0.0749, anchor loss: 0.0310, VFL train accuracy: 0.9609
2026-04-20 22:56:18,998 - Epoch: 45, 11/194: VFL loss: 0.1089, total loss: 0.0700, anchor loss: 0.0310, VFL train accuracy: 0.9670
2026-04-20 22:56:19,216 - Epoch: 45, 21/194: VFL loss: 0.1048, total loss: 0.0678, anchor loss: 0.0308, VFL train accuracy: 0.9686
2026-04-20 22:56:19,445 - Epoch: 45, 31/194: VFL loss: 0.1011, total loss: 0.0658, anchor loss: 0.0304, VFL train accuracy: 0.9686
2026-04-20 22:56:19,681 - Epoch: 45, 41/194: VFL loss: 0.1015, total loss: 0.0660, anchor loss: 0.0305, VFL train accuracy: 0.9685
2026-04-20 22:56:19,906 - Epoch: 45, 51/194: VFL loss: 0.0993, total loss: 0.0648, anchor loss: 0.0304, VFL train accuracy: 0.9691
2026-04-20 22:56:20,122 - Epoch: 45, 61/194: VFL loss: 0.0984, total loss: 0.0643, anchor loss: 0.0302, VFL train accuracy: 0.9700
2026-04-20 22:56:20,363 - Epoch: 45, 71/194: VFL loss: 0.0986, total loss: 0.0644, anchor loss: 0.0302, VFL train accuracy: 0.9694
2026-04-20 22:56:20,580 - Epoch: 45, 81/194: VFL loss: 0.0982, total loss: 0.0642, anchor loss: 0.0303, VFL train accuracy: 0.9696
2026-04-20 22:56:20,786 - Epoch: 45, 91/194: VFL loss: 0.0992, total loss: 0.0649, anchor loss: 0.0306, VFL train accuracy: 0.9691
2026-04-20 22:56:21,016 - Epoch: 45, 101/194: VFL loss: 0.0985, total loss: 0.0645, anchor loss: 0.0304, VFL train accuracy: 0.9692
2026-04-20 22:56:21,231 - Epoch: 45, 111/194: VFL loss: 0.0997, total loss: 0.0651, anchor loss: 0.0305, VFL train accuracy: 0.9689
2026-04-20 22:56:21,454 - Epoch: 45, 121/194: VFL loss: 0.1006, total loss: 0.0656, anchor loss: 0.0305, VFL train accuracy: 0.9684
2026-04-20 22:56:21,691 - Epoch: 45, 131/194: VFL loss: 0.1017, total loss: 0.0661, anchor loss: 0.0305, VFL train accuracy: 0.9679
2026-04-20 22:56:21,918 - Epoch: 45, 141/194: VFL loss: 0.1008, total loss: 0.0657, anchor loss: 0.0305, VFL train accuracy: 0.9680
2026-04-20 22:56:22,147 - Epoch: 45, 151/194: VFL loss: 0.1006, total loss: 0.0655, anchor loss: 0.0305, VFL train accuracy: 0.9683
2026-04-20 22:56:22,367 - Epoch: 45, 161/194: VFL loss: 0.1018, total loss: 0.0662, anchor loss: 0.0306, VFL train accuracy: 0.9678
2026-04-20 22:56:22,593 - Epoch: 45, 171/194: VFL loss: 0.1005, total loss: 0.0655, anchor loss: 0.0305, VFL train accuracy: 0.9684
2026-04-20 22:56:22,820 - Epoch: 45, 181/194: VFL loss: 0.0999, total loss: 0.0652, anchor loss: 0.0305, VFL train accuracy: 0.9685
2026-04-20 22:56:23,050 - Epoch: 45, 191/194: VFL loss: 0.0993, total loss: 0.0649, anchor loss: 0.0304, VFL train accuracy: 0.9688
2026-04-20 22:56:23,123 - => Recorded Stage 2 client anchor losses for epoch 45 to 'results/AVGuard/stage3_gamma_sensitivity_3clients_noema_bounded_q/IEEE_CIS_FRAUD_3clients_noema_bounded_q_gamma_5.0\stage2_final_epoch_client_anchor_losses.json': {0: 0.02435, 1: 0.035355, 2: 0.031562}
2026-04-20 22:56:23,128 - => Stage 2 EMA anchor update skipped at epoch 45 because momentum=1.0000 disables EMA; eligible classes per client {0: 2, 1: 2, 2: 2}
2026-04-20 22:56:23,129 - => Stage 2 Epoch 45 Training Summary: VFL loss: 0.0990, total loss: 0.0647, anchor loss: 0.0304, VFL train accuracy: 0.9689
2026-04-20 22:56:23,129 - => Test ASR...
2026-04-20 22:56:23,134 - =>Add Trigger to Test Data
2026-04-20 22:56:23,535 - Add Trigger to 8265 Bad Samples, 4133 Clean Samples (1.00)
2026-04-20 22:56:26,540 - => Test Epoch: 45, main task samples: 12398, attack samples: 12398, test loss: 0.5921, clean acc: 0.8294, Top-2: 1.0000, ASR: 0.1065, RAC: 0.7905, test target accuracy: 0.7593, stage3 final accuracy: 0.8294, stage3 final target accuracy: 0.5846, stage3 final asr: 0.1065, anchor loss: 0.0389
2026-04-20 22:56:26,540 - => Stage 3 Detection Summary: recall: 0.8930, precision: 0.8189, f1: 0.8543, false positive rate: 0.1301, correction rate: 0.8930
2026-04-20 22:56:26,540 - => Stage 3 Debug (clean): suspicious=1613/12398, correction_applied=1596, prediction_changed=1596, skipped_tied_vote=0, skipped_low_margin=0, skipped_other=17
2026-04-20 22:56:26,540 - => Stage 3 Debug (poison-valid): suspicious=7314/8265, correction_applied=7314, prediction_changed=7314, skipped_tied_vote=0, skipped_low_margin=0, skipped_other=0
2026-04-20 22:56:26,540 - => Stage 3 Debug (attack-success): suspicious=7310/8186, correction_applied=7310, prediction_changed=7310, corrected_to_true=7310
2026-04-20 22:56:26,540 - => Stage 2 checkpoint score: mean(clean_acc=0.8294, recall=0.8930, correction_rate=0.8930) = 0.8718
2026-04-20 22:56:26,568 - => End Epoch: 45, early stop epochs: 10, best epoch: 35, best clean acc: 0.8308, best Top-2: 1.0000, best ASR: 0.0996, best RAC: 0.7985, anchor loss: 0.0388, best checkpoint score: 0.8770
2026-04-20 22:56:26,568 - => Stage 3 Detection Summary: recall: 0.9002, precision: 0.8325, f1: 0.8650, false positive rate: 0.1195, correction rate: 0.9000
2026-04-20 22:56:26,588 - => LFBA current anchor-derived target label: 1
2026-04-20 22:56:26,600 - =>Add Trigger to Train Data
2026-04-20 22:56:26,710 - Add Trigger to 4959 Bad Samples, 44632 Clean Samples (0.10)
2026-04-20 22:56:26,722 - => Start Training for Injecting Backdoor...
2026-04-20 22:56:26,747 - Epoch: 46, 1/194: VFL loss: 0.0613, total loss: 0.0434, anchor loss: 0.0255, VFL train accuracy: 0.9766
2026-04-20 22:56:26,993 - Epoch: 46, 11/194: VFL loss: 0.0863, total loss: 0.0579, anchor loss: 0.0296, VFL train accuracy: 0.9712
2026-04-20 22:56:27,259 - Epoch: 46, 21/194: VFL loss: 0.0819, total loss: 0.0559, anchor loss: 0.0300, VFL train accuracy: 0.9734
2026-04-20 22:56:27,518 - Epoch: 46, 31/194: VFL loss: 0.0849, total loss: 0.0574, anchor loss: 0.0300, VFL train accuracy: 0.9719
2026-04-20 22:56:27,777 - Epoch: 46, 41/194: VFL loss: 0.0836, total loss: 0.0567, anchor loss: 0.0298, VFL train accuracy: 0.9731
2026-04-20 22:56:28,056 - Epoch: 46, 51/194: VFL loss: 0.0834, total loss: 0.0566, anchor loss: 0.0298, VFL train accuracy: 0.9733
2026-04-20 22:56:28,323 - Epoch: 46, 61/194: VFL loss: 0.0859, total loss: 0.0580, anchor loss: 0.0300, VFL train accuracy: 0.9722
2026-04-20 22:56:28,579 - Epoch: 46, 71/194: VFL loss: 0.0858, total loss: 0.0579, anchor loss: 0.0300, VFL train accuracy: 0.9725
2026-04-20 22:56:28,820 - Epoch: 46, 81/194: VFL loss: 0.0855, total loss: 0.0578, anchor loss: 0.0301, VFL train accuracy: 0.9727
2026-04-20 22:56:29,074 - Epoch: 46, 91/194: VFL loss: 0.0871, total loss: 0.0585, anchor loss: 0.0300, VFL train accuracy: 0.9723
2026-04-20 22:56:29,315 - Epoch: 46, 101/194: VFL loss: 0.0875, total loss: 0.0588, anchor loss: 0.0302, VFL train accuracy: 0.9722
2026-04-20 22:56:29,572 - Epoch: 46, 111/194: VFL loss: 0.0884, total loss: 0.0593, anchor loss: 0.0302, VFL train accuracy: 0.9719
2026-04-20 22:56:29,814 - Epoch: 46, 121/194: VFL loss: 0.0892, total loss: 0.0598, anchor loss: 0.0304, VFL train accuracy: 0.9715
2026-04-20 22:56:30,035 - Epoch: 46, 131/194: VFL loss: 0.0885, total loss: 0.0594, anchor loss: 0.0304, VFL train accuracy: 0.9718
2026-04-20 22:56:30,270 - Epoch: 46, 141/194: VFL loss: 0.0878, total loss: 0.0591, anchor loss: 0.0303, VFL train accuracy: 0.9720
2026-04-20 22:56:30,495 - Epoch: 46, 151/194: VFL loss: 0.0885, total loss: 0.0595, anchor loss: 0.0304, VFL train accuracy: 0.9720
2026-04-20 22:56:30,749 - Epoch: 46, 161/194: VFL loss: 0.0886, total loss: 0.0596, anchor loss: 0.0305, VFL train accuracy: 0.9719
2026-04-20 22:56:30,982 - Epoch: 46, 171/194: VFL loss: 0.0877, total loss: 0.0591, anchor loss: 0.0305, VFL train accuracy: 0.9722
2026-04-20 22:56:31,218 - Epoch: 46, 181/194: VFL loss: 0.0883, total loss: 0.0594, anchor loss: 0.0304, VFL train accuracy: 0.9721
2026-04-20 22:56:31,463 - Epoch: 46, 191/194: VFL loss: 0.0884, total loss: 0.0594, anchor loss: 0.0305, VFL train accuracy: 0.9719
2026-04-20 22:56:31,543 - => Recorded Stage 2 client anchor losses for epoch 46 to 'results/AVGuard/stage3_gamma_sensitivity_3clients_noema_bounded_q/IEEE_CIS_FRAUD_3clients_noema_bounded_q_gamma_5.0\stage2_final_epoch_client_anchor_losses.json': {0: 0.024339, 1: 0.035352, 2: 0.031574}
2026-04-20 22:56:31,550 - => Stage 2 EMA anchor update skipped at epoch 46 because momentum=1.0000 disables EMA; eligible classes per client {0: 2, 1: 2, 2: 2}
2026-04-20 22:56:31,550 - => Stage 2 Epoch 46 Training Summary: VFL loss: 0.0883, total loss: 0.0594, anchor loss: 0.0304, VFL train accuracy: 0.9719
2026-04-20 22:56:31,550 - => Test ASR...
2026-04-20 22:56:31,556 - =>Add Trigger to Test Data
2026-04-20 22:56:31,954 - Add Trigger to 8265 Bad Samples, 4133 Clean Samples (1.00)
2026-04-20 22:56:34,956 - => Test Epoch: 46, main task samples: 12398, attack samples: 12398, test loss: 0.6018, clean acc: 0.8294, Top-2: 1.0000, ASR: 0.1074, RAC: 0.7910, test target accuracy: 0.7624, stage3 final accuracy: 0.8294, stage3 final target accuracy: 0.5880, stage3 final asr: 0.1074, anchor loss: 0.0388
2026-04-20 22:56:34,957 - => Stage 3 Detection Summary: recall: 0.8921, precision: 0.8173, f1: 0.8531, false positive rate: 0.1313, correction rate: 0.8920
2026-04-20 22:56:34,957 - => Stage 3 Debug (clean): suspicious=1628/12398, correction_applied=1612, prediction_changed=1612, skipped_tied_vote=0, skipped_low_margin=0, skipped_other=16
2026-04-20 22:56:34,957 - => Stage 3 Debug (poison-valid): suspicious=7307/8265, correction_applied=7306, prediction_changed=7306, skipped_tied_vote=0, skipped_low_margin=0, skipped_other=1
2026-04-20 22:56:34,957 - => Stage 3 Debug (attack-success): suspicious=7303/8186, correction_applied=7302, prediction_changed=7302, corrected_to_true=7302
2026-04-20 22:56:34,958 - => Stage 2 checkpoint score: mean(clean_acc=0.8294, recall=0.8921, correction_rate=0.8920) = 0.8712
2026-04-20 22:56:34,987 - => End Epoch: 46, early stop epochs: 11, best epoch: 35, best clean acc: 0.8308, best Top-2: 1.0000, best ASR: 0.0996, best RAC: 0.7985, anchor loss: 0.0388, best checkpoint score: 0.8770
2026-04-20 22:56:34,988 - => Stage 3 Detection Summary: recall: 0.9002, precision: 0.8325, f1: 0.8650, false positive rate: 0.1195, correction rate: 0.9000
2026-04-20 22:56:35,007 - => LFBA current anchor-derived target label: 1
2026-04-20 22:56:35,016 - =>Add Trigger to Train Data
2026-04-20 22:56:35,107 - Add Trigger to 4959 Bad Samples, 44632 Clean Samples (0.10)
2026-04-20 22:56:35,118 - => Start Training for Injecting Backdoor...
2026-04-20 22:56:35,143 - Epoch: 47, 1/194: VFL loss: 0.0668, total loss: 0.0439, anchor loss: 0.0211, VFL train accuracy: 0.9805
2026-04-20 22:56:35,399 - Epoch: 47, 11/194: VFL loss: 0.0978, total loss: 0.0640, anchor loss: 0.0301, VFL train accuracy: 0.9659
2026-04-20 22:56:35,640 - Epoch: 47, 21/194: VFL loss: 0.0957, total loss: 0.0629, anchor loss: 0.0302, VFL train accuracy: 0.9693
2026-04-20 22:56:35,879 - Epoch: 47, 31/194: VFL loss: 0.0955, total loss: 0.0629, anchor loss: 0.0302, VFL train accuracy: 0.9695
2026-04-20 22:56:36,119 - Epoch: 47, 41/194: VFL loss: 0.0947, total loss: 0.0625, anchor loss: 0.0302, VFL train accuracy: 0.9696
2026-04-20 22:56:36,355 - Epoch: 47, 51/194: VFL loss: 0.0958, total loss: 0.0629, anchor loss: 0.0301, VFL train accuracy: 0.9697
2026-04-20 22:56:36,616 - Epoch: 47, 61/194: VFL loss: 0.0964, total loss: 0.0632, anchor loss: 0.0300, VFL train accuracy: 0.9699
2026-04-20 22:56:36,853 - Epoch: 47, 71/194: VFL loss: 0.0946, total loss: 0.0622, anchor loss: 0.0298, VFL train accuracy: 0.9707
2026-04-20 22:56:37,100 - Epoch: 47, 81/194: VFL loss: 0.0947, total loss: 0.0623, anchor loss: 0.0298, VFL train accuracy: 0.9709
2026-04-20 22:56:37,330 - Epoch: 47, 91/194: VFL loss: 0.0939, total loss: 0.0619, anchor loss: 0.0299, VFL train accuracy: 0.9711
2026-04-20 22:56:37,575 - Epoch: 47, 101/194: VFL loss: 0.0955, total loss: 0.0628, anchor loss: 0.0300, VFL train accuracy: 0.9704
2026-04-20 22:56:37,811 - Epoch: 47, 111/194: VFL loss: 0.0955, total loss: 0.0628, anchor loss: 0.0302, VFL train accuracy: 0.9704
2026-04-20 22:56:38,040 - Epoch: 47, 121/194: VFL loss: 0.0953, total loss: 0.0627, anchor loss: 0.0302, VFL train accuracy: 0.9705
2026-04-20 22:56:38,266 - Epoch: 47, 131/194: VFL loss: 0.0961, total loss: 0.0632, anchor loss: 0.0303, VFL train accuracy: 0.9701
2026-04-20 22:56:38,507 - Epoch: 47, 141/194: VFL loss: 0.0966, total loss: 0.0635, anchor loss: 0.0303, VFL train accuracy: 0.9700
2026-04-20 22:56:38,760 - Epoch: 47, 151/194: VFL loss: 0.0967, total loss: 0.0635, anchor loss: 0.0303, VFL train accuracy: 0.9702
2026-04-20 22:56:39,006 - Epoch: 47, 161/194: VFL loss: 0.0976, total loss: 0.0640, anchor loss: 0.0304, VFL train accuracy: 0.9698
2026-04-20 22:56:39,230 - Epoch: 47, 171/194: VFL loss: 0.0980, total loss: 0.0642, anchor loss: 0.0304, VFL train accuracy: 0.9696
2026-04-20 22:56:39,470 - Epoch: 47, 181/194: VFL loss: 0.0988, total loss: 0.0646, anchor loss: 0.0304, VFL train accuracy: 0.9691
2026-04-20 22:56:39,720 - Epoch: 47, 191/194: VFL loss: 0.0986, total loss: 0.0645, anchor loss: 0.0304, VFL train accuracy: 0.9692
2026-04-20 22:56:39,793 - => Recorded Stage 2 client anchor losses for epoch 47 to 'results/AVGuard/stage3_gamma_sensitivity_3clients_noema_bounded_q/IEEE_CIS_FRAUD_3clients_noema_bounded_q_gamma_5.0\stage2_final_epoch_client_anchor_losses.json': {0: 0.02433, 1: 0.03535, 2: 0.031565}
2026-04-20 22:56:39,799 - => Stage 2 EMA anchor update skipped at epoch 47 because momentum=1.0000 disables EMA; eligible classes per client {0: 2, 1: 2, 2: 2}
2026-04-20 22:56:39,800 - => Stage 2 Epoch 47 Training Summary: VFL loss: 0.0985, total loss: 0.0645, anchor loss: 0.0304, VFL train accuracy: 0.9692
2026-04-20 22:56:39,800 - => Test ASR...
2026-04-20 22:56:39,804 - =>Add Trigger to Test Data
2026-04-20 22:56:40,191 - Add Trigger to 8265 Bad Samples, 4133 Clean Samples (1.00)
2026-04-20 22:56:43,290 - => Test Epoch: 47, main task samples: 12398, attack samples: 12398, test loss: 0.5972, clean acc: 0.8295, Top-2: 1.0000, ASR: 0.1068, RAC: 0.7920, test target accuracy: 0.7624, stage3 final accuracy: 0.8295, stage3 final target accuracy: 0.5896, stage3 final asr: 0.1068, anchor loss: 0.0388
2026-04-20 22:56:43,290 - => Stage 3 Detection Summary: recall: 0.8929, precision: 0.8167, f1: 0.8531, false positive rate: 0.1320, correction rate: 0.8926
2026-04-20 22:56:43,290 - => Stage 3 Debug (clean): suspicious=1637/12398, correction_applied=1625, prediction_changed=1625, skipped_tied_vote=0, skipped_low_margin=0, skipped_other=12
2026-04-20 22:56:43,290 - => Stage 3 Debug (poison-valid): suspicious=7315/8265, correction_applied=7313, prediction_changed=7313, skipped_tied_vote=0, skipped_low_margin=0, skipped_other=2
2026-04-20 22:56:43,290 - => Stage 3 Debug (attack-success): suspicious=7311/8188, correction_applied=7309, prediction_changed=7309, corrected_to_true=7309
2026-04-20 22:56:43,290 - => Stage 2 checkpoint score: mean(clean_acc=0.8295, recall=0.8929, correction_rate=0.8926) = 0.8717
2026-04-20 22:56:43,320 - => End Epoch: 47, early stop epochs: 12, best epoch: 35, best clean acc: 0.8308, best Top-2: 1.0000, best ASR: 0.0996, best RAC: 0.7985, anchor loss: 0.0388, best checkpoint score: 0.8770
2026-04-20 22:56:43,320 - => Stage 3 Detection Summary: recall: 0.9002, precision: 0.8325, f1: 0.8650, false positive rate: 0.1195, correction rate: 0.9000
2026-04-20 22:56:43,340 - => LFBA current anchor-derived target label: 1
2026-04-20 22:56:43,352 - =>Add Trigger to Train Data
2026-04-20 22:56:43,456 - Add Trigger to 4959 Bad Samples, 44632 Clean Samples (0.10)
2026-04-20 22:56:43,467 - => Start Training for Injecting Backdoor...
2026-04-20 22:56:43,493 - Epoch: 48, 1/194: VFL loss: 0.0633, total loss: 0.0452, anchor loss: 0.0271, VFL train accuracy: 0.9727
2026-04-20 22:56:43,733 - Epoch: 48, 11/194: VFL loss: 0.0824, total loss: 0.0564, anchor loss: 0.0303, VFL train accuracy: 0.9755
2026-04-20 22:56:43,989 - Epoch: 48, 21/194: VFL loss: 0.0889, total loss: 0.0600, anchor loss: 0.0311, VFL train accuracy: 0.9727
2026-04-20 22:56:44,250 - Epoch: 48, 31/194: VFL loss: 0.0876, total loss: 0.0591, anchor loss: 0.0307, VFL train accuracy: 0.9730
2026-04-20 22:56:44,520 - Epoch: 48, 41/194: VFL loss: 0.0877, total loss: 0.0591, anchor loss: 0.0305, VFL train accuracy: 0.9731
2026-04-20 22:56:44,773 - Epoch: 48, 51/194: VFL loss: 0.0897, total loss: 0.0602, anchor loss: 0.0308, VFL train accuracy: 0.9722
2026-04-20 22:56:45,010 - Epoch: 48, 61/194: VFL loss: 0.0883, total loss: 0.0595, anchor loss: 0.0308, VFL train accuracy: 0.9729
2026-04-20 22:56:45,231 - Epoch: 48, 71/194: VFL loss: 0.0871, total loss: 0.0588, anchor loss: 0.0305, VFL train accuracy: 0.9733
2026-04-20 22:56:45,489 - Epoch: 48, 81/194: VFL loss: 0.0869, total loss: 0.0586, anchor loss: 0.0304, VFL train accuracy: 0.9735
2026-04-20 22:56:45,723 - Epoch: 48, 91/194: VFL loss: 0.0869, total loss: 0.0586, anchor loss: 0.0302, VFL train accuracy: 0.9735
2026-04-20 22:56:45,973 - Epoch: 48, 101/194: VFL loss: 0.0877, total loss: 0.0590, anchor loss: 0.0303, VFL train accuracy: 0.9730
2026-04-20 22:56:46,212 - Epoch: 48, 111/194: VFL loss: 0.0866, total loss: 0.0583, anchor loss: 0.0300, VFL train accuracy: 0.9734
2026-04-20 22:56:46,442 - Epoch: 48, 121/194: VFL loss: 0.0877, total loss: 0.0590, anchor loss: 0.0302, VFL train accuracy: 0.9728
2026-04-20 22:56:46,676 - Epoch: 48, 131/194: VFL loss: 0.0872, total loss: 0.0587, anchor loss: 0.0302, VFL train accuracy: 0.9727
2026-04-20 22:56:46,881 - Epoch: 48, 141/194: VFL loss: 0.0873, total loss: 0.0587, anchor loss: 0.0302, VFL train accuracy: 0.9726
2026-04-20 22:56:47,106 - Epoch: 48, 151/194: VFL loss: 0.0877, total loss: 0.0590, anchor loss: 0.0303, VFL train accuracy: 0.9725
2026-04-20 22:56:47,329 - Epoch: 48, 161/194: VFL loss: 0.0878, total loss: 0.0591, anchor loss: 0.0304, VFL train accuracy: 0.9723
2026-04-20 22:56:47,568 - Epoch: 48, 171/194: VFL loss: 0.0881, total loss: 0.0593, anchor loss: 0.0304, VFL train accuracy: 0.9721
2026-04-20 22:56:47,793 - Epoch: 48, 181/194: VFL loss: 0.0878, total loss: 0.0591, anchor loss: 0.0304, VFL train accuracy: 0.9722
2026-04-20 22:56:48,025 - Epoch: 48, 191/194: VFL loss: 0.0882, total loss: 0.0593, anchor loss: 0.0304, VFL train accuracy: 0.9721
2026-04-20 22:56:48,098 - => Recorded Stage 2 client anchor losses for epoch 48 to 'results/AVGuard/stage3_gamma_sensitivity_3clients_noema_bounded_q/IEEE_CIS_FRAUD_3clients_noema_bounded_q_gamma_5.0\stage2_final_epoch_client_anchor_losses.json': {0: 0.024329, 1: 0.03535, 2: 0.031576}
2026-04-20 22:56:48,100 - => Stage 2 EMA anchor update skipped at epoch 48 because momentum=1.0000 disables EMA; eligible classes per client {0: 2, 1: 2, 2: 2}
2026-04-20 22:56:48,100 - => Stage 2 Epoch 48 Training Summary: VFL loss: 0.0879, total loss: 0.0592, anchor loss: 0.0304, VFL train accuracy: 0.9721
2026-04-20 22:56:48,101 - => Test ASR...
2026-04-20 22:56:48,107 - =>Add Trigger to Test Data
2026-04-20 22:56:48,499 - Add Trigger to 8265 Bad Samples, 4133 Clean Samples (1.00)
2026-04-20 22:56:51,325 - => Test Epoch: 48, main task samples: 12398, attack samples: 12398, test loss: 0.6064, clean acc: 0.8296, Top-2: 1.0000, ASR: 0.1055, RAC: 0.7921, test target accuracy: 0.7626, stage3 final accuracy: 0.8296, stage3 final target accuracy: 0.5875, stage3 final asr: 0.1055, anchor loss: 0.0388
2026-04-20 22:56:51,325 - => Stage 3 Detection Summary: recall: 0.8940, precision: 0.8175, f1: 0.8540, false positive rate: 0.1315, correction rate: 0.8940
2026-04-20 22:56:51,325 - => Stage 3 Debug (clean): suspicious=1630/12398, correction_applied=1612, prediction_changed=1612, skipped_tied_vote=0, skipped_low_margin=0, skipped_other=18
2026-04-20 22:56:51,325 - => Stage 3 Debug (poison-valid): suspicious=7322/8265, correction_applied=7322, prediction_changed=7322, skipped_tied_vote=0, skipped_low_margin=0, skipped_other=0
2026-04-20 22:56:51,326 - => Stage 3 Debug (attack-success): suspicious=7318/8186, correction_applied=7318, prediction_changed=7318, corrected_to_true=7318
2026-04-20 22:56:51,326 - => Stage 2 checkpoint score: mean(clean_acc=0.8296, recall=0.8940, correction_rate=0.8940) = 0.8725
2026-04-20 22:56:51,353 - => End Epoch: 48, early stop epochs: 13, best epoch: 35, best clean acc: 0.8308, best Top-2: 1.0000, best ASR: 0.0996, best RAC: 0.7985, anchor loss: 0.0388, best checkpoint score: 0.8770
2026-04-20 22:56:51,353 - => Stage 3 Detection Summary: recall: 0.9002, precision: 0.8325, f1: 0.8650, false positive rate: 0.1195, correction rate: 0.9000
2026-04-20 22:56:51,372 - => LFBA current anchor-derived target label: 1
2026-04-20 22:56:51,381 - =>Add Trigger to Train Data
2026-04-20 22:56:51,485 - Add Trigger to 4959 Bad Samples, 44632 Clean Samples (0.10)
2026-04-20 22:56:51,496 - => Start Training for Injecting Backdoor...
2026-04-20 22:56:51,520 - Epoch: 49, 1/194: VFL loss: 0.0953, total loss: 0.0638, anchor loss: 0.0323, VFL train accuracy: 0.9688
2026-04-20 22:56:51,743 - Epoch: 49, 11/194: VFL loss: 0.0824, total loss: 0.0566, anchor loss: 0.0309, VFL train accuracy: 0.9734
2026-04-20 22:56:51,981 - Epoch: 49, 21/194: VFL loss: 0.0905, total loss: 0.0607, anchor loss: 0.0308, VFL train accuracy: 0.9743
2026-04-20 22:56:52,200 - Epoch: 49, 31/194: VFL loss: 0.0919, total loss: 0.0612, anchor loss: 0.0305, VFL train accuracy: 0.9728
2026-04-20 22:56:52,429 - Epoch: 49, 41/194: VFL loss: 0.0962, total loss: 0.0635, anchor loss: 0.0308, VFL train accuracy: 0.9713
2026-04-20 22:56:52,686 - Epoch: 49, 51/194: VFL loss: 0.0965, total loss: 0.0635, anchor loss: 0.0306, VFL train accuracy: 0.9709
2026-04-20 22:56:52,940 - Epoch: 49, 61/194: VFL loss: 0.0954, total loss: 0.0629, anchor loss: 0.0304, VFL train accuracy: 0.9711
2026-04-20 22:56:53,190 - Epoch: 49, 71/194: VFL loss: 0.0951, total loss: 0.0627, anchor loss: 0.0303, VFL train accuracy: 0.9716
2026-04-20 22:56:53,443 - Epoch: 49, 81/194: VFL loss: 0.0979, total loss: 0.0641, anchor loss: 0.0303, VFL train accuracy: 0.9701
2026-04-20 22:56:53,708 - Epoch: 49, 91/194: VFL loss: 0.0988, total loss: 0.0646, anchor loss: 0.0303, VFL train accuracy: 0.9695
2026-04-20 22:56:53,956 - Epoch: 49, 101/194: VFL loss: 0.0992, total loss: 0.0647, anchor loss: 0.0303, VFL train accuracy: 0.9692
2026-04-20 22:56:54,230 - Epoch: 49, 111/194: VFL loss: 0.1009, total loss: 0.0657, anchor loss: 0.0304, VFL train accuracy: 0.9685
2026-04-20 22:56:54,453 - Epoch: 49, 121/194: VFL loss: 0.0997, total loss: 0.0650, anchor loss: 0.0303, VFL train accuracy: 0.9691
2026-04-20 22:56:54,710 - Epoch: 49, 131/194: VFL loss: 0.1004, total loss: 0.0654, anchor loss: 0.0304, VFL train accuracy: 0.9689
2026-04-20 22:56:54,940 - Epoch: 49, 141/194: VFL loss: 0.0994, total loss: 0.0649, anchor loss: 0.0304, VFL train accuracy: 0.9691
2026-04-20 22:56:55,174 - Epoch: 49, 151/194: VFL loss: 0.0990, total loss: 0.0647, anchor loss: 0.0304, VFL train accuracy: 0.9692
2026-04-20 22:56:55,417 - Epoch: 49, 161/194: VFL loss: 0.0979, total loss: 0.0641, anchor loss: 0.0303, VFL train accuracy: 0.9697
2026-04-20 22:56:55,673 - Epoch: 49, 171/194: VFL loss: 0.0984, total loss: 0.0644, anchor loss: 0.0303, VFL train accuracy: 0.9696
2026-04-20 22:56:55,926 - Epoch: 49, 181/194: VFL loss: 0.0985, total loss: 0.0644, anchor loss: 0.0304, VFL train accuracy: 0.9695
2026-04-20 22:56:56,172 - Epoch: 49, 191/194: VFL loss: 0.0986, total loss: 0.0645, anchor loss: 0.0304, VFL train accuracy: 0.9694
2026-04-20 22:56:56,253 - => Recorded Stage 2 client anchor losses for epoch 49 to 'results/AVGuard/stage3_gamma_sensitivity_3clients_noema_bounded_q/IEEE_CIS_FRAUD_3clients_noema_bounded_q_gamma_5.0\stage2_final_epoch_client_anchor_losses.json': {0: 0.024327, 1: 0.035347, 2: 0.03153}
2026-04-20 22:56:56,254 - => Stage 2 EMA anchor update skipped at epoch 49 because momentum=1.0000 disables EMA; eligible classes per client {0: 2, 1: 2, 2: 2}
2026-04-20 22:56:56,254 - => Stage 2 Epoch 49 Training Summary: VFL loss: 0.0981, total loss: 0.0642, anchor loss: 0.0304, VFL train accuracy: 0.9696
2026-04-20 22:56:56,254 - => Test ASR...
2026-04-20 22:56:56,259 - =>Add Trigger to Test Data
2026-04-20 22:56:56,678 - Add Trigger to 8265 Bad Samples, 4133 Clean Samples (1.00)
2026-04-20 22:56:59,561 - => Test Epoch: 49, main task samples: 12398, attack samples: 12398, test loss: 0.6019, clean acc: 0.8291, Top-2: 1.0000, ASR: 0.1073, RAC: 0.7906, test target accuracy: 0.7600, stage3 final accuracy: 0.8291, stage3 final target accuracy: 0.5865, stage3 final asr: 0.1073, anchor loss: 0.0388
2026-04-20 22:56:59,561 - => Stage 3 Detection Summary: recall: 0.8924, precision: 0.8163, f1: 0.8527, false positive rate: 0.1323, correction rate: 0.8922
2026-04-20 22:56:59,561 - => Stage 3 Debug (clean): suspicious=1640/12398, correction_applied=1627, prediction_changed=1627, skipped_tied_vote=0, skipped_low_margin=0, skipped_other=13
2026-04-20 22:56:59,562 - => Stage 3 Debug (poison-valid): suspicious=7311/8265, correction_applied=7309, prediction_changed=7309, skipped_tied_vote=0, skipped_low_margin=0, skipped_other=2
2026-04-20 22:56:59,562 - => Stage 3 Debug (attack-success): suspicious=7307/8188, correction_applied=7305, prediction_changed=7305, corrected_to_true=7305
2026-04-20 22:56:59,562 - => Stage 2 checkpoint score: mean(clean_acc=0.8291, recall=0.8924, correction_rate=0.8922) = 0.8712
2026-04-20 22:56:59,591 - => End Epoch: 49, early stop epochs: 14, best epoch: 35, best clean acc: 0.8308, best Top-2: 1.0000, best ASR: 0.0996, best RAC: 0.7985, anchor loss: 0.0388, best checkpoint score: 0.8770
2026-04-20 22:56:59,591 - => Stage 3 Detection Summary: recall: 0.9002, precision: 0.8325, f1: 0.8650, false positive rate: 0.1195, correction rate: 0.9000
2026-04-20 22:56:59,615 - => LFBA current anchor-derived target label: 1
2026-04-20 22:56:59,630 - =>Add Trigger to Train Data
2026-04-20 22:56:59,758 - Add Trigger to 4959 Bad Samples, 44632 Clean Samples (0.10)
2026-04-20 22:56:59,768 - => Start Training for Injecting Backdoor...
2026-04-20 22:56:59,798 - Epoch: 50, 1/194: VFL loss: 0.0563, total loss: 0.0425, anchor loss: 0.0288, VFL train accuracy: 0.9805
2026-04-20 22:57:00,057 - Epoch: 50, 11/194: VFL loss: 0.0842, total loss: 0.0576, anchor loss: 0.0310, VFL train accuracy: 0.9723
2026-04-20 22:57:00,302 - Epoch: 50, 21/194: VFL loss: 0.0870, total loss: 0.0590, anchor loss: 0.0309, VFL train accuracy: 0.9734
2026-04-20 22:57:00,535 - Epoch: 50, 31/194: VFL loss: 0.0935, total loss: 0.0622, anchor loss: 0.0310, VFL train accuracy: 0.9706
2026-04-20 22:57:00,789 - Epoch: 50, 41/194: VFL loss: 0.0919, total loss: 0.0615, anchor loss: 0.0311, VFL train accuracy: 0.9712
2026-04-20 22:57:01,032 - Epoch: 50, 51/194: VFL loss: 0.0904, total loss: 0.0607, anchor loss: 0.0309, VFL train accuracy: 0.9715
2026-04-20 22:57:01,269 - Epoch: 50, 61/194: VFL loss: 0.0894, total loss: 0.0602, anchor loss: 0.0310, VFL train accuracy: 0.9721
2026-04-20 22:57:01,512 - Epoch: 50, 71/194: VFL loss: 0.0897, total loss: 0.0603, anchor loss: 0.0308, VFL train accuracy: 0.9719
2026-04-20 22:57:01,753 - Epoch: 50, 81/194: VFL loss: 0.0876, total loss: 0.0591, anchor loss: 0.0307, VFL train accuracy: 0.9726
2026-04-20 22:57:01,987 - Epoch: 50, 91/194: VFL loss: 0.0872, total loss: 0.0589, anchor loss: 0.0305, VFL train accuracy: 0.9728
2026-04-20 22:57:02,235 - Epoch: 50, 101/194: VFL loss: 0.0865, total loss: 0.0585, anchor loss: 0.0304, VFL train accuracy: 0.9729
2026-04-20 22:57:02,475 - Epoch: 50, 111/194: VFL loss: 0.0864, total loss: 0.0584, anchor loss: 0.0304, VFL train accuracy: 0.9728
2026-04-20 22:57:02,742 - Epoch: 50, 121/194: VFL loss: 0.0857, total loss: 0.0580, anchor loss: 0.0303, VFL train accuracy: 0.9731
2026-04-20 22:57:03,013 - Epoch: 50, 131/194: VFL loss: 0.0864, total loss: 0.0583, anchor loss: 0.0303, VFL train accuracy: 0.9729
2026-04-20 22:57:03,249 - Epoch: 50, 141/194: VFL loss: 0.0871, total loss: 0.0587, anchor loss: 0.0303, VFL train accuracy: 0.9728
2026-04-20 22:57:03,505 - Epoch: 50, 151/194: VFL loss: 0.0869, total loss: 0.0586, anchor loss: 0.0303, VFL train accuracy: 0.9727
2026-04-20 22:57:03,772 - Epoch: 50, 161/194: VFL loss: 0.0867, total loss: 0.0585, anchor loss: 0.0303, VFL train accuracy: 0.9730
2026-04-20 22:57:03,982 - Epoch: 50, 171/194: VFL loss: 0.0870, total loss: 0.0587, anchor loss: 0.0305, VFL train accuracy: 0.9728
2026-04-20 22:57:04,199 - Epoch: 50, 181/194: VFL loss: 0.0869, total loss: 0.0586, anchor loss: 0.0304, VFL train accuracy: 0.9727
2026-04-20 22:57:04,421 - Epoch: 50, 191/194: VFL loss: 0.0873, total loss: 0.0588, anchor loss: 0.0304, VFL train accuracy: 0.9726
2026-04-20 22:57:04,496 - => Recorded Stage 2 client anchor losses for epoch 50 to 'results/AVGuard/stage3_gamma_sensitivity_3clients_noema_bounded_q/IEEE_CIS_FRAUD_3clients_noema_bounded_q_gamma_5.0\stage2_final_epoch_client_anchor_losses.json': {0: 0.024319, 1: 0.035346, 2: 0.031572}
2026-04-20 22:57:04,496 - => Stage 2 EMA anchor update skipped at epoch 50 because momentum=1.0000 disables EMA; eligible classes per client {0: 2, 1: 2, 2: 2}
2026-04-20 22:57:04,496 - => Stage 2 Epoch 50 Training Summary: VFL loss: 0.0877, total loss: 0.0591, anchor loss: 0.0304, VFL train accuracy: 0.9724
2026-04-20 22:57:04,496 - => Test ASR...
2026-04-20 22:57:04,502 - =>Add Trigger to Test Data
2026-04-20 22:57:04,907 - Add Trigger to 8265 Bad Samples, 4133 Clean Samples (1.00)
2026-04-20 22:57:08,070 - => Test Epoch: 50, main task samples: 12398, attack samples: 12398, test loss: 0.6098, clean acc: 0.8299, Top-2: 1.0000, ASR: 0.1061, RAC: 0.7916, test target accuracy: 0.7622, stage3 final accuracy: 0.8299, stage3 final target accuracy: 0.5870, stage3 final asr: 0.1061, anchor loss: 0.0388
2026-04-20 22:57:08,070 - => Stage 3 Detection Summary: recall: 0.8935, precision: 0.8181, f1: 0.8541, false positive rate: 0.1309, correction rate: 0.8934
2026-04-20 22:57:08,070 - => Stage 3 Debug (clean): suspicious=1623/12398, correction_applied=1608, prediction_changed=1608, skipped_tied_vote=0, skipped_low_margin=0, skipped_other=15
2026-04-20 22:57:08,071 - => Stage 3 Debug (poison-valid): suspicious=7321/8265, correction_applied=7320, prediction_changed=7320, skipped_tied_vote=0, skipped_low_margin=0, skipped_other=1
2026-04-20 22:57:08,071 - => Stage 3 Debug (attack-success): suspicious=7317/8189, correction_applied=7316, prediction_changed=7316, corrected_to_true=7316
2026-04-20 22:57:08,071 - => Stage 2 checkpoint score: mean(clean_acc=0.8299, recall=0.8935, correction_rate=0.8934) = 0.8723
2026-04-20 22:57:08,099 - => End Epoch: 50, early stop epochs: 15, best epoch: 35, best clean acc: 0.8308, best Top-2: 1.0000, best ASR: 0.0996, best RAC: 0.7985, anchor loss: 0.0388, best checkpoint score: 0.8770
2026-04-20 22:57:08,099 - => Stage 3 Detection Summary: recall: 0.9002, precision: 0.8325, f1: 0.8650, false positive rate: 0.1195, correction rate: 0.9000
