2026-04-20 22:24:54,941 - Namespace(config='', data_dir='./dataset/data_raw/', dataset='PHISHING', device=0, results_dir='results/AVGuard/stage3_gamma_sensitivity_3clients_noema_bounded_q/PHISHING_3clients_noema_bounded_q_gamma_5.0', seed=100, epoch=50, batch_size=256, client_num=3, pretrained_checkpoint='results/AVGuard/stage3_gamma_sensitivity_3clients_noema_bounded_q/PHISHING_3clients_noema_bounded_q_gamma_5.0\\latest_checkpoint.pth.tar', test_checkpoint=None, resume_latest=True, lr=0.003, start_epoch=0, print_steps=10, early_stop=0, attack='LFBA', target_label=None, poison_rate=0.1, poison_dimensions=30, trigger_feature_clip=1.0, attack_client_num=2, feature_extractor='', select_rate=0.3, lfba_poison_source='gradient', random_select=False, poison_all=False, anchor_idx=1000, pretrain_stage=0, mode='train', defense='anchor', defense_scheme='AVGuard', enable_stage1=True, force_stage1_retrain=False, enable_anchor_loss=True, lambda_anchor=0.5, lambda_stage1_anchor=0.8, anchor_pretrain_epochs=30, anchor_pretrain_early_stop=5, anchor_pretrain_min_delta=0.0001, anchor_scale=16.0, anchor_margin=0.45, anchor_bank_path='./results/AVGuard/PHISHING/PHISHING_anchor_defense_stage1/anchor_artifact.pt', anchor_stage1_dir='./results/AVGuard/PHISHING/PHISHING_anchor_defense_stage1/anchor_stage1', anchor_ema_momentum=1.0, anchor_ema_update_freq=1, stage3_enable_joint_weighted_voting=True, stage3_enable_static_reliability=True, gamma=5.0, stage3_confidence_mode='bounded_relative_gap', theta_supp=0.15, enable_conservative_correction=False, tau_corr=0.0, top_k=4, stage3_debug_batches=0, stage3_debug_max_samples=8, original_dataset='PHISHING', attack_target_label=None, anchor_margin_auto_adjusted=False, requested_anchor_margin=0.45)
2026-04-20 22:24:54,942 - => Defense scheme: AVGuard
2026-04-20 22:24:54,942 - => LFBA poison-set source: gradient
2026-04-20 22:24:54,942 - => Python executable: D:\Code\Miniconda\envs\backdoor\python.exe
2026-04-20 22:24:54,942 - => Torch version: 2.5.1+cu121, compiled CUDA: 12.1, cuda available: True, visible GPU count: 1
2026-04-20 22:24:54,943 - => Using GPU cuda:0 (NVIDIA GeForce RTX 4060 Laptop GPU)
2026-04-20 22:24:54,943 - => Preparing data...
2026-04-20 22:24:56,601 - => PHISHING file: ./dataset/data_raw/Phishing\PHISHING_full.csv
2026-04-20 22:24:56,601 - => PHISHING feature dim: 111, train samples: 70917, test samples: 17730
2026-04-20 22:24:56,605 - => Resolved LFBA attack target label=0 from training anchor_idx=1000
2026-04-20 22:24:56,713 - => No checkpoint found at 'results/AVGuard/stage3_gamma_sensitivity_3clients_noema_bounded_q/PHISHING_3clients_noema_bounded_q_gamma_5.0\latest_checkpoint.pth.tar'
2026-04-20 22:24:56,735 - => Loading stage1 local models and anchors from './results/AVGuard/PHISHING/PHISHING_anchor_defense_stage1/anchor_stage1/stage1_artifact.pt'
2026-04-20 22:24:56,845 - => Stage 3 is ready; it will use Stage 1 client reliability from the loaded anchor state when available. Stage 2 client anchor-loss stats are optional diagnostics.
2026-04-20 22:24:56,847 - =>Add Trigger to Test Data
2026-04-20 22:24:57,198 - Add Trigger to 6130 Bad Samples, 11600 Clean Samples (1.00)
2026-04-20 22:24:57,198 - => Start Training with LFBA...
2026-04-20 22:24:57,198 - => Enter Stage 2: joint VFL training starts from stage1 passive local backbones with frozen anchor heads
2026-04-20 22:24:57,198 - => Stage 2 anchor loss enabled: True
2026-04-20 22:24:57,199 - => Stage 2 loss form: total_loss=(1-lambda_anchor)*CE + lambda_anchor*anchor_loss with lambda_anchor=0.5000
2026-04-20 22:24:57,199 - => Stage 2 EMA anchor calibration disabled: momentum=1.0000 makes anchor updates a no-op, update_freq=1 epoch(s)
2026-04-20 22:24:57,199 - => Stage 2 latest checkpoint path: 'results/AVGuard/stage3_gamma_sensitivity_3clients_noema_bounded_q/PHISHING_3clients_noema_bounded_q_gamma_5.0\latest_checkpoint.pth.tar'
2026-04-20 22:24:57,199 - => Stage 2 best checkpoint path: 'results/AVGuard/stage3_gamma_sensitivity_3clients_noema_bounded_q/PHISHING_3clients_noema_bounded_q_gamma_5.0\best_checkpoint.pth.tar'
2026-04-20 22:24:57,200 - => Stage 2 best checkpoint compatibility alias path: 'results/AVGuard/stage3_gamma_sensitivity_3clients_noema_bounded_q/PHISHING_3clients_noema_bounded_q_gamma_5.0\best_clean_checkpoint.pth.tar'
2026-04-20 22:24:57,200 - => Stage 2 best checkpoint metric: mean(clean_acc, detection_recall, correction_rate)
2026-04-20 22:24:57,200 - => Stage 3 confidence mode for q_i: bounded_relative_gap
2026-04-20 22:24:57,207 - => Start Training for Injecting Backdoor...
2026-04-20 22:24:57,524 - Epoch: 1, 1/278: VFL loss: 0.6604, total loss: 0.3465, anchor loss: 0.0326, VFL train accuracy: 0.7148
2026-04-20 22:24:57,748 - Epoch: 1, 11/278: VFL loss: 0.3492, total loss: 0.1961, anchor loss: 0.0429, VFL train accuracy: 0.8736
2026-04-20 22:24:57,972 - Epoch: 1, 21/278: VFL loss: 0.2726, total loss: 0.1579, anchor loss: 0.0431, VFL train accuracy: 0.8994
2026-04-20 22:24:58,173 - Epoch: 1, 31/278: VFL loss: 0.2373, total loss: 0.1389, anchor loss: 0.0406, VFL train accuracy: 0.9128
2026-04-20 22:24:58,387 - Epoch: 1, 41/278: VFL loss: 0.2271, total loss: 0.1336, anchor loss: 0.0401, VFL train accuracy: 0.9179
2026-04-20 22:24:58,610 - Epoch: 1, 51/278: VFL loss: 0.2178, total loss: 0.1286, anchor loss: 0.0395, VFL train accuracy: 0.9205
2026-04-20 22:24:58,840 - Epoch: 1, 61/278: VFL loss: 0.2080, total loss: 0.1234, anchor loss: 0.0389, VFL train accuracy: 0.9241
2026-04-20 22:24:59,057 - Epoch: 1, 71/278: VFL loss: 0.2020, total loss: 0.1203, anchor loss: 0.0387, VFL train accuracy: 0.9262
2026-04-20 22:24:59,278 - Epoch: 1, 81/278: VFL loss: 0.1946, total loss: 0.1165, anchor loss: 0.0384, VFL train accuracy: 0.9283
2026-04-20 22:24:59,511 - Epoch: 1, 91/278: VFL loss: 0.1899, total loss: 0.1140, anchor loss: 0.0381, VFL train accuracy: 0.9298
2026-04-20 22:24:59,722 - Epoch: 1, 101/278: VFL loss: 0.1850, total loss: 0.1114, anchor loss: 0.0378, VFL train accuracy: 0.9315
2026-04-20 22:24:59,937 - Epoch: 1, 111/278: VFL loss: 0.1818, total loss: 0.1098, anchor loss: 0.0379, VFL train accuracy: 0.9322
2026-04-20 22:25:00,161 - Epoch: 1, 121/278: VFL loss: 0.1802, total loss: 0.1090, anchor loss: 0.0379, VFL train accuracy: 0.9324
2026-04-20 22:25:00,374 - Epoch: 1, 131/278: VFL loss: 0.1775, total loss: 0.1076, anchor loss: 0.0376, VFL train accuracy: 0.9334
2026-04-20 22:25:00,601 - Epoch: 1, 141/278: VFL loss: 0.1749, total loss: 0.1061, anchor loss: 0.0374, VFL train accuracy: 0.9341
2026-04-20 22:25:00,812 - Epoch: 1, 151/278: VFL loss: 0.1739, total loss: 0.1056, anchor loss: 0.0372, VFL train accuracy: 0.9342
2026-04-20 22:25:01,023 - Epoch: 1, 161/278: VFL loss: 0.1712, total loss: 0.1041, anchor loss: 0.0370, VFL train accuracy: 0.9353
2026-04-20 22:25:01,223 - Epoch: 1, 171/278: VFL loss: 0.1690, total loss: 0.1028, anchor loss: 0.0366, VFL train accuracy: 0.9357
2026-04-20 22:25:01,430 - Epoch: 1, 181/278: VFL loss: 0.1673, total loss: 0.1019, anchor loss: 0.0365, VFL train accuracy: 0.9361
2026-04-20 22:25:01,657 - Epoch: 1, 191/278: VFL loss: 0.1656, total loss: 0.1010, anchor loss: 0.0363, VFL train accuracy: 0.9365
2026-04-20 22:25:01,879 - Epoch: 1, 201/278: VFL loss: 0.1636, total loss: 0.0999, anchor loss: 0.0362, VFL train accuracy: 0.9373
2026-04-20 22:25:02,094 - Epoch: 1, 211/278: VFL loss: 0.1624, total loss: 0.0992, anchor loss: 0.0360, VFL train accuracy: 0.9377
2026-04-20 22:25:02,302 - Epoch: 1, 221/278: VFL loss: 0.1614, total loss: 0.0987, anchor loss: 0.0359, VFL train accuracy: 0.9381
2026-04-20 22:25:02,517 - Epoch: 1, 231/278: VFL loss: 0.1609, total loss: 0.0984, anchor loss: 0.0359, VFL train accuracy: 0.9386
2026-04-20 22:25:02,740 - Epoch: 1, 241/278: VFL loss: 0.1600, total loss: 0.0979, anchor loss: 0.0358, VFL train accuracy: 0.9387
2026-04-20 22:25:02,945 - Epoch: 1, 251/278: VFL loss: 0.1588, total loss: 0.0972, anchor loss: 0.0357, VFL train accuracy: 0.9391
2026-04-20 22:25:03,160 - Epoch: 1, 261/278: VFL loss: 0.1574, total loss: 0.0965, anchor loss: 0.0355, VFL train accuracy: 0.9395
2026-04-20 22:25:03,379 - Epoch: 1, 271/278: VFL loss: 0.1564, total loss: 0.0959, anchor loss: 0.0354, VFL train accuracy: 0.9399
2026-04-20 22:25:03,542 - => Recorded Stage 2 client anchor losses for epoch 1 to 'results/AVGuard/stage3_gamma_sensitivity_3clients_noema_bounded_q/PHISHING_3clients_noema_bounded_q_gamma_5.0\stage2_final_epoch_client_anchor_losses.json': {0: 0.032513, 1: 0.035306, 2: 0.038167}
2026-04-20 22:25:03,551 - => Stage 2 EMA anchor update skipped at epoch 1 because momentum=1.0000 disables EMA; eligible classes per client {0: 2, 1: 2, 2: 2}
2026-04-20 22:25:03,551 - => Stage 2 Epoch 1 Training Summary: VFL loss: 0.1554, total loss: 0.0953, anchor loss: 0.0353, VFL train accuracy: 0.9401
2026-04-20 22:25:03,551 - => Test ASR...
2026-04-20 22:25:03,554 - =>Add Trigger to Test Data
2026-04-20 22:25:03,874 - Add Trigger to 6130 Bad Samples, 11600 Clean Samples (1.00)
2026-04-20 22:25:08,155 - => Test Epoch: 1, main task samples: 17730, attack samples: 17730, test loss: 0.1273, clean acc: 0.9229, Top-2: 1.0000, ASR: 0.0858, RAC: 0.9252, test target accuracy: 0.9552, stage3 final accuracy: 0.9229, stage3 final target accuracy: 0.9309, stage3 final asr: 0.0858, anchor loss: 0.0321
2026-04-20 22:25:08,156 - => Stage 3 Detection Summary: recall: 0.0541, precision: 0.0086, f1: 0.0148, false positive rate: 0.0605, correction rate: 0.0541
2026-04-20 22:25:08,156 - => Stage 3 Debug (clean): suspicious=1073/17730, correction_applied=1065, prediction_changed=1065, skipped_tied_vote=0, skipped_low_margin=0, skipped_other=8
2026-04-20 22:25:08,156 - => Stage 3 Debug (poison-valid): suspicious=328/6130, correction_applied=328, prediction_changed=328, skipped_tied_vote=0, skipped_low_margin=0, skipped_other=0
2026-04-20 22:25:08,156 - => Stage 3 Debug (attack-success): suspicious=12/222, correction_applied=12, prediction_changed=12, corrected_to_true=12
2026-04-20 22:25:08,157 - => Stage 2 checkpoint score: mean(clean_acc=0.9229, recall=0.0541, correction_rate=0.0541) = 0.3437
2026-04-20 22:25:08,157 - => Save best checkpoint model...
2026-04-20 22:25:08,219 - => End Epoch: 1, early stop epochs: 0, best epoch: 1, best clean acc: 0.9229, best Top-2: 1.0000, best ASR: 0.0858, best RAC: 0.9252, anchor loss: 0.0321, best checkpoint score: 0.3437
2026-04-20 22:25:08,219 - => Stage 3 Detection Summary: recall: 0.0541, precision: 0.0086, f1: 0.0148, false positive rate: 0.0605, correction rate: 0.0541
2026-04-20 22:25:08,231 - => Rebuilt LFBA poison set from cached gradients: anchor label=0, poison samples=7091, same-label poison samples=7091, consistent rate=1.0000
2026-04-20 22:25:08,256 - => LFBA current anchor-derived target label: 0
2026-04-20 22:25:08,262 - =>Add Trigger to Train Data
2026-04-20 22:25:08,402 - Add Trigger to 7091 Bad Samples, 63826 Clean Samples (0.10)
2026-04-20 22:25:08,411 - => Start Training for Injecting Backdoor...
2026-04-20 22:25:08,441 - Epoch: 2, 1/278: VFL loss: 0.0952, total loss: 0.0615, anchor loss: 0.0278, VFL train accuracy: 0.9688
2026-04-20 22:25:08,662 - Epoch: 2, 11/278: VFL loss: 0.1195, total loss: 0.0752, anchor loss: 0.0309, VFL train accuracy: 0.9553
2026-04-20 22:25:08,879 - Epoch: 2, 21/278: VFL loss: 0.1203, total loss: 0.0756, anchor loss: 0.0310, VFL train accuracy: 0.9544
2026-04-20 22:25:09,095 - Epoch: 2, 31/278: VFL loss: 0.1189, total loss: 0.0749, anchor loss: 0.0310, VFL train accuracy: 0.9549
2026-04-20 22:25:09,328 - Epoch: 2, 41/278: VFL loss: 0.1200, total loss: 0.0757, anchor loss: 0.0313, VFL train accuracy: 0.9530
2026-04-20 22:25:09,556 - Epoch: 2, 51/278: VFL loss: 0.1202, total loss: 0.0758, anchor loss: 0.0313, VFL train accuracy: 0.9534
2026-04-20 22:25:09,796 - Epoch: 2, 61/278: VFL loss: 0.1220, total loss: 0.0767, anchor loss: 0.0314, VFL train accuracy: 0.9529
2026-04-20 22:25:10,017 - Epoch: 2, 71/278: VFL loss: 0.1225, total loss: 0.0770, anchor loss: 0.0316, VFL train accuracy: 0.9527
2026-04-20 22:25:10,242 - Epoch: 2, 81/278: VFL loss: 0.1207, total loss: 0.0761, anchor loss: 0.0314, VFL train accuracy: 0.9536
2026-04-20 22:25:10,482 - Epoch: 2, 91/278: VFL loss: 0.1185, total loss: 0.0747, anchor loss: 0.0309, VFL train accuracy: 0.9550
2026-04-20 22:25:10,734 - Epoch: 2, 101/278: VFL loss: 0.1181, total loss: 0.0745, anchor loss: 0.0309, VFL train accuracy: 0.9551
2026-04-20 22:25:10,956 - Epoch: 2, 111/278: VFL loss: 0.1184, total loss: 0.0747, anchor loss: 0.0310, VFL train accuracy: 0.9547
2026-04-20 22:25:11,169 - Epoch: 2, 121/278: VFL loss: 0.1176, total loss: 0.0743, anchor loss: 0.0310, VFL train accuracy: 0.9549
2026-04-20 22:25:11,384 - Epoch: 2, 131/278: VFL loss: 0.1174, total loss: 0.0742, anchor loss: 0.0310, VFL train accuracy: 0.9551
2026-04-20 22:25:11,600 - Epoch: 2, 141/278: VFL loss: 0.1178, total loss: 0.0744, anchor loss: 0.0311, VFL train accuracy: 0.9552
2026-04-20 22:25:11,810 - Epoch: 2, 151/278: VFL loss: 0.1170, total loss: 0.0740, anchor loss: 0.0310, VFL train accuracy: 0.9556
2026-04-20 22:25:12,017 - Epoch: 2, 161/278: VFL loss: 0.1158, total loss: 0.0734, anchor loss: 0.0309, VFL train accuracy: 0.9560
2026-04-20 22:25:12,207 - Epoch: 2, 171/278: VFL loss: 0.1153, total loss: 0.0731, anchor loss: 0.0309, VFL train accuracy: 0.9563
2026-04-20 22:25:12,415 - Epoch: 2, 181/278: VFL loss: 0.1156, total loss: 0.0732, anchor loss: 0.0309, VFL train accuracy: 0.9563
2026-04-20 22:25:12,642 - Epoch: 2, 191/278: VFL loss: 0.1145, total loss: 0.0726, anchor loss: 0.0307, VFL train accuracy: 0.9568
2026-04-20 22:25:12,859 - Epoch: 2, 201/278: VFL loss: 0.1148, total loss: 0.0728, anchor loss: 0.0307, VFL train accuracy: 0.9567
2026-04-20 22:25:13,076 - Epoch: 2, 211/278: VFL loss: 0.1149, total loss: 0.0728, anchor loss: 0.0308, VFL train accuracy: 0.9568
2026-04-20 22:25:13,275 - Epoch: 2, 221/278: VFL loss: 0.1153, total loss: 0.0730, anchor loss: 0.0308, VFL train accuracy: 0.9565
2026-04-20 22:25:13,482 - Epoch: 2, 231/278: VFL loss: 0.1154, total loss: 0.0731, anchor loss: 0.0308, VFL train accuracy: 0.9567
2026-04-20 22:25:13,683 - Epoch: 2, 241/278: VFL loss: 0.1156, total loss: 0.0732, anchor loss: 0.0308, VFL train accuracy: 0.9568
2026-04-20 22:25:13,895 - Epoch: 2, 251/278: VFL loss: 0.1155, total loss: 0.0731, anchor loss: 0.0308, VFL train accuracy: 0.9568
2026-04-20 22:25:14,116 - Epoch: 2, 261/278: VFL loss: 0.1150, total loss: 0.0729, anchor loss: 0.0308, VFL train accuracy: 0.9568
2026-04-20 22:25:14,314 - Epoch: 2, 271/278: VFL loss: 0.1150, total loss: 0.0729, anchor loss: 0.0308, VFL train accuracy: 0.9568
2026-04-20 22:25:14,482 - => Recorded Stage 2 client anchor losses for epoch 2 to 'results/AVGuard/stage3_gamma_sensitivity_3clients_noema_bounded_q/PHISHING_3clients_noema_bounded_q_gamma_5.0\stage2_final_epoch_client_anchor_losses.json': {0: 0.030413, 1: 0.033051, 2: 0.029201}
2026-04-20 22:25:14,485 - => Stage 2 EMA anchor update skipped at epoch 2 because momentum=1.0000 disables EMA; eligible classes per client {0: 2, 1: 2, 2: 2}
2026-04-20 22:25:14,485 - => Stage 2 Epoch 2 Training Summary: VFL loss: 0.1150, total loss: 0.0729, anchor loss: 0.0309, VFL train accuracy: 0.9566
2026-04-20 22:25:14,485 - => Test ASR...
2026-04-20 22:25:14,488 - =>Add Trigger to Test Data
2026-04-20 22:25:14,791 - Add Trigger to 6130 Bad Samples, 11600 Clean Samples (1.00)
2026-04-20 22:25:18,912 - => Test Epoch: 2, main task samples: 17730, attack samples: 17730, test loss: 0.1353, clean acc: 0.9323, Top-2: 1.0000, ASR: 0.1920, RAC: 0.8997, test target accuracy: 0.9777, stage3 final accuracy: 0.9323, stage3 final target accuracy: 0.9482, stage3 final asr: 0.1920, anchor loss: 0.0321
2026-04-20 22:25:18,912 - => Stage 3 Detection Summary: recall: 0.7766, precision: 0.8250, f1: 0.8001, false positive rate: 0.0477, correction rate: 0.7766
2026-04-20 22:25:18,912 - => Stage 3 Debug (clean): suspicious=845/17730, correction_applied=845, prediction_changed=845, skipped_tied_vote=0, skipped_low_margin=0, skipped_other=0
2026-04-20 22:25:18,912 - => Stage 3 Debug (poison-valid): suspicious=4059/6130, correction_applied=4059, prediction_changed=4059, skipped_tied_vote=0, skipped_low_margin=0, skipped_other=0
2026-04-20 22:25:18,913 - => Stage 3 Debug (attack-success): suspicious=4046/5210, correction_applied=4046, prediction_changed=4046, corrected_to_true=4046
2026-04-20 22:25:18,913 - => Stage 2 checkpoint score: mean(clean_acc=0.9323, recall=0.7766, correction_rate=0.7766) = 0.8285
2026-04-20 22:25:18,913 - => Save best checkpoint model...
2026-04-20 22:25:18,972 - => End Epoch: 2, early stop epochs: 0, best epoch: 2, best clean acc: 0.9323, best Top-2: 1.0000, best ASR: 0.1920, best RAC: 0.8997, anchor loss: 0.0321, best checkpoint score: 0.8285
2026-04-20 22:25:18,972 - => Stage 3 Detection Summary: recall: 0.7766, precision: 0.8250, f1: 0.8001, false positive rate: 0.0477, correction rate: 0.7766
2026-04-20 22:25:18,999 - => LFBA current anchor-derived target label: 0
2026-04-20 22:25:19,003 - =>Add Trigger to Train Data
2026-04-20 22:25:19,125 - Add Trigger to 7091 Bad Samples, 63826 Clean Samples (0.10)
2026-04-20 22:25:19,131 - => Start Training for Injecting Backdoor...
2026-04-20 22:25:19,172 - Epoch: 3, 1/278: VFL loss: 0.1333, total loss: 0.0823, anchor loss: 0.0313, VFL train accuracy: 0.9570
2026-04-20 22:25:19,382 - Epoch: 3, 11/278: VFL loss: 0.1115, total loss: 0.0712, anchor loss: 0.0308, VFL train accuracy: 0.9563
2026-04-20 22:25:19,605 - Epoch: 3, 21/278: VFL loss: 0.1172, total loss: 0.0745, anchor loss: 0.0318, VFL train accuracy: 0.9554
2026-04-20 22:25:19,811 - Epoch: 3, 31/278: VFL loss: 0.1139, total loss: 0.0727, anchor loss: 0.0314, VFL train accuracy: 0.9569
2026-04-20 22:25:20,024 - Epoch: 3, 41/278: VFL loss: 0.1145, total loss: 0.0730, anchor loss: 0.0315, VFL train accuracy: 0.9572
2026-04-20 22:25:20,245 - Epoch: 3, 51/278: VFL loss: 0.1147, total loss: 0.0729, anchor loss: 0.0311, VFL train accuracy: 0.9582
2026-04-20 22:25:20,479 - Epoch: 3, 61/278: VFL loss: 0.1149, total loss: 0.0730, anchor loss: 0.0311, VFL train accuracy: 0.9582
2026-04-20 22:25:20,703 - Epoch: 3, 71/278: VFL loss: 0.1149, total loss: 0.0730, anchor loss: 0.0311, VFL train accuracy: 0.9582
2026-04-20 22:25:20,904 - Epoch: 3, 81/278: VFL loss: 0.1152, total loss: 0.0732, anchor loss: 0.0312, VFL train accuracy: 0.9580
2026-04-20 22:25:21,094 - Epoch: 3, 91/278: VFL loss: 0.1154, total loss: 0.0733, anchor loss: 0.0312, VFL train accuracy: 0.9580
2026-04-20 22:25:21,306 - Epoch: 3, 101/278: VFL loss: 0.1146, total loss: 0.0728, anchor loss: 0.0311, VFL train accuracy: 0.9584
2026-04-20 22:25:21,517 - Epoch: 3, 111/278: VFL loss: 0.1156, total loss: 0.0734, anchor loss: 0.0312, VFL train accuracy: 0.9582
2026-04-20 22:25:21,739 - Epoch: 3, 121/278: VFL loss: 0.1151, total loss: 0.0732, anchor loss: 0.0313, VFL train accuracy: 0.9581
2026-04-20 22:25:21,943 - Epoch: 3, 131/278: VFL loss: 0.1142, total loss: 0.0727, anchor loss: 0.0312, VFL train accuracy: 0.9584
2026-04-20 22:25:22,149 - Epoch: 3, 141/278: VFL loss: 0.1144, total loss: 0.0729, anchor loss: 0.0313, VFL train accuracy: 0.9579
2026-04-20 22:25:22,350 - Epoch: 3, 151/278: VFL loss: 0.1144, total loss: 0.0728, anchor loss: 0.0313, VFL train accuracy: 0.9582
2026-04-20 22:25:22,564 - Epoch: 3, 161/278: VFL loss: 0.1136, total loss: 0.0724, anchor loss: 0.0311, VFL train accuracy: 0.9584
2026-04-20 22:25:22,787 - Epoch: 3, 171/278: VFL loss: 0.1126, total loss: 0.0718, anchor loss: 0.0310, VFL train accuracy: 0.9589
2026-04-20 22:25:23,009 - Epoch: 3, 181/278: VFL loss: 0.1126, total loss: 0.0718, anchor loss: 0.0310, VFL train accuracy: 0.9591
2026-04-20 22:25:23,224 - Epoch: 3, 191/278: VFL loss: 0.1124, total loss: 0.0717, anchor loss: 0.0310, VFL train accuracy: 0.9591
2026-04-20 22:25:23,433 - Epoch: 3, 201/278: VFL loss: 0.1127, total loss: 0.0718, anchor loss: 0.0309, VFL train accuracy: 0.9591
2026-04-20 22:25:23,646 - Epoch: 3, 211/278: VFL loss: 0.1122, total loss: 0.0716, anchor loss: 0.0309, VFL train accuracy: 0.9592
2026-04-20 22:25:23,853 - Epoch: 3, 221/278: VFL loss: 0.1116, total loss: 0.0712, anchor loss: 0.0308, VFL train accuracy: 0.9593
2026-04-20 22:25:24,065 - Epoch: 3, 231/278: VFL loss: 0.1113, total loss: 0.0710, anchor loss: 0.0308, VFL train accuracy: 0.9594
2026-04-20 22:25:24,279 - Epoch: 3, 241/278: VFL loss: 0.1107, total loss: 0.0707, anchor loss: 0.0306, VFL train accuracy: 0.9596
2026-04-20 22:25:24,491 - Epoch: 3, 251/278: VFL loss: 0.1106, total loss: 0.0706, anchor loss: 0.0306, VFL train accuracy: 0.9596
2026-04-20 22:25:24,700 - Epoch: 3, 261/278: VFL loss: 0.1106, total loss: 0.0706, anchor loss: 0.0306, VFL train accuracy: 0.9595
2026-04-20 22:25:24,904 - Epoch: 3, 271/278: VFL loss: 0.1100, total loss: 0.0703, anchor loss: 0.0306, VFL train accuracy: 0.9596
2026-04-20 22:25:25,059 - => Recorded Stage 2 client anchor losses for epoch 3 to 'results/AVGuard/stage3_gamma_sensitivity_3clients_noema_bounded_q/PHISHING_3clients_noema_bounded_q_gamma_5.0\stage2_final_epoch_client_anchor_losses.json': {0: 0.029916, 1: 0.032668, 2: 0.028962}
2026-04-20 22:25:25,060 - => Stage 2 EMA anchor update skipped at epoch 3 because momentum=1.0000 disables EMA; eligible classes per client {0: 2, 1: 2, 2: 2}
2026-04-20 22:25:25,061 - => Stage 2 Epoch 3 Training Summary: VFL loss: 0.1101, total loss: 0.0703, anchor loss: 0.0306, VFL train accuracy: 0.9596
2026-04-20 22:25:25,061 - => Test ASR...
2026-04-20 22:25:25,064 - =>Add Trigger to Test Data
2026-04-20 22:25:25,382 - Add Trigger to 6130 Bad Samples, 11600 Clean Samples (1.00)
2026-04-20 22:25:29,672 - => Test Epoch: 3, main task samples: 17730, attack samples: 17730, test loss: 0.1337, clean acc: 0.9298, Top-2: 1.0000, ASR: 0.1992, RAC: 0.9009, test target accuracy: 0.9801, stage3 final accuracy: 0.9298, stage3 final target accuracy: 0.9538, stage3 final asr: 0.1992, anchor loss: 0.0321
2026-04-20 22:25:29,673 - => Stage 3 Detection Summary: recall: 0.7674, precision: 0.8242, f1: 0.7948, false positive rate: 0.0455, correction rate: 0.7672
2026-04-20 22:25:29,673 - => Stage 3 Debug (clean): suspicious=806/17730, correction_applied=806, prediction_changed=806, skipped_tied_vote=0, skipped_low_margin=0, skipped_other=0
2026-04-20 22:25:29,673 - => Stage 3 Debug (poison-valid): suspicious=3954/6130, correction_applied=3953, prediction_changed=3953, skipped_tied_vote=0, skipped_low_margin=0, skipped_other=1
2026-04-20 22:25:29,673 - => Stage 3 Debug (attack-success): suspicious=3923/5112, correction_applied=3922, prediction_changed=3922, corrected_to_true=3922
2026-04-20 22:25:29,673 - => Stage 2 checkpoint score: mean(clean_acc=0.9298, recall=0.7674, correction_rate=0.7672) = 0.8215
2026-04-20 22:25:29,697 - => End Epoch: 3, early stop epochs: 1, best epoch: 2, best clean acc: 0.9323, best Top-2: 1.0000, best ASR: 0.1920, best RAC: 0.8997, anchor loss: 0.0321, best checkpoint score: 0.8285
2026-04-20 22:25:29,698 - => Stage 3 Detection Summary: recall: 0.7766, precision: 0.8250, f1: 0.8001, false positive rate: 0.0477, correction rate: 0.7766
2026-04-20 22:25:29,730 - => LFBA current anchor-derived target label: 0
2026-04-20 22:25:29,735 - =>Add Trigger to Train Data
2026-04-20 22:25:29,861 - Add Trigger to 7091 Bad Samples, 63826 Clean Samples (0.10)
2026-04-20 22:25:29,867 - => Start Training for Injecting Backdoor...
2026-04-20 22:25:29,899 - Epoch: 4, 1/278: VFL loss: 0.0841, total loss: 0.0547, anchor loss: 0.0253, VFL train accuracy: 0.9531
2026-04-20 22:25:30,117 - Epoch: 4, 11/278: VFL loss: 0.1346, total loss: 0.0840, anchor loss: 0.0334, VFL train accuracy: 0.9464
2026-04-20 22:25:30,304 - Epoch: 4, 21/278: VFL loss: 0.1334, total loss: 0.0834, anchor loss: 0.0335, VFL train accuracy: 0.9477
2026-04-20 22:25:30,523 - Epoch: 4, 31/278: VFL loss: 0.1241, total loss: 0.0788, anchor loss: 0.0335, VFL train accuracy: 0.9519
2026-04-20 22:25:30,740 - Epoch: 4, 41/278: VFL loss: 0.1206, total loss: 0.0767, anchor loss: 0.0329, VFL train accuracy: 0.9537
2026-04-20 22:25:30,948 - Epoch: 4, 51/278: VFL loss: 0.1178, total loss: 0.0751, anchor loss: 0.0323, VFL train accuracy: 0.9549
2026-04-20 22:25:31,153 - Epoch: 4, 61/278: VFL loss: 0.1147, total loss: 0.0734, anchor loss: 0.0321, VFL train accuracy: 0.9561
2026-04-20 22:25:31,369 - Epoch: 4, 71/278: VFL loss: 0.1140, total loss: 0.0730, anchor loss: 0.0320, VFL train accuracy: 0.9564
2026-04-20 22:25:31,579 - Epoch: 4, 81/278: VFL loss: 0.1126, total loss: 0.0721, anchor loss: 0.0316, VFL train accuracy: 0.9567
2026-04-20 22:25:31,784 - Epoch: 4, 91/278: VFL loss: 0.1117, total loss: 0.0716, anchor loss: 0.0315, VFL train accuracy: 0.9578
2026-04-20 22:25:31,981 - Epoch: 4, 101/278: VFL loss: 0.1113, total loss: 0.0713, anchor loss: 0.0313, VFL train accuracy: 0.9581
2026-04-20 22:25:32,191 - Epoch: 4, 111/278: VFL loss: 0.1109, total loss: 0.0711, anchor loss: 0.0313, VFL train accuracy: 0.9581
2026-04-20 22:25:32,404 - Epoch: 4, 121/278: VFL loss: 0.1109, total loss: 0.0711, anchor loss: 0.0313, VFL train accuracy: 0.9579
2026-04-20 22:25:32,618 - Epoch: 4, 131/278: VFL loss: 0.1110, total loss: 0.0712, anchor loss: 0.0314, VFL train accuracy: 0.9578
2026-04-20 22:25:32,837 - Epoch: 4, 141/278: VFL loss: 0.1105, total loss: 0.0709, anchor loss: 0.0314, VFL train accuracy: 0.9579
2026-04-20 22:25:33,056 - Epoch: 4, 151/278: VFL loss: 0.1097, total loss: 0.0705, anchor loss: 0.0312, VFL train accuracy: 0.9584
2026-04-20 22:25:33,263 - Epoch: 4, 161/278: VFL loss: 0.1097, total loss: 0.0704, anchor loss: 0.0312, VFL train accuracy: 0.9583
2026-04-20 22:25:33,489 - Epoch: 4, 171/278: VFL loss: 0.1099, total loss: 0.0705, anchor loss: 0.0312, VFL train accuracy: 0.9579
2026-04-20 22:25:33,693 - Epoch: 4, 181/278: VFL loss: 0.1094, total loss: 0.0703, anchor loss: 0.0312, VFL train accuracy: 0.9581
2026-04-20 22:25:33,895 - Epoch: 4, 191/278: VFL loss: 0.1092, total loss: 0.0702, anchor loss: 0.0311, VFL train accuracy: 0.9583
2026-04-20 22:25:34,120 - Epoch: 4, 201/278: VFL loss: 0.1091, total loss: 0.0700, anchor loss: 0.0310, VFL train accuracy: 0.9584
2026-04-20 22:25:34,330 - Epoch: 4, 211/278: VFL loss: 0.1096, total loss: 0.0703, anchor loss: 0.0310, VFL train accuracy: 0.9583
2026-04-20 22:25:34,538 - Epoch: 4, 221/278: VFL loss: 0.1095, total loss: 0.0703, anchor loss: 0.0310, VFL train accuracy: 0.9585
2026-04-20 22:25:34,744 - Epoch: 4, 231/278: VFL loss: 0.1096, total loss: 0.0703, anchor loss: 0.0309, VFL train accuracy: 0.9584
2026-04-20 22:25:34,951 - Epoch: 4, 241/278: VFL loss: 0.1095, total loss: 0.0702, anchor loss: 0.0309, VFL train accuracy: 0.9584
2026-04-20 22:25:35,179 - Epoch: 4, 251/278: VFL loss: 0.1092, total loss: 0.0700, anchor loss: 0.0309, VFL train accuracy: 0.9584
2026-04-20 22:25:35,398 - Epoch: 4, 261/278: VFL loss: 0.1094, total loss: 0.0702, anchor loss: 0.0309, VFL train accuracy: 0.9582
2026-04-20 22:25:35,615 - Epoch: 4, 271/278: VFL loss: 0.1092, total loss: 0.0701, anchor loss: 0.0309, VFL train accuracy: 0.9583
2026-04-20 22:25:35,777 - => Recorded Stage 2 client anchor losses for epoch 4 to 'results/AVGuard/stage3_gamma_sensitivity_3clients_noema_bounded_q/PHISHING_3clients_noema_bounded_q_gamma_5.0\stage2_final_epoch_client_anchor_losses.json': {0: 0.031192, 1: 0.032762, 2: 0.028693}
2026-04-20 22:25:35,778 - => Stage 2 EMA anchor update skipped at epoch 4 because momentum=1.0000 disables EMA; eligible classes per client {0: 2, 1: 2, 2: 2}
2026-04-20 22:25:35,778 - => Stage 2 Epoch 4 Training Summary: VFL loss: 0.1087, total loss: 0.0698, anchor loss: 0.0308, VFL train accuracy: 0.9584
2026-04-20 22:25:35,778 - => Test ASR...
2026-04-20 22:25:35,781 - =>Add Trigger to Test Data
2026-04-20 22:25:36,076 - Add Trigger to 6130 Bad Samples, 11600 Clean Samples (1.00)
2026-04-20 22:25:40,306 - => Test Epoch: 4, main task samples: 17730, attack samples: 17730, test loss: 0.1182, clean acc: 0.9301, Top-2: 1.0000, ASR: 0.1687, RAC: 0.9037, test target accuracy: 0.9647, stage3 final accuracy: 0.9301, stage3 final target accuracy: 0.9420, stage3 final asr: 0.1687, anchor loss: 0.0312
2026-04-20 22:25:40,306 - => Stage 3 Detection Summary: recall: 0.8015, precision: 0.8090, f1: 0.8052, false positive rate: 0.0523, correction rate: 0.8013
2026-04-20 22:25:40,306 - => Stage 3 Debug (clean): suspicious=928/17730, correction_applied=925, prediction_changed=925, skipped_tied_vote=0, skipped_low_margin=0, skipped_other=3
2026-04-20 22:25:40,306 - => Stage 3 Debug (poison-valid): suspicious=4082/6130, correction_applied=4081, prediction_changed=4081, skipped_tied_vote=0, skipped_low_margin=0, skipped_other=1
2026-04-20 22:25:40,306 - => Stage 3 Debug (attack-success): suspicious=4053/5057, correction_applied=4052, prediction_changed=4052, corrected_to_true=4052
2026-04-20 22:25:40,307 - => Stage 2 checkpoint score: mean(clean_acc=0.9301, recall=0.8015, correction_rate=0.8013) = 0.8443
2026-04-20 22:25:40,307 - => Save best checkpoint model...
2026-04-20 22:25:40,367 - => End Epoch: 4, early stop epochs: 0, best epoch: 4, best clean acc: 0.9301, best Top-2: 1.0000, best ASR: 0.1687, best RAC: 0.9037, anchor loss: 0.0312, best checkpoint score: 0.8443
2026-04-20 22:25:40,367 - => Stage 3 Detection Summary: recall: 0.8015, precision: 0.8090, f1: 0.8052, false positive rate: 0.0523, correction rate: 0.8013
2026-04-20 22:25:40,402 - => LFBA current anchor-derived target label: 0
2026-04-20 22:25:40,405 - =>Add Trigger to Train Data
2026-04-20 22:25:40,530 - Add Trigger to 7091 Bad Samples, 63826 Clean Samples (0.10)
2026-04-20 22:25:40,536 - => Start Training for Injecting Backdoor...
2026-04-20 22:25:40,561 - Epoch: 5, 1/278: VFL loss: 0.0703, total loss: 0.0456, anchor loss: 0.0210, VFL train accuracy: 0.9727
2026-04-20 22:25:40,783 - Epoch: 5, 11/278: VFL loss: 0.0968, total loss: 0.0623, anchor loss: 0.0278, VFL train accuracy: 0.9631
2026-04-20 22:25:40,986 - Epoch: 5, 21/278: VFL loss: 0.1039, total loss: 0.0666, anchor loss: 0.0293, VFL train accuracy: 0.9581
2026-04-20 22:25:41,203 - Epoch: 5, 31/278: VFL loss: 0.1045, total loss: 0.0672, anchor loss: 0.0299, VFL train accuracy: 0.9588
2026-04-20 22:25:41,417 - Epoch: 5, 41/278: VFL loss: 0.1011, total loss: 0.0653, anchor loss: 0.0295, VFL train accuracy: 0.9604
2026-04-20 22:25:41,634 - Epoch: 5, 51/278: VFL loss: 0.0999, total loss: 0.0647, anchor loss: 0.0295, VFL train accuracy: 0.9610
2026-04-20 22:25:41,858 - Epoch: 5, 61/278: VFL loss: 0.0987, total loss: 0.0640, anchor loss: 0.0293, VFL train accuracy: 0.9610
2026-04-20 22:25:42,073 - Epoch: 5, 71/278: VFL loss: 0.0996, total loss: 0.0646, anchor loss: 0.0296, VFL train accuracy: 0.9609
2026-04-20 22:25:42,279 - Epoch: 5, 81/278: VFL loss: 0.1003, total loss: 0.0648, anchor loss: 0.0294, VFL train accuracy: 0.9610
2026-04-20 22:25:42,506 - Epoch: 5, 91/278: VFL loss: 0.1027, total loss: 0.0661, anchor loss: 0.0296, VFL train accuracy: 0.9602
2026-04-20 22:25:42,725 - Epoch: 5, 101/278: VFL loss: 0.1031, total loss: 0.0664, anchor loss: 0.0297, VFL train accuracy: 0.9599
2026-04-20 22:25:42,924 - Epoch: 5, 111/278: VFL loss: 0.1025, total loss: 0.0661, anchor loss: 0.0296, VFL train accuracy: 0.9602
2026-04-20 22:25:43,145 - Epoch: 5, 121/278: VFL loss: 0.1026, total loss: 0.0661, anchor loss: 0.0297, VFL train accuracy: 0.9603
2026-04-20 22:25:43,353 - Epoch: 5, 131/278: VFL loss: 0.1037, total loss: 0.0667, anchor loss: 0.0297, VFL train accuracy: 0.9603
2026-04-20 22:25:43,585 - Epoch: 5, 141/278: VFL loss: 0.1033, total loss: 0.0665, anchor loss: 0.0297, VFL train accuracy: 0.9604
2026-04-20 22:25:43,803 - Epoch: 5, 151/278: VFL loss: 0.1039, total loss: 0.0669, anchor loss: 0.0298, VFL train accuracy: 0.9602
2026-04-20 22:25:44,019 - Epoch: 5, 161/278: VFL loss: 0.1043, total loss: 0.0671, anchor loss: 0.0299, VFL train accuracy: 0.9603
2026-04-20 22:25:44,235 - Epoch: 5, 171/278: VFL loss: 0.1040, total loss: 0.0670, anchor loss: 0.0300, VFL train accuracy: 0.9606
2026-04-20 22:25:44,440 - Epoch: 5, 181/278: VFL loss: 0.1037, total loss: 0.0668, anchor loss: 0.0300, VFL train accuracy: 0.9609
2026-04-20 22:25:44,655 - Epoch: 5, 191/278: VFL loss: 0.1041, total loss: 0.0671, anchor loss: 0.0300, VFL train accuracy: 0.9603
2026-04-20 22:25:44,877 - Epoch: 5, 201/278: VFL loss: 0.1036, total loss: 0.0668, anchor loss: 0.0300, VFL train accuracy: 0.9606
2026-04-20 22:25:45,088 - Epoch: 5, 211/278: VFL loss: 0.1035, total loss: 0.0668, anchor loss: 0.0300, VFL train accuracy: 0.9607
2026-04-20 22:25:45,323 - Epoch: 5, 221/278: VFL loss: 0.1037, total loss: 0.0669, anchor loss: 0.0300, VFL train accuracy: 0.9607
2026-04-20 22:25:45,533 - Epoch: 5, 231/278: VFL loss: 0.1044, total loss: 0.0673, anchor loss: 0.0301, VFL train accuracy: 0.9604
2026-04-20 22:25:45,757 - Epoch: 5, 241/278: VFL loss: 0.1047, total loss: 0.0674, anchor loss: 0.0302, VFL train accuracy: 0.9602
2026-04-20 22:25:45,979 - Epoch: 5, 251/278: VFL loss: 0.1044, total loss: 0.0673, anchor loss: 0.0301, VFL train accuracy: 0.9603
2026-04-20 22:25:46,194 - Epoch: 5, 261/278: VFL loss: 0.1043, total loss: 0.0672, anchor loss: 0.0302, VFL train accuracy: 0.9605
2026-04-20 22:25:46,408 - Epoch: 5, 271/278: VFL loss: 0.1049, total loss: 0.0676, anchor loss: 0.0303, VFL train accuracy: 0.9603
2026-04-20 22:25:46,574 - => Recorded Stage 2 client anchor losses for epoch 5 to 'results/AVGuard/stage3_gamma_sensitivity_3clients_noema_bounded_q/PHISHING_3clients_noema_bounded_q_gamma_5.0\stage2_final_epoch_client_anchor_losses.json': {0: 0.02936, 1: 0.032467, 2: 0.028888}
2026-04-20 22:25:46,579 - => Stage 2 EMA anchor update skipped at epoch 5 because momentum=1.0000 disables EMA; eligible classes per client {0: 2, 1: 2, 2: 2}
2026-04-20 22:25:46,579 - => Stage 2 Epoch 5 Training Summary: VFL loss: 0.1043, total loss: 0.0673, anchor loss: 0.0303, VFL train accuracy: 0.9603
2026-04-20 22:25:46,579 - => Test ASR...
2026-04-20 22:25:46,583 - =>Add Trigger to Test Data
2026-04-20 22:25:46,886 - Add Trigger to 6130 Bad Samples, 11600 Clean Samples (1.00)
2026-04-20 22:25:51,086 - => Test Epoch: 5, main task samples: 17730, attack samples: 17730, test loss: 0.1204, clean acc: 0.9276, Top-2: 1.0000, ASR: 0.1481, RAC: 0.9065, test target accuracy: 0.9595, stage3 final accuracy: 0.9276, stage3 final target accuracy: 0.9353, stage3 final asr: 0.1481, anchor loss: 0.0307
2026-04-20 22:25:51,087 - => Stage 3 Detection Summary: recall: 0.8297, precision: 0.8073, f1: 0.8183, false positive rate: 0.0561, correction rate: 0.8295
2026-04-20 22:25:51,087 - => Stage 3 Debug (clean): suspicious=994/17730, correction_applied=993, prediction_changed=993, skipped_tied_vote=0, skipped_low_margin=0, skipped_other=1
2026-04-20 22:25:51,087 - => Stage 3 Debug (poison-valid): suspicious=4310/6130, correction_applied=4309, prediction_changed=4309, skipped_tied_vote=0, skipped_low_margin=0, skipped_other=1
2026-04-20 22:25:51,087 - => Stage 3 Debug (attack-success): suspicious=4282/5161, correction_applied=4281, prediction_changed=4281, corrected_to_true=4281
2026-04-20 22:25:51,087 - => Stage 2 checkpoint score: mean(clean_acc=0.9276, recall=0.8297, correction_rate=0.8295) = 0.8623
2026-04-20 22:25:51,087 - => Save best checkpoint model...
2026-04-20 22:25:51,146 - => End Epoch: 5, early stop epochs: 0, best epoch: 5, best clean acc: 0.9276, best Top-2: 1.0000, best ASR: 0.1481, best RAC: 0.9065, anchor loss: 0.0307, best checkpoint score: 0.8623
2026-04-20 22:25:51,147 - => Stage 3 Detection Summary: recall: 0.8297, precision: 0.8073, f1: 0.8183, false positive rate: 0.0561, correction rate: 0.8295
2026-04-20 22:25:51,175 - => LFBA current anchor-derived target label: 0
2026-04-20 22:25:51,179 - =>Add Trigger to Train Data
2026-04-20 22:25:51,300 - Add Trigger to 7091 Bad Samples, 63826 Clean Samples (0.10)
2026-04-20 22:25:51,307 - => Start Training for Injecting Backdoor...
2026-04-20 22:25:51,333 - Epoch: 6, 1/278: VFL loss: 0.0984, total loss: 0.0648, anchor loss: 0.0311, VFL train accuracy: 0.9570
2026-04-20 22:25:51,555 - Epoch: 6, 11/278: VFL loss: 0.0977, total loss: 0.0638, anchor loss: 0.0298, VFL train accuracy: 0.9659
2026-04-20 22:25:51,789 - Epoch: 6, 21/278: VFL loss: 0.0911, total loss: 0.0597, anchor loss: 0.0283, VFL train accuracy: 0.9671
2026-04-20 22:25:52,006 - Epoch: 6, 31/278: VFL loss: 0.0968, total loss: 0.0629, anchor loss: 0.0290, VFL train accuracy: 0.9647
2026-04-20 22:25:52,222 - Epoch: 6, 41/278: VFL loss: 0.0958, total loss: 0.0624, anchor loss: 0.0290, VFL train accuracy: 0.9650
2026-04-20 22:25:52,442 - Epoch: 6, 51/278: VFL loss: 0.0974, total loss: 0.0634, anchor loss: 0.0295, VFL train accuracy: 0.9638
2026-04-20 22:25:52,667 - Epoch: 6, 61/278: VFL loss: 0.0967, total loss: 0.0631, anchor loss: 0.0295, VFL train accuracy: 0.9631
2026-04-20 22:25:52,869 - Epoch: 6, 71/278: VFL loss: 0.0971, total loss: 0.0633, anchor loss: 0.0294, VFL train accuracy: 0.9626
2026-04-20 22:25:53,084 - Epoch: 6, 81/278: VFL loss: 0.0987, total loss: 0.0641, anchor loss: 0.0295, VFL train accuracy: 0.9625
2026-04-20 22:25:53,286 - Epoch: 6, 91/278: VFL loss: 0.0987, total loss: 0.0641, anchor loss: 0.0296, VFL train accuracy: 0.9623
2026-04-20 22:25:53,494 - Epoch: 6, 101/278: VFL loss: 0.0997, total loss: 0.0648, anchor loss: 0.0298, VFL train accuracy: 0.9616
2026-04-20 22:25:53,857 - Epoch: 6, 111/278: VFL loss: 0.0997, total loss: 0.0648, anchor loss: 0.0299, VFL train accuracy: 0.9616
2026-04-20 22:25:54,079 - Epoch: 6, 121/278: VFL loss: 0.0998, total loss: 0.0649, anchor loss: 0.0299, VFL train accuracy: 0.9616
2026-04-20 22:25:54,298 - Epoch: 6, 131/278: VFL loss: 0.0994, total loss: 0.0646, anchor loss: 0.0298, VFL train accuracy: 0.9619
2026-04-20 22:25:54,513 - Epoch: 6, 141/278: VFL loss: 0.0996, total loss: 0.0647, anchor loss: 0.0297, VFL train accuracy: 0.9617
2026-04-20 22:25:54,711 - Epoch: 6, 151/278: VFL loss: 0.0999, total loss: 0.0648, anchor loss: 0.0297, VFL train accuracy: 0.9619
2026-04-20 22:25:54,938 - Epoch: 6, 161/278: VFL loss: 0.0995, total loss: 0.0646, anchor loss: 0.0296, VFL train accuracy: 0.9619
2026-04-20 22:25:55,149 - Epoch: 6, 171/278: VFL loss: 0.0993, total loss: 0.0645, anchor loss: 0.0296, VFL train accuracy: 0.9620
2026-04-20 22:25:55,345 - Epoch: 6, 181/278: VFL loss: 0.0998, total loss: 0.0647, anchor loss: 0.0296, VFL train accuracy: 0.9619
2026-04-20 22:25:55,544 - Epoch: 6, 191/278: VFL loss: 0.0998, total loss: 0.0647, anchor loss: 0.0296, VFL train accuracy: 0.9620
2026-04-20 22:25:55,751 - Epoch: 6, 201/278: VFL loss: 0.1001, total loss: 0.0649, anchor loss: 0.0297, VFL train accuracy: 0.9620
2026-04-20 22:25:55,948 - Epoch: 6, 211/278: VFL loss: 0.1003, total loss: 0.0650, anchor loss: 0.0297, VFL train accuracy: 0.9619
2026-04-20 22:25:56,170 - Epoch: 6, 221/278: VFL loss: 0.1000, total loss: 0.0649, anchor loss: 0.0298, VFL train accuracy: 0.9621
2026-04-20 22:25:56,366 - Epoch: 6, 231/278: VFL loss: 0.1006, total loss: 0.0652, anchor loss: 0.0298, VFL train accuracy: 0.9618
2026-04-20 22:25:56,587 - Epoch: 6, 241/278: VFL loss: 0.1010, total loss: 0.0654, anchor loss: 0.0298, VFL train accuracy: 0.9617
2026-04-20 22:25:56,788 - Epoch: 6, 251/278: VFL loss: 0.1011, total loss: 0.0654, anchor loss: 0.0298, VFL train accuracy: 0.9617
2026-04-20 22:25:56,994 - Epoch: 6, 261/278: VFL loss: 0.1008, total loss: 0.0653, anchor loss: 0.0297, VFL train accuracy: 0.9617
2026-04-20 22:25:57,215 - Epoch: 6, 271/278: VFL loss: 0.1012, total loss: 0.0655, anchor loss: 0.0298, VFL train accuracy: 0.9616
2026-04-20 22:25:57,365 - => Recorded Stage 2 client anchor losses for epoch 6 to 'results/AVGuard/stage3_gamma_sensitivity_3clients_noema_bounded_q/PHISHING_3clients_noema_bounded_q_gamma_5.0\stage2_final_epoch_client_anchor_losses.json': {0: 0.028933, 1: 0.032304, 2: 0.028133}
2026-04-20 22:25:57,366 - => Stage 2 EMA anchor update skipped at epoch 6 because momentum=1.0000 disables EMA; eligible classes per client {0: 2, 1: 2, 2: 2}
2026-04-20 22:25:57,367 - => Stage 2 Epoch 6 Training Summary: VFL loss: 0.1015, total loss: 0.0657, anchor loss: 0.0299, VFL train accuracy: 0.9616
2026-04-20 22:25:57,367 - => Test ASR...
2026-04-20 22:25:57,369 - =>Add Trigger to Test Data
2026-04-20 22:25:57,667 - Add Trigger to 6130 Bad Samples, 11600 Clean Samples (1.00)
2026-04-20 22:26:01,746 - => Test Epoch: 6, main task samples: 17730, attack samples: 17730, test loss: 0.1159, clean acc: 0.9297, Top-2: 1.0000, ASR: 0.1755, RAC: 0.9028, test target accuracy: 0.9703, stage3 final accuracy: 0.9297, stage3 final target accuracy: 0.9441, stage3 final asr: 0.1755, anchor loss: 0.0305
2026-04-20 22:26:01,746 - => Stage 3 Detection Summary: recall: 0.7995, precision: 0.8101, f1: 0.8048, false positive rate: 0.0532, correction rate: 0.7995
2026-04-20 22:26:01,746 - => Stage 3 Debug (clean): suspicious=944/17730, correction_applied=944, prediction_changed=944, skipped_tied_vote=0, skipped_low_margin=0, skipped_other=0
2026-04-20 22:26:01,746 - => Stage 3 Debug (poison-valid): suspicious=4195/6130, correction_applied=4195, prediction_changed=4195, skipped_tied_vote=0, skipped_low_margin=0, skipped_other=0
2026-04-20 22:26:01,747 - => Stage 3 Debug (attack-success): suspicious=4163/5207, correction_applied=4163, prediction_changed=4163, corrected_to_true=4163
2026-04-20 22:26:01,747 - => Stage 2 checkpoint score: mean(clean_acc=0.9297, recall=0.7995, correction_rate=0.7995) = 0.8429
2026-04-20 22:26:01,765 - => End Epoch: 6, early stop epochs: 1, best epoch: 5, best clean acc: 0.9276, best Top-2: 1.0000, best ASR: 0.1481, best RAC: 0.9065, anchor loss: 0.0307, best checkpoint score: 0.8623
2026-04-20 22:26:01,765 - => Stage 3 Detection Summary: recall: 0.8297, precision: 0.8073, f1: 0.8183, false positive rate: 0.0561, correction rate: 0.8295
2026-04-20 22:26:01,799 - => LFBA current anchor-derived target label: 0
2026-04-20 22:26:01,802 - =>Add Trigger to Train Data
2026-04-20 22:26:01,927 - Add Trigger to 7091 Bad Samples, 63826 Clean Samples (0.10)
2026-04-20 22:26:01,935 - => Start Training for Injecting Backdoor...
2026-04-20 22:26:01,964 - Epoch: 7, 1/278: VFL loss: 0.0887, total loss: 0.0612, anchor loss: 0.0337, VFL train accuracy: 0.9570
2026-04-20 22:26:02,176 - Epoch: 7, 11/278: VFL loss: 0.1136, total loss: 0.0721, anchor loss: 0.0306, VFL train accuracy: 0.9556
2026-04-20 22:26:02,400 - Epoch: 7, 21/278: VFL loss: 0.1072, total loss: 0.0690, anchor loss: 0.0309, VFL train accuracy: 0.9593
2026-04-20 22:26:02,629 - Epoch: 7, 31/278: VFL loss: 0.1032, total loss: 0.0668, anchor loss: 0.0304, VFL train accuracy: 0.9609
2026-04-20 22:26:02,846 - Epoch: 7, 41/278: VFL loss: 0.1012, total loss: 0.0656, anchor loss: 0.0300, VFL train accuracy: 0.9607
2026-04-20 22:26:03,045 - Epoch: 7, 51/278: VFL loss: 0.1017, total loss: 0.0660, anchor loss: 0.0304, VFL train accuracy: 0.9602
2026-04-20 22:26:03,240 - Epoch: 7, 61/278: VFL loss: 0.1012, total loss: 0.0656, anchor loss: 0.0301, VFL train accuracy: 0.9607
2026-04-20 22:26:03,443 - Epoch: 7, 71/278: VFL loss: 0.1004, total loss: 0.0651, anchor loss: 0.0298, VFL train accuracy: 0.9613
2026-04-20 22:26:03,646 - Epoch: 7, 81/278: VFL loss: 0.0994, total loss: 0.0645, anchor loss: 0.0296, VFL train accuracy: 0.9620
2026-04-20 22:26:03,842 - Epoch: 7, 91/278: VFL loss: 0.0975, total loss: 0.0634, anchor loss: 0.0292, VFL train accuracy: 0.9632
2026-04-20 22:26:04,040 - Epoch: 7, 101/278: VFL loss: 0.0969, total loss: 0.0630, anchor loss: 0.0292, VFL train accuracy: 0.9633
2026-04-20 22:26:04,212 - Epoch: 7, 111/278: VFL loss: 0.0975, total loss: 0.0634, anchor loss: 0.0293, VFL train accuracy: 0.9627
2026-04-20 22:26:04,427 - Epoch: 7, 121/278: VFL loss: 0.0983, total loss: 0.0638, anchor loss: 0.0293, VFL train accuracy: 0.9622
2026-04-20 22:26:04,640 - Epoch: 7, 131/278: VFL loss: 0.0989, total loss: 0.0642, anchor loss: 0.0294, VFL train accuracy: 0.9620
2026-04-20 22:26:04,851 - Epoch: 7, 141/278: VFL loss: 0.0988, total loss: 0.0641, anchor loss: 0.0294, VFL train accuracy: 0.9622
2026-04-20 22:26:05,049 - Epoch: 7, 151/278: VFL loss: 0.0984, total loss: 0.0640, anchor loss: 0.0295, VFL train accuracy: 0.9622
2026-04-20 22:26:05,269 - Epoch: 7, 161/278: VFL loss: 0.0986, total loss: 0.0640, anchor loss: 0.0295, VFL train accuracy: 0.9621
2026-04-20 22:26:05,474 - Epoch: 7, 171/278: VFL loss: 0.0995, total loss: 0.0646, anchor loss: 0.0296, VFL train accuracy: 0.9619
2026-04-20 22:26:05,686 - Epoch: 7, 181/278: VFL loss: 0.0997, total loss: 0.0647, anchor loss: 0.0296, VFL train accuracy: 0.9616
2026-04-20 22:26:05,899 - Epoch: 7, 191/278: VFL loss: 0.0994, total loss: 0.0645, anchor loss: 0.0297, VFL train accuracy: 0.9619
2026-04-20 22:26:06,099 - Epoch: 7, 201/278: VFL loss: 0.0995, total loss: 0.0645, anchor loss: 0.0296, VFL train accuracy: 0.9620
2026-04-20 22:26:06,311 - Epoch: 7, 211/278: VFL loss: 0.1000, total loss: 0.0649, anchor loss: 0.0297, VFL train accuracy: 0.9617
2026-04-20 22:26:06,541 - Epoch: 7, 221/278: VFL loss: 0.1007, total loss: 0.0652, anchor loss: 0.0298, VFL train accuracy: 0.9615
2026-04-20 22:26:06,770 - Epoch: 7, 231/278: VFL loss: 0.1010, total loss: 0.0654, anchor loss: 0.0298, VFL train accuracy: 0.9614
2026-04-20 22:26:06,971 - Epoch: 7, 241/278: VFL loss: 0.1012, total loss: 0.0655, anchor loss: 0.0298, VFL train accuracy: 0.9613
2026-04-20 22:26:07,178 - Epoch: 7, 251/278: VFL loss: 0.1009, total loss: 0.0653, anchor loss: 0.0298, VFL train accuracy: 0.9615
2026-04-20 22:26:07,401 - Epoch: 7, 261/278: VFL loss: 0.1010, total loss: 0.0654, anchor loss: 0.0298, VFL train accuracy: 0.9616
2026-04-20 22:26:07,616 - Epoch: 7, 271/278: VFL loss: 0.1010, total loss: 0.0654, anchor loss: 0.0298, VFL train accuracy: 0.9618
2026-04-20 22:26:07,777 - => Recorded Stage 2 client anchor losses for epoch 7 to 'results/AVGuard/stage3_gamma_sensitivity_3clients_noema_bounded_q/PHISHING_3clients_noema_bounded_q_gamma_5.0\stage2_final_epoch_client_anchor_losses.json': {0: 0.028589, 1: 0.032301, 2: 0.02851}
2026-04-20 22:26:07,778 - => Stage 2 EMA anchor update skipped at epoch 7 because momentum=1.0000 disables EMA; eligible classes per client {0: 2, 1: 2, 2: 2}
2026-04-20 22:26:07,779 - => Stage 2 Epoch 7 Training Summary: VFL loss: 0.1007, total loss: 0.0652, anchor loss: 0.0297, VFL train accuracy: 0.9617
2026-04-20 22:26:07,779 - => Test ASR...
2026-04-20 22:26:07,781 - =>Add Trigger to Test Data
2026-04-20 22:26:08,079 - Add Trigger to 6130 Bad Samples, 11600 Clean Samples (1.00)
2026-04-20 22:26:12,031 - => Test Epoch: 7, main task samples: 17730, attack samples: 17730, test loss: 0.1177, clean acc: 0.9290, Top-2: 1.0000, ASR: 0.1737, RAC: 0.9022, test target accuracy: 0.9723, stage3 final accuracy: 0.9290, stage3 final target accuracy: 0.9423, stage3 final asr: 0.1737, anchor loss: 0.0305
2026-04-20 22:26:12,032 - => Stage 3 Detection Summary: recall: 0.8086, precision: 0.8145, f1: 0.8115, false positive rate: 0.0565, correction rate: 0.8086
2026-04-20 22:26:12,032 - => Stage 3 Debug (clean): suspicious=1001/17730, correction_applied=1000, prediction_changed=1000, skipped_tied_vote=0, skipped_low_margin=0, skipped_other=1
2026-04-20 22:26:12,032 - => Stage 3 Debug (poison-valid): suspicious=4460/6130, correction_applied=4460, prediction_changed=4460, skipped_tied_vote=0, skipped_low_margin=0, skipped_other=0
2026-04-20 22:26:12,032 - => Stage 3 Debug (attack-success): suspicious=4448/5501, correction_applied=4448, prediction_changed=4448, corrected_to_true=4448
2026-04-20 22:26:12,033 - => Stage 2 checkpoint score: mean(clean_acc=0.9290, recall=0.8086, correction_rate=0.8086) = 0.8487
2026-04-20 22:26:12,057 - => End Epoch: 7, early stop epochs: 2, best epoch: 5, best clean acc: 0.9276, best Top-2: 1.0000, best ASR: 0.1481, best RAC: 0.9065, anchor loss: 0.0307, best checkpoint score: 0.8623
2026-04-20 22:26:12,057 - => Stage 3 Detection Summary: recall: 0.8297, precision: 0.8073, f1: 0.8183, false positive rate: 0.0561, correction rate: 0.8295
2026-04-20 22:26:12,092 - => LFBA current anchor-derived target label: 0
2026-04-20 22:26:12,095 - =>Add Trigger to Train Data
2026-04-20 22:26:12,221 - Add Trigger to 7091 Bad Samples, 63826 Clean Samples (0.10)
2026-04-20 22:26:12,227 - => Start Training for Injecting Backdoor...
2026-04-20 22:26:12,254 - Epoch: 8, 1/278: VFL loss: 0.0634, total loss: 0.0445, anchor loss: 0.0255, VFL train accuracy: 0.9766
2026-04-20 22:26:12,453 - Epoch: 8, 11/278: VFL loss: 0.1043, total loss: 0.0671, anchor loss: 0.0300, VFL train accuracy: 0.9595
2026-04-20 22:26:12,676 - Epoch: 8, 21/278: VFL loss: 0.0998, total loss: 0.0646, anchor loss: 0.0294, VFL train accuracy: 0.9615
2026-04-20 22:26:12,885 - Epoch: 8, 31/278: VFL loss: 0.0958, total loss: 0.0624, anchor loss: 0.0289, VFL train accuracy: 0.9632
2026-04-20 22:26:13,097 - Epoch: 8, 41/278: VFL loss: 0.0975, total loss: 0.0634, anchor loss: 0.0293, VFL train accuracy: 0.9628
2026-04-20 22:26:13,320 - Epoch: 8, 51/278: VFL loss: 0.0981, total loss: 0.0638, anchor loss: 0.0296, VFL train accuracy: 0.9631
2026-04-20 22:26:13,543 - Epoch: 8, 61/278: VFL loss: 0.1011, total loss: 0.0653, anchor loss: 0.0296, VFL train accuracy: 0.9624
2026-04-20 22:26:13,753 - Epoch: 8, 71/278: VFL loss: 0.0996, total loss: 0.0647, anchor loss: 0.0297, VFL train accuracy: 0.9631
2026-04-20 22:26:13,960 - Epoch: 8, 81/278: VFL loss: 0.1019, total loss: 0.0660, anchor loss: 0.0300, VFL train accuracy: 0.9621
2026-04-20 22:26:14,176 - Epoch: 8, 91/278: VFL loss: 0.1016, total loss: 0.0658, anchor loss: 0.0300, VFL train accuracy: 0.9618
2026-04-20 22:26:14,394 - Epoch: 8, 101/278: VFL loss: 0.1025, total loss: 0.0663, anchor loss: 0.0300, VFL train accuracy: 0.9617
2026-04-20 22:26:14,609 - Epoch: 8, 111/278: VFL loss: 0.1024, total loss: 0.0662, anchor loss: 0.0301, VFL train accuracy: 0.9615
2026-04-20 22:26:14,822 - Epoch: 8, 121/278: VFL loss: 0.1037, total loss: 0.0669, anchor loss: 0.0302, VFL train accuracy: 0.9607
2026-04-20 22:26:15,032 - Epoch: 8, 131/278: VFL loss: 0.1029, total loss: 0.0665, anchor loss: 0.0301, VFL train accuracy: 0.9613
2026-04-20 22:26:15,258 - Epoch: 8, 141/278: VFL loss: 0.1024, total loss: 0.0663, anchor loss: 0.0301, VFL train accuracy: 0.9613
2026-04-20 22:26:15,463 - Epoch: 8, 151/278: VFL loss: 0.1019, total loss: 0.0659, anchor loss: 0.0300, VFL train accuracy: 0.9615
2026-04-20 22:26:15,687 - Epoch: 8, 161/278: VFL loss: 0.1006, total loss: 0.0652, anchor loss: 0.0297, VFL train accuracy: 0.9618
2026-04-20 22:26:15,877 - Epoch: 8, 171/278: VFL loss: 0.1002, total loss: 0.0649, anchor loss: 0.0296, VFL train accuracy: 0.9621
2026-04-20 22:26:16,110 - Epoch: 8, 181/278: VFL loss: 0.0996, total loss: 0.0646, anchor loss: 0.0296, VFL train accuracy: 0.9620
2026-04-20 22:26:16,319 - Epoch: 8, 191/278: VFL loss: 0.0998, total loss: 0.0647, anchor loss: 0.0296, VFL train accuracy: 0.9622
2026-04-20 22:26:16,530 - Epoch: 8, 201/278: VFL loss: 0.0991, total loss: 0.0643, anchor loss: 0.0295, VFL train accuracy: 0.9623
2026-04-20 22:26:16,740 - Epoch: 8, 211/278: VFL loss: 0.0991, total loss: 0.0643, anchor loss: 0.0296, VFL train accuracy: 0.9622
2026-04-20 22:26:16,922 - Epoch: 8, 221/278: VFL loss: 0.0986, total loss: 0.0641, anchor loss: 0.0295, VFL train accuracy: 0.9625
2026-04-20 22:26:17,282 - Epoch: 8, 231/278: VFL loss: 0.0992, total loss: 0.0644, anchor loss: 0.0296, VFL train accuracy: 0.9622
2026-04-20 22:26:17,492 - Epoch: 8, 241/278: VFL loss: 0.0993, total loss: 0.0645, anchor loss: 0.0296, VFL train accuracy: 0.9623
2026-04-20 22:26:17,731 - Epoch: 8, 251/278: VFL loss: 0.0998, total loss: 0.0647, anchor loss: 0.0296, VFL train accuracy: 0.9620
2026-04-20 22:26:17,953 - Epoch: 8, 261/278: VFL loss: 0.1001, total loss: 0.0649, anchor loss: 0.0297, VFL train accuracy: 0.9619
2026-04-20 22:26:18,175 - Epoch: 8, 271/278: VFL loss: 0.0997, total loss: 0.0647, anchor loss: 0.0296, VFL train accuracy: 0.9621
2026-04-20 22:26:18,339 - => Recorded Stage 2 client anchor losses for epoch 8 to 'results/AVGuard/stage3_gamma_sensitivity_3clients_noema_bounded_q/PHISHING_3clients_noema_bounded_q_gamma_5.0\stage2_final_epoch_client_anchor_losses.json': {0: 0.028436, 1: 0.03227, 2: 0.028055}
2026-04-20 22:26:18,341 - => Stage 2 EMA anchor update skipped at epoch 8 because momentum=1.0000 disables EMA; eligible classes per client {0: 2, 1: 2, 2: 2}
2026-04-20 22:26:18,341 - => Stage 2 Epoch 8 Training Summary: VFL loss: 0.0992, total loss: 0.0644, anchor loss: 0.0296, VFL train accuracy: 0.9621
2026-04-20 22:26:18,342 - => Test ASR...
2026-04-20 22:26:18,344 - =>Add Trigger to Test Data
2026-04-20 22:26:18,653 - Add Trigger to 6130 Bad Samples, 11600 Clean Samples (1.00)
2026-04-20 22:26:22,867 - => Test Epoch: 8, main task samples: 17730, attack samples: 17730, test loss: 0.1180, clean acc: 0.9281, Top-2: 1.0000, ASR: 0.1608, RAC: 0.9062, test target accuracy: 0.9641, stage3 final accuracy: 0.9281, stage3 final target accuracy: 0.9416, stage3 final asr: 0.1608, anchor loss: 0.0302
2026-04-20 22:26:22,868 - => Stage 3 Detection Summary: recall: 0.8133, precision: 0.8005, f1: 0.8069, false positive rate: 0.0557, correction rate: 0.8133
2026-04-20 22:26:22,868 - => Stage 3 Debug (clean): suspicious=987/17730, correction_applied=987, prediction_changed=987, skipped_tied_vote=0, skipped_low_margin=0, skipped_other=0
2026-04-20 22:26:22,868 - => Stage 3 Debug (poison-valid): suspicious=4161/6130, correction_applied=4161, prediction_changed=4161, skipped_tied_vote=0, skipped_low_margin=0, skipped_other=0
2026-04-20 22:26:22,868 - => Stage 3 Debug (attack-success): suspicious=4121/5067, correction_applied=4121, prediction_changed=4121, corrected_to_true=4121
2026-04-20 22:26:22,868 - => Stage 2 checkpoint score: mean(clean_acc=0.9281, recall=0.8133, correction_rate=0.8133) = 0.8516
2026-04-20 22:26:22,890 - => End Epoch: 8, early stop epochs: 3, best epoch: 5, best clean acc: 0.9276, best Top-2: 1.0000, best ASR: 0.1481, best RAC: 0.9065, anchor loss: 0.0307, best checkpoint score: 0.8623
2026-04-20 22:26:22,890 - => Stage 3 Detection Summary: recall: 0.8297, precision: 0.8073, f1: 0.8183, false positive rate: 0.0561, correction rate: 0.8295
2026-04-20 22:26:22,922 - => LFBA current anchor-derived target label: 0
2026-04-20 22:26:22,925 - =>Add Trigger to Train Data
2026-04-20 22:26:23,054 - Add Trigger to 7091 Bad Samples, 63826 Clean Samples (0.10)
2026-04-20 22:26:23,062 - => Start Training for Injecting Backdoor...
2026-04-20 22:26:23,091 - Epoch: 9, 1/278: VFL loss: 0.1295, total loss: 0.0840, anchor loss: 0.0385, VFL train accuracy: 0.9609
2026-04-20 22:26:23,329 - Epoch: 9, 11/278: VFL loss: 0.1032, total loss: 0.0671, anchor loss: 0.0311, VFL train accuracy: 0.9641
2026-04-20 22:26:23,525 - Epoch: 9, 21/278: VFL loss: 0.0993, total loss: 0.0646, anchor loss: 0.0300, VFL train accuracy: 0.9619
2026-04-20 22:26:23,738 - Epoch: 9, 31/278: VFL loss: 0.1004, total loss: 0.0651, anchor loss: 0.0299, VFL train accuracy: 0.9630
2026-04-20 22:26:23,939 - Epoch: 9, 41/278: VFL loss: 0.1010, total loss: 0.0655, anchor loss: 0.0299, VFL train accuracy: 0.9632
2026-04-20 22:26:24,138 - Epoch: 9, 51/278: VFL loss: 0.0984, total loss: 0.0640, anchor loss: 0.0296, VFL train accuracy: 0.9635
2026-04-20 22:26:24,360 - Epoch: 9, 61/278: VFL loss: 0.0976, total loss: 0.0635, anchor loss: 0.0295, VFL train accuracy: 0.9635
2026-04-20 22:26:24,563 - Epoch: 9, 71/278: VFL loss: 0.0947, total loss: 0.0619, anchor loss: 0.0292, VFL train accuracy: 0.9647
2026-04-20 22:26:24,773 - Epoch: 9, 81/278: VFL loss: 0.0941, total loss: 0.0616, anchor loss: 0.0291, VFL train accuracy: 0.9647
2026-04-20 22:26:24,994 - Epoch: 9, 91/278: VFL loss: 0.0950, total loss: 0.0621, anchor loss: 0.0292, VFL train accuracy: 0.9645
2026-04-20 22:26:25,207 - Epoch: 9, 101/278: VFL loss: 0.0950, total loss: 0.0622, anchor loss: 0.0293, VFL train accuracy: 0.9645
2026-04-20 22:26:25,417 - Epoch: 9, 111/278: VFL loss: 0.0955, total loss: 0.0625, anchor loss: 0.0294, VFL train accuracy: 0.9641
2026-04-20 22:26:25,628 - Epoch: 9, 121/278: VFL loss: 0.0969, total loss: 0.0633, anchor loss: 0.0296, VFL train accuracy: 0.9631
2026-04-20 22:26:25,834 - Epoch: 9, 131/278: VFL loss: 0.0969, total loss: 0.0633, anchor loss: 0.0296, VFL train accuracy: 0.9631
2026-04-20 22:26:26,037 - Epoch: 9, 141/278: VFL loss: 0.0976, total loss: 0.0637, anchor loss: 0.0297, VFL train accuracy: 0.9630
2026-04-20 22:26:26,255 - Epoch: 9, 151/278: VFL loss: 0.0970, total loss: 0.0633, anchor loss: 0.0295, VFL train accuracy: 0.9635
2026-04-20 22:26:26,468 - Epoch: 9, 161/278: VFL loss: 0.0981, total loss: 0.0638, anchor loss: 0.0296, VFL train accuracy: 0.9630
2026-04-20 22:26:26,680 - Epoch: 9, 171/278: VFL loss: 0.0983, total loss: 0.0640, anchor loss: 0.0296, VFL train accuracy: 0.9628
2026-04-20 22:26:26,907 - Epoch: 9, 181/278: VFL loss: 0.0974, total loss: 0.0635, anchor loss: 0.0296, VFL train accuracy: 0.9631
2026-04-20 22:26:27,123 - Epoch: 9, 191/278: VFL loss: 0.0973, total loss: 0.0634, anchor loss: 0.0296, VFL train accuracy: 0.9632
2026-04-20 22:26:27,337 - Epoch: 9, 201/278: VFL loss: 0.0970, total loss: 0.0633, anchor loss: 0.0295, VFL train accuracy: 0.9633
2026-04-20 22:26:27,557 - Epoch: 9, 211/278: VFL loss: 0.0978, total loss: 0.0637, anchor loss: 0.0296, VFL train accuracy: 0.9631
2026-04-20 22:26:27,769 - Epoch: 9, 221/278: VFL loss: 0.0977, total loss: 0.0636, anchor loss: 0.0296, VFL train accuracy: 0.9633
2026-04-20 22:26:27,983 - Epoch: 9, 231/278: VFL loss: 0.0979, total loss: 0.0637, anchor loss: 0.0295, VFL train accuracy: 0.9632
2026-04-20 22:26:28,189 - Epoch: 9, 241/278: VFL loss: 0.0980, total loss: 0.0638, anchor loss: 0.0296, VFL train accuracy: 0.9632
2026-04-20 22:26:28,397 - Epoch: 9, 251/278: VFL loss: 0.0981, total loss: 0.0638, anchor loss: 0.0296, VFL train accuracy: 0.9632
2026-04-20 22:26:28,623 - Epoch: 9, 261/278: VFL loss: 0.0985, total loss: 0.0640, anchor loss: 0.0295, VFL train accuracy: 0.9630
2026-04-20 22:26:28,836 - Epoch: 9, 271/278: VFL loss: 0.0985, total loss: 0.0640, anchor loss: 0.0296, VFL train accuracy: 0.9630
2026-04-20 22:26:28,992 - => Recorded Stage 2 client anchor losses for epoch 9 to 'results/AVGuard/stage3_gamma_sensitivity_3clients_noema_bounded_q/PHISHING_3clients_noema_bounded_q_gamma_5.0\stage2_final_epoch_client_anchor_losses.json': {0: 0.02853, 1: 0.032112, 2: 0.028108}
2026-04-20 22:26:28,996 - => Stage 2 EMA anchor update skipped at epoch 9 because momentum=1.0000 disables EMA; eligible classes per client {0: 2, 1: 2, 2: 2}
2026-04-20 22:26:28,996 - => Stage 2 Epoch 9 Training Summary: VFL loss: 0.0983, total loss: 0.0639, anchor loss: 0.0295, VFL train accuracy: 0.9628
2026-04-20 22:26:28,996 - => Test ASR...
2026-04-20 22:26:29,000 - =>Add Trigger to Test Data
2026-04-20 22:26:29,294 - Add Trigger to 6130 Bad Samples, 11600 Clean Samples (1.00)
2026-04-20 22:26:33,664 - => Test Epoch: 9, main task samples: 17730, attack samples: 17730, test loss: 0.1141, clean acc: 0.9303, Top-2: 1.0000, ASR: 0.1657, RAC: 0.9062, test target accuracy: 0.9663, stage3 final accuracy: 0.9303, stage3 final target accuracy: 0.9442, stage3 final asr: 0.1657, anchor loss: 0.0298
2026-04-20 22:26:33,665 - => Stage 3 Detection Summary: recall: 0.8015, precision: 0.8071, f1: 0.8043, false positive rate: 0.0518, correction rate: 0.8015
2026-04-20 22:26:33,665 - => Stage 3 Debug (clean): suspicious=919/17730, correction_applied=918, prediction_changed=918, skipped_tied_vote=0, skipped_low_margin=0, skipped_other=1
2026-04-20 22:26:33,665 - => Stage 3 Debug (poison-valid): suspicious=4007/6130, correction_applied=4007, prediction_changed=4007, skipped_tied_vote=0, skipped_low_margin=0, skipped_other=0
2026-04-20 22:26:33,665 - => Stage 3 Debug (attack-success): suspicious=3976/4961, correction_applied=3976, prediction_changed=3976, corrected_to_true=3976
2026-04-20 22:26:33,665 - => Stage 2 checkpoint score: mean(clean_acc=0.9303, recall=0.8015, correction_rate=0.8015) = 0.8444
2026-04-20 22:26:33,685 - => End Epoch: 9, early stop epochs: 4, best epoch: 5, best clean acc: 0.9276, best Top-2: 1.0000, best ASR: 0.1481, best RAC: 0.9065, anchor loss: 0.0307, best checkpoint score: 0.8623
2026-04-20 22:26:33,685 - => Stage 3 Detection Summary: recall: 0.8297, precision: 0.8073, f1: 0.8183, false positive rate: 0.0561, correction rate: 0.8295
2026-04-20 22:26:33,716 - => LFBA current anchor-derived target label: 0
2026-04-20 22:26:33,721 - =>Add Trigger to Train Data
2026-04-20 22:26:33,848 - Add Trigger to 7091 Bad Samples, 63826 Clean Samples (0.10)
2026-04-20 22:26:33,854 - => Start Training for Injecting Backdoor...
2026-04-20 22:26:33,883 - Epoch: 10, 1/278: VFL loss: 0.0832, total loss: 0.0563, anchor loss: 0.0295, VFL train accuracy: 0.9648
2026-04-20 22:26:34,110 - Epoch: 10, 11/278: VFL loss: 0.0863, total loss: 0.0575, anchor loss: 0.0286, VFL train accuracy: 0.9648
2026-04-20 22:26:34,332 - Epoch: 10, 21/278: VFL loss: 0.0927, total loss: 0.0613, anchor loss: 0.0298, VFL train accuracy: 0.9647
2026-04-20 22:26:34,548 - Epoch: 10, 31/278: VFL loss: 0.0988, total loss: 0.0644, anchor loss: 0.0301, VFL train accuracy: 0.9628
2026-04-20 22:26:34,788 - Epoch: 10, 41/278: VFL loss: 0.0986, total loss: 0.0644, anchor loss: 0.0302, VFL train accuracy: 0.9629
2026-04-20 22:26:35,017 - Epoch: 10, 51/278: VFL loss: 0.0967, total loss: 0.0634, anchor loss: 0.0300, VFL train accuracy: 0.9637
2026-04-20 22:26:35,268 - Epoch: 10, 61/278: VFL loss: 0.0969, total loss: 0.0636, anchor loss: 0.0302, VFL train accuracy: 0.9632
2026-04-20 22:26:35,504 - Epoch: 10, 71/278: VFL loss: 0.0974, total loss: 0.0638, anchor loss: 0.0302, VFL train accuracy: 0.9634
2026-04-20 22:26:35,724 - Epoch: 10, 81/278: VFL loss: 0.0971, total loss: 0.0635, anchor loss: 0.0298, VFL train accuracy: 0.9634
2026-04-20 22:26:35,931 - Epoch: 10, 91/278: VFL loss: 0.0960, total loss: 0.0629, anchor loss: 0.0297, VFL train accuracy: 0.9641
2026-04-20 22:26:36,141 - Epoch: 10, 101/278: VFL loss: 0.0954, total loss: 0.0625, anchor loss: 0.0295, VFL train accuracy: 0.9644
2026-04-20 22:26:36,348 - Epoch: 10, 111/278: VFL loss: 0.0955, total loss: 0.0625, anchor loss: 0.0295, VFL train accuracy: 0.9641
2026-04-20 22:26:36,575 - Epoch: 10, 121/278: VFL loss: 0.0944, total loss: 0.0619, anchor loss: 0.0293, VFL train accuracy: 0.9644
2026-04-20 22:26:36,781 - Epoch: 10, 131/278: VFL loss: 0.0944, total loss: 0.0618, anchor loss: 0.0292, VFL train accuracy: 0.9645
2026-04-20 22:26:36,982 - Epoch: 10, 141/278: VFL loss: 0.0946, total loss: 0.0619, anchor loss: 0.0293, VFL train accuracy: 0.9645
2026-04-20 22:26:37,186 - Epoch: 10, 151/278: VFL loss: 0.0952, total loss: 0.0622, anchor loss: 0.0293, VFL train accuracy: 0.9643
2026-04-20 22:26:37,404 - Epoch: 10, 161/278: VFL loss: 0.0955, total loss: 0.0624, anchor loss: 0.0293, VFL train accuracy: 0.9644
2026-04-20 22:26:37,607 - Epoch: 10, 171/278: VFL loss: 0.0967, total loss: 0.0631, anchor loss: 0.0294, VFL train accuracy: 0.9640
2026-04-20 22:26:37,827 - Epoch: 10, 181/278: VFL loss: 0.0968, total loss: 0.0631, anchor loss: 0.0295, VFL train accuracy: 0.9640
2026-04-20 22:26:38,029 - Epoch: 10, 191/278: VFL loss: 0.0959, total loss: 0.0626, anchor loss: 0.0293, VFL train accuracy: 0.9642
2026-04-20 22:26:38,229 - Epoch: 10, 201/278: VFL loss: 0.0963, total loss: 0.0628, anchor loss: 0.0294, VFL train accuracy: 0.9641
2026-04-20 22:26:38,447 - Epoch: 10, 211/278: VFL loss: 0.0965, total loss: 0.0629, anchor loss: 0.0294, VFL train accuracy: 0.9638
2026-04-20 22:26:38,675 - Epoch: 10, 221/278: VFL loss: 0.0966, total loss: 0.0631, anchor loss: 0.0295, VFL train accuracy: 0.9639
2026-04-20 22:26:38,883 - Epoch: 10, 231/278: VFL loss: 0.0969, total loss: 0.0632, anchor loss: 0.0295, VFL train accuracy: 0.9636
2026-04-20 22:26:39,096 - Epoch: 10, 241/278: VFL loss: 0.0968, total loss: 0.0632, anchor loss: 0.0295, VFL train accuracy: 0.9638
2026-04-20 22:26:39,296 - Epoch: 10, 251/278: VFL loss: 0.0972, total loss: 0.0633, anchor loss: 0.0295, VFL train accuracy: 0.9637
2026-04-20 22:26:39,505 - Epoch: 10, 261/278: VFL loss: 0.0967, total loss: 0.0630, anchor loss: 0.0294, VFL train accuracy: 0.9638
2026-04-20 22:26:39,725 - Epoch: 10, 271/278: VFL loss: 0.0961, total loss: 0.0627, anchor loss: 0.0294, VFL train accuracy: 0.9641
2026-04-20 22:26:39,898 - => Recorded Stage 2 client anchor losses for epoch 10 to 'results/AVGuard/stage3_gamma_sensitivity_3clients_noema_bounded_q/PHISHING_3clients_noema_bounded_q_gamma_5.0\stage2_final_epoch_client_anchor_losses.json': {0: 0.028319, 1: 0.031877, 2: 0.027784}
2026-04-20 22:26:39,900 - => Stage 2 EMA anchor update skipped at epoch 10 because momentum=1.0000 disables EMA; eligible classes per client {0: 2, 1: 2, 2: 2}
2026-04-20 22:26:39,900 - => Stage 2 Epoch 10 Training Summary: VFL loss: 0.0959, total loss: 0.0626, anchor loss: 0.0293, VFL train accuracy: 0.9641
2026-04-20 22:26:39,900 - => Test ASR...
2026-04-20 22:26:39,903 - =>Add Trigger to Test Data
2026-04-20 22:26:40,208 - Add Trigger to 6130 Bad Samples, 11600 Clean Samples (1.00)
2026-04-20 22:26:44,700 - => Test Epoch: 10, main task samples: 17730, attack samples: 17730, test loss: 0.1178, clean acc: 0.9262, Top-2: 1.0000, ASR: 0.1623, RAC: 0.9040, test target accuracy: 0.9712, stage3 final accuracy: 0.9262, stage3 final target accuracy: 0.9391, stage3 final asr: 0.1623, anchor loss: 0.0304
2026-04-20 22:26:44,701 - => Stage 3 Detection Summary: recall: 0.8162, precision: 0.8043, f1: 0.8102, false positive rate: 0.0573, correction rate: 0.8161
2026-04-20 22:26:44,701 - => Stage 3 Debug (clean): suspicious=1016/17730, correction_applied=1015, prediction_changed=1015, skipped_tied_vote=0, skipped_low_margin=0, skipped_other=1
2026-04-20 22:26:44,701 - => Stage 3 Debug (poison-valid): suspicious=4319/6130, correction_applied=4318, prediction_changed=4318, skipped_tied_vote=0, skipped_low_margin=0, skipped_other=1
2026-04-20 22:26:44,701 - => Stage 3 Debug (attack-success): suspicious=4291/5257, correction_applied=4290, prediction_changed=4290, corrected_to_true=4290
2026-04-20 22:26:44,701 - => Stage 2 checkpoint score: mean(clean_acc=0.9262, recall=0.8162, correction_rate=0.8161) = 0.8528
2026-04-20 22:26:44,721 - => End Epoch: 10, early stop epochs: 5, best epoch: 5, best clean acc: 0.9276, best Top-2: 1.0000, best ASR: 0.1481, best RAC: 0.9065, anchor loss: 0.0307, best checkpoint score: 0.8623
2026-04-20 22:26:44,721 - => Stage 3 Detection Summary: recall: 0.8297, precision: 0.8073, f1: 0.8183, false positive rate: 0.0561, correction rate: 0.8295
2026-04-20 22:26:44,749 - => LFBA current anchor-derived target label: 0
2026-04-20 22:26:44,753 - =>Add Trigger to Train Data
2026-04-20 22:26:44,874 - Add Trigger to 7091 Bad Samples, 63826 Clean Samples (0.10)
2026-04-20 22:26:44,880 - => Start Training for Injecting Backdoor...
2026-04-20 22:26:44,904 - Epoch: 11, 1/278: VFL loss: 0.0968, total loss: 0.0621, anchor loss: 0.0273, VFL train accuracy: 0.9531
2026-04-20 22:26:45,125 - Epoch: 11, 11/278: VFL loss: 0.0939, total loss: 0.0609, anchor loss: 0.0279, VFL train accuracy: 0.9648
2026-04-20 22:26:45,338 - Epoch: 11, 21/278: VFL loss: 0.0983, total loss: 0.0639, anchor loss: 0.0294, VFL train accuracy: 0.9630
2026-04-20 22:26:45,551 - Epoch: 11, 31/278: VFL loss: 0.0964, total loss: 0.0629, anchor loss: 0.0293, VFL train accuracy: 0.9635
2026-04-20 22:26:45,760 - Epoch: 11, 41/278: VFL loss: 0.0984, total loss: 0.0640, anchor loss: 0.0296, VFL train accuracy: 0.9633
2026-04-20 22:26:45,968 - Epoch: 11, 51/278: VFL loss: 0.0992, total loss: 0.0644, anchor loss: 0.0295, VFL train accuracy: 0.9628
2026-04-20 22:26:46,188 - Epoch: 11, 61/278: VFL loss: 0.1006, total loss: 0.0653, anchor loss: 0.0300, VFL train accuracy: 0.9625
2026-04-20 22:26:46,393 - Epoch: 11, 71/278: VFL loss: 0.1002, total loss: 0.0651, anchor loss: 0.0299, VFL train accuracy: 0.9627
2026-04-20 22:26:46,607 - Epoch: 11, 81/278: VFL loss: 0.0993, total loss: 0.0647, anchor loss: 0.0300, VFL train accuracy: 0.9632
2026-04-20 22:26:46,842 - Epoch: 11, 91/278: VFL loss: 0.1002, total loss: 0.0651, anchor loss: 0.0300, VFL train accuracy: 0.9629
2026-04-20 22:26:47,058 - Epoch: 11, 101/278: VFL loss: 0.0999, total loss: 0.0649, anchor loss: 0.0300, VFL train accuracy: 0.9624
2026-04-20 22:26:47,289 - Epoch: 11, 111/278: VFL loss: 0.0980, total loss: 0.0639, anchor loss: 0.0298, VFL train accuracy: 0.9632
2026-04-20 22:26:47,494 - Epoch: 11, 121/278: VFL loss: 0.0976, total loss: 0.0636, anchor loss: 0.0296, VFL train accuracy: 0.9632
2026-04-20 22:26:47,724 - Epoch: 11, 131/278: VFL loss: 0.0977, total loss: 0.0637, anchor loss: 0.0296, VFL train accuracy: 0.9632
2026-04-20 22:26:47,954 - Epoch: 11, 141/278: VFL loss: 0.0979, total loss: 0.0637, anchor loss: 0.0296, VFL train accuracy: 0.9632
2026-04-20 22:26:48,178 - Epoch: 11, 151/278: VFL loss: 0.0973, total loss: 0.0634, anchor loss: 0.0295, VFL train accuracy: 0.9632
2026-04-20 22:26:48,414 - Epoch: 11, 161/278: VFL loss: 0.0968, total loss: 0.0631, anchor loss: 0.0294, VFL train accuracy: 0.9633
2026-04-20 22:26:48,643 - Epoch: 11, 171/278: VFL loss: 0.0964, total loss: 0.0629, anchor loss: 0.0294, VFL train accuracy: 0.9634
2026-04-20 22:26:48,862 - Epoch: 11, 181/278: VFL loss: 0.0962, total loss: 0.0628, anchor loss: 0.0293, VFL train accuracy: 0.9634
2026-04-20 22:26:49,070 - Epoch: 11, 191/278: VFL loss: 0.0961, total loss: 0.0628, anchor loss: 0.0294, VFL train accuracy: 0.9636
2026-04-20 22:26:49,279 - Epoch: 11, 201/278: VFL loss: 0.0962, total loss: 0.0628, anchor loss: 0.0294, VFL train accuracy: 0.9637
2026-04-20 22:26:49,496 - Epoch: 11, 211/278: VFL loss: 0.0968, total loss: 0.0631, anchor loss: 0.0295, VFL train accuracy: 0.9637
2026-04-20 22:26:49,716 - Epoch: 11, 221/278: VFL loss: 0.0967, total loss: 0.0631, anchor loss: 0.0294, VFL train accuracy: 0.9638
2026-04-20 22:26:49,921 - Epoch: 11, 231/278: VFL loss: 0.0973, total loss: 0.0634, anchor loss: 0.0295, VFL train accuracy: 0.9637
2026-04-20 22:26:50,136 - Epoch: 11, 241/278: VFL loss: 0.0973, total loss: 0.0634, anchor loss: 0.0295, VFL train accuracy: 0.9636
2026-04-20 22:26:50,353 - Epoch: 11, 251/278: VFL loss: 0.0973, total loss: 0.0634, anchor loss: 0.0294, VFL train accuracy: 0.9636
2026-04-20 22:26:50,574 - Epoch: 11, 261/278: VFL loss: 0.0980, total loss: 0.0637, anchor loss: 0.0295, VFL train accuracy: 0.9632
2026-04-20 22:26:50,788 - Epoch: 11, 271/278: VFL loss: 0.0982, total loss: 0.0639, anchor loss: 0.0295, VFL train accuracy: 0.9630
2026-04-20 22:26:50,951 - => Recorded Stage 2 client anchor losses for epoch 11 to 'results/AVGuard/stage3_gamma_sensitivity_3clients_noema_bounded_q/PHISHING_3clients_noema_bounded_q_gamma_5.0\stage2_final_epoch_client_anchor_losses.json': {0: 0.028365, 1: 0.032038, 2: 0.028187}
2026-04-20 22:26:50,953 - => Stage 2 EMA anchor update skipped at epoch 11 because momentum=1.0000 disables EMA; eligible classes per client {0: 2, 1: 2, 2: 2}
2026-04-20 22:26:50,953 - => Stage 2 Epoch 11 Training Summary: VFL loss: 0.0987, total loss: 0.0641, anchor loss: 0.0296, VFL train accuracy: 0.9630
2026-04-20 22:26:50,953 - => Test ASR...
2026-04-20 22:26:50,955 - =>Add Trigger to Test Data
2026-04-20 22:26:51,250 - Add Trigger to 6130 Bad Samples, 11600 Clean Samples (1.00)
2026-04-20 22:26:55,228 - => Test Epoch: 11, main task samples: 17730, attack samples: 17730, test loss: 0.1249, clean acc: 0.9272, Top-2: 1.0000, ASR: 0.1315, RAC: 0.9072, test target accuracy: 0.9537, stage3 final accuracy: 0.9272, stage3 final target accuracy: 0.9276, stage3 final asr: 0.1315, anchor loss: 0.0308
2026-04-20 22:26:55,229 - => Stage 3 Detection Summary: recall: 0.8333, precision: 0.7936, f1: 0.8130, false positive rate: 0.0547, correction rate: 0.8333
2026-04-20 22:26:55,229 - => Stage 3 Debug (clean): suspicious=970/17730, correction_applied=970, prediction_changed=970, skipped_tied_vote=0, skipped_low_margin=0, skipped_other=0
2026-04-20 22:26:55,229 - => Stage 3 Debug (poison-valid): suspicious=3894/6130, correction_applied=3894, prediction_changed=3894, skipped_tied_vote=0, skipped_low_margin=0, skipped_other=0
2026-04-20 22:26:55,229 - => Stage 3 Debug (attack-success): suspicious=3860/4632, correction_applied=3860, prediction_changed=3860, corrected_to_true=3860
2026-04-20 22:26:55,229 - => Stage 2 checkpoint score: mean(clean_acc=0.9272, recall=0.8333, correction_rate=0.8333) = 0.8646
2026-04-20 22:26:55,229 - => Save best checkpoint model...
2026-04-20 22:26:55,285 - => End Epoch: 11, early stop epochs: 0, best epoch: 11, best clean acc: 0.9272, best Top-2: 1.0000, best ASR: 0.1315, best RAC: 0.9072, anchor loss: 0.0308, best checkpoint score: 0.8646
2026-04-20 22:26:55,285 - => Stage 3 Detection Summary: recall: 0.8333, precision: 0.7936, f1: 0.8130, false positive rate: 0.0547, correction rate: 0.8333
2026-04-20 22:26:55,314 - => LFBA current anchor-derived target label: 0
2026-04-20 22:26:55,318 - =>Add Trigger to Train Data
2026-04-20 22:26:55,451 - Add Trigger to 7091 Bad Samples, 63826 Clean Samples (0.10)
2026-04-20 22:26:55,458 - => Start Training for Injecting Backdoor...
2026-04-20 22:26:55,485 - Epoch: 12, 1/278: VFL loss: 0.0940, total loss: 0.0611, anchor loss: 0.0283, VFL train accuracy: 0.9688
2026-04-20 22:26:55,694 - Epoch: 12, 11/278: VFL loss: 0.1148, total loss: 0.0733, anchor loss: 0.0318, VFL train accuracy: 0.9556
2026-04-20 22:26:55,899 - Epoch: 12, 21/278: VFL loss: 0.1085, total loss: 0.0701, anchor loss: 0.0317, VFL train accuracy: 0.9589
2026-04-20 22:26:56,124 - Epoch: 12, 31/278: VFL loss: 0.1055, total loss: 0.0683, anchor loss: 0.0311, VFL train accuracy: 0.9604
2026-04-20 22:26:56,341 - Epoch: 12, 41/278: VFL loss: 0.1050, total loss: 0.0680, anchor loss: 0.0310, VFL train accuracy: 0.9593
2026-04-20 22:26:56,548 - Epoch: 12, 51/278: VFL loss: 0.1040, total loss: 0.0674, anchor loss: 0.0307, VFL train accuracy: 0.9602
2026-04-20 22:26:56,742 - Epoch: 12, 61/278: VFL loss: 0.1012, total loss: 0.0658, anchor loss: 0.0303, VFL train accuracy: 0.9610
2026-04-20 22:26:56,943 - Epoch: 12, 71/278: VFL loss: 0.1000, total loss: 0.0652, anchor loss: 0.0303, VFL train accuracy: 0.9614
2026-04-20 22:26:57,155 - Epoch: 12, 81/278: VFL loss: 0.0995, total loss: 0.0648, anchor loss: 0.0301, VFL train accuracy: 0.9620
2026-04-20 22:26:57,362 - Epoch: 12, 91/278: VFL loss: 0.1012, total loss: 0.0657, anchor loss: 0.0301, VFL train accuracy: 0.9618
2026-04-20 22:26:57,574 - Epoch: 12, 101/278: VFL loss: 0.1017, total loss: 0.0660, anchor loss: 0.0303, VFL train accuracy: 0.9616
2026-04-20 22:26:57,785 - Epoch: 12, 111/278: VFL loss: 0.1004, total loss: 0.0653, anchor loss: 0.0302, VFL train accuracy: 0.9621
2026-04-20 22:26:58,005 - Epoch: 12, 121/278: VFL loss: 0.1002, total loss: 0.0652, anchor loss: 0.0302, VFL train accuracy: 0.9619
2026-04-20 22:26:58,217 - Epoch: 12, 131/278: VFL loss: 0.0989, total loss: 0.0644, anchor loss: 0.0300, VFL train accuracy: 0.9623
2026-04-20 22:26:58,440 - Epoch: 12, 141/278: VFL loss: 0.0986, total loss: 0.0642, anchor loss: 0.0299, VFL train accuracy: 0.9625
2026-04-20 22:26:58,665 - Epoch: 12, 151/278: VFL loss: 0.0987, total loss: 0.0643, anchor loss: 0.0298, VFL train accuracy: 0.9626
2026-04-20 22:26:58,880 - Epoch: 12, 161/278: VFL loss: 0.0999, total loss: 0.0649, anchor loss: 0.0299, VFL train accuracy: 0.9623
2026-04-20 22:26:59,096 - Epoch: 12, 171/278: VFL loss: 0.0998, total loss: 0.0648, anchor loss: 0.0299, VFL train accuracy: 0.9625
2026-04-20 22:26:59,323 - Epoch: 12, 181/278: VFL loss: 0.1007, total loss: 0.0653, anchor loss: 0.0299, VFL train accuracy: 0.9622
2026-04-20 22:26:59,528 - Epoch: 12, 191/278: VFL loss: 0.1005, total loss: 0.0652, anchor loss: 0.0299, VFL train accuracy: 0.9622
2026-04-20 22:26:59,760 - Epoch: 12, 201/278: VFL loss: 0.1002, total loss: 0.0650, anchor loss: 0.0299, VFL train accuracy: 0.9623
2026-04-20 22:26:59,971 - Epoch: 12, 211/278: VFL loss: 0.0999, total loss: 0.0649, anchor loss: 0.0299, VFL train accuracy: 0.9625
2026-04-20 22:27:00,195 - Epoch: 12, 221/278: VFL loss: 0.0988, total loss: 0.0643, anchor loss: 0.0298, VFL train accuracy: 0.9630
2026-04-20 22:27:00,425 - Epoch: 12, 231/278: VFL loss: 0.0987, total loss: 0.0642, anchor loss: 0.0298, VFL train accuracy: 0.9631
2026-04-20 22:27:00,657 - Epoch: 12, 241/278: VFL loss: 0.0983, total loss: 0.0640, anchor loss: 0.0297, VFL train accuracy: 0.9632
2026-04-20 22:27:00,866 - Epoch: 12, 251/278: VFL loss: 0.0984, total loss: 0.0641, anchor loss: 0.0298, VFL train accuracy: 0.9631
2026-04-20 22:27:01,075 - Epoch: 12, 261/278: VFL loss: 0.0979, total loss: 0.0638, anchor loss: 0.0297, VFL train accuracy: 0.9633
2026-04-20 22:27:01,295 - Epoch: 12, 271/278: VFL loss: 0.0979, total loss: 0.0638, anchor loss: 0.0297, VFL train accuracy: 0.9634
2026-04-20 22:27:01,444 - => Recorded Stage 2 client anchor losses for epoch 12 to 'results/AVGuard/stage3_gamma_sensitivity_3clients_noema_bounded_q/PHISHING_3clients_noema_bounded_q_gamma_5.0\stage2_final_epoch_client_anchor_losses.json': {0: 0.028623, 1: 0.032118, 2: 0.028126}
2026-04-20 22:27:01,448 - => Stage 2 EMA anchor update skipped at epoch 12 because momentum=1.0000 disables EMA; eligible classes per client {0: 2, 1: 2, 2: 2}
2026-04-20 22:27:01,449 - => Stage 2 Epoch 12 Training Summary: VFL loss: 0.0977, total loss: 0.0637, anchor loss: 0.0298, VFL train accuracy: 0.9635
2026-04-20 22:27:01,449 - => Test ASR...
2026-04-20 22:27:01,452 - =>Add Trigger to Test Data
2026-04-20 22:27:01,749 - Add Trigger to 6130 Bad Samples, 11600 Clean Samples (1.00)
2026-04-20 22:27:05,956 - => Test Epoch: 12, main task samples: 17730, attack samples: 17730, test loss: 0.1129, clean acc: 0.9262, Top-2: 1.0000, ASR: 0.1530, RAC: 0.9060, test target accuracy: 0.9673, stage3 final accuracy: 0.9262, stage3 final target accuracy: 0.9372, stage3 final asr: 0.1530, anchor loss: 0.0303
2026-04-20 22:27:05,956 - => Stage 3 Detection Summary: recall: 0.8266, precision: 0.7991, f1: 0.8126, false positive rate: 0.0598, correction rate: 0.8266
2026-04-20 22:27:05,956 - => Stage 3 Debug (clean): suspicious=1060/17730, correction_applied=1059, prediction_changed=1059, skipped_tied_vote=0, skipped_low_margin=0, skipped_other=1
2026-04-20 22:27:05,957 - => Stage 3 Debug (poison-valid): suspicious=4361/6130, correction_applied=4361, prediction_changed=4361, skipped_tied_vote=0, skipped_low_margin=0, skipped_other=0
2026-04-20 22:27:05,957 - => Stage 3 Debug (attack-success): suspicious=4332/5241, correction_applied=4332, prediction_changed=4332, corrected_to_true=4332
2026-04-20 22:27:05,957 - => Stage 2 checkpoint score: mean(clean_acc=0.9262, recall=0.8266, correction_rate=0.8266) = 0.8598
2026-04-20 22:27:05,982 - => End Epoch: 12, early stop epochs: 1, best epoch: 11, best clean acc: 0.9272, best Top-2: 1.0000, best ASR: 0.1315, best RAC: 0.9072, anchor loss: 0.0308, best checkpoint score: 0.8646
2026-04-20 22:27:05,982 - => Stage 3 Detection Summary: recall: 0.8333, precision: 0.7936, f1: 0.8130, false positive rate: 0.0547, correction rate: 0.8333
2026-04-20 22:27:06,011 - => LFBA current anchor-derived target label: 0
2026-04-20 22:27:06,015 - =>Add Trigger to Train Data
2026-04-20 22:27:06,137 - Add Trigger to 7091 Bad Samples, 63826 Clean Samples (0.10)
2026-04-20 22:27:06,143 - => Start Training for Injecting Backdoor...
2026-04-20 22:27:06,169 - Epoch: 13, 1/278: VFL loss: 0.1018, total loss: 0.0685, anchor loss: 0.0352, VFL train accuracy: 0.9648
2026-04-20 22:27:06,383 - Epoch: 13, 11/278: VFL loss: 0.0860, total loss: 0.0577, anchor loss: 0.0295, VFL train accuracy: 0.9677
2026-04-20 22:27:06,608 - Epoch: 13, 21/278: VFL loss: 0.0960, total loss: 0.0631, anchor loss: 0.0302, VFL train accuracy: 0.9624
2026-04-20 22:27:06,843 - Epoch: 13, 31/278: VFL loss: 0.0945, total loss: 0.0624, anchor loss: 0.0303, VFL train accuracy: 0.9612
2026-04-20 22:27:07,060 - Epoch: 13, 41/278: VFL loss: 0.0928, total loss: 0.0614, anchor loss: 0.0300, VFL train accuracy: 0.9619
2026-04-20 22:27:07,425 - Epoch: 13, 51/278: VFL loss: 0.0919, total loss: 0.0609, anchor loss: 0.0300, VFL train accuracy: 0.9627
2026-04-20 22:27:07,638 - Epoch: 13, 61/278: VFL loss: 0.0931, total loss: 0.0616, anchor loss: 0.0300, VFL train accuracy: 0.9622
2026-04-20 22:27:07,857 - Epoch: 13, 71/278: VFL loss: 0.0947, total loss: 0.0624, anchor loss: 0.0301, VFL train accuracy: 0.9620
2026-04-20 22:27:08,075 - Epoch: 13, 81/278: VFL loss: 0.0956, total loss: 0.0628, anchor loss: 0.0300, VFL train accuracy: 0.9624
2026-04-20 22:27:08,308 - Epoch: 13, 91/278: VFL loss: 0.0965, total loss: 0.0633, anchor loss: 0.0301, VFL train accuracy: 0.9622
2026-04-20 22:27:08,511 - Epoch: 13, 101/278: VFL loss: 0.0966, total loss: 0.0632, anchor loss: 0.0299, VFL train accuracy: 0.9626
2026-04-20 22:27:08,726 - Epoch: 13, 111/278: VFL loss: 0.0966, total loss: 0.0633, anchor loss: 0.0299, VFL train accuracy: 0.9624
2026-04-20 22:27:08,950 - Epoch: 13, 121/278: VFL loss: 0.0958, total loss: 0.0628, anchor loss: 0.0297, VFL train accuracy: 0.9629
2026-04-20 22:27:09,155 - Epoch: 13, 131/278: VFL loss: 0.0944, total loss: 0.0620, anchor loss: 0.0296, VFL train accuracy: 0.9637
2026-04-20 22:27:09,364 - Epoch: 13, 141/278: VFL loss: 0.0951, total loss: 0.0624, anchor loss: 0.0296, VFL train accuracy: 0.9635
2026-04-20 22:27:09,589 - Epoch: 13, 151/278: VFL loss: 0.0957, total loss: 0.0627, anchor loss: 0.0296, VFL train accuracy: 0.9637
2026-04-20 22:27:09,812 - Epoch: 13, 161/278: VFL loss: 0.0955, total loss: 0.0626, anchor loss: 0.0296, VFL train accuracy: 0.9638
2026-04-20 22:27:10,030 - Epoch: 13, 171/278: VFL loss: 0.0946, total loss: 0.0620, anchor loss: 0.0295, VFL train accuracy: 0.9641
2026-04-20 22:27:10,256 - Epoch: 13, 181/278: VFL loss: 0.0946, total loss: 0.0621, anchor loss: 0.0295, VFL train accuracy: 0.9640
2026-04-20 22:27:10,484 - Epoch: 13, 191/278: VFL loss: 0.0949, total loss: 0.0622, anchor loss: 0.0295, VFL train accuracy: 0.9641
2026-04-20 22:27:10,683 - Epoch: 13, 201/278: VFL loss: 0.0950, total loss: 0.0622, anchor loss: 0.0295, VFL train accuracy: 0.9642
2026-04-20 22:27:10,900 - Epoch: 13, 211/278: VFL loss: 0.0950, total loss: 0.0622, anchor loss: 0.0294, VFL train accuracy: 0.9643
2026-04-20 22:27:11,123 - Epoch: 13, 221/278: VFL loss: 0.0946, total loss: 0.0620, anchor loss: 0.0294, VFL train accuracy: 0.9644
2026-04-20 22:27:11,313 - Epoch: 13, 231/278: VFL loss: 0.0943, total loss: 0.0618, anchor loss: 0.0294, VFL train accuracy: 0.9645
2026-04-20 22:27:11,509 - Epoch: 13, 241/278: VFL loss: 0.0948, total loss: 0.0621, anchor loss: 0.0294, VFL train accuracy: 0.9643
2026-04-20 22:27:11,713 - Epoch: 13, 251/278: VFL loss: 0.0951, total loss: 0.0623, anchor loss: 0.0295, VFL train accuracy: 0.9642
2026-04-20 22:27:11,912 - Epoch: 13, 261/278: VFL loss: 0.0946, total loss: 0.0620, anchor loss: 0.0294, VFL train accuracy: 0.9644
2026-04-20 22:27:12,137 - Epoch: 13, 271/278: VFL loss: 0.0947, total loss: 0.0620, anchor loss: 0.0293, VFL train accuracy: 0.9646
2026-04-20 22:27:12,296 - => Recorded Stage 2 client anchor losses for epoch 13 to 'results/AVGuard/stage3_gamma_sensitivity_3clients_noema_bounded_q/PHISHING_3clients_noema_bounded_q_gamma_5.0\stage2_final_epoch_client_anchor_losses.json': {0: 0.028135, 1: 0.032002, 2: 0.027814}
2026-04-20 22:27:12,311 - => Stage 2 EMA anchor update skipped at epoch 13 because momentum=1.0000 disables EMA; eligible classes per client {0: 2, 1: 2, 2: 2}
2026-04-20 22:27:12,312 - => Stage 2 Epoch 13 Training Summary: VFL loss: 0.0948, total loss: 0.0620, anchor loss: 0.0292, VFL train accuracy: 0.9645
2026-04-20 22:27:12,312 - => Test ASR...
2026-04-20 22:27:12,317 - =>Add Trigger to Test Data
2026-04-20 22:27:12,631 - Add Trigger to 6130 Bad Samples, 11600 Clean Samples (1.00)
2026-04-20 22:27:16,818 - => Test Epoch: 13, main task samples: 17730, attack samples: 17730, test loss: 0.1173, clean acc: 0.9272, Top-2: 1.0000, ASR: 0.1522, RAC: 0.9046, test target accuracy: 0.9573, stage3 final accuracy: 0.9272, stage3 final target accuracy: 0.9347, stage3 final asr: 0.1522, anchor loss: 0.0305
2026-04-20 22:27:16,819 - => Stage 3 Detection Summary: recall: 0.8230, precision: 0.7915, f1: 0.8070, false positive rate: 0.0608, correction rate: 0.8230
2026-04-20 22:27:16,819 - => Stage 3 Debug (clean): suspicious=1078/17730, correction_applied=1075, prediction_changed=1075, skipped_tied_vote=0, skipped_low_margin=0, skipped_other=3
2026-04-20 22:27:16,819 - => Stage 3 Debug (poison-valid): suspicious=4232/6130, correction_applied=4232, prediction_changed=4232, skipped_tied_vote=0, skipped_low_margin=0, skipped_other=0
2026-04-20 22:27:16,819 - => Stage 3 Debug (attack-success): suspicious=4203/5107, correction_applied=4203, prediction_changed=4203, corrected_to_true=4203
2026-04-20 22:27:16,819 - => Stage 2 checkpoint score: mean(clean_acc=0.9272, recall=0.8230, correction_rate=0.8230) = 0.8577
2026-04-20 22:27:16,840 - => End Epoch: 13, early stop epochs: 2, best epoch: 11, best clean acc: 0.9272, best Top-2: 1.0000, best ASR: 0.1315, best RAC: 0.9072, anchor loss: 0.0308, best checkpoint score: 0.8646
2026-04-20 22:27:16,841 - => Stage 3 Detection Summary: recall: 0.8333, precision: 0.7936, f1: 0.8130, false positive rate: 0.0547, correction rate: 0.8333
2026-04-20 22:27:16,873 - => LFBA current anchor-derived target label: 0
2026-04-20 22:27:16,877 - =>Add Trigger to Train Data
2026-04-20 22:27:17,015 - Add Trigger to 7091 Bad Samples, 63826 Clean Samples (0.10)
2026-04-20 22:27:17,021 - => Start Training for Injecting Backdoor...
2026-04-20 22:27:17,045 - Epoch: 14, 1/278: VFL loss: 0.1048, total loss: 0.0676, anchor loss: 0.0303, VFL train accuracy: 0.9453
2026-04-20 22:27:17,258 - Epoch: 14, 11/278: VFL loss: 0.0883, total loss: 0.0589, anchor loss: 0.0295, VFL train accuracy: 0.9673
2026-04-20 22:27:17,465 - Epoch: 14, 21/278: VFL loss: 0.0913, total loss: 0.0606, anchor loss: 0.0298, VFL train accuracy: 0.9647
2026-04-20 22:27:17,696 - Epoch: 14, 31/278: VFL loss: 0.0949, total loss: 0.0623, anchor loss: 0.0298, VFL train accuracy: 0.9638
2026-04-20 22:27:17,903 - Epoch: 14, 41/278: VFL loss: 0.0898, total loss: 0.0594, anchor loss: 0.0291, VFL train accuracy: 0.9665
2026-04-20 22:27:18,092 - Epoch: 14, 51/278: VFL loss: 0.0932, total loss: 0.0612, anchor loss: 0.0292, VFL train accuracy: 0.9651
2026-04-20 22:27:18,299 - Epoch: 14, 61/278: VFL loss: 0.0938, total loss: 0.0615, anchor loss: 0.0292, VFL train accuracy: 0.9648
2026-04-20 22:27:18,499 - Epoch: 14, 71/278: VFL loss: 0.0931, total loss: 0.0611, anchor loss: 0.0291, VFL train accuracy: 0.9648
2026-04-20 22:27:18,720 - Epoch: 14, 81/278: VFL loss: 0.0934, total loss: 0.0613, anchor loss: 0.0292, VFL train accuracy: 0.9648
2026-04-20 22:27:18,944 - Epoch: 14, 91/278: VFL loss: 0.0931, total loss: 0.0612, anchor loss: 0.0292, VFL train accuracy: 0.9648
2026-04-20 22:27:19,173 - Epoch: 14, 101/278: VFL loss: 0.0935, total loss: 0.0613, anchor loss: 0.0292, VFL train accuracy: 0.9647
2026-04-20 22:27:19,390 - Epoch: 14, 111/278: VFL loss: 0.0944, total loss: 0.0618, anchor loss: 0.0292, VFL train accuracy: 0.9642
2026-04-20 22:27:19,607 - Epoch: 14, 121/278: VFL loss: 0.0947, total loss: 0.0620, anchor loss: 0.0292, VFL train accuracy: 0.9645
2026-04-20 22:27:19,819 - Epoch: 14, 131/278: VFL loss: 0.0940, total loss: 0.0615, anchor loss: 0.0290, VFL train accuracy: 0.9645
2026-04-20 22:27:20,039 - Epoch: 14, 141/278: VFL loss: 0.0947, total loss: 0.0619, anchor loss: 0.0291, VFL train accuracy: 0.9642
2026-04-20 22:27:20,254 - Epoch: 14, 151/278: VFL loss: 0.0950, total loss: 0.0621, anchor loss: 0.0292, VFL train accuracy: 0.9642
2026-04-20 22:27:20,459 - Epoch: 14, 161/278: VFL loss: 0.0948, total loss: 0.0620, anchor loss: 0.0292, VFL train accuracy: 0.9644
2026-04-20 22:27:20,668 - Epoch: 14, 171/278: VFL loss: 0.0951, total loss: 0.0621, anchor loss: 0.0292, VFL train accuracy: 0.9644
2026-04-20 22:27:20,865 - Epoch: 14, 181/278: VFL loss: 0.0956, total loss: 0.0624, anchor loss: 0.0293, VFL train accuracy: 0.9642
2026-04-20 22:27:21,053 - Epoch: 14, 191/278: VFL loss: 0.0956, total loss: 0.0624, anchor loss: 0.0292, VFL train accuracy: 0.9642
2026-04-20 22:27:21,241 - Epoch: 14, 201/278: VFL loss: 0.0954, total loss: 0.0623, anchor loss: 0.0292, VFL train accuracy: 0.9644
2026-04-20 22:27:21,406 - Epoch: 14, 211/278: VFL loss: 0.0951, total loss: 0.0621, anchor loss: 0.0292, VFL train accuracy: 0.9645
2026-04-20 22:27:21,587 - Epoch: 14, 221/278: VFL loss: 0.0951, total loss: 0.0621, anchor loss: 0.0291, VFL train accuracy: 0.9645
2026-04-20 22:27:21,775 - Epoch: 14, 231/278: VFL loss: 0.0954, total loss: 0.0623, anchor loss: 0.0291, VFL train accuracy: 0.9645
2026-04-20 22:27:21,965 - Epoch: 14, 241/278: VFL loss: 0.0952, total loss: 0.0622, anchor loss: 0.0292, VFL train accuracy: 0.9645
2026-04-20 22:27:22,168 - Epoch: 14, 251/278: VFL loss: 0.0948, total loss: 0.0620, anchor loss: 0.0291, VFL train accuracy: 0.9648
2026-04-20 22:27:22,361 - Epoch: 14, 261/278: VFL loss: 0.0950, total loss: 0.0621, anchor loss: 0.0292, VFL train accuracy: 0.9647
2026-04-20 22:27:22,582 - Epoch: 14, 271/278: VFL loss: 0.0951, total loss: 0.0621, anchor loss: 0.0291, VFL train accuracy: 0.9647
2026-04-20 22:27:22,728 - => Recorded Stage 2 client anchor losses for epoch 14 to 'results/AVGuard/stage3_gamma_sensitivity_3clients_noema_bounded_q/PHISHING_3clients_noema_bounded_q_gamma_5.0\stage2_final_epoch_client_anchor_losses.json': {0: 0.028076, 1: 0.03159, 2: 0.027623}
2026-04-20 22:27:22,730 - => Stage 2 EMA anchor update skipped at epoch 14 because momentum=1.0000 disables EMA; eligible classes per client {0: 2, 1: 2, 2: 2}
2026-04-20 22:27:22,730 - => Stage 2 Epoch 14 Training Summary: VFL loss: 0.0949, total loss: 0.0621, anchor loss: 0.0292, VFL train accuracy: 0.9648
2026-04-20 22:27:22,730 - => Test ASR...
2026-04-20 22:27:22,733 - =>Add Trigger to Test Data
2026-04-20 22:27:23,072 - Add Trigger to 6130 Bad Samples, 11600 Clean Samples (1.00)
2026-04-20 22:27:26,653 - => Test Epoch: 14, main task samples: 17730, attack samples: 17730, test loss: 0.1160, clean acc: 0.9290, Top-2: 1.0000, ASR: 0.1545, RAC: 0.9075, test target accuracy: 0.9746, stage3 final accuracy: 0.9290, stage3 final target accuracy: 0.9403, stage3 final asr: 0.1545, anchor loss: 0.0301
2026-04-20 22:27:26,653 - => Stage 3 Detection Summary: recall: 0.8200, precision: 0.8141, f1: 0.8170, false positive rate: 0.0525, correction rate: 0.8200
2026-04-20 22:27:26,653 - => Stage 3 Debug (clean): suspicious=930/17730, correction_applied=929, prediction_changed=929, skipped_tied_vote=0, skipped_low_margin=0, skipped_other=1
2026-04-20 22:27:26,653 - => Stage 3 Debug (poison-valid): suspicious=4217/6130, correction_applied=4217, prediction_changed=4217, skipped_tied_vote=0, skipped_low_margin=0, skipped_other=0
2026-04-20 22:27:26,653 - => Stage 3 Debug (attack-success): suspicious=4190/5110, correction_applied=4190, prediction_changed=4190, corrected_to_true=4190
2026-04-20 22:27:26,654 - => Stage 2 checkpoint score: mean(clean_acc=0.9290, recall=0.8200, correction_rate=0.8200) = 0.8563
2026-04-20 22:27:26,676 - => End Epoch: 14, early stop epochs: 3, best epoch: 11, best clean acc: 0.9272, best Top-2: 1.0000, best ASR: 0.1315, best RAC: 0.9072, anchor loss: 0.0308, best checkpoint score: 0.8646
2026-04-20 22:27:26,676 - => Stage 3 Detection Summary: recall: 0.8333, precision: 0.7936, f1: 0.8130, false positive rate: 0.0547, correction rate: 0.8333
2026-04-20 22:27:26,705 - => LFBA current anchor-derived target label: 0
2026-04-20 22:27:26,709 - =>Add Trigger to Train Data
2026-04-20 22:27:26,876 - Add Trigger to 7091 Bad Samples, 63826 Clean Samples (0.10)
2026-04-20 22:27:26,883 - => Start Training for Injecting Backdoor...
2026-04-20 22:27:26,910 - Epoch: 15, 1/278: VFL loss: 0.1014, total loss: 0.0642, anchor loss: 0.0270, VFL train accuracy: 0.9766
2026-04-20 22:27:27,118 - Epoch: 15, 11/278: VFL loss: 0.1057, total loss: 0.0676, anchor loss: 0.0296, VFL train accuracy: 0.9602
2026-04-20 22:27:27,317 - Epoch: 15, 21/278: VFL loss: 0.1032, total loss: 0.0665, anchor loss: 0.0297, VFL train accuracy: 0.9617
2026-04-20 22:27:27,518 - Epoch: 15, 31/278: VFL loss: 0.0989, total loss: 0.0643, anchor loss: 0.0297, VFL train accuracy: 0.9632
2026-04-20 22:27:27,714 - Epoch: 15, 41/278: VFL loss: 0.0968, total loss: 0.0632, anchor loss: 0.0296, VFL train accuracy: 0.9639
2026-04-20 22:27:27,928 - Epoch: 15, 51/278: VFL loss: 0.0972, total loss: 0.0635, anchor loss: 0.0298, VFL train accuracy: 0.9636
2026-04-20 22:27:28,137 - Epoch: 15, 61/278: VFL loss: 0.0976, total loss: 0.0639, anchor loss: 0.0302, VFL train accuracy: 0.9636
2026-04-20 22:27:28,391 - Epoch: 15, 71/278: VFL loss: 0.0991, total loss: 0.0647, anchor loss: 0.0304, VFL train accuracy: 0.9636
2026-04-20 22:27:28,635 - Epoch: 15, 81/278: VFL loss: 0.0981, total loss: 0.0642, anchor loss: 0.0303, VFL train accuracy: 0.9644
2026-04-20 22:27:28,843 - Epoch: 15, 91/278: VFL loss: 0.0973, total loss: 0.0637, anchor loss: 0.0302, VFL train accuracy: 0.9647
2026-04-20 22:27:29,054 - Epoch: 15, 101/278: VFL loss: 0.0974, total loss: 0.0637, anchor loss: 0.0300, VFL train accuracy: 0.9647
2026-04-20 22:27:29,258 - Epoch: 15, 111/278: VFL loss: 0.0970, total loss: 0.0635, anchor loss: 0.0299, VFL train accuracy: 0.9646
2026-04-20 22:27:29,468 - Epoch: 15, 121/278: VFL loss: 0.0958, total loss: 0.0628, anchor loss: 0.0298, VFL train accuracy: 0.9649
2026-04-20 22:27:29,676 - Epoch: 15, 131/278: VFL loss: 0.0947, total loss: 0.0621, anchor loss: 0.0296, VFL train accuracy: 0.9653
2026-04-20 22:27:29,901 - Epoch: 15, 141/278: VFL loss: 0.0943, total loss: 0.0619, anchor loss: 0.0295, VFL train accuracy: 0.9656
2026-04-20 22:27:30,146 - Epoch: 15, 151/278: VFL loss: 0.0946, total loss: 0.0620, anchor loss: 0.0294, VFL train accuracy: 0.9655
2026-04-20 22:27:30,369 - Epoch: 15, 161/278: VFL loss: 0.0961, total loss: 0.0628, anchor loss: 0.0295, VFL train accuracy: 0.9649
2026-04-20 22:27:30,763 - Epoch: 15, 171/278: VFL loss: 0.0959, total loss: 0.0627, anchor loss: 0.0295, VFL train accuracy: 0.9650
2026-04-20 22:27:30,974 - Epoch: 15, 181/278: VFL loss: 0.0962, total loss: 0.0629, anchor loss: 0.0295, VFL train accuracy: 0.9649
2026-04-20 22:27:31,197 - Epoch: 15, 191/278: VFL loss: 0.0965, total loss: 0.0630, anchor loss: 0.0295, VFL train accuracy: 0.9648
2026-04-20 22:27:31,416 - Epoch: 15, 201/278: VFL loss: 0.0962, total loss: 0.0628, anchor loss: 0.0295, VFL train accuracy: 0.9649
2026-04-20 22:27:31,663 - Epoch: 15, 211/278: VFL loss: 0.0958, total loss: 0.0626, anchor loss: 0.0295, VFL train accuracy: 0.9647
2026-04-20 22:27:31,896 - Epoch: 15, 221/278: VFL loss: 0.0955, total loss: 0.0624, anchor loss: 0.0294, VFL train accuracy: 0.9647
2026-04-20 22:27:32,127 - Epoch: 15, 231/278: VFL loss: 0.0959, total loss: 0.0627, anchor loss: 0.0294, VFL train accuracy: 0.9644
2026-04-20 22:27:32,360 - Epoch: 15, 241/278: VFL loss: 0.0954, total loss: 0.0624, anchor loss: 0.0293, VFL train accuracy: 0.9647
2026-04-20 22:27:32,595 - Epoch: 15, 251/278: VFL loss: 0.0950, total loss: 0.0622, anchor loss: 0.0293, VFL train accuracy: 0.9648
2026-04-20 22:27:32,845 - Epoch: 15, 261/278: VFL loss: 0.0953, total loss: 0.0623, anchor loss: 0.0294, VFL train accuracy: 0.9647
2026-04-20 22:27:33,082 - Epoch: 15, 271/278: VFL loss: 0.0946, total loss: 0.0620, anchor loss: 0.0293, VFL train accuracy: 0.9649
2026-04-20 22:27:33,244 - => Recorded Stage 2 client anchor losses for epoch 15 to 'results/AVGuard/stage3_gamma_sensitivity_3clients_noema_bounded_q/PHISHING_3clients_noema_bounded_q_gamma_5.0\stage2_final_epoch_client_anchor_losses.json': {0: 0.02805, 1: 0.031981, 2: 0.027885}
2026-04-20 22:27:33,246 - => Stage 2 EMA anchor update skipped at epoch 15 because momentum=1.0000 disables EMA; eligible classes per client {0: 2, 1: 2, 2: 2}
2026-04-20 22:27:33,246 - => Stage 2 Epoch 15 Training Summary: VFL loss: 0.0944, total loss: 0.0618, anchor loss: 0.0292, VFL train accuracy: 0.9649
2026-04-20 22:27:33,246 - => Test ASR...
2026-04-20 22:27:33,249 - =>Add Trigger to Test Data
2026-04-20 22:27:33,596 - Add Trigger to 6130 Bad Samples, 11600 Clean Samples (1.00)
2026-04-20 22:27:37,341 - => Test Epoch: 15, main task samples: 17730, attack samples: 17730, test loss: 0.1142, clean acc: 0.9288, Top-2: 1.0000, ASR: 0.1615, RAC: 0.9046, test target accuracy: 0.9689, stage3 final accuracy: 0.9288, stage3 final target accuracy: 0.9396, stage3 final asr: 0.1615, anchor loss: 0.0296
2026-04-20 22:27:37,341 - => Stage 3 Detection Summary: recall: 0.8131, precision: 0.8093, f1: 0.8112, false positive rate: 0.0535, correction rate: 0.8131
2026-04-20 22:27:37,341 - => Stage 3 Debug (clean): suspicious=948/17730, correction_applied=947, prediction_changed=947, skipped_tied_vote=0, skipped_low_margin=0, skipped_other=1
2026-04-20 22:27:37,341 - => Stage 3 Debug (poison-valid): suspicious=4196/6130, correction_applied=4196, prediction_changed=4196, skipped_tied_vote=0, skipped_low_margin=0, skipped_other=0
2026-04-20 22:27:37,341 - => Stage 3 Debug (attack-success): suspicious=4163/5120, correction_applied=4163, prediction_changed=4163, corrected_to_true=4163
2026-04-20 22:27:37,341 - => Stage 2 checkpoint score: mean(clean_acc=0.9288, recall=0.8131, correction_rate=0.8131) = 0.8517
2026-04-20 22:27:37,361 - => End Epoch: 15, early stop epochs: 4, best epoch: 11, best clean acc: 0.9272, best Top-2: 1.0000, best ASR: 0.1315, best RAC: 0.9072, anchor loss: 0.0308, best checkpoint score: 0.8646
2026-04-20 22:27:37,361 - => Stage 3 Detection Summary: recall: 0.8333, precision: 0.7936, f1: 0.8130, false positive rate: 0.0547, correction rate: 0.8333
2026-04-20 22:27:37,393 - => LFBA current anchor-derived target label: 0
2026-04-20 22:27:37,398 - =>Add Trigger to Train Data
2026-04-20 22:27:37,530 - Add Trigger to 7091 Bad Samples, 63826 Clean Samples (0.10)
2026-04-20 22:27:37,536 - => Start Training for Injecting Backdoor...
2026-04-20 22:27:37,564 - Epoch: 16, 1/278: VFL loss: 0.0964, total loss: 0.0623, anchor loss: 0.0282, VFL train accuracy: 0.9648
2026-04-20 22:27:37,771 - Epoch: 16, 11/278: VFL loss: 0.0837, total loss: 0.0562, anchor loss: 0.0288, VFL train accuracy: 0.9666
2026-04-20 22:27:37,986 - Epoch: 16, 21/278: VFL loss: 0.0867, total loss: 0.0580, anchor loss: 0.0292, VFL train accuracy: 0.9667
2026-04-20 22:27:38,202 - Epoch: 16, 31/278: VFL loss: 0.0917, total loss: 0.0608, anchor loss: 0.0298, VFL train accuracy: 0.9656
2026-04-20 22:27:38,405 - Epoch: 16, 41/278: VFL loss: 0.0913, total loss: 0.0606, anchor loss: 0.0299, VFL train accuracy: 0.9659
2026-04-20 22:27:38,625 - Epoch: 16, 51/278: VFL loss: 0.0916, total loss: 0.0605, anchor loss: 0.0295, VFL train accuracy: 0.9647
2026-04-20 22:27:38,844 - Epoch: 16, 61/278: VFL loss: 0.0918, total loss: 0.0607, anchor loss: 0.0295, VFL train accuracy: 0.9641
2026-04-20 22:27:39,058 - Epoch: 16, 71/278: VFL loss: 0.0923, total loss: 0.0609, anchor loss: 0.0294, VFL train accuracy: 0.9641
2026-04-20 22:27:39,262 - Epoch: 16, 81/278: VFL loss: 0.0930, total loss: 0.0611, anchor loss: 0.0293, VFL train accuracy: 0.9637
2026-04-20 22:27:39,456 - Epoch: 16, 91/278: VFL loss: 0.0936, total loss: 0.0615, anchor loss: 0.0294, VFL train accuracy: 0.9637
2026-04-20 22:27:39,655 - Epoch: 16, 101/278: VFL loss: 0.0932, total loss: 0.0613, anchor loss: 0.0294, VFL train accuracy: 0.9635
2026-04-20 22:27:39,881 - Epoch: 16, 111/278: VFL loss: 0.0946, total loss: 0.0620, anchor loss: 0.0294, VFL train accuracy: 0.9629
2026-04-20 22:27:40,071 - Epoch: 16, 121/278: VFL loss: 0.0938, total loss: 0.0615, anchor loss: 0.0292, VFL train accuracy: 0.9633
2026-04-20 22:27:40,296 - Epoch: 16, 131/278: VFL loss: 0.0944, total loss: 0.0618, anchor loss: 0.0292, VFL train accuracy: 0.9635
2026-04-20 22:27:40,516 - Epoch: 16, 141/278: VFL loss: 0.0944, total loss: 0.0618, anchor loss: 0.0292, VFL train accuracy: 0.9635
2026-04-20 22:27:40,754 - Epoch: 16, 151/278: VFL loss: 0.0943, total loss: 0.0618, anchor loss: 0.0292, VFL train accuracy: 0.9634
2026-04-20 22:27:40,965 - Epoch: 16, 161/278: VFL loss: 0.0940, total loss: 0.0616, anchor loss: 0.0291, VFL train accuracy: 0.9638
2026-04-20 22:27:41,169 - Epoch: 16, 171/278: VFL loss: 0.0939, total loss: 0.0615, anchor loss: 0.0290, VFL train accuracy: 0.9639
2026-04-20 22:27:41,399 - Epoch: 16, 181/278: VFL loss: 0.0951, total loss: 0.0621, anchor loss: 0.0292, VFL train accuracy: 0.9632
2026-04-20 22:27:41,638 - Epoch: 16, 191/278: VFL loss: 0.0946, total loss: 0.0619, anchor loss: 0.0292, VFL train accuracy: 0.9634
2026-04-20 22:27:41,850 - Epoch: 16, 201/278: VFL loss: 0.0950, total loss: 0.0621, anchor loss: 0.0292, VFL train accuracy: 0.9635
2026-04-20 22:27:42,063 - Epoch: 16, 211/278: VFL loss: 0.0949, total loss: 0.0621, anchor loss: 0.0292, VFL train accuracy: 0.9636
2026-04-20 22:27:42,287 - Epoch: 16, 221/278: VFL loss: 0.0950, total loss: 0.0621, anchor loss: 0.0292, VFL train accuracy: 0.9636
2026-04-20 22:27:42,506 - Epoch: 16, 231/278: VFL loss: 0.0951, total loss: 0.0622, anchor loss: 0.0292, VFL train accuracy: 0.9637
2026-04-20 22:27:42,747 - Epoch: 16, 241/278: VFL loss: 0.0947, total loss: 0.0619, anchor loss: 0.0291, VFL train accuracy: 0.9640
2026-04-20 22:27:42,964 - Epoch: 16, 251/278: VFL loss: 0.0941, total loss: 0.0616, anchor loss: 0.0291, VFL train accuracy: 0.9643
2026-04-20 22:27:43,186 - Epoch: 16, 261/278: VFL loss: 0.0940, total loss: 0.0615, anchor loss: 0.0290, VFL train accuracy: 0.9644
2026-04-20 22:27:43,424 - Epoch: 16, 271/278: VFL loss: 0.0939, total loss: 0.0615, anchor loss: 0.0290, VFL train accuracy: 0.9644
2026-04-20 22:27:43,592 - => Recorded Stage 2 client anchor losses for epoch 16 to 'results/AVGuard/stage3_gamma_sensitivity_3clients_noema_bounded_q/PHISHING_3clients_noema_bounded_q_gamma_5.0\stage2_final_epoch_client_anchor_losses.json': {0: 0.028051, 1: 0.031468, 2: 0.027671}
2026-04-20 22:27:43,596 - => Stage 2 EMA anchor update skipped at epoch 16 because momentum=1.0000 disables EMA; eligible classes per client {0: 2, 1: 2, 2: 2}
2026-04-20 22:27:43,596 - => Stage 2 Epoch 16 Training Summary: VFL loss: 0.0940, total loss: 0.0615, anchor loss: 0.0290, VFL train accuracy: 0.9644
2026-04-20 22:27:43,596 - => Test ASR...
2026-04-20 22:27:43,601 - =>Add Trigger to Test Data
2026-04-20 22:27:43,913 - Add Trigger to 6130 Bad Samples, 11600 Clean Samples (1.00)
2026-04-20 22:27:48,289 - => Test Epoch: 16, main task samples: 17730, attack samples: 17730, test loss: 0.1166, clean acc: 0.9283, Top-2: 1.0000, ASR: 0.1597, RAC: 0.9025, test target accuracy: 0.9610, stage3 final accuracy: 0.9283, stage3 final target accuracy: 0.9353, stage3 final asr: 0.1597, anchor loss: 0.0300
2026-04-20 22:27:48,289 - => Stage 3 Detection Summary: recall: 0.8139, precision: 0.8073, f1: 0.8106, false positive rate: 0.0544, correction rate: 0.8137
2026-04-20 22:27:48,289 - => Stage 3 Debug (clean): suspicious=964/17730, correction_applied=962, prediction_changed=962, skipped_tied_vote=0, skipped_low_margin=0, skipped_other=2
2026-04-20 22:27:48,289 - => Stage 3 Debug (poison-valid): suspicious=4184/6130, correction_applied=4183, prediction_changed=4183, skipped_tied_vote=0, skipped_low_margin=0, skipped_other=1
2026-04-20 22:27:48,289 - => Stage 3 Debug (attack-success): suspicious=4156/5106, correction_applied=4155, prediction_changed=4155, corrected_to_true=4155
2026-04-20 22:27:48,289 - => Stage 2 checkpoint score: mean(clean_acc=0.9283, recall=0.8139, correction_rate=0.8137) = 0.8520
2026-04-20 22:27:48,313 - => End Epoch: 16, early stop epochs: 5, best epoch: 11, best clean acc: 0.9272, best Top-2: 1.0000, best ASR: 0.1315, best RAC: 0.9072, anchor loss: 0.0308, best checkpoint score: 0.8646
2026-04-20 22:27:48,313 - => Stage 3 Detection Summary: recall: 0.8333, precision: 0.7936, f1: 0.8130, false positive rate: 0.0547, correction rate: 0.8333
2026-04-20 22:27:48,343 - => LFBA current anchor-derived target label: 0
2026-04-20 22:27:48,347 - =>Add Trigger to Train Data
2026-04-20 22:27:48,480 - Add Trigger to 7091 Bad Samples, 63826 Clean Samples (0.10)
2026-04-20 22:27:48,486 - => Start Training for Injecting Backdoor...
2026-04-20 22:27:48,516 - Epoch: 17, 1/278: VFL loss: 0.1433, total loss: 0.0881, anchor loss: 0.0328, VFL train accuracy: 0.9492
2026-04-20 22:27:48,736 - Epoch: 17, 11/278: VFL loss: 0.1019, total loss: 0.0661, anchor loss: 0.0304, VFL train accuracy: 0.9641
2026-04-20 22:27:48,952 - Epoch: 17, 21/278: VFL loss: 0.0969, total loss: 0.0633, anchor loss: 0.0296, VFL train accuracy: 0.9632
2026-04-20 22:27:49,165 - Epoch: 17, 31/278: VFL loss: 0.0974, total loss: 0.0638, anchor loss: 0.0303, VFL train accuracy: 0.9624
2026-04-20 22:27:49,412 - Epoch: 17, 41/278: VFL loss: 0.0936, total loss: 0.0615, anchor loss: 0.0294, VFL train accuracy: 0.9652
2026-04-20 22:27:49,650 - Epoch: 17, 51/278: VFL loss: 0.0931, total loss: 0.0610, anchor loss: 0.0289, VFL train accuracy: 0.9652
2026-04-20 22:27:49,895 - Epoch: 17, 61/278: VFL loss: 0.0936, total loss: 0.0613, anchor loss: 0.0290, VFL train accuracy: 0.9654
2026-04-20 22:27:50,120 - Epoch: 17, 71/278: VFL loss: 0.0943, total loss: 0.0618, anchor loss: 0.0293, VFL train accuracy: 0.9654
2026-04-20 22:27:50,371 - Epoch: 17, 81/278: VFL loss: 0.0963, total loss: 0.0629, anchor loss: 0.0296, VFL train accuracy: 0.9647
2026-04-20 22:27:50,584 - Epoch: 17, 91/278: VFL loss: 0.0955, total loss: 0.0625, anchor loss: 0.0295, VFL train accuracy: 0.9649
2026-04-20 22:27:50,784 - Epoch: 17, 101/278: VFL loss: 0.0964, total loss: 0.0629, anchor loss: 0.0295, VFL train accuracy: 0.9649
2026-04-20 22:27:50,998 - Epoch: 17, 111/278: VFL loss: 0.0951, total loss: 0.0622, anchor loss: 0.0293, VFL train accuracy: 0.9652
2026-04-20 22:27:51,199 - Epoch: 17, 121/278: VFL loss: 0.0943, total loss: 0.0617, anchor loss: 0.0292, VFL train accuracy: 0.9655
2026-04-20 22:27:51,421 - Epoch: 17, 131/278: VFL loss: 0.0933, total loss: 0.0612, anchor loss: 0.0290, VFL train accuracy: 0.9656
2026-04-20 22:27:51,643 - Epoch: 17, 141/278: VFL loss: 0.0930, total loss: 0.0610, anchor loss: 0.0289, VFL train accuracy: 0.9658
2026-04-20 22:27:51,842 - Epoch: 17, 151/278: VFL loss: 0.0934, total loss: 0.0612, anchor loss: 0.0289, VFL train accuracy: 0.9658
2026-04-20 22:27:52,064 - Epoch: 17, 161/278: VFL loss: 0.0931, total loss: 0.0610, anchor loss: 0.0289, VFL train accuracy: 0.9659
2026-04-20 22:27:52,276 - Epoch: 17, 171/278: VFL loss: 0.0932, total loss: 0.0611, anchor loss: 0.0290, VFL train accuracy: 0.9657
2026-04-20 22:27:52,510 - Epoch: 17, 181/278: VFL loss: 0.0940, total loss: 0.0616, anchor loss: 0.0291, VFL train accuracy: 0.9653
2026-04-20 22:27:52,744 - Epoch: 17, 191/278: VFL loss: 0.0938, total loss: 0.0614, anchor loss: 0.0291, VFL train accuracy: 0.9656
2026-04-20 22:27:52,964 - Epoch: 17, 201/278: VFL loss: 0.0937, total loss: 0.0614, anchor loss: 0.0291, VFL train accuracy: 0.9656
2026-04-20 22:27:53,174 - Epoch: 17, 211/278: VFL loss: 0.0936, total loss: 0.0613, anchor loss: 0.0290, VFL train accuracy: 0.9656
2026-04-20 22:27:53,407 - Epoch: 17, 221/278: VFL loss: 0.0941, total loss: 0.0616, anchor loss: 0.0291, VFL train accuracy: 0.9654
2026-04-20 22:27:53,621 - Epoch: 17, 231/278: VFL loss: 0.0943, total loss: 0.0617, anchor loss: 0.0291, VFL train accuracy: 0.9653
2026-04-20 22:27:53,866 - Epoch: 17, 241/278: VFL loss: 0.0939, total loss: 0.0614, anchor loss: 0.0290, VFL train accuracy: 0.9655
2026-04-20 22:27:54,075 - Epoch: 17, 251/278: VFL loss: 0.0932, total loss: 0.0611, anchor loss: 0.0290, VFL train accuracy: 0.9657
2026-04-20 22:27:54,285 - Epoch: 17, 261/278: VFL loss: 0.0932, total loss: 0.0611, anchor loss: 0.0289, VFL train accuracy: 0.9656
2026-04-20 22:27:54,495 - Epoch: 17, 271/278: VFL loss: 0.0930, total loss: 0.0610, anchor loss: 0.0290, VFL train accuracy: 0.9657
2026-04-20 22:27:54,660 - => Recorded Stage 2 client anchor losses for epoch 17 to 'results/AVGuard/stage3_gamma_sensitivity_3clients_noema_bounded_q/PHISHING_3clients_noema_bounded_q_gamma_5.0\stage2_final_epoch_client_anchor_losses.json': {0: 0.028088, 1: 0.031482, 2: 0.027421}
2026-04-20 22:27:54,663 - => Stage 2 EMA anchor update skipped at epoch 17 because momentum=1.0000 disables EMA; eligible classes per client {0: 2, 1: 2, 2: 2}
2026-04-20 22:27:54,663 - => Stage 2 Epoch 17 Training Summary: VFL loss: 0.0927, total loss: 0.0609, anchor loss: 0.0290, VFL train accuracy: 0.9657
2026-04-20 22:27:54,663 - => Test ASR...
2026-04-20 22:27:54,667 - =>Add Trigger to Test Data
2026-04-20 22:27:54,978 - Add Trigger to 6130 Bad Samples, 11600 Clean Samples (1.00)
2026-04-20 22:27:59,127 - => Test Epoch: 17, main task samples: 17730, attack samples: 17730, test loss: 0.1167, clean acc: 0.9276, Top-2: 1.0000, ASR: 0.1455, RAC: 0.9067, test target accuracy: 0.9640, stage3 final accuracy: 0.9276, stage3 final target accuracy: 0.9343, stage3 final asr: 0.1455, anchor loss: 0.0298
2026-04-20 22:27:59,127 - => Stage 3 Detection Summary: recall: 0.8342, precision: 0.7958, f1: 0.8145, false positive rate: 0.0614, correction rate: 0.8342
2026-04-20 22:27:59,127 - => Stage 3 Debug (clean): suspicious=1088/17730, correction_applied=1085, prediction_changed=1085, skipped_tied_vote=0, skipped_low_margin=0, skipped_other=3
2026-04-20 22:27:59,127 - => Stage 3 Debug (poison-valid): suspicious=4376/6130, correction_applied=4376, prediction_changed=4376, skipped_tied_vote=0, skipped_low_margin=0, skipped_other=0
2026-04-20 22:27:59,127 - => Stage 3 Debug (attack-success): suspicious=4348/5212, correction_applied=4348, prediction_changed=4348, corrected_to_true=4348
2026-04-20 22:27:59,127 - => Stage 2 checkpoint score: mean(clean_acc=0.9276, recall=0.8342, correction_rate=0.8342) = 0.8653
2026-04-20 22:27:59,128 - => Save best checkpoint model...
2026-04-20 22:27:59,187 - => End Epoch: 17, early stop epochs: 0, best epoch: 17, best clean acc: 0.9276, best Top-2: 1.0000, best ASR: 0.1455, best RAC: 0.9067, anchor loss: 0.0298, best checkpoint score: 0.8653
2026-04-20 22:27:59,187 - => Stage 3 Detection Summary: recall: 0.8342, precision: 0.7958, f1: 0.8145, false positive rate: 0.0614, correction rate: 0.8342
2026-04-20 22:27:59,219 - => LFBA current anchor-derived target label: 0
2026-04-20 22:27:59,223 - =>Add Trigger to Train Data
2026-04-20 22:27:59,356 - Add Trigger to 7091 Bad Samples, 63826 Clean Samples (0.10)
2026-04-20 22:27:59,361 - => Start Training for Injecting Backdoor...
2026-04-20 22:27:59,389 - Epoch: 18, 1/278: VFL loss: 0.1093, total loss: 0.0686, anchor loss: 0.0279, VFL train accuracy: 0.9531
2026-04-20 22:27:59,617 - Epoch: 18, 11/278: VFL loss: 0.0986, total loss: 0.0644, anchor loss: 0.0303, VFL train accuracy: 0.9648
2026-04-20 22:27:59,838 - Epoch: 18, 21/278: VFL loss: 0.0959, total loss: 0.0626, anchor loss: 0.0294, VFL train accuracy: 0.9652
2026-04-20 22:28:00,060 - Epoch: 18, 31/278: VFL loss: 0.0931, total loss: 0.0611, anchor loss: 0.0291, VFL train accuracy: 0.9661
2026-04-20 22:28:00,276 - Epoch: 18, 41/278: VFL loss: 0.0911, total loss: 0.0600, anchor loss: 0.0289, VFL train accuracy: 0.9664
2026-04-20 22:28:00,500 - Epoch: 18, 51/278: VFL loss: 0.0905, total loss: 0.0598, anchor loss: 0.0291, VFL train accuracy: 0.9663
2026-04-20 22:28:00,723 - Epoch: 18, 61/278: VFL loss: 0.0921, total loss: 0.0606, anchor loss: 0.0292, VFL train accuracy: 0.9657
2026-04-20 22:28:00,943 - Epoch: 18, 71/278: VFL loss: 0.0942, total loss: 0.0618, anchor loss: 0.0294, VFL train accuracy: 0.9654
2026-04-20 22:28:01,154 - Epoch: 18, 81/278: VFL loss: 0.0942, total loss: 0.0618, anchor loss: 0.0294, VFL train accuracy: 0.9656
2026-04-20 22:28:01,361 - Epoch: 18, 91/278: VFL loss: 0.0948, total loss: 0.0621, anchor loss: 0.0295, VFL train accuracy: 0.9651
2026-04-20 22:28:01,592 - Epoch: 18, 101/278: VFL loss: 0.0936, total loss: 0.0614, anchor loss: 0.0293, VFL train accuracy: 0.9655
2026-04-20 22:28:01,809 - Epoch: 18, 111/278: VFL loss: 0.0941, total loss: 0.0617, anchor loss: 0.0293, VFL train accuracy: 0.9656
2026-04-20 22:28:02,033 - Epoch: 18, 121/278: VFL loss: 0.0929, total loss: 0.0610, anchor loss: 0.0291, VFL train accuracy: 0.9662
2026-04-20 22:28:02,249 - Epoch: 18, 131/278: VFL loss: 0.0912, total loss: 0.0600, anchor loss: 0.0289, VFL train accuracy: 0.9669
2026-04-20 22:28:02,482 - Epoch: 18, 141/278: VFL loss: 0.0917, total loss: 0.0603, anchor loss: 0.0289, VFL train accuracy: 0.9669
2026-04-20 22:28:02,701 - Epoch: 18, 151/278: VFL loss: 0.0926, total loss: 0.0607, anchor loss: 0.0289, VFL train accuracy: 0.9665
2026-04-20 22:28:02,935 - Epoch: 18, 161/278: VFL loss: 0.0924, total loss: 0.0606, anchor loss: 0.0288, VFL train accuracy: 0.9667
2026-04-20 22:28:03,157 - Epoch: 18, 171/278: VFL loss: 0.0917, total loss: 0.0602, anchor loss: 0.0288, VFL train accuracy: 0.9667
2026-04-20 22:28:03,364 - Epoch: 18, 181/278: VFL loss: 0.0929, total loss: 0.0609, anchor loss: 0.0289, VFL train accuracy: 0.9662
2026-04-20 22:28:03,562 - Epoch: 18, 191/278: VFL loss: 0.0928, total loss: 0.0608, anchor loss: 0.0289, VFL train accuracy: 0.9664
2026-04-20 22:28:03,781 - Epoch: 18, 201/278: VFL loss: 0.0928, total loss: 0.0609, anchor loss: 0.0290, VFL train accuracy: 0.9663
2026-04-20 22:28:03,979 - Epoch: 18, 211/278: VFL loss: 0.0929, total loss: 0.0610, anchor loss: 0.0290, VFL train accuracy: 0.9663
2026-04-20 22:28:04,182 - Epoch: 18, 221/278: VFL loss: 0.0927, total loss: 0.0608, anchor loss: 0.0290, VFL train accuracy: 0.9663
2026-04-20 22:28:04,395 - Epoch: 18, 231/278: VFL loss: 0.0927, total loss: 0.0609, anchor loss: 0.0290, VFL train accuracy: 0.9662
2026-04-20 22:28:04,624 - Epoch: 18, 241/278: VFL loss: 0.0923, total loss: 0.0606, anchor loss: 0.0290, VFL train accuracy: 0.9663
2026-04-20 22:28:04,850 - Epoch: 18, 251/278: VFL loss: 0.0929, total loss: 0.0610, anchor loss: 0.0290, VFL train accuracy: 0.9661
2026-04-20 22:28:05,057 - Epoch: 18, 261/278: VFL loss: 0.0929, total loss: 0.0609, anchor loss: 0.0290, VFL train accuracy: 0.9660
2026-04-20 22:28:05,257 - Epoch: 18, 271/278: VFL loss: 0.0929, total loss: 0.0610, anchor loss: 0.0290, VFL train accuracy: 0.9658
2026-04-20 22:28:05,431 - => Recorded Stage 2 client anchor losses for epoch 18 to 'results/AVGuard/stage3_gamma_sensitivity_3clients_noema_bounded_q/PHISHING_3clients_noema_bounded_q_gamma_5.0\stage2_final_epoch_client_anchor_losses.json': {0: 0.027995, 1: 0.03142, 2: 0.027565}
2026-04-20 22:28:05,434 - => Stage 2 EMA anchor update skipped at epoch 18 because momentum=1.0000 disables EMA; eligible classes per client {0: 2, 1: 2, 2: 2}
2026-04-20 22:28:05,434 - => Stage 2 Epoch 18 Training Summary: VFL loss: 0.0924, total loss: 0.0607, anchor loss: 0.0290, VFL train accuracy: 0.9658
2026-04-20 22:28:05,434 - => Test ASR...
2026-04-20 22:28:05,437 - =>Add Trigger to Test Data
2026-04-20 22:28:05,794 - Add Trigger to 6130 Bad Samples, 11600 Clean Samples (1.00)
2026-04-20 22:28:10,213 - => Test Epoch: 18, main task samples: 17730, attack samples: 17730, test loss: 0.1163, clean acc: 0.9252, Top-2: 1.0000, ASR: 0.1387, RAC: 0.9072, test target accuracy: 0.9636, stage3 final accuracy: 0.9252, stage3 final target accuracy: 0.9314, stage3 final asr: 0.1387, anchor loss: 0.0300
2026-04-20 22:28:10,213 - => Stage 3 Detection Summary: recall: 0.8397, precision: 0.8004, f1: 0.8196, false positive rate: 0.0592, correction rate: 0.8395
2026-04-20 22:28:10,213 - => Stage 3 Debug (clean): suspicious=1049/17730, correction_applied=1049, prediction_changed=1049, skipped_tied_vote=0, skipped_low_margin=0, skipped_other=0
2026-04-20 22:28:10,213 - => Stage 3 Debug (poison-valid): suspicious=4338/6130, correction_applied=4337, prediction_changed=4337, skipped_tied_vote=0, skipped_low_margin=0, skipped_other=1
2026-04-20 22:28:10,213 - => Stage 3 Debug (attack-success): suspicious=4312/5135, correction_applied=4311, prediction_changed=4311, corrected_to_true=4311
2026-04-20 22:28:10,213 - => Stage 2 checkpoint score: mean(clean_acc=0.9252, recall=0.8397, correction_rate=0.8395) = 0.8682
2026-04-20 22:28:10,213 - => Save best checkpoint model...
2026-04-20 22:28:10,276 - => End Epoch: 18, early stop epochs: 0, best epoch: 18, best clean acc: 0.9252, best Top-2: 1.0000, best ASR: 0.1387, best RAC: 0.9072, anchor loss: 0.0300, best checkpoint score: 0.8682
2026-04-20 22:28:10,276 - => Stage 3 Detection Summary: recall: 0.8397, precision: 0.8004, f1: 0.8196, false positive rate: 0.0592, correction rate: 0.8395
2026-04-20 22:28:10,305 - => LFBA current anchor-derived target label: 0
2026-04-20 22:28:10,309 - =>Add Trigger to Train Data
2026-04-20 22:28:10,435 - Add Trigger to 7091 Bad Samples, 63826 Clean Samples (0.10)
2026-04-20 22:28:10,440 - => Start Training for Injecting Backdoor...
2026-04-20 22:28:10,469 - Epoch: 19, 1/278: VFL loss: 0.0868, total loss: 0.0566, anchor loss: 0.0265, VFL train accuracy: 0.9648
2026-04-20 22:28:10,693 - Epoch: 19, 11/278: VFL loss: 0.1066, total loss: 0.0688, anchor loss: 0.0310, VFL train accuracy: 0.9588
2026-04-20 22:28:10,909 - Epoch: 19, 21/278: VFL loss: 0.0947, total loss: 0.0622, anchor loss: 0.0297, VFL train accuracy: 0.9628
2026-04-20 22:28:11,135 - Epoch: 19, 31/278: VFL loss: 0.0970, total loss: 0.0631, anchor loss: 0.0292, VFL train accuracy: 0.9628
2026-04-20 22:28:11,373 - Epoch: 19, 41/278: VFL loss: 0.0942, total loss: 0.0617, anchor loss: 0.0291, VFL train accuracy: 0.9643
2026-04-20 22:28:11,609 - Epoch: 19, 51/278: VFL loss: 0.0926, total loss: 0.0606, anchor loss: 0.0286, VFL train accuracy: 0.9655
2026-04-20 22:28:11,845 - Epoch: 19, 61/278: VFL loss: 0.0916, total loss: 0.0601, anchor loss: 0.0286, VFL train accuracy: 0.9652
2026-04-20 22:28:12,051 - Epoch: 19, 71/278: VFL loss: 0.0900, total loss: 0.0592, anchor loss: 0.0285, VFL train accuracy: 0.9659
2026-04-20 22:28:12,279 - Epoch: 19, 81/278: VFL loss: 0.0892, total loss: 0.0588, anchor loss: 0.0283, VFL train accuracy: 0.9659
2026-04-20 22:28:12,502 - Epoch: 19, 91/278: VFL loss: 0.0906, total loss: 0.0596, anchor loss: 0.0287, VFL train accuracy: 0.9655
2026-04-20 22:28:12,719 - Epoch: 19, 101/278: VFL loss: 0.0908, total loss: 0.0598, anchor loss: 0.0288, VFL train accuracy: 0.9657
2026-04-20 22:28:12,947 - Epoch: 19, 111/278: VFL loss: 0.0905, total loss: 0.0596, anchor loss: 0.0288, VFL train accuracy: 0.9655
2026-04-20 22:28:13,169 - Epoch: 19, 121/278: VFL loss: 0.0913, total loss: 0.0601, anchor loss: 0.0289, VFL train accuracy: 0.9653
2026-04-20 22:28:13,390 - Epoch: 19, 131/278: VFL loss: 0.0908, total loss: 0.0598, anchor loss: 0.0288, VFL train accuracy: 0.9658
2026-04-20 22:28:13,623 - Epoch: 19, 141/278: VFL loss: 0.0923, total loss: 0.0607, anchor loss: 0.0290, VFL train accuracy: 0.9652
2026-04-20 22:28:13,856 - Epoch: 19, 151/278: VFL loss: 0.0920, total loss: 0.0604, anchor loss: 0.0289, VFL train accuracy: 0.9653
2026-04-20 22:28:14,094 - Epoch: 19, 161/278: VFL loss: 0.0918, total loss: 0.0603, anchor loss: 0.0288, VFL train accuracy: 0.9656
2026-04-20 22:28:14,332 - Epoch: 19, 171/278: VFL loss: 0.0926, total loss: 0.0607, anchor loss: 0.0289, VFL train accuracy: 0.9653
2026-04-20 22:28:14,597 - Epoch: 19, 181/278: VFL loss: 0.0927, total loss: 0.0607, anchor loss: 0.0288, VFL train accuracy: 0.9655
2026-04-20 22:28:14,834 - Epoch: 19, 191/278: VFL loss: 0.0923, total loss: 0.0605, anchor loss: 0.0288, VFL train accuracy: 0.9656
2026-04-20 22:28:15,052 - Epoch: 19, 201/278: VFL loss: 0.0922, total loss: 0.0605, anchor loss: 0.0288, VFL train accuracy: 0.9656
2026-04-20 22:28:15,275 - Epoch: 19, 211/278: VFL loss: 0.0919, total loss: 0.0603, anchor loss: 0.0288, VFL train accuracy: 0.9655
2026-04-20 22:28:15,488 - Epoch: 19, 221/278: VFL loss: 0.0924, total loss: 0.0606, anchor loss: 0.0289, VFL train accuracy: 0.9653
2026-04-20 22:28:15,703 - Epoch: 19, 231/278: VFL loss: 0.0924, total loss: 0.0606, anchor loss: 0.0289, VFL train accuracy: 0.9654
2026-04-20 22:28:15,934 - Epoch: 19, 241/278: VFL loss: 0.0918, total loss: 0.0603, anchor loss: 0.0288, VFL train accuracy: 0.9655
2026-04-20 22:28:16,161 - Epoch: 19, 251/278: VFL loss: 0.0918, total loss: 0.0603, anchor loss: 0.0288, VFL train accuracy: 0.9655
2026-04-20 22:28:16,394 - Epoch: 19, 261/278: VFL loss: 0.0919, total loss: 0.0604, anchor loss: 0.0288, VFL train accuracy: 0.9656
2026-04-20 22:28:16,624 - Epoch: 19, 271/278: VFL loss: 0.0917, total loss: 0.0603, anchor loss: 0.0288, VFL train accuracy: 0.9655
2026-04-20 22:28:16,779 - => Recorded Stage 2 client anchor losses for epoch 19 to 'results/AVGuard/stage3_gamma_sensitivity_3clients_noema_bounded_q/PHISHING_3clients_noema_bounded_q_gamma_5.0\stage2_final_epoch_client_anchor_losses.json': {0: 0.027935, 1: 0.031258, 2: 0.027316}
2026-04-20 22:28:16,780 - => Stage 2 EMA anchor update skipped at epoch 19 because momentum=1.0000 disables EMA; eligible classes per client {0: 2, 1: 2, 2: 2}
2026-04-20 22:28:16,780 - => Stage 2 Epoch 19 Training Summary: VFL loss: 0.0918, total loss: 0.0603, anchor loss: 0.0288, VFL train accuracy: 0.9655
2026-04-20 22:28:16,781 - => Test ASR...
2026-04-20 22:28:16,783 - =>Add Trigger to Test Data
2026-04-20 22:28:17,092 - Add Trigger to 6130 Bad Samples, 11600 Clean Samples (1.00)
2026-04-20 22:28:21,383 - => Test Epoch: 19, main task samples: 17730, attack samples: 17730, test loss: 0.1177, clean acc: 0.9297, Top-2: 1.0000, ASR: 0.1538, RAC: 0.9047, test target accuracy: 0.9696, stage3 final accuracy: 0.9297, stage3 final target accuracy: 0.9357, stage3 final asr: 0.1538, anchor loss: 0.0298
2026-04-20 22:28:21,383 - => Stage 3 Detection Summary: recall: 0.8209, precision: 0.8247, f1: 0.8228, false positive rate: 0.0491, correction rate: 0.8209
2026-04-20 22:28:21,383 - => Stage 3 Debug (clean): suspicious=871/17730, correction_applied=870, prediction_changed=870, skipped_tied_vote=0, skipped_low_margin=0, skipped_other=1
2026-04-20 22:28:21,383 - => Stage 3 Debug (poison-valid): suspicious=4235/6130, correction_applied=4235, prediction_changed=4235, skipped_tied_vote=0, skipped_low_margin=0, skipped_other=0
2026-04-20 22:28:21,383 - => Stage 3 Debug (attack-success): suspicious=4211/5130, correction_applied=4211, prediction_changed=4211, corrected_to_true=4211
2026-04-20 22:28:21,383 - => Stage 2 checkpoint score: mean(clean_acc=0.9297, recall=0.8209, correction_rate=0.8209) = 0.8571
2026-04-20 22:28:21,409 - => End Epoch: 19, early stop epochs: 1, best epoch: 18, best clean acc: 0.9252, best Top-2: 1.0000, best ASR: 0.1387, best RAC: 0.9072, anchor loss: 0.0300, best checkpoint score: 0.8682
2026-04-20 22:28:21,409 - => Stage 3 Detection Summary: recall: 0.8397, precision: 0.8004, f1: 0.8196, false positive rate: 0.0592, correction rate: 0.8395
2026-04-20 22:28:21,443 - => LFBA current anchor-derived target label: 0
2026-04-20 22:28:21,448 - =>Add Trigger to Train Data
2026-04-20 22:28:21,580 - Add Trigger to 7091 Bad Samples, 63826 Clean Samples (0.10)
2026-04-20 22:28:21,586 - => Start Training for Injecting Backdoor...
2026-04-20 22:28:21,615 - Epoch: 20, 1/278: VFL loss: 0.1250, total loss: 0.0804, anchor loss: 0.0358, VFL train accuracy: 0.9492
2026-04-20 22:28:21,837 - Epoch: 20, 11/278: VFL loss: 0.1006, total loss: 0.0654, anchor loss: 0.0302, VFL train accuracy: 0.9595
2026-04-20 22:28:22,051 - Epoch: 20, 21/278: VFL loss: 0.0984, total loss: 0.0640, anchor loss: 0.0296, VFL train accuracy: 0.9593
2026-04-20 22:28:22,255 - Epoch: 20, 31/278: VFL loss: 0.0970, total loss: 0.0632, anchor loss: 0.0294, VFL train accuracy: 0.9607
2026-04-20 22:28:22,459 - Epoch: 20, 41/278: VFL loss: 0.0937, total loss: 0.0615, anchor loss: 0.0292, VFL train accuracy: 0.9629
2026-04-20 22:28:22,681 - Epoch: 20, 51/278: VFL loss: 0.0937, total loss: 0.0615, anchor loss: 0.0294, VFL train accuracy: 0.9629
2026-04-20 22:28:22,889 - Epoch: 20, 61/278: VFL loss: 0.0931, total loss: 0.0612, anchor loss: 0.0293, VFL train accuracy: 0.9635
2026-04-20 22:28:23,095 - Epoch: 20, 71/278: VFL loss: 0.0921, total loss: 0.0606, anchor loss: 0.0292, VFL train accuracy: 0.9644
2026-04-20 22:28:23,294 - Epoch: 20, 81/278: VFL loss: 0.0914, total loss: 0.0603, anchor loss: 0.0292, VFL train accuracy: 0.9649
2026-04-20 22:28:23,500 - Epoch: 20, 91/278: VFL loss: 0.0906, total loss: 0.0598, anchor loss: 0.0290, VFL train accuracy: 0.9654
2026-04-20 22:28:23,731 - Epoch: 20, 101/278: VFL loss: 0.0920, total loss: 0.0605, anchor loss: 0.0289, VFL train accuracy: 0.9649
2026-04-20 22:28:23,939 - Epoch: 20, 111/278: VFL loss: 0.0907, total loss: 0.0596, anchor loss: 0.0286, VFL train accuracy: 0.9655
2026-04-20 22:28:24,144 - Epoch: 20, 121/278: VFL loss: 0.0919, total loss: 0.0603, anchor loss: 0.0287, VFL train accuracy: 0.9651
2026-04-20 22:28:24,346 - Epoch: 20, 131/278: VFL loss: 0.0915, total loss: 0.0601, anchor loss: 0.0287, VFL train accuracy: 0.9653
2026-04-20 22:28:24,577 - Epoch: 20, 141/278: VFL loss: 0.0903, total loss: 0.0595, anchor loss: 0.0287, VFL train accuracy: 0.9658
2026-04-20 22:28:24,799 - Epoch: 20, 151/278: VFL loss: 0.0899, total loss: 0.0592, anchor loss: 0.0286, VFL train accuracy: 0.9660
2026-04-20 22:28:25,017 - Epoch: 20, 161/278: VFL loss: 0.0897, total loss: 0.0592, anchor loss: 0.0287, VFL train accuracy: 0.9661
2026-04-20 22:28:25,244 - Epoch: 20, 171/278: VFL loss: 0.0898, total loss: 0.0593, anchor loss: 0.0288, VFL train accuracy: 0.9659
2026-04-20 22:28:25,457 - Epoch: 20, 181/278: VFL loss: 0.0907, total loss: 0.0597, anchor loss: 0.0288, VFL train accuracy: 0.9656
2026-04-20 22:28:25,685 - Epoch: 20, 191/278: VFL loss: 0.0914, total loss: 0.0601, anchor loss: 0.0289, VFL train accuracy: 0.9653
2026-04-20 22:28:25,896 - Epoch: 20, 201/278: VFL loss: 0.0915, total loss: 0.0602, anchor loss: 0.0289, VFL train accuracy: 0.9653
2026-04-20 22:28:26,122 - Epoch: 20, 211/278: VFL loss: 0.0918, total loss: 0.0603, anchor loss: 0.0289, VFL train accuracy: 0.9652
2026-04-20 22:28:26,329 - Epoch: 20, 221/278: VFL loss: 0.0921, total loss: 0.0605, anchor loss: 0.0288, VFL train accuracy: 0.9650
2026-04-20 22:28:26,532 - Epoch: 20, 231/278: VFL loss: 0.0915, total loss: 0.0601, anchor loss: 0.0288, VFL train accuracy: 0.9653
2026-04-20 22:28:26,761 - Epoch: 20, 241/278: VFL loss: 0.0917, total loss: 0.0602, anchor loss: 0.0288, VFL train accuracy: 0.9654
2026-04-20 22:28:26,961 - Epoch: 20, 251/278: VFL loss: 0.0923, total loss: 0.0606, anchor loss: 0.0289, VFL train accuracy: 0.9653
2026-04-20 22:28:27,171 - Epoch: 20, 261/278: VFL loss: 0.0926, total loss: 0.0607, anchor loss: 0.0288, VFL train accuracy: 0.9652
2026-04-20 22:28:27,384 - Epoch: 20, 271/278: VFL loss: 0.0924, total loss: 0.0606, anchor loss: 0.0288, VFL train accuracy: 0.9654
2026-04-20 22:28:27,558 - => Recorded Stage 2 client anchor losses for epoch 20 to 'results/AVGuard/stage3_gamma_sensitivity_3clients_noema_bounded_q/PHISHING_3clients_noema_bounded_q_gamma_5.0\stage2_final_epoch_client_anchor_losses.json': {0: 0.027876, 1: 0.031103, 2: 0.02747}
2026-04-20 22:28:27,559 - => Stage 2 EMA anchor update skipped at epoch 20 because momentum=1.0000 disables EMA; eligible classes per client {0: 2, 1: 2, 2: 2}
2026-04-20 22:28:27,559 - => Stage 2 Epoch 20 Training Summary: VFL loss: 0.0920, total loss: 0.0604, anchor loss: 0.0287, VFL train accuracy: 0.9653
2026-04-20 22:28:27,560 - => Test ASR...
2026-04-20 22:28:27,563 - =>Add Trigger to Test Data
2026-04-20 22:28:27,858 - Add Trigger to 6130 Bad Samples, 11600 Clean Samples (1.00)
2026-04-20 22:28:32,228 - => Test Epoch: 20, main task samples: 17730, attack samples: 17730, test loss: 0.1143, clean acc: 0.9310, Top-2: 1.0000, ASR: 0.1529, RAC: 0.9052, test target accuracy: 0.9688, stage3 final accuracy: 0.9310, stage3 final target accuracy: 0.9359, stage3 final asr: 0.1529, anchor loss: 0.0298
2026-04-20 22:28:32,229 - => Stage 3 Detection Summary: recall: 0.8308, precision: 0.8129, f1: 0.8217, false positive rate: 0.0575, correction rate: 0.8306
2026-04-20 22:28:32,229 - => Stage 3 Debug (clean): suspicious=1019/17730, correction_applied=1017, prediction_changed=1017, skipped_tied_vote=0, skipped_low_margin=0, skipped_other=2
2026-04-20 22:28:32,229 - => Stage 3 Debug (poison-valid): suspicious=4524/6130, correction_applied=4523, prediction_changed=4523, skipped_tied_vote=0, skipped_low_margin=0, skipped_other=1
2026-04-20 22:28:32,229 - => Stage 3 Debug (attack-success): suspicious=4506/5424, correction_applied=4505, prediction_changed=4505, corrected_to_true=4505
2026-04-20 22:28:32,229 - => Stage 2 checkpoint score: mean(clean_acc=0.9310, recall=0.8308, correction_rate=0.8306) = 0.8641
2026-04-20 22:28:32,251 - => End Epoch: 20, early stop epochs: 2, best epoch: 18, best clean acc: 0.9252, best Top-2: 1.0000, best ASR: 0.1387, best RAC: 0.9072, anchor loss: 0.0300, best checkpoint score: 0.8682
2026-04-20 22:28:32,251 - => Stage 3 Detection Summary: recall: 0.8397, precision: 0.8004, f1: 0.8196, false positive rate: 0.0592, correction rate: 0.8395
2026-04-20 22:28:32,285 - => LFBA current anchor-derived target label: 0
2026-04-20 22:28:32,290 - =>Add Trigger to Train Data
2026-04-20 22:28:32,414 - Add Trigger to 7091 Bad Samples, 63826 Clean Samples (0.10)
2026-04-20 22:28:32,419 - => Start Training for Injecting Backdoor...
2026-04-20 22:28:32,445 - Epoch: 21, 1/278: VFL loss: 0.0579, total loss: 0.0389, anchor loss: 0.0200, VFL train accuracy: 0.9805
2026-04-20 22:28:32,653 - Epoch: 21, 11/278: VFL loss: 0.0883, total loss: 0.0578, anchor loss: 0.0273, VFL train accuracy: 0.9695
2026-04-20 22:28:32,854 - Epoch: 21, 21/278: VFL loss: 0.0864, total loss: 0.0571, anchor loss: 0.0279, VFL train accuracy: 0.9674
2026-04-20 22:28:33,067 - Epoch: 21, 31/278: VFL loss: 0.0916, total loss: 0.0601, anchor loss: 0.0287, VFL train accuracy: 0.9655
2026-04-20 22:28:33,275 - Epoch: 21, 41/278: VFL loss: 0.0903, total loss: 0.0593, anchor loss: 0.0283, VFL train accuracy: 0.9662
2026-04-20 22:28:33,466 - Epoch: 21, 51/278: VFL loss: 0.0868, total loss: 0.0573, anchor loss: 0.0278, VFL train accuracy: 0.9669
2026-04-20 22:28:33,668 - Epoch: 21, 61/278: VFL loss: 0.0892, total loss: 0.0586, anchor loss: 0.0281, VFL train accuracy: 0.9659
2026-04-20 22:28:33,891 - Epoch: 21, 71/278: VFL loss: 0.0899, total loss: 0.0591, anchor loss: 0.0282, VFL train accuracy: 0.9662
2026-04-20 22:28:34,112 - Epoch: 21, 81/278: VFL loss: 0.0889, total loss: 0.0585, anchor loss: 0.0282, VFL train accuracy: 0.9666
2026-04-20 22:28:34,312 - Epoch: 21, 91/278: VFL loss: 0.0897, total loss: 0.0590, anchor loss: 0.0283, VFL train accuracy: 0.9663
2026-04-20 22:28:34,525 - Epoch: 21, 101/278: VFL loss: 0.0889, total loss: 0.0586, anchor loss: 0.0283, VFL train accuracy: 0.9669
2026-04-20 22:28:34,747 - Epoch: 21, 111/278: VFL loss: 0.0873, total loss: 0.0577, anchor loss: 0.0282, VFL train accuracy: 0.9674
2026-04-20 22:28:34,971 - Epoch: 21, 121/278: VFL loss: 0.0874, total loss: 0.0578, anchor loss: 0.0283, VFL train accuracy: 0.9674
2026-04-20 22:28:35,189 - Epoch: 21, 131/278: VFL loss: 0.0876, total loss: 0.0579, anchor loss: 0.0282, VFL train accuracy: 0.9674
2026-04-20 22:28:35,408 - Epoch: 21, 141/278: VFL loss: 0.0870, total loss: 0.0575, anchor loss: 0.0281, VFL train accuracy: 0.9677
2026-04-20 22:28:35,615 - Epoch: 21, 151/278: VFL loss: 0.0861, total loss: 0.0571, anchor loss: 0.0281, VFL train accuracy: 0.9680
2026-04-20 22:28:35,806 - Epoch: 21, 161/278: VFL loss: 0.0856, total loss: 0.0568, anchor loss: 0.0280, VFL train accuracy: 0.9682
2026-04-20 22:28:36,006 - Epoch: 21, 171/278: VFL loss: 0.0851, total loss: 0.0566, anchor loss: 0.0280, VFL train accuracy: 0.9685
2026-04-20 22:28:36,214 - Epoch: 21, 181/278: VFL loss: 0.0856, total loss: 0.0569, anchor loss: 0.0282, VFL train accuracy: 0.9684
2026-04-20 22:28:36,419 - Epoch: 21, 191/278: VFL loss: 0.0858, total loss: 0.0570, anchor loss: 0.0282, VFL train accuracy: 0.9682
2026-04-20 22:28:36,626 - Epoch: 21, 201/278: VFL loss: 0.0856, total loss: 0.0569, anchor loss: 0.0282, VFL train accuracy: 0.9682
2026-04-20 22:28:36,825 - Epoch: 21, 211/278: VFL loss: 0.0864, total loss: 0.0573, anchor loss: 0.0282, VFL train accuracy: 0.9679
2026-04-20 22:28:37,015 - Epoch: 21, 221/278: VFL loss: 0.0862, total loss: 0.0572, anchor loss: 0.0282, VFL train accuracy: 0.9680
2026-04-20 22:28:37,215 - Epoch: 21, 231/278: VFL loss: 0.0861, total loss: 0.0572, anchor loss: 0.0282, VFL train accuracy: 0.9681
2026-04-20 22:28:37,421 - Epoch: 21, 241/278: VFL loss: 0.0862, total loss: 0.0572, anchor loss: 0.0282, VFL train accuracy: 0.9683
2026-04-20 22:28:37,615 - Epoch: 21, 251/278: VFL loss: 0.0857, total loss: 0.0569, anchor loss: 0.0281, VFL train accuracy: 0.9684
2026-04-20 22:28:37,822 - Epoch: 21, 261/278: VFL loss: 0.0856, total loss: 0.0569, anchor loss: 0.0282, VFL train accuracy: 0.9685
2026-04-20 22:28:38,045 - Epoch: 21, 271/278: VFL loss: 0.0850, total loss: 0.0566, anchor loss: 0.0281, VFL train accuracy: 0.9687
2026-04-20 22:28:38,197 - => Recorded Stage 2 client anchor losses for epoch 21 to 'results/AVGuard/stage3_gamma_sensitivity_3clients_noema_bounded_q/PHISHING_3clients_noema_bounded_q_gamma_5.0\stage2_final_epoch_client_anchor_losses.json': {0: 0.027239, 1: 0.03068, 2: 0.02649}
2026-04-20 22:28:38,199 - => Stage 2 EMA anchor update skipped at epoch 21 because momentum=1.0000 disables EMA; eligible classes per client {0: 2, 1: 2, 2: 2}
2026-04-20 22:28:38,199 - => Stage 2 Epoch 21 Training Summary: VFL loss: 0.0849, total loss: 0.0565, anchor loss: 0.0282, VFL train accuracy: 0.9686
2026-04-20 22:28:38,199 - => Test ASR...
2026-04-20 22:28:38,202 - =>Add Trigger to Test Data
2026-04-20 22:28:38,499 - Add Trigger to 6130 Bad Samples, 11600 Clean Samples (1.00)
2026-04-20 22:28:42,854 - => Test Epoch: 21, main task samples: 17730, attack samples: 17730, test loss: 0.1135, clean acc: 0.9303, Top-2: 1.0000, ASR: 0.1473, RAC: 0.9069, test target accuracy: 0.9692, stage3 final accuracy: 0.9303, stage3 final target accuracy: 0.9355, stage3 final asr: 0.1473, anchor loss: 0.0291
2026-04-20 22:28:42,854 - => Stage 3 Detection Summary: recall: 0.8347, precision: 0.8165, f1: 0.8255, false positive rate: 0.0552, correction rate: 0.8343
2026-04-20 22:28:42,854 - => Stage 3 Debug (clean): suspicious=978/17730, correction_applied=976, prediction_changed=976, skipped_tied_vote=0, skipped_low_margin=0, skipped_other=2
2026-04-20 22:28:42,854 - => Stage 3 Debug (poison-valid): suspicious=4465/6130, correction_applied=4463, prediction_changed=4463, skipped_tied_vote=0, skipped_low_margin=0, skipped_other=2
2026-04-20 22:28:42,855 - => Stage 3 Debug (attack-success): suspicious=4444/5324, correction_applied=4442, prediction_changed=4442, corrected_to_true=4442
2026-04-20 22:28:42,855 - => Stage 2 checkpoint score: mean(clean_acc=0.9303, recall=0.8347, correction_rate=0.8343) = 0.8665
2026-04-20 22:28:42,876 - => End Epoch: 21, early stop epochs: 3, best epoch: 18, best clean acc: 0.9252, best Top-2: 1.0000, best ASR: 0.1387, best RAC: 0.9072, anchor loss: 0.0300, best checkpoint score: 0.8682
2026-04-20 22:28:42,877 - => Stage 3 Detection Summary: recall: 0.8397, precision: 0.8004, f1: 0.8196, false positive rate: 0.0592, correction rate: 0.8395
2026-04-20 22:28:42,907 - => LFBA current anchor-derived target label: 0
2026-04-20 22:28:42,912 - =>Add Trigger to Train Data
2026-04-20 22:28:43,046 - Add Trigger to 7091 Bad Samples, 63826 Clean Samples (0.10)
2026-04-20 22:28:43,052 - => Start Training for Injecting Backdoor...
2026-04-20 22:28:43,082 - Epoch: 22, 1/278: VFL loss: 0.0726, total loss: 0.0472, anchor loss: 0.0218, VFL train accuracy: 0.9766
2026-04-20 22:28:43,306 - Epoch: 22, 11/278: VFL loss: 0.0960, total loss: 0.0624, anchor loss: 0.0289, VFL train accuracy: 0.9634
2026-04-20 22:28:43,512 - Epoch: 22, 21/278: VFL loss: 0.0885, total loss: 0.0580, anchor loss: 0.0275, VFL train accuracy: 0.9674
2026-04-20 22:28:43,741 - Epoch: 22, 31/278: VFL loss: 0.0906, total loss: 0.0594, anchor loss: 0.0282, VFL train accuracy: 0.9662
2026-04-20 22:28:43,948 - Epoch: 22, 41/278: VFL loss: 0.0870, total loss: 0.0574, anchor loss: 0.0277, VFL train accuracy: 0.9672
2026-04-20 22:28:44,173 - Epoch: 22, 51/278: VFL loss: 0.0866, total loss: 0.0574, anchor loss: 0.0283, VFL train accuracy: 0.9670
2026-04-20 22:28:44,395 - Epoch: 22, 61/278: VFL loss: 0.0864, total loss: 0.0573, anchor loss: 0.0282, VFL train accuracy: 0.9671
2026-04-20 22:28:44,627 - Epoch: 22, 71/278: VFL loss: 0.0867, total loss: 0.0576, anchor loss: 0.0284, VFL train accuracy: 0.9669
2026-04-20 22:28:44,852 - Epoch: 22, 81/278: VFL loss: 0.0848, total loss: 0.0565, anchor loss: 0.0282, VFL train accuracy: 0.9681
2026-04-20 22:28:45,088 - Epoch: 22, 91/278: VFL loss: 0.0859, total loss: 0.0571, anchor loss: 0.0283, VFL train accuracy: 0.9677
2026-04-20 22:28:45,291 - Epoch: 22, 101/278: VFL loss: 0.0848, total loss: 0.0565, anchor loss: 0.0281, VFL train accuracy: 0.9682
2026-04-20 22:28:45,669 - Epoch: 22, 111/278: VFL loss: 0.0851, total loss: 0.0566, anchor loss: 0.0281, VFL train accuracy: 0.9679
2026-04-20 22:28:45,896 - Epoch: 22, 121/278: VFL loss: 0.0852, total loss: 0.0567, anchor loss: 0.0281, VFL train accuracy: 0.9678
2026-04-20 22:28:46,116 - Epoch: 22, 131/278: VFL loss: 0.0844, total loss: 0.0562, anchor loss: 0.0280, VFL train accuracy: 0.9680
2026-04-20 22:28:46,334 - Epoch: 22, 141/278: VFL loss: 0.0843, total loss: 0.0562, anchor loss: 0.0280, VFL train accuracy: 0.9684
2026-04-20 22:28:46,533 - Epoch: 22, 151/278: VFL loss: 0.0837, total loss: 0.0558, anchor loss: 0.0280, VFL train accuracy: 0.9688
2026-04-20 22:28:46,731 - Epoch: 22, 161/278: VFL loss: 0.0839, total loss: 0.0559, anchor loss: 0.0280, VFL train accuracy: 0.9683
2026-04-20 22:28:46,938 - Epoch: 22, 171/278: VFL loss: 0.0853, total loss: 0.0567, anchor loss: 0.0282, VFL train accuracy: 0.9679
2026-04-20 22:28:47,141 - Epoch: 22, 181/278: VFL loss: 0.0853, total loss: 0.0567, anchor loss: 0.0281, VFL train accuracy: 0.9678
2026-04-20 22:28:47,356 - Epoch: 22, 191/278: VFL loss: 0.0853, total loss: 0.0567, anchor loss: 0.0281, VFL train accuracy: 0.9677
2026-04-20 22:28:47,558 - Epoch: 22, 201/278: VFL loss: 0.0857, total loss: 0.0569, anchor loss: 0.0281, VFL train accuracy: 0.9678
2026-04-20 22:28:47,753 - Epoch: 22, 211/278: VFL loss: 0.0853, total loss: 0.0567, anchor loss: 0.0281, VFL train accuracy: 0.9680
2026-04-20 22:28:47,970 - Epoch: 22, 221/278: VFL loss: 0.0846, total loss: 0.0563, anchor loss: 0.0280, VFL train accuracy: 0.9684
2026-04-20 22:28:48,163 - Epoch: 22, 231/278: VFL loss: 0.0847, total loss: 0.0563, anchor loss: 0.0280, VFL train accuracy: 0.9684
2026-04-20 22:28:48,341 - Epoch: 22, 241/278: VFL loss: 0.0843, total loss: 0.0561, anchor loss: 0.0279, VFL train accuracy: 0.9685
2026-04-20 22:28:48,538 - Epoch: 22, 251/278: VFL loss: 0.0843, total loss: 0.0561, anchor loss: 0.0280, VFL train accuracy: 0.9684
2026-04-20 22:28:48,738 - Epoch: 22, 261/278: VFL loss: 0.0848, total loss: 0.0564, anchor loss: 0.0280, VFL train accuracy: 0.9682
2026-04-20 22:28:48,924 - Epoch: 22, 271/278: VFL loss: 0.0850, total loss: 0.0565, anchor loss: 0.0280, VFL train accuracy: 0.9681
2026-04-20 22:28:49,064 - => Recorded Stage 2 client anchor losses for epoch 22 to 'results/AVGuard/stage3_gamma_sensitivity_3clients_noema_bounded_q/PHISHING_3clients_noema_bounded_q_gamma_5.0\stage2_final_epoch_client_anchor_losses.json': {0: 0.027132, 1: 0.030385, 2: 0.026305}
2026-04-20 22:28:49,067 - => Stage 2 EMA anchor update skipped at epoch 22 because momentum=1.0000 disables EMA; eligible classes per client {0: 2, 1: 2, 2: 2}
2026-04-20 22:28:49,068 - => Stage 2 Epoch 22 Training Summary: VFL loss: 0.0848, total loss: 0.0564, anchor loss: 0.0279, VFL train accuracy: 0.9681
2026-04-20 22:28:49,068 - => Test ASR...
2026-04-20 22:28:49,070 - =>Add Trigger to Test Data
2026-04-20 22:28:49,357 - Add Trigger to 6130 Bad Samples, 11600 Clean Samples (1.00)
2026-04-20 22:28:53,400 - => Test Epoch: 22, main task samples: 17730, attack samples: 17730, test loss: 0.1138, clean acc: 0.9293, Top-2: 1.0000, ASR: 0.1473, RAC: 0.9071, test target accuracy: 0.9676, stage3 final accuracy: 0.9293, stage3 final target accuracy: 0.9358, stage3 final asr: 0.1473, anchor loss: 0.0291
2026-04-20 22:28:53,400 - => Stage 3 Detection Summary: recall: 0.8345, precision: 0.8102, f1: 0.8222, false positive rate: 0.0572, correction rate: 0.8342
2026-04-20 22:28:53,400 - => Stage 3 Debug (clean): suspicious=1014/17730, correction_applied=1007, prediction_changed=1007, skipped_tied_vote=0, skipped_low_margin=0, skipped_other=7
2026-04-20 22:28:53,400 - => Stage 3 Debug (poison-valid): suspicious=4451/6130, correction_applied=4449, prediction_changed=4449, skipped_tied_vote=0, skipped_low_margin=0, skipped_other=2
2026-04-20 22:28:53,401 - => Stage 3 Debug (attack-success): suspicious=4428/5306, correction_applied=4426, prediction_changed=4426, corrected_to_true=4426
2026-04-20 22:28:53,401 - => Stage 2 checkpoint score: mean(clean_acc=0.9293, recall=0.8345, correction_rate=0.8342) = 0.8660
2026-04-20 22:28:53,422 - => End Epoch: 22, early stop epochs: 4, best epoch: 18, best clean acc: 0.9252, best Top-2: 1.0000, best ASR: 0.1387, best RAC: 0.9072, anchor loss: 0.0300, best checkpoint score: 0.8682
2026-04-20 22:28:53,422 - => Stage 3 Detection Summary: recall: 0.8397, precision: 0.8004, f1: 0.8196, false positive rate: 0.0592, correction rate: 0.8395
2026-04-20 22:28:53,459 - => LFBA current anchor-derived target label: 0
2026-04-20 22:28:53,464 - =>Add Trigger to Train Data
2026-04-20 22:28:53,587 - Add Trigger to 7091 Bad Samples, 63826 Clean Samples (0.10)
2026-04-20 22:28:53,593 - => Start Training for Injecting Backdoor...
2026-04-20 22:28:53,621 - Epoch: 23, 1/278: VFL loss: 0.1562, total loss: 0.0981, anchor loss: 0.0400, VFL train accuracy: 0.9414
2026-04-20 22:28:53,830 - Epoch: 23, 11/278: VFL loss: 0.0798, total loss: 0.0533, anchor loss: 0.0268, VFL train accuracy: 0.9727
2026-04-20 22:28:54,030 - Epoch: 23, 21/278: VFL loss: 0.0827, total loss: 0.0551, anchor loss: 0.0274, VFL train accuracy: 0.9693
2026-04-20 22:28:54,200 - Epoch: 23, 31/278: VFL loss: 0.0828, total loss: 0.0552, anchor loss: 0.0277, VFL train accuracy: 0.9686
2026-04-20 22:28:54,363 - Epoch: 23, 41/278: VFL loss: 0.0821, total loss: 0.0549, anchor loss: 0.0277, VFL train accuracy: 0.9687
2026-04-20 22:28:54,578 - Epoch: 23, 51/278: VFL loss: 0.0828, total loss: 0.0553, anchor loss: 0.0278, VFL train accuracy: 0.9678
2026-04-20 22:28:54,786 - Epoch: 23, 61/278: VFL loss: 0.0840, total loss: 0.0560, anchor loss: 0.0281, VFL train accuracy: 0.9677
2026-04-20 22:28:54,984 - Epoch: 23, 71/278: VFL loss: 0.0854, total loss: 0.0569, anchor loss: 0.0285, VFL train accuracy: 0.9672
2026-04-20 22:28:55,178 - Epoch: 23, 81/278: VFL loss: 0.0851, total loss: 0.0567, anchor loss: 0.0283, VFL train accuracy: 0.9676
2026-04-20 22:28:55,374 - Epoch: 23, 91/278: VFL loss: 0.0852, total loss: 0.0568, anchor loss: 0.0283, VFL train accuracy: 0.9672
2026-04-20 22:28:55,559 - Epoch: 23, 101/278: VFL loss: 0.0845, total loss: 0.0563, anchor loss: 0.0281, VFL train accuracy: 0.9676
2026-04-20 22:28:55,754 - Epoch: 23, 111/278: VFL loss: 0.0845, total loss: 0.0562, anchor loss: 0.0280, VFL train accuracy: 0.9677
2026-04-20 22:28:55,961 - Epoch: 23, 121/278: VFL loss: 0.0842, total loss: 0.0561, anchor loss: 0.0281, VFL train accuracy: 0.9679
2026-04-20 22:28:56,155 - Epoch: 23, 131/278: VFL loss: 0.0840, total loss: 0.0560, anchor loss: 0.0280, VFL train accuracy: 0.9679
2026-04-20 22:28:56,341 - Epoch: 23, 141/278: VFL loss: 0.0839, total loss: 0.0560, anchor loss: 0.0281, VFL train accuracy: 0.9680
2026-04-20 22:28:56,500 - Epoch: 23, 151/278: VFL loss: 0.0835, total loss: 0.0558, anchor loss: 0.0280, VFL train accuracy: 0.9684
2026-04-20 22:28:56,713 - Epoch: 23, 161/278: VFL loss: 0.0831, total loss: 0.0555, anchor loss: 0.0279, VFL train accuracy: 0.9685
2026-04-20 22:28:56,912 - Epoch: 23, 171/278: VFL loss: 0.0829, total loss: 0.0554, anchor loss: 0.0279, VFL train accuracy: 0.9685
2026-04-20 22:28:57,099 - Epoch: 23, 181/278: VFL loss: 0.0833, total loss: 0.0556, anchor loss: 0.0280, VFL train accuracy: 0.9685
2026-04-20 22:28:57,266 - Epoch: 23, 191/278: VFL loss: 0.0836, total loss: 0.0558, anchor loss: 0.0280, VFL train accuracy: 0.9683
2026-04-20 22:28:57,460 - Epoch: 23, 201/278: VFL loss: 0.0836, total loss: 0.0558, anchor loss: 0.0280, VFL train accuracy: 0.9685
2026-04-20 22:28:57,675 - Epoch: 23, 211/278: VFL loss: 0.0838, total loss: 0.0558, anchor loss: 0.0279, VFL train accuracy: 0.9686
2026-04-20 22:28:57,872 - Epoch: 23, 221/278: VFL loss: 0.0837, total loss: 0.0558, anchor loss: 0.0279, VFL train accuracy: 0.9686
2026-04-20 22:28:58,071 - Epoch: 23, 231/278: VFL loss: 0.0840, total loss: 0.0560, anchor loss: 0.0279, VFL train accuracy: 0.9687
2026-04-20 22:28:58,254 - Epoch: 23, 241/278: VFL loss: 0.0838, total loss: 0.0558, anchor loss: 0.0279, VFL train accuracy: 0.9687
2026-04-20 22:28:58,465 - Epoch: 23, 251/278: VFL loss: 0.0840, total loss: 0.0559, anchor loss: 0.0279, VFL train accuracy: 0.9686
2026-04-20 22:28:58,655 - Epoch: 23, 261/278: VFL loss: 0.0840, total loss: 0.0559, anchor loss: 0.0279, VFL train accuracy: 0.9685
2026-04-20 22:28:58,847 - Epoch: 23, 271/278: VFL loss: 0.0839, total loss: 0.0559, anchor loss: 0.0279, VFL train accuracy: 0.9686
2026-04-20 22:28:58,993 - => Recorded Stage 2 client anchor losses for epoch 23 to 'results/AVGuard/stage3_gamma_sensitivity_3clients_noema_bounded_q/PHISHING_3clients_noema_bounded_q_gamma_5.0\stage2_final_epoch_client_anchor_losses.json': {0: 0.027128, 1: 0.030299, 2: 0.026256}
2026-04-20 22:28:58,994 - => Stage 2 EMA anchor update skipped at epoch 23 because momentum=1.0000 disables EMA; eligible classes per client {0: 2, 1: 2, 2: 2}
2026-04-20 22:28:58,994 - => Stage 2 Epoch 23 Training Summary: VFL loss: 0.0836, total loss: 0.0558, anchor loss: 0.0279, VFL train accuracy: 0.9688
2026-04-20 22:28:58,994 - => Test ASR...
2026-04-20 22:28:58,997 - =>Add Trigger to Test Data
2026-04-20 22:28:59,287 - Add Trigger to 6130 Bad Samples, 11600 Clean Samples (1.00)
2026-04-20 22:29:03,398 - => Test Epoch: 23, main task samples: 17730, attack samples: 17730, test loss: 0.1139, clean acc: 0.9293, Top-2: 1.0000, ASR: 0.1520, RAC: 0.9061, test target accuracy: 0.9706, stage3 final accuracy: 0.9293, stage3 final target accuracy: 0.9369, stage3 final asr: 0.1520, anchor loss: 0.0291
2026-04-20 22:29:03,398 - => Stage 3 Detection Summary: recall: 0.8298, precision: 0.8113, f1: 0.8204, false positive rate: 0.0569, correction rate: 0.8298
2026-04-20 22:29:03,398 - => Stage 3 Debug (clean): suspicious=1008/17730, correction_applied=1004, prediction_changed=1004, skipped_tied_vote=0, skipped_low_margin=0, skipped_other=4
2026-04-20 22:29:03,398 - => Stage 3 Debug (poison-valid): suspicious=4455/6130, correction_applied=4455, prediction_changed=4455, skipped_tied_vote=0, skipped_low_margin=0, skipped_other=0
2026-04-20 22:29:03,398 - => Stage 3 Debug (attack-success): suspicious=4432/5341, correction_applied=4432, prediction_changed=4432, corrected_to_true=4432
2026-04-20 22:29:03,398 - => Stage 2 checkpoint score: mean(clean_acc=0.9293, recall=0.8298, correction_rate=0.8298) = 0.8630
2026-04-20 22:29:03,422 - => End Epoch: 23, early stop epochs: 5, best epoch: 18, best clean acc: 0.9252, best Top-2: 1.0000, best ASR: 0.1387, best RAC: 0.9072, anchor loss: 0.0300, best checkpoint score: 0.8682
2026-04-20 22:29:03,422 - => Stage 3 Detection Summary: recall: 0.8397, precision: 0.8004, f1: 0.8196, false positive rate: 0.0592, correction rate: 0.8395
2026-04-20 22:29:03,452 - => LFBA current anchor-derived target label: 0
2026-04-20 22:29:03,456 - =>Add Trigger to Train Data
2026-04-20 22:29:03,586 - Add Trigger to 7091 Bad Samples, 63826 Clean Samples (0.10)
2026-04-20 22:29:03,593 - => Start Training for Injecting Backdoor...
2026-04-20 22:29:03,623 - Epoch: 24, 1/278: VFL loss: 0.0572, total loss: 0.0409, anchor loss: 0.0245, VFL train accuracy: 0.9805
2026-04-20 22:29:03,829 - Epoch: 24, 11/278: VFL loss: 0.0778, total loss: 0.0521, anchor loss: 0.0263, VFL train accuracy: 0.9716
2026-04-20 22:29:04,057 - Epoch: 24, 21/278: VFL loss: 0.0832, total loss: 0.0551, anchor loss: 0.0271, VFL train accuracy: 0.9688
2026-04-20 22:29:04,255 - Epoch: 24, 31/278: VFL loss: 0.0848, total loss: 0.0562, anchor loss: 0.0276, VFL train accuracy: 0.9689
2026-04-20 22:29:04,463 - Epoch: 24, 41/278: VFL loss: 0.0846, total loss: 0.0561, anchor loss: 0.0276, VFL train accuracy: 0.9690
2026-04-20 22:29:04,702 - Epoch: 24, 51/278: VFL loss: 0.0832, total loss: 0.0555, anchor loss: 0.0277, VFL train accuracy: 0.9691
2026-04-20 22:29:04,903 - Epoch: 24, 61/278: VFL loss: 0.0854, total loss: 0.0566, anchor loss: 0.0278, VFL train accuracy: 0.9682
2026-04-20 22:29:05,098 - Epoch: 24, 71/278: VFL loss: 0.0841, total loss: 0.0559, anchor loss: 0.0277, VFL train accuracy: 0.9690
2026-04-20 22:29:05,303 - Epoch: 24, 81/278: VFL loss: 0.0845, total loss: 0.0562, anchor loss: 0.0278, VFL train accuracy: 0.9679
2026-04-20 22:29:05,482 - Epoch: 24, 91/278: VFL loss: 0.0846, total loss: 0.0562, anchor loss: 0.0279, VFL train accuracy: 0.9680
2026-04-20 22:29:05,691 - Epoch: 24, 101/278: VFL loss: 0.0825, total loss: 0.0551, anchor loss: 0.0276, VFL train accuracy: 0.9687
2026-04-20 22:29:05,888 - Epoch: 24, 111/278: VFL loss: 0.0833, total loss: 0.0556, anchor loss: 0.0278, VFL train accuracy: 0.9682
2026-04-20 22:29:06,069 - Epoch: 24, 121/278: VFL loss: 0.0827, total loss: 0.0553, anchor loss: 0.0279, VFL train accuracy: 0.9684
2026-04-20 22:29:06,274 - Epoch: 24, 131/278: VFL loss: 0.0823, total loss: 0.0550, anchor loss: 0.0278, VFL train accuracy: 0.9685
2026-04-20 22:29:06,460 - Epoch: 24, 141/278: VFL loss: 0.0819, total loss: 0.0548, anchor loss: 0.0277, VFL train accuracy: 0.9687
2026-04-20 22:29:06,672 - Epoch: 24, 151/278: VFL loss: 0.0810, total loss: 0.0543, anchor loss: 0.0275, VFL train accuracy: 0.9691
2026-04-20 22:29:06,868 - Epoch: 24, 161/278: VFL loss: 0.0814, total loss: 0.0545, anchor loss: 0.0276, VFL train accuracy: 0.9690
2026-04-20 22:29:07,053 - Epoch: 24, 171/278: VFL loss: 0.0818, total loss: 0.0547, anchor loss: 0.0277, VFL train accuracy: 0.9688
2026-04-20 22:29:07,265 - Epoch: 24, 181/278: VFL loss: 0.0822, total loss: 0.0549, anchor loss: 0.0277, VFL train accuracy: 0.9688
2026-04-20 22:29:07,477 - Epoch: 24, 191/278: VFL loss: 0.0819, total loss: 0.0548, anchor loss: 0.0277, VFL train accuracy: 0.9688
2026-04-20 22:29:07,705 - Epoch: 24, 201/278: VFL loss: 0.0826, total loss: 0.0552, anchor loss: 0.0278, VFL train accuracy: 0.9688
2026-04-20 22:29:07,899 - Epoch: 24, 211/278: VFL loss: 0.0832, total loss: 0.0555, anchor loss: 0.0279, VFL train accuracy: 0.9685
2026-04-20 22:29:08,109 - Epoch: 24, 221/278: VFL loss: 0.0830, total loss: 0.0554, anchor loss: 0.0278, VFL train accuracy: 0.9687
2026-04-20 22:29:08,442 - Epoch: 24, 231/278: VFL loss: 0.0832, total loss: 0.0555, anchor loss: 0.0278, VFL train accuracy: 0.9686
2026-04-20 22:29:08,655 - Epoch: 24, 241/278: VFL loss: 0.0832, total loss: 0.0555, anchor loss: 0.0278, VFL train accuracy: 0.9686
2026-04-20 22:29:08,844 - Epoch: 24, 251/278: VFL loss: 0.0834, total loss: 0.0556, anchor loss: 0.0279, VFL train accuracy: 0.9684
2026-04-20 22:29:09,048 - Epoch: 24, 261/278: VFL loss: 0.0833, total loss: 0.0556, anchor loss: 0.0278, VFL train accuracy: 0.9685
2026-04-20 22:29:09,243 - Epoch: 24, 271/278: VFL loss: 0.0839, total loss: 0.0559, anchor loss: 0.0279, VFL train accuracy: 0.9683
2026-04-20 22:29:09,397 - => Recorded Stage 2 client anchor losses for epoch 24 to 'results/AVGuard/stage3_gamma_sensitivity_3clients_noema_bounded_q/PHISHING_3clients_noema_bounded_q_gamma_5.0\stage2_final_epoch_client_anchor_losses.json': {0: 0.027129, 1: 0.03028, 2: 0.026189}
2026-04-20 22:29:09,398 - => Stage 2 EMA anchor update skipped at epoch 24 because momentum=1.0000 disables EMA; eligible classes per client {0: 2, 1: 2, 2: 2}
2026-04-20 22:29:09,399 - => Stage 2 Epoch 24 Training Summary: VFL loss: 0.0838, total loss: 0.0558, anchor loss: 0.0278, VFL train accuracy: 0.9683
2026-04-20 22:29:09,399 - => Test ASR...
2026-04-20 22:29:09,401 - =>Add Trigger to Test Data
2026-04-20 22:29:09,710 - Add Trigger to 6130 Bad Samples, 11600 Clean Samples (1.00)
2026-04-20 22:29:13,208 - => Test Epoch: 24, main task samples: 17730, attack samples: 17730, test loss: 0.1132, clean acc: 0.9290, Top-2: 1.0000, ASR: 0.1467, RAC: 0.9070, test target accuracy: 0.9710, stage3 final accuracy: 0.9290, stage3 final target accuracy: 0.9353, stage3 final asr: 0.1467, anchor loss: 0.0290
2026-04-20 22:29:13,208 - => Stage 3 Detection Summary: recall: 0.8356, precision: 0.8122, f1: 0.8237, false positive rate: 0.0565, correction rate: 0.8352
2026-04-20 22:29:13,208 - => Stage 3 Debug (clean): suspicious=1002/17730, correction_applied=998, prediction_changed=998, skipped_tied_vote=0, skipped_low_margin=0, skipped_other=4
2026-04-20 22:29:13,208 - => Stage 3 Debug (poison-valid): suspicious=4460/6130, correction_applied=4458, prediction_changed=4458, skipped_tied_vote=0, skipped_low_margin=0, skipped_other=2
2026-04-20 22:29:13,208 - => Stage 3 Debug (attack-success): suspicious=4436/5309, correction_applied=4434, prediction_changed=4434, corrected_to_true=4434
2026-04-20 22:29:13,209 - => Stage 2 checkpoint score: mean(clean_acc=0.9290, recall=0.8356, correction_rate=0.8352) = 0.8666
2026-04-20 22:29:13,229 - => End Epoch: 24, early stop epochs: 6, best epoch: 18, best clean acc: 0.9252, best Top-2: 1.0000, best ASR: 0.1387, best RAC: 0.9072, anchor loss: 0.0300, best checkpoint score: 0.8682
2026-04-20 22:29:13,230 - => Stage 3 Detection Summary: recall: 0.8397, precision: 0.8004, f1: 0.8196, false positive rate: 0.0592, correction rate: 0.8395
2026-04-20 22:29:13,257 - => LFBA current anchor-derived target label: 0
2026-04-20 22:29:13,261 - =>Add Trigger to Train Data
2026-04-20 22:29:13,383 - Add Trigger to 7091 Bad Samples, 63826 Clean Samples (0.10)
2026-04-20 22:29:13,389 - => Start Training for Injecting Backdoor...
2026-04-20 22:29:13,413 - Epoch: 25, 1/278: VFL loss: 0.0628, total loss: 0.0439, anchor loss: 0.0249, VFL train accuracy: 0.9922
2026-04-20 22:29:13,617 - Epoch: 25, 11/278: VFL loss: 0.0752, total loss: 0.0513, anchor loss: 0.0275, VFL train accuracy: 0.9723
2026-04-20 22:29:13,826 - Epoch: 25, 21/278: VFL loss: 0.0745, total loss: 0.0510, anchor loss: 0.0276, VFL train accuracy: 0.9728
2026-04-20 22:29:14,030 - Epoch: 25, 31/278: VFL loss: 0.0761, total loss: 0.0522, anchor loss: 0.0283, VFL train accuracy: 0.9718
2026-04-20 22:29:14,246 - Epoch: 25, 41/278: VFL loss: 0.0795, total loss: 0.0538, anchor loss: 0.0282, VFL train accuracy: 0.9696
2026-04-20 22:29:14,454 - Epoch: 25, 51/278: VFL loss: 0.0798, total loss: 0.0539, anchor loss: 0.0281, VFL train accuracy: 0.9694
2026-04-20 22:29:14,665 - Epoch: 25, 61/278: VFL loss: 0.0801, total loss: 0.0540, anchor loss: 0.0280, VFL train accuracy: 0.9693
2026-04-20 22:29:14,857 - Epoch: 25, 71/278: VFL loss: 0.0799, total loss: 0.0538, anchor loss: 0.0278, VFL train accuracy: 0.9694
2026-04-20 22:29:15,055 - Epoch: 25, 81/278: VFL loss: 0.0798, total loss: 0.0537, anchor loss: 0.0277, VFL train accuracy: 0.9700
2026-04-20 22:29:15,245 - Epoch: 25, 91/278: VFL loss: 0.0800, total loss: 0.0539, anchor loss: 0.0277, VFL train accuracy: 0.9700
2026-04-20 22:29:15,448 - Epoch: 25, 101/278: VFL loss: 0.0810, total loss: 0.0544, anchor loss: 0.0277, VFL train accuracy: 0.9700
2026-04-20 22:29:15,640 - Epoch: 25, 111/278: VFL loss: 0.0813, total loss: 0.0545, anchor loss: 0.0278, VFL train accuracy: 0.9699
2026-04-20 22:29:15,844 - Epoch: 25, 121/278: VFL loss: 0.0813, total loss: 0.0546, anchor loss: 0.0278, VFL train accuracy: 0.9700
2026-04-20 22:29:16,038 - Epoch: 25, 131/278: VFL loss: 0.0813, total loss: 0.0546, anchor loss: 0.0279, VFL train accuracy: 0.9700
2026-04-20 22:29:16,244 - Epoch: 25, 141/278: VFL loss: 0.0801, total loss: 0.0539, anchor loss: 0.0277, VFL train accuracy: 0.9704
2026-04-20 22:29:16,427 - Epoch: 25, 151/278: VFL loss: 0.0803, total loss: 0.0540, anchor loss: 0.0278, VFL train accuracy: 0.9702
2026-04-20 22:29:16,622 - Epoch: 25, 161/278: VFL loss: 0.0803, total loss: 0.0540, anchor loss: 0.0278, VFL train accuracy: 0.9703
2026-04-20 22:29:16,832 - Epoch: 25, 171/278: VFL loss: 0.0802, total loss: 0.0540, anchor loss: 0.0278, VFL train accuracy: 0.9704
2026-04-20 22:29:17,041 - Epoch: 25, 181/278: VFL loss: 0.0796, total loss: 0.0536, anchor loss: 0.0277, VFL train accuracy: 0.9706
2026-04-20 22:29:17,254 - Epoch: 25, 191/278: VFL loss: 0.0804, total loss: 0.0540, anchor loss: 0.0277, VFL train accuracy: 0.9704
2026-04-20 22:29:17,469 - Epoch: 25, 201/278: VFL loss: 0.0804, total loss: 0.0540, anchor loss: 0.0277, VFL train accuracy: 0.9705
2026-04-20 22:29:17,659 - Epoch: 25, 211/278: VFL loss: 0.0806, total loss: 0.0541, anchor loss: 0.0276, VFL train accuracy: 0.9704
2026-04-20 22:29:17,861 - Epoch: 25, 221/278: VFL loss: 0.0814, total loss: 0.0546, anchor loss: 0.0278, VFL train accuracy: 0.9702
2026-04-20 22:29:18,065 - Epoch: 25, 231/278: VFL loss: 0.0822, total loss: 0.0550, anchor loss: 0.0279, VFL train accuracy: 0.9699
2026-04-20 22:29:18,251 - Epoch: 25, 241/278: VFL loss: 0.0826, total loss: 0.0553, anchor loss: 0.0280, VFL train accuracy: 0.9696
2026-04-20 22:29:18,440 - Epoch: 25, 251/278: VFL loss: 0.0826, total loss: 0.0553, anchor loss: 0.0279, VFL train accuracy: 0.9694
2026-04-20 22:29:18,635 - Epoch: 25, 261/278: VFL loss: 0.0830, total loss: 0.0555, anchor loss: 0.0279, VFL train accuracy: 0.9693
2026-04-20 22:29:18,826 - Epoch: 25, 271/278: VFL loss: 0.0832, total loss: 0.0555, anchor loss: 0.0279, VFL train accuracy: 0.9693
2026-04-20 22:29:18,963 - => Recorded Stage 2 client anchor losses for epoch 25 to 'results/AVGuard/stage3_gamma_sensitivity_3clients_noema_bounded_q/PHISHING_3clients_noema_bounded_q_gamma_5.0\stage2_final_epoch_client_anchor_losses.json': {0: 0.02712, 1: 0.030248, 2: 0.026186}
2026-04-20 22:29:18,968 - => Stage 2 EMA anchor update skipped at epoch 25 because momentum=1.0000 disables EMA; eligible classes per client {0: 2, 1: 2, 2: 2}
2026-04-20 22:29:18,968 - => Stage 2 Epoch 25 Training Summary: VFL loss: 0.0850, total loss: 0.0567, anchor loss: 0.0283, VFL train accuracy: 0.9693
2026-04-20 22:29:18,968 - => Test ASR...
2026-04-20 22:29:18,971 - =>Add Trigger to Test Data
2026-04-20 22:29:19,250 - Add Trigger to 6130 Bad Samples, 11600 Clean Samples (1.00)
2026-04-20 22:29:22,863 - => Test Epoch: 25, main task samples: 17730, attack samples: 17730, test loss: 0.1168, clean acc: 0.9284, Top-2: 1.0000, ASR: 0.1429, RAC: 0.9064, test target accuracy: 0.9612, stage3 final accuracy: 0.9284, stage3 final target accuracy: 0.9325, stage3 final asr: 0.1429, anchor loss: 0.0292
2026-04-20 22:29:22,863 - => Stage 3 Detection Summary: recall: 0.8394, precision: 0.8063, f1: 0.8225, false positive rate: 0.0587, correction rate: 0.8390
2026-04-20 22:29:22,863 - => Stage 3 Debug (clean): suspicious=1041/17730, correction_applied=1036, prediction_changed=1036, skipped_tied_vote=0, skipped_low_margin=0, skipped_other=5
2026-04-20 22:29:22,863 - => Stage 3 Debug (poison-valid): suspicious=4461/6130, correction_applied=4459, prediction_changed=4459, skipped_tied_vote=0, skipped_low_margin=0, skipped_other=2
2026-04-20 22:29:22,864 - => Stage 3 Debug (attack-success): suspicious=4436/5285, correction_applied=4434, prediction_changed=4434, corrected_to_true=4434
2026-04-20 22:29:22,864 - => Stage 2 checkpoint score: mean(clean_acc=0.9284, recall=0.8394, correction_rate=0.8390) = 0.8689
2026-04-20 22:29:22,864 - => Save best checkpoint model...
2026-04-20 22:29:22,927 - => End Epoch: 25, early stop epochs: 0, best epoch: 25, best clean acc: 0.9284, best Top-2: 1.0000, best ASR: 0.1429, best RAC: 0.9064, anchor loss: 0.0292, best checkpoint score: 0.8689
2026-04-20 22:29:22,927 - => Stage 3 Detection Summary: recall: 0.8394, precision: 0.8063, f1: 0.8225, false positive rate: 0.0587, correction rate: 0.8390
2026-04-20 22:29:22,959 - => LFBA current anchor-derived target label: 0
2026-04-20 22:29:22,963 - =>Add Trigger to Train Data
2026-04-20 22:29:23,099 - Add Trigger to 7091 Bad Samples, 63826 Clean Samples (0.10)
2026-04-20 22:29:23,105 - => Start Training for Injecting Backdoor...
2026-04-20 22:29:23,133 - Epoch: 26, 1/278: VFL loss: 0.0788, total loss: 0.0529, anchor loss: 0.0270, VFL train accuracy: 0.9727
2026-04-20 22:29:23,352 - Epoch: 26, 11/278: VFL loss: 0.0890, total loss: 0.0579, anchor loss: 0.0269, VFL train accuracy: 0.9624
2026-04-20 22:29:23,558 - Epoch: 26, 21/278: VFL loss: 0.0892, total loss: 0.0581, anchor loss: 0.0270, VFL train accuracy: 0.9635
2026-04-20 22:29:23,763 - Epoch: 26, 31/278: VFL loss: 0.0857, total loss: 0.0567, anchor loss: 0.0278, VFL train accuracy: 0.9665
2026-04-20 22:29:23,965 - Epoch: 26, 41/278: VFL loss: 0.0895, total loss: 0.0588, anchor loss: 0.0281, VFL train accuracy: 0.9655
2026-04-20 22:29:24,161 - Epoch: 26, 51/278: VFL loss: 0.0898, total loss: 0.0591, anchor loss: 0.0283, VFL train accuracy: 0.9655
2026-04-20 22:29:24,362 - Epoch: 26, 61/278: VFL loss: 0.0886, total loss: 0.0584, anchor loss: 0.0281, VFL train accuracy: 0.9664
2026-04-20 22:29:24,558 - Epoch: 26, 71/278: VFL loss: 0.0864, total loss: 0.0571, anchor loss: 0.0277, VFL train accuracy: 0.9679
2026-04-20 22:29:24,755 - Epoch: 26, 81/278: VFL loss: 0.0866, total loss: 0.0572, anchor loss: 0.0278, VFL train accuracy: 0.9682
2026-04-20 22:29:24,940 - Epoch: 26, 91/278: VFL loss: 0.0874, total loss: 0.0576, anchor loss: 0.0279, VFL train accuracy: 0.9680
2026-04-20 22:29:25,152 - Epoch: 26, 101/278: VFL loss: 0.0862, total loss: 0.0569, anchor loss: 0.0277, VFL train accuracy: 0.9684
2026-04-20 22:29:25,360 - Epoch: 26, 111/278: VFL loss: 0.0858, total loss: 0.0568, anchor loss: 0.0277, VFL train accuracy: 0.9685
2026-04-20 22:29:25,565 - Epoch: 26, 121/278: VFL loss: 0.0857, total loss: 0.0567, anchor loss: 0.0277, VFL train accuracy: 0.9686
2026-04-20 22:29:25,770 - Epoch: 26, 131/278: VFL loss: 0.0854, total loss: 0.0565, anchor loss: 0.0276, VFL train accuracy: 0.9688
2026-04-20 22:29:25,988 - Epoch: 26, 141/278: VFL loss: 0.0851, total loss: 0.0563, anchor loss: 0.0276, VFL train accuracy: 0.9689
2026-04-20 22:29:26,195 - Epoch: 26, 151/278: VFL loss: 0.0847, total loss: 0.0562, anchor loss: 0.0278, VFL train accuracy: 0.9689
2026-04-20 22:29:26,399 - Epoch: 26, 161/278: VFL loss: 0.0845, total loss: 0.0561, anchor loss: 0.0278, VFL train accuracy: 0.9689
2026-04-20 22:29:26,619 - Epoch: 26, 171/278: VFL loss: 0.0843, total loss: 0.0560, anchor loss: 0.0278, VFL train accuracy: 0.9688
2026-04-20 22:29:26,819 - Epoch: 26, 181/278: VFL loss: 0.0849, total loss: 0.0564, anchor loss: 0.0279, VFL train accuracy: 0.9686
2026-04-20 22:29:27,042 - Epoch: 26, 191/278: VFL loss: 0.0856, total loss: 0.0568, anchor loss: 0.0280, VFL train accuracy: 0.9682
2026-04-20 22:29:27,258 - Epoch: 26, 201/278: VFL loss: 0.0851, total loss: 0.0565, anchor loss: 0.0279, VFL train accuracy: 0.9683
2026-04-20 22:29:27,479 - Epoch: 26, 211/278: VFL loss: 0.0851, total loss: 0.0565, anchor loss: 0.0279, VFL train accuracy: 0.9685
2026-04-20 22:29:27,708 - Epoch: 26, 221/278: VFL loss: 0.0846, total loss: 0.0562, anchor loss: 0.0278, VFL train accuracy: 0.9687
2026-04-20 22:29:27,938 - Epoch: 26, 231/278: VFL loss: 0.0847, total loss: 0.0563, anchor loss: 0.0278, VFL train accuracy: 0.9686
2026-04-20 22:29:28,151 - Epoch: 26, 241/278: VFL loss: 0.0850, total loss: 0.0564, anchor loss: 0.0279, VFL train accuracy: 0.9685
2026-04-20 22:29:28,364 - Epoch: 26, 251/278: VFL loss: 0.0852, total loss: 0.0566, anchor loss: 0.0279, VFL train accuracy: 0.9684
2026-04-20 22:29:28,592 - Epoch: 26, 261/278: VFL loss: 0.0850, total loss: 0.0564, anchor loss: 0.0279, VFL train accuracy: 0.9685
2026-04-20 22:29:28,814 - Epoch: 26, 271/278: VFL loss: 0.0849, total loss: 0.0564, anchor loss: 0.0279, VFL train accuracy: 0.9685
2026-04-20 22:29:28,991 - => Recorded Stage 2 client anchor losses for epoch 26 to 'results/AVGuard/stage3_gamma_sensitivity_3clients_noema_bounded_q/PHISHING_3clients_noema_bounded_q_gamma_5.0\stage2_final_epoch_client_anchor_losses.json': {0: 0.027094, 1: 0.030248, 2: 0.026303}
2026-04-20 22:29:28,992 - => Stage 2 EMA anchor update skipped at epoch 26 because momentum=1.0000 disables EMA; eligible classes per client {0: 2, 1: 2, 2: 2}
2026-04-20 22:29:28,992 - => Stage 2 Epoch 26 Training Summary: VFL loss: 0.0862, total loss: 0.0571, anchor loss: 0.0279, VFL train accuracy: 0.9685
2026-04-20 22:29:28,992 - => Test ASR...
2026-04-20 22:29:28,995 - =>Add Trigger to Test Data
2026-04-20 22:29:29,286 - Add Trigger to 6130 Bad Samples, 11600 Clean Samples (1.00)
2026-04-20 22:29:33,817 - => Test Epoch: 26, main task samples: 17730, attack samples: 17730, test loss: 0.1141, clean acc: 0.9288, Top-2: 1.0000, ASR: 0.1485, RAC: 0.9077, test target accuracy: 0.9716, stage3 final accuracy: 0.9288, stage3 final target accuracy: 0.9373, stage3 final asr: 0.1485, anchor loss: 0.0290
2026-04-20 22:29:33,817 - => Stage 3 Detection Summary: recall: 0.8327, precision: 0.8102, f1: 0.8213, false positive rate: 0.0569, correction rate: 0.8327
2026-04-20 22:29:33,817 - => Stage 3 Debug (clean): suspicious=1009/17730, correction_applied=1008, prediction_changed=1008, skipped_tied_vote=0, skipped_low_margin=0, skipped_other=1
2026-04-20 22:29:33,817 - => Stage 3 Debug (poison-valid): suspicious=4435/6130, correction_applied=4435, prediction_changed=4435, skipped_tied_vote=0, skipped_low_margin=0, skipped_other=0
2026-04-20 22:29:33,817 - => Stage 3 Debug (attack-success): suspicious=4411/5297, correction_applied=4411, prediction_changed=4411, corrected_to_true=4411
2026-04-20 22:29:33,818 - => Stage 2 checkpoint score: mean(clean_acc=0.9288, recall=0.8327, correction_rate=0.8327) = 0.8647
2026-04-20 22:29:33,836 - => End Epoch: 26, early stop epochs: 1, best epoch: 25, best clean acc: 0.9284, best Top-2: 1.0000, best ASR: 0.1429, best RAC: 0.9064, anchor loss: 0.0292, best checkpoint score: 0.8689
2026-04-20 22:29:33,837 - => Stage 3 Detection Summary: recall: 0.8394, precision: 0.8063, f1: 0.8225, false positive rate: 0.0587, correction rate: 0.8390
2026-04-20 22:29:33,867 - => LFBA current anchor-derived target label: 0
2026-04-20 22:29:33,871 - =>Add Trigger to Train Data
2026-04-20 22:29:33,993 - Add Trigger to 7091 Bad Samples, 63826 Clean Samples (0.10)
2026-04-20 22:29:33,998 - => Start Training for Injecting Backdoor...
2026-04-20 22:29:34,027 - Epoch: 27, 1/278: VFL loss: 0.1261, total loss: 0.0809, anchor loss: 0.0358, VFL train accuracy: 0.9648
2026-04-20 22:29:34,260 - Epoch: 27, 11/278: VFL loss: 0.1121, total loss: 0.0713, anchor loss: 0.0306, VFL train accuracy: 0.9624
2026-04-20 22:29:34,458 - Epoch: 27, 21/278: VFL loss: 0.0976, total loss: 0.0633, anchor loss: 0.0290, VFL train accuracy: 0.9658
2026-04-20 22:29:34,672 - Epoch: 27, 31/278: VFL loss: 0.0971, total loss: 0.0630, anchor loss: 0.0289, VFL train accuracy: 0.9646
2026-04-20 22:29:34,881 - Epoch: 27, 41/278: VFL loss: 0.0912, total loss: 0.0599, anchor loss: 0.0285, VFL train accuracy: 0.9666
2026-04-20 22:29:35,081 - Epoch: 27, 51/278: VFL loss: 0.0892, total loss: 0.0586, anchor loss: 0.0280, VFL train accuracy: 0.9678
2026-04-20 22:29:35,283 - Epoch: 27, 61/278: VFL loss: 0.0885, total loss: 0.0581, anchor loss: 0.0277, VFL train accuracy: 0.9684
2026-04-20 22:29:35,504 - Epoch: 27, 71/278: VFL loss: 0.0886, total loss: 0.0583, anchor loss: 0.0279, VFL train accuracy: 0.9686
2026-04-20 22:29:35,717 - Epoch: 27, 81/278: VFL loss: 0.0884, total loss: 0.0580, anchor loss: 0.0277, VFL train accuracy: 0.9686
2026-04-20 22:29:35,954 - Epoch: 27, 91/278: VFL loss: 0.0881, total loss: 0.0580, anchor loss: 0.0278, VFL train accuracy: 0.9685
2026-04-20 22:29:36,159 - Epoch: 27, 101/278: VFL loss: 0.0879, total loss: 0.0579, anchor loss: 0.0279, VFL train accuracy: 0.9686
2026-04-20 22:29:36,390 - Epoch: 27, 111/278: VFL loss: 0.0867, total loss: 0.0572, anchor loss: 0.0277, VFL train accuracy: 0.9685
2026-04-20 22:29:36,631 - Epoch: 27, 121/278: VFL loss: 0.0863, total loss: 0.0570, anchor loss: 0.0277, VFL train accuracy: 0.9688
2026-04-20 22:29:36,874 - Epoch: 27, 131/278: VFL loss: 0.0857, total loss: 0.0567, anchor loss: 0.0278, VFL train accuracy: 0.9689
2026-04-20 22:29:37,101 - Epoch: 27, 141/278: VFL loss: 0.0852, total loss: 0.0564, anchor loss: 0.0277, VFL train accuracy: 0.9691
2026-04-20 22:29:37,328 - Epoch: 27, 151/278: VFL loss: 0.0844, total loss: 0.0561, anchor loss: 0.0277, VFL train accuracy: 0.9692
2026-04-20 22:29:37,541 - Epoch: 27, 161/278: VFL loss: 0.0849, total loss: 0.0564, anchor loss: 0.0278, VFL train accuracy: 0.9692
2026-04-20 22:29:37,772 - Epoch: 27, 171/278: VFL loss: 0.0846, total loss: 0.0562, anchor loss: 0.0278, VFL train accuracy: 0.9693
2026-04-20 22:29:37,999 - Epoch: 27, 181/278: VFL loss: 0.0838, total loss: 0.0558, anchor loss: 0.0278, VFL train accuracy: 0.9695
2026-04-20 22:29:38,254 - Epoch: 27, 191/278: VFL loss: 0.0842, total loss: 0.0560, anchor loss: 0.0278, VFL train accuracy: 0.9692
2026-04-20 22:29:38,498 - Epoch: 27, 201/278: VFL loss: 0.0842, total loss: 0.0560, anchor loss: 0.0278, VFL train accuracy: 0.9691
2026-04-20 22:29:38,740 - Epoch: 27, 211/278: VFL loss: 0.0840, total loss: 0.0559, anchor loss: 0.0278, VFL train accuracy: 0.9692
2026-04-20 22:29:38,953 - Epoch: 27, 221/278: VFL loss: 0.0839, total loss: 0.0558, anchor loss: 0.0278, VFL train accuracy: 0.9693
2026-04-20 22:29:39,157 - Epoch: 27, 231/278: VFL loss: 0.0839, total loss: 0.0558, anchor loss: 0.0278, VFL train accuracy: 0.9692
2026-04-20 22:29:39,378 - Epoch: 27, 241/278: VFL loss: 0.0835, total loss: 0.0557, anchor loss: 0.0278, VFL train accuracy: 0.9692
2026-04-20 22:29:39,601 - Epoch: 27, 251/278: VFL loss: 0.0834, total loss: 0.0556, anchor loss: 0.0278, VFL train accuracy: 0.9692
2026-04-20 22:29:39,822 - Epoch: 27, 261/278: VFL loss: 0.0834, total loss: 0.0556, anchor loss: 0.0278, VFL train accuracy: 0.9692
2026-04-20 22:29:40,039 - Epoch: 27, 271/278: VFL loss: 0.0836, total loss: 0.0557, anchor loss: 0.0278, VFL train accuracy: 0.9689
2026-04-20 22:29:40,200 - => Recorded Stage 2 client anchor losses for epoch 27 to 'results/AVGuard/stage3_gamma_sensitivity_3clients_noema_bounded_q/PHISHING_3clients_noema_bounded_q_gamma_5.0\stage2_final_epoch_client_anchor_losses.json': {0: 0.027122, 1: 0.030246, 2: 0.026075}
2026-04-20 22:29:40,201 - => Stage 2 EMA anchor update skipped at epoch 27 because momentum=1.0000 disables EMA; eligible classes per client {0: 2, 1: 2, 2: 2}
2026-04-20 22:29:40,201 - => Stage 2 Epoch 27 Training Summary: VFL loss: 0.0830, total loss: 0.0554, anchor loss: 0.0278, VFL train accuracy: 0.9690
2026-04-20 22:29:40,201 - => Test ASR...
2026-04-20 22:29:40,204 - =>Add Trigger to Test Data
2026-04-20 22:29:40,495 - Add Trigger to 6130 Bad Samples, 11600 Clean Samples (1.00)
2026-04-20 22:29:44,716 - => Test Epoch: 27, main task samples: 17730, attack samples: 17730, test loss: 0.1163, clean acc: 0.9296, Top-2: 1.0000, ASR: 0.1457, RAC: 0.9072, test target accuracy: 0.9653, stage3 final accuracy: 0.9296, stage3 final target accuracy: 0.9352, stage3 final asr: 0.1457, anchor loss: 0.0291
2026-04-20 22:29:44,717 - => Stage 3 Detection Summary: recall: 0.8379, precision: 0.8063, f1: 0.8218, false positive rate: 0.0592, correction rate: 0.8372
2026-04-20 22:29:44,717 - => Stage 3 Debug (clean): suspicious=1050/17730, correction_applied=1046, prediction_changed=1046, skipped_tied_vote=0, skipped_low_margin=0, skipped_other=4
2026-04-20 22:29:44,717 - => Stage 3 Debug (poison-valid): suspicious=4496/6130, correction_applied=4492, prediction_changed=4492, skipped_tied_vote=0, skipped_low_margin=0, skipped_other=4
2026-04-20 22:29:44,717 - => Stage 3 Debug (attack-success): suspicious=4472/5337, correction_applied=4468, prediction_changed=4468, corrected_to_true=4468
2026-04-20 22:29:44,717 - => Stage 2 checkpoint score: mean(clean_acc=0.9296, recall=0.8379, correction_rate=0.8372) = 0.8682
2026-04-20 22:29:44,741 - => End Epoch: 27, early stop epochs: 2, best epoch: 25, best clean acc: 0.9284, best Top-2: 1.0000, best ASR: 0.1429, best RAC: 0.9064, anchor loss: 0.0292, best checkpoint score: 0.8689
2026-04-20 22:29:44,741 - => Stage 3 Detection Summary: recall: 0.8394, precision: 0.8063, f1: 0.8225, false positive rate: 0.0587, correction rate: 0.8390
2026-04-20 22:29:44,775 - => LFBA current anchor-derived target label: 0
2026-04-20 22:29:44,782 - =>Add Trigger to Train Data
2026-04-20 22:29:44,911 - Add Trigger to 7091 Bad Samples, 63826 Clean Samples (0.10)
2026-04-20 22:29:44,920 - => Start Training for Injecting Backdoor...
2026-04-20 22:29:44,953 - Epoch: 28, 1/278: VFL loss: 0.0625, total loss: 0.0456, anchor loss: 0.0287, VFL train accuracy: 0.9688
2026-04-20 22:29:45,156 - Epoch: 28, 11/278: VFL loss: 0.0924, total loss: 0.0606, anchor loss: 0.0288, VFL train accuracy: 0.9645
2026-04-20 22:29:45,352 - Epoch: 28, 21/278: VFL loss: 0.0872, total loss: 0.0578, anchor loss: 0.0285, VFL train accuracy: 0.9680
2026-04-20 22:29:45,560 - Epoch: 28, 31/278: VFL loss: 0.0890, total loss: 0.0588, anchor loss: 0.0285, VFL train accuracy: 0.9674
2026-04-20 22:29:45,787 - Epoch: 28, 41/278: VFL loss: 0.0871, total loss: 0.0576, anchor loss: 0.0281, VFL train accuracy: 0.9670
2026-04-20 22:29:46,005 - Epoch: 28, 51/278: VFL loss: 0.0847, total loss: 0.0564, anchor loss: 0.0282, VFL train accuracy: 0.9678
2026-04-20 22:29:46,221 - Epoch: 28, 61/278: VFL loss: 0.0849, total loss: 0.0565, anchor loss: 0.0280, VFL train accuracy: 0.9676
2026-04-20 22:29:46,473 - Epoch: 28, 71/278: VFL loss: 0.0836, total loss: 0.0557, anchor loss: 0.0278, VFL train accuracy: 0.9684
2026-04-20 22:29:46,677 - Epoch: 28, 81/278: VFL loss: 0.0838, total loss: 0.0560, anchor loss: 0.0281, VFL train accuracy: 0.9686
2026-04-20 22:29:46,897 - Epoch: 28, 91/278: VFL loss: 0.0860, total loss: 0.0571, anchor loss: 0.0283, VFL train accuracy: 0.9676
2026-04-20 22:29:47,121 - Epoch: 28, 101/278: VFL loss: 0.0866, total loss: 0.0574, anchor loss: 0.0283, VFL train accuracy: 0.9675
2026-04-20 22:29:47,332 - Epoch: 28, 111/278: VFL loss: 0.0857, total loss: 0.0569, anchor loss: 0.0281, VFL train accuracy: 0.9678
2026-04-20 22:29:47,547 - Epoch: 28, 121/278: VFL loss: 0.0851, total loss: 0.0567, anchor loss: 0.0282, VFL train accuracy: 0.9683
2026-04-20 22:29:47,762 - Epoch: 28, 131/278: VFL loss: 0.0849, total loss: 0.0565, anchor loss: 0.0281, VFL train accuracy: 0.9685
2026-04-20 22:29:47,985 - Epoch: 28, 141/278: VFL loss: 0.0840, total loss: 0.0560, anchor loss: 0.0280, VFL train accuracy: 0.9688
2026-04-20 22:29:48,197 - Epoch: 28, 151/278: VFL loss: 0.0832, total loss: 0.0555, anchor loss: 0.0279, VFL train accuracy: 0.9693
2026-04-20 22:29:48,430 - Epoch: 28, 161/278: VFL loss: 0.0830, total loss: 0.0554, anchor loss: 0.0278, VFL train accuracy: 0.9694
2026-04-20 22:29:48,648 - Epoch: 28, 171/278: VFL loss: 0.0834, total loss: 0.0556, anchor loss: 0.0278, VFL train accuracy: 0.9690
2026-04-20 22:29:48,865 - Epoch: 28, 181/278: VFL loss: 0.0831, total loss: 0.0554, anchor loss: 0.0277, VFL train accuracy: 0.9695
2026-04-20 22:29:49,097 - Epoch: 28, 191/278: VFL loss: 0.0832, total loss: 0.0555, anchor loss: 0.0278, VFL train accuracy: 0.9694
2026-04-20 22:29:49,343 - Epoch: 28, 201/278: VFL loss: 0.0834, total loss: 0.0556, anchor loss: 0.0278, VFL train accuracy: 0.9692
2026-04-20 22:29:49,559 - Epoch: 28, 211/278: VFL loss: 0.0831, total loss: 0.0554, anchor loss: 0.0278, VFL train accuracy: 0.9692
2026-04-20 22:29:49,787 - Epoch: 28, 221/278: VFL loss: 0.0829, total loss: 0.0553, anchor loss: 0.0277, VFL train accuracy: 0.9694
2026-04-20 22:29:50,017 - Epoch: 28, 231/278: VFL loss: 0.0828, total loss: 0.0553, anchor loss: 0.0278, VFL train accuracy: 0.9693
2026-04-20 22:29:50,238 - Epoch: 28, 241/278: VFL loss: 0.0832, total loss: 0.0555, anchor loss: 0.0278, VFL train accuracy: 0.9691
2026-04-20 22:29:50,448 - Epoch: 28, 251/278: VFL loss: 0.0835, total loss: 0.0557, anchor loss: 0.0278, VFL train accuracy: 0.9691
2026-04-20 22:29:50,674 - Epoch: 28, 261/278: VFL loss: 0.0834, total loss: 0.0556, anchor loss: 0.0278, VFL train accuracy: 0.9691
2026-04-20 22:29:50,924 - Epoch: 28, 271/278: VFL loss: 0.0837, total loss: 0.0557, anchor loss: 0.0278, VFL train accuracy: 0.9690
2026-04-20 22:29:51,097 - => Recorded Stage 2 client anchor losses for epoch 28 to 'results/AVGuard/stage3_gamma_sensitivity_3clients_noema_bounded_q/PHISHING_3clients_noema_bounded_q_gamma_5.0\stage2_final_epoch_client_anchor_losses.json': {0: 0.027112, 1: 0.030208, 2: 0.026112}
2026-04-20 22:29:51,102 - => Stage 2 EMA anchor update skipped at epoch 28 because momentum=1.0000 disables EMA; eligible classes per client {0: 2, 1: 2, 2: 2}
2026-04-20 22:29:51,103 - => Stage 2 Epoch 28 Training Summary: VFL loss: 0.0833, total loss: 0.0555, anchor loss: 0.0277, VFL train accuracy: 0.9691
2026-04-20 22:29:51,103 - => Test ASR...
2026-04-20 22:29:51,105 - =>Add Trigger to Test Data
2026-04-20 22:29:51,416 - Add Trigger to 6130 Bad Samples, 11600 Clean Samples (1.00)
2026-04-20 22:29:55,830 - => Test Epoch: 28, main task samples: 17730, attack samples: 17730, test loss: 0.1144, clean acc: 0.9284, Top-2: 1.0000, ASR: 0.1426, RAC: 0.9075, test target accuracy: 0.9697, stage3 final accuracy: 0.9284, stage3 final target accuracy: 0.9340, stage3 final asr: 0.1426, anchor loss: 0.0290
2026-04-20 22:29:55,831 - => Stage 3 Detection Summary: recall: 0.8405, precision: 0.8095, f1: 0.8247, false positive rate: 0.0578, correction rate: 0.8395
2026-04-20 22:29:55,831 - => Stage 3 Debug (clean): suspicious=1024/17730, correction_applied=1018, prediction_changed=1018, skipped_tied_vote=0, skipped_low_margin=0, skipped_other=6
2026-04-20 22:29:55,831 - => Stage 3 Debug (poison-valid): suspicious=4476/6130, correction_applied=4471, prediction_changed=4471, skipped_tied_vote=0, skipped_low_margin=0, skipped_other=5
2026-04-20 22:29:55,831 - => Stage 3 Debug (attack-success): suspicious=4452/5297, correction_applied=4447, prediction_changed=4447, corrected_to_true=4447
2026-04-20 22:29:55,831 - => Stage 2 checkpoint score: mean(clean_acc=0.9284, recall=0.8405, correction_rate=0.8395) = 0.8695
2026-04-20 22:29:55,831 - => Save best checkpoint model...
2026-04-20 22:29:55,888 - => End Epoch: 28, early stop epochs: 0, best epoch: 28, best clean acc: 0.9284, best Top-2: 1.0000, best ASR: 0.1426, best RAC: 0.9075, anchor loss: 0.0290, best checkpoint score: 0.8695
2026-04-20 22:29:55,888 - => Stage 3 Detection Summary: recall: 0.8405, precision: 0.8095, f1: 0.8247, false positive rate: 0.0578, correction rate: 0.8395
2026-04-20 22:29:55,915 - => LFBA current anchor-derived target label: 0
2026-04-20 22:29:55,921 - =>Add Trigger to Train Data
2026-04-20 22:29:56,040 - Add Trigger to 7091 Bad Samples, 63826 Clean Samples (0.10)
2026-04-20 22:29:56,046 - => Start Training for Injecting Backdoor...
2026-04-20 22:29:56,076 - Epoch: 29, 1/278: VFL loss: 0.1245, total loss: 0.0806, anchor loss: 0.0367, VFL train accuracy: 0.9609
2026-04-20 22:29:56,297 - Epoch: 29, 11/278: VFL loss: 0.0811, total loss: 0.0548, anchor loss: 0.0286, VFL train accuracy: 0.9723
2026-04-20 22:29:56,512 - Epoch: 29, 21/278: VFL loss: 0.0865, total loss: 0.0572, anchor loss: 0.0280, VFL train accuracy: 0.9689
2026-04-20 22:29:56,728 - Epoch: 29, 31/278: VFL loss: 0.0834, total loss: 0.0556, anchor loss: 0.0279, VFL train accuracy: 0.9682
2026-04-20 22:29:56,969 - Epoch: 29, 41/278: VFL loss: 0.0856, total loss: 0.0568, anchor loss: 0.0280, VFL train accuracy: 0.9665
2026-04-20 22:29:57,370 - Epoch: 29, 51/278: VFL loss: 0.0828, total loss: 0.0552, anchor loss: 0.0276, VFL train accuracy: 0.9681
2026-04-20 22:29:57,614 - Epoch: 29, 61/278: VFL loss: 0.0849, total loss: 0.0564, anchor loss: 0.0278, VFL train accuracy: 0.9686
2026-04-20 22:29:57,853 - Epoch: 29, 71/278: VFL loss: 0.0849, total loss: 0.0563, anchor loss: 0.0278, VFL train accuracy: 0.9694
2026-04-20 22:29:58,111 - Epoch: 29, 81/278: VFL loss: 0.0853, total loss: 0.0566, anchor loss: 0.0280, VFL train accuracy: 0.9688
2026-04-20 22:29:58,362 - Epoch: 29, 91/278: VFL loss: 0.0854, total loss: 0.0567, anchor loss: 0.0280, VFL train accuracy: 0.9687
2026-04-20 22:29:58,611 - Epoch: 29, 101/278: VFL loss: 0.0850, total loss: 0.0565, anchor loss: 0.0279, VFL train accuracy: 0.9690
2026-04-20 22:29:58,839 - Epoch: 29, 111/278: VFL loss: 0.0852, total loss: 0.0566, anchor loss: 0.0279, VFL train accuracy: 0.9690
2026-04-20 22:29:59,049 - Epoch: 29, 121/278: VFL loss: 0.0852, total loss: 0.0566, anchor loss: 0.0280, VFL train accuracy: 0.9689
2026-04-20 22:29:59,275 - Epoch: 29, 131/278: VFL loss: 0.0852, total loss: 0.0566, anchor loss: 0.0279, VFL train accuracy: 0.9689
2026-04-20 22:29:59,518 - Epoch: 29, 141/278: VFL loss: 0.0843, total loss: 0.0561, anchor loss: 0.0278, VFL train accuracy: 0.9692
2026-04-20 22:29:59,774 - Epoch: 29, 151/278: VFL loss: 0.0835, total loss: 0.0556, anchor loss: 0.0277, VFL train accuracy: 0.9695
2026-04-20 22:30:00,028 - Epoch: 29, 161/278: VFL loss: 0.0832, total loss: 0.0555, anchor loss: 0.0277, VFL train accuracy: 0.9692
2026-04-20 22:30:00,280 - Epoch: 29, 171/278: VFL loss: 0.0830, total loss: 0.0554, anchor loss: 0.0277, VFL train accuracy: 0.9692
2026-04-20 22:30:00,524 - Epoch: 29, 181/278: VFL loss: 0.0831, total loss: 0.0554, anchor loss: 0.0277, VFL train accuracy: 0.9691
2026-04-20 22:30:00,762 - Epoch: 29, 191/278: VFL loss: 0.0837, total loss: 0.0558, anchor loss: 0.0278, VFL train accuracy: 0.9688
2026-04-20 22:30:00,994 - Epoch: 29, 201/278: VFL loss: 0.0835, total loss: 0.0557, anchor loss: 0.0278, VFL train accuracy: 0.9690
2026-04-20 22:30:01,219 - Epoch: 29, 211/278: VFL loss: 0.0834, total loss: 0.0556, anchor loss: 0.0278, VFL train accuracy: 0.9691
2026-04-20 22:30:01,414 - Epoch: 29, 221/278: VFL loss: 0.0831, total loss: 0.0554, anchor loss: 0.0277, VFL train accuracy: 0.9692
2026-04-20 22:30:01,650 - Epoch: 29, 231/278: VFL loss: 0.0831, total loss: 0.0554, anchor loss: 0.0277, VFL train accuracy: 0.9690
2026-04-20 22:30:01,877 - Epoch: 29, 241/278: VFL loss: 0.0828, total loss: 0.0553, anchor loss: 0.0278, VFL train accuracy: 0.9691
2026-04-20 22:30:02,112 - Epoch: 29, 251/278: VFL loss: 0.0827, total loss: 0.0553, anchor loss: 0.0278, VFL train accuracy: 0.9691
2026-04-20 22:30:02,345 - Epoch: 29, 261/278: VFL loss: 0.0827, total loss: 0.0552, anchor loss: 0.0277, VFL train accuracy: 0.9692
2026-04-20 22:30:02,599 - Epoch: 29, 271/278: VFL loss: 0.0827, total loss: 0.0552, anchor loss: 0.0278, VFL train accuracy: 0.9691
2026-04-20 22:30:02,781 - => Recorded Stage 2 client anchor losses for epoch 29 to 'results/AVGuard/stage3_gamma_sensitivity_3clients_noema_bounded_q/PHISHING_3clients_noema_bounded_q_gamma_5.0\stage2_final_epoch_client_anchor_losses.json': {0: 0.027109, 1: 0.030197, 2: 0.026074}
2026-04-20 22:30:02,782 - => Stage 2 EMA anchor update skipped at epoch 29 because momentum=1.0000 disables EMA; eligible classes per client {0: 2, 1: 2, 2: 2}
2026-04-20 22:30:02,783 - => Stage 2 Epoch 29 Training Summary: VFL loss: 0.0832, total loss: 0.0556, anchor loss: 0.0280, VFL train accuracy: 0.9692
2026-04-20 22:30:02,783 - => Test ASR...
2026-04-20 22:30:02,785 - =>Add Trigger to Test Data
2026-04-20 22:30:03,077 - Add Trigger to 6130 Bad Samples, 11600 Clean Samples (1.00)
2026-04-20 22:30:08,016 - => Test Epoch: 29, main task samples: 17730, attack samples: 17730, test loss: 0.1152, clean acc: 0.9292, Top-2: 1.0000, ASR: 0.1449, RAC: 0.9077, test target accuracy: 0.9697, stage3 final accuracy: 0.9292, stage3 final target accuracy: 0.9355, stage3 final asr: 0.1449, anchor loss: 0.0290
2026-04-20 22:30:08,016 - => Stage 3 Detection Summary: recall: 0.8379, precision: 0.8101, f1: 0.8238, false positive rate: 0.0571, correction rate: 0.8376
2026-04-20 22:30:08,016 - => Stage 3 Debug (clean): suspicious=1012/17730, correction_applied=1006, prediction_changed=1006, skipped_tied_vote=0, skipped_low_margin=0, skipped_other=6
2026-04-20 22:30:08,016 - => Stage 3 Debug (poison-valid): suspicious=4464/6130, correction_applied=4462, prediction_changed=4462, skipped_tied_vote=0, skipped_low_margin=0, skipped_other=2
2026-04-20 22:30:08,016 - => Stage 3 Debug (attack-success): suspicious=4436/5294, correction_applied=4434, prediction_changed=4434, corrected_to_true=4434
2026-04-20 22:30:08,018 - => Stage 2 checkpoint score: mean(clean_acc=0.9292, recall=0.8379, correction_rate=0.8376) = 0.8682
2026-04-20 22:30:08,041 - => End Epoch: 29, early stop epochs: 1, best epoch: 28, best clean acc: 0.9284, best Top-2: 1.0000, best ASR: 0.1426, best RAC: 0.9075, anchor loss: 0.0290, best checkpoint score: 0.8695
2026-04-20 22:30:08,041 - => Stage 3 Detection Summary: recall: 0.8405, precision: 0.8095, f1: 0.8247, false positive rate: 0.0578, correction rate: 0.8395
2026-04-20 22:30:08,071 - => LFBA current anchor-derived target label: 0
2026-04-20 22:30:08,074 - =>Add Trigger to Train Data
2026-04-20 22:30:08,196 - Add Trigger to 7091 Bad Samples, 63826 Clean Samples (0.10)
2026-04-20 22:30:08,203 - => Start Training for Injecting Backdoor...
2026-04-20 22:30:08,230 - Epoch: 30, 1/278: VFL loss: 0.0370, total loss: 0.0294, anchor loss: 0.0218, VFL train accuracy: 0.9922
2026-04-20 22:30:08,462 - Epoch: 30, 11/278: VFL loss: 0.0815, total loss: 0.0545, anchor loss: 0.0274, VFL train accuracy: 0.9688
2026-04-20 22:30:08,689 - Epoch: 30, 21/278: VFL loss: 0.0816, total loss: 0.0546, anchor loss: 0.0276, VFL train accuracy: 0.9697
2026-04-20 22:30:08,899 - Epoch: 30, 31/278: VFL loss: 0.0792, total loss: 0.0533, anchor loss: 0.0274, VFL train accuracy: 0.9704
2026-04-20 22:30:09,111 - Epoch: 30, 41/278: VFL loss: 0.0792, total loss: 0.0535, anchor loss: 0.0278, VFL train accuracy: 0.9704
2026-04-20 22:30:09,320 - Epoch: 30, 51/278: VFL loss: 0.0784, total loss: 0.0531, anchor loss: 0.0278, VFL train accuracy: 0.9710
2026-04-20 22:30:09,510 - Epoch: 30, 61/278: VFL loss: 0.0772, total loss: 0.0524, anchor loss: 0.0275, VFL train accuracy: 0.9712
2026-04-20 22:30:09,718 - Epoch: 30, 71/278: VFL loss: 0.0784, total loss: 0.0529, anchor loss: 0.0274, VFL train accuracy: 0.9709
2026-04-20 22:30:09,899 - Epoch: 30, 81/278: VFL loss: 0.0799, total loss: 0.0537, anchor loss: 0.0274, VFL train accuracy: 0.9704
2026-04-20 22:30:10,085 - Epoch: 30, 91/278: VFL loss: 0.0809, total loss: 0.0542, anchor loss: 0.0275, VFL train accuracy: 0.9696
2026-04-20 22:30:10,284 - Epoch: 30, 101/278: VFL loss: 0.0811, total loss: 0.0543, anchor loss: 0.0275, VFL train accuracy: 0.9699
2026-04-20 22:30:10,484 - Epoch: 30, 111/278: VFL loss: 0.0814, total loss: 0.0546, anchor loss: 0.0277, VFL train accuracy: 0.9698
2026-04-20 22:30:10,690 - Epoch: 30, 121/278: VFL loss: 0.0824, total loss: 0.0551, anchor loss: 0.0277, VFL train accuracy: 0.9693
2026-04-20 22:30:10,900 - Epoch: 30, 131/278: VFL loss: 0.0822, total loss: 0.0549, anchor loss: 0.0277, VFL train accuracy: 0.9696
2026-04-20 22:30:11,141 - Epoch: 30, 141/278: VFL loss: 0.0829, total loss: 0.0553, anchor loss: 0.0276, VFL train accuracy: 0.9694
2026-04-20 22:30:11,350 - Epoch: 30, 151/278: VFL loss: 0.0825, total loss: 0.0550, anchor loss: 0.0276, VFL train accuracy: 0.9694
2026-04-20 22:30:11,568 - Epoch: 30, 161/278: VFL loss: 0.0825, total loss: 0.0551, anchor loss: 0.0277, VFL train accuracy: 0.9694
2026-04-20 22:30:11,789 - Epoch: 30, 171/278: VFL loss: 0.0825, total loss: 0.0551, anchor loss: 0.0277, VFL train accuracy: 0.9693
2026-04-20 22:30:12,026 - Epoch: 30, 181/278: VFL loss: 0.0823, total loss: 0.0550, anchor loss: 0.0277, VFL train accuracy: 0.9694
2026-04-20 22:30:12,255 - Epoch: 30, 191/278: VFL loss: 0.0823, total loss: 0.0550, anchor loss: 0.0278, VFL train accuracy: 0.9690
2026-04-20 22:30:12,490 - Epoch: 30, 201/278: VFL loss: 0.0829, total loss: 0.0554, anchor loss: 0.0279, VFL train accuracy: 0.9688
2026-04-20 22:30:12,740 - Epoch: 30, 211/278: VFL loss: 0.0834, total loss: 0.0557, anchor loss: 0.0280, VFL train accuracy: 0.9687
2026-04-20 22:30:12,970 - Epoch: 30, 221/278: VFL loss: 0.0832, total loss: 0.0556, anchor loss: 0.0279, VFL train accuracy: 0.9688
2026-04-20 22:30:13,205 - Epoch: 30, 231/278: VFL loss: 0.0828, total loss: 0.0554, anchor loss: 0.0279, VFL train accuracy: 0.9690
2026-04-20 22:30:13,446 - Epoch: 30, 241/278: VFL loss: 0.0834, total loss: 0.0557, anchor loss: 0.0280, VFL train accuracy: 0.9689
2026-04-20 22:30:13,662 - Epoch: 30, 251/278: VFL loss: 0.0839, total loss: 0.0559, anchor loss: 0.0280, VFL train accuracy: 0.9687
2026-04-20 22:30:13,874 - Epoch: 30, 261/278: VFL loss: 0.0838, total loss: 0.0558, anchor loss: 0.0279, VFL train accuracy: 0.9688
2026-04-20 22:30:14,087 - Epoch: 30, 271/278: VFL loss: 0.0836, total loss: 0.0557, anchor loss: 0.0278, VFL train accuracy: 0.9689
2026-04-20 22:30:14,266 - => Recorded Stage 2 client anchor losses for epoch 30 to 'results/AVGuard/stage3_gamma_sensitivity_3clients_noema_bounded_q/PHISHING_3clients_noema_bounded_q_gamma_5.0\stage2_final_epoch_client_anchor_losses.json': {0: 0.027124, 1: 0.030192, 2: 0.026092}
2026-04-20 22:30:14,267 - => Stage 2 EMA anchor update skipped at epoch 30 because momentum=1.0000 disables EMA; eligible classes per client {0: 2, 1: 2, 2: 2}
2026-04-20 22:30:14,267 - => Stage 2 Epoch 30 Training Summary: VFL loss: 0.0832, total loss: 0.0555, anchor loss: 0.0278, VFL train accuracy: 0.9690
2026-04-20 22:30:14,267 - => Test ASR...
2026-04-20 22:30:14,270 - =>Add Trigger to Test Data
2026-04-20 22:30:14,593 - Add Trigger to 6130 Bad Samples, 11600 Clean Samples (1.00)
2026-04-20 22:30:19,009 - => Test Epoch: 30, main task samples: 17730, attack samples: 17730, test loss: 0.1141, clean acc: 0.9292, Top-2: 1.0000, ASR: 0.1434, RAC: 0.9079, test target accuracy: 0.9697, stage3 final accuracy: 0.9292, stage3 final target accuracy: 0.9350, stage3 final asr: 0.1434, anchor loss: 0.0290
2026-04-20 22:30:19,010 - => Stage 3 Detection Summary: recall: 0.8393, precision: 0.8116, f1: 0.8252, false positive rate: 0.0570, correction rate: 0.8389
2026-04-20 22:30:19,010 - => Stage 3 Debug (clean): suspicious=1010/17730, correction_applied=1005, prediction_changed=1005, skipped_tied_vote=0, skipped_low_margin=0, skipped_other=5
2026-04-20 22:30:19,010 - => Stage 3 Debug (poison-valid): suspicious=4478/6130, correction_applied=4476, prediction_changed=4476, skipped_tied_vote=0, skipped_low_margin=0, skipped_other=2
2026-04-20 22:30:19,010 - => Stage 3 Debug (attack-success): suspicious=4454/5307, correction_applied=4452, prediction_changed=4452, corrected_to_true=4452
2026-04-20 22:30:19,010 - => Stage 2 checkpoint score: mean(clean_acc=0.9292, recall=0.8393, correction_rate=0.8389) = 0.8691
2026-04-20 22:30:19,031 - => End Epoch: 30, early stop epochs: 2, best epoch: 28, best clean acc: 0.9284, best Top-2: 1.0000, best ASR: 0.1426, best RAC: 0.9075, anchor loss: 0.0290, best checkpoint score: 0.8695
2026-04-20 22:30:19,031 - => Stage 3 Detection Summary: recall: 0.8405, precision: 0.8095, f1: 0.8247, false positive rate: 0.0578, correction rate: 0.8395
2026-04-20 22:30:19,063 - => LFBA current anchor-derived target label: 0
2026-04-20 22:30:19,067 - =>Add Trigger to Train Data
2026-04-20 22:30:19,202 - Add Trigger to 7091 Bad Samples, 63826 Clean Samples (0.10)
2026-04-20 22:30:19,209 - => Start Training for Injecting Backdoor...
2026-04-20 22:30:19,236 - Epoch: 31, 1/278: VFL loss: 0.0916, total loss: 0.0606, anchor loss: 0.0295, VFL train accuracy: 0.9570
2026-04-20 22:30:19,457 - Epoch: 31, 11/278: VFL loss: 0.0857, total loss: 0.0565, anchor loss: 0.0273, VFL train accuracy: 0.9659
2026-04-20 22:30:19,685 - Epoch: 31, 21/278: VFL loss: 0.0853, total loss: 0.0562, anchor loss: 0.0271, VFL train accuracy: 0.9665
2026-04-20 22:30:19,921 - Epoch: 31, 31/278: VFL loss: 0.0816, total loss: 0.0544, anchor loss: 0.0272, VFL train accuracy: 0.9672
2026-04-20 22:30:20,155 - Epoch: 31, 41/278: VFL loss: 0.0817, total loss: 0.0546, anchor loss: 0.0275, VFL train accuracy: 0.9684
2026-04-20 22:30:20,390 - Epoch: 31, 51/278: VFL loss: 0.0817, total loss: 0.0545, anchor loss: 0.0274, VFL train accuracy: 0.9685
2026-04-20 22:30:20,629 - Epoch: 31, 61/278: VFL loss: 0.0825, total loss: 0.0550, anchor loss: 0.0275, VFL train accuracy: 0.9678
2026-04-20 22:30:20,847 - Epoch: 31, 71/278: VFL loss: 0.0821, total loss: 0.0549, anchor loss: 0.0277, VFL train accuracy: 0.9680
2026-04-20 22:30:21,082 - Epoch: 31, 81/278: VFL loss: 0.0827, total loss: 0.0551, anchor loss: 0.0276, VFL train accuracy: 0.9681
2026-04-20 22:30:21,308 - Epoch: 31, 91/278: VFL loss: 0.0814, total loss: 0.0545, anchor loss: 0.0276, VFL train accuracy: 0.9690
2026-04-20 22:30:21,536 - Epoch: 31, 101/278: VFL loss: 0.0797, total loss: 0.0534, anchor loss: 0.0272, VFL train accuracy: 0.9698
2026-04-20 22:30:21,774 - Epoch: 31, 111/278: VFL loss: 0.0801, total loss: 0.0537, anchor loss: 0.0273, VFL train accuracy: 0.9697
2026-04-20 22:30:22,000 - Epoch: 31, 121/278: VFL loss: 0.0812, total loss: 0.0544, anchor loss: 0.0276, VFL train accuracy: 0.9694
2026-04-20 22:30:22,243 - Epoch: 31, 131/278: VFL loss: 0.0807, total loss: 0.0540, anchor loss: 0.0274, VFL train accuracy: 0.9699
2026-04-20 22:30:22,478 - Epoch: 31, 141/278: VFL loss: 0.0807, total loss: 0.0541, anchor loss: 0.0275, VFL train accuracy: 0.9699
2026-04-20 22:30:22,735 - Epoch: 31, 151/278: VFL loss: 0.0808, total loss: 0.0541, anchor loss: 0.0274, VFL train accuracy: 0.9697
2026-04-20 22:30:22,957 - Epoch: 31, 161/278: VFL loss: 0.0803, total loss: 0.0539, anchor loss: 0.0274, VFL train accuracy: 0.9699
2026-04-20 22:30:23,312 - Epoch: 31, 171/278: VFL loss: 0.0808, total loss: 0.0541, anchor loss: 0.0274, VFL train accuracy: 0.9696
2026-04-20 22:30:23,536 - Epoch: 31, 181/278: VFL loss: 0.0817, total loss: 0.0547, anchor loss: 0.0276, VFL train accuracy: 0.9694
2026-04-20 22:30:23,759 - Epoch: 31, 191/278: VFL loss: 0.0820, total loss: 0.0548, anchor loss: 0.0277, VFL train accuracy: 0.9694
2026-04-20 22:30:23,971 - Epoch: 31, 201/278: VFL loss: 0.0817, total loss: 0.0547, anchor loss: 0.0277, VFL train accuracy: 0.9696
2026-04-20 22:30:24,182 - Epoch: 31, 211/278: VFL loss: 0.0814, total loss: 0.0545, anchor loss: 0.0276, VFL train accuracy: 0.9697
2026-04-20 22:30:24,384 - Epoch: 31, 221/278: VFL loss: 0.0809, total loss: 0.0542, anchor loss: 0.0275, VFL train accuracy: 0.9699
2026-04-20 22:30:24,540 - Epoch: 31, 231/278: VFL loss: 0.0811, total loss: 0.0543, anchor loss: 0.0275, VFL train accuracy: 0.9698
2026-04-20 22:30:24,731 - Epoch: 31, 241/278: VFL loss: 0.0815, total loss: 0.0545, anchor loss: 0.0276, VFL train accuracy: 0.9697
2026-04-20 22:30:24,940 - Epoch: 31, 251/278: VFL loss: 0.0816, total loss: 0.0546, anchor loss: 0.0276, VFL train accuracy: 0.9695
2026-04-20 22:30:25,150 - Epoch: 31, 261/278: VFL loss: 0.0820, total loss: 0.0548, anchor loss: 0.0277, VFL train accuracy: 0.9694
2026-04-20 22:30:25,346 - Epoch: 31, 271/278: VFL loss: 0.0826, total loss: 0.0551, anchor loss: 0.0277, VFL train accuracy: 0.9693
2026-04-20 22:30:25,496 - => Recorded Stage 2 client anchor losses for epoch 31 to 'results/AVGuard/stage3_gamma_sensitivity_3clients_noema_bounded_q/PHISHING_3clients_noema_bounded_q_gamma_5.0\stage2_final_epoch_client_anchor_losses.json': {0: 0.027055, 1: 0.030164, 2: 0.026067}
2026-04-20 22:30:25,498 - => Stage 2 EMA anchor update skipped at epoch 31 because momentum=1.0000 disables EMA; eligible classes per client {0: 2, 1: 2, 2: 2}
2026-04-20 22:30:25,498 - => Stage 2 Epoch 31 Training Summary: VFL loss: 0.0825, total loss: 0.0551, anchor loss: 0.0278, VFL train accuracy: 0.9693
2026-04-20 22:30:25,498 - => Test ASR...
2026-04-20 22:30:25,501 - =>Add Trigger to Test Data
2026-04-20 22:30:25,798 - Add Trigger to 6130 Bad Samples, 11600 Clean Samples (1.00)
2026-04-20 22:30:29,446 - => Test Epoch: 31, main task samples: 17730, attack samples: 17730, test loss: 0.1142, clean acc: 0.9301, Top-2: 1.0000, ASR: 0.1529, RAC: 0.9068, test target accuracy: 0.9724, stage3 final accuracy: 0.9301, stage3 final target accuracy: 0.9384, stage3 final asr: 0.1529, anchor loss: 0.0290
2026-04-20 22:30:29,446 - => Stage 3 Detection Summary: recall: 0.8300, precision: 0.8117, f1: 0.8207, false positive rate: 0.0569, correction rate: 0.8300
2026-04-20 22:30:29,446 - => Stage 3 Debug (clean): suspicious=1008/17730, correction_applied=1008, prediction_changed=1008, skipped_tied_vote=0, skipped_low_margin=0, skipped_other=0
2026-04-20 22:30:29,446 - => Stage 3 Debug (poison-valid): suspicious=4477/6130, correction_applied=4477, prediction_changed=4477, skipped_tied_vote=0, skipped_low_margin=0, skipped_other=0
2026-04-20 22:30:29,446 - => Stage 3 Debug (attack-success): suspicious=4452/5364, correction_applied=4452, prediction_changed=4452, corrected_to_true=4452
2026-04-20 22:30:29,446 - => Stage 2 checkpoint score: mean(clean_acc=0.9301, recall=0.8300, correction_rate=0.8300) = 0.8634
2026-04-20 22:30:29,468 - => End Epoch: 31, early stop epochs: 3, best epoch: 28, best clean acc: 0.9284, best Top-2: 1.0000, best ASR: 0.1426, best RAC: 0.9075, anchor loss: 0.0290, best checkpoint score: 0.8695
2026-04-20 22:30:29,469 - => Stage 3 Detection Summary: recall: 0.8405, precision: 0.8095, f1: 0.8247, false positive rate: 0.0578, correction rate: 0.8395
2026-04-20 22:30:29,499 - => LFBA current anchor-derived target label: 0
2026-04-20 22:30:29,504 - =>Add Trigger to Train Data
2026-04-20 22:30:29,640 - Add Trigger to 7091 Bad Samples, 63826 Clean Samples (0.10)
2026-04-20 22:30:29,647 - => Start Training for Injecting Backdoor...
2026-04-20 22:30:29,675 - Epoch: 32, 1/278: VFL loss: 0.1179, total loss: 0.0762, anchor loss: 0.0346, VFL train accuracy: 0.9688
2026-04-20 22:30:29,890 - Epoch: 32, 11/278: VFL loss: 0.0904, total loss: 0.0592, anchor loss: 0.0280, VFL train accuracy: 0.9688
2026-04-20 22:30:30,090 - Epoch: 32, 21/278: VFL loss: 0.0842, total loss: 0.0557, anchor loss: 0.0273, VFL train accuracy: 0.9695
2026-04-20 22:30:30,298 - Epoch: 32, 31/278: VFL loss: 0.0848, total loss: 0.0562, anchor loss: 0.0276, VFL train accuracy: 0.9694
2026-04-20 22:30:30,516 - Epoch: 32, 41/278: VFL loss: 0.0845, total loss: 0.0561, anchor loss: 0.0278, VFL train accuracy: 0.9691
2026-04-20 22:30:30,741 - Epoch: 32, 51/278: VFL loss: 0.0840, total loss: 0.0560, anchor loss: 0.0279, VFL train accuracy: 0.9694
2026-04-20 22:30:30,987 - Epoch: 32, 61/278: VFL loss: 0.0852, total loss: 0.0567, anchor loss: 0.0281, VFL train accuracy: 0.9690
2026-04-20 22:30:31,202 - Epoch: 32, 71/278: VFL loss: 0.0850, total loss: 0.0566, anchor loss: 0.0281, VFL train accuracy: 0.9689
2026-04-20 22:30:31,431 - Epoch: 32, 81/278: VFL loss: 0.0833, total loss: 0.0555, anchor loss: 0.0277, VFL train accuracy: 0.9695
2026-04-20 22:30:31,656 - Epoch: 32, 91/278: VFL loss: 0.0829, total loss: 0.0554, anchor loss: 0.0278, VFL train accuracy: 0.9692
2026-04-20 22:30:31,872 - Epoch: 32, 101/278: VFL loss: 0.0833, total loss: 0.0556, anchor loss: 0.0279, VFL train accuracy: 0.9687
2026-04-20 22:30:32,087 - Epoch: 32, 111/278: VFL loss: 0.0828, total loss: 0.0553, anchor loss: 0.0278, VFL train accuracy: 0.9688
2026-04-20 22:30:32,306 - Epoch: 32, 121/278: VFL loss: 0.0825, total loss: 0.0552, anchor loss: 0.0278, VFL train accuracy: 0.9686
2026-04-20 22:30:32,517 - Epoch: 32, 131/278: VFL loss: 0.0820, total loss: 0.0549, anchor loss: 0.0277, VFL train accuracy: 0.9687
2026-04-20 22:30:32,740 - Epoch: 32, 141/278: VFL loss: 0.0819, total loss: 0.0548, anchor loss: 0.0277, VFL train accuracy: 0.9691
2026-04-20 22:30:32,977 - Epoch: 32, 151/278: VFL loss: 0.0818, total loss: 0.0547, anchor loss: 0.0277, VFL train accuracy: 0.9692
2026-04-20 22:30:33,192 - Epoch: 32, 161/278: VFL loss: 0.0820, total loss: 0.0548, anchor loss: 0.0277, VFL train accuracy: 0.9690
2026-04-20 22:30:33,382 - Epoch: 32, 171/278: VFL loss: 0.0822, total loss: 0.0550, anchor loss: 0.0277, VFL train accuracy: 0.9690
2026-04-20 22:30:33,595 - Epoch: 32, 181/278: VFL loss: 0.0828, total loss: 0.0553, anchor loss: 0.0278, VFL train accuracy: 0.9690
2026-04-20 22:30:33,808 - Epoch: 32, 191/278: VFL loss: 0.0831, total loss: 0.0555, anchor loss: 0.0280, VFL train accuracy: 0.9687
2026-04-20 22:30:34,005 - Epoch: 32, 201/278: VFL loss: 0.0824, total loss: 0.0551, anchor loss: 0.0279, VFL train accuracy: 0.9690
2026-04-20 22:30:34,224 - Epoch: 32, 211/278: VFL loss: 0.0826, total loss: 0.0552, anchor loss: 0.0279, VFL train accuracy: 0.9691
2026-04-20 22:30:34,445 - Epoch: 32, 221/278: VFL loss: 0.0830, total loss: 0.0555, anchor loss: 0.0280, VFL train accuracy: 0.9689
2026-04-20 22:30:34,656 - Epoch: 32, 231/278: VFL loss: 0.0828, total loss: 0.0553, anchor loss: 0.0279, VFL train accuracy: 0.9693
2026-04-20 22:30:34,850 - Epoch: 32, 241/278: VFL loss: 0.0826, total loss: 0.0552, anchor loss: 0.0278, VFL train accuracy: 0.9694
2026-04-20 22:30:35,046 - Epoch: 32, 251/278: VFL loss: 0.0827, total loss: 0.0553, anchor loss: 0.0278, VFL train accuracy: 0.9692
2026-04-20 22:30:35,248 - Epoch: 32, 261/278: VFL loss: 0.0828, total loss: 0.0553, anchor loss: 0.0278, VFL train accuracy: 0.9692
2026-04-20 22:30:35,465 - Epoch: 32, 271/278: VFL loss: 0.0826, total loss: 0.0552, anchor loss: 0.0278, VFL train accuracy: 0.9692
2026-04-20 22:30:35,614 - => Recorded Stage 2 client anchor losses for epoch 32 to 'results/AVGuard/stage3_gamma_sensitivity_3clients_noema_bounded_q/PHISHING_3clients_noema_bounded_q_gamma_5.0\stage2_final_epoch_client_anchor_losses.json': {0: 0.027091, 1: 0.03017, 2: 0.026044}
2026-04-20 22:30:35,615 - => Stage 2 EMA anchor update skipped at epoch 32 because momentum=1.0000 disables EMA; eligible classes per client {0: 2, 1: 2, 2: 2}
2026-04-20 22:30:35,616 - => Stage 2 Epoch 32 Training Summary: VFL loss: 0.0827, total loss: 0.0552, anchor loss: 0.0277, VFL train accuracy: 0.9690
2026-04-20 22:30:35,616 - => Test ASR...
2026-04-20 22:30:35,619 - =>Add Trigger to Test Data
2026-04-20 22:30:35,938 - Add Trigger to 6130 Bad Samples, 11600 Clean Samples (1.00)
2026-04-20 22:30:40,102 - => Test Epoch: 32, main task samples: 17730, attack samples: 17730, test loss: 0.1150, clean acc: 0.9285, Top-2: 1.0000, ASR: 0.1432, RAC: 0.9074, test target accuracy: 0.9691, stage3 final accuracy: 0.9285, stage3 final target accuracy: 0.9342, stage3 final asr: 0.1432, anchor loss: 0.0290
2026-04-20 22:30:40,102 - => Stage 3 Detection Summary: recall: 0.8403, precision: 0.8089, f1: 0.8243, false positive rate: 0.0584, correction rate: 0.8401
2026-04-20 22:30:40,102 - => Stage 3 Debug (clean): suspicious=1036/17730, correction_applied=1032, prediction_changed=1032, skipped_tied_vote=0, skipped_low_margin=0, skipped_other=4
2026-04-20 22:30:40,102 - => Stage 3 Debug (poison-valid): suspicious=4511/6130, correction_applied=4510, prediction_changed=4510, skipped_tied_vote=0, skipped_low_margin=0, skipped_other=1
2026-04-20 22:30:40,102 - => Stage 3 Debug (attack-success): suspicious=4487/5340, correction_applied=4486, prediction_changed=4486, corrected_to_true=4486
2026-04-20 22:30:40,103 - => Stage 2 checkpoint score: mean(clean_acc=0.9285, recall=0.8403, correction_rate=0.8401) = 0.8696
2026-04-20 22:30:40,103 - => Save best checkpoint model...
2026-04-20 22:30:40,158 - => End Epoch: 32, early stop epochs: 0, best epoch: 32, best clean acc: 0.9285, best Top-2: 1.0000, best ASR: 0.1432, best RAC: 0.9074, anchor loss: 0.0290, best checkpoint score: 0.8696
2026-04-20 22:30:40,158 - => Stage 3 Detection Summary: recall: 0.8403, precision: 0.8089, f1: 0.8243, false positive rate: 0.0584, correction rate: 0.8401
2026-04-20 22:30:40,189 - => LFBA current anchor-derived target label: 0
2026-04-20 22:30:40,193 - =>Add Trigger to Train Data
2026-04-20 22:30:40,319 - Add Trigger to 7091 Bad Samples, 63826 Clean Samples (0.10)
2026-04-20 22:30:40,324 - => Start Training for Injecting Backdoor...
2026-04-20 22:30:40,350 - Epoch: 33, 1/278: VFL loss: 0.0658, total loss: 0.0472, anchor loss: 0.0286, VFL train accuracy: 0.9766
2026-04-20 22:30:40,574 - Epoch: 33, 11/278: VFL loss: 0.0817, total loss: 0.0549, anchor loss: 0.0282, VFL train accuracy: 0.9705
2026-04-20 22:30:40,809 - Epoch: 33, 21/278: VFL loss: 0.0728, total loss: 0.0500, anchor loss: 0.0273, VFL train accuracy: 0.9738
2026-04-20 22:30:41,038 - Epoch: 33, 31/278: VFL loss: 0.0779, total loss: 0.0528, anchor loss: 0.0276, VFL train accuracy: 0.9734
2026-04-20 22:30:41,247 - Epoch: 33, 41/278: VFL loss: 0.0810, total loss: 0.0546, anchor loss: 0.0281, VFL train accuracy: 0.9717
2026-04-20 22:30:41,456 - Epoch: 33, 51/278: VFL loss: 0.0802, total loss: 0.0540, anchor loss: 0.0278, VFL train accuracy: 0.9721
2026-04-20 22:30:41,658 - Epoch: 33, 61/278: VFL loss: 0.0794, total loss: 0.0536, anchor loss: 0.0277, VFL train accuracy: 0.9725
2026-04-20 22:30:41,878 - Epoch: 33, 71/278: VFL loss: 0.0792, total loss: 0.0535, anchor loss: 0.0277, VFL train accuracy: 0.9725
2026-04-20 22:30:42,096 - Epoch: 33, 81/278: VFL loss: 0.0802, total loss: 0.0539, anchor loss: 0.0276, VFL train accuracy: 0.9716
2026-04-20 22:30:42,315 - Epoch: 33, 91/278: VFL loss: 0.0813, total loss: 0.0545, anchor loss: 0.0277, VFL train accuracy: 0.9712
2026-04-20 22:30:42,526 - Epoch: 33, 101/278: VFL loss: 0.0814, total loss: 0.0546, anchor loss: 0.0278, VFL train accuracy: 0.9710
2026-04-20 22:30:42,750 - Epoch: 33, 111/278: VFL loss: 0.0821, total loss: 0.0549, anchor loss: 0.0277, VFL train accuracy: 0.9701
2026-04-20 22:30:42,969 - Epoch: 33, 121/278: VFL loss: 0.0814, total loss: 0.0546, anchor loss: 0.0277, VFL train accuracy: 0.9703
2026-04-20 22:30:43,175 - Epoch: 33, 131/278: VFL loss: 0.0815, total loss: 0.0547, anchor loss: 0.0278, VFL train accuracy: 0.9702
2026-04-20 22:30:43,391 - Epoch: 33, 141/278: VFL loss: 0.0813, total loss: 0.0546, anchor loss: 0.0278, VFL train accuracy: 0.9704
2026-04-20 22:30:43,612 - Epoch: 33, 151/278: VFL loss: 0.0811, total loss: 0.0544, anchor loss: 0.0278, VFL train accuracy: 0.9704
2026-04-20 22:30:43,819 - Epoch: 33, 161/278: VFL loss: 0.0815, total loss: 0.0546, anchor loss: 0.0277, VFL train accuracy: 0.9701
2026-04-20 22:30:44,031 - Epoch: 33, 171/278: VFL loss: 0.0820, total loss: 0.0549, anchor loss: 0.0278, VFL train accuracy: 0.9700
2026-04-20 22:30:44,238 - Epoch: 33, 181/278: VFL loss: 0.0817, total loss: 0.0547, anchor loss: 0.0278, VFL train accuracy: 0.9698
2026-04-20 22:30:44,461 - Epoch: 33, 191/278: VFL loss: 0.0811, total loss: 0.0544, anchor loss: 0.0277, VFL train accuracy: 0.9699
2026-04-20 22:30:44,690 - Epoch: 33, 201/278: VFL loss: 0.0820, total loss: 0.0549, anchor loss: 0.0277, VFL train accuracy: 0.9698
2026-04-20 22:30:44,916 - Epoch: 33, 211/278: VFL loss: 0.0820, total loss: 0.0548, anchor loss: 0.0277, VFL train accuracy: 0.9698
2026-04-20 22:30:45,148 - Epoch: 33, 221/278: VFL loss: 0.0821, total loss: 0.0549, anchor loss: 0.0276, VFL train accuracy: 0.9698
2026-04-20 22:30:45,359 - Epoch: 33, 231/278: VFL loss: 0.0824, total loss: 0.0551, anchor loss: 0.0277, VFL train accuracy: 0.9696
2026-04-20 22:30:45,579 - Epoch: 33, 241/278: VFL loss: 0.0822, total loss: 0.0549, anchor loss: 0.0277, VFL train accuracy: 0.9696
2026-04-20 22:30:45,792 - Epoch: 33, 251/278: VFL loss: 0.0822, total loss: 0.0549, anchor loss: 0.0276, VFL train accuracy: 0.9696
2026-04-20 22:30:46,016 - Epoch: 33, 261/278: VFL loss: 0.0825, total loss: 0.0551, anchor loss: 0.0277, VFL train accuracy: 0.9694
2026-04-20 22:30:46,241 - Epoch: 33, 271/278: VFL loss: 0.0829, total loss: 0.0553, anchor loss: 0.0278, VFL train accuracy: 0.9693
2026-04-20 22:30:46,422 - => Recorded Stage 2 client anchor losses for epoch 33 to 'results/AVGuard/stage3_gamma_sensitivity_3clients_noema_bounded_q/PHISHING_3clients_noema_bounded_q_gamma_5.0\stage2_final_epoch_client_anchor_losses.json': {0: 0.027068, 1: 0.030166, 2: 0.02606}
2026-04-20 22:30:46,423 - => Stage 2 EMA anchor update skipped at epoch 33 because momentum=1.0000 disables EMA; eligible classes per client {0: 2, 1: 2, 2: 2}
2026-04-20 22:30:46,423 - => Stage 2 Epoch 33 Training Summary: VFL loss: 0.0825, total loss: 0.0551, anchor loss: 0.0277, VFL train accuracy: 0.9695
2026-04-20 22:30:46,423 - => Test ASR...
2026-04-20 22:30:46,426 - =>Add Trigger to Test Data
2026-04-20 22:30:46,742 - Add Trigger to 6130 Bad Samples, 11600 Clean Samples (1.00)
2026-04-20 22:30:50,574 - => Test Epoch: 33, main task samples: 17730, attack samples: 17730, test loss: 0.1145, clean acc: 0.9298, Top-2: 1.0000, ASR: 0.1496, RAC: 0.9071, test target accuracy: 0.9727, stage3 final accuracy: 0.9298, stage3 final target accuracy: 0.9370, stage3 final asr: 0.1496, anchor loss: 0.0289
2026-04-20 22:30:50,574 - => Stage 3 Detection Summary: recall: 0.8334, precision: 0.8134, f1: 0.8232, false positive rate: 0.0566, correction rate: 0.8334
2026-04-20 22:30:50,574 - => Stage 3 Debug (clean): suspicious=1003/17730, correction_applied=1003, prediction_changed=1003, skipped_tied_vote=0, skipped_low_margin=0, skipped_other=0
2026-04-20 22:30:50,574 - => Stage 3 Debug (poison-valid): suspicious=4494/6130, correction_applied=4494, prediction_changed=4494, skipped_tied_vote=0, skipped_low_margin=0, skipped_other=0
2026-04-20 22:30:50,574 - => Stage 3 Debug (attack-success): suspicious=4471/5365, correction_applied=4471, prediction_changed=4471, corrected_to_true=4471
2026-04-20 22:30:50,574 - => Stage 2 checkpoint score: mean(clean_acc=0.9298, recall=0.8334, correction_rate=0.8334) = 0.8655
2026-04-20 22:30:50,595 - => End Epoch: 33, early stop epochs: 1, best epoch: 32, best clean acc: 0.9285, best Top-2: 1.0000, best ASR: 0.1432, best RAC: 0.9074, anchor loss: 0.0290, best checkpoint score: 0.8696
2026-04-20 22:30:50,596 - => Stage 3 Detection Summary: recall: 0.8403, precision: 0.8089, f1: 0.8243, false positive rate: 0.0584, correction rate: 0.8401
2026-04-20 22:30:50,632 - => LFBA current anchor-derived target label: 0
2026-04-20 22:30:50,636 - =>Add Trigger to Train Data
2026-04-20 22:30:50,759 - Add Trigger to 7091 Bad Samples, 63826 Clean Samples (0.10)
2026-04-20 22:30:50,766 - => Start Training for Injecting Backdoor...
2026-04-20 22:30:50,789 - Epoch: 34, 1/278: VFL loss: 0.0713, total loss: 0.0500, anchor loss: 0.0287, VFL train accuracy: 0.9688
2026-04-20 22:30:51,010 - Epoch: 34, 11/278: VFL loss: 0.0744, total loss: 0.0513, anchor loss: 0.0282, VFL train accuracy: 0.9705
2026-04-20 22:30:51,223 - Epoch: 34, 21/278: VFL loss: 0.0791, total loss: 0.0538, anchor loss: 0.0285, VFL train accuracy: 0.9708
2026-04-20 22:30:51,453 - Epoch: 34, 31/278: VFL loss: 0.0781, total loss: 0.0536, anchor loss: 0.0291, VFL train accuracy: 0.9711
2026-04-20 22:30:51,646 - Epoch: 34, 41/278: VFL loss: 0.0781, total loss: 0.0535, anchor loss: 0.0288, VFL train accuracy: 0.9708
2026-04-20 22:30:51,859 - Epoch: 34, 51/278: VFL loss: 0.0782, total loss: 0.0534, anchor loss: 0.0285, VFL train accuracy: 0.9712
2026-04-20 22:30:52,061 - Epoch: 34, 61/278: VFL loss: 0.0780, total loss: 0.0532, anchor loss: 0.0283, VFL train accuracy: 0.9718
2026-04-20 22:30:52,272 - Epoch: 34, 71/278: VFL loss: 0.0782, total loss: 0.0532, anchor loss: 0.0282, VFL train accuracy: 0.9712
2026-04-20 22:30:52,446 - Epoch: 34, 81/278: VFL loss: 0.0772, total loss: 0.0526, anchor loss: 0.0280, VFL train accuracy: 0.9716
2026-04-20 22:30:52,647 - Epoch: 34, 91/278: VFL loss: 0.0774, total loss: 0.0527, anchor loss: 0.0279, VFL train accuracy: 0.9715
2026-04-20 22:30:52,852 - Epoch: 34, 101/278: VFL loss: 0.0779, total loss: 0.0529, anchor loss: 0.0278, VFL train accuracy: 0.9715
2026-04-20 22:30:53,027 - Epoch: 34, 111/278: VFL loss: 0.0788, total loss: 0.0534, anchor loss: 0.0280, VFL train accuracy: 0.9708
2026-04-20 22:30:53,243 - Epoch: 34, 121/278: VFL loss: 0.0807, total loss: 0.0544, anchor loss: 0.0281, VFL train accuracy: 0.9701
2026-04-20 22:30:53,446 - Epoch: 34, 131/278: VFL loss: 0.0818, total loss: 0.0549, anchor loss: 0.0281, VFL train accuracy: 0.9697
2026-04-20 22:30:53,659 - Epoch: 34, 141/278: VFL loss: 0.0819, total loss: 0.0550, anchor loss: 0.0281, VFL train accuracy: 0.9692
2026-04-20 22:30:53,861 - Epoch: 34, 151/278: VFL loss: 0.0823, total loss: 0.0552, anchor loss: 0.0281, VFL train accuracy: 0.9691
2026-04-20 22:30:54,077 - Epoch: 34, 161/278: VFL loss: 0.0822, total loss: 0.0551, anchor loss: 0.0281, VFL train accuracy: 0.9691
2026-04-20 22:30:54,283 - Epoch: 34, 171/278: VFL loss: 0.0827, total loss: 0.0554, anchor loss: 0.0281, VFL train accuracy: 0.9689
2026-04-20 22:30:54,494 - Epoch: 34, 181/278: VFL loss: 0.0822, total loss: 0.0551, anchor loss: 0.0280, VFL train accuracy: 0.9691
2026-04-20 22:30:54,714 - Epoch: 34, 191/278: VFL loss: 0.0821, total loss: 0.0550, anchor loss: 0.0279, VFL train accuracy: 0.9692
2026-04-20 22:30:54,934 - Epoch: 34, 201/278: VFL loss: 0.0821, total loss: 0.0550, anchor loss: 0.0279, VFL train accuracy: 0.9693
2026-04-20 22:30:55,140 - Epoch: 34, 211/278: VFL loss: 0.0818, total loss: 0.0548, anchor loss: 0.0278, VFL train accuracy: 0.9694
2026-04-20 22:30:55,361 - Epoch: 34, 221/278: VFL loss: 0.0820, total loss: 0.0549, anchor loss: 0.0278, VFL train accuracy: 0.9694
2026-04-20 22:30:55,583 - Epoch: 34, 231/278: VFL loss: 0.0823, total loss: 0.0550, anchor loss: 0.0278, VFL train accuracy: 0.9691
2026-04-20 22:30:55,788 - Epoch: 34, 241/278: VFL loss: 0.0825, total loss: 0.0551, anchor loss: 0.0277, VFL train accuracy: 0.9693
2026-04-20 22:30:55,990 - Epoch: 34, 251/278: VFL loss: 0.0826, total loss: 0.0552, anchor loss: 0.0277, VFL train accuracy: 0.9693
2026-04-20 22:30:56,170 - Epoch: 34, 261/278: VFL loss: 0.0825, total loss: 0.0551, anchor loss: 0.0277, VFL train accuracy: 0.9693
2026-04-20 22:30:56,366 - Epoch: 34, 271/278: VFL loss: 0.0828, total loss: 0.0553, anchor loss: 0.0278, VFL train accuracy: 0.9693
2026-04-20 22:30:56,511 - => Recorded Stage 2 client anchor losses for epoch 34 to 'results/AVGuard/stage3_gamma_sensitivity_3clients_noema_bounded_q/PHISHING_3clients_noema_bounded_q_gamma_5.0\stage2_final_epoch_client_anchor_losses.json': {0: 0.027083, 1: 0.030125, 2: 0.026008}
2026-04-20 22:30:56,511 - => Stage 2 EMA anchor update skipped at epoch 34 because momentum=1.0000 disables EMA; eligible classes per client {0: 2, 1: 2, 2: 2}
2026-04-20 22:30:56,511 - => Stage 2 Epoch 34 Training Summary: VFL loss: 0.0835, total loss: 0.0557, anchor loss: 0.0278, VFL train accuracy: 0.9692
2026-04-20 22:30:56,511 - => Test ASR...
2026-04-20 22:30:56,514 - =>Add Trigger to Test Data
2026-04-20 22:30:56,807 - Add Trigger to 6130 Bad Samples, 11600 Clean Samples (1.00)
2026-04-20 22:31:00,474 - => Test Epoch: 34, main task samples: 17730, attack samples: 17730, test loss: 0.1144, clean acc: 0.9294, Top-2: 1.0000, ASR: 0.1483, RAC: 0.9071, test target accuracy: 0.9678, stage3 final accuracy: 0.9294, stage3 final target accuracy: 0.9364, stage3 final asr: 0.1483, anchor loss: 0.0289
2026-04-20 22:31:00,474 - => Stage 3 Detection Summary: recall: 0.8342, precision: 0.8100, f1: 0.8220, false positive rate: 0.0573, correction rate: 0.8339
2026-04-20 22:31:00,474 - => Stage 3 Debug (clean): suspicious=1016/17730, correction_applied=1011, prediction_changed=1011, skipped_tied_vote=0, skipped_low_margin=0, skipped_other=5
2026-04-20 22:31:00,474 - => Stage 3 Debug (poison-valid): suspicious=4464/6130, correction_applied=4462, prediction_changed=4462, skipped_tied_vote=0, skipped_low_margin=0, skipped_other=2
2026-04-20 22:31:00,474 - => Stage 3 Debug (attack-success): suspicious=4439/5321, correction_applied=4437, prediction_changed=4437, corrected_to_true=4437
2026-04-20 22:31:00,474 - => Stage 2 checkpoint score: mean(clean_acc=0.9294, recall=0.8342, correction_rate=0.8339) = 0.8658
2026-04-20 22:31:00,496 - => End Epoch: 34, early stop epochs: 2, best epoch: 32, best clean acc: 0.9285, best Top-2: 1.0000, best ASR: 0.1432, best RAC: 0.9074, anchor loss: 0.0290, best checkpoint score: 0.8696
2026-04-20 22:31:00,496 - => Stage 3 Detection Summary: recall: 0.8403, precision: 0.8089, f1: 0.8243, false positive rate: 0.0584, correction rate: 0.8401
2026-04-20 22:31:00,527 - => LFBA current anchor-derived target label: 0
2026-04-20 22:31:00,532 - =>Add Trigger to Train Data
2026-04-20 22:31:00,660 - Add Trigger to 7091 Bad Samples, 63826 Clean Samples (0.10)
2026-04-20 22:31:00,667 - => Start Training for Injecting Backdoor...
2026-04-20 22:31:00,694 - Epoch: 35, 1/278: VFL loss: 0.0730, total loss: 0.0485, anchor loss: 0.0240, VFL train accuracy: 0.9727
2026-04-20 22:31:00,906 - Epoch: 35, 11/278: VFL loss: 0.0839, total loss: 0.0556, anchor loss: 0.0274, VFL train accuracy: 0.9702
2026-04-20 22:31:01,064 - Epoch: 35, 21/278: VFL loss: 0.0869, total loss: 0.0576, anchor loss: 0.0282, VFL train accuracy: 0.9695
2026-04-20 22:31:01,242 - Epoch: 35, 31/278: VFL loss: 0.0882, total loss: 0.0582, anchor loss: 0.0282, VFL train accuracy: 0.9682
2026-04-20 22:31:01,427 - Epoch: 35, 41/278: VFL loss: 0.0858, total loss: 0.0569, anchor loss: 0.0279, VFL train accuracy: 0.9691
2026-04-20 22:31:01,617 - Epoch: 35, 51/278: VFL loss: 0.0875, total loss: 0.0579, anchor loss: 0.0283, VFL train accuracy: 0.9686
2026-04-20 22:31:01,807 - Epoch: 35, 61/278: VFL loss: 0.0865, total loss: 0.0573, anchor loss: 0.0281, VFL train accuracy: 0.9685
2026-04-20 22:31:01,996 - Epoch: 35, 71/278: VFL loss: 0.0838, total loss: 0.0558, anchor loss: 0.0279, VFL train accuracy: 0.9694
2026-04-20 22:31:02,191 - Epoch: 35, 81/278: VFL loss: 0.0840, total loss: 0.0559, anchor loss: 0.0278, VFL train accuracy: 0.9691
2026-04-20 22:31:02,381 - Epoch: 35, 91/278: VFL loss: 0.0841, total loss: 0.0560, anchor loss: 0.0280, VFL train accuracy: 0.9689
2026-04-20 22:31:02,568 - Epoch: 35, 101/278: VFL loss: 0.0838, total loss: 0.0559, anchor loss: 0.0280, VFL train accuracy: 0.9690
2026-04-20 22:31:02,753 - Epoch: 35, 111/278: VFL loss: 0.0845, total loss: 0.0563, anchor loss: 0.0281, VFL train accuracy: 0.9686
2026-04-20 22:31:02,940 - Epoch: 35, 121/278: VFL loss: 0.0839, total loss: 0.0560, anchor loss: 0.0281, VFL train accuracy: 0.9688
2026-04-20 22:31:03,138 - Epoch: 35, 131/278: VFL loss: 0.0846, total loss: 0.0564, anchor loss: 0.0281, VFL train accuracy: 0.9686
2026-04-20 22:31:03,326 - Epoch: 35, 141/278: VFL loss: 0.0844, total loss: 0.0562, anchor loss: 0.0280, VFL train accuracy: 0.9685
2026-04-20 22:31:03,516 - Epoch: 35, 151/278: VFL loss: 0.0838, total loss: 0.0559, anchor loss: 0.0279, VFL train accuracy: 0.9686
2026-04-20 22:31:03,708 - Epoch: 35, 161/278: VFL loss: 0.0825, total loss: 0.0552, anchor loss: 0.0278, VFL train accuracy: 0.9691
2026-04-20 22:31:03,894 - Epoch: 35, 171/278: VFL loss: 0.0824, total loss: 0.0551, anchor loss: 0.0277, VFL train accuracy: 0.9692
2026-04-20 22:31:04,080 - Epoch: 35, 181/278: VFL loss: 0.0826, total loss: 0.0552, anchor loss: 0.0277, VFL train accuracy: 0.9693
2026-04-20 22:31:04,266 - Epoch: 35, 191/278: VFL loss: 0.0825, total loss: 0.0551, anchor loss: 0.0277, VFL train accuracy: 0.9692
2026-04-20 22:31:04,442 - Epoch: 35, 201/278: VFL loss: 0.0827, total loss: 0.0552, anchor loss: 0.0277, VFL train accuracy: 0.9691
2026-04-20 22:31:04,635 - Epoch: 35, 211/278: VFL loss: 0.0832, total loss: 0.0555, anchor loss: 0.0278, VFL train accuracy: 0.9690
2026-04-20 22:31:04,801 - Epoch: 35, 221/278: VFL loss: 0.0831, total loss: 0.0554, anchor loss: 0.0278, VFL train accuracy: 0.9690
2026-04-20 22:31:04,988 - Epoch: 35, 231/278: VFL loss: 0.0827, total loss: 0.0553, anchor loss: 0.0278, VFL train accuracy: 0.9692
2026-04-20 22:31:05,188 - Epoch: 35, 241/278: VFL loss: 0.0830, total loss: 0.0554, anchor loss: 0.0278, VFL train accuracy: 0.9692
2026-04-20 22:31:05,381 - Epoch: 35, 251/278: VFL loss: 0.0826, total loss: 0.0552, anchor loss: 0.0278, VFL train accuracy: 0.9693
2026-04-20 22:31:05,574 - Epoch: 35, 261/278: VFL loss: 0.0832, total loss: 0.0555, anchor loss: 0.0278, VFL train accuracy: 0.9690
2026-04-20 22:31:05,768 - Epoch: 35, 271/278: VFL loss: 0.0830, total loss: 0.0554, anchor loss: 0.0278, VFL train accuracy: 0.9691
2026-04-20 22:31:05,917 - => Recorded Stage 2 client anchor losses for epoch 35 to 'results/AVGuard/stage3_gamma_sensitivity_3clients_noema_bounded_q/PHISHING_3clients_noema_bounded_q_gamma_5.0\stage2_final_epoch_client_anchor_losses.json': {0: 0.027078, 1: 0.030174, 2: 0.026063}
2026-04-20 22:31:05,920 - => Stage 2 EMA anchor update skipped at epoch 35 because momentum=1.0000 disables EMA; eligible classes per client {0: 2, 1: 2, 2: 2}
2026-04-20 22:31:05,921 - => Stage 2 Epoch 35 Training Summary: VFL loss: 0.0826, total loss: 0.0552, anchor loss: 0.0279, VFL train accuracy: 0.9692
2026-04-20 22:31:05,921 - => Test ASR...
2026-04-20 22:31:05,926 - =>Add Trigger to Test Data
2026-04-20 22:31:06,231 - Add Trigger to 6130 Bad Samples, 11600 Clean Samples (1.00)
2026-04-20 22:31:09,894 - => Test Epoch: 35, main task samples: 17730, attack samples: 17730, test loss: 0.1148, clean acc: 0.9303, Top-2: 1.0000, ASR: 0.1488, RAC: 0.9075, test target accuracy: 0.9705, stage3 final accuracy: 0.9303, stage3 final target accuracy: 0.9372, stage3 final asr: 0.1488, anchor loss: 0.0289
2026-04-20 22:31:09,894 - => Stage 3 Detection Summary: recall: 0.8339, precision: 0.8144, f1: 0.8240, false positive rate: 0.0559, correction rate: 0.8337
2026-04-20 22:31:09,894 - => Stage 3 Debug (clean): suspicious=991/17730, correction_applied=991, prediction_changed=991, skipped_tied_vote=0, skipped_low_margin=0, skipped_other=0
2026-04-20 22:31:09,894 - => Stage 3 Debug (poison-valid): suspicious=4477/6130, correction_applied=4476, prediction_changed=4476, skipped_tied_vote=0, skipped_low_margin=0, skipped_other=1
2026-04-20 22:31:09,895 - => Stage 3 Debug (attack-success): suspicious=4453/5340, correction_applied=4452, prediction_changed=4452, corrected_to_true=4452
2026-04-20 22:31:09,895 - => Stage 2 checkpoint score: mean(clean_acc=0.9303, recall=0.8339, correction_rate=0.8337) = 0.8660
2026-04-20 22:31:09,915 - => End Epoch: 35, early stop epochs: 3, best epoch: 32, best clean acc: 0.9285, best Top-2: 1.0000, best ASR: 0.1432, best RAC: 0.9074, anchor loss: 0.0290, best checkpoint score: 0.8696
2026-04-20 22:31:09,915 - => Stage 3 Detection Summary: recall: 0.8403, precision: 0.8089, f1: 0.8243, false positive rate: 0.0584, correction rate: 0.8401
2026-04-20 22:31:09,946 - => LFBA current anchor-derived target label: 0
2026-04-20 22:31:09,950 - =>Add Trigger to Train Data
2026-04-20 22:31:10,078 - Add Trigger to 7091 Bad Samples, 63826 Clean Samples (0.10)
2026-04-20 22:31:10,084 - => Start Training for Injecting Backdoor...
2026-04-20 22:31:10,113 - Epoch: 36, 1/278: VFL loss: 0.0715, total loss: 0.0528, anchor loss: 0.0341, VFL train accuracy: 0.9648
2026-04-20 22:31:10,309 - Epoch: 36, 11/278: VFL loss: 0.0831, total loss: 0.0556, anchor loss: 0.0281, VFL train accuracy: 0.9666
2026-04-20 22:31:10,496 - Epoch: 36, 21/278: VFL loss: 0.0781, total loss: 0.0527, anchor loss: 0.0273, VFL train accuracy: 0.9682
2026-04-20 22:31:10,678 - Epoch: 36, 31/278: VFL loss: 0.0805, total loss: 0.0542, anchor loss: 0.0278, VFL train accuracy: 0.9680
2026-04-20 22:31:10,851 - Epoch: 36, 41/278: VFL loss: 0.0785, total loss: 0.0531, anchor loss: 0.0276, VFL train accuracy: 0.9698
2026-04-20 22:31:11,021 - Epoch: 36, 51/278: VFL loss: 0.0786, total loss: 0.0530, anchor loss: 0.0275, VFL train accuracy: 0.9704
2026-04-20 22:31:11,211 - Epoch: 36, 61/278: VFL loss: 0.0803, total loss: 0.0540, anchor loss: 0.0276, VFL train accuracy: 0.9702
2026-04-20 22:31:11,439 - Epoch: 36, 71/278: VFL loss: 0.0821, total loss: 0.0549, anchor loss: 0.0277, VFL train accuracy: 0.9697
2026-04-20 22:31:11,661 - Epoch: 36, 81/278: VFL loss: 0.0808, total loss: 0.0542, anchor loss: 0.0275, VFL train accuracy: 0.9704
2026-04-20 22:31:11,877 - Epoch: 36, 91/278: VFL loss: 0.0797, total loss: 0.0536, anchor loss: 0.0275, VFL train accuracy: 0.9708
2026-04-20 22:31:12,080 - Epoch: 36, 101/278: VFL loss: 0.0815, total loss: 0.0546, anchor loss: 0.0277, VFL train accuracy: 0.9701
2026-04-20 22:31:12,292 - Epoch: 36, 111/278: VFL loss: 0.0820, total loss: 0.0549, anchor loss: 0.0278, VFL train accuracy: 0.9699
2026-04-20 22:31:12,505 - Epoch: 36, 121/278: VFL loss: 0.0823, total loss: 0.0550, anchor loss: 0.0277, VFL train accuracy: 0.9698
2026-04-20 22:31:12,700 - Epoch: 36, 131/278: VFL loss: 0.0824, total loss: 0.0551, anchor loss: 0.0277, VFL train accuracy: 0.9695
2026-04-20 22:31:12,893 - Epoch: 36, 141/278: VFL loss: 0.0827, total loss: 0.0552, anchor loss: 0.0277, VFL train accuracy: 0.9692
2026-04-20 22:31:13,079 - Epoch: 36, 151/278: VFL loss: 0.0828, total loss: 0.0553, anchor loss: 0.0278, VFL train accuracy: 0.9693
2026-04-20 22:31:13,272 - Epoch: 36, 161/278: VFL loss: 0.0830, total loss: 0.0554, anchor loss: 0.0277, VFL train accuracy: 0.9693
2026-04-20 22:31:13,464 - Epoch: 36, 171/278: VFL loss: 0.0832, total loss: 0.0555, anchor loss: 0.0277, VFL train accuracy: 0.9693
2026-04-20 22:31:13,679 - Epoch: 36, 181/278: VFL loss: 0.0830, total loss: 0.0553, anchor loss: 0.0277, VFL train accuracy: 0.9694
2026-04-20 22:31:13,895 - Epoch: 36, 191/278: VFL loss: 0.0833, total loss: 0.0555, anchor loss: 0.0277, VFL train accuracy: 0.9693
2026-04-20 22:31:14,084 - Epoch: 36, 201/278: VFL loss: 0.0829, total loss: 0.0553, anchor loss: 0.0277, VFL train accuracy: 0.9695
2026-04-20 22:31:14,274 - Epoch: 36, 211/278: VFL loss: 0.0833, total loss: 0.0555, anchor loss: 0.0277, VFL train accuracy: 0.9694
2026-04-20 22:31:14,470 - Epoch: 36, 221/278: VFL loss: 0.0837, total loss: 0.0557, anchor loss: 0.0278, VFL train accuracy: 0.9692
2026-04-20 22:31:14,672 - Epoch: 36, 231/278: VFL loss: 0.0833, total loss: 0.0555, anchor loss: 0.0277, VFL train accuracy: 0.9694
2026-04-20 22:31:14,869 - Epoch: 36, 241/278: VFL loss: 0.0839, total loss: 0.0558, anchor loss: 0.0278, VFL train accuracy: 0.9691
2026-04-20 22:31:15,066 - Epoch: 36, 251/278: VFL loss: 0.0835, total loss: 0.0557, anchor loss: 0.0278, VFL train accuracy: 0.9692
2026-04-20 22:31:15,252 - Epoch: 36, 261/278: VFL loss: 0.0838, total loss: 0.0558, anchor loss: 0.0278, VFL train accuracy: 0.9691
2026-04-20 22:31:15,447 - Epoch: 36, 271/278: VFL loss: 0.0834, total loss: 0.0556, anchor loss: 0.0278, VFL train accuracy: 0.9692
2026-04-20 22:31:15,596 - => Recorded Stage 2 client anchor losses for epoch 36 to 'results/AVGuard/stage3_gamma_sensitivity_3clients_noema_bounded_q/PHISHING_3clients_noema_bounded_q_gamma_5.0\stage2_final_epoch_client_anchor_losses.json': {0: 0.027053, 1: 0.030151, 2: 0.026048}
2026-04-20 22:31:15,598 - => Stage 2 EMA anchor update skipped at epoch 36 because momentum=1.0000 disables EMA; eligible classes per client {0: 2, 1: 2, 2: 2}
2026-04-20 22:31:15,598 - => Stage 2 Epoch 36 Training Summary: VFL loss: 0.0830, total loss: 0.0553, anchor loss: 0.0277, VFL train accuracy: 0.9692
2026-04-20 22:31:15,598 - => Test ASR...
2026-04-20 22:31:15,601 - =>Add Trigger to Test Data
2026-04-20 22:31:15,902 - Add Trigger to 6130 Bad Samples, 11600 Clean Samples (1.00)
2026-04-20 22:31:19,679 - => Test Epoch: 36, main task samples: 17730, attack samples: 17730, test loss: 0.1151, clean acc: 0.9292, Top-2: 1.0000, ASR: 0.1437, RAC: 0.9078, test target accuracy: 0.9697, stage3 final accuracy: 0.9292, stage3 final target accuracy: 0.9350, stage3 final asr: 0.1437, anchor loss: 0.0289
2026-04-20 22:31:19,679 - => Stage 3 Detection Summary: recall: 0.8402, precision: 0.8145, f1: 0.8271, false positive rate: 0.0565, correction rate: 0.8402
2026-04-20 22:31:19,679 - => Stage 3 Debug (clean): suspicious=1002/17730, correction_applied=1000, prediction_changed=1000, skipped_tied_vote=0, skipped_low_margin=0, skipped_other=2
2026-04-20 22:31:19,679 - => Stage 3 Debug (poison-valid): suspicious=4529/6130, correction_applied=4529, prediction_changed=4529, skipped_tied_vote=0, skipped_low_margin=0, skipped_other=0
2026-04-20 22:31:19,679 - => Stage 3 Debug (attack-success): suspicious=4505/5362, correction_applied=4505, prediction_changed=4505, corrected_to_true=4505
2026-04-20 22:31:19,680 - => Stage 2 checkpoint score: mean(clean_acc=0.9292, recall=0.8402, correction_rate=0.8402) = 0.8699
2026-04-20 22:31:19,680 - => Save best checkpoint model...
2026-04-20 22:31:19,736 - => End Epoch: 36, early stop epochs: 0, best epoch: 36, best clean acc: 0.9292, best Top-2: 1.0000, best ASR: 0.1437, best RAC: 0.9078, anchor loss: 0.0289, best checkpoint score: 0.8699
2026-04-20 22:31:19,736 - => Stage 3 Detection Summary: recall: 0.8402, precision: 0.8145, f1: 0.8271, false positive rate: 0.0565, correction rate: 0.8402
2026-04-20 22:31:19,761 - => LFBA current anchor-derived target label: 0
2026-04-20 22:31:19,765 - =>Add Trigger to Train Data
2026-04-20 22:31:19,878 - Add Trigger to 7091 Bad Samples, 63826 Clean Samples (0.10)
2026-04-20 22:31:19,883 - => Start Training for Injecting Backdoor...
2026-04-20 22:31:19,907 - Epoch: 37, 1/278: VFL loss: 0.0912, total loss: 0.0597, anchor loss: 0.0283, VFL train accuracy: 0.9570
2026-04-20 22:31:20,091 - Epoch: 37, 11/278: VFL loss: 0.0860, total loss: 0.0571, anchor loss: 0.0282, VFL train accuracy: 0.9652
2026-04-20 22:31:20,256 - Epoch: 37, 21/278: VFL loss: 0.0792, total loss: 0.0535, anchor loss: 0.0277, VFL train accuracy: 0.9695
2026-04-20 22:31:20,449 - Epoch: 37, 31/278: VFL loss: 0.0805, total loss: 0.0537, anchor loss: 0.0270, VFL train accuracy: 0.9696
2026-04-20 22:31:20,626 - Epoch: 37, 41/278: VFL loss: 0.0802, total loss: 0.0539, anchor loss: 0.0277, VFL train accuracy: 0.9697
2026-04-20 22:31:20,815 - Epoch: 37, 51/278: VFL loss: 0.0818, total loss: 0.0549, anchor loss: 0.0279, VFL train accuracy: 0.9697
2026-04-20 22:31:21,018 - Epoch: 37, 61/278: VFL loss: 0.0836, total loss: 0.0559, anchor loss: 0.0282, VFL train accuracy: 0.9695
2026-04-20 22:31:21,222 - Epoch: 37, 71/278: VFL loss: 0.0845, total loss: 0.0564, anchor loss: 0.0284, VFL train accuracy: 0.9689
2026-04-20 22:31:21,442 - Epoch: 37, 81/278: VFL loss: 0.0846, total loss: 0.0565, anchor loss: 0.0284, VFL train accuracy: 0.9686
2026-04-20 22:31:21,649 - Epoch: 37, 91/278: VFL loss: 0.0846, total loss: 0.0565, anchor loss: 0.0284, VFL train accuracy: 0.9683
2026-04-20 22:31:21,841 - Epoch: 37, 101/278: VFL loss: 0.0849, total loss: 0.0566, anchor loss: 0.0283, VFL train accuracy: 0.9683
2026-04-20 22:31:22,038 - Epoch: 37, 111/278: VFL loss: 0.0852, total loss: 0.0567, anchor loss: 0.0283, VFL train accuracy: 0.9686
2026-04-20 22:31:22,249 - Epoch: 37, 121/278: VFL loss: 0.0848, total loss: 0.0565, anchor loss: 0.0282, VFL train accuracy: 0.9688
2026-04-20 22:31:22,445 - Epoch: 37, 131/278: VFL loss: 0.0834, total loss: 0.0557, anchor loss: 0.0281, VFL train accuracy: 0.9695
2026-04-20 22:31:22,654 - Epoch: 37, 141/278: VFL loss: 0.0831, total loss: 0.0556, anchor loss: 0.0281, VFL train accuracy: 0.9696
2026-04-20 22:31:22,847 - Epoch: 37, 151/278: VFL loss: 0.0823, total loss: 0.0551, anchor loss: 0.0280, VFL train accuracy: 0.9698
2026-04-20 22:31:23,055 - Epoch: 37, 161/278: VFL loss: 0.0831, total loss: 0.0556, anchor loss: 0.0280, VFL train accuracy: 0.9694
2026-04-20 22:31:23,259 - Epoch: 37, 171/278: VFL loss: 0.0836, total loss: 0.0559, anchor loss: 0.0281, VFL train accuracy: 0.9691
2026-04-20 22:31:23,463 - Epoch: 37, 181/278: VFL loss: 0.0835, total loss: 0.0558, anchor loss: 0.0280, VFL train accuracy: 0.9693
2026-04-20 22:31:23,666 - Epoch: 37, 191/278: VFL loss: 0.0826, total loss: 0.0553, anchor loss: 0.0279, VFL train accuracy: 0.9697
2026-04-20 22:31:23,876 - Epoch: 37, 201/278: VFL loss: 0.0825, total loss: 0.0552, anchor loss: 0.0279, VFL train accuracy: 0.9698
2026-04-20 22:31:24,084 - Epoch: 37, 211/278: VFL loss: 0.0831, total loss: 0.0555, anchor loss: 0.0279, VFL train accuracy: 0.9695
2026-04-20 22:31:24,275 - Epoch: 37, 221/278: VFL loss: 0.0830, total loss: 0.0554, anchor loss: 0.0279, VFL train accuracy: 0.9696
2026-04-20 22:31:24,485 - Epoch: 37, 231/278: VFL loss: 0.0827, total loss: 0.0552, anchor loss: 0.0278, VFL train accuracy: 0.9697
2026-04-20 22:31:24,686 - Epoch: 37, 241/278: VFL loss: 0.0826, total loss: 0.0552, anchor loss: 0.0278, VFL train accuracy: 0.9697
2026-04-20 22:31:24,879 - Epoch: 37, 251/278: VFL loss: 0.0826, total loss: 0.0552, anchor loss: 0.0278, VFL train accuracy: 0.9695
2026-04-20 22:31:25,075 - Epoch: 37, 261/278: VFL loss: 0.0821, total loss: 0.0549, anchor loss: 0.0277, VFL train accuracy: 0.9697
2026-04-20 22:31:25,284 - Epoch: 37, 271/278: VFL loss: 0.0822, total loss: 0.0550, anchor loss: 0.0278, VFL train accuracy: 0.9697
2026-04-20 22:31:25,420 - => Recorded Stage 2 client anchor losses for epoch 37 to 'results/AVGuard/stage3_gamma_sensitivity_3clients_noema_bounded_q/PHISHING_3clients_noema_bounded_q_gamma_5.0\stage2_final_epoch_client_anchor_losses.json': {0: 0.027029, 1: 0.03008, 2: 0.026021}
2026-04-20 22:31:25,422 - => Stage 2 EMA anchor update skipped at epoch 37 because momentum=1.0000 disables EMA; eligible classes per client {0: 2, 1: 2, 2: 2}
2026-04-20 22:31:25,423 - => Stage 2 Epoch 37 Training Summary: VFL loss: 0.0819, total loss: 0.0547, anchor loss: 0.0276, VFL train accuracy: 0.9698
2026-04-20 22:31:25,423 - => Test ASR...
2026-04-20 22:31:25,425 - =>Add Trigger to Test Data
2026-04-20 22:31:25,722 - Add Trigger to 6130 Bad Samples, 11600 Clean Samples (1.00)
2026-04-20 22:31:29,606 - => Test Epoch: 37, main task samples: 17730, attack samples: 17730, test loss: 0.1156, clean acc: 0.9296, Top-2: 1.0000, ASR: 0.1455, RAC: 0.9074, test target accuracy: 0.9700, stage3 final accuracy: 0.9296, stage3 final target accuracy: 0.9354, stage3 final asr: 0.1455, anchor loss: 0.0289
2026-04-20 22:31:29,606 - => Stage 3 Detection Summary: recall: 0.8379, precision: 0.8141, f1: 0.8258, false positive rate: 0.0565, correction rate: 0.8379
2026-04-20 22:31:29,607 - => Stage 3 Debug (clean): suspicious=1001/17730, correction_applied=994, prediction_changed=994, skipped_tied_vote=0, skipped_low_margin=0, skipped_other=7
2026-04-20 22:31:29,607 - => Stage 3 Debug (poison-valid): suspicious=4512/6130, correction_applied=4512, prediction_changed=4512, skipped_tied_vote=0, skipped_low_margin=0, skipped_other=0
2026-04-20 22:31:29,607 - => Stage 3 Debug (attack-success): suspicious=4488/5356, correction_applied=4488, prediction_changed=4488, corrected_to_true=4488
2026-04-20 22:31:29,607 - => Stage 2 checkpoint score: mean(clean_acc=0.9296, recall=0.8379, correction_rate=0.8379) = 0.8685
2026-04-20 22:31:29,627 - => End Epoch: 37, early stop epochs: 1, best epoch: 36, best clean acc: 0.9292, best Top-2: 1.0000, best ASR: 0.1437, best RAC: 0.9078, anchor loss: 0.0289, best checkpoint score: 0.8699
2026-04-20 22:31:29,627 - => Stage 3 Detection Summary: recall: 0.8402, precision: 0.8145, f1: 0.8271, false positive rate: 0.0565, correction rate: 0.8402
2026-04-20 22:31:29,654 - => LFBA current anchor-derived target label: 0
2026-04-20 22:31:29,659 - =>Add Trigger to Train Data
2026-04-20 22:31:29,771 - Add Trigger to 7091 Bad Samples, 63826 Clean Samples (0.10)
2026-04-20 22:31:29,777 - => Start Training for Injecting Backdoor...
2026-04-20 22:31:29,801 - Epoch: 38, 1/278: VFL loss: 0.0631, total loss: 0.0438, anchor loss: 0.0245, VFL train accuracy: 0.9805
2026-04-20 22:31:30,005 - Epoch: 38, 11/278: VFL loss: 0.0860, total loss: 0.0566, anchor loss: 0.0272, VFL train accuracy: 0.9677
2026-04-20 22:31:30,209 - Epoch: 38, 21/278: VFL loss: 0.0824, total loss: 0.0552, anchor loss: 0.0281, VFL train accuracy: 0.9682
2026-04-20 22:31:30,401 - Epoch: 38, 31/278: VFL loss: 0.0840, total loss: 0.0561, anchor loss: 0.0282, VFL train accuracy: 0.9684
2026-04-20 22:31:30,592 - Epoch: 38, 41/278: VFL loss: 0.0851, total loss: 0.0565, anchor loss: 0.0279, VFL train accuracy: 0.9677
2026-04-20 22:31:30,780 - Epoch: 38, 51/278: VFL loss: 0.0832, total loss: 0.0555, anchor loss: 0.0278, VFL train accuracy: 0.9686
2026-04-20 22:31:30,959 - Epoch: 38, 61/278: VFL loss: 0.0833, total loss: 0.0556, anchor loss: 0.0280, VFL train accuracy: 0.9688
2026-04-20 22:31:31,147 - Epoch: 38, 71/278: VFL loss: 0.0828, total loss: 0.0554, anchor loss: 0.0281, VFL train accuracy: 0.9696
2026-04-20 22:31:31,336 - Epoch: 38, 81/278: VFL loss: 0.0827, total loss: 0.0554, anchor loss: 0.0280, VFL train accuracy: 0.9693
2026-04-20 22:31:31,518 - Epoch: 38, 91/278: VFL loss: 0.0816, total loss: 0.0548, anchor loss: 0.0280, VFL train accuracy: 0.9694
2026-04-20 22:31:31,706 - Epoch: 38, 101/278: VFL loss: 0.0812, total loss: 0.0545, anchor loss: 0.0278, VFL train accuracy: 0.9696
2026-04-20 22:31:32,049 - Epoch: 38, 111/278: VFL loss: 0.0820, total loss: 0.0550, anchor loss: 0.0279, VFL train accuracy: 0.9693
2026-04-20 22:31:32,245 - Epoch: 38, 121/278: VFL loss: 0.0813, total loss: 0.0545, anchor loss: 0.0278, VFL train accuracy: 0.9696
2026-04-20 22:31:32,439 - Epoch: 38, 131/278: VFL loss: 0.0814, total loss: 0.0546, anchor loss: 0.0277, VFL train accuracy: 0.9697
2026-04-20 22:31:32,629 - Epoch: 38, 141/278: VFL loss: 0.0804, total loss: 0.0541, anchor loss: 0.0277, VFL train accuracy: 0.9699
2026-04-20 22:31:32,812 - Epoch: 38, 151/278: VFL loss: 0.0807, total loss: 0.0542, anchor loss: 0.0277, VFL train accuracy: 0.9700
2026-04-20 22:31:33,004 - Epoch: 38, 161/278: VFL loss: 0.0807, total loss: 0.0542, anchor loss: 0.0277, VFL train accuracy: 0.9700
2026-04-20 22:31:33,199 - Epoch: 38, 171/278: VFL loss: 0.0815, total loss: 0.0546, anchor loss: 0.0277, VFL train accuracy: 0.9698
2026-04-20 22:31:33,369 - Epoch: 38, 181/278: VFL loss: 0.0815, total loss: 0.0546, anchor loss: 0.0277, VFL train accuracy: 0.9696
2026-04-20 22:31:33,499 - Epoch: 38, 191/278: VFL loss: 0.0817, total loss: 0.0547, anchor loss: 0.0277, VFL train accuracy: 0.9697
2026-04-20 22:31:33,664 - Epoch: 38, 201/278: VFL loss: 0.0815, total loss: 0.0546, anchor loss: 0.0277, VFL train accuracy: 0.9696
2026-04-20 22:31:33,855 - Epoch: 38, 211/278: VFL loss: 0.0819, total loss: 0.0548, anchor loss: 0.0276, VFL train accuracy: 0.9695
2026-04-20 22:31:34,005 - Epoch: 38, 221/278: VFL loss: 0.0823, total loss: 0.0549, anchor loss: 0.0276, VFL train accuracy: 0.9695
2026-04-20 22:31:34,151 - Epoch: 38, 231/278: VFL loss: 0.0819, total loss: 0.0548, anchor loss: 0.0276, VFL train accuracy: 0.9696
2026-04-20 22:31:34,292 - Epoch: 38, 241/278: VFL loss: 0.0821, total loss: 0.0549, anchor loss: 0.0277, VFL train accuracy: 0.9696
2026-04-20 22:31:34,442 - Epoch: 38, 251/278: VFL loss: 0.0821, total loss: 0.0549, anchor loss: 0.0276, VFL train accuracy: 0.9697
2026-04-20 22:31:34,587 - Epoch: 38, 261/278: VFL loss: 0.0828, total loss: 0.0553, anchor loss: 0.0278, VFL train accuracy: 0.9694
2026-04-20 22:31:34,744 - Epoch: 38, 271/278: VFL loss: 0.0829, total loss: 0.0553, anchor loss: 0.0277, VFL train accuracy: 0.9695
2026-04-20 22:31:34,892 - => Recorded Stage 2 client anchor losses for epoch 38 to 'results/AVGuard/stage3_gamma_sensitivity_3clients_noema_bounded_q/PHISHING_3clients_noema_bounded_q_gamma_5.0\stage2_final_epoch_client_anchor_losses.json': {0: 0.027025, 1: 0.030062, 2: 0.025982}
2026-04-20 22:31:34,894 - => Stage 2 EMA anchor update skipped at epoch 38 because momentum=1.0000 disables EMA; eligible classes per client {0: 2, 1: 2, 2: 2}
2026-04-20 22:31:34,894 - => Stage 2 Epoch 38 Training Summary: VFL loss: 0.0825, total loss: 0.0551, anchor loss: 0.0277, VFL train accuracy: 0.9695
2026-04-20 22:31:34,894 - => Test ASR...
2026-04-20 22:31:34,898 - =>Add Trigger to Test Data
2026-04-20 22:31:35,213 - Add Trigger to 6130 Bad Samples, 11600 Clean Samples (1.00)
2026-04-20 22:31:38,379 - => Test Epoch: 38, main task samples: 17730, attack samples: 17730, test loss: 0.1151, clean acc: 0.9296, Top-2: 1.0000, ASR: 0.1504, RAC: 0.9074, test target accuracy: 0.9691, stage3 final accuracy: 0.9296, stage3 final target accuracy: 0.9380, stage3 final asr: 0.1504, anchor loss: 0.0289
2026-04-20 22:31:38,379 - => Stage 3 Detection Summary: recall: 0.8332, precision: 0.8116, f1: 0.8223, false positive rate: 0.0572, correction rate: 0.8332
2026-04-20 22:31:38,379 - => Stage 3 Debug (clean): suspicious=1015/17730, correction_applied=1015, prediction_changed=1015, skipped_tied_vote=0, skipped_low_margin=0, skipped_other=0
2026-04-20 22:31:38,379 - => Stage 3 Debug (poison-valid): suspicious=4506/6130, correction_applied=4506, prediction_changed=4506, skipped_tied_vote=0, skipped_low_margin=0, skipped_other=0
2026-04-20 22:31:38,379 - => Stage 3 Debug (attack-success): suspicious=4481/5378, correction_applied=4481, prediction_changed=4481, corrected_to_true=4481
2026-04-20 22:31:38,379 - => Stage 2 checkpoint score: mean(clean_acc=0.9296, recall=0.8332, correction_rate=0.8332) = 0.8653
2026-04-20 22:31:38,403 - => End Epoch: 38, early stop epochs: 2, best epoch: 36, best clean acc: 0.9292, best Top-2: 1.0000, best ASR: 0.1437, best RAC: 0.9078, anchor loss: 0.0289, best checkpoint score: 0.8699
2026-04-20 22:31:38,403 - => Stage 3 Detection Summary: recall: 0.8402, precision: 0.8145, f1: 0.8271, false positive rate: 0.0565, correction rate: 0.8402
2026-04-20 22:31:38,435 - => LFBA current anchor-derived target label: 0
2026-04-20 22:31:38,442 - =>Add Trigger to Train Data
2026-04-20 22:31:38,566 - Add Trigger to 7091 Bad Samples, 63826 Clean Samples (0.10)
2026-04-20 22:31:38,572 - => Start Training for Injecting Backdoor...
2026-04-20 22:31:38,600 - Epoch: 39, 1/278: VFL loss: 0.0561, total loss: 0.0396, anchor loss: 0.0231, VFL train accuracy: 0.9766
2026-04-20 22:31:38,789 - Epoch: 39, 11/278: VFL loss: 0.0744, total loss: 0.0509, anchor loss: 0.0273, VFL train accuracy: 0.9730
2026-04-20 22:31:38,951 - Epoch: 39, 21/278: VFL loss: 0.0774, total loss: 0.0520, anchor loss: 0.0266, VFL train accuracy: 0.9715
2026-04-20 22:31:39,122 - Epoch: 39, 31/278: VFL loss: 0.0805, total loss: 0.0537, anchor loss: 0.0269, VFL train accuracy: 0.9690
2026-04-20 22:31:39,289 - Epoch: 39, 41/278: VFL loss: 0.0809, total loss: 0.0539, anchor loss: 0.0269, VFL train accuracy: 0.9686
2026-04-20 22:31:39,474 - Epoch: 39, 51/278: VFL loss: 0.0802, total loss: 0.0536, anchor loss: 0.0270, VFL train accuracy: 0.9695
2026-04-20 22:31:39,683 - Epoch: 39, 61/278: VFL loss: 0.0807, total loss: 0.0540, anchor loss: 0.0273, VFL train accuracy: 0.9696
2026-04-20 22:31:39,851 - Epoch: 39, 71/278: VFL loss: 0.0808, total loss: 0.0540, anchor loss: 0.0272, VFL train accuracy: 0.9694
2026-04-20 22:31:40,015 - Epoch: 39, 81/278: VFL loss: 0.0826, total loss: 0.0550, anchor loss: 0.0274, VFL train accuracy: 0.9689
2026-04-20 22:31:40,192 - Epoch: 39, 91/278: VFL loss: 0.0837, total loss: 0.0556, anchor loss: 0.0275, VFL train accuracy: 0.9689
2026-04-20 22:31:40,389 - Epoch: 39, 101/278: VFL loss: 0.0832, total loss: 0.0554, anchor loss: 0.0275, VFL train accuracy: 0.9689
2026-04-20 22:31:40,580 - Epoch: 39, 111/278: VFL loss: 0.0830, total loss: 0.0552, anchor loss: 0.0275, VFL train accuracy: 0.9694
2026-04-20 22:31:40,767 - Epoch: 39, 121/278: VFL loss: 0.0824, total loss: 0.0550, anchor loss: 0.0276, VFL train accuracy: 0.9693
2026-04-20 22:31:40,967 - Epoch: 39, 131/278: VFL loss: 0.0824, total loss: 0.0550, anchor loss: 0.0277, VFL train accuracy: 0.9694
2026-04-20 22:31:41,158 - Epoch: 39, 141/278: VFL loss: 0.0818, total loss: 0.0547, anchor loss: 0.0276, VFL train accuracy: 0.9697
2026-04-20 22:31:41,353 - Epoch: 39, 151/278: VFL loss: 0.0819, total loss: 0.0548, anchor loss: 0.0276, VFL train accuracy: 0.9696
2026-04-20 22:31:41,556 - Epoch: 39, 161/278: VFL loss: 0.0818, total loss: 0.0546, anchor loss: 0.0275, VFL train accuracy: 0.9698
2026-04-20 22:31:41,764 - Epoch: 39, 171/278: VFL loss: 0.0820, total loss: 0.0548, anchor loss: 0.0276, VFL train accuracy: 0.9696
2026-04-20 22:31:41,947 - Epoch: 39, 181/278: VFL loss: 0.0817, total loss: 0.0547, anchor loss: 0.0277, VFL train accuracy: 0.9697
2026-04-20 22:31:42,138 - Epoch: 39, 191/278: VFL loss: 0.0823, total loss: 0.0550, anchor loss: 0.0277, VFL train accuracy: 0.9695
2026-04-20 22:31:42,332 - Epoch: 39, 201/278: VFL loss: 0.0821, total loss: 0.0549, anchor loss: 0.0277, VFL train accuracy: 0.9695
2026-04-20 22:31:42,514 - Epoch: 39, 211/278: VFL loss: 0.0823, total loss: 0.0550, anchor loss: 0.0278, VFL train accuracy: 0.9693
2026-04-20 22:31:42,711 - Epoch: 39, 221/278: VFL loss: 0.0826, total loss: 0.0552, anchor loss: 0.0277, VFL train accuracy: 0.9692
2026-04-20 22:31:42,894 - Epoch: 39, 231/278: VFL loss: 0.0821, total loss: 0.0549, anchor loss: 0.0277, VFL train accuracy: 0.9694
2026-04-20 22:31:43,092 - Epoch: 39, 241/278: VFL loss: 0.0823, total loss: 0.0550, anchor loss: 0.0277, VFL train accuracy: 0.9694
2026-04-20 22:31:43,300 - Epoch: 39, 251/278: VFL loss: 0.0828, total loss: 0.0553, anchor loss: 0.0278, VFL train accuracy: 0.9692
2026-04-20 22:31:43,504 - Epoch: 39, 261/278: VFL loss: 0.0829, total loss: 0.0553, anchor loss: 0.0278, VFL train accuracy: 0.9692
2026-04-20 22:31:43,659 - Epoch: 39, 271/278: VFL loss: 0.0829, total loss: 0.0553, anchor loss: 0.0277, VFL train accuracy: 0.9693
2026-04-20 22:31:43,791 - => Recorded Stage 2 client anchor losses for epoch 39 to 'results/AVGuard/stage3_gamma_sensitivity_3clients_noema_bounded_q/PHISHING_3clients_noema_bounded_q_gamma_5.0\stage2_final_epoch_client_anchor_losses.json': {0: 0.027045, 1: 0.030091, 2: 0.026069}
2026-04-20 22:31:43,792 - => Stage 2 EMA anchor update skipped at epoch 39 because momentum=1.0000 disables EMA; eligible classes per client {0: 2, 1: 2, 2: 2}
2026-04-20 22:31:43,792 - => Stage 2 Epoch 39 Training Summary: VFL loss: 0.0826, total loss: 0.0551, anchor loss: 0.0277, VFL train accuracy: 0.9693
2026-04-20 22:31:43,792 - => Test ASR...
2026-04-20 22:31:43,795 - =>Add Trigger to Test Data
2026-04-20 22:31:44,083 - Add Trigger to 6130 Bad Samples, 11600 Clean Samples (1.00)
2026-04-20 22:31:46,262 - => Test Epoch: 39, main task samples: 17730, attack samples: 17730, test loss: 0.1150, clean acc: 0.9293, Top-2: 1.0000, ASR: 0.1442, RAC: 0.9076, test target accuracy: 0.9674, stage3 final accuracy: 0.9293, stage3 final target accuracy: 0.9349, stage3 final asr: 0.1442, anchor loss: 0.0289
2026-04-20 22:31:46,262 - => Stage 3 Detection Summary: recall: 0.8401, precision: 0.8130, f1: 0.8263, false positive rate: 0.0574, correction rate: 0.8401
2026-04-20 22:31:46,262 - => Stage 3 Debug (clean): suspicious=1017/17730, correction_applied=1014, prediction_changed=1014, skipped_tied_vote=0, skipped_low_margin=0, skipped_other=3
2026-04-20 22:31:46,262 - => Stage 3 Debug (poison-valid): suspicious=4545/6130, correction_applied=4545, prediction_changed=4545, skipped_tied_vote=0, skipped_low_margin=0, skipped_other=0
2026-04-20 22:31:46,262 - => Stage 3 Debug (attack-success): suspicious=4522/5383, correction_applied=4522, prediction_changed=4522, corrected_to_true=4522
2026-04-20 22:31:46,263 - => Stage 2 checkpoint score: mean(clean_acc=0.9293, recall=0.8401, correction_rate=0.8401) = 0.8698
2026-04-20 22:31:46,282 - => End Epoch: 39, early stop epochs: 3, best epoch: 36, best clean acc: 0.9292, best Top-2: 1.0000, best ASR: 0.1437, best RAC: 0.9078, anchor loss: 0.0289, best checkpoint score: 0.8699
2026-04-20 22:31:46,282 - => Stage 3 Detection Summary: recall: 0.8402, precision: 0.8145, f1: 0.8271, false positive rate: 0.0565, correction rate: 0.8402
2026-04-20 22:31:46,304 - => LFBA current anchor-derived target label: 0
2026-04-20 22:31:46,309 - =>Add Trigger to Train Data
2026-04-20 22:31:46,422 - Add Trigger to 7091 Bad Samples, 63826 Clean Samples (0.10)
2026-04-20 22:31:46,427 - => Start Training for Injecting Backdoor...
2026-04-20 22:31:46,447 - Epoch: 40, 1/278: VFL loss: 0.1105, total loss: 0.0692, anchor loss: 0.0279, VFL train accuracy: 0.9766
2026-04-20 22:31:46,606 - Epoch: 40, 11/278: VFL loss: 0.0789, total loss: 0.0522, anchor loss: 0.0255, VFL train accuracy: 0.9698
2026-04-20 22:31:46,758 - Epoch: 40, 21/278: VFL loss: 0.0750, total loss: 0.0504, anchor loss: 0.0258, VFL train accuracy: 0.9695
2026-04-20 22:31:46,922 - Epoch: 40, 31/278: VFL loss: 0.0775, total loss: 0.0518, anchor loss: 0.0260, VFL train accuracy: 0.9703
2026-04-20 22:31:47,078 - Epoch: 40, 41/278: VFL loss: 0.0815, total loss: 0.0539, anchor loss: 0.0264, VFL train accuracy: 0.9695
2026-04-20 22:31:47,210 - Epoch: 40, 51/278: VFL loss: 0.0811, total loss: 0.0539, anchor loss: 0.0267, VFL train accuracy: 0.9703
2026-04-20 22:31:47,340 - Epoch: 40, 61/278: VFL loss: 0.0818, total loss: 0.0544, anchor loss: 0.0269, VFL train accuracy: 0.9700
2026-04-20 22:31:47,476 - Epoch: 40, 71/278: VFL loss: 0.0802, total loss: 0.0534, anchor loss: 0.0267, VFL train accuracy: 0.9708
2026-04-20 22:31:47,617 - Epoch: 40, 81/278: VFL loss: 0.0812, total loss: 0.0541, anchor loss: 0.0270, VFL train accuracy: 0.9701
2026-04-20 22:31:47,756 - Epoch: 40, 91/278: VFL loss: 0.0816, total loss: 0.0544, anchor loss: 0.0271, VFL train accuracy: 0.9699
2026-04-20 22:31:47,890 - Epoch: 40, 101/278: VFL loss: 0.0817, total loss: 0.0544, anchor loss: 0.0271, VFL train accuracy: 0.9702
2026-04-20 22:31:48,021 - Epoch: 40, 111/278: VFL loss: 0.0815, total loss: 0.0544, anchor loss: 0.0272, VFL train accuracy: 0.9700
2026-04-20 22:31:48,158 - Epoch: 40, 121/278: VFL loss: 0.0819, total loss: 0.0545, anchor loss: 0.0272, VFL train accuracy: 0.9699
2026-04-20 22:31:48,299 - Epoch: 40, 131/278: VFL loss: 0.0819, total loss: 0.0546, anchor loss: 0.0272, VFL train accuracy: 0.9701
2026-04-20 22:31:48,457 - Epoch: 40, 141/278: VFL loss: 0.0818, total loss: 0.0545, anchor loss: 0.0272, VFL train accuracy: 0.9701
2026-04-20 22:31:48,605 - Epoch: 40, 151/278: VFL loss: 0.0816, total loss: 0.0544, anchor loss: 0.0272, VFL train accuracy: 0.9700
2026-04-20 22:31:48,746 - Epoch: 40, 161/278: VFL loss: 0.0810, total loss: 0.0541, anchor loss: 0.0272, VFL train accuracy: 0.9703
2026-04-20 22:31:48,887 - Epoch: 40, 171/278: VFL loss: 0.0814, total loss: 0.0543, anchor loss: 0.0273, VFL train accuracy: 0.9700
2026-04-20 22:31:49,029 - Epoch: 40, 181/278: VFL loss: 0.0820, total loss: 0.0547, anchor loss: 0.0274, VFL train accuracy: 0.9697
2026-04-20 22:31:49,167 - Epoch: 40, 191/278: VFL loss: 0.0818, total loss: 0.0546, anchor loss: 0.0274, VFL train accuracy: 0.9698
2026-04-20 22:31:49,313 - Epoch: 40, 201/278: VFL loss: 0.0821, total loss: 0.0548, anchor loss: 0.0275, VFL train accuracy: 0.9694
2026-04-20 22:31:49,470 - Epoch: 40, 211/278: VFL loss: 0.0824, total loss: 0.0549, anchor loss: 0.0275, VFL train accuracy: 0.9693
2026-04-20 22:31:49,769 - Epoch: 40, 221/278: VFL loss: 0.0826, total loss: 0.0551, anchor loss: 0.0276, VFL train accuracy: 0.9693
2026-04-20 22:31:49,958 - Epoch: 40, 231/278: VFL loss: 0.0822, total loss: 0.0549, anchor loss: 0.0275, VFL train accuracy: 0.9695
2026-04-20 22:31:50,134 - Epoch: 40, 241/278: VFL loss: 0.0820, total loss: 0.0548, anchor loss: 0.0276, VFL train accuracy: 0.9695
2026-04-20 22:31:50,310 - Epoch: 40, 251/278: VFL loss: 0.0824, total loss: 0.0550, anchor loss: 0.0277, VFL train accuracy: 0.9694
2026-04-20 22:31:50,484 - Epoch: 40, 261/278: VFL loss: 0.0821, total loss: 0.0548, anchor loss: 0.0276, VFL train accuracy: 0.9695
2026-04-20 22:31:50,664 - Epoch: 40, 271/278: VFL loss: 0.0820, total loss: 0.0548, anchor loss: 0.0276, VFL train accuracy: 0.9695
2026-04-20 22:31:50,804 - => Recorded Stage 2 client anchor losses for epoch 40 to 'results/AVGuard/stage3_gamma_sensitivity_3clients_noema_bounded_q/PHISHING_3clients_noema_bounded_q_gamma_5.0\stage2_final_epoch_client_anchor_losses.json': {0: 0.026987, 1: 0.030057, 2: 0.025937}
2026-04-20 22:31:50,805 - => Stage 2 EMA anchor update skipped at epoch 40 because momentum=1.0000 disables EMA; eligible classes per client {0: 2, 1: 2, 2: 2}
2026-04-20 22:31:50,805 - => Stage 2 Epoch 40 Training Summary: VFL loss: 0.0822, total loss: 0.0549, anchor loss: 0.0277, VFL train accuracy: 0.9694
2026-04-20 22:31:50,805 - => Test ASR...
2026-04-20 22:31:50,808 - =>Add Trigger to Test Data
2026-04-20 22:31:51,108 - Add Trigger to 6130 Bad Samples, 11600 Clean Samples (1.00)
2026-04-20 22:31:53,820 - => Test Epoch: 40, main task samples: 17730, attack samples: 17730, test loss: 0.1148, clean acc: 0.9302, Top-2: 1.0000, ASR: 0.1468, RAC: 0.9087, test target accuracy: 0.9745, stage3 final accuracy: 0.9302, stage3 final target accuracy: 0.9381, stage3 final asr: 0.1468, anchor loss: 0.0288
2026-04-20 22:31:53,820 - => Stage 3 Detection Summary: recall: 0.8375, precision: 0.8173, f1: 0.8272, false positive rate: 0.0554, correction rate: 0.8375
2026-04-20 22:31:53,821 - => Stage 3 Debug (clean): suspicious=983/17730, correction_applied=981, prediction_changed=981, skipped_tied_vote=0, skipped_low_margin=0, skipped_other=2
2026-04-20 22:31:53,821 - => Stage 3 Debug (poison-valid): suspicious=4533/6130, correction_applied=4533, prediction_changed=4533, skipped_tied_vote=0, skipped_low_margin=0, skipped_other=0
2026-04-20 22:31:53,821 - => Stage 3 Debug (attack-success): suspicious=4508/5383, correction_applied=4508, prediction_changed=4508, corrected_to_true=4508
2026-04-20 22:31:53,821 - => Stage 2 checkpoint score: mean(clean_acc=0.9302, recall=0.8375, correction_rate=0.8375) = 0.8684
2026-04-20 22:31:53,842 - => End Epoch: 40, early stop epochs: 4, best epoch: 36, best clean acc: 0.9292, best Top-2: 1.0000, best ASR: 0.1437, best RAC: 0.9078, anchor loss: 0.0289, best checkpoint score: 0.8699
2026-04-20 22:31:53,842 - => Stage 3 Detection Summary: recall: 0.8402, precision: 0.8145, f1: 0.8271, false positive rate: 0.0565, correction rate: 0.8402
2026-04-20 22:31:53,884 - => LFBA current anchor-derived target label: 0
2026-04-20 22:31:53,888 - =>Add Trigger to Train Data
2026-04-20 22:31:54,030 - Add Trigger to 7091 Bad Samples, 63826 Clean Samples (0.10)
2026-04-20 22:31:54,039 - => Start Training for Injecting Backdoor...
2026-04-20 22:31:54,072 - Epoch: 41, 1/278: VFL loss: 0.0658, total loss: 0.0460, anchor loss: 0.0262, VFL train accuracy: 0.9766
2026-04-20 22:31:54,294 - Epoch: 41, 11/278: VFL loss: 0.0829, total loss: 0.0557, anchor loss: 0.0285, VFL train accuracy: 0.9705
2026-04-20 22:31:54,509 - Epoch: 41, 21/278: VFL loss: 0.0854, total loss: 0.0568, anchor loss: 0.0282, VFL train accuracy: 0.9699
2026-04-20 22:31:54,710 - Epoch: 41, 31/278: VFL loss: 0.0865, total loss: 0.0574, anchor loss: 0.0283, VFL train accuracy: 0.9703
2026-04-20 22:31:54,922 - Epoch: 41, 41/278: VFL loss: 0.0848, total loss: 0.0564, anchor loss: 0.0281, VFL train accuracy: 0.9703
2026-04-20 22:31:55,154 - Epoch: 41, 51/278: VFL loss: 0.0827, total loss: 0.0553, anchor loss: 0.0279, VFL train accuracy: 0.9709
2026-04-20 22:31:55,394 - Epoch: 41, 61/278: VFL loss: 0.0822, total loss: 0.0550, anchor loss: 0.0278, VFL train accuracy: 0.9708
2026-04-20 22:31:55,579 - Epoch: 41, 71/278: VFL loss: 0.0808, total loss: 0.0543, anchor loss: 0.0278, VFL train accuracy: 0.9710
2026-04-20 22:31:55,760 - Epoch: 41, 81/278: VFL loss: 0.0821, total loss: 0.0550, anchor loss: 0.0279, VFL train accuracy: 0.9704
2026-04-20 22:31:55,933 - Epoch: 41, 91/278: VFL loss: 0.0805, total loss: 0.0542, anchor loss: 0.0279, VFL train accuracy: 0.9704
2026-04-20 22:31:56,096 - Epoch: 41, 101/278: VFL loss: 0.0795, total loss: 0.0537, anchor loss: 0.0279, VFL train accuracy: 0.9704
2026-04-20 22:31:56,266 - Epoch: 41, 111/278: VFL loss: 0.0801, total loss: 0.0541, anchor loss: 0.0280, VFL train accuracy: 0.9703
2026-04-20 22:31:56,463 - Epoch: 41, 121/278: VFL loss: 0.0807, total loss: 0.0543, anchor loss: 0.0279, VFL train accuracy: 0.9704
2026-04-20 22:31:56,651 - Epoch: 41, 131/278: VFL loss: 0.0809, total loss: 0.0543, anchor loss: 0.0277, VFL train accuracy: 0.9705
2026-04-20 22:31:56,829 - Epoch: 41, 141/278: VFL loss: 0.0824, total loss: 0.0551, anchor loss: 0.0278, VFL train accuracy: 0.9700
2026-04-20 22:31:57,034 - Epoch: 41, 151/278: VFL loss: 0.0820, total loss: 0.0549, anchor loss: 0.0277, VFL train accuracy: 0.9701
2026-04-20 22:31:57,270 - Epoch: 41, 161/278: VFL loss: 0.0816, total loss: 0.0546, anchor loss: 0.0276, VFL train accuracy: 0.9700
2026-04-20 22:31:57,478 - Epoch: 41, 171/278: VFL loss: 0.0815, total loss: 0.0545, anchor loss: 0.0276, VFL train accuracy: 0.9701
2026-04-20 22:31:57,685 - Epoch: 41, 181/278: VFL loss: 0.0820, total loss: 0.0548, anchor loss: 0.0276, VFL train accuracy: 0.9698
2026-04-20 22:31:57,883 - Epoch: 41, 191/278: VFL loss: 0.0812, total loss: 0.0544, anchor loss: 0.0275, VFL train accuracy: 0.9701
2026-04-20 22:31:58,094 - Epoch: 41, 201/278: VFL loss: 0.0813, total loss: 0.0544, anchor loss: 0.0275, VFL train accuracy: 0.9700
2026-04-20 22:31:58,288 - Epoch: 41, 211/278: VFL loss: 0.0815, total loss: 0.0545, anchor loss: 0.0276, VFL train accuracy: 0.9700
2026-04-20 22:31:58,494 - Epoch: 41, 221/278: VFL loss: 0.0808, total loss: 0.0541, anchor loss: 0.0275, VFL train accuracy: 0.9703
2026-04-20 22:31:58,700 - Epoch: 41, 231/278: VFL loss: 0.0811, total loss: 0.0543, anchor loss: 0.0276, VFL train accuracy: 0.9702
2026-04-20 22:31:58,909 - Epoch: 41, 241/278: VFL loss: 0.0807, total loss: 0.0541, anchor loss: 0.0275, VFL train accuracy: 0.9704
2026-04-20 22:31:59,110 - Epoch: 41, 251/278: VFL loss: 0.0805, total loss: 0.0540, anchor loss: 0.0275, VFL train accuracy: 0.9704
2026-04-20 22:31:59,317 - Epoch: 41, 261/278: VFL loss: 0.0806, total loss: 0.0541, anchor loss: 0.0275, VFL train accuracy: 0.9704
2026-04-20 22:31:59,508 - Epoch: 41, 271/278: VFL loss: 0.0815, total loss: 0.0546, anchor loss: 0.0276, VFL train accuracy: 0.9699
2026-04-20 22:31:59,665 - => Recorded Stage 2 client anchor losses for epoch 41 to 'results/AVGuard/stage3_gamma_sensitivity_3clients_noema_bounded_q/PHISHING_3clients_noema_bounded_q_gamma_5.0\stage2_final_epoch_client_anchor_losses.json': {0: 0.026983, 1: 0.02999, 2: 0.025935}
2026-04-20 22:31:59,665 - => Stage 2 EMA anchor update skipped at epoch 41 because momentum=1.0000 disables EMA; eligible classes per client {0: 2, 1: 2, 2: 2}
2026-04-20 22:31:59,666 - => Stage 2 Epoch 41 Training Summary: VFL loss: 0.0813, total loss: 0.0544, anchor loss: 0.0276, VFL train accuracy: 0.9699
2026-04-20 22:31:59,666 - => Test ASR...
2026-04-20 22:31:59,668 - =>Add Trigger to Test Data
2026-04-20 22:32:00,039 - Add Trigger to 6130 Bad Samples, 11600 Clean Samples (1.00)
2026-04-20 22:32:02,736 - => Test Epoch: 41, main task samples: 17730, attack samples: 17730, test loss: 0.1148, clean acc: 0.9296, Top-2: 1.0000, ASR: 0.1458, RAC: 0.9078, test target accuracy: 0.9690, stage3 final accuracy: 0.9296, stage3 final target accuracy: 0.9361, stage3 final asr: 0.1458, anchor loss: 0.0289
2026-04-20 22:32:02,737 - => Stage 3 Detection Summary: recall: 0.8377, precision: 0.8125, f1: 0.8249, false positive rate: 0.0571, correction rate: 0.8377
2026-04-20 22:32:02,737 - => Stage 3 Debug (clean): suspicious=1012/17730, correction_applied=1012, prediction_changed=1012, skipped_tied_vote=0, skipped_low_margin=0, skipped_other=0
2026-04-20 22:32:02,737 - => Stage 3 Debug (poison-valid): suspicious=4513/6130, correction_applied=4513, prediction_changed=4513, skipped_tied_vote=0, skipped_low_margin=0, skipped_other=0
2026-04-20 22:32:02,737 - => Stage 3 Debug (attack-success): suspicious=4489/5359, correction_applied=4489, prediction_changed=4489, corrected_to_true=4489
2026-04-20 22:32:02,737 - => Stage 2 checkpoint score: mean(clean_acc=0.9296, recall=0.8377, correction_rate=0.8377) = 0.8683
2026-04-20 22:32:02,757 - => End Epoch: 41, early stop epochs: 5, best epoch: 36, best clean acc: 0.9292, best Top-2: 1.0000, best ASR: 0.1437, best RAC: 0.9078, anchor loss: 0.0289, best checkpoint score: 0.8699
2026-04-20 22:32:02,758 - => Stage 3 Detection Summary: recall: 0.8402, precision: 0.8145, f1: 0.8271, false positive rate: 0.0565, correction rate: 0.8402
2026-04-20 22:32:02,790 - => LFBA current anchor-derived target label: 0
2026-04-20 22:32:02,794 - =>Add Trigger to Train Data
2026-04-20 22:32:02,912 - Add Trigger to 7091 Bad Samples, 63826 Clean Samples (0.10)
2026-04-20 22:32:02,916 - => Start Training for Injecting Backdoor...
2026-04-20 22:32:02,943 - Epoch: 42, 1/278: VFL loss: 0.1021, total loss: 0.0641, anchor loss: 0.0262, VFL train accuracy: 0.9609
2026-04-20 22:32:03,113 - Epoch: 42, 11/278: VFL loss: 0.0807, total loss: 0.0544, anchor loss: 0.0282, VFL train accuracy: 0.9680
2026-04-20 22:32:03,278 - Epoch: 42, 21/278: VFL loss: 0.0832, total loss: 0.0555, anchor loss: 0.0278, VFL train accuracy: 0.9693
2026-04-20 22:32:03,443 - Epoch: 42, 31/278: VFL loss: 0.0841, total loss: 0.0561, anchor loss: 0.0280, VFL train accuracy: 0.9689
2026-04-20 22:32:03,616 - Epoch: 42, 41/278: VFL loss: 0.0840, total loss: 0.0561, anchor loss: 0.0281, VFL train accuracy: 0.9688
2026-04-20 22:32:03,766 - Epoch: 42, 51/278: VFL loss: 0.0841, total loss: 0.0563, anchor loss: 0.0284, VFL train accuracy: 0.9682
2026-04-20 22:32:03,930 - Epoch: 42, 61/278: VFL loss: 0.0842, total loss: 0.0563, anchor loss: 0.0284, VFL train accuracy: 0.9682
2026-04-20 22:32:04,096 - Epoch: 42, 71/278: VFL loss: 0.0841, total loss: 0.0563, anchor loss: 0.0284, VFL train accuracy: 0.9684
2026-04-20 22:32:04,328 - Epoch: 42, 81/278: VFL loss: 0.0831, total loss: 0.0556, anchor loss: 0.0281, VFL train accuracy: 0.9692
2026-04-20 22:32:04,531 - Epoch: 42, 91/278: VFL loss: 0.0817, total loss: 0.0548, anchor loss: 0.0279, VFL train accuracy: 0.9699
2026-04-20 22:32:04,737 - Epoch: 42, 101/278: VFL loss: 0.0827, total loss: 0.0553, anchor loss: 0.0278, VFL train accuracy: 0.9697
2026-04-20 22:32:04,920 - Epoch: 42, 111/278: VFL loss: 0.0821, total loss: 0.0549, anchor loss: 0.0278, VFL train accuracy: 0.9699
2026-04-20 22:32:05,088 - Epoch: 42, 121/278: VFL loss: 0.0818, total loss: 0.0547, anchor loss: 0.0276, VFL train accuracy: 0.9697
2026-04-20 22:32:05,258 - Epoch: 42, 131/278: VFL loss: 0.0813, total loss: 0.0543, anchor loss: 0.0274, VFL train accuracy: 0.9700
2026-04-20 22:32:05,412 - Epoch: 42, 141/278: VFL loss: 0.0808, total loss: 0.0541, anchor loss: 0.0273, VFL train accuracy: 0.9699
2026-04-20 22:32:05,557 - Epoch: 42, 151/278: VFL loss: 0.0808, total loss: 0.0541, anchor loss: 0.0274, VFL train accuracy: 0.9702
2026-04-20 22:32:05,716 - Epoch: 42, 161/278: VFL loss: 0.0810, total loss: 0.0542, anchor loss: 0.0275, VFL train accuracy: 0.9699
2026-04-20 22:32:05,875 - Epoch: 42, 171/278: VFL loss: 0.0813, total loss: 0.0544, anchor loss: 0.0275, VFL train accuracy: 0.9701
2026-04-20 22:32:06,033 - Epoch: 42, 181/278: VFL loss: 0.0814, total loss: 0.0544, anchor loss: 0.0274, VFL train accuracy: 0.9700
2026-04-20 22:32:06,206 - Epoch: 42, 191/278: VFL loss: 0.0814, total loss: 0.0544, anchor loss: 0.0274, VFL train accuracy: 0.9699
2026-04-20 22:32:06,373 - Epoch: 42, 201/278: VFL loss: 0.0810, total loss: 0.0542, anchor loss: 0.0274, VFL train accuracy: 0.9699
2026-04-20 22:32:06,532 - Epoch: 42, 211/278: VFL loss: 0.0810, total loss: 0.0542, anchor loss: 0.0275, VFL train accuracy: 0.9700
2026-04-20 22:32:06,701 - Epoch: 42, 221/278: VFL loss: 0.0817, total loss: 0.0546, anchor loss: 0.0276, VFL train accuracy: 0.9699
2026-04-20 22:32:06,860 - Epoch: 42, 231/278: VFL loss: 0.0820, total loss: 0.0548, anchor loss: 0.0276, VFL train accuracy: 0.9700
2026-04-20 22:32:07,018 - Epoch: 42, 241/278: VFL loss: 0.0823, total loss: 0.0550, anchor loss: 0.0277, VFL train accuracy: 0.9698
2026-04-20 22:32:07,173 - Epoch: 42, 251/278: VFL loss: 0.0817, total loss: 0.0547, anchor loss: 0.0276, VFL train accuracy: 0.9700
2026-04-20 22:32:07,332 - Epoch: 42, 261/278: VFL loss: 0.0813, total loss: 0.0544, anchor loss: 0.0276, VFL train accuracy: 0.9702
2026-04-20 22:32:07,485 - Epoch: 42, 271/278: VFL loss: 0.0809, total loss: 0.0542, anchor loss: 0.0276, VFL train accuracy: 0.9703
2026-04-20 22:32:07,626 - => Recorded Stage 2 client anchor losses for epoch 42 to 'results/AVGuard/stage3_gamma_sensitivity_3clients_noema_bounded_q/PHISHING_3clients_noema_bounded_q_gamma_5.0\stage2_final_epoch_client_anchor_losses.json': {0: 0.026966, 1: 0.029985, 2: 0.025842}
2026-04-20 22:32:07,627 - => Stage 2 EMA anchor update skipped at epoch 42 because momentum=1.0000 disables EMA; eligible classes per client {0: 2, 1: 2, 2: 2}
2026-04-20 22:32:07,627 - => Stage 2 Epoch 42 Training Summary: VFL loss: 0.0825, total loss: 0.0551, anchor loss: 0.0277, VFL train accuracy: 0.9701
2026-04-20 22:32:07,627 - => Test ASR...
2026-04-20 22:32:07,631 - =>Add Trigger to Test Data
2026-04-20 22:32:07,893 - Add Trigger to 6130 Bad Samples, 11600 Clean Samples (1.00)
2026-04-20 22:32:10,464 - => Test Epoch: 42, main task samples: 17730, attack samples: 17730, test loss: 0.1147, clean acc: 0.9298, Top-2: 1.0000, ASR: 0.1465, RAC: 0.9077, test target accuracy: 0.9696, stage3 final accuracy: 0.9298, stage3 final target accuracy: 0.9364, stage3 final asr: 0.1465, anchor loss: 0.0289
2026-04-20 22:32:10,464 - => Stage 3 Detection Summary: recall: 0.8370, precision: 0.8129, f1: 0.8247, false positive rate: 0.0569, correction rate: 0.8370
2026-04-20 22:32:10,464 - => Stage 3 Debug (clean): suspicious=1009/17730, correction_applied=1008, prediction_changed=1008, skipped_tied_vote=0, skipped_low_margin=0, skipped_other=1
2026-04-20 22:32:10,465 - => Stage 3 Debug (poison-valid): suspicious=4511/6130, correction_applied=4511, prediction_changed=4511, skipped_tied_vote=0, skipped_low_margin=0, skipped_other=0
2026-04-20 22:32:10,465 - => Stage 3 Debug (attack-success): suspicious=4487/5361, correction_applied=4487, prediction_changed=4487, corrected_to_true=4487
2026-04-20 22:32:10,465 - => Stage 2 checkpoint score: mean(clean_acc=0.9298, recall=0.8370, correction_rate=0.8370) = 0.8679
2026-04-20 22:32:10,487 - => End Epoch: 42, early stop epochs: 6, best epoch: 36, best clean acc: 0.9292, best Top-2: 1.0000, best ASR: 0.1437, best RAC: 0.9078, anchor loss: 0.0289, best checkpoint score: 0.8699
2026-04-20 22:32:10,487 - => Stage 3 Detection Summary: recall: 0.8402, precision: 0.8145, f1: 0.8271, false positive rate: 0.0565, correction rate: 0.8402
2026-04-20 22:32:10,511 - => LFBA current anchor-derived target label: 0
2026-04-20 22:32:10,516 - =>Add Trigger to Train Data
2026-04-20 22:32:10,630 - Add Trigger to 7091 Bad Samples, 63826 Clean Samples (0.10)
2026-04-20 22:32:10,635 - => Start Training for Injecting Backdoor...
2026-04-20 22:32:10,657 - Epoch: 43, 1/278: VFL loss: 0.0790, total loss: 0.0544, anchor loss: 0.0298, VFL train accuracy: 0.9688
2026-04-20 22:32:10,833 - Epoch: 43, 11/278: VFL loss: 0.0841, total loss: 0.0548, anchor loss: 0.0256, VFL train accuracy: 0.9680
2026-04-20 22:32:10,998 - Epoch: 43, 21/278: VFL loss: 0.0835, total loss: 0.0551, anchor loss: 0.0267, VFL train accuracy: 0.9671
2026-04-20 22:32:11,151 - Epoch: 43, 31/278: VFL loss: 0.0821, total loss: 0.0545, anchor loss: 0.0270, VFL train accuracy: 0.9693
2026-04-20 22:32:11,303 - Epoch: 43, 41/278: VFL loss: 0.0815, total loss: 0.0542, anchor loss: 0.0270, VFL train accuracy: 0.9700
2026-04-20 22:32:11,462 - Epoch: 43, 51/278: VFL loss: 0.0846, total loss: 0.0559, anchor loss: 0.0273, VFL train accuracy: 0.9696
2026-04-20 22:32:11,619 - Epoch: 43, 61/278: VFL loss: 0.0841, total loss: 0.0557, anchor loss: 0.0273, VFL train accuracy: 0.9703
2026-04-20 22:32:11,779 - Epoch: 43, 71/278: VFL loss: 0.0838, total loss: 0.0556, anchor loss: 0.0274, VFL train accuracy: 0.9705
2026-04-20 22:32:11,964 - Epoch: 43, 81/278: VFL loss: 0.0839, total loss: 0.0556, anchor loss: 0.0274, VFL train accuracy: 0.9701
2026-04-20 22:32:12,215 - Epoch: 43, 91/278: VFL loss: 0.0823, total loss: 0.0548, anchor loss: 0.0273, VFL train accuracy: 0.9704
2026-04-20 22:32:12,395 - Epoch: 43, 101/278: VFL loss: 0.0822, total loss: 0.0548, anchor loss: 0.0273, VFL train accuracy: 0.9703
2026-04-20 22:32:12,554 - Epoch: 43, 111/278: VFL loss: 0.0820, total loss: 0.0547, anchor loss: 0.0274, VFL train accuracy: 0.9701
2026-04-20 22:32:12,750 - Epoch: 43, 121/278: VFL loss: 0.0829, total loss: 0.0552, anchor loss: 0.0276, VFL train accuracy: 0.9698
2026-04-20 22:32:12,992 - Epoch: 43, 131/278: VFL loss: 0.0823, total loss: 0.0549, anchor loss: 0.0275, VFL train accuracy: 0.9701
2026-04-20 22:32:13,176 - Epoch: 43, 141/278: VFL loss: 0.0824, total loss: 0.0549, anchor loss: 0.0275, VFL train accuracy: 0.9700
2026-04-20 22:32:13,364 - Epoch: 43, 151/278: VFL loss: 0.0824, total loss: 0.0550, anchor loss: 0.0276, VFL train accuracy: 0.9699
2026-04-20 22:32:13,525 - Epoch: 43, 161/278: VFL loss: 0.0819, total loss: 0.0547, anchor loss: 0.0276, VFL train accuracy: 0.9699
2026-04-20 22:32:13,686 - Epoch: 43, 171/278: VFL loss: 0.0819, total loss: 0.0548, anchor loss: 0.0276, VFL train accuracy: 0.9699
2026-04-20 22:32:13,841 - Epoch: 43, 181/278: VFL loss: 0.0811, total loss: 0.0543, anchor loss: 0.0275, VFL train accuracy: 0.9703
2026-04-20 22:32:14,024 - Epoch: 43, 191/278: VFL loss: 0.0811, total loss: 0.0543, anchor loss: 0.0275, VFL train accuracy: 0.9703
2026-04-20 22:32:14,179 - Epoch: 43, 201/278: VFL loss: 0.0814, total loss: 0.0545, anchor loss: 0.0276, VFL train accuracy: 0.9700
2026-04-20 22:32:14,341 - Epoch: 43, 211/278: VFL loss: 0.0813, total loss: 0.0544, anchor loss: 0.0276, VFL train accuracy: 0.9700
2026-04-20 22:32:14,495 - Epoch: 43, 221/278: VFL loss: 0.0819, total loss: 0.0548, anchor loss: 0.0277, VFL train accuracy: 0.9698
2026-04-20 22:32:14,712 - Epoch: 43, 231/278: VFL loss: 0.0816, total loss: 0.0546, anchor loss: 0.0276, VFL train accuracy: 0.9698
2026-04-20 22:32:14,886 - Epoch: 43, 241/278: VFL loss: 0.0810, total loss: 0.0543, anchor loss: 0.0275, VFL train accuracy: 0.9700
2026-04-20 22:32:15,055 - Epoch: 43, 251/278: VFL loss: 0.0806, total loss: 0.0541, anchor loss: 0.0276, VFL train accuracy: 0.9703
2026-04-20 22:32:15,231 - Epoch: 43, 261/278: VFL loss: 0.0807, total loss: 0.0541, anchor loss: 0.0275, VFL train accuracy: 0.9702
2026-04-20 22:32:15,409 - Epoch: 43, 271/278: VFL loss: 0.0807, total loss: 0.0541, anchor loss: 0.0275, VFL train accuracy: 0.9702
2026-04-20 22:32:15,538 - => Recorded Stage 2 client anchor losses for epoch 43 to 'results/AVGuard/stage3_gamma_sensitivity_3clients_noema_bounded_q/PHISHING_3clients_noema_bounded_q_gamma_5.0\stage2_final_epoch_client_anchor_losses.json': {0: 0.026961, 1: 0.029978, 2: 0.025887}
2026-04-20 22:32:15,543 - => Stage 2 EMA anchor update skipped at epoch 43 because momentum=1.0000 disables EMA; eligible classes per client {0: 2, 1: 2, 2: 2}
2026-04-20 22:32:15,543 - => Stage 2 Epoch 43 Training Summary: VFL loss: 0.0807, total loss: 0.0541, anchor loss: 0.0275, VFL train accuracy: 0.9700
2026-04-20 22:32:15,543 - => Test ASR...
2026-04-20 22:32:15,545 - =>Add Trigger to Test Data
2026-04-20 22:32:15,808 - Add Trigger to 6130 Bad Samples, 11600 Clean Samples (1.00)
2026-04-20 22:32:18,407 - => Test Epoch: 43, main task samples: 17730, attack samples: 17730, test loss: 0.1146, clean acc: 0.9299, Top-2: 1.0000, ASR: 0.1473, RAC: 0.9078, test target accuracy: 0.9706, stage3 final accuracy: 0.9299, stage3 final target accuracy: 0.9369, stage3 final asr: 0.1473, anchor loss: 0.0289
2026-04-20 22:32:18,407 - => Stage 3 Detection Summary: recall: 0.8361, precision: 0.8134, f1: 0.8246, false positive rate: 0.0567, correction rate: 0.8361
2026-04-20 22:32:18,407 - => Stage 3 Debug (clean): suspicious=1005/17730, correction_applied=1005, prediction_changed=1005, skipped_tied_vote=0, skipped_low_margin=0, skipped_other=0
2026-04-20 22:32:18,407 - => Stage 3 Debug (poison-valid): suspicious=4508/6130, correction_applied=4508, prediction_changed=4508, skipped_tied_vote=0, skipped_low_margin=0, skipped_other=0
2026-04-20 22:32:18,407 - => Stage 3 Debug (attack-success): suspicious=4484/5363, correction_applied=4484, prediction_changed=4484, corrected_to_true=4484
2026-04-20 22:32:18,408 - => Stage 2 checkpoint score: mean(clean_acc=0.9299, recall=0.8361, correction_rate=0.8361) = 0.8674
2026-04-20 22:32:18,427 - => End Epoch: 43, early stop epochs: 7, best epoch: 36, best clean acc: 0.9292, best Top-2: 1.0000, best ASR: 0.1437, best RAC: 0.9078, anchor loss: 0.0289, best checkpoint score: 0.8699
2026-04-20 22:32:18,427 - => Stage 3 Detection Summary: recall: 0.8402, precision: 0.8145, f1: 0.8271, false positive rate: 0.0565, correction rate: 0.8402
2026-04-20 22:32:18,454 - => LFBA current anchor-derived target label: 0
2026-04-20 22:32:18,456 - =>Add Trigger to Train Data
2026-04-20 22:32:18,573 - Add Trigger to 7091 Bad Samples, 63826 Clean Samples (0.10)
2026-04-20 22:32:18,578 - => Start Training for Injecting Backdoor...
2026-04-20 22:32:18,599 - Epoch: 44, 1/278: VFL loss: 0.0715, total loss: 0.0470, anchor loss: 0.0224, VFL train accuracy: 0.9727
2026-04-20 22:32:18,769 - Epoch: 44, 11/278: VFL loss: 0.0712, total loss: 0.0489, anchor loss: 0.0266, VFL train accuracy: 0.9755
2026-04-20 22:32:18,952 - Epoch: 44, 21/278: VFL loss: 0.0813, total loss: 0.0544, anchor loss: 0.0276, VFL train accuracy: 0.9714
2026-04-20 22:32:19,126 - Epoch: 44, 31/278: VFL loss: 0.0804, total loss: 0.0539, anchor loss: 0.0275, VFL train accuracy: 0.9705
2026-04-20 22:32:19,277 - Epoch: 44, 41/278: VFL loss: 0.0825, total loss: 0.0550, anchor loss: 0.0275, VFL train accuracy: 0.9698
2026-04-20 22:32:19,409 - Epoch: 44, 51/278: VFL loss: 0.0835, total loss: 0.0554, anchor loss: 0.0273, VFL train accuracy: 0.9692
2026-04-20 22:32:19,574 - Epoch: 44, 61/278: VFL loss: 0.0821, total loss: 0.0545, anchor loss: 0.0270, VFL train accuracy: 0.9697
2026-04-20 22:32:19,755 - Epoch: 44, 71/278: VFL loss: 0.0820, total loss: 0.0547, anchor loss: 0.0274, VFL train accuracy: 0.9693
2026-04-20 22:32:19,953 - Epoch: 44, 81/278: VFL loss: 0.0813, total loss: 0.0543, anchor loss: 0.0273, VFL train accuracy: 0.9694
2026-04-20 22:32:20,116 - Epoch: 44, 91/278: VFL loss: 0.0818, total loss: 0.0546, anchor loss: 0.0274, VFL train accuracy: 0.9694
2026-04-20 22:32:20,273 - Epoch: 44, 101/278: VFL loss: 0.0808, total loss: 0.0540, anchor loss: 0.0273, VFL train accuracy: 0.9699
2026-04-20 22:32:20,420 - Epoch: 44, 111/278: VFL loss: 0.0821, total loss: 0.0548, anchor loss: 0.0275, VFL train accuracy: 0.9696
2026-04-20 22:32:20,588 - Epoch: 44, 121/278: VFL loss: 0.0823, total loss: 0.0549, anchor loss: 0.0274, VFL train accuracy: 0.9694
2026-04-20 22:32:20,725 - Epoch: 44, 131/278: VFL loss: 0.0829, total loss: 0.0552, anchor loss: 0.0276, VFL train accuracy: 0.9691
2026-04-20 22:32:20,891 - Epoch: 44, 141/278: VFL loss: 0.0822, total loss: 0.0548, anchor loss: 0.0273, VFL train accuracy: 0.9696
2026-04-20 22:32:21,073 - Epoch: 44, 151/278: VFL loss: 0.0822, total loss: 0.0548, anchor loss: 0.0275, VFL train accuracy: 0.9697
2026-04-20 22:32:21,247 - Epoch: 44, 161/278: VFL loss: 0.0820, total loss: 0.0547, anchor loss: 0.0274, VFL train accuracy: 0.9698
2026-04-20 22:32:21,447 - Epoch: 44, 171/278: VFL loss: 0.0829, total loss: 0.0552, anchor loss: 0.0276, VFL train accuracy: 0.9693
2026-04-20 22:32:21,676 - Epoch: 44, 181/278: VFL loss: 0.0831, total loss: 0.0553, anchor loss: 0.0276, VFL train accuracy: 0.9692
2026-04-20 22:32:21,855 - Epoch: 44, 191/278: VFL loss: 0.0824, total loss: 0.0550, anchor loss: 0.0276, VFL train accuracy: 0.9694
2026-04-20 22:32:22,062 - Epoch: 44, 201/278: VFL loss: 0.0824, total loss: 0.0551, anchor loss: 0.0277, VFL train accuracy: 0.9694
2026-04-20 22:32:22,260 - Epoch: 44, 211/278: VFL loss: 0.0818, total loss: 0.0547, anchor loss: 0.0276, VFL train accuracy: 0.9697
2026-04-20 22:32:22,411 - Epoch: 44, 221/278: VFL loss: 0.0816, total loss: 0.0546, anchor loss: 0.0276, VFL train accuracy: 0.9699
2026-04-20 22:32:22,601 - Epoch: 44, 231/278: VFL loss: 0.0808, total loss: 0.0542, anchor loss: 0.0276, VFL train accuracy: 0.9702
2026-04-20 22:32:22,778 - Epoch: 44, 241/278: VFL loss: 0.0816, total loss: 0.0547, anchor loss: 0.0277, VFL train accuracy: 0.9699
2026-04-20 22:32:22,944 - Epoch: 44, 251/278: VFL loss: 0.0815, total loss: 0.0546, anchor loss: 0.0276, VFL train accuracy: 0.9700
2026-04-20 22:32:23,150 - Epoch: 44, 261/278: VFL loss: 0.0814, total loss: 0.0545, anchor loss: 0.0276, VFL train accuracy: 0.9700
2026-04-20 22:32:23,305 - Epoch: 44, 271/278: VFL loss: 0.0812, total loss: 0.0544, anchor loss: 0.0276, VFL train accuracy: 0.9700
2026-04-20 22:32:23,431 - => Recorded Stage 2 client anchor losses for epoch 44 to 'results/AVGuard/stage3_gamma_sensitivity_3clients_noema_bounded_q/PHISHING_3clients_noema_bounded_q_gamma_5.0\stage2_final_epoch_client_anchor_losses.json': {0: 0.026955, 1: 0.029975, 2: 0.025857}
2026-04-20 22:32:23,435 - => Stage 2 EMA anchor update skipped at epoch 44 because momentum=1.0000 disables EMA; eligible classes per client {0: 2, 1: 2, 2: 2}
2026-04-20 22:32:23,436 - => Stage 2 Epoch 44 Training Summary: VFL loss: 0.0809, total loss: 0.0542, anchor loss: 0.0275, VFL train accuracy: 0.9700
2026-04-20 22:32:23,437 - => Test ASR...
2026-04-20 22:32:23,447 - =>Add Trigger to Test Data
2026-04-20 22:32:23,737 - Add Trigger to 6130 Bad Samples, 11600 Clean Samples (1.00)
2026-04-20 22:32:26,094 - => Test Epoch: 44, main task samples: 17730, attack samples: 17730, test loss: 0.1148, clean acc: 0.9299, Top-2: 1.0000, ASR: 0.1468, RAC: 0.9077, test target accuracy: 0.9697, stage3 final accuracy: 0.9299, stage3 final target accuracy: 0.9366, stage3 final asr: 0.1468, anchor loss: 0.0289
2026-04-20 22:32:26,094 - => Stage 3 Detection Summary: recall: 0.8365, precision: 0.8130, f1: 0.8246, false positive rate: 0.0568, correction rate: 0.8365
2026-04-20 22:32:26,094 - => Stage 3 Debug (clean): suspicious=1007/17730, correction_applied=1007, prediction_changed=1007, skipped_tied_vote=0, skipped_low_margin=0, skipped_other=0
2026-04-20 22:32:26,094 - => Stage 3 Debug (poison-valid): suspicious=4507/6130, correction_applied=4507, prediction_changed=4507, skipped_tied_vote=0, skipped_low_margin=0, skipped_other=0
2026-04-20 22:32:26,094 - => Stage 3 Debug (attack-success): suspicious=4483/5359, correction_applied=4483, prediction_changed=4483, corrected_to_true=4483
2026-04-20 22:32:26,094 - => Stage 2 checkpoint score: mean(clean_acc=0.9299, recall=0.8365, correction_rate=0.8365) = 0.8677
2026-04-20 22:32:26,112 - => End Epoch: 44, early stop epochs: 8, best epoch: 36, best clean acc: 0.9292, best Top-2: 1.0000, best ASR: 0.1437, best RAC: 0.9078, anchor loss: 0.0289, best checkpoint score: 0.8699
2026-04-20 22:32:26,113 - => Stage 3 Detection Summary: recall: 0.8402, precision: 0.8145, f1: 0.8271, false positive rate: 0.0565, correction rate: 0.8402
2026-04-20 22:32:26,134 - => LFBA current anchor-derived target label: 0
2026-04-20 22:32:26,137 - =>Add Trigger to Train Data
2026-04-20 22:32:26,243 - Add Trigger to 7091 Bad Samples, 63826 Clean Samples (0.10)
2026-04-20 22:32:26,247 - => Start Training for Injecting Backdoor...
2026-04-20 22:32:26,266 - Epoch: 45, 1/278: VFL loss: 0.0544, total loss: 0.0401, anchor loss: 0.0259, VFL train accuracy: 0.9922
2026-04-20 22:32:26,426 - Epoch: 45, 11/278: VFL loss: 0.0739, total loss: 0.0503, anchor loss: 0.0268, VFL train accuracy: 0.9744
2026-04-20 22:32:26,578 - Epoch: 45, 21/278: VFL loss: 0.0772, total loss: 0.0518, anchor loss: 0.0264, VFL train accuracy: 0.9734
2026-04-20 22:32:26,737 - Epoch: 45, 31/278: VFL loss: 0.0794, total loss: 0.0531, anchor loss: 0.0268, VFL train accuracy: 0.9730
2026-04-20 22:32:26,886 - Epoch: 45, 41/278: VFL loss: 0.0792, total loss: 0.0530, anchor loss: 0.0268, VFL train accuracy: 0.9725
2026-04-20 22:32:27,162 - Epoch: 45, 51/278: VFL loss: 0.0796, total loss: 0.0533, anchor loss: 0.0269, VFL train accuracy: 0.9715
2026-04-20 22:32:27,316 - Epoch: 45, 61/278: VFL loss: 0.0795, total loss: 0.0533, anchor loss: 0.0271, VFL train accuracy: 0.9716
2026-04-20 22:32:27,490 - Epoch: 45, 71/278: VFL loss: 0.0790, total loss: 0.0530, anchor loss: 0.0270, VFL train accuracy: 0.9713
2026-04-20 22:32:27,678 - Epoch: 45, 81/278: VFL loss: 0.0788, total loss: 0.0529, anchor loss: 0.0271, VFL train accuracy: 0.9716
2026-04-20 22:32:27,847 - Epoch: 45, 91/278: VFL loss: 0.0780, total loss: 0.0525, anchor loss: 0.0269, VFL train accuracy: 0.9721
2026-04-20 22:32:28,012 - Epoch: 45, 101/278: VFL loss: 0.0793, total loss: 0.0531, anchor loss: 0.0269, VFL train accuracy: 0.9717
2026-04-20 22:32:28,168 - Epoch: 45, 111/278: VFL loss: 0.0800, total loss: 0.0536, anchor loss: 0.0271, VFL train accuracy: 0.9717
2026-04-20 22:32:28,320 - Epoch: 45, 121/278: VFL loss: 0.0799, total loss: 0.0535, anchor loss: 0.0272, VFL train accuracy: 0.9715
2026-04-20 22:32:28,482 - Epoch: 45, 131/278: VFL loss: 0.0805, total loss: 0.0539, anchor loss: 0.0273, VFL train accuracy: 0.9709
2026-04-20 22:32:28,636 - Epoch: 45, 141/278: VFL loss: 0.0800, total loss: 0.0537, anchor loss: 0.0273, VFL train accuracy: 0.9710
2026-04-20 22:32:28,797 - Epoch: 45, 151/278: VFL loss: 0.0805, total loss: 0.0539, anchor loss: 0.0274, VFL train accuracy: 0.9708
2026-04-20 22:32:28,949 - Epoch: 45, 161/278: VFL loss: 0.0803, total loss: 0.0538, anchor loss: 0.0274, VFL train accuracy: 0.9709
2026-04-20 22:32:29,101 - Epoch: 45, 171/278: VFL loss: 0.0805, total loss: 0.0540, anchor loss: 0.0275, VFL train accuracy: 0.9708
2026-04-20 22:32:29,261 - Epoch: 45, 181/278: VFL loss: 0.0810, total loss: 0.0543, anchor loss: 0.0276, VFL train accuracy: 0.9706
2026-04-20 22:32:29,419 - Epoch: 45, 191/278: VFL loss: 0.0809, total loss: 0.0542, anchor loss: 0.0276, VFL train accuracy: 0.9705
2026-04-20 22:32:29,563 - Epoch: 45, 201/278: VFL loss: 0.0808, total loss: 0.0542, anchor loss: 0.0276, VFL train accuracy: 0.9706
2026-04-20 22:32:29,727 - Epoch: 45, 211/278: VFL loss: 0.0812, total loss: 0.0544, anchor loss: 0.0276, VFL train accuracy: 0.9703
2026-04-20 22:32:29,887 - Epoch: 45, 221/278: VFL loss: 0.0812, total loss: 0.0544, anchor loss: 0.0276, VFL train accuracy: 0.9706
2026-04-20 22:32:30,049 - Epoch: 45, 231/278: VFL loss: 0.0806, total loss: 0.0541, anchor loss: 0.0276, VFL train accuracy: 0.9706
2026-04-20 22:32:30,206 - Epoch: 45, 241/278: VFL loss: 0.0803, total loss: 0.0539, anchor loss: 0.0275, VFL train accuracy: 0.9706
2026-04-20 22:32:30,369 - Epoch: 45, 251/278: VFL loss: 0.0802, total loss: 0.0538, anchor loss: 0.0275, VFL train accuracy: 0.9706
2026-04-20 22:32:30,521 - Epoch: 45, 261/278: VFL loss: 0.0810, total loss: 0.0543, anchor loss: 0.0276, VFL train accuracy: 0.9702
2026-04-20 22:32:30,687 - Epoch: 45, 271/278: VFL loss: 0.0810, total loss: 0.0543, anchor loss: 0.0276, VFL train accuracy: 0.9701
2026-04-20 22:32:30,804 - => Recorded Stage 2 client anchor losses for epoch 45 to 'results/AVGuard/stage3_gamma_sensitivity_3clients_noema_bounded_q/PHISHING_3clients_noema_bounded_q_gamma_5.0\stage2_final_epoch_client_anchor_losses.json': {0: 0.026948, 1: 0.029967, 2: 0.025905}
2026-04-20 22:32:30,806 - => Stage 2 EMA anchor update skipped at epoch 45 because momentum=1.0000 disables EMA; eligible classes per client {0: 2, 1: 2, 2: 2}
2026-04-20 22:32:30,806 - => Stage 2 Epoch 45 Training Summary: VFL loss: 0.0808, total loss: 0.0542, anchor loss: 0.0277, VFL train accuracy: 0.9701
2026-04-20 22:32:30,806 - => Test ASR...
2026-04-20 22:32:30,809 - =>Add Trigger to Test Data
2026-04-20 22:32:31,068 - Add Trigger to 6130 Bad Samples, 11600 Clean Samples (1.00)
2026-04-20 22:32:33,580 - => Test Epoch: 45, main task samples: 17730, attack samples: 17730, test loss: 0.1147, clean acc: 0.9302, Top-2: 1.0000, ASR: 0.1470, RAC: 0.9079, test target accuracy: 0.9703, stage3 final accuracy: 0.9302, stage3 final target accuracy: 0.9369, stage3 final asr: 0.1470, anchor loss: 0.0289
2026-04-20 22:32:33,580 - => Stage 3 Detection Summary: recall: 0.8364, precision: 0.8142, f1: 0.8251, false positive rate: 0.0563, correction rate: 0.8364
2026-04-20 22:32:33,580 - => Stage 3 Debug (clean): suspicious=999/17730, correction_applied=999, prediction_changed=999, skipped_tied_vote=0, skipped_low_margin=0, skipped_other=0
2026-04-20 22:32:33,580 - => Stage 3 Debug (poison-valid): suspicious=4507/6130, correction_applied=4507, prediction_changed=4507, skipped_tied_vote=0, skipped_low_margin=0, skipped_other=0
2026-04-20 22:32:33,580 - => Stage 3 Debug (attack-success): suspicious=4483/5360, correction_applied=4483, prediction_changed=4483, corrected_to_true=4483
2026-04-20 22:32:33,580 - => Stage 2 checkpoint score: mean(clean_acc=0.9302, recall=0.8364, correction_rate=0.8364) = 0.8676
2026-04-20 22:32:33,600 - => End Epoch: 45, early stop epochs: 9, best epoch: 36, best clean acc: 0.9292, best Top-2: 1.0000, best ASR: 0.1437, best RAC: 0.9078, anchor loss: 0.0289, best checkpoint score: 0.8699
2026-04-20 22:32:33,600 - => Stage 3 Detection Summary: recall: 0.8402, precision: 0.8145, f1: 0.8271, false positive rate: 0.0565, correction rate: 0.8402
2026-04-20 22:32:33,624 - => LFBA current anchor-derived target label: 0
2026-04-20 22:32:33,627 - =>Add Trigger to Train Data
2026-04-20 22:32:33,734 - Add Trigger to 7091 Bad Samples, 63826 Clean Samples (0.10)
2026-04-20 22:32:33,738 - => Start Training for Injecting Backdoor...
2026-04-20 22:32:33,758 - Epoch: 46, 1/278: VFL loss: 0.0793, total loss: 0.0564, anchor loss: 0.0335, VFL train accuracy: 0.9727
2026-04-20 22:32:33,919 - Epoch: 46, 11/278: VFL loss: 0.0826, total loss: 0.0564, anchor loss: 0.0303, VFL train accuracy: 0.9691
2026-04-20 22:32:34,092 - Epoch: 46, 21/278: VFL loss: 0.0827, total loss: 0.0557, anchor loss: 0.0287, VFL train accuracy: 0.9695
2026-04-20 22:32:34,262 - Epoch: 46, 31/278: VFL loss: 0.0824, total loss: 0.0552, anchor loss: 0.0281, VFL train accuracy: 0.9690
2026-04-20 22:32:34,447 - Epoch: 46, 41/278: VFL loss: 0.0818, total loss: 0.0547, anchor loss: 0.0277, VFL train accuracy: 0.9696
2026-04-20 22:32:34,641 - Epoch: 46, 51/278: VFL loss: 0.0834, total loss: 0.0557, anchor loss: 0.0281, VFL train accuracy: 0.9689
2026-04-20 22:32:34,808 - Epoch: 46, 61/278: VFL loss: 0.0842, total loss: 0.0561, anchor loss: 0.0280, VFL train accuracy: 0.9691
2026-04-20 22:32:34,965 - Epoch: 46, 71/278: VFL loss: 0.0840, total loss: 0.0560, anchor loss: 0.0280, VFL train accuracy: 0.9689
2026-04-20 22:32:35,108 - Epoch: 46, 81/278: VFL loss: 0.0827, total loss: 0.0554, anchor loss: 0.0281, VFL train accuracy: 0.9696
2026-04-20 22:32:35,255 - Epoch: 46, 91/278: VFL loss: 0.0835, total loss: 0.0558, anchor loss: 0.0281, VFL train accuracy: 0.9693
2026-04-20 22:32:35,390 - Epoch: 46, 101/278: VFL loss: 0.0837, total loss: 0.0558, anchor loss: 0.0279, VFL train accuracy: 0.9693
2026-04-20 22:32:35,539 - Epoch: 46, 111/278: VFL loss: 0.0837, total loss: 0.0558, anchor loss: 0.0279, VFL train accuracy: 0.9695
2026-04-20 22:32:35,692 - Epoch: 46, 121/278: VFL loss: 0.0833, total loss: 0.0556, anchor loss: 0.0278, VFL train accuracy: 0.9697
2026-04-20 22:32:35,852 - Epoch: 46, 131/278: VFL loss: 0.0840, total loss: 0.0560, anchor loss: 0.0279, VFL train accuracy: 0.9693
2026-04-20 22:32:35,999 - Epoch: 46, 141/278: VFL loss: 0.0837, total loss: 0.0557, anchor loss: 0.0278, VFL train accuracy: 0.9693
2026-04-20 22:32:36,164 - Epoch: 46, 151/278: VFL loss: 0.0829, total loss: 0.0553, anchor loss: 0.0277, VFL train accuracy: 0.9697
2026-04-20 22:32:36,333 - Epoch: 46, 161/278: VFL loss: 0.0829, total loss: 0.0553, anchor loss: 0.0277, VFL train accuracy: 0.9698
2026-04-20 22:32:36,492 - Epoch: 46, 171/278: VFL loss: 0.0821, total loss: 0.0549, anchor loss: 0.0276, VFL train accuracy: 0.9702
2026-04-20 22:32:36,656 - Epoch: 46, 181/278: VFL loss: 0.0827, total loss: 0.0552, anchor loss: 0.0277, VFL train accuracy: 0.9699
2026-04-20 22:32:36,806 - Epoch: 46, 191/278: VFL loss: 0.0826, total loss: 0.0551, anchor loss: 0.0277, VFL train accuracy: 0.9696
2026-04-20 22:32:36,965 - Epoch: 46, 201/278: VFL loss: 0.0827, total loss: 0.0552, anchor loss: 0.0276, VFL train accuracy: 0.9695
2026-04-20 22:32:37,112 - Epoch: 46, 211/278: VFL loss: 0.0824, total loss: 0.0550, anchor loss: 0.0276, VFL train accuracy: 0.9698
2026-04-20 22:32:37,268 - Epoch: 46, 221/278: VFL loss: 0.0825, total loss: 0.0551, anchor loss: 0.0276, VFL train accuracy: 0.9698
2026-04-20 22:32:37,424 - Epoch: 46, 231/278: VFL loss: 0.0825, total loss: 0.0551, anchor loss: 0.0277, VFL train accuracy: 0.9696
2026-04-20 22:32:37,585 - Epoch: 46, 241/278: VFL loss: 0.0821, total loss: 0.0549, anchor loss: 0.0277, VFL train accuracy: 0.9698
2026-04-20 22:32:37,734 - Epoch: 46, 251/278: VFL loss: 0.0818, total loss: 0.0547, anchor loss: 0.0276, VFL train accuracy: 0.9699
2026-04-20 22:32:37,883 - Epoch: 46, 261/278: VFL loss: 0.0819, total loss: 0.0548, anchor loss: 0.0276, VFL train accuracy: 0.9698
2026-04-20 22:32:38,036 - Epoch: 46, 271/278: VFL loss: 0.0815, total loss: 0.0546, anchor loss: 0.0276, VFL train accuracy: 0.9700
2026-04-20 22:32:38,163 - => Recorded Stage 2 client anchor losses for epoch 46 to 'results/AVGuard/stage3_gamma_sensitivity_3clients_noema_bounded_q/PHISHING_3clients_noema_bounded_q_gamma_5.0\stage2_final_epoch_client_anchor_losses.json': {0: 0.02695, 1: 0.029964, 2: 0.025871}
2026-04-20 22:32:38,163 - => Stage 2 EMA anchor update skipped at epoch 46 because momentum=1.0000 disables EMA; eligible classes per client {0: 2, 1: 2, 2: 2}
2026-04-20 22:32:38,164 - => Stage 2 Epoch 46 Training Summary: VFL loss: 0.0812, total loss: 0.0544, anchor loss: 0.0276, VFL train accuracy: 0.9701
2026-04-20 22:32:38,164 - => Test ASR...
2026-04-20 22:32:38,166 - =>Add Trigger to Test Data
2026-04-20 22:32:38,429 - Add Trigger to 6130 Bad Samples, 11600 Clean Samples (1.00)
2026-04-20 22:32:40,810 - => Test Epoch: 46, main task samples: 17730, attack samples: 17730, test loss: 0.1148, clean acc: 0.9301, Top-2: 1.0000, ASR: 0.1476, RAC: 0.9078, test target accuracy: 0.9703, stage3 final accuracy: 0.9301, stage3 final target accuracy: 0.9371, stage3 final asr: 0.1476, anchor loss: 0.0289
2026-04-20 22:32:40,810 - => Stage 3 Detection Summary: recall: 0.8359, precision: 0.8134, f1: 0.8245, false positive rate: 0.0566, correction rate: 0.8359
2026-04-20 22:32:40,810 - => Stage 3 Debug (clean): suspicious=1003/17730, correction_applied=1002, prediction_changed=1002, skipped_tied_vote=0, skipped_low_margin=0, skipped_other=1
2026-04-20 22:32:40,810 - => Stage 3 Debug (poison-valid): suspicious=4506/6130, correction_applied=4506, prediction_changed=4506, skipped_tied_vote=0, skipped_low_margin=0, skipped_other=0
2026-04-20 22:32:40,811 - => Stage 3 Debug (attack-success): suspicious=4481/5361, correction_applied=4481, prediction_changed=4481, corrected_to_true=4481
2026-04-20 22:32:40,811 - => Stage 2 checkpoint score: mean(clean_acc=0.9301, recall=0.8359, correction_rate=0.8359) = 0.8673
2026-04-20 22:32:40,835 - => End Epoch: 46, early stop epochs: 10, best epoch: 36, best clean acc: 0.9292, best Top-2: 1.0000, best ASR: 0.1437, best RAC: 0.9078, anchor loss: 0.0289, best checkpoint score: 0.8699
2026-04-20 22:32:40,835 - => Stage 3 Detection Summary: recall: 0.8402, precision: 0.8145, f1: 0.8271, false positive rate: 0.0565, correction rate: 0.8402
2026-04-20 22:32:40,861 - => LFBA current anchor-derived target label: 0
2026-04-20 22:32:40,864 - =>Add Trigger to Train Data
2026-04-20 22:32:40,973 - Add Trigger to 7091 Bad Samples, 63826 Clean Samples (0.10)
2026-04-20 22:32:40,978 - => Start Training for Injecting Backdoor...
2026-04-20 22:32:41,007 - Epoch: 47, 1/278: VFL loss: 0.0713, total loss: 0.0491, anchor loss: 0.0268, VFL train accuracy: 0.9648
2026-04-20 22:32:41,191 - Epoch: 47, 11/278: VFL loss: 0.0681, total loss: 0.0474, anchor loss: 0.0267, VFL train accuracy: 0.9730
2026-04-20 22:32:41,350 - Epoch: 47, 21/278: VFL loss: 0.0797, total loss: 0.0537, anchor loss: 0.0276, VFL train accuracy: 0.9686
2026-04-20 22:32:41,506 - Epoch: 47, 31/278: VFL loss: 0.0786, total loss: 0.0530, anchor loss: 0.0275, VFL train accuracy: 0.9682
2026-04-20 22:32:41,673 - Epoch: 47, 41/278: VFL loss: 0.0764, total loss: 0.0519, anchor loss: 0.0275, VFL train accuracy: 0.9705
2026-04-20 22:32:41,823 - Epoch: 47, 51/278: VFL loss: 0.0780, total loss: 0.0528, anchor loss: 0.0275, VFL train accuracy: 0.9694
2026-04-20 22:32:41,986 - Epoch: 47, 61/278: VFL loss: 0.0794, total loss: 0.0535, anchor loss: 0.0276, VFL train accuracy: 0.9687
2026-04-20 22:32:42,143 - Epoch: 47, 71/278: VFL loss: 0.0817, total loss: 0.0546, anchor loss: 0.0276, VFL train accuracy: 0.9685
2026-04-20 22:32:42,305 - Epoch: 47, 81/278: VFL loss: 0.0804, total loss: 0.0539, anchor loss: 0.0273, VFL train accuracy: 0.9692
2026-04-20 22:32:42,461 - Epoch: 47, 91/278: VFL loss: 0.0808, total loss: 0.0541, anchor loss: 0.0274, VFL train accuracy: 0.9691
2026-04-20 22:32:42,622 - Epoch: 47, 101/278: VFL loss: 0.0809, total loss: 0.0542, anchor loss: 0.0275, VFL train accuracy: 0.9692
2026-04-20 22:32:42,777 - Epoch: 47, 111/278: VFL loss: 0.0799, total loss: 0.0536, anchor loss: 0.0274, VFL train accuracy: 0.9701
2026-04-20 22:32:42,930 - Epoch: 47, 121/278: VFL loss: 0.0811, total loss: 0.0544, anchor loss: 0.0276, VFL train accuracy: 0.9698
2026-04-20 22:32:43,096 - Epoch: 47, 131/278: VFL loss: 0.0808, total loss: 0.0542, anchor loss: 0.0276, VFL train accuracy: 0.9699
2026-04-20 22:32:43,244 - Epoch: 47, 141/278: VFL loss: 0.0806, total loss: 0.0541, anchor loss: 0.0276, VFL train accuracy: 0.9701
2026-04-20 22:32:43,390 - Epoch: 47, 151/278: VFL loss: 0.0805, total loss: 0.0541, anchor loss: 0.0277, VFL train accuracy: 0.9699
2026-04-20 22:32:43,672 - Epoch: 47, 161/278: VFL loss: 0.0809, total loss: 0.0542, anchor loss: 0.0276, VFL train accuracy: 0.9699
2026-04-20 22:32:43,838 - Epoch: 47, 171/278: VFL loss: 0.0806, total loss: 0.0541, anchor loss: 0.0277, VFL train accuracy: 0.9698
2026-04-20 22:32:43,988 - Epoch: 47, 181/278: VFL loss: 0.0807, total loss: 0.0541, anchor loss: 0.0276, VFL train accuracy: 0.9699
2026-04-20 22:32:44,139 - Epoch: 47, 191/278: VFL loss: 0.0807, total loss: 0.0542, anchor loss: 0.0277, VFL train accuracy: 0.9699
2026-04-20 22:32:44,302 - Epoch: 47, 201/278: VFL loss: 0.0806, total loss: 0.0541, anchor loss: 0.0276, VFL train accuracy: 0.9701
2026-04-20 22:32:44,465 - Epoch: 47, 211/278: VFL loss: 0.0803, total loss: 0.0539, anchor loss: 0.0276, VFL train accuracy: 0.9702
2026-04-20 22:32:44,628 - Epoch: 47, 221/278: VFL loss: 0.0811, total loss: 0.0544, anchor loss: 0.0277, VFL train accuracy: 0.9699
2026-04-20 22:32:44,782 - Epoch: 47, 231/278: VFL loss: 0.0812, total loss: 0.0544, anchor loss: 0.0276, VFL train accuracy: 0.9699
2026-04-20 22:32:44,954 - Epoch: 47, 241/278: VFL loss: 0.0807, total loss: 0.0542, anchor loss: 0.0276, VFL train accuracy: 0.9701
2026-04-20 22:32:45,117 - Epoch: 47, 251/278: VFL loss: 0.0804, total loss: 0.0540, anchor loss: 0.0276, VFL train accuracy: 0.9703
2026-04-20 22:32:45,291 - Epoch: 47, 261/278: VFL loss: 0.0805, total loss: 0.0540, anchor loss: 0.0275, VFL train accuracy: 0.9702
2026-04-20 22:32:45,450 - Epoch: 47, 271/278: VFL loss: 0.0807, total loss: 0.0541, anchor loss: 0.0275, VFL train accuracy: 0.9701
2026-04-20 22:32:45,569 - => Recorded Stage 2 client anchor losses for epoch 47 to 'results/AVGuard/stage3_gamma_sensitivity_3clients_noema_bounded_q/PHISHING_3clients_noema_bounded_q_gamma_5.0\stage2_final_epoch_client_anchor_losses.json': {0: 0.026951, 1: 0.029961, 2: 0.025893}
2026-04-20 22:32:45,570 - => Stage 2 EMA anchor update skipped at epoch 47 because momentum=1.0000 disables EMA; eligible classes per client {0: 2, 1: 2, 2: 2}
2026-04-20 22:32:45,570 - => Stage 2 Epoch 47 Training Summary: VFL loss: 0.0806, total loss: 0.0541, anchor loss: 0.0275, VFL train accuracy: 0.9700
2026-04-20 22:32:45,570 - => Test ASR...
2026-04-20 22:32:45,574 - =>Add Trigger to Test Data
2026-04-20 22:32:45,834 - Add Trigger to 6130 Bad Samples, 11600 Clean Samples (1.00)
2026-04-20 22:32:48,232 - => Test Epoch: 47, main task samples: 17730, attack samples: 17730, test loss: 0.1148, clean acc: 0.9303, Top-2: 1.0000, ASR: 0.1476, RAC: 0.9078, test target accuracy: 0.9708, stage3 final accuracy: 0.9303, stage3 final target accuracy: 0.9371, stage3 final asr: 0.1476, anchor loss: 0.0289
2026-04-20 22:32:48,232 - => Stage 3 Detection Summary: recall: 0.8362, precision: 0.8140, f1: 0.8249, false positive rate: 0.0565, correction rate: 0.8362
2026-04-20 22:32:48,232 - => Stage 3 Debug (clean): suspicious=1001/17730, correction_applied=1001, prediction_changed=1001, skipped_tied_vote=0, skipped_low_margin=0, skipped_other=0
2026-04-20 22:32:48,232 - => Stage 3 Debug (poison-valid): suspicious=4516/6130, correction_applied=4516, prediction_changed=4516, skipped_tied_vote=0, skipped_low_margin=0, skipped_other=0
2026-04-20 22:32:48,232 - => Stage 3 Debug (attack-success): suspicious=4491/5371, correction_applied=4491, prediction_changed=4491, corrected_to_true=4491
2026-04-20 22:32:48,233 - => Stage 2 checkpoint score: mean(clean_acc=0.9303, recall=0.8362, correction_rate=0.8362) = 0.8675
2026-04-20 22:32:48,253 - => End Epoch: 47, early stop epochs: 11, best epoch: 36, best clean acc: 0.9292, best Top-2: 1.0000, best ASR: 0.1437, best RAC: 0.9078, anchor loss: 0.0289, best checkpoint score: 0.8699
2026-04-20 22:32:48,253 - => Stage 3 Detection Summary: recall: 0.8402, precision: 0.8145, f1: 0.8271, false positive rate: 0.0565, correction rate: 0.8402
2026-04-20 22:32:48,275 - => LFBA current anchor-derived target label: 0
2026-04-20 22:32:48,279 - =>Add Trigger to Train Data
2026-04-20 22:32:48,388 - Add Trigger to 7091 Bad Samples, 63826 Clean Samples (0.10)
2026-04-20 22:32:48,393 - => Start Training for Injecting Backdoor...
2026-04-20 22:32:48,414 - Epoch: 48, 1/278: VFL loss: 0.0657, total loss: 0.0466, anchor loss: 0.0276, VFL train accuracy: 0.9766
2026-04-20 22:32:48,579 - Epoch: 48, 11/278: VFL loss: 0.0914, total loss: 0.0606, anchor loss: 0.0297, VFL train accuracy: 0.9656
2026-04-20 22:32:48,737 - Epoch: 48, 21/278: VFL loss: 0.0883, total loss: 0.0587, anchor loss: 0.0291, VFL train accuracy: 0.9682
2026-04-20 22:32:48,913 - Epoch: 48, 31/278: VFL loss: 0.0849, total loss: 0.0568, anchor loss: 0.0287, VFL train accuracy: 0.9679
2026-04-20 22:32:49,070 - Epoch: 48, 41/278: VFL loss: 0.0829, total loss: 0.0555, anchor loss: 0.0282, VFL train accuracy: 0.9689
2026-04-20 22:32:49,219 - Epoch: 48, 51/278: VFL loss: 0.0823, total loss: 0.0551, anchor loss: 0.0279, VFL train accuracy: 0.9688
2026-04-20 22:32:49,367 - Epoch: 48, 61/278: VFL loss: 0.0836, total loss: 0.0558, anchor loss: 0.0279, VFL train accuracy: 0.9679
2026-04-20 22:32:49,517 - Epoch: 48, 71/278: VFL loss: 0.0829, total loss: 0.0554, anchor loss: 0.0278, VFL train accuracy: 0.9685
2026-04-20 22:32:49,685 - Epoch: 48, 81/278: VFL loss: 0.0830, total loss: 0.0555, anchor loss: 0.0279, VFL train accuracy: 0.9690
2026-04-20 22:32:49,853 - Epoch: 48, 91/278: VFL loss: 0.0836, total loss: 0.0557, anchor loss: 0.0279, VFL train accuracy: 0.9688
2026-04-20 22:32:50,019 - Epoch: 48, 101/278: VFL loss: 0.0845, total loss: 0.0562, anchor loss: 0.0279, VFL train accuracy: 0.9688
2026-04-20 22:32:50,172 - Epoch: 48, 111/278: VFL loss: 0.0839, total loss: 0.0558, anchor loss: 0.0278, VFL train accuracy: 0.9692
2026-04-20 22:32:50,337 - Epoch: 48, 121/278: VFL loss: 0.0829, total loss: 0.0553, anchor loss: 0.0276, VFL train accuracy: 0.9694
2026-04-20 22:32:50,505 - Epoch: 48, 131/278: VFL loss: 0.0825, total loss: 0.0550, anchor loss: 0.0275, VFL train accuracy: 0.9697
2026-04-20 22:32:50,672 - Epoch: 48, 141/278: VFL loss: 0.0820, total loss: 0.0548, anchor loss: 0.0276, VFL train accuracy: 0.9698
2026-04-20 22:32:50,838 - Epoch: 48, 151/278: VFL loss: 0.0815, total loss: 0.0545, anchor loss: 0.0276, VFL train accuracy: 0.9700
2026-04-20 22:32:50,996 - Epoch: 48, 161/278: VFL loss: 0.0815, total loss: 0.0545, anchor loss: 0.0276, VFL train accuracy: 0.9695
2026-04-20 22:32:51,160 - Epoch: 48, 171/278: VFL loss: 0.0812, total loss: 0.0544, anchor loss: 0.0276, VFL train accuracy: 0.9696
2026-04-20 22:32:51,313 - Epoch: 48, 181/278: VFL loss: 0.0820, total loss: 0.0549, anchor loss: 0.0278, VFL train accuracy: 0.9694
2026-04-20 22:32:51,473 - Epoch: 48, 191/278: VFL loss: 0.0821, total loss: 0.0549, anchor loss: 0.0277, VFL train accuracy: 0.9692
2026-04-20 22:32:51,629 - Epoch: 48, 201/278: VFL loss: 0.0818, total loss: 0.0548, anchor loss: 0.0277, VFL train accuracy: 0.9694
2026-04-20 22:32:51,782 - Epoch: 48, 211/278: VFL loss: 0.0816, total loss: 0.0547, anchor loss: 0.0277, VFL train accuracy: 0.9693
2026-04-20 22:32:51,934 - Epoch: 48, 221/278: VFL loss: 0.0815, total loss: 0.0546, anchor loss: 0.0277, VFL train accuracy: 0.9694
2026-04-20 22:32:52,072 - Epoch: 48, 231/278: VFL loss: 0.0817, total loss: 0.0547, anchor loss: 0.0276, VFL train accuracy: 0.9694
2026-04-20 22:32:52,230 - Epoch: 48, 241/278: VFL loss: 0.0822, total loss: 0.0549, anchor loss: 0.0277, VFL train accuracy: 0.9695
2026-04-20 22:32:52,387 - Epoch: 48, 251/278: VFL loss: 0.0821, total loss: 0.0548, anchor loss: 0.0276, VFL train accuracy: 0.9695
2026-04-20 22:32:52,559 - Epoch: 48, 261/278: VFL loss: 0.0823, total loss: 0.0550, anchor loss: 0.0277, VFL train accuracy: 0.9695
2026-04-20 22:32:52,723 - Epoch: 48, 271/278: VFL loss: 0.0818, total loss: 0.0547, anchor loss: 0.0277, VFL train accuracy: 0.9697
2026-04-20 22:32:52,839 - => Recorded Stage 2 client anchor losses for epoch 48 to 'results/AVGuard/stage3_gamma_sensitivity_3clients_noema_bounded_q/PHISHING_3clients_noema_bounded_q_gamma_5.0\stage2_final_epoch_client_anchor_losses.json': {0: 0.026944, 1: 0.029963, 2: 0.025882}
2026-04-20 22:32:52,840 - => Stage 2 EMA anchor update skipped at epoch 48 because momentum=1.0000 disables EMA; eligible classes per client {0: 2, 1: 2, 2: 2}
2026-04-20 22:32:52,840 - => Stage 2 Epoch 48 Training Summary: VFL loss: 0.0813, total loss: 0.0544, anchor loss: 0.0276, VFL train accuracy: 0.9699
2026-04-20 22:32:52,840 - => Test ASR...
2026-04-20 22:32:52,843 - =>Add Trigger to Test Data
2026-04-20 22:32:53,106 - Add Trigger to 6130 Bad Samples, 11600 Clean Samples (1.00)
2026-04-20 22:32:55,511 - => Test Epoch: 48, main task samples: 17730, attack samples: 17730, test loss: 0.1148, clean acc: 0.9302, Top-2: 1.0000, ASR: 0.1475, RAC: 0.9077, test target accuracy: 0.9700, stage3 final accuracy: 0.9302, stage3 final target accuracy: 0.9368, stage3 final asr: 0.1475, anchor loss: 0.0289
2026-04-20 22:32:55,511 - => Stage 3 Detection Summary: recall: 0.8361, precision: 0.8125, f1: 0.8241, false positive rate: 0.0570, correction rate: 0.8361
2026-04-20 22:32:55,511 - => Stage 3 Debug (clean): suspicious=1010/17730, correction_applied=1010, prediction_changed=1010, skipped_tied_vote=0, skipped_low_margin=0, skipped_other=0
2026-04-20 22:32:55,511 - => Stage 3 Debug (poison-valid): suspicious=4510/6130, correction_applied=4510, prediction_changed=4510, skipped_tied_vote=0, skipped_low_margin=0, skipped_other=0
2026-04-20 22:32:55,511 - => Stage 3 Debug (attack-success): suspicious=4485/5364, correction_applied=4485, prediction_changed=4485, corrected_to_true=4485
2026-04-20 22:32:55,511 - => Stage 2 checkpoint score: mean(clean_acc=0.9302, recall=0.8361, correction_rate=0.8361) = 0.8675
2026-04-20 22:32:55,532 - => End Epoch: 48, early stop epochs: 12, best epoch: 36, best clean acc: 0.9292, best Top-2: 1.0000, best ASR: 0.1437, best RAC: 0.9078, anchor loss: 0.0289, best checkpoint score: 0.8699
2026-04-20 22:32:55,532 - => Stage 3 Detection Summary: recall: 0.8402, precision: 0.8145, f1: 0.8271, false positive rate: 0.0565, correction rate: 0.8402
2026-04-20 22:32:55,556 - => LFBA current anchor-derived target label: 0
2026-04-20 22:32:55,560 - =>Add Trigger to Train Data
2026-04-20 22:32:55,676 - Add Trigger to 7091 Bad Samples, 63826 Clean Samples (0.10)
2026-04-20 22:32:55,683 - => Start Training for Injecting Backdoor...
2026-04-20 22:32:55,709 - Epoch: 49, 1/278: VFL loss: 0.0691, total loss: 0.0504, anchor loss: 0.0318, VFL train accuracy: 0.9648
2026-04-20 22:32:55,879 - Epoch: 49, 11/278: VFL loss: 0.0766, total loss: 0.0522, anchor loss: 0.0278, VFL train accuracy: 0.9716
2026-04-20 22:32:56,042 - Epoch: 49, 21/278: VFL loss: 0.0781, total loss: 0.0528, anchor loss: 0.0274, VFL train accuracy: 0.9701
2026-04-20 22:32:56,204 - Epoch: 49, 31/278: VFL loss: 0.0775, total loss: 0.0524, anchor loss: 0.0274, VFL train accuracy: 0.9704
2026-04-20 22:32:56,365 - Epoch: 49, 41/278: VFL loss: 0.0795, total loss: 0.0538, anchor loss: 0.0281, VFL train accuracy: 0.9704
2026-04-20 22:32:56,539 - Epoch: 49, 51/278: VFL loss: 0.0820, total loss: 0.0549, anchor loss: 0.0279, VFL train accuracy: 0.9694
2026-04-20 22:32:56,707 - Epoch: 49, 61/278: VFL loss: 0.0829, total loss: 0.0556, anchor loss: 0.0282, VFL train accuracy: 0.9691
2026-04-20 22:32:56,870 - Epoch: 49, 71/278: VFL loss: 0.0822, total loss: 0.0551, anchor loss: 0.0280, VFL train accuracy: 0.9695
2026-04-20 22:32:57,035 - Epoch: 49, 81/278: VFL loss: 0.0824, total loss: 0.0552, anchor loss: 0.0279, VFL train accuracy: 0.9691
2026-04-20 22:32:57,196 - Epoch: 49, 91/278: VFL loss: 0.0831, total loss: 0.0555, anchor loss: 0.0279, VFL train accuracy: 0.9690
2026-04-20 22:32:57,352 - Epoch: 49, 101/278: VFL loss: 0.0844, total loss: 0.0562, anchor loss: 0.0280, VFL train accuracy: 0.9685
2026-04-20 22:32:57,516 - Epoch: 49, 111/278: VFL loss: 0.0848, total loss: 0.0563, anchor loss: 0.0278, VFL train accuracy: 0.9684
2026-04-20 22:32:57,707 - Epoch: 49, 121/278: VFL loss: 0.0834, total loss: 0.0556, anchor loss: 0.0278, VFL train accuracy: 0.9688
2026-04-20 22:32:57,861 - Epoch: 49, 131/278: VFL loss: 0.0835, total loss: 0.0556, anchor loss: 0.0276, VFL train accuracy: 0.9691
2026-04-20 22:32:58,026 - Epoch: 49, 141/278: VFL loss: 0.0834, total loss: 0.0555, anchor loss: 0.0276, VFL train accuracy: 0.9692
2026-04-20 22:32:58,185 - Epoch: 49, 151/278: VFL loss: 0.0837, total loss: 0.0556, anchor loss: 0.0276, VFL train accuracy: 0.9691
2026-04-20 22:32:58,343 - Epoch: 49, 161/278: VFL loss: 0.0838, total loss: 0.0557, anchor loss: 0.0276, VFL train accuracy: 0.9693
2026-04-20 22:32:58,504 - Epoch: 49, 171/278: VFL loss: 0.0833, total loss: 0.0554, anchor loss: 0.0276, VFL train accuracy: 0.9694
2026-04-20 22:32:58,679 - Epoch: 49, 181/278: VFL loss: 0.0836, total loss: 0.0556, anchor loss: 0.0277, VFL train accuracy: 0.9692
2026-04-20 22:32:58,866 - Epoch: 49, 191/278: VFL loss: 0.0828, total loss: 0.0553, anchor loss: 0.0278, VFL train accuracy: 0.9695
2026-04-20 22:32:59,016 - Epoch: 49, 201/278: VFL loss: 0.0825, total loss: 0.0551, anchor loss: 0.0277, VFL train accuracy: 0.9695
2026-04-20 22:32:59,182 - Epoch: 49, 211/278: VFL loss: 0.0821, total loss: 0.0549, anchor loss: 0.0276, VFL train accuracy: 0.9696
2026-04-20 22:32:59,343 - Epoch: 49, 221/278: VFL loss: 0.0820, total loss: 0.0548, anchor loss: 0.0276, VFL train accuracy: 0.9698
2026-04-20 22:32:59,506 - Epoch: 49, 231/278: VFL loss: 0.0814, total loss: 0.0545, anchor loss: 0.0275, VFL train accuracy: 0.9700
2026-04-20 22:32:59,663 - Epoch: 49, 241/278: VFL loss: 0.0811, total loss: 0.0543, anchor loss: 0.0276, VFL train accuracy: 0.9702
2026-04-20 22:32:59,825 - Epoch: 49, 251/278: VFL loss: 0.0808, total loss: 0.0542, anchor loss: 0.0276, VFL train accuracy: 0.9704
2026-04-20 22:32:59,990 - Epoch: 49, 261/278: VFL loss: 0.0811, total loss: 0.0543, anchor loss: 0.0276, VFL train accuracy: 0.9703
2026-04-20 22:33:00,140 - Epoch: 49, 271/278: VFL loss: 0.0807, total loss: 0.0542, anchor loss: 0.0276, VFL train accuracy: 0.9702
2026-04-20 22:33:00,263 - => Recorded Stage 2 client anchor losses for epoch 49 to 'results/AVGuard/stage3_gamma_sensitivity_3clients_noema_bounded_q/PHISHING_3clients_noema_bounded_q_gamma_5.0\stage2_final_epoch_client_anchor_losses.json': {0: 0.026948, 1: 0.029957, 2: 0.025917}
2026-04-20 22:33:00,264 - => Stage 2 EMA anchor update skipped at epoch 49 because momentum=1.0000 disables EMA; eligible classes per client {0: 2, 1: 2, 2: 2}
2026-04-20 22:33:00,264 - => Stage 2 Epoch 49 Training Summary: VFL loss: 0.0807, total loss: 0.0542, anchor loss: 0.0276, VFL train accuracy: 0.9702
2026-04-20 22:33:00,264 - => Test ASR...
2026-04-20 22:33:00,267 - =>Add Trigger to Test Data
2026-04-20 22:33:00,525 - Add Trigger to 6130 Bad Samples, 11600 Clean Samples (1.00)
2026-04-20 22:33:03,146 - => Test Epoch: 49, main task samples: 17730, attack samples: 17730, test loss: 0.1150, clean acc: 0.9302, Top-2: 1.0000, ASR: 0.1467, RAC: 0.9081, test target accuracy: 0.9698, stage3 final accuracy: 0.9302, stage3 final target accuracy: 0.9370, stage3 final asr: 0.1467, anchor loss: 0.0289
2026-04-20 22:33:03,146 - => Stage 3 Detection Summary: recall: 0.8369, precision: 0.8134, f1: 0.8250, false positive rate: 0.0567, correction rate: 0.8369
2026-04-20 22:33:03,146 - => Stage 3 Debug (clean): suspicious=1006/17730, correction_applied=1006, prediction_changed=1006, skipped_tied_vote=0, skipped_low_margin=0, skipped_other=0
2026-04-20 22:33:03,147 - => Stage 3 Debug (poison-valid): suspicious=4513/6130, correction_applied=4513, prediction_changed=4513, skipped_tied_vote=0, skipped_low_margin=0, skipped_other=0
2026-04-20 22:33:03,147 - => Stage 3 Debug (attack-success): suspicious=4489/5364, correction_applied=4489, prediction_changed=4489, corrected_to_true=4489
2026-04-20 22:33:03,147 - => Stage 2 checkpoint score: mean(clean_acc=0.9302, recall=0.8369, correction_rate=0.8369) = 0.8680
2026-04-20 22:33:03,163 - => End Epoch: 49, early stop epochs: 13, best epoch: 36, best clean acc: 0.9292, best Top-2: 1.0000, best ASR: 0.1437, best RAC: 0.9078, anchor loss: 0.0289, best checkpoint score: 0.8699
2026-04-20 22:33:03,164 - => Stage 3 Detection Summary: recall: 0.8402, precision: 0.8145, f1: 0.8271, false positive rate: 0.0565, correction rate: 0.8402
2026-04-20 22:33:03,187 - => LFBA current anchor-derived target label: 0
2026-04-20 22:33:03,191 - =>Add Trigger to Train Data
2026-04-20 22:33:03,309 - Add Trigger to 7091 Bad Samples, 63826 Clean Samples (0.10)
2026-04-20 22:33:03,314 - => Start Training for Injecting Backdoor...
2026-04-20 22:33:03,338 - Epoch: 50, 1/278: VFL loss: 0.1049, total loss: 0.0687, anchor loss: 0.0325, VFL train accuracy: 0.9570
2026-04-20 22:33:03,520 - Epoch: 50, 11/278: VFL loss: 0.0861, total loss: 0.0578, anchor loss: 0.0296, VFL train accuracy: 0.9638
2026-04-20 22:33:03,696 - Epoch: 50, 21/278: VFL loss: 0.0785, total loss: 0.0532, anchor loss: 0.0278, VFL train accuracy: 0.9702
2026-04-20 22:33:03,853 - Epoch: 50, 31/278: VFL loss: 0.0799, total loss: 0.0539, anchor loss: 0.0280, VFL train accuracy: 0.9691
2026-04-20 22:33:04,015 - Epoch: 50, 41/278: VFL loss: 0.0769, total loss: 0.0524, anchor loss: 0.0278, VFL train accuracy: 0.9703
2026-04-20 22:33:04,166 - Epoch: 50, 51/278: VFL loss: 0.0770, total loss: 0.0523, anchor loss: 0.0275, VFL train accuracy: 0.9703
2026-04-20 22:33:04,333 - Epoch: 50, 61/278: VFL loss: 0.0802, total loss: 0.0538, anchor loss: 0.0274, VFL train accuracy: 0.9695
2026-04-20 22:33:04,484 - Epoch: 50, 71/278: VFL loss: 0.0805, total loss: 0.0540, anchor loss: 0.0274, VFL train accuracy: 0.9694
2026-04-20 22:33:04,653 - Epoch: 50, 81/278: VFL loss: 0.0810, total loss: 0.0542, anchor loss: 0.0275, VFL train accuracy: 0.9692
2026-04-20 22:33:04,815 - Epoch: 50, 91/278: VFL loss: 0.0799, total loss: 0.0537, anchor loss: 0.0275, VFL train accuracy: 0.9698
2026-04-20 22:33:04,986 - Epoch: 50, 101/278: VFL loss: 0.0797, total loss: 0.0536, anchor loss: 0.0274, VFL train accuracy: 0.9701
2026-04-20 22:33:05,139 - Epoch: 50, 111/278: VFL loss: 0.0798, total loss: 0.0537, anchor loss: 0.0276, VFL train accuracy: 0.9703
2026-04-20 22:33:05,305 - Epoch: 50, 121/278: VFL loss: 0.0805, total loss: 0.0541, anchor loss: 0.0277, VFL train accuracy: 0.9702
2026-04-20 22:33:05,472 - Epoch: 50, 131/278: VFL loss: 0.0811, total loss: 0.0544, anchor loss: 0.0277, VFL train accuracy: 0.9700
2026-04-20 22:33:05,648 - Epoch: 50, 141/278: VFL loss: 0.0816, total loss: 0.0547, anchor loss: 0.0278, VFL train accuracy: 0.9698
2026-04-20 22:33:05,806 - Epoch: 50, 151/278: VFL loss: 0.0819, total loss: 0.0550, anchor loss: 0.0280, VFL train accuracy: 0.9696
2026-04-20 22:33:05,966 - Epoch: 50, 161/278: VFL loss: 0.0816, total loss: 0.0548, anchor loss: 0.0279, VFL train accuracy: 0.9698
2026-04-20 22:33:06,122 - Epoch: 50, 171/278: VFL loss: 0.0816, total loss: 0.0548, anchor loss: 0.0280, VFL train accuracy: 0.9698
2026-04-20 22:33:06,274 - Epoch: 50, 181/278: VFL loss: 0.0815, total loss: 0.0547, anchor loss: 0.0279, VFL train accuracy: 0.9699
2026-04-20 22:33:06,424 - Epoch: 50, 191/278: VFL loss: 0.0813, total loss: 0.0546, anchor loss: 0.0279, VFL train accuracy: 0.9698
2026-04-20 22:33:06,594 - Epoch: 50, 201/278: VFL loss: 0.0817, total loss: 0.0548, anchor loss: 0.0279, VFL train accuracy: 0.9698
2026-04-20 22:33:06,751 - Epoch: 50, 211/278: VFL loss: 0.0822, total loss: 0.0550, anchor loss: 0.0279, VFL train accuracy: 0.9696
2026-04-20 22:33:06,906 - Epoch: 50, 221/278: VFL loss: 0.0820, total loss: 0.0549, anchor loss: 0.0279, VFL train accuracy: 0.9697
2026-04-20 22:33:07,071 - Epoch: 50, 231/278: VFL loss: 0.0818, total loss: 0.0548, anchor loss: 0.0278, VFL train accuracy: 0.9698
2026-04-20 22:33:07,229 - Epoch: 50, 241/278: VFL loss: 0.0816, total loss: 0.0547, anchor loss: 0.0278, VFL train accuracy: 0.9699
2026-04-20 22:33:07,381 - Epoch: 50, 251/278: VFL loss: 0.0812, total loss: 0.0545, anchor loss: 0.0277, VFL train accuracy: 0.9700
2026-04-20 22:33:07,538 - Epoch: 50, 261/278: VFL loss: 0.0814, total loss: 0.0545, anchor loss: 0.0277, VFL train accuracy: 0.9700
2026-04-20 22:33:07,692 - Epoch: 50, 271/278: VFL loss: 0.0813, total loss: 0.0544, anchor loss: 0.0276, VFL train accuracy: 0.9701
2026-04-20 22:33:07,799 - => Recorded Stage 2 client anchor losses for epoch 50 to 'results/AVGuard/stage3_gamma_sensitivity_3clients_noema_bounded_q/PHISHING_3clients_noema_bounded_q_gamma_5.0\stage2_final_epoch_client_anchor_losses.json': {0: 0.026944, 1: 0.02996, 2: 0.025855}
2026-04-20 22:33:07,800 - => Stage 2 EMA anchor update skipped at epoch 50 because momentum=1.0000 disables EMA; eligible classes per client {0: 2, 1: 2, 2: 2}
2026-04-20 22:33:07,800 - => Stage 2 Epoch 50 Training Summary: VFL loss: 0.0811, total loss: 0.0544, anchor loss: 0.0276, VFL train accuracy: 0.9701
2026-04-20 22:33:07,800 - => Test ASR...
2026-04-20 22:33:07,803 - =>Add Trigger to Test Data
2026-04-20 22:33:08,069 - Add Trigger to 6130 Bad Samples, 11600 Clean Samples (1.00)
2026-04-20 22:33:10,525 - => Test Epoch: 50, main task samples: 17730, attack samples: 17730, test loss: 0.1148, clean acc: 0.9301, Top-2: 1.0000, ASR: 0.1471, RAC: 0.9078, test target accuracy: 0.9707, stage3 final accuracy: 0.9301, stage3 final target accuracy: 0.9369, stage3 final asr: 0.1471, anchor loss: 0.0288
2026-04-20 22:33:10,525 - => Stage 3 Detection Summary: recall: 0.8365, precision: 0.8139, f1: 0.8250, false positive rate: 0.0565, correction rate: 0.8365
2026-04-20 22:33:10,525 - => Stage 3 Debug (clean): suspicious=1001/17730, correction_applied=1001, prediction_changed=1001, skipped_tied_vote=0, skipped_low_margin=0, skipped_other=0
2026-04-20 22:33:10,525 - => Stage 3 Debug (poison-valid): suspicious=4512/6130, correction_applied=4512, prediction_changed=4512, skipped_tied_vote=0, skipped_low_margin=0, skipped_other=0
2026-04-20 22:33:10,525 - => Stage 3 Debug (attack-success): suspicious=4487/5364, correction_applied=4487, prediction_changed=4487, corrected_to_true=4487
2026-04-20 22:33:10,525 - => Stage 2 checkpoint score: mean(clean_acc=0.9301, recall=0.8365, correction_rate=0.8365) = 0.8677
2026-04-20 22:33:10,545 - => End Epoch: 50, early stop epochs: 14, best epoch: 36, best clean acc: 0.9292, best Top-2: 1.0000, best ASR: 0.1437, best RAC: 0.9078, anchor loss: 0.0289, best checkpoint score: 0.8699
2026-04-20 22:33:10,546 - => Stage 3 Detection Summary: recall: 0.8402, precision: 0.8145, f1: 0.8271, false positive rate: 0.0565, correction rate: 0.8402
