2026-04-09 23:14:49,001 - Namespace(config='', data_dir='./dataset/data_raw/', dataset='NUSWIDE', device=0, results_dir='./results/AVGuard/Fourclient/NUSWIDE/ema_scan/lambda_1.0_ema_0.990', seed=100, epoch=50, batch_size=256, client_num=4, pretrained_checkpoint=None, test_checkpoint=None, resume_latest=False, lr=0.001, start_epoch=0, print_steps=10, early_stop=0, attack='LFBA', target_label=None, poison_rate=0.1, poison_dimensions=10, trigger_feature_clip=1.0, attack_client_num=3, feature_extractor='', select_rate=0.3, lfba_poison_source='gradient', random_select=False, poison_all=False, anchor_idx=33930, pretrain_stage=0, mode='train', defense='anchor', defense_scheme='AVGuard', enable_stage1=True, force_stage1_retrain=False, enable_anchor_loss=True, lambda_anchor=1.0, lambda_stage1_anchor=0.3, anchor_pretrain_epochs=20, anchor_pretrain_early_stop=5, anchor_pretrain_min_delta=0.0001, anchor_scale=16.0, anchor_margin=0.2, anchor_bank_path='./results/AVGuard/Fourclient/NUSWIDE/NUSWIDE_anchor_stage1_4clients_chcm55_corr_edhwt/anchor_bank.pt', anchor_stage1_dir='./results/AVGuard/Fourclient/NUSWIDE/NUSWIDE_anchor_stage1_4clients_chcm55_corr_edhwt/anchor_stage1', anchor_ema_momentum=0.99, anchor_ema_update_freq=1, stage3_enable_joint_weighted_voting=True, stage3_enable_static_reliability=True, gamma=2.0, theta_supp=0.15, enable_conservative_correction=False, tau_corr=0.0, top_k=4, stage3_debug_batches=0, stage3_debug_max_samples=8, original_dataset='NUSWIDE', attack_target_label=None, anchor_margin_auto_adjusted=False, requested_anchor_margin=0.2)
2026-04-09 23:14:49,003 - => Defense scheme: AVGuard
2026-04-09 23:14:49,003 - => LFBA poison-set source: gradient
2026-04-09 23:14:49,003 - => Python executable: D:\Code\Miniconda\envs\backdoor\python.exe
2026-04-09 23:14:49,003 - => Torch version: 2.5.1+cu121, compiled CUDA: 12.1, cuda available: True, visible GPU count: 1
2026-04-09 23:14:49,003 - => Using GPU cuda:0 (NVIDIA GeForce RTX 4060 Laptop GPU)
2026-04-09 23:14:49,003 - => Preparing data...
2026-04-09 23:15:26,152 - => NUSWIDE total feature dim: 1634, client_num: 4, local output dims: [60, 16, 8, 16]
2026-04-09 23:15:26,152 - => NUSWIDE fixed feature order: [CH | CM55 | CORR | EDH | WT | Tags1k]
2026-04-09 23:15:26,152 - => NUSWIDE split: client0 = TEXT[1000]
2026-04-09 23:15:26,153 - => NUSWIDE split: client1 = CH + CM55 [289]
2026-04-09 23:15:26,153 - => NUSWIDE split: client2 = CORR [144]
2026-04-09 23:15:26,153 - => NUSWIDE split: client3 = EDH + WT [201]
2026-04-09 23:15:26,153 - => NUSWIDE attacker client: client3
2026-04-09 23:15:26,279 - => Resolved LFBA attack target label=3 from training anchor_idx=33930
2026-04-09 23:15:26,463 - => Loading stage1 local models and anchors from './results/AVGuard/Fourclient/NUSWIDE/NUSWIDE_anchor_stage1_4clients_chcm55_corr_edhwt/anchor_stage1/stage1_artifact.pt'
2026-04-09 23:15:26,681 - => Stage 3 is ready; it will use Stage 1 client reliability from the loaded anchor state when available. Stage 2 client anchor-loss stats are optional diagnostics.
2026-04-09 23:15:26,743 - =>Add Trigger to Test Data
2026-04-09 23:15:29,107 - Add Trigger to 37064 Bad Samples, 9629 Clean Samples (1.00)
2026-04-09 23:15:29,108 - => Start Training with LFBA...
2026-04-09 23:15:29,108 - => Enter Stage 2: joint VFL training starts from stage1 passive local backbones with frozen anchor heads
2026-04-09 23:15:29,108 - => Stage 2 anchor loss enabled: True
2026-04-09 23:15:29,108 - => Stage 2 EMA anchor calibration: momentum=0.9900, update_freq=1 epoch(s)
2026-04-09 23:15:29,108 - => Stage 2 latest checkpoint path: './results/AVGuard/Fourclient/NUSWIDE/ema_scan/lambda_1.0_ema_0.990\latest_checkpoint.pth.tar'
2026-04-09 23:15:29,108 - => Stage 2 best checkpoint path: './results/AVGuard/Fourclient/NUSWIDE/ema_scan/lambda_1.0_ema_0.990\best_checkpoint.pth.tar'
2026-04-09 23:15:29,120 - => Start Training for Injecting Backdoor...
2026-04-09 23:15:29,756 - Epoch: 1, 1/274: VFL loss: 1.6296, total loss: 1.7041, anchor loss: 0.0746, VFL train accuracy: 0.1211
2026-04-09 23:15:30,102 - Epoch: 1, 11/274: VFL loss: 1.4034, total loss: 1.4744, anchor loss: 0.0710, VFL train accuracy: 0.5327
2026-04-09 23:15:30,346 - Epoch: 1, 21/274: VFL loss: 1.1125, total loss: 1.1880, anchor loss: 0.0755, VFL train accuracy: 0.6468
2026-04-09 23:15:30,581 - Epoch: 1, 31/274: VFL loss: 0.9338, total loss: 1.0132, anchor loss: 0.0794, VFL train accuracy: 0.7088
2026-04-09 23:15:30,904 - Epoch: 1, 41/274: VFL loss: 0.8053, total loss: 0.8857, anchor loss: 0.0804, VFL train accuracy: 0.7522
2026-04-09 23:15:31,157 - Epoch: 1, 51/274: VFL loss: 0.7260, total loss: 0.8068, anchor loss: 0.0808, VFL train accuracy: 0.7758
2026-04-09 23:15:31,411 - Epoch: 1, 61/274: VFL loss: 0.6633, total loss: 0.7440, anchor loss: 0.0807, VFL train accuracy: 0.7942
2026-04-09 23:15:31,640 - Epoch: 1, 71/274: VFL loss: 0.6155, total loss: 0.6960, anchor loss: 0.0805, VFL train accuracy: 0.8080
2026-04-09 23:15:31,878 - Epoch: 1, 81/274: VFL loss: 0.5792, total loss: 0.6595, anchor loss: 0.0803, VFL train accuracy: 0.8191
2026-04-09 23:15:32,117 - Epoch: 1, 91/274: VFL loss: 0.5543, total loss: 0.6344, anchor loss: 0.0801, VFL train accuracy: 0.8263
2026-04-09 23:15:32,362 - Epoch: 1, 101/274: VFL loss: 0.5327, total loss: 0.6128, anchor loss: 0.0801, VFL train accuracy: 0.8326
2026-04-09 23:15:32,604 - Epoch: 1, 111/274: VFL loss: 0.5129, total loss: 0.5927, anchor loss: 0.0798, VFL train accuracy: 0.8386
2026-04-09 23:15:32,856 - Epoch: 1, 121/274: VFL loss: 0.4995, total loss: 0.5794, anchor loss: 0.0799, VFL train accuracy: 0.8431
2026-04-09 23:15:33,115 - Epoch: 1, 131/274: VFL loss: 0.4821, total loss: 0.5616, anchor loss: 0.0795, VFL train accuracy: 0.8484
2026-04-09 23:15:33,385 - Epoch: 1, 141/274: VFL loss: 0.4719, total loss: 0.5513, anchor loss: 0.0794, VFL train accuracy: 0.8512
2026-04-09 23:15:33,648 - Epoch: 1, 151/274: VFL loss: 0.4607, total loss: 0.5400, anchor loss: 0.0792, VFL train accuracy: 0.8539
2026-04-09 23:15:33,902 - Epoch: 1, 161/274: VFL loss: 0.4501, total loss: 0.5292, anchor loss: 0.0791, VFL train accuracy: 0.8572
2026-04-09 23:15:34,150 - Epoch: 1, 171/274: VFL loss: 0.4407, total loss: 0.5196, anchor loss: 0.0789, VFL train accuracy: 0.8603
2026-04-09 23:15:34,418 - Epoch: 1, 181/274: VFL loss: 0.4331, total loss: 0.5118, anchor loss: 0.0787, VFL train accuracy: 0.8626
2026-04-09 23:15:34,670 - Epoch: 1, 191/274: VFL loss: 0.4254, total loss: 0.5039, anchor loss: 0.0786, VFL train accuracy: 0.8648
2026-04-09 23:15:34,918 - Epoch: 1, 201/274: VFL loss: 0.4180, total loss: 0.4963, anchor loss: 0.0783, VFL train accuracy: 0.8670
2026-04-09 23:15:35,169 - Epoch: 1, 211/274: VFL loss: 0.4110, total loss: 0.4891, anchor loss: 0.0781, VFL train accuracy: 0.8693
2026-04-09 23:15:35,430 - Epoch: 1, 221/274: VFL loss: 0.4044, total loss: 0.4823, anchor loss: 0.0779, VFL train accuracy: 0.8710
2026-04-09 23:15:35,702 - Epoch: 1, 231/274: VFL loss: 0.3989, total loss: 0.4767, anchor loss: 0.0778, VFL train accuracy: 0.8727
2026-04-09 23:15:35,985 - Epoch: 1, 241/274: VFL loss: 0.3941, total loss: 0.4718, anchor loss: 0.0777, VFL train accuracy: 0.8741
2026-04-09 23:15:36,263 - Epoch: 1, 251/274: VFL loss: 0.3902, total loss: 0.4677, anchor loss: 0.0776, VFL train accuracy: 0.8750
2026-04-09 23:15:36,547 - Epoch: 1, 261/274: VFL loss: 0.3872, total loss: 0.4648, anchor loss: 0.0775, VFL train accuracy: 0.8757
2026-04-09 23:15:36,834 - Epoch: 1, 271/274: VFL loss: 0.3832, total loss: 0.4606, anchor loss: 0.0774, VFL train accuracy: 0.8767
2026-04-09 23:15:37,114 - => Recorded Stage 2 client anchor losses for epoch 1 to './results/AVGuard/Fourclient/NUSWIDE/ema_scan/lambda_1.0_ema_0.990\stage2_final_epoch_client_anchor_losses.json': {0: 0.077204, 1: 0.078971, 2: 0.065851, 3: 0.087393}
2026-04-09 23:15:37,157 - => Stage 2 EMA anchor update applied at epoch 1 with momentum 0.9900: updated classes per client {0: 5, 1: 5, 2: 5, 3: 5}
2026-04-09 23:15:37,157 - => Stage 2 Epoch 1 Training Summary: VFL loss: 0.3816, total loss: 0.4589, anchor loss: 0.0773, VFL train accuracy: 0.8772
2026-04-09 23:15:37,157 - => Test ASR...
2026-04-09 23:15:37,372 - =>Add Trigger to Test Data
2026-04-09 23:15:39,555 - Add Trigger to 37064 Bad Samples, 9629 Clean Samples (1.00)
2026-04-09 23:15:49,403 - => Test Epoch: 1, main task samples: 46693, attack samples: 46693, test loss: 0.3242, clean acc: 0.5958, Top-4: 0.9966, ASR: 0.3617, RAC: 0.5316, test target accuracy: 0.8939, stage3 final accuracy: 0.5958, stage3 final target accuracy: 0.5939, stage3 final asr: 0.3617, anchor loss: 0.0782
2026-04-09 23:15:49,403 - => Stage 3 Detection Summary: recall: 0.8058, precision: 0.1637, f1: 0.2721, false positive rate: 0.4207, correction rate: 0.5522
2026-04-09 23:15:49,403 - => Stage 3 Debug (clean): suspicious=19646/46693, correction_applied=19606, prediction_changed=19606, skipped_tied_vote=0, skipped_low_margin=0, skipped_other=40
2026-04-09 23:15:49,403 - => Stage 3 Debug (poison-valid): suspicious=21388/37064, correction_applied=21387, prediction_changed=21387, skipped_tied_vote=0, skipped_low_margin=0, skipped_other=1
2026-04-09 23:15:49,405 - => Stage 3 Debug (attack-success): suspicious=6716/8335, correction_applied=6715, prediction_changed=6715, corrected_to_true=4603
2026-04-09 23:15:49,405 - => Save best model...
2026-04-09 23:15:49,494 - => End Epoch: 1, early stop epochs: 0, best epoch: 1, best clean acc: 0.5958, best Top-4: 0.9966, best ASR: 0.3617, best RAC: 0.5316, anchor loss: 0.0782
2026-04-09 23:15:49,494 - => Stage 3 Detection Summary: recall: 0.8058, precision: 0.1637, f1: 0.2721, false positive rate: 0.4207, correction rate: 0.5522
2026-04-09 23:15:49,517 - => Rebuilt LFBA poison set from cached gradients: anchor label=3, poison samples=6996, same-label poison samples=4407, consistent rate=0.6299
2026-04-09 23:15:49,539 - => LFBA current anchor-derived target label: 3
2026-04-09 23:15:49,636 - =>Add Trigger to Train Data
2026-04-09 23:15:49,930 - Add Trigger to 6996 Bad Samples, 62970 Clean Samples (0.10)
2026-04-09 23:15:49,933 - => Start Training for Injecting Backdoor...
2026-04-09 23:15:49,976 - Epoch: 2, 1/274: VFL loss: 0.2426, total loss: 0.3163, anchor loss: 0.0737, VFL train accuracy: 0.9102
2026-04-09 23:15:50,482 - Epoch: 2, 11/274: VFL loss: 0.2186, total loss: 0.2887, anchor loss: 0.0700, VFL train accuracy: 0.9283
2026-04-09 23:15:50,802 - Epoch: 2, 21/274: VFL loss: 0.2100, total loss: 0.2797, anchor loss: 0.0696, VFL train accuracy: 0.9315
2026-04-09 23:15:51,105 - Epoch: 2, 31/274: VFL loss: 0.2111, total loss: 0.2806, anchor loss: 0.0695, VFL train accuracy: 0.9316
2026-04-09 23:15:51,379 - Epoch: 2, 41/274: VFL loss: 0.2117, total loss: 0.2812, anchor loss: 0.0695, VFL train accuracy: 0.9312
2026-04-09 23:15:51,662 - Epoch: 2, 51/274: VFL loss: 0.2125, total loss: 0.2821, anchor loss: 0.0696, VFL train accuracy: 0.9296
2026-04-09 23:15:51,947 - Epoch: 2, 61/274: VFL loss: 0.2117, total loss: 0.2815, anchor loss: 0.0698, VFL train accuracy: 0.9292
2026-04-09 23:15:52,221 - Epoch: 2, 71/274: VFL loss: 0.2115, total loss: 0.2813, anchor loss: 0.0698, VFL train accuracy: 0.9291
2026-04-09 23:15:52,474 - Epoch: 2, 81/274: VFL loss: 0.2175, total loss: 0.2875, anchor loss: 0.0700, VFL train accuracy: 0.9274
2026-04-09 23:15:52,744 - Epoch: 2, 91/274: VFL loss: 0.2170, total loss: 0.2870, anchor loss: 0.0700, VFL train accuracy: 0.9271
2026-04-09 23:15:53,020 - Epoch: 2, 101/274: VFL loss: 0.2181, total loss: 0.2881, anchor loss: 0.0699, VFL train accuracy: 0.9270
2026-04-09 23:15:53,279 - Epoch: 2, 111/274: VFL loss: 0.2184, total loss: 0.2884, anchor loss: 0.0700, VFL train accuracy: 0.9266
2026-04-09 23:15:53,526 - Epoch: 2, 121/274: VFL loss: 0.2184, total loss: 0.2885, anchor loss: 0.0700, VFL train accuracy: 0.9265
2026-04-09 23:15:53,785 - Epoch: 2, 131/274: VFL loss: 0.2185, total loss: 0.2885, anchor loss: 0.0700, VFL train accuracy: 0.9269
2026-04-09 23:15:54,035 - Epoch: 2, 141/274: VFL loss: 0.2175, total loss: 0.2874, anchor loss: 0.0700, VFL train accuracy: 0.9271
2026-04-09 23:15:54,267 - Epoch: 2, 151/274: VFL loss: 0.2156, total loss: 0.2854, anchor loss: 0.0698, VFL train accuracy: 0.9280
2026-04-09 23:15:54,506 - Epoch: 2, 161/274: VFL loss: 0.2153, total loss: 0.2851, anchor loss: 0.0698, VFL train accuracy: 0.9280
2026-04-09 23:15:54,756 - Epoch: 2, 171/274: VFL loss: 0.2160, total loss: 0.2858, anchor loss: 0.0698, VFL train accuracy: 0.9280
2026-04-09 23:15:55,003 - Epoch: 2, 181/274: VFL loss: 0.2157, total loss: 0.2852, anchor loss: 0.0696, VFL train accuracy: 0.9282
2026-04-09 23:15:55,245 - Epoch: 2, 191/274: VFL loss: 0.2162, total loss: 0.2858, anchor loss: 0.0696, VFL train accuracy: 0.9278
2026-04-09 23:15:55,486 - Epoch: 2, 201/274: VFL loss: 0.2171, total loss: 0.2867, anchor loss: 0.0696, VFL train accuracy: 0.9277
2026-04-09 23:15:55,732 - Epoch: 2, 211/274: VFL loss: 0.2179, total loss: 0.2876, anchor loss: 0.0697, VFL train accuracy: 0.9276
2026-04-09 23:15:55,971 - Epoch: 2, 221/274: VFL loss: 0.2173, total loss: 0.2870, anchor loss: 0.0697, VFL train accuracy: 0.9277
2026-04-09 23:15:56,203 - Epoch: 2, 231/274: VFL loss: 0.2178, total loss: 0.2875, anchor loss: 0.0697, VFL train accuracy: 0.9276
2026-04-09 23:15:56,444 - Epoch: 2, 241/274: VFL loss: 0.2188, total loss: 0.2886, anchor loss: 0.0698, VFL train accuracy: 0.9272
2026-04-09 23:15:56,690 - Epoch: 2, 251/274: VFL loss: 0.2189, total loss: 0.2887, anchor loss: 0.0698, VFL train accuracy: 0.9270
2026-04-09 23:15:56,945 - Epoch: 2, 261/274: VFL loss: 0.2181, total loss: 0.2879, anchor loss: 0.0697, VFL train accuracy: 0.9272
2026-04-09 23:15:57,198 - Epoch: 2, 271/274: VFL loss: 0.2193, total loss: 0.2890, anchor loss: 0.0697, VFL train accuracy: 0.9269
2026-04-09 23:15:57,277 - => Recorded Stage 2 client anchor losses for epoch 2 to './results/AVGuard/Fourclient/NUSWIDE/ema_scan/lambda_1.0_ema_0.990\stage2_final_epoch_client_anchor_losses.json': {0: 0.061236, 1: 0.074171, 2: 0.063361, 3: 0.080187}
2026-04-09 23:15:57,283 - => Stage 2 EMA anchor update applied at epoch 2 with momentum 0.9900: updated classes per client {0: 5, 1: 5, 2: 5, 3: 5}
2026-04-09 23:15:57,283 - => Stage 2 Epoch 2 Training Summary: VFL loss: 0.2193, total loss: 0.2890, anchor loss: 0.0697, VFL train accuracy: 0.9270
2026-04-09 23:15:57,283 - => Test ASR...
2026-04-09 23:15:57,410 - =>Add Trigger to Test Data
2026-04-09 23:15:59,750 - Add Trigger to 37064 Bad Samples, 9629 Clean Samples (1.00)
2026-04-09 23:16:09,107 - => Test Epoch: 2, main task samples: 46693, attack samples: 46693, test loss: 0.3438, clean acc: 0.5888, Top-4: 0.9967, ASR: 0.3526, RAC: 0.5410, test target accuracy: 0.9158, stage3 final accuracy: 0.5888, stage3 final target accuracy: 0.5861, stage3 final asr: 0.3526, anchor loss: 0.0766
2026-04-09 23:16:09,107 - => Stage 3 Detection Summary: recall: 0.8222, precision: 0.2236, f1: 0.3515, false positive rate: 0.4254, correction rate: 0.5877
2026-04-09 23:16:09,107 - => Stage 3 Debug (clean): suspicious=19865/46693, correction_applied=19809, prediction_changed=19809, skipped_tied_vote=0, skipped_low_margin=0, skipped_other=56
2026-04-09 23:16:09,107 - => Stage 3 Debug (poison-valid): suspicious=22074/37064, correction_applied=22073, prediction_changed=22073, skipped_tied_vote=0, skipped_low_margin=0, skipped_other=1
2026-04-09 23:16:09,107 - => Stage 3 Debug (attack-success): suspicious=9376/11404, correction_applied=9375, prediction_changed=9375, corrected_to_true=6702
2026-04-09 23:16:09,146 - => End Epoch: 2, early stop epochs: 1, best epoch: 1, best clean acc: 0.5958, best Top-4: 0.9966, best ASR: 0.3617, best RAC: 0.5316, anchor loss: 0.0782
2026-04-09 23:16:09,147 - => Stage 3 Detection Summary: recall: 0.8058, precision: 0.1637, f1: 0.2721, false positive rate: 0.4207, correction rate: 0.5522
2026-04-09 23:16:09,171 - => LFBA current anchor-derived target label: 3
2026-04-09 23:16:09,271 - =>Add Trigger to Train Data
2026-04-09 23:16:09,622 - Add Trigger to 6996 Bad Samples, 62970 Clean Samples (0.10)
2026-04-09 23:16:09,626 - => Start Training for Injecting Backdoor...
2026-04-09 23:16:09,660 - Epoch: 3, 1/274: VFL loss: 0.1330, total loss: 0.2010, anchor loss: 0.0681, VFL train accuracy: 0.9688
2026-04-09 23:16:10,102 - Epoch: 3, 11/274: VFL loss: 0.1491, total loss: 0.2165, anchor loss: 0.0674, VFL train accuracy: 0.9535
2026-04-09 23:16:10,356 - Epoch: 3, 21/274: VFL loss: 0.1541, total loss: 0.2218, anchor loss: 0.0677, VFL train accuracy: 0.9494
2026-04-09 23:16:10,621 - Epoch: 3, 31/274: VFL loss: 0.1509, total loss: 0.2183, anchor loss: 0.0674, VFL train accuracy: 0.9507
2026-04-09 23:16:10,893 - Epoch: 3, 41/274: VFL loss: 0.1494, total loss: 0.2170, anchor loss: 0.0675, VFL train accuracy: 0.9513
2026-04-09 23:16:11,164 - Epoch: 3, 51/274: VFL loss: 0.1494, total loss: 0.2169, anchor loss: 0.0675, VFL train accuracy: 0.9517
2026-04-09 23:16:11,449 - Epoch: 3, 61/274: VFL loss: 0.1480, total loss: 0.2155, anchor loss: 0.0674, VFL train accuracy: 0.9526
2026-04-09 23:16:11,672 - Epoch: 3, 71/274: VFL loss: 0.1482, total loss: 0.2155, anchor loss: 0.0673, VFL train accuracy: 0.9528
2026-04-09 23:16:11,915 - Epoch: 3, 81/274: VFL loss: 0.1503, total loss: 0.2178, anchor loss: 0.0675, VFL train accuracy: 0.9519
2026-04-09 23:16:12,167 - Epoch: 3, 91/274: VFL loss: 0.1515, total loss: 0.2190, anchor loss: 0.0676, VFL train accuracy: 0.9514
2026-04-09 23:16:12,409 - Epoch: 3, 101/274: VFL loss: 0.1530, total loss: 0.2207, anchor loss: 0.0677, VFL train accuracy: 0.9511
2026-04-09 23:16:12,653 - Epoch: 3, 111/274: VFL loss: 0.1528, total loss: 0.2204, anchor loss: 0.0676, VFL train accuracy: 0.9511
2026-04-09 23:16:12,912 - Epoch: 3, 121/274: VFL loss: 0.1527, total loss: 0.2202, anchor loss: 0.0675, VFL train accuracy: 0.9511
2026-04-09 23:16:13,163 - Epoch: 3, 131/274: VFL loss: 0.1532, total loss: 0.2208, anchor loss: 0.0676, VFL train accuracy: 0.9506
2026-04-09 23:16:13,421 - Epoch: 3, 141/274: VFL loss: 0.1524, total loss: 0.2201, anchor loss: 0.0677, VFL train accuracy: 0.9506
2026-04-09 23:16:13,676 - Epoch: 3, 151/274: VFL loss: 0.1532, total loss: 0.2208, anchor loss: 0.0676, VFL train accuracy: 0.9502
2026-04-09 23:16:13,926 - Epoch: 3, 161/274: VFL loss: 0.1549, total loss: 0.2226, anchor loss: 0.0677, VFL train accuracy: 0.9497
2026-04-09 23:16:14,179 - Epoch: 3, 171/274: VFL loss: 0.1548, total loss: 0.2225, anchor loss: 0.0677, VFL train accuracy: 0.9497
2026-04-09 23:16:14,430 - Epoch: 3, 181/274: VFL loss: 0.1543, total loss: 0.2219, anchor loss: 0.0677, VFL train accuracy: 0.9497
2026-04-09 23:16:14,683 - Epoch: 3, 191/274: VFL loss: 0.1551, total loss: 0.2228, anchor loss: 0.0677, VFL train accuracy: 0.9495
2026-04-09 23:16:14,933 - Epoch: 3, 201/274: VFL loss: 0.1566, total loss: 0.2243, anchor loss: 0.0677, VFL train accuracy: 0.9490
2026-04-09 23:16:15,185 - Epoch: 3, 211/274: VFL loss: 0.1586, total loss: 0.2264, anchor loss: 0.0678, VFL train accuracy: 0.9481
2026-04-09 23:16:15,433 - Epoch: 3, 221/274: VFL loss: 0.1589, total loss: 0.2267, anchor loss: 0.0679, VFL train accuracy: 0.9478
2026-04-09 23:16:15,695 - Epoch: 3, 231/274: VFL loss: 0.1591, total loss: 0.2269, anchor loss: 0.0678, VFL train accuracy: 0.9478
2026-04-09 23:16:15,961 - Epoch: 3, 241/274: VFL loss: 0.1590, total loss: 0.2268, anchor loss: 0.0677, VFL train accuracy: 0.9476
2026-04-09 23:16:16,210 - Epoch: 3, 251/274: VFL loss: 0.1594, total loss: 0.2271, anchor loss: 0.0677, VFL train accuracy: 0.9474
2026-04-09 23:16:16,466 - Epoch: 3, 261/274: VFL loss: 0.1601, total loss: 0.2278, anchor loss: 0.0677, VFL train accuracy: 0.9471
2026-04-09 23:16:16,731 - Epoch: 3, 271/274: VFL loss: 0.1604, total loss: 0.2281, anchor loss: 0.0677, VFL train accuracy: 0.9470
2026-04-09 23:16:16,813 - => Recorded Stage 2 client anchor losses for epoch 3 to './results/AVGuard/Fourclient/NUSWIDE/ema_scan/lambda_1.0_ema_0.990\stage2_final_epoch_client_anchor_losses.json': {0: 0.055881, 1: 0.072134, 2: 0.06207, 3: 0.080829}
2026-04-09 23:16:16,820 - => Stage 2 EMA anchor update applied at epoch 3 with momentum 0.9900: updated classes per client {0: 5, 1: 5, 2: 5, 3: 5}
2026-04-09 23:16:16,820 - => Stage 2 Epoch 3 Training Summary: VFL loss: 0.1610, total loss: 0.2288, anchor loss: 0.0677, VFL train accuracy: 0.9468
2026-04-09 23:16:16,820 - => Test ASR...
2026-04-09 23:16:16,947 - =>Add Trigger to Test Data
2026-04-09 23:16:19,110 - Add Trigger to 37064 Bad Samples, 9629 Clean Samples (1.00)
2026-04-09 23:16:28,132 - => Test Epoch: 3, main task samples: 46693, attack samples: 46693, test loss: 0.3641, clean acc: 0.5945, Top-4: 0.9963, ASR: 0.4162, RAC: 0.5020, test target accuracy: 0.8869, stage3 final accuracy: 0.5945, stage3 final target accuracy: 0.6091, stage3 final asr: 0.4162, anchor loss: 0.0748
2026-04-09 23:16:28,132 - => Stage 3 Detection Summary: recall: 0.8025, precision: 0.1481, f1: 0.2501, false positive rate: 0.4340, correction rate: 0.5403
2026-04-09 23:16:28,132 - => Stage 3 Debug (clean): suspicious=20266/46693, correction_applied=20215, prediction_changed=20215, skipped_tied_vote=0, skipped_low_margin=0, skipped_other=51
2026-04-09 23:16:28,134 - => Stage 3 Debug (poison-valid): suspicious=22329/37064, correction_applied=22326, prediction_changed=22326, skipped_tied_vote=0, skipped_low_margin=0, skipped_other=3
2026-04-09 23:16:28,134 - => Stage 3 Debug (attack-success): suspicious=6309/7862, correction_applied=6306, prediction_changed=6306, corrected_to_true=4248
2026-04-09 23:16:28,171 - => End Epoch: 3, early stop epochs: 2, best epoch: 1, best clean acc: 0.5958, best Top-4: 0.9966, best ASR: 0.3617, best RAC: 0.5316, anchor loss: 0.0782
2026-04-09 23:16:28,172 - => Stage 3 Detection Summary: recall: 0.8058, precision: 0.1637, f1: 0.2721, false positive rate: 0.4207, correction rate: 0.5522
2026-04-09 23:16:28,199 - => LFBA current anchor-derived target label: 3
2026-04-09 23:16:28,293 - =>Add Trigger to Train Data
2026-04-09 23:16:28,539 - Add Trigger to 6996 Bad Samples, 62970 Clean Samples (0.10)
2026-04-09 23:16:28,544 - => Start Training for Injecting Backdoor...
2026-04-09 23:16:28,584 - Epoch: 4, 1/274: VFL loss: 0.0677, total loss: 0.1330, anchor loss: 0.0653, VFL train accuracy: 0.9844
2026-04-09 23:16:29,069 - Epoch: 4, 11/274: VFL loss: 0.1124, total loss: 0.1766, anchor loss: 0.0642, VFL train accuracy: 0.9624
2026-04-09 23:16:29,377 - Epoch: 4, 21/274: VFL loss: 0.1085, total loss: 0.1731, anchor loss: 0.0646, VFL train accuracy: 0.9652
2026-04-09 23:16:29,676 - Epoch: 4, 31/274: VFL loss: 0.1082, total loss: 0.1724, anchor loss: 0.0643, VFL train accuracy: 0.9657
2026-04-09 23:16:29,983 - Epoch: 4, 41/274: VFL loss: 0.1078, total loss: 0.1718, anchor loss: 0.0641, VFL train accuracy: 0.9661
2026-04-09 23:16:30,278 - Epoch: 4, 51/274: VFL loss: 0.1039, total loss: 0.1679, anchor loss: 0.0640, VFL train accuracy: 0.9668
2026-04-09 23:16:30,565 - Epoch: 4, 61/274: VFL loss: 0.1028, total loss: 0.1670, anchor loss: 0.0641, VFL train accuracy: 0.9671
2026-04-09 23:16:30,865 - Epoch: 4, 71/274: VFL loss: 0.1037, total loss: 0.1679, anchor loss: 0.0642, VFL train accuracy: 0.9670
2026-04-09 23:16:31,153 - Epoch: 4, 81/274: VFL loss: 0.1045, total loss: 0.1689, anchor loss: 0.0644, VFL train accuracy: 0.9667
2026-04-09 23:16:31,415 - Epoch: 4, 91/274: VFL loss: 0.1051, total loss: 0.1697, anchor loss: 0.0645, VFL train accuracy: 0.9663
2026-04-09 23:16:31,671 - Epoch: 4, 101/274: VFL loss: 0.1063, total loss: 0.1709, anchor loss: 0.0647, VFL train accuracy: 0.9656
2026-04-09 23:16:31,953 - Epoch: 4, 111/274: VFL loss: 0.1056, total loss: 0.1702, anchor loss: 0.0646, VFL train accuracy: 0.9658
2026-04-09 23:16:32,204 - Epoch: 4, 121/274: VFL loss: 0.1059, total loss: 0.1704, anchor loss: 0.0646, VFL train accuracy: 0.9656
2026-04-09 23:16:32,453 - Epoch: 4, 131/274: VFL loss: 0.1057, total loss: 0.1703, anchor loss: 0.0646, VFL train accuracy: 0.9657
2026-04-09 23:16:32,741 - Epoch: 4, 141/274: VFL loss: 0.1050, total loss: 0.1697, anchor loss: 0.0646, VFL train accuracy: 0.9656
2026-04-09 23:16:32,982 - Epoch: 4, 151/274: VFL loss: 0.1060, total loss: 0.1707, anchor loss: 0.0647, VFL train accuracy: 0.9652
2026-04-09 23:16:33,212 - Epoch: 4, 161/274: VFL loss: 0.1058, total loss: 0.1705, anchor loss: 0.0647, VFL train accuracy: 0.9654
2026-04-09 23:16:33,456 - Epoch: 4, 171/274: VFL loss: 0.1072, total loss: 0.1720, anchor loss: 0.0648, VFL train accuracy: 0.9649
2026-04-09 23:16:33,688 - Epoch: 4, 181/274: VFL loss: 0.1080, total loss: 0.1730, anchor loss: 0.0650, VFL train accuracy: 0.9648
2026-04-09 23:16:33,932 - Epoch: 4, 191/274: VFL loss: 0.1086, total loss: 0.1736, anchor loss: 0.0650, VFL train accuracy: 0.9646
2026-04-09 23:16:34,157 - Epoch: 4, 201/274: VFL loss: 0.1093, total loss: 0.1743, anchor loss: 0.0650, VFL train accuracy: 0.9643
2026-04-09 23:16:34,391 - Epoch: 4, 211/274: VFL loss: 0.1100, total loss: 0.1751, anchor loss: 0.0650, VFL train accuracy: 0.9639
2026-04-09 23:16:34,628 - Epoch: 4, 221/274: VFL loss: 0.1113, total loss: 0.1764, anchor loss: 0.0651, VFL train accuracy: 0.9635
2026-04-09 23:16:34,878 - Epoch: 4, 231/274: VFL loss: 0.1122, total loss: 0.1774, anchor loss: 0.0652, VFL train accuracy: 0.9633
2026-04-09 23:16:35,106 - Epoch: 4, 241/274: VFL loss: 0.1125, total loss: 0.1778, anchor loss: 0.0653, VFL train accuracy: 0.9631
2026-04-09 23:16:35,501 - Epoch: 4, 251/274: VFL loss: 0.1129, total loss: 0.1781, anchor loss: 0.0652, VFL train accuracy: 0.9631
2026-04-09 23:16:35,743 - Epoch: 4, 261/274: VFL loss: 0.1131, total loss: 0.1784, anchor loss: 0.0653, VFL train accuracy: 0.9628
2026-04-09 23:16:36,016 - Epoch: 4, 271/274: VFL loss: 0.1135, total loss: 0.1788, anchor loss: 0.0653, VFL train accuracy: 0.9627
2026-04-09 23:16:36,106 - => Recorded Stage 2 client anchor losses for epoch 4 to './results/AVGuard/Fourclient/NUSWIDE/ema_scan/lambda_1.0_ema_0.990\stage2_final_epoch_client_anchor_losses.json': {0: 0.05141, 1: 0.070981, 2: 0.061142, 3: 0.077731}
2026-04-09 23:16:36,112 - => Stage 2 EMA anchor update applied at epoch 4 with momentum 0.9900: updated classes per client {0: 5, 1: 5, 2: 5, 3: 5}
2026-04-09 23:16:36,112 - => Stage 2 Epoch 4 Training Summary: VFL loss: 0.1141, total loss: 0.1794, anchor loss: 0.0653, VFL train accuracy: 0.9625
2026-04-09 23:16:36,112 - => Test ASR...
2026-04-09 23:16:36,232 - =>Add Trigger to Test Data
2026-04-09 23:16:38,528 - Add Trigger to 37064 Bad Samples, 9629 Clean Samples (1.00)
2026-04-09 23:16:47,518 - => Test Epoch: 4, main task samples: 46693, attack samples: 46693, test loss: 0.4106, clean acc: 0.5838, Top-4: 0.9962, ASR: 0.3964, RAC: 0.4888, test target accuracy: 0.8897, stage3 final accuracy: 0.5838, stage3 final target accuracy: 0.5815, stage3 final asr: 0.3964, anchor loss: 0.0756
2026-04-09 23:16:47,518 - => Stage 3 Detection Summary: recall: 0.8102, precision: 0.1429, f1: 0.2430, false positive rate: 0.4458, correction rate: 0.5344
2026-04-09 23:16:47,518 - => Stage 3 Debug (clean): suspicious=20816/46693, correction_applied=20767, prediction_changed=20767, skipped_tied_vote=0, skipped_low_margin=0, skipped_other=49
2026-04-09 23:16:47,518 - => Stage 3 Debug (poison-valid): suspicious=22886/37064, correction_applied=22880, prediction_changed=22880, skipped_tied_vote=0, skipped_low_margin=0, skipped_other=6
2026-04-09 23:16:47,518 - => Stage 3 Debug (attack-success): suspicious=6247/7710, correction_applied=6245, prediction_changed=6245, corrected_to_true=4120
2026-04-09 23:16:47,559 - => End Epoch: 4, early stop epochs: 3, best epoch: 1, best clean acc: 0.5958, best Top-4: 0.9966, best ASR: 0.3617, best RAC: 0.5316, anchor loss: 0.0782
2026-04-09 23:16:47,559 - => Stage 3 Detection Summary: recall: 0.8058, precision: 0.1637, f1: 0.2721, false positive rate: 0.4207, correction rate: 0.5522
2026-04-09 23:16:47,586 - => LFBA current anchor-derived target label: 3
2026-04-09 23:16:47,675 - =>Add Trigger to Train Data
2026-04-09 23:16:47,902 - Add Trigger to 6996 Bad Samples, 62970 Clean Samples (0.10)
2026-04-09 23:16:47,905 - => Start Training for Injecting Backdoor...
2026-04-09 23:16:47,940 - Epoch: 5, 1/274: VFL loss: 0.0795, total loss: 0.1424, anchor loss: 0.0628, VFL train accuracy: 0.9688
2026-04-09 23:16:48,388 - Epoch: 5, 11/274: VFL loss: 0.0839, total loss: 0.1485, anchor loss: 0.0646, VFL train accuracy: 0.9716
2026-04-09 23:16:48,718 - Epoch: 5, 21/274: VFL loss: 0.0784, total loss: 0.1428, anchor loss: 0.0644, VFL train accuracy: 0.9734
2026-04-09 23:16:49,029 - Epoch: 5, 31/274: VFL loss: 0.0774, total loss: 0.1411, anchor loss: 0.0637, VFL train accuracy: 0.9740
2026-04-09 23:16:49,312 - Epoch: 5, 41/274: VFL loss: 0.0748, total loss: 0.1381, anchor loss: 0.0633, VFL train accuracy: 0.9753
2026-04-09 23:16:49,589 - Epoch: 5, 51/274: VFL loss: 0.0742, total loss: 0.1372, anchor loss: 0.0631, VFL train accuracy: 0.9759
2026-04-09 23:16:49,849 - Epoch: 5, 61/274: VFL loss: 0.0777, total loss: 0.1410, anchor loss: 0.0633, VFL train accuracy: 0.9744
2026-04-09 23:16:50,125 - Epoch: 5, 71/274: VFL loss: 0.0756, total loss: 0.1387, anchor loss: 0.0632, VFL train accuracy: 0.9749
2026-04-09 23:16:50,388 - Epoch: 5, 81/274: VFL loss: 0.0755, total loss: 0.1387, anchor loss: 0.0632, VFL train accuracy: 0.9752
2026-04-09 23:16:50,616 - Epoch: 5, 91/274: VFL loss: 0.0756, total loss: 0.1388, anchor loss: 0.0632, VFL train accuracy: 0.9754
2026-04-09 23:16:50,858 - Epoch: 5, 101/274: VFL loss: 0.0750, total loss: 0.1382, anchor loss: 0.0632, VFL train accuracy: 0.9756
2026-04-09 23:16:51,100 - Epoch: 5, 111/274: VFL loss: 0.0753, total loss: 0.1384, anchor loss: 0.0631, VFL train accuracy: 0.9756
2026-04-09 23:16:51,325 - Epoch: 5, 121/274: VFL loss: 0.0748, total loss: 0.1378, anchor loss: 0.0631, VFL train accuracy: 0.9758
2026-04-09 23:16:51,558 - Epoch: 5, 131/274: VFL loss: 0.0752, total loss: 0.1384, anchor loss: 0.0631, VFL train accuracy: 0.9756
2026-04-09 23:16:51,791 - Epoch: 5, 141/274: VFL loss: 0.0751, total loss: 0.1382, anchor loss: 0.0631, VFL train accuracy: 0.9756
2026-04-09 23:16:52,039 - Epoch: 5, 151/274: VFL loss: 0.0761, total loss: 0.1393, anchor loss: 0.0632, VFL train accuracy: 0.9754
2026-04-09 23:16:52,289 - Epoch: 5, 161/274: VFL loss: 0.0772, total loss: 0.1405, anchor loss: 0.0632, VFL train accuracy: 0.9749
2026-04-09 23:16:52,545 - Epoch: 5, 171/274: VFL loss: 0.0776, total loss: 0.1409, anchor loss: 0.0633, VFL train accuracy: 0.9748
2026-04-09 23:16:52,803 - Epoch: 5, 181/274: VFL loss: 0.0781, total loss: 0.1415, anchor loss: 0.0634, VFL train accuracy: 0.9746
2026-04-09 23:16:53,051 - Epoch: 5, 191/274: VFL loss: 0.0792, total loss: 0.1426, anchor loss: 0.0635, VFL train accuracy: 0.9744
2026-04-09 23:16:53,300 - Epoch: 5, 201/274: VFL loss: 0.0797, total loss: 0.1431, anchor loss: 0.0634, VFL train accuracy: 0.9742
2026-04-09 23:16:53,549 - Epoch: 5, 211/274: VFL loss: 0.0806, total loss: 0.1441, anchor loss: 0.0635, VFL train accuracy: 0.9739
2026-04-09 23:16:53,815 - Epoch: 5, 221/274: VFL loss: 0.0809, total loss: 0.1444, anchor loss: 0.0635, VFL train accuracy: 0.9739
2026-04-09 23:16:54,082 - Epoch: 5, 231/274: VFL loss: 0.0816, total loss: 0.1451, anchor loss: 0.0636, VFL train accuracy: 0.9737
2026-04-09 23:16:54,343 - Epoch: 5, 241/274: VFL loss: 0.0814, total loss: 0.1449, anchor loss: 0.0635, VFL train accuracy: 0.9738
2026-04-09 23:16:54,599 - Epoch: 5, 251/274: VFL loss: 0.0818, total loss: 0.1453, anchor loss: 0.0635, VFL train accuracy: 0.9737
2026-04-09 23:16:54,848 - Epoch: 5, 261/274: VFL loss: 0.0817, total loss: 0.1453, anchor loss: 0.0635, VFL train accuracy: 0.9737
2026-04-09 23:16:55,122 - Epoch: 5, 271/274: VFL loss: 0.0826, total loss: 0.1462, anchor loss: 0.0636, VFL train accuracy: 0.9735
2026-04-09 23:16:55,198 - => Recorded Stage 2 client anchor losses for epoch 5 to './results/AVGuard/Fourclient/NUSWIDE/ema_scan/lambda_1.0_ema_0.990\stage2_final_epoch_client_anchor_losses.json': {0: 0.046333, 1: 0.069962, 2: 0.059996, 3: 0.077781}
2026-04-09 23:16:55,205 - => Stage 2 EMA anchor update applied at epoch 5 with momentum 0.9900: updated classes per client {0: 5, 1: 5, 2: 5, 3: 5}
2026-04-09 23:16:55,205 - => Stage 2 Epoch 5 Training Summary: VFL loss: 0.0825, total loss: 0.1460, anchor loss: 0.0635, VFL train accuracy: 0.9735
2026-04-09 23:16:55,205 - => Test ASR...
2026-04-09 23:16:55,324 - =>Add Trigger to Test Data
2026-04-09 23:16:57,528 - Add Trigger to 37064 Bad Samples, 9629 Clean Samples (1.00)
2026-04-09 23:17:06,632 - => Test Epoch: 5, main task samples: 46693, attack samples: 46693, test loss: 0.4806, clean acc: 0.5944, Top-4: 0.9963, ASR: 0.3715, RAC: 0.4902, test target accuracy: 0.9159, stage3 final accuracy: 0.5944, stage3 final target accuracy: 0.5909, stage3 final asr: 0.3715, anchor loss: 0.0745
2026-04-09 23:17:06,633 - => Stage 3 Detection Summary: recall: 0.7498, precision: 0.1249, f1: 0.2142, false positive rate: 0.4269, correction rate: 0.4705
2026-04-09 23:17:06,633 - => Stage 3 Debug (clean): suspicious=19935/46693, correction_applied=19886, prediction_changed=19886, skipped_tied_vote=0, skipped_low_margin=0, skipped_other=49
2026-04-09 23:17:06,633 - => Stage 3 Debug (poison-valid): suspicious=21699/37064, correction_applied=21690, prediction_changed=21690, skipped_tied_vote=0, skipped_low_margin=0, skipped_other=9
2026-04-09 23:17:06,633 - => Stage 3 Debug (attack-success): suspicious=5202/6938, correction_applied=5200, prediction_changed=5200, corrected_to_true=3264
2026-04-09 23:17:06,670 - => End Epoch: 5, early stop epochs: 4, best epoch: 1, best clean acc: 0.5958, best Top-4: 0.9966, best ASR: 0.3617, best RAC: 0.5316, anchor loss: 0.0782
2026-04-09 23:17:06,670 - => Stage 3 Detection Summary: recall: 0.8058, precision: 0.1637, f1: 0.2721, false positive rate: 0.4207, correction rate: 0.5522
2026-04-09 23:17:06,695 - => LFBA current anchor-derived target label: 3
2026-04-09 23:17:06,788 - =>Add Trigger to Train Data
2026-04-09 23:17:07,013 - Add Trigger to 6996 Bad Samples, 62970 Clean Samples (0.10)
2026-04-09 23:17:07,018 - => Start Training for Injecting Backdoor...
2026-04-09 23:17:07,055 - Epoch: 6, 1/274: VFL loss: 0.0656, total loss: 0.1245, anchor loss: 0.0589, VFL train accuracy: 0.9766
2026-04-09 23:17:07,490 - Epoch: 6, 11/274: VFL loss: 0.0604, total loss: 0.1211, anchor loss: 0.0607, VFL train accuracy: 0.9794
2026-04-09 23:17:07,775 - Epoch: 6, 21/274: VFL loss: 0.0552, total loss: 0.1164, anchor loss: 0.0612, VFL train accuracy: 0.9827
2026-04-09 23:17:08,062 - Epoch: 6, 31/274: VFL loss: 0.0512, total loss: 0.1120, anchor loss: 0.0608, VFL train accuracy: 0.9841
2026-04-09 23:17:08,343 - Epoch: 6, 41/274: VFL loss: 0.0512, total loss: 0.1122, anchor loss: 0.0610, VFL train accuracy: 0.9844
2026-04-09 23:17:08,623 - Epoch: 6, 51/274: VFL loss: 0.0521, total loss: 0.1133, anchor loss: 0.0612, VFL train accuracy: 0.9850
2026-04-09 23:17:08,897 - Epoch: 6, 61/274: VFL loss: 0.0528, total loss: 0.1139, anchor loss: 0.0611, VFL train accuracy: 0.9851
2026-04-09 23:17:09,175 - Epoch: 6, 71/274: VFL loss: 0.0534, total loss: 0.1144, anchor loss: 0.0610, VFL train accuracy: 0.9848
2026-04-09 23:17:09,432 - Epoch: 6, 81/274: VFL loss: 0.0516, total loss: 0.1124, anchor loss: 0.0607, VFL train accuracy: 0.9851
2026-04-09 23:17:09,680 - Epoch: 6, 91/274: VFL loss: 0.0518, total loss: 0.1125, anchor loss: 0.0607, VFL train accuracy: 0.9850
2026-04-09 23:17:09,952 - Epoch: 6, 101/274: VFL loss: 0.0519, total loss: 0.1126, anchor loss: 0.0607, VFL train accuracy: 0.9845
2026-04-09 23:17:10,194 - Epoch: 6, 111/274: VFL loss: 0.0530, total loss: 0.1138, anchor loss: 0.0608, VFL train accuracy: 0.9838
2026-04-09 23:17:10,451 - Epoch: 6, 121/274: VFL loss: 0.0545, total loss: 0.1154, anchor loss: 0.0609, VFL train accuracy: 0.9831
2026-04-09 23:17:10,710 - Epoch: 6, 131/274: VFL loss: 0.0550, total loss: 0.1160, anchor loss: 0.0610, VFL train accuracy: 0.9828
2026-04-09 23:17:10,973 - Epoch: 6, 141/274: VFL loss: 0.0555, total loss: 0.1167, anchor loss: 0.0612, VFL train accuracy: 0.9824
2026-04-09 23:17:11,241 - Epoch: 6, 151/274: VFL loss: 0.0557, total loss: 0.1169, anchor loss: 0.0612, VFL train accuracy: 0.9823
2026-04-09 23:17:11,499 - Epoch: 6, 161/274: VFL loss: 0.0562, total loss: 0.1175, anchor loss: 0.0613, VFL train accuracy: 0.9819
2026-04-09 23:17:11,755 - Epoch: 6, 171/274: VFL loss: 0.0561, total loss: 0.1174, anchor loss: 0.0613, VFL train accuracy: 0.9820
2026-04-09 23:17:12,017 - Epoch: 6, 181/274: VFL loss: 0.0564, total loss: 0.1177, anchor loss: 0.0613, VFL train accuracy: 0.9820
2026-04-09 23:17:12,265 - Epoch: 6, 191/274: VFL loss: 0.0566, total loss: 0.1180, anchor loss: 0.0614, VFL train accuracy: 0.9820
2026-04-09 23:17:12,527 - Epoch: 6, 201/274: VFL loss: 0.0568, total loss: 0.1182, anchor loss: 0.0614, VFL train accuracy: 0.9819
2026-04-09 23:17:12,815 - Epoch: 6, 211/274: VFL loss: 0.0575, total loss: 0.1191, anchor loss: 0.0616, VFL train accuracy: 0.9815
2026-04-09 23:17:13,092 - Epoch: 6, 221/274: VFL loss: 0.0579, total loss: 0.1195, anchor loss: 0.0616, VFL train accuracy: 0.9813
2026-04-09 23:17:13,341 - Epoch: 6, 231/274: VFL loss: 0.0586, total loss: 0.1203, anchor loss: 0.0617, VFL train accuracy: 0.9808
2026-04-09 23:17:13,585 - Epoch: 6, 241/274: VFL loss: 0.0597, total loss: 0.1214, anchor loss: 0.0617, VFL train accuracy: 0.9804
2026-04-09 23:17:13,827 - Epoch: 6, 251/274: VFL loss: 0.0595, total loss: 0.1212, anchor loss: 0.0617, VFL train accuracy: 0.9804
2026-04-09 23:17:14,067 - Epoch: 6, 261/274: VFL loss: 0.0597, total loss: 0.1214, anchor loss: 0.0617, VFL train accuracy: 0.9803
2026-04-09 23:17:14,311 - Epoch: 6, 271/274: VFL loss: 0.0599, total loss: 0.1216, anchor loss: 0.0617, VFL train accuracy: 0.9801
2026-04-09 23:17:14,389 - => Recorded Stage 2 client anchor losses for epoch 6 to './results/AVGuard/Fourclient/NUSWIDE/ema_scan/lambda_1.0_ema_0.990\stage2_final_epoch_client_anchor_losses.json': {0: 0.043308, 1: 0.06943, 2: 0.058974, 3: 0.075124}
2026-04-09 23:17:14,395 - => Stage 2 EMA anchor update applied at epoch 6 with momentum 0.9900: updated classes per client {0: 5, 1: 5, 2: 5, 3: 5}
2026-04-09 23:17:14,395 - => Stage 2 Epoch 6 Training Summary: VFL loss: 0.0601, total loss: 0.1218, anchor loss: 0.0617, VFL train accuracy: 0.9801
2026-04-09 23:17:14,395 - => Test ASR...
2026-04-09 23:17:14,519 - =>Add Trigger to Test Data
2026-04-09 23:17:16,688 - Add Trigger to 37064 Bad Samples, 9629 Clean Samples (1.00)
2026-04-09 23:17:25,630 - => Test Epoch: 6, main task samples: 46693, attack samples: 46693, test loss: 0.5305, clean acc: 0.5912, Top-4: 0.9966, ASR: 0.3894, RAC: 0.4722, test target accuracy: 0.8447, stage3 final accuracy: 0.5912, stage3 final target accuracy: 0.5573, stage3 final asr: 0.3894, anchor loss: 0.0739
2026-04-09 23:17:25,630 - => Stage 3 Detection Summary: recall: 0.7204, precision: 0.0732, f1: 0.1330, false positive rate: 0.4417, correction rate: 0.4259
2026-04-09 23:17:25,630 - => Stage 3 Debug (clean): suspicious=20625/46693, correction_applied=20576, prediction_changed=20576, skipped_tied_vote=0, skipped_low_margin=0, skipped_other=49
2026-04-09 23:17:25,630 - => Stage 3 Debug (poison-valid): suspicious=21657/37064, correction_applied=21651, prediction_changed=21651, skipped_tied_vote=0, skipped_low_margin=0, skipped_other=6
2026-04-09 23:17:25,631 - => Stage 3 Debug (attack-success): suspicious=3097/4299, correction_applied=3094, prediction_changed=3094, corrected_to_true=1831
2026-04-09 23:17:25,670 - => End Epoch: 6, early stop epochs: 5, best epoch: 1, best clean acc: 0.5958, best Top-4: 0.9966, best ASR: 0.3617, best RAC: 0.5316, anchor loss: 0.0782
2026-04-09 23:17:25,670 - => Stage 3 Detection Summary: recall: 0.8058, precision: 0.1637, f1: 0.2721, false positive rate: 0.4207, correction rate: 0.5522
2026-04-09 23:17:25,711 - => LFBA current anchor-derived target label: 3
2026-04-09 23:17:25,889 - =>Add Trigger to Train Data
2026-04-09 23:17:26,259 - Add Trigger to 6996 Bad Samples, 62970 Clean Samples (0.10)
2026-04-09 23:17:26,262 - => Start Training for Injecting Backdoor...
2026-04-09 23:17:26,294 - Epoch: 7, 1/274: VFL loss: 0.0403, total loss: 0.1001, anchor loss: 0.0598, VFL train accuracy: 0.9844
2026-04-09 23:17:26,791 - Epoch: 7, 11/274: VFL loss: 0.0405, total loss: 0.1016, anchor loss: 0.0612, VFL train accuracy: 0.9872
2026-04-09 23:17:27,057 - Epoch: 7, 21/274: VFL loss: 0.0423, total loss: 0.1029, anchor loss: 0.0606, VFL train accuracy: 0.9883
2026-04-09 23:17:27,299 - Epoch: 7, 31/274: VFL loss: 0.0421, total loss: 0.1025, anchor loss: 0.0604, VFL train accuracy: 0.9874
2026-04-09 23:17:27,591 - Epoch: 7, 41/274: VFL loss: 0.0425, total loss: 0.1029, anchor loss: 0.0604, VFL train accuracy: 0.9877
2026-04-09 23:17:27,832 - Epoch: 7, 51/274: VFL loss: 0.0443, total loss: 0.1048, anchor loss: 0.0605, VFL train accuracy: 0.9867
2026-04-09 23:17:28,166 - Epoch: 7, 61/274: VFL loss: 0.0440, total loss: 0.1043, anchor loss: 0.0603, VFL train accuracy: 0.9869
2026-04-09 23:17:28,656 - Epoch: 7, 71/274: VFL loss: 0.0427, total loss: 0.1028, anchor loss: 0.0601, VFL train accuracy: 0.9872
2026-04-09 23:17:29,030 - Epoch: 7, 81/274: VFL loss: 0.0421, total loss: 0.1024, anchor loss: 0.0603, VFL train accuracy: 0.9872
2026-04-09 23:17:29,360 - Epoch: 7, 91/274: VFL loss: 0.0421, total loss: 0.1025, anchor loss: 0.0604, VFL train accuracy: 0.9874
2026-04-09 23:17:29,690 - Epoch: 7, 101/274: VFL loss: 0.0425, total loss: 0.1028, anchor loss: 0.0603, VFL train accuracy: 0.9871
2026-04-09 23:17:30,045 - Epoch: 7, 111/274: VFL loss: 0.0440, total loss: 0.1044, anchor loss: 0.0604, VFL train accuracy: 0.9866
2026-04-09 23:17:30,369 - Epoch: 7, 121/274: VFL loss: 0.0436, total loss: 0.1041, anchor loss: 0.0605, VFL train accuracy: 0.9868
2026-04-09 23:17:30,735 - Epoch: 7, 131/274: VFL loss: 0.0434, total loss: 0.1039, anchor loss: 0.0605, VFL train accuracy: 0.9866
2026-04-09 23:17:31,083 - Epoch: 7, 141/274: VFL loss: 0.0434, total loss: 0.1040, anchor loss: 0.0605, VFL train accuracy: 0.9865
2026-04-09 23:17:31,417 - Epoch: 7, 151/274: VFL loss: 0.0430, total loss: 0.1035, anchor loss: 0.0605, VFL train accuracy: 0.9865
2026-04-09 23:17:31,745 - Epoch: 7, 161/274: VFL loss: 0.0433, total loss: 0.1038, anchor loss: 0.0605, VFL train accuracy: 0.9864
2026-04-09 23:17:32,092 - Epoch: 7, 171/274: VFL loss: 0.0432, total loss: 0.1037, anchor loss: 0.0605, VFL train accuracy: 0.9863
2026-04-09 23:17:32,423 - Epoch: 7, 181/274: VFL loss: 0.0427, total loss: 0.1032, anchor loss: 0.0605, VFL train accuracy: 0.9865
2026-04-09 23:17:32,755 - Epoch: 7, 191/274: VFL loss: 0.0437, total loss: 0.1042, anchor loss: 0.0605, VFL train accuracy: 0.9862
2026-04-09 23:17:33,086 - Epoch: 7, 201/274: VFL loss: 0.0443, total loss: 0.1048, anchor loss: 0.0605, VFL train accuracy: 0.9860
2026-04-09 23:17:33,454 - Epoch: 7, 211/274: VFL loss: 0.0444, total loss: 0.1049, anchor loss: 0.0605, VFL train accuracy: 0.9859
2026-04-09 23:17:33,816 - Epoch: 7, 221/274: VFL loss: 0.0447, total loss: 0.1053, anchor loss: 0.0606, VFL train accuracy: 0.9858
2026-04-09 23:17:34,312 - Epoch: 7, 231/274: VFL loss: 0.0451, total loss: 0.1057, anchor loss: 0.0606, VFL train accuracy: 0.9856
2026-04-09 23:17:34,660 - Epoch: 7, 241/274: VFL loss: 0.0458, total loss: 0.1065, anchor loss: 0.0606, VFL train accuracy: 0.9854
2026-04-09 23:17:34,992 - Epoch: 7, 251/274: VFL loss: 0.0463, total loss: 0.1070, anchor loss: 0.0606, VFL train accuracy: 0.9851
2026-04-09 23:17:35,311 - Epoch: 7, 261/274: VFL loss: 0.0470, total loss: 0.1077, anchor loss: 0.0607, VFL train accuracy: 0.9849
2026-04-09 23:17:35,635 - Epoch: 7, 271/274: VFL loss: 0.0471, total loss: 0.1078, anchor loss: 0.0607, VFL train accuracy: 0.9849
2026-04-09 23:17:35,740 - => Recorded Stage 2 client anchor losses for epoch 7 to './results/AVGuard/Fourclient/NUSWIDE/ema_scan/lambda_1.0_ema_0.990\stage2_final_epoch_client_anchor_losses.json': {0: 0.040865, 1: 0.068242, 2: 0.058152, 3: 0.07556}
2026-04-09 23:17:35,752 - => Stage 2 EMA anchor update applied at epoch 7 with momentum 0.9900: updated classes per client {0: 5, 1: 5, 2: 5, 3: 5}
2026-04-09 23:17:35,753 - => Stage 2 Epoch 7 Training Summary: VFL loss: 0.0474, total loss: 0.1082, anchor loss: 0.0607, VFL train accuracy: 0.9847
2026-04-09 23:17:35,753 - => Test ASR...
2026-04-09 23:17:35,889 - =>Add Trigger to Test Data
2026-04-09 23:17:38,309 - Add Trigger to 37064 Bad Samples, 9629 Clean Samples (1.00)
2026-04-09 23:17:50,797 - => Test Epoch: 7, main task samples: 46693, attack samples: 46693, test loss: 0.5859, clean acc: 0.5928, Top-4: 0.9955, ASR: 0.3492, RAC: 0.4834, test target accuracy: 0.8916, stage3 final accuracy: 0.5928, stage3 final target accuracy: 0.5998, stage3 final asr: 0.3492, anchor loss: 0.0727
2026-04-09 23:17:50,798 - => Stage 3 Detection Summary: recall: 0.6992, precision: 0.0801, f1: 0.1437, false positive rate: 0.4399, correction rate: 0.4267
2026-04-09 23:17:50,798 - => Stage 3 Debug (clean): suspicious=20542/46693, correction_applied=20486, prediction_changed=20486, skipped_tied_vote=0, skipped_low_margin=0, skipped_other=56
2026-04-09 23:17:50,798 - => Stage 3 Debug (poison-valid): suspicious=21818/37064, correction_applied=21816, prediction_changed=21816, skipped_tied_vote=0, skipped_low_margin=0, skipped_other=2
2026-04-09 23:17:50,798 - => Stage 3 Debug (attack-success): suspicious=3392/4851, correction_applied=3391, prediction_changed=3391, corrected_to_true=2070
2026-04-09 23:17:50,837 - => End Epoch: 7, early stop epochs: 6, best epoch: 1, best clean acc: 0.5958, best Top-4: 0.9966, best ASR: 0.3617, best RAC: 0.5316, anchor loss: 0.0782
2026-04-09 23:17:50,837 - => Stage 3 Detection Summary: recall: 0.8058, precision: 0.1637, f1: 0.2721, false positive rate: 0.4207, correction rate: 0.5522
2026-04-09 23:17:50,870 - => LFBA current anchor-derived target label: 3
2026-04-09 23:17:50,961 - =>Add Trigger to Train Data
2026-04-09 23:17:51,199 - Add Trigger to 6996 Bad Samples, 62970 Clean Samples (0.10)
2026-04-09 23:17:51,203 - => Start Training for Injecting Backdoor...
2026-04-09 23:17:51,249 - Epoch: 8, 1/274: VFL loss: 0.0165, total loss: 0.0746, anchor loss: 0.0581, VFL train accuracy: 0.9961
2026-04-09 23:17:51,776 - Epoch: 8, 11/274: VFL loss: 0.0487, total loss: 0.1092, anchor loss: 0.0605, VFL train accuracy: 0.9854
2026-04-09 23:17:52,106 - Epoch: 8, 21/274: VFL loss: 0.0500, total loss: 0.1100, anchor loss: 0.0600, VFL train accuracy: 0.9868
2026-04-09 23:17:52,441 - Epoch: 8, 31/274: VFL loss: 0.0433, total loss: 0.1038, anchor loss: 0.0605, VFL train accuracy: 0.9880
2026-04-09 23:17:52,786 - Epoch: 8, 41/274: VFL loss: 0.0389, total loss: 0.0990, anchor loss: 0.0600, VFL train accuracy: 0.9892
2026-04-09 23:17:53,119 - Epoch: 8, 51/274: VFL loss: 0.0370, total loss: 0.0968, anchor loss: 0.0598, VFL train accuracy: 0.9894
2026-04-09 23:17:53,446 - Epoch: 8, 61/274: VFL loss: 0.0360, total loss: 0.0956, anchor loss: 0.0596, VFL train accuracy: 0.9892
2026-04-09 23:17:53,779 - Epoch: 8, 71/274: VFL loss: 0.0361, total loss: 0.0959, anchor loss: 0.0598, VFL train accuracy: 0.9893
2026-04-09 23:17:54,110 - Epoch: 8, 81/274: VFL loss: 0.0368, total loss: 0.0967, anchor loss: 0.0600, VFL train accuracy: 0.9889
2026-04-09 23:17:54,441 - Epoch: 8, 91/274: VFL loss: 0.0370, total loss: 0.0967, anchor loss: 0.0597, VFL train accuracy: 0.9891
2026-04-09 23:17:54,775 - Epoch: 8, 101/274: VFL loss: 0.0366, total loss: 0.0961, anchor loss: 0.0595, VFL train accuracy: 0.9892
2026-04-09 23:17:55,122 - Epoch: 8, 111/274: VFL loss: 0.0362, total loss: 0.0957, anchor loss: 0.0595, VFL train accuracy: 0.9892
2026-04-09 23:17:55,454 - Epoch: 8, 121/274: VFL loss: 0.0361, total loss: 0.0954, anchor loss: 0.0593, VFL train accuracy: 0.9889
2026-04-09 23:17:55,785 - Epoch: 8, 131/274: VFL loss: 0.0360, total loss: 0.0953, anchor loss: 0.0593, VFL train accuracy: 0.9888
2026-04-09 23:17:56,115 - Epoch: 8, 141/274: VFL loss: 0.0357, total loss: 0.0950, anchor loss: 0.0593, VFL train accuracy: 0.9888
2026-04-09 23:17:56,447 - Epoch: 8, 151/274: VFL loss: 0.0360, total loss: 0.0953, anchor loss: 0.0593, VFL train accuracy: 0.9887
2026-04-09 23:17:56,778 - Epoch: 8, 161/274: VFL loss: 0.0365, total loss: 0.0958, anchor loss: 0.0593, VFL train accuracy: 0.9884
2026-04-09 23:17:57,108 - Epoch: 8, 171/274: VFL loss: 0.0371, total loss: 0.0964, anchor loss: 0.0593, VFL train accuracy: 0.9883
2026-04-09 23:17:57,441 - Epoch: 8, 181/274: VFL loss: 0.0373, total loss: 0.0967, anchor loss: 0.0594, VFL train accuracy: 0.9882
2026-04-09 23:17:57,787 - Epoch: 8, 191/274: VFL loss: 0.0377, total loss: 0.0971, anchor loss: 0.0594, VFL train accuracy: 0.9880
2026-04-09 23:17:58,119 - Epoch: 8, 201/274: VFL loss: 0.0377, total loss: 0.0971, anchor loss: 0.0594, VFL train accuracy: 0.9880
2026-04-09 23:17:58,452 - Epoch: 8, 211/274: VFL loss: 0.0380, total loss: 0.0973, anchor loss: 0.0594, VFL train accuracy: 0.9879
2026-04-09 23:17:58,783 - Epoch: 8, 221/274: VFL loss: 0.0387, total loss: 0.0981, anchor loss: 0.0594, VFL train accuracy: 0.9877
2026-04-09 23:17:59,111 - Epoch: 8, 231/274: VFL loss: 0.0390, total loss: 0.0984, anchor loss: 0.0594, VFL train accuracy: 0.9876
2026-04-09 23:17:59,419 - Epoch: 8, 241/274: VFL loss: 0.0391, total loss: 0.0985, anchor loss: 0.0594, VFL train accuracy: 0.9875
2026-04-09 23:17:59,744 - Epoch: 8, 251/274: VFL loss: 0.0392, total loss: 0.0987, anchor loss: 0.0595, VFL train accuracy: 0.9874
2026-04-09 23:18:00,056 - Epoch: 8, 261/274: VFL loss: 0.0395, total loss: 0.0990, anchor loss: 0.0595, VFL train accuracy: 0.9873
2026-04-09 23:18:00,355 - Epoch: 8, 271/274: VFL loss: 0.0401, total loss: 0.0996, anchor loss: 0.0595, VFL train accuracy: 0.9871
2026-04-09 23:18:00,460 - => Recorded Stage 2 client anchor losses for epoch 8 to './results/AVGuard/Fourclient/NUSWIDE/ema_scan/lambda_1.0_ema_0.990\stage2_final_epoch_client_anchor_losses.json': {0: 0.039496, 1: 0.067441, 2: 0.05745, 3: 0.073634}
2026-04-09 23:18:00,465 - => Stage 2 EMA anchor update applied at epoch 8 with momentum 0.9900: updated classes per client {0: 5, 1: 5, 2: 5, 3: 5}
2026-04-09 23:18:00,465 - => Stage 2 Epoch 8 Training Summary: VFL loss: 0.0402, total loss: 0.0997, anchor loss: 0.0595, VFL train accuracy: 0.9871
2026-04-09 23:18:00,465 - => Test ASR...
2026-04-09 23:18:00,590 - =>Add Trigger to Test Data
2026-04-09 23:18:02,804 - Add Trigger to 37064 Bad Samples, 9629 Clean Samples (1.00)
2026-04-09 23:18:14,072 - => Test Epoch: 8, main task samples: 46693, attack samples: 46693, test loss: 0.5961, clean acc: 0.5892, Top-4: 0.9957, ASR: 0.3993, RAC: 0.4835, test target accuracy: 0.8770, stage3 final accuracy: 0.5892, stage3 final target accuracy: 0.5796, stage3 final asr: 0.3993, anchor loss: 0.0717
2026-04-09 23:18:14,073 - => Stage 3 Detection Summary: recall: 0.7849, precision: 0.1065, f1: 0.1875, false positive rate: 0.4395, correction rate: 0.4934
2026-04-09 23:18:14,074 - => Stage 3 Debug (clean): suspicious=20520/46693, correction_applied=20466, prediction_changed=20466, skipped_tied_vote=0, skipped_low_margin=0, skipped_other=54
2026-04-09 23:18:14,074 - => Stage 3 Debug (poison-valid): suspicious=22128/37064, correction_applied=22123, prediction_changed=22123, skipped_tied_vote=0, skipped_low_margin=0, skipped_other=5
2026-04-09 23:18:14,074 - => Stage 3 Debug (attack-success): suspicious=4540/5784, correction_applied=4537, prediction_changed=4537, corrected_to_true=2854
2026-04-09 23:18:14,139 - => End Epoch: 8, early stop epochs: 7, best epoch: 1, best clean acc: 0.5958, best Top-4: 0.9966, best ASR: 0.3617, best RAC: 0.5316, anchor loss: 0.0782
2026-04-09 23:18:14,139 - => Stage 3 Detection Summary: recall: 0.8058, precision: 0.1637, f1: 0.2721, false positive rate: 0.4207, correction rate: 0.5522
2026-04-09 23:18:14,187 - => LFBA current anchor-derived target label: 3
2026-04-09 23:18:14,289 - =>Add Trigger to Train Data
2026-04-09 23:18:14,766 - Add Trigger to 6996 Bad Samples, 62970 Clean Samples (0.10)
2026-04-09 23:18:14,769 - => Start Training for Injecting Backdoor...
2026-04-09 23:18:14,817 - Epoch: 9, 1/274: VFL loss: 0.0108, total loss: 0.0741, anchor loss: 0.0632, VFL train accuracy: 1.0000
2026-04-09 23:18:15,520 - Epoch: 9, 11/274: VFL loss: 0.0297, total loss: 0.0895, anchor loss: 0.0598, VFL train accuracy: 0.9904
2026-04-09 23:18:15,909 - Epoch: 9, 21/274: VFL loss: 0.0309, total loss: 0.0904, anchor loss: 0.0595, VFL train accuracy: 0.9885
2026-04-09 23:18:16,286 - Epoch: 9, 31/274: VFL loss: 0.0275, total loss: 0.0868, anchor loss: 0.0593, VFL train accuracy: 0.9903
2026-04-09 23:18:16,718 - Epoch: 9, 41/274: VFL loss: 0.0298, total loss: 0.0887, anchor loss: 0.0589, VFL train accuracy: 0.9903
2026-04-09 23:18:17,152 - Epoch: 9, 51/274: VFL loss: 0.0296, total loss: 0.0886, anchor loss: 0.0590, VFL train accuracy: 0.9904
2026-04-09 23:18:17,570 - Epoch: 9, 61/274: VFL loss: 0.0300, total loss: 0.0888, anchor loss: 0.0587, VFL train accuracy: 0.9901
2026-04-09 23:18:17,970 - Epoch: 9, 71/274: VFL loss: 0.0297, total loss: 0.0882, anchor loss: 0.0585, VFL train accuracy: 0.9904
2026-04-09 23:18:18,329 - Epoch: 9, 81/274: VFL loss: 0.0294, total loss: 0.0877, anchor loss: 0.0583, VFL train accuracy: 0.9906
2026-04-09 23:18:18,715 - Epoch: 9, 91/274: VFL loss: 0.0292, total loss: 0.0875, anchor loss: 0.0583, VFL train accuracy: 0.9906
2026-04-09 23:18:19,133 - Epoch: 9, 101/274: VFL loss: 0.0299, total loss: 0.0881, anchor loss: 0.0582, VFL train accuracy: 0.9904
2026-04-09 23:18:19,496 - Epoch: 9, 111/274: VFL loss: 0.0309, total loss: 0.0891, anchor loss: 0.0582, VFL train accuracy: 0.9900
2026-04-09 23:18:19,923 - Epoch: 9, 121/274: VFL loss: 0.0306, total loss: 0.0888, anchor loss: 0.0582, VFL train accuracy: 0.9900
2026-04-09 23:18:20,299 - Epoch: 9, 131/274: VFL loss: 0.0315, total loss: 0.0898, anchor loss: 0.0583, VFL train accuracy: 0.9898
2026-04-09 23:18:20,681 - Epoch: 9, 141/274: VFL loss: 0.0310, total loss: 0.0893, anchor loss: 0.0583, VFL train accuracy: 0.9899
2026-04-09 23:18:21,060 - Epoch: 9, 151/274: VFL loss: 0.0313, total loss: 0.0897, anchor loss: 0.0584, VFL train accuracy: 0.9898
2026-04-09 23:18:21,451 - Epoch: 9, 161/274: VFL loss: 0.0310, total loss: 0.0894, anchor loss: 0.0584, VFL train accuracy: 0.9898
2026-04-09 23:18:21,830 - Epoch: 9, 171/274: VFL loss: 0.0314, total loss: 0.0898, anchor loss: 0.0584, VFL train accuracy: 0.9896
2026-04-09 23:18:22,250 - Epoch: 9, 181/274: VFL loss: 0.0314, total loss: 0.0899, anchor loss: 0.0585, VFL train accuracy: 0.9896
2026-04-09 23:18:22,670 - Epoch: 9, 191/274: VFL loss: 0.0317, total loss: 0.0902, anchor loss: 0.0585, VFL train accuracy: 0.9895
2026-04-09 23:18:23,063 - Epoch: 9, 201/274: VFL loss: 0.0312, total loss: 0.0897, anchor loss: 0.0585, VFL train accuracy: 0.9896
2026-04-09 23:18:23,431 - Epoch: 9, 211/274: VFL loss: 0.0314, total loss: 0.0899, anchor loss: 0.0585, VFL train accuracy: 0.9895
2026-04-09 23:18:23,812 - Epoch: 9, 221/274: VFL loss: 0.0318, total loss: 0.0904, anchor loss: 0.0586, VFL train accuracy: 0.9893
2026-04-09 23:18:24,198 - Epoch: 9, 231/274: VFL loss: 0.0323, total loss: 0.0910, anchor loss: 0.0587, VFL train accuracy: 0.9891
2026-04-09 23:18:24,591 - Epoch: 9, 241/274: VFL loss: 0.0329, total loss: 0.0916, anchor loss: 0.0587, VFL train accuracy: 0.9888
2026-04-09 23:18:24,995 - Epoch: 9, 251/274: VFL loss: 0.0340, total loss: 0.0927, anchor loss: 0.0587, VFL train accuracy: 0.9885
2026-04-09 23:18:25,384 - Epoch: 9, 261/274: VFL loss: 0.0344, total loss: 0.0931, anchor loss: 0.0588, VFL train accuracy: 0.9884
2026-04-09 23:18:25,779 - Epoch: 9, 271/274: VFL loss: 0.0350, total loss: 0.0938, anchor loss: 0.0588, VFL train accuracy: 0.9883
2026-04-09 23:18:25,923 - => Recorded Stage 2 client anchor losses for epoch 9 to './results/AVGuard/Fourclient/NUSWIDE/ema_scan/lambda_1.0_ema_0.990\stage2_final_epoch_client_anchor_losses.json': {0: 0.037936, 1: 0.067325, 2: 0.056387, 3: 0.073529}
2026-04-09 23:18:25,937 - => Stage 2 EMA anchor update applied at epoch 9 with momentum 0.9900: updated classes per client {0: 5, 1: 5, 2: 5, 3: 5}
2026-04-09 23:18:25,938 - => Stage 2 Epoch 9 Training Summary: VFL loss: 0.0350, total loss: 0.0938, anchor loss: 0.0588, VFL train accuracy: 0.9883
2026-04-09 23:18:25,938 - => Test ASR...
2026-04-09 23:18:26,069 - =>Add Trigger to Test Data
2026-04-09 23:18:28,329 - Add Trigger to 37064 Bad Samples, 9629 Clean Samples (1.00)
2026-04-09 23:18:38,980 - => Test Epoch: 9, main task samples: 46693, attack samples: 46693, test loss: 0.7016, clean acc: 0.5880, Top-4: 0.9958, ASR: 0.3479, RAC: 0.4671, test target accuracy: 0.8609, stage3 final accuracy: 0.5880, stage3 final target accuracy: 0.5730, stage3 final asr: 0.3479, anchor loss: 0.0719
2026-04-09 23:18:38,981 - => Stage 3 Detection Summary: recall: 0.6978, precision: 0.0562, f1: 0.1040, false positive rate: 0.4481, correction rate: 0.3991
2026-04-09 23:18:38,981 - => Stage 3 Debug (clean): suspicious=20923/46693, correction_applied=20885, prediction_changed=20885, skipped_tied_vote=0, skipped_low_margin=0, skipped_other=38
2026-04-09 23:18:38,981 - => Stage 3 Debug (poison-valid): suspicious=22016/37064, correction_applied=22004, prediction_changed=22004, skipped_tied_vote=0, skipped_low_margin=0, skipped_other=12
2026-04-09 23:18:38,981 - => Stage 3 Debug (attack-success): suspicious=2413/3458, correction_applied=2410, prediction_changed=2410, corrected_to_true=1380
2026-04-09 23:18:39,018 - => End Epoch: 9, early stop epochs: 8, best epoch: 1, best clean acc: 0.5958, best Top-4: 0.9966, best ASR: 0.3617, best RAC: 0.5316, anchor loss: 0.0782
2026-04-09 23:18:39,018 - => Stage 3 Detection Summary: recall: 0.8058, precision: 0.1637, f1: 0.2721, false positive rate: 0.4207, correction rate: 0.5522
2026-04-09 23:18:39,045 - => LFBA current anchor-derived target label: 3
2026-04-09 23:18:39,134 - =>Add Trigger to Train Data
2026-04-09 23:18:39,347 - Add Trigger to 6996 Bad Samples, 62970 Clean Samples (0.10)
2026-04-09 23:18:39,350 - => Start Training for Injecting Backdoor...
2026-04-09 23:18:39,388 - Epoch: 10, 1/274: VFL loss: 0.0431, total loss: 0.0989, anchor loss: 0.0557, VFL train accuracy: 0.9766
2026-04-09 23:18:39,870 - Epoch: 10, 11/274: VFL loss: 0.0321, total loss: 0.0901, anchor loss: 0.0580, VFL train accuracy: 0.9886
2026-04-09 23:18:40,160 - Epoch: 10, 21/274: VFL loss: 0.0324, total loss: 0.0905, anchor loss: 0.0581, VFL train accuracy: 0.9896
2026-04-09 23:18:40,482 - Epoch: 10, 31/274: VFL loss: 0.0293, total loss: 0.0872, anchor loss: 0.0579, VFL train accuracy: 0.9904
2026-04-09 23:18:40,813 - Epoch: 10, 41/274: VFL loss: 0.0273, total loss: 0.0848, anchor loss: 0.0575, VFL train accuracy: 0.9916
2026-04-09 23:18:41,145 - Epoch: 10, 51/274: VFL loss: 0.0282, total loss: 0.0856, anchor loss: 0.0575, VFL train accuracy: 0.9918
2026-04-09 23:18:41,477 - Epoch: 10, 61/274: VFL loss: 0.0270, total loss: 0.0843, anchor loss: 0.0573, VFL train accuracy: 0.9921
2026-04-09 23:18:41,791 - Epoch: 10, 71/274: VFL loss: 0.0267, total loss: 0.0840, anchor loss: 0.0573, VFL train accuracy: 0.9922
2026-04-09 23:18:42,105 - Epoch: 10, 81/274: VFL loss: 0.0266, total loss: 0.0840, anchor loss: 0.0573, VFL train accuracy: 0.9919
2026-04-09 23:18:42,437 - Epoch: 10, 91/274: VFL loss: 0.0276, total loss: 0.0849, anchor loss: 0.0572, VFL train accuracy: 0.9915
2026-04-09 23:18:42,753 - Epoch: 10, 101/274: VFL loss: 0.0280, total loss: 0.0853, anchor loss: 0.0573, VFL train accuracy: 0.9909
2026-04-09 23:18:43,083 - Epoch: 10, 111/274: VFL loss: 0.0286, total loss: 0.0859, anchor loss: 0.0573, VFL train accuracy: 0.9906
2026-04-09 23:18:43,393 - Epoch: 10, 121/274: VFL loss: 0.0280, total loss: 0.0852, anchor loss: 0.0572, VFL train accuracy: 0.9909
2026-04-09 23:18:43,696 - Epoch: 10, 131/274: VFL loss: 0.0279, total loss: 0.0852, anchor loss: 0.0573, VFL train accuracy: 0.9908
2026-04-09 23:18:43,993 - Epoch: 10, 141/274: VFL loss: 0.0286, total loss: 0.0858, anchor loss: 0.0572, VFL train accuracy: 0.9907
2026-04-09 23:18:44,257 - Epoch: 10, 151/274: VFL loss: 0.0280, total loss: 0.0852, anchor loss: 0.0572, VFL train accuracy: 0.9909
2026-04-09 23:18:44,557 - Epoch: 10, 161/274: VFL loss: 0.0284, total loss: 0.0857, anchor loss: 0.0573, VFL train accuracy: 0.9908
2026-04-09 23:18:44,890 - Epoch: 10, 171/274: VFL loss: 0.0286, total loss: 0.0859, anchor loss: 0.0573, VFL train accuracy: 0.9908
2026-04-09 23:18:45,189 - Epoch: 10, 181/274: VFL loss: 0.0289, total loss: 0.0861, anchor loss: 0.0573, VFL train accuracy: 0.9907
2026-04-09 23:18:45,518 - Epoch: 10, 191/274: VFL loss: 0.0294, total loss: 0.0866, anchor loss: 0.0572, VFL train accuracy: 0.9906
2026-04-09 23:18:45,802 - Epoch: 10, 201/274: VFL loss: 0.0292, total loss: 0.0865, anchor loss: 0.0573, VFL train accuracy: 0.9906
2026-04-09 23:18:46,233 - Epoch: 10, 211/274: VFL loss: 0.0294, total loss: 0.0868, anchor loss: 0.0574, VFL train accuracy: 0.9906
2026-04-09 23:18:46,536 - Epoch: 10, 221/274: VFL loss: 0.0297, total loss: 0.0871, anchor loss: 0.0574, VFL train accuracy: 0.9904
2026-04-09 23:18:46,867 - Epoch: 10, 231/274: VFL loss: 0.0298, total loss: 0.0874, anchor loss: 0.0575, VFL train accuracy: 0.9903
2026-04-09 23:18:47,167 - Epoch: 10, 241/274: VFL loss: 0.0303, total loss: 0.0879, anchor loss: 0.0576, VFL train accuracy: 0.9901
2026-04-09 23:18:47,462 - Epoch: 10, 251/274: VFL loss: 0.0304, total loss: 0.0880, anchor loss: 0.0577, VFL train accuracy: 0.9902
2026-04-09 23:18:47,762 - Epoch: 10, 261/274: VFL loss: 0.0311, total loss: 0.0887, anchor loss: 0.0576, VFL train accuracy: 0.9900
2026-04-09 23:18:48,095 - Epoch: 10, 271/274: VFL loss: 0.0316, total loss: 0.0893, anchor loss: 0.0576, VFL train accuracy: 0.9898
2026-04-09 23:18:48,195 - => Recorded Stage 2 client anchor losses for epoch 10 to './results/AVGuard/Fourclient/NUSWIDE/ema_scan/lambda_1.0_ema_0.990\stage2_final_epoch_client_anchor_losses.json': {0: 0.036496, 1: 0.066141, 2: 0.055801, 3: 0.07219}
2026-04-09 23:18:48,200 - => Stage 2 EMA anchor update applied at epoch 10 with momentum 0.9900: updated classes per client {0: 5, 1: 5, 2: 5, 3: 5}
2026-04-09 23:18:48,200 - => Stage 2 Epoch 10 Training Summary: VFL loss: 0.0318, total loss: 0.0894, anchor loss: 0.0577, VFL train accuracy: 0.9897
2026-04-09 23:18:48,200 - => Test ASR...
2026-04-09 23:18:48,336 - =>Add Trigger to Test Data
2026-04-09 23:18:50,350 - Add Trigger to 37064 Bad Samples, 9629 Clean Samples (1.00)
2026-04-09 23:19:01,406 - => Test Epoch: 10, main task samples: 46693, attack samples: 46693, test loss: 0.7548, clean acc: 0.5928, Top-4: 0.9950, ASR: 0.3917, RAC: 0.4807, test target accuracy: 0.8798, stage3 final accuracy: 0.5928, stage3 final target accuracy: 0.5855, stage3 final asr: 0.3917, anchor loss: 0.0714
2026-04-09 23:19:01,406 - => Stage 3 Detection Summary: recall: 0.7536, precision: 0.1005, f1: 0.1773, false positive rate: 0.4462, correction rate: 0.4832
2026-04-09 23:19:01,406 - => Stage 3 Debug (clean): suspicious=20836/46693, correction_applied=20783, prediction_changed=20783, skipped_tied_vote=0, skipped_low_margin=0, skipped_other=53
2026-04-09 23:19:01,406 - => Stage 3 Debug (poison-valid): suspicious=22440/37064, correction_applied=22434, prediction_changed=22434, skipped_tied_vote=0, skipped_low_margin=0, skipped_other=6
2026-04-09 23:19:01,406 - => Stage 3 Debug (attack-success): suspicious=4348/5770, correction_applied=4346, prediction_changed=4346, corrected_to_true=2788
2026-04-09 23:19:01,446 - => End Epoch: 10, early stop epochs: 9, best epoch: 1, best clean acc: 0.5958, best Top-4: 0.9966, best ASR: 0.3617, best RAC: 0.5316, anchor loss: 0.0782
2026-04-09 23:19:01,446 - => Stage 3 Detection Summary: recall: 0.8058, precision: 0.1637, f1: 0.2721, false positive rate: 0.4207, correction rate: 0.5522
2026-04-09 23:19:01,478 - => LFBA current anchor-derived target label: 3
2026-04-09 23:19:01,573 - =>Add Trigger to Train Data
2026-04-09 23:19:01,805 - Add Trigger to 6996 Bad Samples, 62970 Clean Samples (0.10)
2026-04-09 23:19:01,808 - => Start Training for Injecting Backdoor...
2026-04-09 23:19:01,849 - Epoch: 11, 1/274: VFL loss: 0.0404, total loss: 0.0984, anchor loss: 0.0580, VFL train accuracy: 0.9883
2026-04-09 23:19:02,311 - Epoch: 11, 11/274: VFL loss: 0.0276, total loss: 0.0840, anchor loss: 0.0564, VFL train accuracy: 0.9890
2026-04-09 23:19:02,601 - Epoch: 11, 21/274: VFL loss: 0.0227, total loss: 0.0790, anchor loss: 0.0563, VFL train accuracy: 0.9909
2026-04-09 23:19:02,876 - Epoch: 11, 31/274: VFL loss: 0.0222, total loss: 0.0788, anchor loss: 0.0567, VFL train accuracy: 0.9914
2026-04-09 23:19:03,154 - Epoch: 11, 41/274: VFL loss: 0.0227, total loss: 0.0793, anchor loss: 0.0566, VFL train accuracy: 0.9914
2026-04-09 23:19:03,431 - Epoch: 11, 51/274: VFL loss: 0.0238, total loss: 0.0807, anchor loss: 0.0569, VFL train accuracy: 0.9910
2026-04-09 23:19:03,685 - Epoch: 11, 61/274: VFL loss: 0.0244, total loss: 0.0812, anchor loss: 0.0568, VFL train accuracy: 0.9911
2026-04-09 23:19:04,015 - Epoch: 11, 71/274: VFL loss: 0.0249, total loss: 0.0819, anchor loss: 0.0570, VFL train accuracy: 0.9910
2026-04-09 23:19:04,312 - Epoch: 11, 81/274: VFL loss: 0.0244, total loss: 0.0815, anchor loss: 0.0571, VFL train accuracy: 0.9912
2026-04-09 23:19:04,612 - Epoch: 11, 91/274: VFL loss: 0.0245, total loss: 0.0817, anchor loss: 0.0572, VFL train accuracy: 0.9914
2026-04-09 23:19:04,903 - Epoch: 11, 101/274: VFL loss: 0.0241, total loss: 0.0812, anchor loss: 0.0571, VFL train accuracy: 0.9918
2026-04-09 23:19:05,228 - Epoch: 11, 111/274: VFL loss: 0.0246, total loss: 0.0818, anchor loss: 0.0572, VFL train accuracy: 0.9918
2026-04-09 23:19:05,550 - Epoch: 11, 121/274: VFL loss: 0.0245, total loss: 0.0817, anchor loss: 0.0572, VFL train accuracy: 0.9919
2026-04-09 23:19:05,859 - Epoch: 11, 131/274: VFL loss: 0.0253, total loss: 0.0825, anchor loss: 0.0572, VFL train accuracy: 0.9918
2026-04-09 23:19:06,169 - Epoch: 11, 141/274: VFL loss: 0.0256, total loss: 0.0827, anchor loss: 0.0571, VFL train accuracy: 0.9918
2026-04-09 23:19:06,452 - Epoch: 11, 151/274: VFL loss: 0.0256, total loss: 0.0827, anchor loss: 0.0571, VFL train accuracy: 0.9916
2026-04-09 23:19:06,721 - Epoch: 11, 161/274: VFL loss: 0.0254, total loss: 0.0825, anchor loss: 0.0571, VFL train accuracy: 0.9918
2026-04-09 23:19:07,025 - Epoch: 11, 171/274: VFL loss: 0.0247, total loss: 0.0818, anchor loss: 0.0570, VFL train accuracy: 0.9920
2026-04-09 23:19:07,297 - Epoch: 11, 181/274: VFL loss: 0.0245, total loss: 0.0814, anchor loss: 0.0569, VFL train accuracy: 0.9921
2026-04-09 23:19:07,583 - Epoch: 11, 191/274: VFL loss: 0.0242, total loss: 0.0811, anchor loss: 0.0569, VFL train accuracy: 0.9921
2026-04-09 23:19:07,893 - Epoch: 11, 201/274: VFL loss: 0.0244, total loss: 0.0813, anchor loss: 0.0569, VFL train accuracy: 0.9921
2026-04-09 23:19:08,180 - Epoch: 11, 211/274: VFL loss: 0.0243, total loss: 0.0812, anchor loss: 0.0569, VFL train accuracy: 0.9921
2026-04-09 23:19:08,466 - Epoch: 11, 221/274: VFL loss: 0.0238, total loss: 0.0807, anchor loss: 0.0568, VFL train accuracy: 0.9922
2026-04-09 23:19:08,733 - Epoch: 11, 231/274: VFL loss: 0.0238, total loss: 0.0807, anchor loss: 0.0568, VFL train accuracy: 0.9922
2026-04-09 23:19:09,018 - Epoch: 11, 241/274: VFL loss: 0.0239, total loss: 0.0807, anchor loss: 0.0568, VFL train accuracy: 0.9922
2026-04-09 23:19:09,328 - Epoch: 11, 251/274: VFL loss: 0.0241, total loss: 0.0809, anchor loss: 0.0569, VFL train accuracy: 0.9922
2026-04-09 23:19:09,634 - Epoch: 11, 261/274: VFL loss: 0.0243, total loss: 0.0812, anchor loss: 0.0569, VFL train accuracy: 0.9921
2026-04-09 23:19:09,947 - Epoch: 11, 271/274: VFL loss: 0.0252, total loss: 0.0821, anchor loss: 0.0569, VFL train accuracy: 0.9919
2026-04-09 23:19:10,049 - => Recorded Stage 2 client anchor losses for epoch 11 to './results/AVGuard/Fourclient/NUSWIDE/ema_scan/lambda_1.0_ema_0.990\stage2_final_epoch_client_anchor_losses.json': {0: 0.0351, 1: 0.065521, 2: 0.05493, 3: 0.071932}
2026-04-09 23:19:10,054 - => Stage 2 EMA anchor update applied at epoch 11 with momentum 0.9900: updated classes per client {0: 5, 1: 5, 2: 5, 3: 5}
2026-04-09 23:19:10,054 - => Stage 2 Epoch 11 Training Summary: VFL loss: 0.0252, total loss: 0.0821, anchor loss: 0.0569, VFL train accuracy: 0.9919
2026-04-09 23:19:10,054 - => Test ASR...
2026-04-09 23:19:10,176 - =>Add Trigger to Test Data
2026-04-09 23:19:12,445 - Add Trigger to 37064 Bad Samples, 9629 Clean Samples (1.00)
2026-04-09 23:19:23,383 - => Test Epoch: 11, main task samples: 46693, attack samples: 46693, test loss: 0.8023, clean acc: 0.5923, Top-4: 0.9957, ASR: 0.3714, RAC: 0.4950, test target accuracy: 0.9054, stage3 final accuracy: 0.5923, stage3 final target accuracy: 0.6066, stage3 final asr: 0.3714, anchor loss: 0.0701
2026-04-09 23:19:23,383 - => Stage 3 Detection Summary: recall: 0.7228, precision: 0.1194, f1: 0.2049, false positive rate: 0.4365, correction rate: 0.4595
2026-04-09 23:19:23,384 - => Stage 3 Debug (clean): suspicious=20383/46693, correction_applied=20344, prediction_changed=20344, skipped_tied_vote=0, skipped_low_margin=0, skipped_other=39
2026-04-09 23:19:23,384 - => Stage 3 Debug (poison-valid): suspicious=21507/37064, correction_applied=21504, prediction_changed=21504, skipped_tied_vote=0, skipped_low_margin=0, skipped_other=3
2026-04-09 23:19:23,384 - => Stage 3 Debug (attack-success): suspicious=5000/6918, correction_applied=4999, prediction_changed=4999, corrected_to_true=3179
2026-04-09 23:19:23,421 - => End Epoch: 11, early stop epochs: 10, best epoch: 1, best clean acc: 0.5958, best Top-4: 0.9966, best ASR: 0.3617, best RAC: 0.5316, anchor loss: 0.0782
2026-04-09 23:19:23,421 - => Stage 3 Detection Summary: recall: 0.8058, precision: 0.1637, f1: 0.2721, false positive rate: 0.4207, correction rate: 0.5522
2026-04-09 23:19:23,449 - => LFBA current anchor-derived target label: 3
2026-04-09 23:19:23,542 - =>Add Trigger to Train Data
2026-04-09 23:19:23,774 - Add Trigger to 6996 Bad Samples, 62970 Clean Samples (0.10)
2026-04-09 23:19:23,777 - => Start Training for Injecting Backdoor...
2026-04-09 23:19:23,815 - Epoch: 12, 1/274: VFL loss: 0.0041, total loss: 0.0576, anchor loss: 0.0535, VFL train accuracy: 1.0000
2026-04-09 23:19:24,311 - Epoch: 12, 11/274: VFL loss: 0.0223, total loss: 0.0785, anchor loss: 0.0562, VFL train accuracy: 0.9922
2026-04-09 23:19:24,641 - Epoch: 12, 21/274: VFL loss: 0.0236, total loss: 0.0802, anchor loss: 0.0566, VFL train accuracy: 0.9914
2026-04-09 23:19:24,973 - Epoch: 12, 31/274: VFL loss: 0.0262, total loss: 0.0828, anchor loss: 0.0566, VFL train accuracy: 0.9911
2026-04-09 23:19:25,304 - Epoch: 12, 41/274: VFL loss: 0.0260, total loss: 0.0825, anchor loss: 0.0565, VFL train accuracy: 0.9915
2026-04-09 23:19:25,619 - Epoch: 12, 51/274: VFL loss: 0.0246, total loss: 0.0807, anchor loss: 0.0561, VFL train accuracy: 0.9917
2026-04-09 23:19:25,949 - Epoch: 12, 61/274: VFL loss: 0.0246, total loss: 0.0805, anchor loss: 0.0559, VFL train accuracy: 0.9921
2026-04-09 23:19:26,230 - Epoch: 12, 71/274: VFL loss: 0.0238, total loss: 0.0797, anchor loss: 0.0559, VFL train accuracy: 0.9921
2026-04-09 23:19:26,514 - Epoch: 12, 81/274: VFL loss: 0.0232, total loss: 0.0790, anchor loss: 0.0558, VFL train accuracy: 0.9923
2026-04-09 23:19:26,812 - Epoch: 12, 91/274: VFL loss: 0.0225, total loss: 0.0782, anchor loss: 0.0557, VFL train accuracy: 0.9924
2026-04-09 23:19:27,128 - Epoch: 12, 101/274: VFL loss: 0.0216, total loss: 0.0772, anchor loss: 0.0556, VFL train accuracy: 0.9929
2026-04-09 23:19:27,435 - Epoch: 12, 111/274: VFL loss: 0.0218, total loss: 0.0774, anchor loss: 0.0556, VFL train accuracy: 0.9927
2026-04-09 23:19:27,739 - Epoch: 12, 121/274: VFL loss: 0.0218, total loss: 0.0773, anchor loss: 0.0555, VFL train accuracy: 0.9927
2026-04-09 23:19:28,037 - Epoch: 12, 131/274: VFL loss: 0.0223, total loss: 0.0779, anchor loss: 0.0556, VFL train accuracy: 0.9927
2026-04-09 23:19:28,368 - Epoch: 12, 141/274: VFL loss: 0.0225, total loss: 0.0781, anchor loss: 0.0556, VFL train accuracy: 0.9928
2026-04-09 23:19:28,675 - Epoch: 12, 151/274: VFL loss: 0.0222, total loss: 0.0779, anchor loss: 0.0557, VFL train accuracy: 0.9928
2026-04-09 23:19:28,998 - Epoch: 12, 161/274: VFL loss: 0.0222, total loss: 0.0779, anchor loss: 0.0556, VFL train accuracy: 0.9930
2026-04-09 23:19:29,330 - Epoch: 12, 171/274: VFL loss: 0.0224, total loss: 0.0780, anchor loss: 0.0556, VFL train accuracy: 0.9929
2026-04-09 23:19:29,645 - Epoch: 12, 181/274: VFL loss: 0.0222, total loss: 0.0778, anchor loss: 0.0556, VFL train accuracy: 0.9929
2026-04-09 23:19:29,944 - Epoch: 12, 191/274: VFL loss: 0.0225, total loss: 0.0782, anchor loss: 0.0556, VFL train accuracy: 0.9929
2026-04-09 23:19:30,257 - Epoch: 12, 201/274: VFL loss: 0.0228, total loss: 0.0784, anchor loss: 0.0556, VFL train accuracy: 0.9928
2026-04-09 23:19:30,548 - Epoch: 12, 211/274: VFL loss: 0.0226, total loss: 0.0784, anchor loss: 0.0557, VFL train accuracy: 0.9927
2026-04-09 23:19:30,873 - Epoch: 12, 221/274: VFL loss: 0.0227, total loss: 0.0784, anchor loss: 0.0557, VFL train accuracy: 0.9927
2026-04-09 23:19:31,186 - Epoch: 12, 231/274: VFL loss: 0.0231, total loss: 0.0788, anchor loss: 0.0557, VFL train accuracy: 0.9925
2026-04-09 23:19:31,460 - Epoch: 12, 241/274: VFL loss: 0.0233, total loss: 0.0790, anchor loss: 0.0557, VFL train accuracy: 0.9925
2026-04-09 23:19:31,741 - Epoch: 12, 251/274: VFL loss: 0.0231, total loss: 0.0788, anchor loss: 0.0557, VFL train accuracy: 0.9925
2026-04-09 23:19:32,047 - Epoch: 12, 261/274: VFL loss: 0.0235, total loss: 0.0792, anchor loss: 0.0557, VFL train accuracy: 0.9923
2026-04-09 23:19:32,345 - Epoch: 12, 271/274: VFL loss: 0.0239, total loss: 0.0796, anchor loss: 0.0558, VFL train accuracy: 0.9923
2026-04-09 23:19:32,435 - => Recorded Stage 2 client anchor losses for epoch 12 to './results/AVGuard/Fourclient/NUSWIDE/ema_scan/lambda_1.0_ema_0.990\stage2_final_epoch_client_anchor_losses.json': {0: 0.033834, 1: 0.064834, 2: 0.054126, 3: 0.070299}
2026-04-09 23:19:32,446 - => Stage 2 EMA anchor update applied at epoch 12 with momentum 0.9900: updated classes per client {0: 5, 1: 5, 2: 5, 3: 5}
2026-04-09 23:19:32,446 - => Stage 2 Epoch 12 Training Summary: VFL loss: 0.0240, total loss: 0.0798, anchor loss: 0.0558, VFL train accuracy: 0.9922
2026-04-09 23:19:32,446 - => Test ASR...
2026-04-09 23:19:32,566 - =>Add Trigger to Test Data
2026-04-09 23:19:34,729 - Add Trigger to 37064 Bad Samples, 9629 Clean Samples (1.00)
2026-04-09 23:19:45,495 - => Test Epoch: 12, main task samples: 46693, attack samples: 46693, test loss: 0.8366, clean acc: 0.5904, Top-4: 0.9959, ASR: 0.3722, RAC: 0.4722, test target accuracy: 0.8813, stage3 final accuracy: 0.5904, stage3 final target accuracy: 0.5525, stage3 final asr: 0.3722, anchor loss: 0.0696
2026-04-09 23:19:45,495 - => Stage 3 Detection Summary: recall: 0.7566, precision: 0.0911, f1: 0.1626, false positive rate: 0.4370, correction rate: 0.4539
2026-04-09 23:19:45,495 - => Stage 3 Debug (clean): suspicious=20405/46693, correction_applied=20352, prediction_changed=20352, skipped_tied_vote=0, skipped_low_margin=0, skipped_other=53
2026-04-09 23:19:45,495 - => Stage 3 Debug (poison-valid): suspicious=21982/37064, correction_applied=21975, prediction_changed=21975, skipped_tied_vote=0, skipped_low_margin=0, skipped_other=7
2026-04-09 23:19:45,495 - => Stage 3 Debug (attack-success): suspicious=3861/5103, correction_applied=3856, prediction_changed=3856, corrected_to_true=2316
2026-04-09 23:19:45,536 - => End Epoch: 12, early stop epochs: 11, best epoch: 1, best clean acc: 0.5958, best Top-4: 0.9966, best ASR: 0.3617, best RAC: 0.5316, anchor loss: 0.0782
2026-04-09 23:19:45,536 - => Stage 3 Detection Summary: recall: 0.8058, precision: 0.1637, f1: 0.2721, false positive rate: 0.4207, correction rate: 0.5522
2026-04-09 23:19:45,563 - => LFBA current anchor-derived target label: 3
2026-04-09 23:19:45,651 - =>Add Trigger to Train Data
2026-04-09 23:19:45,880 - Add Trigger to 6996 Bad Samples, 62970 Clean Samples (0.10)
2026-04-09 23:19:45,883 - => Start Training for Injecting Backdoor...
2026-04-09 23:19:45,923 - Epoch: 13, 1/274: VFL loss: 0.0400, total loss: 0.0986, anchor loss: 0.0586, VFL train accuracy: 0.9844
2026-04-09 23:19:46,435 - Epoch: 13, 11/274: VFL loss: 0.0208, total loss: 0.0763, anchor loss: 0.0555, VFL train accuracy: 0.9922
2026-04-09 23:19:46,769 - Epoch: 13, 21/274: VFL loss: 0.0220, total loss: 0.0779, anchor loss: 0.0559, VFL train accuracy: 0.9918
2026-04-09 23:19:47,116 - Epoch: 13, 31/274: VFL loss: 0.0210, total loss: 0.0768, anchor loss: 0.0558, VFL train accuracy: 0.9926
2026-04-09 23:19:47,446 - Epoch: 13, 41/274: VFL loss: 0.0222, total loss: 0.0782, anchor loss: 0.0560, VFL train accuracy: 0.9918
2026-04-09 23:19:47,778 - Epoch: 13, 51/274: VFL loss: 0.0232, total loss: 0.0788, anchor loss: 0.0556, VFL train accuracy: 0.9919
2026-04-09 23:19:48,102 - Epoch: 13, 61/274: VFL loss: 0.0236, total loss: 0.0793, anchor loss: 0.0557, VFL train accuracy: 0.9920
2026-04-09 23:19:48,423 - Epoch: 13, 71/274: VFL loss: 0.0234, total loss: 0.0791, anchor loss: 0.0557, VFL train accuracy: 0.9920
2026-04-09 23:19:48,755 - Epoch: 13, 81/274: VFL loss: 0.0229, total loss: 0.0787, anchor loss: 0.0558, VFL train accuracy: 0.9919
2026-04-09 23:19:49,063 - Epoch: 13, 91/274: VFL loss: 0.0227, total loss: 0.0785, anchor loss: 0.0558, VFL train accuracy: 0.9919
2026-04-09 23:19:49,335 - Epoch: 13, 101/274: VFL loss: 0.0224, total loss: 0.0780, anchor loss: 0.0556, VFL train accuracy: 0.9920
2026-04-09 23:19:49,614 - Epoch: 13, 111/274: VFL loss: 0.0218, total loss: 0.0773, anchor loss: 0.0555, VFL train accuracy: 0.9924
2026-04-09 23:19:49,932 - Epoch: 13, 121/274: VFL loss: 0.0217, total loss: 0.0771, anchor loss: 0.0554, VFL train accuracy: 0.9925
2026-04-09 23:19:50,229 - Epoch: 13, 131/274: VFL loss: 0.0216, total loss: 0.0770, anchor loss: 0.0554, VFL train accuracy: 0.9926
2026-04-09 23:19:50,543 - Epoch: 13, 141/274: VFL loss: 0.0211, total loss: 0.0766, anchor loss: 0.0555, VFL train accuracy: 0.9927
2026-04-09 23:19:50,843 - Epoch: 13, 151/274: VFL loss: 0.0214, total loss: 0.0768, anchor loss: 0.0554, VFL train accuracy: 0.9926
2026-04-09 23:19:51,156 - Epoch: 13, 161/274: VFL loss: 0.0213, total loss: 0.0767, anchor loss: 0.0554, VFL train accuracy: 0.9927
2026-04-09 23:19:51,472 - Epoch: 13, 171/274: VFL loss: 0.0209, total loss: 0.0763, anchor loss: 0.0554, VFL train accuracy: 0.9928
2026-04-09 23:19:51,786 - Epoch: 13, 181/274: VFL loss: 0.0213, total loss: 0.0767, anchor loss: 0.0554, VFL train accuracy: 0.9927
2026-04-09 23:19:52,249 - Epoch: 13, 191/274: VFL loss: 0.0217, total loss: 0.0770, anchor loss: 0.0554, VFL train accuracy: 0.9927
2026-04-09 23:19:52,547 - Epoch: 13, 201/274: VFL loss: 0.0216, total loss: 0.0770, anchor loss: 0.0553, VFL train accuracy: 0.9927
2026-04-09 23:19:52,882 - Epoch: 13, 211/274: VFL loss: 0.0213, total loss: 0.0766, anchor loss: 0.0553, VFL train accuracy: 0.9928
2026-04-09 23:19:53,211 - Epoch: 13, 221/274: VFL loss: 0.0219, total loss: 0.0772, anchor loss: 0.0553, VFL train accuracy: 0.9927
2026-04-09 23:19:53,543 - Epoch: 13, 231/274: VFL loss: 0.0217, total loss: 0.0770, anchor loss: 0.0553, VFL train accuracy: 0.9927
2026-04-09 23:19:53,875 - Epoch: 13, 241/274: VFL loss: 0.0215, total loss: 0.0767, anchor loss: 0.0552, VFL train accuracy: 0.9928
2026-04-09 23:19:54,189 - Epoch: 13, 251/274: VFL loss: 0.0214, total loss: 0.0767, anchor loss: 0.0553, VFL train accuracy: 0.9928
2026-04-09 23:19:54,444 - Epoch: 13, 261/274: VFL loss: 0.0214, total loss: 0.0768, anchor loss: 0.0553, VFL train accuracy: 0.9929
2026-04-09 23:19:54,687 - Epoch: 13, 271/274: VFL loss: 0.0218, total loss: 0.0772, anchor loss: 0.0553, VFL train accuracy: 0.9928
2026-04-09 23:19:54,782 - => Recorded Stage 2 client anchor losses for epoch 13 to './results/AVGuard/Fourclient/NUSWIDE/ema_scan/lambda_1.0_ema_0.990\stage2_final_epoch_client_anchor_losses.json': {0: 0.033233, 1: 0.06463, 2: 0.053485, 3: 0.070044}
2026-04-09 23:19:54,787 - => Stage 2 EMA anchor update applied at epoch 13 with momentum 0.9900: updated classes per client {0: 5, 1: 5, 2: 5, 3: 5}
2026-04-09 23:19:54,787 - => Stage 2 Epoch 13 Training Summary: VFL loss: 0.0217, total loss: 0.0771, anchor loss: 0.0553, VFL train accuracy: 0.9928
2026-04-09 23:19:54,788 - => Test ASR...
2026-04-09 23:19:54,901 - =>Add Trigger to Test Data
2026-04-09 23:19:56,976 - Add Trigger to 37064 Bad Samples, 9629 Clean Samples (1.00)
2026-04-09 23:20:06,683 - => Test Epoch: 13, main task samples: 46693, attack samples: 46693, test loss: 0.8505, clean acc: 0.5868, Top-4: 0.9948, ASR: 0.3938, RAC: 0.4654, test target accuracy: 0.8706, stage3 final accuracy: 0.5868, stage3 final target accuracy: 0.5346, stage3 final asr: 0.3938, anchor loss: 0.0690
2026-04-09 23:20:06,683 - => Stage 3 Detection Summary: recall: 0.7447, precision: 0.0866, f1: 0.1551, false positive rate: 0.4471, correction rate: 0.4373
2026-04-09 23:20:06,683 - => Stage 3 Debug (clean): suspicious=20875/46693, correction_applied=20825, prediction_changed=20825, skipped_tied_vote=0, skipped_low_margin=0, skipped_other=50
2026-04-09 23:20:06,683 - => Stage 3 Debug (poison-valid): suspicious=21934/37064, correction_applied=21932, prediction_changed=21932, skipped_tied_vote=0, skipped_low_margin=0, skipped_other=2
2026-04-09 23:20:06,683 - => Stage 3 Debug (attack-success): suspicious=3707/4978, correction_applied=3705, prediction_changed=3705, corrected_to_true=2177
2026-04-09 23:20:06,723 - => End Epoch: 13, early stop epochs: 12, best epoch: 1, best clean acc: 0.5958, best Top-4: 0.9966, best ASR: 0.3617, best RAC: 0.5316, anchor loss: 0.0782
2026-04-09 23:20:06,723 - => Stage 3 Detection Summary: recall: 0.8058, precision: 0.1637, f1: 0.2721, false positive rate: 0.4207, correction rate: 0.5522
2026-04-09 23:20:06,753 - => LFBA current anchor-derived target label: 3
2026-04-09 23:20:06,842 - =>Add Trigger to Train Data
2026-04-09 23:20:07,088 - Add Trigger to 6996 Bad Samples, 62970 Clean Samples (0.10)
2026-04-09 23:20:07,092 - => Start Training for Injecting Backdoor...
2026-04-09 23:20:07,135 - Epoch: 14, 1/274: VFL loss: 0.0029, total loss: 0.0550, anchor loss: 0.0521, VFL train accuracy: 1.0000
2026-04-09 23:20:07,627 - Epoch: 14, 11/274: VFL loss: 0.0153, total loss: 0.0689, anchor loss: 0.0536, VFL train accuracy: 0.9961
2026-04-09 23:20:07,925 - Epoch: 14, 21/274: VFL loss: 0.0158, total loss: 0.0699, anchor loss: 0.0541, VFL train accuracy: 0.9953
2026-04-09 23:20:08,199 - Epoch: 14, 31/274: VFL loss: 0.0137, total loss: 0.0674, anchor loss: 0.0537, VFL train accuracy: 0.9958
2026-04-09 23:20:08,486 - Epoch: 14, 41/274: VFL loss: 0.0138, total loss: 0.0671, anchor loss: 0.0533, VFL train accuracy: 0.9954
2026-04-09 23:20:08,772 - Epoch: 14, 51/274: VFL loss: 0.0147, total loss: 0.0680, anchor loss: 0.0533, VFL train accuracy: 0.9957
2026-04-09 23:20:09,083 - Epoch: 14, 61/274: VFL loss: 0.0140, total loss: 0.0673, anchor loss: 0.0533, VFL train accuracy: 0.9959
2026-04-09 23:20:09,382 - Epoch: 14, 71/274: VFL loss: 0.0135, total loss: 0.0669, anchor loss: 0.0534, VFL train accuracy: 0.9960
2026-04-09 23:20:09,669 - Epoch: 14, 81/274: VFL loss: 0.0132, total loss: 0.0666, anchor loss: 0.0534, VFL train accuracy: 0.9961
2026-04-09 23:20:09,957 - Epoch: 14, 91/274: VFL loss: 0.0130, total loss: 0.0666, anchor loss: 0.0536, VFL train accuracy: 0.9961
2026-04-09 23:20:10,226 - Epoch: 14, 101/274: VFL loss: 0.0129, total loss: 0.0666, anchor loss: 0.0536, VFL train accuracy: 0.9960
2026-04-09 23:20:10,501 - Epoch: 14, 111/274: VFL loss: 0.0130, total loss: 0.0666, anchor loss: 0.0535, VFL train accuracy: 0.9961
2026-04-09 23:20:10,791 - Epoch: 14, 121/274: VFL loss: 0.0132, total loss: 0.0667, anchor loss: 0.0535, VFL train accuracy: 0.9960
2026-04-09 23:20:11,070 - Epoch: 14, 131/274: VFL loss: 0.0136, total loss: 0.0670, anchor loss: 0.0535, VFL train accuracy: 0.9958
2026-04-09 23:20:11,338 - Epoch: 14, 141/274: VFL loss: 0.0135, total loss: 0.0670, anchor loss: 0.0535, VFL train accuracy: 0.9958
2026-04-09 23:20:11,617 - Epoch: 14, 151/274: VFL loss: 0.0144, total loss: 0.0679, anchor loss: 0.0535, VFL train accuracy: 0.9956
2026-04-09 23:20:11,936 - Epoch: 14, 161/274: VFL loss: 0.0145, total loss: 0.0682, anchor loss: 0.0537, VFL train accuracy: 0.9955
2026-04-09 23:20:12,215 - Epoch: 14, 171/274: VFL loss: 0.0148, total loss: 0.0685, anchor loss: 0.0537, VFL train accuracy: 0.9954
2026-04-09 23:20:12,479 - Epoch: 14, 181/274: VFL loss: 0.0155, total loss: 0.0692, anchor loss: 0.0538, VFL train accuracy: 0.9952
2026-04-09 23:20:12,749 - Epoch: 14, 191/274: VFL loss: 0.0157, total loss: 0.0695, anchor loss: 0.0538, VFL train accuracy: 0.9951
2026-04-09 23:20:13,014 - Epoch: 14, 201/274: VFL loss: 0.0159, total loss: 0.0697, anchor loss: 0.0538, VFL train accuracy: 0.9951
2026-04-09 23:20:13,318 - Epoch: 14, 211/274: VFL loss: 0.0161, total loss: 0.0699, anchor loss: 0.0538, VFL train accuracy: 0.9950
2026-04-09 23:20:13,580 - Epoch: 14, 221/274: VFL loss: 0.0167, total loss: 0.0706, anchor loss: 0.0539, VFL train accuracy: 0.9948
2026-04-09 23:20:13,838 - Epoch: 14, 231/274: VFL loss: 0.0168, total loss: 0.0707, anchor loss: 0.0539, VFL train accuracy: 0.9947
2026-04-09 23:20:14,119 - Epoch: 14, 241/274: VFL loss: 0.0167, total loss: 0.0706, anchor loss: 0.0539, VFL train accuracy: 0.9947
2026-04-09 23:20:14,387 - Epoch: 14, 251/274: VFL loss: 0.0174, total loss: 0.0714, anchor loss: 0.0540, VFL train accuracy: 0.9944
2026-04-09 23:20:14,666 - Epoch: 14, 261/274: VFL loss: 0.0178, total loss: 0.0719, anchor loss: 0.0540, VFL train accuracy: 0.9943
2026-04-09 23:20:14,947 - Epoch: 14, 271/274: VFL loss: 0.0180, total loss: 0.0721, anchor loss: 0.0540, VFL train accuracy: 0.9943
2026-04-09 23:20:15,029 - => Recorded Stage 2 client anchor losses for epoch 14 to './results/AVGuard/Fourclient/NUSWIDE/ema_scan/lambda_1.0_ema_0.990\stage2_final_epoch_client_anchor_losses.json': {0: 0.031661, 1: 0.063503, 2: 0.052293, 3: 0.068752}
2026-04-09 23:20:15,035 - => Stage 2 EMA anchor update applied at epoch 14 with momentum 0.9900: updated classes per client {0: 5, 1: 5, 2: 5, 3: 5}
2026-04-09 23:20:15,035 - => Stage 2 Epoch 14 Training Summary: VFL loss: 0.0181, total loss: 0.0721, anchor loss: 0.0540, VFL train accuracy: 0.9943
2026-04-09 23:20:15,035 - => Test ASR...
2026-04-09 23:20:15,151 - =>Add Trigger to Test Data
2026-04-09 23:20:17,187 - Add Trigger to 37064 Bad Samples, 9629 Clean Samples (1.00)
2026-04-09 23:20:27,381 - => Test Epoch: 14, main task samples: 46693, attack samples: 46693, test loss: 0.8897, clean acc: 0.5867, Top-4: 0.9959, ASR: 0.4119, RAC: 0.4696, test target accuracy: 0.8706, stage3 final accuracy: 0.5867, stage3 final target accuracy: 0.5819, stage3 final asr: 0.4119, anchor loss: 0.0680
2026-04-09 23:20:27,382 - => Stage 3 Detection Summary: recall: 0.7555, precision: 0.1036, f1: 0.1822, false positive rate: 0.4464, correction rate: 0.4715
2026-04-09 23:20:27,382 - => Stage 3 Debug (clean): suspicious=20842/46693, correction_applied=20791, prediction_changed=20791, skipped_tied_vote=0, skipped_low_margin=0, skipped_other=51
2026-04-09 23:20:27,382 - => Stage 3 Debug (poison-valid): suspicious=22594/37064, correction_applied=22586, prediction_changed=22586, skipped_tied_vote=0, skipped_low_margin=0, skipped_other=8
2026-04-09 23:20:27,382 - => Stage 3 Debug (attack-success): suspicious=4500/5956, correction_applied=4496, prediction_changed=4496, corrected_to_true=2808
2026-04-09 23:20:27,419 - => End Epoch: 14, early stop epochs: 13, best epoch: 1, best clean acc: 0.5958, best Top-4: 0.9966, best ASR: 0.3617, best RAC: 0.5316, anchor loss: 0.0782
2026-04-09 23:20:27,419 - => Stage 3 Detection Summary: recall: 0.8058, precision: 0.1637, f1: 0.2721, false positive rate: 0.4207, correction rate: 0.5522
2026-04-09 23:20:27,450 - => LFBA current anchor-derived target label: 3
2026-04-09 23:20:27,538 - =>Add Trigger to Train Data
2026-04-09 23:20:27,761 - Add Trigger to 6996 Bad Samples, 62970 Clean Samples (0.10)
2026-04-09 23:20:27,764 - => Start Training for Injecting Backdoor...
2026-04-09 23:20:27,798 - Epoch: 15, 1/274: VFL loss: 0.0130, total loss: 0.0665, anchor loss: 0.0535, VFL train accuracy: 0.9961
2026-04-09 23:20:28,255 - Epoch: 15, 11/274: VFL loss: 0.0141, total loss: 0.0679, anchor loss: 0.0538, VFL train accuracy: 0.9957
2026-04-09 23:20:28,556 - Epoch: 15, 21/274: VFL loss: 0.0172, total loss: 0.0710, anchor loss: 0.0537, VFL train accuracy: 0.9948
2026-04-09 23:20:28,827 - Epoch: 15, 31/274: VFL loss: 0.0187, total loss: 0.0723, anchor loss: 0.0536, VFL train accuracy: 0.9943
2026-04-09 23:20:29,117 - Epoch: 15, 41/274: VFL loss: 0.0185, total loss: 0.0724, anchor loss: 0.0539, VFL train accuracy: 0.9940
2026-04-09 23:20:29,433 - Epoch: 15, 51/274: VFL loss: 0.0178, total loss: 0.0720, anchor loss: 0.0541, VFL train accuracy: 0.9943
2026-04-09 23:20:29,707 - Epoch: 15, 61/274: VFL loss: 0.0174, total loss: 0.0716, anchor loss: 0.0542, VFL train accuracy: 0.9942
2026-04-09 23:20:30,028 - Epoch: 15, 71/274: VFL loss: 0.0170, total loss: 0.0710, anchor loss: 0.0540, VFL train accuracy: 0.9943
2026-04-09 23:20:30,312 - Epoch: 15, 81/274: VFL loss: 0.0176, total loss: 0.0716, anchor loss: 0.0540, VFL train accuracy: 0.9940
2026-04-09 23:20:30,643 - Epoch: 15, 91/274: VFL loss: 0.0174, total loss: 0.0714, anchor loss: 0.0540, VFL train accuracy: 0.9942
2026-04-09 23:20:30,926 - Epoch: 15, 101/274: VFL loss: 0.0177, total loss: 0.0717, anchor loss: 0.0540, VFL train accuracy: 0.9941
2026-04-09 23:20:31,199 - Epoch: 15, 111/274: VFL loss: 0.0178, total loss: 0.0717, anchor loss: 0.0539, VFL train accuracy: 0.9940
2026-04-09 23:20:31,463 - Epoch: 15, 121/274: VFL loss: 0.0183, total loss: 0.0723, anchor loss: 0.0539, VFL train accuracy: 0.9938
2026-04-09 23:20:31,720 - Epoch: 15, 131/274: VFL loss: 0.0191, total loss: 0.0731, anchor loss: 0.0540, VFL train accuracy: 0.9937
2026-04-09 23:20:31,984 - Epoch: 15, 141/274: VFL loss: 0.0191, total loss: 0.0731, anchor loss: 0.0539, VFL train accuracy: 0.9937
2026-04-09 23:20:32,265 - Epoch: 15, 151/274: VFL loss: 0.0191, total loss: 0.0730, anchor loss: 0.0539, VFL train accuracy: 0.9937
2026-04-09 23:20:32,547 - Epoch: 15, 161/274: VFL loss: 0.0194, total loss: 0.0733, anchor loss: 0.0539, VFL train accuracy: 0.9936
2026-04-09 23:20:32,857 - Epoch: 15, 171/274: VFL loss: 0.0197, total loss: 0.0737, anchor loss: 0.0539, VFL train accuracy: 0.9934
2026-04-09 23:20:33,143 - Epoch: 15, 181/274: VFL loss: 0.0199, total loss: 0.0739, anchor loss: 0.0540, VFL train accuracy: 0.9934
2026-04-09 23:20:33,459 - Epoch: 15, 191/274: VFL loss: 0.0200, total loss: 0.0740, anchor loss: 0.0540, VFL train accuracy: 0.9933
2026-04-09 23:20:33,735 - Epoch: 15, 201/274: VFL loss: 0.0204, total loss: 0.0743, anchor loss: 0.0540, VFL train accuracy: 0.9931
2026-04-09 23:20:34,027 - Epoch: 15, 211/274: VFL loss: 0.0201, total loss: 0.0740, anchor loss: 0.0539, VFL train accuracy: 0.9932
2026-04-09 23:20:34,313 - Epoch: 15, 221/274: VFL loss: 0.0201, total loss: 0.0740, anchor loss: 0.0539, VFL train accuracy: 0.9932
2026-04-09 23:20:34,589 - Epoch: 15, 231/274: VFL loss: 0.0203, total loss: 0.0743, anchor loss: 0.0539, VFL train accuracy: 0.9931
2026-04-09 23:20:34,917 - Epoch: 15, 241/274: VFL loss: 0.0204, total loss: 0.0744, anchor loss: 0.0540, VFL train accuracy: 0.9931
2026-04-09 23:20:35,215 - Epoch: 15, 251/274: VFL loss: 0.0206, total loss: 0.0746, anchor loss: 0.0540, VFL train accuracy: 0.9930
2026-04-09 23:20:35,495 - Epoch: 15, 261/274: VFL loss: 0.0211, total loss: 0.0751, anchor loss: 0.0540, VFL train accuracy: 0.9929
2026-04-09 23:20:35,793 - Epoch: 15, 271/274: VFL loss: 0.0219, total loss: 0.0759, anchor loss: 0.0540, VFL train accuracy: 0.9927
2026-04-09 23:20:35,897 - => Recorded Stage 2 client anchor losses for epoch 15 to './results/AVGuard/Fourclient/NUSWIDE/ema_scan/lambda_1.0_ema_0.990\stage2_final_epoch_client_anchor_losses.json': {0: 0.032142, 1: 0.063171, 2: 0.051923, 3: 0.068679}
2026-04-09 23:20:35,901 - => Stage 2 EMA anchor update applied at epoch 15 with momentum 0.9900: updated classes per client {0: 5, 1: 5, 2: 5, 3: 5}
2026-04-09 23:20:35,903 - => Stage 2 Epoch 15 Training Summary: VFL loss: 0.0218, total loss: 0.0758, anchor loss: 0.0540, VFL train accuracy: 0.9928
2026-04-09 23:20:35,903 - => Test ASR...
2026-04-09 23:20:36,029 - =>Add Trigger to Test Data
2026-04-09 23:20:38,083 - Add Trigger to 37064 Bad Samples, 9629 Clean Samples (1.00)
2026-04-09 23:20:48,431 - => Test Epoch: 15, main task samples: 46693, attack samples: 46693, test loss: 0.9139, clean acc: 0.5850, Top-4: 0.9957, ASR: 0.3784, RAC: 0.4702, test target accuracy: 0.8444, stage3 final accuracy: 0.5850, stage3 final target accuracy: 0.5385, stage3 final asr: 0.3784, anchor loss: 0.0676
2026-04-09 23:20:48,431 - => Stage 3 Detection Summary: recall: 0.7476, precision: 0.0708, f1: 0.1293, false positive rate: 0.4433, correction rate: 0.4524
2026-04-09 23:20:48,431 - => Stage 3 Debug (clean): suspicious=20698/46693, correction_applied=20653, prediction_changed=20653, skipped_tied_vote=0, skipped_low_margin=0, skipped_other=45
2026-04-09 23:20:48,432 - => Stage 3 Debug (poison-valid): suspicious=21675/37064, correction_applied=21671, prediction_changed=21671, skipped_tied_vote=0, skipped_low_margin=0, skipped_other=4
2026-04-09 23:20:48,432 - => Stage 3 Debug (attack-success): suspicious=2998/4010, correction_applied=2996, prediction_changed=2996, corrected_to_true=1814
2026-04-09 23:20:48,469 - => End Epoch: 15, early stop epochs: 14, best epoch: 1, best clean acc: 0.5958, best Top-4: 0.9966, best ASR: 0.3617, best RAC: 0.5316, anchor loss: 0.0782
2026-04-09 23:20:48,470 - => Stage 3 Detection Summary: recall: 0.8058, precision: 0.1637, f1: 0.2721, false positive rate: 0.4207, correction rate: 0.5522
2026-04-09 23:20:48,499 - => LFBA current anchor-derived target label: 3
2026-04-09 23:20:48,589 - =>Add Trigger to Train Data
2026-04-09 23:20:48,812 - Add Trigger to 6996 Bad Samples, 62970 Clean Samples (0.10)
2026-04-09 23:20:48,816 - => Start Training for Injecting Backdoor...
2026-04-09 23:20:48,860 - Epoch: 16, 1/274: VFL loss: 0.0120, total loss: 0.0647, anchor loss: 0.0527, VFL train accuracy: 0.9922
2026-04-09 23:20:49,321 - Epoch: 16, 11/274: VFL loss: 0.0171, total loss: 0.0688, anchor loss: 0.0517, VFL train accuracy: 0.9929
2026-04-09 23:20:49,637 - Epoch: 16, 21/274: VFL loss: 0.0178, total loss: 0.0702, anchor loss: 0.0525, VFL train accuracy: 0.9929
2026-04-09 23:20:49,923 - Epoch: 16, 31/274: VFL loss: 0.0208, total loss: 0.0731, anchor loss: 0.0523, VFL train accuracy: 0.9927
2026-04-09 23:20:50,202 - Epoch: 16, 41/274: VFL loss: 0.0203, total loss: 0.0729, anchor loss: 0.0526, VFL train accuracy: 0.9929
2026-04-09 23:20:50,469 - Epoch: 16, 51/274: VFL loss: 0.0237, total loss: 0.0767, anchor loss: 0.0530, VFL train accuracy: 0.9922
2026-04-09 23:20:50,762 - Epoch: 16, 61/274: VFL loss: 0.0249, total loss: 0.0784, anchor loss: 0.0535, VFL train accuracy: 0.9917
2026-04-09 23:20:51,045 - Epoch: 16, 71/274: VFL loss: 0.0241, total loss: 0.0777, anchor loss: 0.0536, VFL train accuracy: 0.9920
2026-04-09 23:20:51,319 - Epoch: 16, 81/274: VFL loss: 0.0245, total loss: 0.0781, anchor loss: 0.0536, VFL train accuracy: 0.9919
2026-04-09 23:20:51,581 - Epoch: 16, 91/274: VFL loss: 0.0234, total loss: 0.0770, anchor loss: 0.0536, VFL train accuracy: 0.9924
2026-04-09 23:20:51,857 - Epoch: 16, 101/274: VFL loss: 0.0231, total loss: 0.0769, anchor loss: 0.0538, VFL train accuracy: 0.9922
2026-04-09 23:20:52,153 - Epoch: 16, 111/274: VFL loss: 0.0232, total loss: 0.0769, anchor loss: 0.0537, VFL train accuracy: 0.9924
2026-04-09 23:20:52,446 - Epoch: 16, 121/274: VFL loss: 0.0232, total loss: 0.0769, anchor loss: 0.0537, VFL train accuracy: 0.9924
2026-04-09 23:20:52,720 - Epoch: 16, 131/274: VFL loss: 0.0232, total loss: 0.0768, anchor loss: 0.0536, VFL train accuracy: 0.9924
2026-04-09 23:20:53,022 - Epoch: 16, 141/274: VFL loss: 0.0231, total loss: 0.0767, anchor loss: 0.0536, VFL train accuracy: 0.9924
2026-04-09 23:20:53,299 - Epoch: 16, 151/274: VFL loss: 0.0231, total loss: 0.0766, anchor loss: 0.0535, VFL train accuracy: 0.9924
2026-04-09 23:20:53,562 - Epoch: 16, 161/274: VFL loss: 0.0228, total loss: 0.0763, anchor loss: 0.0535, VFL train accuracy: 0.9925
2026-04-09 23:20:53,978 - Epoch: 16, 171/274: VFL loss: 0.0232, total loss: 0.0767, anchor loss: 0.0535, VFL train accuracy: 0.9924
2026-04-09 23:20:54,269 - Epoch: 16, 181/274: VFL loss: 0.0232, total loss: 0.0767, anchor loss: 0.0535, VFL train accuracy: 0.9924
2026-04-09 23:20:54,556 - Epoch: 16, 191/274: VFL loss: 0.0232, total loss: 0.0767, anchor loss: 0.0535, VFL train accuracy: 0.9925
2026-04-09 23:20:54,854 - Epoch: 16, 201/274: VFL loss: 0.0231, total loss: 0.0766, anchor loss: 0.0535, VFL train accuracy: 0.9925
2026-04-09 23:20:55,152 - Epoch: 16, 211/274: VFL loss: 0.0229, total loss: 0.0765, anchor loss: 0.0535, VFL train accuracy: 0.9925
2026-04-09 23:20:55,453 - Epoch: 16, 221/274: VFL loss: 0.0228, total loss: 0.0763, anchor loss: 0.0535, VFL train accuracy: 0.9926
2026-04-09 23:20:55,750 - Epoch: 16, 231/274: VFL loss: 0.0229, total loss: 0.0765, anchor loss: 0.0536, VFL train accuracy: 0.9925
2026-04-09 23:20:56,032 - Epoch: 16, 241/274: VFL loss: 0.0232, total loss: 0.0768, anchor loss: 0.0536, VFL train accuracy: 0.9924
2026-04-09 23:20:56,314 - Epoch: 16, 251/274: VFL loss: 0.0239, total loss: 0.0775, anchor loss: 0.0537, VFL train accuracy: 0.9922
2026-04-09 23:20:56,646 - Epoch: 16, 261/274: VFL loss: 0.0240, total loss: 0.0777, anchor loss: 0.0537, VFL train accuracy: 0.9921
2026-04-09 23:20:56,976 - Epoch: 16, 271/274: VFL loss: 0.0243, total loss: 0.0780, anchor loss: 0.0538, VFL train accuracy: 0.9921
2026-04-09 23:20:57,079 - => Recorded Stage 2 client anchor losses for epoch 16 to './results/AVGuard/Fourclient/NUSWIDE/ema_scan/lambda_1.0_ema_0.990\stage2_final_epoch_client_anchor_losses.json': {0: 0.032262, 1: 0.063012, 2: 0.051602, 3: 0.068199}
2026-04-09 23:20:57,084 - => Stage 2 EMA anchor update applied at epoch 16 with momentum 0.9900: updated classes per client {0: 5, 1: 5, 2: 5, 3: 5}
2026-04-09 23:20:57,084 - => Stage 2 Epoch 16 Training Summary: VFL loss: 0.0244, total loss: 0.0782, anchor loss: 0.0538, VFL train accuracy: 0.9920
2026-04-09 23:20:57,085 - => Test ASR...
2026-04-09 23:20:57,204 - =>Add Trigger to Test Data
2026-04-09 23:20:59,203 - Add Trigger to 37064 Bad Samples, 9629 Clean Samples (1.00)
2026-04-09 23:21:08,715 - => Test Epoch: 16, main task samples: 46693, attack samples: 46693, test loss: 0.9405, clean acc: 0.5865, Top-4: 0.9953, ASR: 0.4109, RAC: 0.4718, test target accuracy: 0.8872, stage3 final accuracy: 0.5865, stage3 final target accuracy: 0.6104, stage3 final asr: 0.4109, anchor loss: 0.0680
2026-04-09 23:21:08,715 - => Stage 3 Detection Summary: recall: 0.7204, precision: 0.0972, f1: 0.1713, false positive rate: 0.4516, correction rate: 0.4641
2026-04-09 23:21:08,715 - => Stage 3 Debug (clean): suspicious=21086/46693, correction_applied=21034, prediction_changed=21034, skipped_tied_vote=0, skipped_low_margin=0, skipped_other=52
2026-04-09 23:21:08,715 - => Stage 3 Debug (poison-valid): suspicious=22767/37064, correction_applied=22763, prediction_changed=22763, skipped_tied_vote=0, skipped_low_margin=0, skipped_other=4
2026-04-09 23:21:08,715 - => Stage 3 Debug (attack-success): suspicious=4264/5919, correction_applied=4261, prediction_changed=4261, corrected_to_true=2747
2026-04-09 23:21:08,752 - => End Epoch: 16, early stop epochs: 15, best epoch: 1, best clean acc: 0.5958, best Top-4: 0.9966, best ASR: 0.3617, best RAC: 0.5316, anchor loss: 0.0782
2026-04-09 23:21:08,752 - => Stage 3 Detection Summary: recall: 0.8058, precision: 0.1637, f1: 0.2721, false positive rate: 0.4207, correction rate: 0.5522
2026-04-09 23:21:08,778 - => LFBA current anchor-derived target label: 3
2026-04-09 23:21:08,866 - =>Add Trigger to Train Data
2026-04-09 23:21:09,087 - Add Trigger to 6996 Bad Samples, 62970 Clean Samples (0.10)
2026-04-09 23:21:09,089 - => Start Training for Injecting Backdoor...
2026-04-09 23:21:09,124 - Epoch: 17, 1/274: VFL loss: 0.0156, total loss: 0.0715, anchor loss: 0.0559, VFL train accuracy: 0.9922
2026-04-09 23:21:09,568 - Epoch: 17, 11/274: VFL loss: 0.0142, total loss: 0.0661, anchor loss: 0.0518, VFL train accuracy: 0.9936
2026-04-09 23:21:09,860 - Epoch: 17, 21/274: VFL loss: 0.0169, total loss: 0.0693, anchor loss: 0.0524, VFL train accuracy: 0.9929
2026-04-09 23:21:10,124 - Epoch: 17, 31/274: VFL loss: 0.0185, total loss: 0.0712, anchor loss: 0.0527, VFL train accuracy: 0.9931
2026-04-09 23:21:10,389 - Epoch: 17, 41/274: VFL loss: 0.0181, total loss: 0.0710, anchor loss: 0.0530, VFL train accuracy: 0.9931
2026-04-09 23:21:10,639 - Epoch: 17, 51/274: VFL loss: 0.0189, total loss: 0.0721, anchor loss: 0.0532, VFL train accuracy: 0.9932
2026-04-09 23:21:10,893 - Epoch: 17, 61/274: VFL loss: 0.0187, total loss: 0.0719, anchor loss: 0.0532, VFL train accuracy: 0.9933
2026-04-09 23:21:11,157 - Epoch: 17, 71/274: VFL loss: 0.0186, total loss: 0.0716, anchor loss: 0.0530, VFL train accuracy: 0.9933
2026-04-09 23:21:11,422 - Epoch: 17, 81/274: VFL loss: 0.0189, total loss: 0.0719, anchor loss: 0.0530, VFL train accuracy: 0.9933
2026-04-09 23:21:11,680 - Epoch: 17, 91/274: VFL loss: 0.0186, total loss: 0.0715, anchor loss: 0.0529, VFL train accuracy: 0.9935
2026-04-09 23:21:11,938 - Epoch: 17, 101/274: VFL loss: 0.0178, total loss: 0.0706, anchor loss: 0.0529, VFL train accuracy: 0.9939
2026-04-09 23:21:12,186 - Epoch: 17, 111/274: VFL loss: 0.0181, total loss: 0.0710, anchor loss: 0.0529, VFL train accuracy: 0.9939
2026-04-09 23:21:12,443 - Epoch: 17, 121/274: VFL loss: 0.0175, total loss: 0.0703, anchor loss: 0.0528, VFL train accuracy: 0.9940
2026-04-09 23:21:12,709 - Epoch: 17, 131/274: VFL loss: 0.0171, total loss: 0.0699, anchor loss: 0.0527, VFL train accuracy: 0.9940
2026-04-09 23:21:13,007 - Epoch: 17, 141/274: VFL loss: 0.0175, total loss: 0.0702, anchor loss: 0.0527, VFL train accuracy: 0.9940
2026-04-09 23:21:13,316 - Epoch: 17, 151/274: VFL loss: 0.0176, total loss: 0.0703, anchor loss: 0.0527, VFL train accuracy: 0.9941
2026-04-09 23:21:13,577 - Epoch: 17, 161/274: VFL loss: 0.0173, total loss: 0.0700, anchor loss: 0.0527, VFL train accuracy: 0.9941
2026-04-09 23:21:13,825 - Epoch: 17, 171/274: VFL loss: 0.0173, total loss: 0.0699, anchor loss: 0.0526, VFL train accuracy: 0.9941
2026-04-09 23:21:14,090 - Epoch: 17, 181/274: VFL loss: 0.0175, total loss: 0.0701, anchor loss: 0.0526, VFL train accuracy: 0.9940
2026-04-09 23:21:14,353 - Epoch: 17, 191/274: VFL loss: 0.0174, total loss: 0.0699, anchor loss: 0.0525, VFL train accuracy: 0.9941
2026-04-09 23:21:14,605 - Epoch: 17, 201/274: VFL loss: 0.0171, total loss: 0.0696, anchor loss: 0.0525, VFL train accuracy: 0.9942
2026-04-09 23:21:14,864 - Epoch: 17, 211/274: VFL loss: 0.0176, total loss: 0.0702, anchor loss: 0.0526, VFL train accuracy: 0.9941
2026-04-09 23:21:15,128 - Epoch: 17, 221/274: VFL loss: 0.0175, total loss: 0.0701, anchor loss: 0.0525, VFL train accuracy: 0.9941
2026-04-09 23:21:15,399 - Epoch: 17, 231/274: VFL loss: 0.0179, total loss: 0.0704, anchor loss: 0.0525, VFL train accuracy: 0.9941
2026-04-09 23:21:15,657 - Epoch: 17, 241/274: VFL loss: 0.0179, total loss: 0.0706, anchor loss: 0.0526, VFL train accuracy: 0.9941
2026-04-09 23:21:15,925 - Epoch: 17, 251/274: VFL loss: 0.0182, total loss: 0.0709, anchor loss: 0.0527, VFL train accuracy: 0.9939
2026-04-09 23:21:16,165 - Epoch: 17, 261/274: VFL loss: 0.0192, total loss: 0.0719, anchor loss: 0.0527, VFL train accuracy: 0.9937
2026-04-09 23:21:16,427 - Epoch: 17, 271/274: VFL loss: 0.0192, total loss: 0.0720, anchor loss: 0.0528, VFL train accuracy: 0.9936
2026-04-09 23:21:16,512 - => Recorded Stage 2 client anchor losses for epoch 17 to './results/AVGuard/Fourclient/NUSWIDE/ema_scan/lambda_1.0_ema_0.990\stage2_final_epoch_client_anchor_losses.json': {0: 0.030827, 1: 0.061971, 2: 0.050655, 3: 0.06772}
2026-04-09 23:21:16,516 - => Stage 2 EMA anchor update applied at epoch 17 with momentum 0.9900: updated classes per client {0: 5, 1: 5, 2: 5, 3: 5}
2026-04-09 23:21:16,516 - => Stage 2 Epoch 17 Training Summary: VFL loss: 0.0191, total loss: 0.0718, anchor loss: 0.0528, VFL train accuracy: 0.9937
2026-04-09 23:21:16,516 - => Test ASR...
2026-04-09 23:21:16,633 - =>Add Trigger to Test Data
2026-04-09 23:21:18,679 - Add Trigger to 37064 Bad Samples, 9629 Clean Samples (1.00)
2026-04-09 23:21:28,666 - => Test Epoch: 17, main task samples: 46693, attack samples: 46693, test loss: 0.9016, clean acc: 0.5875, Top-4: 0.9955, ASR: 0.3853, RAC: 0.4675, test target accuracy: 0.8779, stage3 final accuracy: 0.5875, stage3 final target accuracy: 0.6106, stage3 final asr: 0.3853, anchor loss: 0.0668
2026-04-09 23:21:28,666 - => Stage 3 Detection Summary: recall: 0.6847, precision: 0.0672, f1: 0.1225, false positive rate: 0.4373, correction rate: 0.3872
2026-04-09 23:21:28,666 - => Stage 3 Debug (clean): suspicious=20417/46693, correction_applied=20388, prediction_changed=20388, skipped_tied_vote=0, skipped_low_margin=0, skipped_other=29
2026-04-09 23:21:28,666 - => Stage 3 Debug (poison-valid): suspicious=21950/37064, correction_applied=21946, prediction_changed=21946, skipped_tied_vote=0, skipped_low_margin=0, skipped_other=4
2026-04-09 23:21:28,666 - => Stage 3 Debug (attack-success): suspicious=2849/4161, correction_applied=2846, prediction_changed=2846, corrected_to_true=1611
2026-04-09 23:21:28,706 - => End Epoch: 17, early stop epochs: 16, best epoch: 1, best clean acc: 0.5958, best Top-4: 0.9966, best ASR: 0.3617, best RAC: 0.5316, anchor loss: 0.0782
2026-04-09 23:21:28,706 - => Stage 3 Detection Summary: recall: 0.8058, precision: 0.1637, f1: 0.2721, false positive rate: 0.4207, correction rate: 0.5522
2026-04-09 23:21:28,738 - => LFBA current anchor-derived target label: 3
2026-04-09 23:21:28,831 - =>Add Trigger to Train Data
2026-04-09 23:21:29,083 - Add Trigger to 6996 Bad Samples, 62970 Clean Samples (0.10)
2026-04-09 23:21:29,088 - => Start Training for Injecting Backdoor...
2026-04-09 23:21:29,128 - Epoch: 18, 1/274: VFL loss: 0.0304, total loss: 0.0801, anchor loss: 0.0498, VFL train accuracy: 0.9922
2026-04-09 23:21:29,647 - Epoch: 18, 11/274: VFL loss: 0.0197, total loss: 0.0722, anchor loss: 0.0525, VFL train accuracy: 0.9947
2026-04-09 23:21:29,945 - Epoch: 18, 21/274: VFL loss: 0.0163, total loss: 0.0683, anchor loss: 0.0520, VFL train accuracy: 0.9950
2026-04-09 23:21:30,203 - Epoch: 18, 31/274: VFL loss: 0.0151, total loss: 0.0668, anchor loss: 0.0518, VFL train accuracy: 0.9958
2026-04-09 23:21:30,476 - Epoch: 18, 41/274: VFL loss: 0.0138, total loss: 0.0651, anchor loss: 0.0513, VFL train accuracy: 0.9961
2026-04-09 23:21:30,762 - Epoch: 18, 51/274: VFL loss: 0.0123, total loss: 0.0636, anchor loss: 0.0514, VFL train accuracy: 0.9965
2026-04-09 23:21:31,043 - Epoch: 18, 61/274: VFL loss: 0.0123, total loss: 0.0636, anchor loss: 0.0514, VFL train accuracy: 0.9966
2026-04-09 23:21:31,307 - Epoch: 18, 71/274: VFL loss: 0.0124, total loss: 0.0636, anchor loss: 0.0512, VFL train accuracy: 0.9966
2026-04-09 23:21:31,563 - Epoch: 18, 81/274: VFL loss: 0.0130, total loss: 0.0643, anchor loss: 0.0512, VFL train accuracy: 0.9965
2026-04-09 23:21:31,835 - Epoch: 18, 91/274: VFL loss: 0.0127, total loss: 0.0639, anchor loss: 0.0512, VFL train accuracy: 0.9965
2026-04-09 23:21:32,116 - Epoch: 18, 101/274: VFL loss: 0.0126, total loss: 0.0637, anchor loss: 0.0512, VFL train accuracy: 0.9964
2026-04-09 23:21:32,398 - Epoch: 18, 111/274: VFL loss: 0.0124, total loss: 0.0635, anchor loss: 0.0511, VFL train accuracy: 0.9965
2026-04-09 23:21:32,713 - Epoch: 18, 121/274: VFL loss: 0.0129, total loss: 0.0639, anchor loss: 0.0511, VFL train accuracy: 0.9963
2026-04-09 23:21:33,045 - Epoch: 18, 131/274: VFL loss: 0.0125, total loss: 0.0635, anchor loss: 0.0511, VFL train accuracy: 0.9964
2026-04-09 23:21:33,327 - Epoch: 18, 141/274: VFL loss: 0.0127, total loss: 0.0636, anchor loss: 0.0510, VFL train accuracy: 0.9963
2026-04-09 23:21:33,641 - Epoch: 18, 151/274: VFL loss: 0.0125, total loss: 0.0636, anchor loss: 0.0510, VFL train accuracy: 0.9962
2026-04-09 23:21:33,973 - Epoch: 18, 161/274: VFL loss: 0.0125, total loss: 0.0635, anchor loss: 0.0510, VFL train accuracy: 0.9962
2026-04-09 23:21:34,237 - Epoch: 18, 171/274: VFL loss: 0.0124, total loss: 0.0635, anchor loss: 0.0510, VFL train accuracy: 0.9962
2026-04-09 23:21:34,505 - Epoch: 18, 181/274: VFL loss: 0.0122, total loss: 0.0632, anchor loss: 0.0510, VFL train accuracy: 0.9962
2026-04-09 23:21:34,799 - Epoch: 18, 191/274: VFL loss: 0.0132, total loss: 0.0643, anchor loss: 0.0511, VFL train accuracy: 0.9961
2026-04-09 23:21:35,081 - Epoch: 18, 201/274: VFL loss: 0.0136, total loss: 0.0647, anchor loss: 0.0512, VFL train accuracy: 0.9959
2026-04-09 23:21:35,352 - Epoch: 18, 211/274: VFL loss: 0.0138, total loss: 0.0649, anchor loss: 0.0512, VFL train accuracy: 0.9959
2026-04-09 23:21:35,628 - Epoch: 18, 221/274: VFL loss: 0.0142, total loss: 0.0655, anchor loss: 0.0512, VFL train accuracy: 0.9958
2026-04-09 23:21:35,893 - Epoch: 18, 231/274: VFL loss: 0.0147, total loss: 0.0660, anchor loss: 0.0512, VFL train accuracy: 0.9956
2026-04-09 23:21:36,176 - Epoch: 18, 241/274: VFL loss: 0.0146, total loss: 0.0659, anchor loss: 0.0513, VFL train accuracy: 0.9957
2026-04-09 23:21:36,472 - Epoch: 18, 251/274: VFL loss: 0.0151, total loss: 0.0664, anchor loss: 0.0513, VFL train accuracy: 0.9955
2026-04-09 23:21:36,772 - Epoch: 18, 261/274: VFL loss: 0.0152, total loss: 0.0665, anchor loss: 0.0513, VFL train accuracy: 0.9955
2026-04-09 23:21:37,104 - Epoch: 18, 271/274: VFL loss: 0.0152, total loss: 0.0665, anchor loss: 0.0512, VFL train accuracy: 0.9954
2026-04-09 23:21:37,207 - => Recorded Stage 2 client anchor losses for epoch 18 to './results/AVGuard/Fourclient/NUSWIDE/ema_scan/lambda_1.0_ema_0.990\stage2_final_epoch_client_anchor_losses.json': {0: 0.029151, 1: 0.060419, 2: 0.04949, 3: 0.06586}
2026-04-09 23:21:37,212 - => Stage 2 EMA anchor update applied at epoch 18 with momentum 0.9900: updated classes per client {0: 5, 1: 5, 2: 5, 3: 5}
2026-04-09 23:21:37,212 - => Stage 2 Epoch 18 Training Summary: VFL loss: 0.0152, total loss: 0.0664, anchor loss: 0.0512, VFL train accuracy: 0.9954
2026-04-09 23:21:37,212 - => Test ASR...
2026-04-09 23:21:37,339 - =>Add Trigger to Test Data
2026-04-09 23:21:39,448 - Add Trigger to 37064 Bad Samples, 9629 Clean Samples (1.00)
2026-04-09 23:21:48,985 - => Test Epoch: 18, main task samples: 46693, attack samples: 46693, test loss: 0.8785, clean acc: 0.5918, Top-4: 0.9956, ASR: 0.3991, RAC: 0.4693, test target accuracy: 0.8786, stage3 final accuracy: 0.5918, stage3 final target accuracy: 0.5678, stage3 final asr: 0.3991, anchor loss: 0.0654
2026-04-09 23:21:48,986 - => Stage 3 Detection Summary: recall: 0.7461, precision: 0.0900, f1: 0.1606, false positive rate: 0.4385, correction rate: 0.4338
2026-04-09 23:21:48,986 - => Stage 3 Debug (clean): suspicious=20476/46693, correction_applied=20435, prediction_changed=20435, skipped_tied_vote=0, skipped_low_margin=0, skipped_other=41
2026-04-09 23:21:48,986 - => Stage 3 Debug (poison-valid): suspicious=22027/37064, correction_applied=22025, prediction_changed=22025, skipped_tied_vote=0, skipped_low_margin=0, skipped_other=2
2026-04-09 23:21:48,986 - => Stage 3 Debug (attack-success): suspicious=3824/5125, correction_applied=3823, prediction_changed=3823, corrected_to_true=2223
2026-04-09 23:21:49,022 - => End Epoch: 18, early stop epochs: 17, best epoch: 1, best clean acc: 0.5958, best Top-4: 0.9966, best ASR: 0.3617, best RAC: 0.5316, anchor loss: 0.0782
2026-04-09 23:21:49,024 - => Stage 3 Detection Summary: recall: 0.8058, precision: 0.1637, f1: 0.2721, false positive rate: 0.4207, correction rate: 0.5522
2026-04-09 23:21:49,054 - => LFBA current anchor-derived target label: 3
2026-04-09 23:21:49,141 - =>Add Trigger to Train Data
2026-04-09 23:21:49,359 - Add Trigger to 6996 Bad Samples, 62970 Clean Samples (0.10)
2026-04-09 23:21:49,363 - => Start Training for Injecting Backdoor...
2026-04-09 23:21:49,404 - Epoch: 19, 1/274: VFL loss: 0.0074, total loss: 0.0547, anchor loss: 0.0472, VFL train accuracy: 0.9961
2026-04-09 23:21:49,871 - Epoch: 19, 11/274: VFL loss: 0.0099, total loss: 0.0613, anchor loss: 0.0514, VFL train accuracy: 0.9961
2026-04-09 23:21:50,197 - Epoch: 19, 21/274: VFL loss: 0.0089, total loss: 0.0599, anchor loss: 0.0510, VFL train accuracy: 0.9967
2026-04-09 23:21:50,464 - Epoch: 19, 31/274: VFL loss: 0.0076, total loss: 0.0586, anchor loss: 0.0510, VFL train accuracy: 0.9975
2026-04-09 23:21:50,713 - Epoch: 19, 41/274: VFL loss: 0.0077, total loss: 0.0586, anchor loss: 0.0509, VFL train accuracy: 0.9974
2026-04-09 23:21:50,972 - Epoch: 19, 51/274: VFL loss: 0.0084, total loss: 0.0593, anchor loss: 0.0508, VFL train accuracy: 0.9970
2026-04-09 23:21:51,226 - Epoch: 19, 61/274: VFL loss: 0.0084, total loss: 0.0591, anchor loss: 0.0507, VFL train accuracy: 0.9971
2026-04-09 23:21:51,484 - Epoch: 19, 71/274: VFL loss: 0.0083, total loss: 0.0588, anchor loss: 0.0505, VFL train accuracy: 0.9972
2026-04-09 23:21:51,757 - Epoch: 19, 81/274: VFL loss: 0.0081, total loss: 0.0586, anchor loss: 0.0505, VFL train accuracy: 0.9973
2026-04-09 23:21:52,022 - Epoch: 19, 91/274: VFL loss: 0.0082, total loss: 0.0586, anchor loss: 0.0505, VFL train accuracy: 0.9973
2026-04-09 23:21:52,261 - Epoch: 19, 101/274: VFL loss: 0.0083, total loss: 0.0588, anchor loss: 0.0504, VFL train accuracy: 0.9973
2026-04-09 23:21:52,518 - Epoch: 19, 111/274: VFL loss: 0.0083, total loss: 0.0586, anchor loss: 0.0503, VFL train accuracy: 0.9974
2026-04-09 23:21:52,777 - Epoch: 19, 121/274: VFL loss: 0.0081, total loss: 0.0583, anchor loss: 0.0502, VFL train accuracy: 0.9975
2026-04-09 23:21:53,081 - Epoch: 19, 131/274: VFL loss: 0.0080, total loss: 0.0582, anchor loss: 0.0501, VFL train accuracy: 0.9976
2026-04-09 23:21:53,345 - Epoch: 19, 141/274: VFL loss: 0.0080, total loss: 0.0580, anchor loss: 0.0501, VFL train accuracy: 0.9976
2026-04-09 23:21:53,752 - Epoch: 19, 151/274: VFL loss: 0.0079, total loss: 0.0579, anchor loss: 0.0501, VFL train accuracy: 0.9976
2026-04-09 23:21:54,031 - Epoch: 19, 161/274: VFL loss: 0.0076, total loss: 0.0576, anchor loss: 0.0500, VFL train accuracy: 0.9977
2026-04-09 23:21:54,286 - Epoch: 19, 171/274: VFL loss: 0.0075, total loss: 0.0574, anchor loss: 0.0499, VFL train accuracy: 0.9977
2026-04-09 23:21:54,540 - Epoch: 19, 181/274: VFL loss: 0.0074, total loss: 0.0573, anchor loss: 0.0498, VFL train accuracy: 0.9977
2026-04-09 23:21:54,804 - Epoch: 19, 191/274: VFL loss: 0.0073, total loss: 0.0572, anchor loss: 0.0499, VFL train accuracy: 0.9977
2026-04-09 23:21:55,073 - Epoch: 19, 201/274: VFL loss: 0.0073, total loss: 0.0571, anchor loss: 0.0498, VFL train accuracy: 0.9977
2026-04-09 23:21:55,326 - Epoch: 19, 211/274: VFL loss: 0.0073, total loss: 0.0571, anchor loss: 0.0498, VFL train accuracy: 0.9977
2026-04-09 23:21:55,575 - Epoch: 19, 221/274: VFL loss: 0.0075, total loss: 0.0572, anchor loss: 0.0497, VFL train accuracy: 0.9976
2026-04-09 23:21:55,864 - Epoch: 19, 231/274: VFL loss: 0.0079, total loss: 0.0577, anchor loss: 0.0498, VFL train accuracy: 0.9975
2026-04-09 23:21:56,146 - Epoch: 19, 241/274: VFL loss: 0.0082, total loss: 0.0579, anchor loss: 0.0498, VFL train accuracy: 0.9974
2026-04-09 23:21:56,394 - Epoch: 19, 251/274: VFL loss: 0.0084, total loss: 0.0583, anchor loss: 0.0498, VFL train accuracy: 0.9974
2026-04-09 23:21:56,658 - Epoch: 19, 261/274: VFL loss: 0.0085, total loss: 0.0584, anchor loss: 0.0499, VFL train accuracy: 0.9973
2026-04-09 23:21:56,925 - Epoch: 19, 271/274: VFL loss: 0.0086, total loss: 0.0585, anchor loss: 0.0498, VFL train accuracy: 0.9972
2026-04-09 23:21:57,006 - => Recorded Stage 2 client anchor losses for epoch 19 to './results/AVGuard/Fourclient/NUSWIDE/ema_scan/lambda_1.0_ema_0.990\stage2_final_epoch_client_anchor_losses.json': {0: 0.027297, 1: 0.059105, 2: 0.048408, 3: 0.064577}
2026-04-09 23:21:57,014 - => Stage 2 EMA anchor update applied at epoch 19 with momentum 0.9900: updated classes per client {0: 5, 1: 5, 2: 5, 3: 5}
2026-04-09 23:21:57,015 - => Stage 2 Epoch 19 Training Summary: VFL loss: 0.0087, total loss: 0.0585, anchor loss: 0.0499, VFL train accuracy: 0.9972
2026-04-09 23:21:57,015 - => Test ASR...
2026-04-09 23:21:57,131 - =>Add Trigger to Test Data
2026-04-09 23:21:59,142 - Add Trigger to 37064 Bad Samples, 9629 Clean Samples (1.00)
2026-04-09 23:22:08,811 - => Test Epoch: 19, main task samples: 46693, attack samples: 46693, test loss: 1.0755, clean acc: 0.5974, Top-4: 0.9959, ASR: 0.3863, RAC: 0.4624, test target accuracy: 0.8544, stage3 final accuracy: 0.5974, stage3 final target accuracy: 0.5875, stage3 final asr: 0.3863, anchor loss: 0.0642
2026-04-09 23:22:08,811 - => Stage 3 Detection Summary: recall: 0.6364, precision: 0.0453, f1: 0.0845, false positive rate: 0.4358, correction rate: 0.3489
2026-04-09 23:22:08,811 - => Stage 3 Debug (clean): suspicious=20348/46693, correction_applied=20311, prediction_changed=20311, skipped_tied_vote=0, skipped_low_margin=0, skipped_other=37
2026-04-09 23:22:08,811 - => Stage 3 Debug (poison-valid): suspicious=21816/37064, correction_applied=21811, prediction_changed=21811, skipped_tied_vote=0, skipped_low_margin=0, skipped_other=5
2026-04-09 23:22:08,811 - => Stage 3 Debug (attack-success): suspicious=1908/2998, correction_applied=1906, prediction_changed=1906, corrected_to_true=1046
2026-04-09 23:22:08,853 - => End Epoch: 19, early stop epochs: 18, best epoch: 1, best clean acc: 0.5958, best Top-4: 0.9966, best ASR: 0.3617, best RAC: 0.5316, anchor loss: 0.0782
2026-04-09 23:22:08,853 - => Stage 3 Detection Summary: recall: 0.8058, precision: 0.1637, f1: 0.2721, false positive rate: 0.4207, correction rate: 0.5522
2026-04-09 23:22:08,900 - => LFBA current anchor-derived target label: 3
2026-04-09 23:22:09,098 - =>Add Trigger to Train Data
2026-04-09 23:22:09,502 - Add Trigger to 6996 Bad Samples, 62970 Clean Samples (0.10)
2026-04-09 23:22:09,507 - => Start Training for Injecting Backdoor...
2026-04-09 23:22:09,552 - Epoch: 20, 1/274: VFL loss: 0.0017, total loss: 0.0525, anchor loss: 0.0507, VFL train accuracy: 1.0000
2026-04-09 23:22:10,104 - Epoch: 20, 11/274: VFL loss: 0.0068, total loss: 0.0550, anchor loss: 0.0482, VFL train accuracy: 0.9975
2026-04-09 23:22:10,452 - Epoch: 20, 21/274: VFL loss: 0.0068, total loss: 0.0547, anchor loss: 0.0478, VFL train accuracy: 0.9978
2026-04-09 23:22:10,793 - Epoch: 20, 31/274: VFL loss: 0.0063, total loss: 0.0542, anchor loss: 0.0479, VFL train accuracy: 0.9980
2026-04-09 23:22:11,145 - Epoch: 20, 41/274: VFL loss: 0.0058, total loss: 0.0541, anchor loss: 0.0483, VFL train accuracy: 0.9981
2026-04-09 23:22:11,543 - Epoch: 20, 51/274: VFL loss: 0.0059, total loss: 0.0543, anchor loss: 0.0484, VFL train accuracy: 0.9981
2026-04-09 23:22:11,869 - Epoch: 20, 61/274: VFL loss: 0.0060, total loss: 0.0547, anchor loss: 0.0486, VFL train accuracy: 0.9982
2026-04-09 23:22:12,174 - Epoch: 20, 71/274: VFL loss: 0.0065, total loss: 0.0551, anchor loss: 0.0486, VFL train accuracy: 0.9980
2026-04-09 23:22:12,503 - Epoch: 20, 81/274: VFL loss: 0.0064, total loss: 0.0552, anchor loss: 0.0488, VFL train accuracy: 0.9979
2026-04-09 23:22:12,817 - Epoch: 20, 91/274: VFL loss: 0.0063, total loss: 0.0550, anchor loss: 0.0488, VFL train accuracy: 0.9979
2026-04-09 23:22:13,133 - Epoch: 20, 101/274: VFL loss: 0.0067, total loss: 0.0555, anchor loss: 0.0488, VFL train accuracy: 0.9978
2026-04-09 23:22:13,443 - Epoch: 20, 111/274: VFL loss: 0.0070, total loss: 0.0559, anchor loss: 0.0489, VFL train accuracy: 0.9978
2026-04-09 23:22:13,783 - Epoch: 20, 121/274: VFL loss: 0.0074, total loss: 0.0563, anchor loss: 0.0489, VFL train accuracy: 0.9976
2026-04-09 23:22:14,114 - Epoch: 20, 131/274: VFL loss: 0.0073, total loss: 0.0562, anchor loss: 0.0489, VFL train accuracy: 0.9976
2026-04-09 23:22:14,439 - Epoch: 20, 141/274: VFL loss: 0.0079, total loss: 0.0568, anchor loss: 0.0490, VFL train accuracy: 0.9975
2026-04-09 23:22:14,760 - Epoch: 20, 151/274: VFL loss: 0.0083, total loss: 0.0573, anchor loss: 0.0490, VFL train accuracy: 0.9974
2026-04-09 23:22:15,067 - Epoch: 20, 161/274: VFL loss: 0.0090, total loss: 0.0581, anchor loss: 0.0491, VFL train accuracy: 0.9973
2026-04-09 23:22:15,377 - Epoch: 20, 171/274: VFL loss: 0.0092, total loss: 0.0583, anchor loss: 0.0491, VFL train accuracy: 0.9972
2026-04-09 23:22:15,703 - Epoch: 20, 181/274: VFL loss: 0.0091, total loss: 0.0582, anchor loss: 0.0491, VFL train accuracy: 0.9972
2026-04-09 23:22:16,004 - Epoch: 20, 191/274: VFL loss: 0.0095, total loss: 0.0586, anchor loss: 0.0492, VFL train accuracy: 0.9970
2026-04-09 23:22:16,301 - Epoch: 20, 201/274: VFL loss: 0.0094, total loss: 0.0586, anchor loss: 0.0492, VFL train accuracy: 0.9970
2026-04-09 23:22:16,632 - Epoch: 20, 211/274: VFL loss: 0.0096, total loss: 0.0589, anchor loss: 0.0493, VFL train accuracy: 0.9969
2026-04-09 23:22:16,962 - Epoch: 20, 221/274: VFL loss: 0.0095, total loss: 0.0588, anchor loss: 0.0493, VFL train accuracy: 0.9970
2026-04-09 23:22:17,279 - Epoch: 20, 231/274: VFL loss: 0.0096, total loss: 0.0589, anchor loss: 0.0493, VFL train accuracy: 0.9970
2026-04-09 23:22:17,606 - Epoch: 20, 241/274: VFL loss: 0.0100, total loss: 0.0593, anchor loss: 0.0493, VFL train accuracy: 0.9969
2026-04-09 23:22:17,916 - Epoch: 20, 251/274: VFL loss: 0.0102, total loss: 0.0595, anchor loss: 0.0494, VFL train accuracy: 0.9969
2026-04-09 23:22:18,224 - Epoch: 20, 261/274: VFL loss: 0.0101, total loss: 0.0595, anchor loss: 0.0494, VFL train accuracy: 0.9968
2026-04-09 23:22:18,555 - Epoch: 20, 271/274: VFL loss: 0.0104, total loss: 0.0598, anchor loss: 0.0494, VFL train accuracy: 0.9967
2026-04-09 23:22:18,660 - => Recorded Stage 2 client anchor losses for epoch 20 to './results/AVGuard/Fourclient/NUSWIDE/ema_scan/lambda_1.0_ema_0.990\stage2_final_epoch_client_anchor_losses.json': {0: 0.026041, 1: 0.059334, 2: 0.047823, 3: 0.064399}
2026-04-09 23:22:18,672 - => Stage 2 EMA anchor update applied at epoch 20 with momentum 0.9900: updated classes per client {0: 5, 1: 5, 2: 5, 3: 5}
2026-04-09 23:22:18,672 - => Stage 2 Epoch 20 Training Summary: VFL loss: 0.0104, total loss: 0.0598, anchor loss: 0.0494, VFL train accuracy: 0.9967
2026-04-09 23:22:18,672 - => Test ASR...
2026-04-09 23:22:18,807 - =>Add Trigger to Test Data
2026-04-09 23:22:20,916 - Add Trigger to 37064 Bad Samples, 9629 Clean Samples (1.00)
2026-04-09 23:22:32,850 - => Test Epoch: 20, main task samples: 46693, attack samples: 46693, test loss: 1.0612, clean acc: 0.5911, Top-4: 0.9955, ASR: 0.3684, RAC: 0.4578, test target accuracy: 0.8580, stage3 final accuracy: 0.5911, stage3 final target accuracy: 0.5795, stage3 final asr: 0.3684, anchor loss: 0.0637
2026-04-09 23:22:32,850 - => Stage 3 Detection Summary: recall: 0.5853, precision: 0.0338, f1: 0.0639, false positive rate: 0.4451, correction rate: 0.3098
2026-04-09 23:22:32,850 - => Stage 3 Debug (clean): suspicious=20782/46693, correction_applied=20728, prediction_changed=20728, skipped_tied_vote=0, skipped_low_margin=0, skipped_other=54
2026-04-09 23:22:32,850 - => Stage 3 Debug (poison-valid): suspicious=21997/37064, correction_applied=21989, prediction_changed=21989, skipped_tied_vote=0, skipped_low_margin=0, skipped_other=8
2026-04-09 23:22:32,850 - => Stage 3 Debug (attack-success): suspicious=1445/2469, correction_applied=1443, prediction_changed=1443, corrected_to_true=765
2026-04-09 23:22:32,891 - => End Epoch: 20, early stop epochs: 19, best epoch: 1, best clean acc: 0.5958, best Top-4: 0.9966, best ASR: 0.3617, best RAC: 0.5316, anchor loss: 0.0782
2026-04-09 23:22:32,891 - => Stage 3 Detection Summary: recall: 0.8058, precision: 0.1637, f1: 0.2721, false positive rate: 0.4207, correction rate: 0.5522
2026-04-09 23:22:32,929 - => LFBA current anchor-derived target label: 3
2026-04-09 23:22:33,026 - =>Add Trigger to Train Data
2026-04-09 23:22:33,278 - Add Trigger to 6996 Bad Samples, 62970 Clean Samples (0.10)
2026-04-09 23:22:33,283 - => Start Training for Injecting Backdoor...
2026-04-09 23:22:33,327 - Epoch: 21, 1/274: VFL loss: 0.0080, total loss: 0.0558, anchor loss: 0.0478, VFL train accuracy: 0.9961
2026-04-09 23:22:33,882 - Epoch: 21, 11/274: VFL loss: 0.0072, total loss: 0.0566, anchor loss: 0.0494, VFL train accuracy: 0.9975
2026-04-09 23:22:34,206 - Epoch: 21, 21/274: VFL loss: 0.0074, total loss: 0.0567, anchor loss: 0.0493, VFL train accuracy: 0.9980
2026-04-09 23:22:34,522 - Epoch: 21, 31/274: VFL loss: 0.0061, total loss: 0.0550, anchor loss: 0.0489, VFL train accuracy: 0.9984
2026-04-09 23:22:34,852 - Epoch: 21, 41/274: VFL loss: 0.0060, total loss: 0.0550, anchor loss: 0.0490, VFL train accuracy: 0.9983
2026-04-09 23:22:35,165 - Epoch: 21, 51/274: VFL loss: 0.0056, total loss: 0.0545, anchor loss: 0.0490, VFL train accuracy: 0.9985
2026-04-09 23:22:35,498 - Epoch: 21, 61/274: VFL loss: 0.0051, total loss: 0.0537, anchor loss: 0.0486, VFL train accuracy: 0.9987
2026-04-09 23:22:35,815 - Epoch: 21, 71/274: VFL loss: 0.0048, total loss: 0.0533, anchor loss: 0.0485, VFL train accuracy: 0.9988
2026-04-09 23:22:36,128 - Epoch: 21, 81/274: VFL loss: 0.0047, total loss: 0.0533, anchor loss: 0.0487, VFL train accuracy: 0.9987
2026-04-09 23:22:36,459 - Epoch: 21, 91/274: VFL loss: 0.0046, total loss: 0.0533, anchor loss: 0.0487, VFL train accuracy: 0.9987
2026-04-09 23:22:36,812 - Epoch: 21, 101/274: VFL loss: 0.0046, total loss: 0.0533, anchor loss: 0.0487, VFL train accuracy: 0.9987
2026-04-09 23:22:37,137 - Epoch: 21, 111/274: VFL loss: 0.0046, total loss: 0.0531, anchor loss: 0.0485, VFL train accuracy: 0.9987
2026-04-09 23:22:37,468 - Epoch: 21, 121/274: VFL loss: 0.0045, total loss: 0.0531, anchor loss: 0.0486, VFL train accuracy: 0.9987
2026-04-09 23:22:37,783 - Epoch: 21, 131/274: VFL loss: 0.0044, total loss: 0.0530, anchor loss: 0.0486, VFL train accuracy: 0.9987
2026-04-09 23:22:38,115 - Epoch: 21, 141/274: VFL loss: 0.0042, total loss: 0.0528, anchor loss: 0.0486, VFL train accuracy: 0.9988
2026-04-09 23:22:38,430 - Epoch: 21, 151/274: VFL loss: 0.0041, total loss: 0.0526, anchor loss: 0.0485, VFL train accuracy: 0.9989
2026-04-09 23:22:38,762 - Epoch: 21, 161/274: VFL loss: 0.0041, total loss: 0.0524, anchor loss: 0.0484, VFL train accuracy: 0.9989
2026-04-09 23:22:39,092 - Epoch: 21, 171/274: VFL loss: 0.0040, total loss: 0.0524, anchor loss: 0.0483, VFL train accuracy: 0.9989
2026-04-09 23:22:39,425 - Epoch: 21, 181/274: VFL loss: 0.0040, total loss: 0.0523, anchor loss: 0.0483, VFL train accuracy: 0.9989
2026-04-09 23:22:39,756 - Epoch: 21, 191/274: VFL loss: 0.0040, total loss: 0.0522, anchor loss: 0.0482, VFL train accuracy: 0.9989
2026-04-09 23:22:40,086 - Epoch: 21, 201/274: VFL loss: 0.0039, total loss: 0.0521, anchor loss: 0.0482, VFL train accuracy: 0.9989
2026-04-09 23:22:40,420 - Epoch: 21, 211/274: VFL loss: 0.0038, total loss: 0.0520, anchor loss: 0.0482, VFL train accuracy: 0.9989
2026-04-09 23:22:40,750 - Epoch: 21, 221/274: VFL loss: 0.0037, total loss: 0.0518, anchor loss: 0.0481, VFL train accuracy: 0.9990
2026-04-09 23:22:41,081 - Epoch: 21, 231/274: VFL loss: 0.0037, total loss: 0.0518, anchor loss: 0.0481, VFL train accuracy: 0.9990
2026-04-09 23:22:41,412 - Epoch: 21, 241/274: VFL loss: 0.0037, total loss: 0.0517, anchor loss: 0.0480, VFL train accuracy: 0.9990
2026-04-09 23:22:41,743 - Epoch: 21, 251/274: VFL loss: 0.0036, total loss: 0.0516, anchor loss: 0.0480, VFL train accuracy: 0.9990
2026-04-09 23:22:42,075 - Epoch: 21, 261/274: VFL loss: 0.0037, total loss: 0.0516, anchor loss: 0.0480, VFL train accuracy: 0.9990
2026-04-09 23:22:42,406 - Epoch: 21, 271/274: VFL loss: 0.0036, total loss: 0.0516, anchor loss: 0.0480, VFL train accuracy: 0.9990
2026-04-09 23:22:42,511 - => Recorded Stage 2 client anchor losses for epoch 21 to './results/AVGuard/Fourclient/NUSWIDE/ema_scan/lambda_1.0_ema_0.990\stage2_final_epoch_client_anchor_losses.json': {0: 0.024835, 1: 0.057517, 2: 0.046808, 3: 0.062673}
2026-04-09 23:22:42,516 - => Stage 2 EMA anchor update applied at epoch 21 with momentum 0.9900: updated classes per client {0: 5, 1: 5, 2: 5, 3: 5}
2026-04-09 23:22:42,517 - => Stage 2 Epoch 21 Training Summary: VFL loss: 0.0036, total loss: 0.0516, anchor loss: 0.0479, VFL train accuracy: 0.9990
2026-04-09 23:22:42,517 - => Test ASR...
2026-04-09 23:22:42,640 - =>Add Trigger to Test Data
2026-04-09 23:22:44,731 - Add Trigger to 37064 Bad Samples, 9629 Clean Samples (1.00)
2026-04-09 23:22:56,655 - => Test Epoch: 21, main task samples: 46693, attack samples: 46693, test loss: 1.0800, clean acc: 0.5980, Top-4: 0.9960, ASR: 0.3804, RAC: 0.4656, test target accuracy: 0.8821, stage3 final accuracy: 0.5980, stage3 final target accuracy: 0.5946, stage3 final asr: 0.3804, anchor loss: 0.0621
2026-04-09 23:22:56,655 - => Stage 3 Detection Summary: recall: 0.6269, precision: 0.0479, f1: 0.0889, false positive rate: 0.4332, correction rate: 0.3353
2026-04-09 23:22:56,656 - => Stage 3 Debug (clean): suspicious=20228/46693, correction_applied=20197, prediction_changed=20197, skipped_tied_vote=0, skipped_low_margin=0, skipped_other=31
2026-04-09 23:22:56,656 - => Stage 3 Debug (poison-valid): suspicious=21677/37064, correction_applied=21674, prediction_changed=21674, skipped_tied_vote=0, skipped_low_margin=0, skipped_other=3
2026-04-09 23:22:56,656 - => Stage 3 Debug (attack-success): suspicious=2006/3200, correction_applied=2005, prediction_changed=2005, corrected_to_true=1073
2026-04-09 23:22:56,695 - => End Epoch: 21, early stop epochs: 20, best epoch: 1, best clean acc: 0.5958, best Top-4: 0.9966, best ASR: 0.3617, best RAC: 0.5316, anchor loss: 0.0782
2026-04-09 23:22:56,695 - => Stage 3 Detection Summary: recall: 0.8058, precision: 0.1637, f1: 0.2721, false positive rate: 0.4207, correction rate: 0.5522
2026-04-09 23:22:56,730 - => LFBA current anchor-derived target label: 3
2026-04-09 23:22:56,832 - =>Add Trigger to Train Data
2026-04-09 23:22:57,081 - Add Trigger to 6996 Bad Samples, 62970 Clean Samples (0.10)
2026-04-09 23:22:57,083 - => Start Training for Injecting Backdoor...
2026-04-09 23:22:57,138 - Epoch: 22, 1/274: VFL loss: 0.0004, total loss: 0.0461, anchor loss: 0.0456, VFL train accuracy: 1.0000
2026-04-09 23:22:57,681 - Epoch: 22, 11/274: VFL loss: 0.0014, total loss: 0.0492, anchor loss: 0.0479, VFL train accuracy: 1.0000
2026-04-09 23:22:58,014 - Epoch: 22, 21/274: VFL loss: 0.0011, total loss: 0.0484, anchor loss: 0.0473, VFL train accuracy: 1.0000
2026-04-09 23:22:58,345 - Epoch: 22, 31/274: VFL loss: 0.0011, total loss: 0.0481, anchor loss: 0.0470, VFL train accuracy: 1.0000
2026-04-09 23:22:58,672 - Epoch: 22, 41/274: VFL loss: 0.0012, total loss: 0.0485, anchor loss: 0.0473, VFL train accuracy: 1.0000
2026-04-09 23:22:59,008 - Epoch: 22, 51/274: VFL loss: 0.0013, total loss: 0.0485, anchor loss: 0.0472, VFL train accuracy: 1.0000
2026-04-09 23:22:59,337 - Epoch: 22, 61/274: VFL loss: 0.0013, total loss: 0.0485, anchor loss: 0.0472, VFL train accuracy: 0.9999
2026-04-09 23:22:59,645 - Epoch: 22, 71/274: VFL loss: 0.0013, total loss: 0.0483, anchor loss: 0.0470, VFL train accuracy: 0.9999
2026-04-09 23:22:59,958 - Epoch: 22, 81/274: VFL loss: 0.0013, total loss: 0.0483, anchor loss: 0.0470, VFL train accuracy: 0.9999
2026-04-09 23:23:00,290 - Epoch: 22, 91/274: VFL loss: 0.0013, total loss: 0.0483, anchor loss: 0.0470, VFL train accuracy: 0.9999
2026-04-09 23:23:00,622 - Epoch: 22, 101/274: VFL loss: 0.0013, total loss: 0.0482, anchor loss: 0.0469, VFL train accuracy: 0.9999
2026-04-09 23:23:00,950 - Epoch: 22, 111/274: VFL loss: 0.0013, total loss: 0.0482, anchor loss: 0.0470, VFL train accuracy: 0.9999
2026-04-09 23:23:01,282 - Epoch: 22, 121/274: VFL loss: 0.0013, total loss: 0.0484, anchor loss: 0.0471, VFL train accuracy: 0.9998
2026-04-09 23:23:01,733 - Epoch: 22, 131/274: VFL loss: 0.0013, total loss: 0.0484, anchor loss: 0.0471, VFL train accuracy: 0.9999
2026-04-09 23:23:02,078 - Epoch: 22, 141/274: VFL loss: 0.0013, total loss: 0.0484, anchor loss: 0.0471, VFL train accuracy: 0.9998
2026-04-09 23:23:02,407 - Epoch: 22, 151/274: VFL loss: 0.0013, total loss: 0.0483, anchor loss: 0.0470, VFL train accuracy: 0.9998
2026-04-09 23:23:02,740 - Epoch: 22, 161/274: VFL loss: 0.0013, total loss: 0.0482, anchor loss: 0.0469, VFL train accuracy: 0.9999
2026-04-09 23:23:03,055 - Epoch: 22, 171/274: VFL loss: 0.0013, total loss: 0.0482, anchor loss: 0.0469, VFL train accuracy: 0.9999
2026-04-09 23:23:03,386 - Epoch: 22, 181/274: VFL loss: 0.0012, total loss: 0.0482, anchor loss: 0.0469, VFL train accuracy: 0.9999
2026-04-09 23:23:03,717 - Epoch: 22, 191/274: VFL loss: 0.0012, total loss: 0.0481, anchor loss: 0.0469, VFL train accuracy: 0.9999
2026-04-09 23:23:04,048 - Epoch: 22, 201/274: VFL loss: 0.0012, total loss: 0.0481, anchor loss: 0.0469, VFL train accuracy: 0.9999
2026-04-09 23:23:04,364 - Epoch: 22, 211/274: VFL loss: 0.0012, total loss: 0.0480, anchor loss: 0.0468, VFL train accuracy: 0.9999
2026-04-09 23:23:04,695 - Epoch: 22, 221/274: VFL loss: 0.0012, total loss: 0.0480, anchor loss: 0.0468, VFL train accuracy: 0.9999
2026-04-09 23:23:05,027 - Epoch: 22, 231/274: VFL loss: 0.0013, total loss: 0.0480, anchor loss: 0.0467, VFL train accuracy: 0.9999
2026-04-09 23:23:05,358 - Epoch: 22, 241/274: VFL loss: 0.0013, total loss: 0.0480, anchor loss: 0.0467, VFL train accuracy: 0.9999
2026-04-09 23:23:05,689 - Epoch: 22, 251/274: VFL loss: 0.0013, total loss: 0.0481, anchor loss: 0.0467, VFL train accuracy: 0.9998
2026-04-09 23:23:06,019 - Epoch: 22, 261/274: VFL loss: 0.0013, total loss: 0.0480, anchor loss: 0.0467, VFL train accuracy: 0.9999
2026-04-09 23:23:06,334 - Epoch: 22, 271/274: VFL loss: 0.0013, total loss: 0.0480, anchor loss: 0.0467, VFL train accuracy: 0.9998
2026-04-09 23:23:06,438 - => Recorded Stage 2 client anchor losses for epoch 22 to './results/AVGuard/Fourclient/NUSWIDE/ema_scan/lambda_1.0_ema_0.990\stage2_final_epoch_client_anchor_losses.json': {0: 0.023955, 1: 0.056073, 2: 0.04582, 3: 0.061118}
2026-04-09 23:23:06,444 - => Stage 2 EMA anchor update applied at epoch 22 with momentum 0.9900: updated classes per client {0: 5, 1: 5, 2: 5, 3: 5}
2026-04-09 23:23:06,444 - => Stage 2 Epoch 22 Training Summary: VFL loss: 0.0013, total loss: 0.0481, anchor loss: 0.0468, VFL train accuracy: 0.9998
2026-04-09 23:23:06,445 - => Test ASR...
2026-04-09 23:23:06,565 - =>Add Trigger to Test Data
2026-04-09 23:23:08,500 - Add Trigger to 37064 Bad Samples, 9629 Clean Samples (1.00)
2026-04-09 23:23:20,549 - => Test Epoch: 22, main task samples: 46693, attack samples: 46693, test loss: 1.1032, clean acc: 0.6002, Top-4: 0.9961, ASR: 0.3869, RAC: 0.4664, test target accuracy: 0.8802, stage3 final accuracy: 0.6002, stage3 final target accuracy: 0.5930, stage3 final asr: 0.3869, anchor loss: 0.0612
2026-04-09 23:23:20,549 - => Stage 3 Detection Summary: recall: 0.6244, precision: 0.0464, f1: 0.0864, false positive rate: 0.4304, correction rate: 0.3408
2026-04-09 23:23:20,549 - => Stage 3 Debug (clean): suspicious=20096/46693, correction_applied=20057, prediction_changed=20057, skipped_tied_vote=0, skipped_low_margin=0, skipped_other=39
2026-04-09 23:23:20,549 - => Stage 3 Debug (poison-valid): suspicious=21597/37064, correction_applied=21594, prediction_changed=21594, skipped_tied_vote=0, skipped_low_margin=0, skipped_other=3
2026-04-09 23:23:20,550 - => Stage 3 Debug (attack-success): suspicious=1935/3099, correction_applied=1932, prediction_changed=1932, corrected_to_true=1056
2026-04-09 23:23:20,590 - => End Epoch: 22, early stop epochs: 21, best epoch: 1, best clean acc: 0.5958, best Top-4: 0.9966, best ASR: 0.3617, best RAC: 0.5316, anchor loss: 0.0782
2026-04-09 23:23:20,590 - => Stage 3 Detection Summary: recall: 0.8058, precision: 0.1637, f1: 0.2721, false positive rate: 0.4207, correction rate: 0.5522
2026-04-09 23:23:20,619 - => LFBA current anchor-derived target label: 3
2026-04-09 23:23:20,712 - =>Add Trigger to Train Data
2026-04-09 23:23:20,962 - Add Trigger to 6996 Bad Samples, 62970 Clean Samples (0.10)
2026-04-09 23:23:20,966 - => Start Training for Injecting Backdoor...
2026-04-09 23:23:21,013 - Epoch: 23, 1/274: VFL loss: 0.0010, total loss: 0.0466, anchor loss: 0.0456, VFL train accuracy: 1.0000
2026-04-09 23:23:21,511 - Epoch: 23, 11/274: VFL loss: 0.0007, total loss: 0.0467, anchor loss: 0.0460, VFL train accuracy: 1.0000
2026-04-09 23:23:21,825 - Epoch: 23, 21/274: VFL loss: 0.0008, total loss: 0.0464, anchor loss: 0.0456, VFL train accuracy: 1.0000
2026-04-09 23:23:22,138 - Epoch: 23, 31/274: VFL loss: 0.0011, total loss: 0.0469, anchor loss: 0.0457, VFL train accuracy: 0.9999
2026-04-09 23:23:22,470 - Epoch: 23, 41/274: VFL loss: 0.0011, total loss: 0.0470, anchor loss: 0.0460, VFL train accuracy: 0.9999
2026-04-09 23:23:22,768 - Epoch: 23, 51/274: VFL loss: 0.0010, total loss: 0.0470, anchor loss: 0.0460, VFL train accuracy: 0.9999
2026-04-09 23:23:23,098 - Epoch: 23, 61/274: VFL loss: 0.0010, total loss: 0.0472, anchor loss: 0.0463, VFL train accuracy: 0.9999
2026-04-09 23:23:23,397 - Epoch: 23, 71/274: VFL loss: 0.0009, total loss: 0.0471, anchor loss: 0.0462, VFL train accuracy: 0.9999
2026-04-09 23:23:23,666 - Epoch: 23, 81/274: VFL loss: 0.0009, total loss: 0.0470, anchor loss: 0.0461, VFL train accuracy: 1.0000
2026-04-09 23:23:23,976 - Epoch: 23, 91/274: VFL loss: 0.0009, total loss: 0.0469, anchor loss: 0.0461, VFL train accuracy: 1.0000
2026-04-09 23:23:24,284 - Epoch: 23, 101/274: VFL loss: 0.0009, total loss: 0.0470, anchor loss: 0.0461, VFL train accuracy: 1.0000
2026-04-09 23:23:24,572 - Epoch: 23, 111/274: VFL loss: 0.0009, total loss: 0.0470, anchor loss: 0.0461, VFL train accuracy: 0.9999
2026-04-09 23:23:24,855 - Epoch: 23, 121/274: VFL loss: 0.0009, total loss: 0.0470, anchor loss: 0.0461, VFL train accuracy: 0.9999
2026-04-09 23:23:25,167 - Epoch: 23, 131/274: VFL loss: 0.0009, total loss: 0.0470, anchor loss: 0.0461, VFL train accuracy: 0.9999
2026-04-09 23:23:25,476 - Epoch: 23, 141/274: VFL loss: 0.0009, total loss: 0.0469, anchor loss: 0.0460, VFL train accuracy: 0.9999
2026-04-09 23:23:25,783 - Epoch: 23, 151/274: VFL loss: 0.0009, total loss: 0.0469, anchor loss: 0.0460, VFL train accuracy: 0.9999
2026-04-09 23:23:26,079 - Epoch: 23, 161/274: VFL loss: 0.0009, total loss: 0.0469, anchor loss: 0.0460, VFL train accuracy: 1.0000
2026-04-09 23:23:26,388 - Epoch: 23, 171/274: VFL loss: 0.0009, total loss: 0.0470, anchor loss: 0.0460, VFL train accuracy: 1.0000
2026-04-09 23:23:26,693 - Epoch: 23, 181/274: VFL loss: 0.0009, total loss: 0.0469, anchor loss: 0.0460, VFL train accuracy: 1.0000
2026-04-09 23:23:27,003 - Epoch: 23, 191/274: VFL loss: 0.0009, total loss: 0.0470, anchor loss: 0.0460, VFL train accuracy: 1.0000
2026-04-09 23:23:27,347 - Epoch: 23, 201/274: VFL loss: 0.0009, total loss: 0.0470, anchor loss: 0.0461, VFL train accuracy: 1.0000
2026-04-09 23:23:27,661 - Epoch: 23, 211/274: VFL loss: 0.0009, total loss: 0.0470, anchor loss: 0.0460, VFL train accuracy: 0.9999
2026-04-09 23:23:27,976 - Epoch: 23, 221/274: VFL loss: 0.0009, total loss: 0.0469, anchor loss: 0.0460, VFL train accuracy: 0.9999
2026-04-09 23:23:28,294 - Epoch: 23, 231/274: VFL loss: 0.0009, total loss: 0.0469, anchor loss: 0.0460, VFL train accuracy: 0.9999
2026-04-09 23:23:28,626 - Epoch: 23, 241/274: VFL loss: 0.0009, total loss: 0.0469, anchor loss: 0.0460, VFL train accuracy: 0.9999
2026-04-09 23:23:28,942 - Epoch: 23, 251/274: VFL loss: 0.0009, total loss: 0.0469, anchor loss: 0.0460, VFL train accuracy: 0.9999
2026-04-09 23:23:29,270 - Epoch: 23, 261/274: VFL loss: 0.0009, total loss: 0.0469, anchor loss: 0.0459, VFL train accuracy: 0.9999
2026-04-09 23:23:29,607 - Epoch: 23, 271/274: VFL loss: 0.0009, total loss: 0.0469, anchor loss: 0.0460, VFL train accuracy: 0.9999
2026-04-09 23:23:29,713 - => Recorded Stage 2 client anchor losses for epoch 23 to './results/AVGuard/Fourclient/NUSWIDE/ema_scan/lambda_1.0_ema_0.990\stage2_final_epoch_client_anchor_losses.json': {0: 0.023401, 1: 0.055077, 2: 0.045061, 3: 0.060199}
2026-04-09 23:23:29,726 - => Stage 2 EMA anchor update applied at epoch 23 with momentum 0.9900: updated classes per client {0: 5, 1: 5, 2: 5, 3: 5}
2026-04-09 23:23:29,726 - => Stage 2 Epoch 23 Training Summary: VFL loss: 0.0009, total loss: 0.0469, anchor loss: 0.0459, VFL train accuracy: 0.9999
2026-04-09 23:23:29,726 - => Test ASR...
2026-04-09 23:23:29,856 - =>Add Trigger to Test Data
2026-04-09 23:23:31,934 - Add Trigger to 37064 Bad Samples, 9629 Clean Samples (1.00)
2026-04-09 23:23:43,199 - => Test Epoch: 23, main task samples: 46693, attack samples: 46693, test loss: 1.1233, clean acc: 0.6017, Top-4: 0.9961, ASR: 0.3898, RAC: 0.4669, test target accuracy: 0.8793, stage3 final accuracy: 0.6017, stage3 final target accuracy: 0.5926, stage3 final asr: 0.3898, anchor loss: 0.0604
2026-04-09 23:23:43,199 - => Stage 3 Detection Summary: recall: 0.6290, precision: 0.0472, f1: 0.0879, false positive rate: 0.4283, correction rate: 0.3415
2026-04-09 23:23:43,199 - => Stage 3 Debug (clean): suspicious=19998/46693, correction_applied=19969, prediction_changed=19969, skipped_tied_vote=0, skipped_low_margin=0, skipped_other=29
2026-04-09 23:23:43,199 - => Stage 3 Debug (poison-valid): suspicious=21540/37064, correction_applied=21537, prediction_changed=21537, skipped_tied_vote=0, skipped_low_margin=0, skipped_other=3
2026-04-09 23:23:43,199 - => Stage 3 Debug (attack-success): suspicious=1962/3119, correction_applied=1959, prediction_changed=1959, corrected_to_true=1065
2026-04-09 23:23:43,238 - => End Epoch: 23, early stop epochs: 22, best epoch: 1, best clean acc: 0.5958, best Top-4: 0.9966, best ASR: 0.3617, best RAC: 0.5316, anchor loss: 0.0782
2026-04-09 23:23:43,238 - => Stage 3 Detection Summary: recall: 0.8058, precision: 0.1637, f1: 0.2721, false positive rate: 0.4207, correction rate: 0.5522
2026-04-09 23:23:43,270 - => LFBA current anchor-derived target label: 3
2026-04-09 23:23:43,362 - =>Add Trigger to Train Data
2026-04-09 23:23:43,620 - Add Trigger to 6996 Bad Samples, 62970 Clean Samples (0.10)
2026-04-09 23:23:43,624 - => Start Training for Injecting Backdoor...
2026-04-09 23:23:43,666 - Epoch: 24, 1/274: VFL loss: 0.0006, total loss: 0.0467, anchor loss: 0.0461, VFL train accuracy: 1.0000
2026-04-09 23:23:44,179 - Epoch: 24, 11/274: VFL loss: 0.0007, total loss: 0.0460, anchor loss: 0.0452, VFL train accuracy: 1.0000
2026-04-09 23:23:44,524 - Epoch: 24, 21/274: VFL loss: 0.0008, total loss: 0.0461, anchor loss: 0.0453, VFL train accuracy: 1.0000
2026-04-09 23:23:44,854 - Epoch: 24, 31/274: VFL loss: 0.0008, total loss: 0.0460, anchor loss: 0.0452, VFL train accuracy: 1.0000
2026-04-09 23:23:45,179 - Epoch: 24, 41/274: VFL loss: 0.0008, total loss: 0.0462, anchor loss: 0.0454, VFL train accuracy: 1.0000
2026-04-09 23:23:45,501 - Epoch: 24, 51/274: VFL loss: 0.0008, total loss: 0.0463, anchor loss: 0.0455, VFL train accuracy: 1.0000
2026-04-09 23:23:45,829 - Epoch: 24, 61/274: VFL loss: 0.0008, total loss: 0.0462, anchor loss: 0.0455, VFL train accuracy: 1.0000
2026-04-09 23:23:46,162 - Epoch: 24, 71/274: VFL loss: 0.0007, total loss: 0.0462, anchor loss: 0.0454, VFL train accuracy: 1.0000
2026-04-09 23:23:46,487 - Epoch: 24, 81/274: VFL loss: 0.0008, total loss: 0.0463, anchor loss: 0.0455, VFL train accuracy: 1.0000
2026-04-09 23:23:46,810 - Epoch: 24, 91/274: VFL loss: 0.0007, total loss: 0.0462, anchor loss: 0.0455, VFL train accuracy: 1.0000
2026-04-09 23:23:47,140 - Epoch: 24, 101/274: VFL loss: 0.0007, total loss: 0.0462, anchor loss: 0.0455, VFL train accuracy: 1.0000
2026-04-09 23:23:47,471 - Epoch: 24, 111/274: VFL loss: 0.0007, total loss: 0.0462, anchor loss: 0.0455, VFL train accuracy: 1.0000
2026-04-09 23:23:47,804 - Epoch: 24, 121/274: VFL loss: 0.0007, total loss: 0.0462, anchor loss: 0.0454, VFL train accuracy: 1.0000
2026-04-09 23:23:48,082 - Epoch: 24, 131/274: VFL loss: 0.0007, total loss: 0.0461, anchor loss: 0.0453, VFL train accuracy: 1.0000
2026-04-09 23:23:48,427 - Epoch: 24, 141/274: VFL loss: 0.0007, total loss: 0.0461, anchor loss: 0.0454, VFL train accuracy: 1.0000
2026-04-09 23:23:48,747 - Epoch: 24, 151/274: VFL loss: 0.0007, total loss: 0.0461, anchor loss: 0.0454, VFL train accuracy: 1.0000
2026-04-09 23:23:49,078 - Epoch: 24, 161/274: VFL loss: 0.0007, total loss: 0.0460, anchor loss: 0.0453, VFL train accuracy: 1.0000
2026-04-09 23:23:49,414 - Epoch: 24, 171/274: VFL loss: 0.0007, total loss: 0.0460, anchor loss: 0.0453, VFL train accuracy: 1.0000
2026-04-09 23:23:49,742 - Epoch: 24, 181/274: VFL loss: 0.0007, total loss: 0.0460, anchor loss: 0.0453, VFL train accuracy: 1.0000
2026-04-09 23:23:50,063 - Epoch: 24, 191/274: VFL loss: 0.0007, total loss: 0.0460, anchor loss: 0.0453, VFL train accuracy: 1.0000
2026-04-09 23:23:50,372 - Epoch: 24, 201/274: VFL loss: 0.0007, total loss: 0.0460, anchor loss: 0.0453, VFL train accuracy: 1.0000
2026-04-09 23:23:50,703 - Epoch: 24, 211/274: VFL loss: 0.0007, total loss: 0.0460, anchor loss: 0.0453, VFL train accuracy: 1.0000
2026-04-09 23:23:51,019 - Epoch: 24, 221/274: VFL loss: 0.0007, total loss: 0.0459, anchor loss: 0.0452, VFL train accuracy: 1.0000
2026-04-09 23:23:51,349 - Epoch: 24, 231/274: VFL loss: 0.0007, total loss: 0.0459, anchor loss: 0.0452, VFL train accuracy: 1.0000
2026-04-09 23:23:51,672 - Epoch: 24, 241/274: VFL loss: 0.0007, total loss: 0.0459, anchor loss: 0.0452, VFL train accuracy: 1.0000
2026-04-09 23:23:51,999 - Epoch: 24, 251/274: VFL loss: 0.0007, total loss: 0.0459, anchor loss: 0.0452, VFL train accuracy: 1.0000
2026-04-09 23:23:52,330 - Epoch: 24, 261/274: VFL loss: 0.0007, total loss: 0.0459, anchor loss: 0.0452, VFL train accuracy: 1.0000
2026-04-09 23:23:52,661 - Epoch: 24, 271/274: VFL loss: 0.0007, total loss: 0.0459, anchor loss: 0.0452, VFL train accuracy: 1.0000
2026-04-09 23:23:52,766 - => Recorded Stage 2 client anchor losses for epoch 24 to './results/AVGuard/Fourclient/NUSWIDE/ema_scan/lambda_1.0_ema_0.990\stage2_final_epoch_client_anchor_losses.json': {0: 0.0229, 1: 0.054154, 2: 0.044359, 3: 0.059238}
2026-04-09 23:23:52,778 - => Stage 2 EMA anchor update applied at epoch 24 with momentum 0.9900: updated classes per client {0: 5, 1: 5, 2: 5, 3: 5}
2026-04-09 23:23:52,778 - => Stage 2 Epoch 24 Training Summary: VFL loss: 0.0007, total loss: 0.0459, anchor loss: 0.0452, VFL train accuracy: 1.0000
2026-04-09 23:23:52,779 - => Test ASR...
2026-04-09 23:23:52,904 - =>Add Trigger to Test Data
2026-04-09 23:23:54,912 - Add Trigger to 37064 Bad Samples, 9629 Clean Samples (1.00)
2026-04-09 23:24:06,701 - => Test Epoch: 24, main task samples: 46693, attack samples: 46693, test loss: 1.1439, clean acc: 0.6030, Top-4: 0.9961, ASR: 0.3937, RAC: 0.4698, test target accuracy: 0.8838, stage3 final accuracy: 0.6030, stage3 final target accuracy: 0.6017, stage3 final asr: 0.3937, anchor loss: 0.0597
2026-04-09 23:24:06,701 - => Stage 3 Detection Summary: recall: 0.6325, precision: 0.0496, f1: 0.0920, false positive rate: 0.4255, correction rate: 0.3490
2026-04-09 23:24:06,701 - => Stage 3 Debug (clean): suspicious=19869/46693, correction_applied=19830, prediction_changed=19830, skipped_tied_vote=0, skipped_low_margin=0, skipped_other=39
2026-04-09 23:24:06,701 - => Stage 3 Debug (poison-valid): suspicious=21496/37064, correction_applied=21494, prediction_changed=21494, skipped_tied_vote=0, skipped_low_margin=0, skipped_other=2
2026-04-09 23:24:06,701 - => Stage 3 Debug (attack-success): suspicious=2053/3246, correction_applied=2052, prediction_changed=2052, corrected_to_true=1133
2026-04-09 23:24:06,743 - => End Epoch: 24, early stop epochs: 23, best epoch: 1, best clean acc: 0.5958, best Top-4: 0.9966, best ASR: 0.3617, best RAC: 0.5316, anchor loss: 0.0782
2026-04-09 23:24:06,743 - => Stage 3 Detection Summary: recall: 0.8058, precision: 0.1637, f1: 0.2721, false positive rate: 0.4207, correction rate: 0.5522
2026-04-09 23:24:06,777 - => LFBA current anchor-derived target label: 3
2026-04-09 23:24:06,867 - =>Add Trigger to Train Data
2026-04-09 23:24:07,105 - Add Trigger to 6996 Bad Samples, 62970 Clean Samples (0.10)
2026-04-09 23:24:07,109 - => Start Training for Injecting Backdoor...
2026-04-09 23:24:07,145 - Epoch: 25, 1/274: VFL loss: 0.0003, total loss: 0.0449, anchor loss: 0.0446, VFL train accuracy: 1.0000
2026-04-09 23:24:07,617 - Epoch: 25, 11/274: VFL loss: 0.0007, total loss: 0.0453, anchor loss: 0.0446, VFL train accuracy: 1.0000
2026-04-09 23:24:07,950 - Epoch: 25, 21/274: VFL loss: 0.0006, total loss: 0.0455, anchor loss: 0.0449, VFL train accuracy: 1.0000
2026-04-09 23:24:08,255 - Epoch: 25, 31/274: VFL loss: 0.0006, total loss: 0.0459, anchor loss: 0.0453, VFL train accuracy: 1.0000
2026-04-09 23:24:08,563 - Epoch: 25, 41/274: VFL loss: 0.0006, total loss: 0.0455, anchor loss: 0.0450, VFL train accuracy: 1.0000
2026-04-09 23:24:08,892 - Epoch: 25, 51/274: VFL loss: 0.0006, total loss: 0.0456, anchor loss: 0.0450, VFL train accuracy: 1.0000
2026-04-09 23:24:09,229 - Epoch: 25, 61/274: VFL loss: 0.0006, total loss: 0.0456, anchor loss: 0.0450, VFL train accuracy: 1.0000
2026-04-09 23:24:09,555 - Epoch: 25, 71/274: VFL loss: 0.0007, total loss: 0.0455, anchor loss: 0.0449, VFL train accuracy: 1.0000
2026-04-09 23:24:09,885 - Epoch: 25, 81/274: VFL loss: 0.0006, total loss: 0.0454, anchor loss: 0.0448, VFL train accuracy: 1.0000
2026-04-09 23:24:10,199 - Epoch: 25, 91/274: VFL loss: 0.0006, total loss: 0.0454, anchor loss: 0.0448, VFL train accuracy: 1.0000
2026-04-09 23:24:10,518 - Epoch: 25, 101/274: VFL loss: 0.0006, total loss: 0.0453, anchor loss: 0.0447, VFL train accuracy: 1.0000
2026-04-09 23:24:10,977 - Epoch: 25, 111/274: VFL loss: 0.0006, total loss: 0.0454, anchor loss: 0.0448, VFL train accuracy: 1.0000
2026-04-09 23:24:11,308 - Epoch: 25, 121/274: VFL loss: 0.0006, total loss: 0.0454, anchor loss: 0.0448, VFL train accuracy: 1.0000
2026-04-09 23:24:11,640 - Epoch: 25, 131/274: VFL loss: 0.0006, total loss: 0.0453, anchor loss: 0.0447, VFL train accuracy: 1.0000
2026-04-09 23:24:11,944 - Epoch: 25, 141/274: VFL loss: 0.0006, total loss: 0.0453, anchor loss: 0.0447, VFL train accuracy: 1.0000
2026-04-09 23:24:12,257 - Epoch: 25, 151/274: VFL loss: 0.0006, total loss: 0.0453, anchor loss: 0.0447, VFL train accuracy: 1.0000
2026-04-09 23:24:12,571 - Epoch: 25, 161/274: VFL loss: 0.0006, total loss: 0.0453, anchor loss: 0.0447, VFL train accuracy: 1.0000
2026-04-09 23:24:12,871 - Epoch: 25, 171/274: VFL loss: 0.0006, total loss: 0.0453, anchor loss: 0.0447, VFL train accuracy: 1.0000
2026-04-09 23:24:13,201 - Epoch: 25, 181/274: VFL loss: 0.0006, total loss: 0.0453, anchor loss: 0.0447, VFL train accuracy: 1.0000
2026-04-09 23:24:13,517 - Epoch: 25, 191/274: VFL loss: 0.0006, total loss: 0.0452, anchor loss: 0.0446, VFL train accuracy: 1.0000
2026-04-09 23:24:13,831 - Epoch: 25, 201/274: VFL loss: 0.0006, total loss: 0.0452, anchor loss: 0.0446, VFL train accuracy: 1.0000
2026-04-09 23:24:14,127 - Epoch: 25, 211/274: VFL loss: 0.0006, total loss: 0.0452, anchor loss: 0.0446, VFL train accuracy: 1.0000
2026-04-09 23:24:14,441 - Epoch: 25, 221/274: VFL loss: 0.0006, total loss: 0.0451, anchor loss: 0.0445, VFL train accuracy: 1.0000
2026-04-09 23:24:14,757 - Epoch: 25, 231/274: VFL loss: 0.0006, total loss: 0.0452, anchor loss: 0.0445, VFL train accuracy: 1.0000
2026-04-09 23:24:15,072 - Epoch: 25, 241/274: VFL loss: 0.0006, total loss: 0.0452, anchor loss: 0.0446, VFL train accuracy: 1.0000
2026-04-09 23:24:15,390 - Epoch: 25, 251/274: VFL loss: 0.0006, total loss: 0.0451, anchor loss: 0.0445, VFL train accuracy: 1.0000
2026-04-09 23:24:15,705 - Epoch: 25, 261/274: VFL loss: 0.0006, total loss: 0.0451, anchor loss: 0.0445, VFL train accuracy: 1.0000
2026-04-09 23:24:16,008 - Epoch: 25, 271/274: VFL loss: 0.0006, total loss: 0.0450, anchor loss: 0.0445, VFL train accuracy: 1.0000
2026-04-09 23:24:16,117 - => Recorded Stage 2 client anchor losses for epoch 25 to './results/AVGuard/Fourclient/NUSWIDE/ema_scan/lambda_1.0_ema_0.990\stage2_final_epoch_client_anchor_losses.json': {0: 0.022425, 1: 0.053281, 2: 0.043687, 3: 0.058479}
2026-04-09 23:24:16,130 - => Stage 2 EMA anchor update applied at epoch 25 with momentum 0.9900: updated classes per client {0: 5, 1: 5, 2: 5, 3: 5}
2026-04-09 23:24:16,130 - => Stage 2 Epoch 25 Training Summary: VFL loss: 0.0006, total loss: 0.0451, anchor loss: 0.0445, VFL train accuracy: 1.0000
2026-04-09 23:24:16,130 - => Test ASR...
2026-04-09 23:24:16,247 - =>Add Trigger to Test Data
2026-04-09 23:24:18,265 - Add Trigger to 37064 Bad Samples, 9629 Clean Samples (1.00)
2026-04-09 23:24:28,338 - => Test Epoch: 25, main task samples: 46693, attack samples: 46693, test loss: 1.1621, clean acc: 0.6046, Top-4: 0.9962, ASR: 0.3922, RAC: 0.4696, test target accuracy: 0.8823, stage3 final accuracy: 0.6046, stage3 final target accuracy: 0.5955, stage3 final asr: 0.3922, anchor loss: 0.0590
2026-04-09 23:24:28,338 - => Stage 3 Detection Summary: recall: 0.6284, precision: 0.0475, f1: 0.0884, false positive rate: 0.4240, correction rate: 0.3450
2026-04-09 23:24:28,338 - => Stage 3 Debug (clean): suspicious=19800/46693, correction_applied=19763, prediction_changed=19763, skipped_tied_vote=0, skipped_low_margin=0, skipped_other=37
2026-04-09 23:24:28,338 - => Stage 3 Debug (poison-valid): suspicious=21439/37064, correction_applied=21435, prediction_changed=21435, skipped_tied_vote=0, skipped_low_margin=0, skipped_other=4
2026-04-09 23:24:28,340 - => Stage 3 Debug (attack-success): suspicious=1960/3119, correction_applied=1958, prediction_changed=1958, corrected_to_true=1076
2026-04-09 23:24:28,378 - => End Epoch: 25, early stop epochs: 24, best epoch: 1, best clean acc: 0.5958, best Top-4: 0.9966, best ASR: 0.3617, best RAC: 0.5316, anchor loss: 0.0782
2026-04-09 23:24:28,378 - => Stage 3 Detection Summary: recall: 0.8058, precision: 0.1637, f1: 0.2721, false positive rate: 0.4207, correction rate: 0.5522
2026-04-09 23:24:28,410 - => LFBA current anchor-derived target label: 3
2026-04-09 23:24:28,492 - =>Add Trigger to Train Data
2026-04-09 23:24:28,768 - Add Trigger to 6996 Bad Samples, 62970 Clean Samples (0.10)
2026-04-09 23:24:28,771 - => Start Training for Injecting Backdoor...
2026-04-09 23:24:28,814 - Epoch: 26, 1/274: VFL loss: 0.0003, total loss: 0.0478, anchor loss: 0.0475, VFL train accuracy: 1.0000
2026-04-09 23:24:29,620 - Epoch: 26, 11/274: VFL loss: 0.0004, total loss: 0.0446, anchor loss: 0.0442, VFL train accuracy: 1.0000
2026-04-09 23:24:29,989 - Epoch: 26, 21/274: VFL loss: 0.0003, total loss: 0.0445, anchor loss: 0.0442, VFL train accuracy: 1.0000
2026-04-09 23:24:30,265 - Epoch: 26, 31/274: VFL loss: 0.0004, total loss: 0.0444, anchor loss: 0.0440, VFL train accuracy: 1.0000
2026-04-09 23:24:30,572 - Epoch: 26, 41/274: VFL loss: 0.0004, total loss: 0.0444, anchor loss: 0.0440, VFL train accuracy: 1.0000
2026-04-09 23:24:30,905 - Epoch: 26, 51/274: VFL loss: 0.0006, total loss: 0.0447, anchor loss: 0.0440, VFL train accuracy: 0.9999
2026-04-09 23:24:31,219 - Epoch: 26, 61/274: VFL loss: 0.0006, total loss: 0.0446, anchor loss: 0.0440, VFL train accuracy: 0.9999
2026-04-09 23:24:31,510 - Epoch: 26, 71/274: VFL loss: 0.0006, total loss: 0.0446, anchor loss: 0.0439, VFL train accuracy: 0.9999
2026-04-09 23:24:31,815 - Epoch: 26, 81/274: VFL loss: 0.0006, total loss: 0.0447, anchor loss: 0.0441, VFL train accuracy: 1.0000
2026-04-09 23:24:32,059 - Epoch: 26, 91/274: VFL loss: 0.0006, total loss: 0.0448, anchor loss: 0.0441, VFL train accuracy: 1.0000
2026-04-09 23:24:32,349 - Epoch: 26, 101/274: VFL loss: 0.0006, total loss: 0.0446, anchor loss: 0.0440, VFL train accuracy: 1.0000
2026-04-09 23:24:32,595 - Epoch: 26, 111/274: VFL loss: 0.0006, total loss: 0.0446, anchor loss: 0.0440, VFL train accuracy: 1.0000
2026-04-09 23:24:32,887 - Epoch: 26, 121/274: VFL loss: 0.0006, total loss: 0.0446, anchor loss: 0.0439, VFL train accuracy: 1.0000
2026-04-09 23:24:33,124 - Epoch: 26, 131/274: VFL loss: 0.0006, total loss: 0.0445, anchor loss: 0.0439, VFL train accuracy: 1.0000
2026-04-09 23:24:33,367 - Epoch: 26, 141/274: VFL loss: 0.0006, total loss: 0.0445, anchor loss: 0.0439, VFL train accuracy: 1.0000
2026-04-09 23:24:33,617 - Epoch: 26, 151/274: VFL loss: 0.0006, total loss: 0.0446, anchor loss: 0.0440, VFL train accuracy: 1.0000
2026-04-09 23:24:33,847 - Epoch: 26, 161/274: VFL loss: 0.0006, total loss: 0.0446, anchor loss: 0.0440, VFL train accuracy: 1.0000
2026-04-09 23:24:34,113 - Epoch: 26, 171/274: VFL loss: 0.0006, total loss: 0.0446, anchor loss: 0.0440, VFL train accuracy: 1.0000
2026-04-09 23:24:34,625 - Epoch: 26, 181/274: VFL loss: 0.0006, total loss: 0.0445, anchor loss: 0.0439, VFL train accuracy: 1.0000
2026-04-09 23:24:34,921 - Epoch: 26, 191/274: VFL loss: 0.0006, total loss: 0.0445, anchor loss: 0.0439, VFL train accuracy: 1.0000
2026-04-09 23:24:35,231 - Epoch: 26, 201/274: VFL loss: 0.0006, total loss: 0.0444, anchor loss: 0.0438, VFL train accuracy: 1.0000
2026-04-09 23:24:35,520 - Epoch: 26, 211/274: VFL loss: 0.0006, total loss: 0.0443, anchor loss: 0.0438, VFL train accuracy: 1.0000
2026-04-09 23:24:35,846 - Epoch: 26, 221/274: VFL loss: 0.0006, total loss: 0.0443, anchor loss: 0.0438, VFL train accuracy: 1.0000
2026-04-09 23:24:36,144 - Epoch: 26, 231/274: VFL loss: 0.0006, total loss: 0.0443, anchor loss: 0.0438, VFL train accuracy: 1.0000
2026-04-09 23:24:36,460 - Epoch: 26, 241/274: VFL loss: 0.0006, total loss: 0.0443, anchor loss: 0.0437, VFL train accuracy: 1.0000
2026-04-09 23:24:36,792 - Epoch: 26, 251/274: VFL loss: 0.0006, total loss: 0.0443, anchor loss: 0.0438, VFL train accuracy: 1.0000
2026-04-09 23:24:37,123 - Epoch: 26, 261/274: VFL loss: 0.0006, total loss: 0.0443, anchor loss: 0.0438, VFL train accuracy: 1.0000
2026-04-09 23:24:37,339 - Epoch: 26, 271/274: VFL loss: 0.0006, total loss: 0.0443, anchor loss: 0.0438, VFL train accuracy: 1.0000
2026-04-09 23:24:37,417 - => Recorded Stage 2 client anchor losses for epoch 26 to './results/AVGuard/Fourclient/NUSWIDE/ema_scan/lambda_1.0_ema_0.990\stage2_final_epoch_client_anchor_losses.json': {0: 0.021963, 1: 0.052446, 2: 0.043045, 3: 0.057622}
2026-04-09 23:24:37,422 - => Stage 2 EMA anchor update applied at epoch 26 with momentum 0.9900: updated classes per client {0: 5, 1: 5, 2: 5, 3: 5}
2026-04-09 23:24:37,422 - => Stage 2 Epoch 26 Training Summary: VFL loss: 0.0006, total loss: 0.0443, anchor loss: 0.0438, VFL train accuracy: 1.0000
2026-04-09 23:24:37,422 - => Test ASR...
2026-04-09 23:24:37,535 - =>Add Trigger to Test Data
2026-04-09 23:24:40,899 - Add Trigger to 37064 Bad Samples, 9629 Clean Samples (1.00)
2026-04-09 23:24:52,289 - => Test Epoch: 26, main task samples: 46693, attack samples: 46693, test loss: 1.1811, clean acc: 0.6052, Top-4: 0.9961, ASR: 0.3950, RAC: 0.4706, test target accuracy: 0.8836, stage3 final accuracy: 0.6052, stage3 final target accuracy: 0.6001, stage3 final asr: 0.3950, anchor loss: 0.0583
2026-04-09 23:24:52,289 - => Stage 3 Detection Summary: recall: 0.6263, precision: 0.0480, f1: 0.0891, false positive rate: 0.4237, correction rate: 0.3410
2026-04-09 23:24:52,289 - => Stage 3 Debug (clean): suspicious=19784/46693, correction_applied=19742, prediction_changed=19742, skipped_tied_vote=0, skipped_low_margin=0, skipped_other=42
2026-04-09 23:24:52,289 - => Stage 3 Debug (poison-valid): suspicious=21421/37064, correction_applied=21417, prediction_changed=21417, skipped_tied_vote=0, skipped_low_margin=0, skipped_other=4
2026-04-09 23:24:52,289 - => Stage 3 Debug (attack-success): suspicious=1976/3155, correction_applied=1974, prediction_changed=1974, corrected_to_true=1076
2026-04-09 23:24:52,344 - => End Epoch: 26, early stop epochs: 25, best epoch: 1, best clean acc: 0.5958, best Top-4: 0.9966, best ASR: 0.3617, best RAC: 0.5316, anchor loss: 0.0782
2026-04-09 23:24:52,344 - => Stage 3 Detection Summary: recall: 0.8058, precision: 0.1637, f1: 0.2721, false positive rate: 0.4207, correction rate: 0.5522
2026-04-09 23:24:52,386 - => LFBA current anchor-derived target label: 3
2026-04-09 23:24:52,467 - =>Add Trigger to Train Data
2026-04-09 23:24:52,754 - Add Trigger to 6996 Bad Samples, 62970 Clean Samples (0.10)
2026-04-09 23:24:52,757 - => Start Training for Injecting Backdoor...
2026-04-09 23:24:52,806 - Epoch: 27, 1/274: VFL loss: 0.0003, total loss: 0.0451, anchor loss: 0.0448, VFL train accuracy: 1.0000
2026-04-09 23:24:53,358 - Epoch: 27, 11/274: VFL loss: 0.0003, total loss: 0.0437, anchor loss: 0.0433, VFL train accuracy: 1.0000
2026-04-09 23:24:53,744 - Epoch: 27, 21/274: VFL loss: 0.0004, total loss: 0.0442, anchor loss: 0.0438, VFL train accuracy: 1.0000
2026-04-09 23:24:54,115 - Epoch: 27, 31/274: VFL loss: 0.0004, total loss: 0.0436, anchor loss: 0.0432, VFL train accuracy: 1.0000
2026-04-09 23:24:54,475 - Epoch: 27, 41/274: VFL loss: 0.0004, total loss: 0.0436, anchor loss: 0.0432, VFL train accuracy: 1.0000
2026-04-09 23:24:54,852 - Epoch: 27, 51/274: VFL loss: 0.0005, total loss: 0.0441, anchor loss: 0.0436, VFL train accuracy: 1.0000
2026-04-09 23:24:55,218 - Epoch: 27, 61/274: VFL loss: 0.0005, total loss: 0.0440, anchor loss: 0.0436, VFL train accuracy: 1.0000
2026-04-09 23:24:55,597 - Epoch: 27, 71/274: VFL loss: 0.0004, total loss: 0.0439, anchor loss: 0.0435, VFL train accuracy: 1.0000
2026-04-09 23:24:55,977 - Epoch: 27, 81/274: VFL loss: 0.0004, total loss: 0.0438, anchor loss: 0.0433, VFL train accuracy: 1.0000
2026-04-09 23:24:56,343 - Epoch: 27, 91/274: VFL loss: 0.0004, total loss: 0.0437, anchor loss: 0.0432, VFL train accuracy: 1.0000
2026-04-09 23:24:56,702 - Epoch: 27, 101/274: VFL loss: 0.0004, total loss: 0.0435, anchor loss: 0.0431, VFL train accuracy: 1.0000
2026-04-09 23:24:57,051 - Epoch: 27, 111/274: VFL loss: 0.0004, total loss: 0.0435, anchor loss: 0.0431, VFL train accuracy: 1.0000
2026-04-09 23:24:57,389 - Epoch: 27, 121/274: VFL loss: 0.0004, total loss: 0.0434, anchor loss: 0.0430, VFL train accuracy: 1.0000
2026-04-09 23:24:57,712 - Epoch: 27, 131/274: VFL loss: 0.0004, total loss: 0.0433, anchor loss: 0.0429, VFL train accuracy: 1.0000
2026-04-09 23:24:58,041 - Epoch: 27, 141/274: VFL loss: 0.0004, total loss: 0.0434, anchor loss: 0.0430, VFL train accuracy: 1.0000
2026-04-09 23:24:58,370 - Epoch: 27, 151/274: VFL loss: 0.0004, total loss: 0.0434, anchor loss: 0.0430, VFL train accuracy: 1.0000
2026-04-09 23:24:58,681 - Epoch: 27, 161/274: VFL loss: 0.0004, total loss: 0.0435, anchor loss: 0.0431, VFL train accuracy: 1.0000
2026-04-09 23:24:59,014 - Epoch: 27, 171/274: VFL loss: 0.0004, total loss: 0.0435, anchor loss: 0.0430, VFL train accuracy: 1.0000
2026-04-09 23:24:59,353 - Epoch: 27, 181/274: VFL loss: 0.0005, total loss: 0.0435, anchor loss: 0.0430, VFL train accuracy: 1.0000
2026-04-09 23:24:59,663 - Epoch: 27, 191/274: VFL loss: 0.0005, total loss: 0.0435, anchor loss: 0.0430, VFL train accuracy: 1.0000
2026-04-09 23:24:59,974 - Epoch: 27, 201/274: VFL loss: 0.0005, total loss: 0.0435, anchor loss: 0.0430, VFL train accuracy: 1.0000
2026-04-09 23:25:00,287 - Epoch: 27, 211/274: VFL loss: 0.0005, total loss: 0.0435, anchor loss: 0.0431, VFL train accuracy: 1.0000
2026-04-09 23:25:00,601 - Epoch: 27, 221/274: VFL loss: 0.0005, total loss: 0.0435, anchor loss: 0.0431, VFL train accuracy: 1.0000
2026-04-09 23:25:00,923 - Epoch: 27, 231/274: VFL loss: 0.0005, total loss: 0.0435, anchor loss: 0.0431, VFL train accuracy: 1.0000
2026-04-09 23:25:01,249 - Epoch: 27, 241/274: VFL loss: 0.0005, total loss: 0.0435, anchor loss: 0.0430, VFL train accuracy: 1.0000
2026-04-09 23:25:01,583 - Epoch: 27, 251/274: VFL loss: 0.0005, total loss: 0.0435, anchor loss: 0.0430, VFL train accuracy: 1.0000
2026-04-09 23:25:01,938 - Epoch: 27, 261/274: VFL loss: 0.0005, total loss: 0.0435, anchor loss: 0.0430, VFL train accuracy: 1.0000
2026-04-09 23:25:02,267 - Epoch: 27, 271/274: VFL loss: 0.0005, total loss: 0.0436, anchor loss: 0.0431, VFL train accuracy: 1.0000
2026-04-09 23:25:02,371 - => Recorded Stage 2 client anchor losses for epoch 27 to './results/AVGuard/Fourclient/NUSWIDE/ema_scan/lambda_1.0_ema_0.990\stage2_final_epoch_client_anchor_losses.json': {0: 0.021506, 1: 0.051611, 2: 0.042413, 3: 0.056829}
2026-04-09 23:25:02,379 - => Stage 2 EMA anchor update applied at epoch 27 with momentum 0.9900: updated classes per client {0: 5, 1: 5, 2: 5, 3: 5}
2026-04-09 23:25:02,379 - => Stage 2 Epoch 27 Training Summary: VFL loss: 0.0005, total loss: 0.0436, anchor loss: 0.0431, VFL train accuracy: 1.0000
2026-04-09 23:25:02,380 - => Test ASR...
2026-04-09 23:25:02,490 - =>Add Trigger to Test Data
2026-04-09 23:25:05,213 - Add Trigger to 37064 Bad Samples, 9629 Clean Samples (1.00)
2026-04-09 23:25:17,716 - => Test Epoch: 27, main task samples: 46693, attack samples: 46693, test loss: 1.2001, clean acc: 0.6057, Top-4: 0.9961, ASR: 0.4000, RAC: 0.4719, test target accuracy: 0.8844, stage3 final accuracy: 0.6057, stage3 final target accuracy: 0.6031, stage3 final asr: 0.4000, anchor loss: 0.0576
2026-04-09 23:25:17,716 - => Stage 3 Detection Summary: recall: 0.6336, precision: 0.0506, f1: 0.0938, false positive rate: 0.4221, correction rate: 0.3485
2026-04-09 23:25:17,716 - => Stage 3 Debug (clean): suspicious=19711/46693, correction_applied=19677, prediction_changed=19677, skipped_tied_vote=0, skipped_low_margin=0, skipped_other=34
2026-04-09 23:25:17,716 - => Stage 3 Debug (poison-valid): suspicious=21371/37064, correction_applied=21367, prediction_changed=21367, skipped_tied_vote=0, skipped_low_margin=0, skipped_other=4
2026-04-09 23:25:17,716 - => Stage 3 Debug (attack-success): suspicious=2080/3283, correction_applied=2077, prediction_changed=2077, corrected_to_true=1144
2026-04-09 23:25:17,793 - => End Epoch: 27, early stop epochs: 26, best epoch: 1, best clean acc: 0.5958, best Top-4: 0.9966, best ASR: 0.3617, best RAC: 0.5316, anchor loss: 0.0782
2026-04-09 23:25:17,795 - => Stage 3 Detection Summary: recall: 0.8058, precision: 0.1637, f1: 0.2721, false positive rate: 0.4207, correction rate: 0.5522
2026-04-09 23:25:17,835 - => LFBA current anchor-derived target label: 3
2026-04-09 23:25:17,914 - =>Add Trigger to Train Data
2026-04-09 23:25:18,220 - Add Trigger to 6996 Bad Samples, 62970 Clean Samples (0.10)
2026-04-09 23:25:18,223 - => Start Training for Injecting Backdoor...
2026-04-09 23:25:18,276 - Epoch: 28, 1/274: VFL loss: 0.0004, total loss: 0.0437, anchor loss: 0.0433, VFL train accuracy: 1.0000
2026-04-09 23:25:18,914 - Epoch: 28, 11/274: VFL loss: 0.0005, total loss: 0.0432, anchor loss: 0.0426, VFL train accuracy: 1.0000
2026-04-09 23:25:19,336 - Epoch: 28, 21/274: VFL loss: 0.0004, total loss: 0.0426, anchor loss: 0.0422, VFL train accuracy: 1.0000
2026-04-09 23:25:19,761 - Epoch: 28, 31/274: VFL loss: 0.0004, total loss: 0.0426, anchor loss: 0.0422, VFL train accuracy: 1.0000
2026-04-09 23:25:20,175 - Epoch: 28, 41/274: VFL loss: 0.0004, total loss: 0.0428, anchor loss: 0.0423, VFL train accuracy: 1.0000
2026-04-09 23:25:20,628 - Epoch: 28, 51/274: VFL loss: 0.0004, total loss: 0.0431, anchor loss: 0.0427, VFL train accuracy: 1.0000
2026-04-09 23:25:21,058 - Epoch: 28, 61/274: VFL loss: 0.0004, total loss: 0.0431, anchor loss: 0.0427, VFL train accuracy: 1.0000
2026-04-09 23:25:21,458 - Epoch: 28, 71/274: VFL loss: 0.0004, total loss: 0.0431, anchor loss: 0.0426, VFL train accuracy: 1.0000
2026-04-09 23:25:21,836 - Epoch: 28, 81/274: VFL loss: 0.0004, total loss: 0.0429, anchor loss: 0.0425, VFL train accuracy: 1.0000
2026-04-09 23:25:22,359 - Epoch: 28, 91/274: VFL loss: 0.0004, total loss: 0.0430, anchor loss: 0.0426, VFL train accuracy: 1.0000
2026-04-09 23:25:22,740 - Epoch: 28, 101/274: VFL loss: 0.0004, total loss: 0.0429, anchor loss: 0.0425, VFL train accuracy: 1.0000
2026-04-09 23:25:23,126 - Epoch: 28, 111/274: VFL loss: 0.0004, total loss: 0.0430, anchor loss: 0.0426, VFL train accuracy: 1.0000
2026-04-09 23:25:23,491 - Epoch: 28, 121/274: VFL loss: 0.0004, total loss: 0.0430, anchor loss: 0.0426, VFL train accuracy: 1.0000
2026-04-09 23:25:23,860 - Epoch: 28, 131/274: VFL loss: 0.0004, total loss: 0.0429, anchor loss: 0.0425, VFL train accuracy: 1.0000
2026-04-09 23:25:24,251 - Epoch: 28, 141/274: VFL loss: 0.0004, total loss: 0.0429, anchor loss: 0.0425, VFL train accuracy: 1.0000
2026-04-09 23:25:24,661 - Epoch: 28, 151/274: VFL loss: 0.0004, total loss: 0.0429, anchor loss: 0.0425, VFL train accuracy: 1.0000
2026-04-09 23:25:25,055 - Epoch: 28, 161/274: VFL loss: 0.0004, total loss: 0.0428, anchor loss: 0.0424, VFL train accuracy: 1.0000
2026-04-09 23:25:25,422 - Epoch: 28, 171/274: VFL loss: 0.0004, total loss: 0.0428, anchor loss: 0.0424, VFL train accuracy: 1.0000
2026-04-09 23:25:25,791 - Epoch: 28, 181/274: VFL loss: 0.0004, total loss: 0.0428, anchor loss: 0.0424, VFL train accuracy: 1.0000
2026-04-09 23:25:26,182 - Epoch: 28, 191/274: VFL loss: 0.0004, total loss: 0.0428, anchor loss: 0.0424, VFL train accuracy: 1.0000
2026-04-09 23:25:26,570 - Epoch: 28, 201/274: VFL loss: 0.0004, total loss: 0.0428, anchor loss: 0.0424, VFL train accuracy: 1.0000
2026-04-09 23:25:26,990 - Epoch: 28, 211/274: VFL loss: 0.0004, total loss: 0.0428, anchor loss: 0.0424, VFL train accuracy: 1.0000
2026-04-09 23:25:27,351 - Epoch: 28, 221/274: VFL loss: 0.0004, total loss: 0.0428, anchor loss: 0.0424, VFL train accuracy: 1.0000
2026-04-09 23:25:27,727 - Epoch: 28, 231/274: VFL loss: 0.0004, total loss: 0.0428, anchor loss: 0.0424, VFL train accuracy: 1.0000
2026-04-09 23:25:28,134 - Epoch: 28, 241/274: VFL loss: 0.0004, total loss: 0.0428, anchor loss: 0.0424, VFL train accuracy: 1.0000
2026-04-09 23:25:28,515 - Epoch: 28, 251/274: VFL loss: 0.0004, total loss: 0.0429, anchor loss: 0.0425, VFL train accuracy: 1.0000
2026-04-09 23:25:28,911 - Epoch: 28, 261/274: VFL loss: 0.0004, total loss: 0.0428, anchor loss: 0.0425, VFL train accuracy: 1.0000
2026-04-09 23:25:29,305 - Epoch: 28, 271/274: VFL loss: 0.0004, total loss: 0.0428, anchor loss: 0.0425, VFL train accuracy: 1.0000
2026-04-09 23:25:29,439 - => Recorded Stage 2 client anchor losses for epoch 28 to './results/AVGuard/Fourclient/NUSWIDE/ema_scan/lambda_1.0_ema_0.990\stage2_final_epoch_client_anchor_losses.json': {0: 0.021068, 1: 0.050818, 2: 0.041806, 3: 0.056067}
2026-04-09 23:25:29,450 - => Stage 2 EMA anchor update applied at epoch 28 with momentum 0.9900: updated classes per client {0: 5, 1: 5, 2: 5, 3: 5}
2026-04-09 23:25:29,451 - => Stage 2 Epoch 28 Training Summary: VFL loss: 0.0004, total loss: 0.0428, anchor loss: 0.0425, VFL train accuracy: 1.0000
2026-04-09 23:25:29,451 - => Test ASR...
2026-04-09 23:25:29,555 - =>Add Trigger to Test Data
2026-04-09 23:25:32,851 - Add Trigger to 37064 Bad Samples, 9629 Clean Samples (1.00)
2026-04-09 23:25:45,483 - => Test Epoch: 28, main task samples: 46693, attack samples: 46693, test loss: 1.2174, clean acc: 0.6076, Top-4: 0.9960, ASR: 0.4020, RAC: 0.4726, test target accuracy: 0.8842, stage3 final accuracy: 0.6076, stage3 final target accuracy: 0.6061, stage3 final asr: 0.4020, anchor loss: 0.0570
2026-04-09 23:25:45,484 - => Stage 3 Detection Summary: recall: 0.6272, precision: 0.0496, f1: 0.0919, false positive rate: 0.4204, correction rate: 0.3459
2026-04-09 23:25:45,484 - => Stage 3 Debug (clean): suspicious=19631/46693, correction_applied=19590, prediction_changed=19590, skipped_tied_vote=0, skipped_low_margin=0, skipped_other=41
2026-04-09 23:25:45,484 - => Stage 3 Debug (poison-valid): suspicious=21342/37064, correction_applied=21338, prediction_changed=21338, skipped_tied_vote=0, skipped_low_margin=0, skipped_other=4
2026-04-09 23:25:45,484 - => Stage 3 Debug (attack-success): suspicious=2031/3238, correction_applied=2028, prediction_changed=2028, corrected_to_true=1120
2026-04-09 23:25:45,557 - => End Epoch: 28, early stop epochs: 27, best epoch: 1, best clean acc: 0.5958, best Top-4: 0.9966, best ASR: 0.3617, best RAC: 0.5316, anchor loss: 0.0782
2026-04-09 23:25:45,557 - => Stage 3 Detection Summary: recall: 0.8058, precision: 0.1637, f1: 0.2721, false positive rate: 0.4207, correction rate: 0.5522
2026-04-09 23:25:45,597 - => LFBA current anchor-derived target label: 3
2026-04-09 23:25:45,674 - =>Add Trigger to Train Data
2026-04-09 23:25:45,975 - Add Trigger to 6996 Bad Samples, 62970 Clean Samples (0.10)
2026-04-09 23:25:45,978 - => Start Training for Injecting Backdoor...
2026-04-09 23:25:46,026 - Epoch: 29, 1/274: VFL loss: 0.0002, total loss: 0.0404, anchor loss: 0.0402, VFL train accuracy: 1.0000
2026-04-09 23:25:46,658 - Epoch: 29, 11/274: VFL loss: 0.0003, total loss: 0.0432, anchor loss: 0.0428, VFL train accuracy: 1.0000
2026-04-09 23:25:47,055 - Epoch: 29, 21/274: VFL loss: 0.0003, total loss: 0.0423, anchor loss: 0.0420, VFL train accuracy: 1.0000
2026-04-09 23:25:47,444 - Epoch: 29, 31/274: VFL loss: 0.0003, total loss: 0.0421, anchor loss: 0.0418, VFL train accuracy: 1.0000
2026-04-09 23:25:47,827 - Epoch: 29, 41/274: VFL loss: 0.0004, total loss: 0.0424, anchor loss: 0.0420, VFL train accuracy: 0.9999
2026-04-09 23:25:48,220 - Epoch: 29, 51/274: VFL loss: 0.0004, total loss: 0.0424, anchor loss: 0.0421, VFL train accuracy: 0.9999
2026-04-09 23:25:48,613 - Epoch: 29, 61/274: VFL loss: 0.0004, total loss: 0.0424, anchor loss: 0.0420, VFL train accuracy: 0.9999
2026-04-09 23:25:49,067 - Epoch: 29, 71/274: VFL loss: 0.0004, total loss: 0.0424, anchor loss: 0.0420, VFL train accuracy: 0.9999
2026-04-09 23:25:49,424 - Epoch: 29, 81/274: VFL loss: 0.0004, total loss: 0.0424, anchor loss: 0.0420, VFL train accuracy: 1.0000
2026-04-09 23:25:49,782 - Epoch: 29, 91/274: VFL loss: 0.0004, total loss: 0.0424, anchor loss: 0.0421, VFL train accuracy: 1.0000
2026-04-09 23:25:50,152 - Epoch: 29, 101/274: VFL loss: 0.0004, total loss: 0.0424, anchor loss: 0.0421, VFL train accuracy: 1.0000
2026-04-09 23:25:50,520 - Epoch: 29, 111/274: VFL loss: 0.0004, total loss: 0.0424, anchor loss: 0.0420, VFL train accuracy: 1.0000
2026-04-09 23:25:50,916 - Epoch: 29, 121/274: VFL loss: 0.0004, total loss: 0.0424, anchor loss: 0.0421, VFL train accuracy: 1.0000
2026-04-09 23:25:51,292 - Epoch: 29, 131/274: VFL loss: 0.0004, total loss: 0.0424, anchor loss: 0.0421, VFL train accuracy: 1.0000
2026-04-09 23:25:51,671 - Epoch: 29, 141/274: VFL loss: 0.0004, total loss: 0.0424, anchor loss: 0.0420, VFL train accuracy: 1.0000
2026-04-09 23:25:52,068 - Epoch: 29, 151/274: VFL loss: 0.0004, total loss: 0.0424, anchor loss: 0.0420, VFL train accuracy: 1.0000
2026-04-09 23:25:52,440 - Epoch: 29, 161/274: VFL loss: 0.0004, total loss: 0.0423, anchor loss: 0.0419, VFL train accuracy: 1.0000
2026-04-09 23:25:52,813 - Epoch: 29, 171/274: VFL loss: 0.0004, total loss: 0.0422, anchor loss: 0.0419, VFL train accuracy: 1.0000
2026-04-09 23:25:53,198 - Epoch: 29, 181/274: VFL loss: 0.0004, total loss: 0.0422, anchor loss: 0.0419, VFL train accuracy: 1.0000
2026-04-09 23:25:53,586 - Epoch: 29, 191/274: VFL loss: 0.0004, total loss: 0.0422, anchor loss: 0.0419, VFL train accuracy: 1.0000
2026-04-09 23:25:53,972 - Epoch: 29, 201/274: VFL loss: 0.0004, total loss: 0.0422, anchor loss: 0.0419, VFL train accuracy: 1.0000
2026-04-09 23:25:54,348 - Epoch: 29, 211/274: VFL loss: 0.0004, total loss: 0.0422, anchor loss: 0.0418, VFL train accuracy: 1.0000
2026-04-09 23:25:54,747 - Epoch: 29, 221/274: VFL loss: 0.0004, total loss: 0.0422, anchor loss: 0.0418, VFL train accuracy: 1.0000
2026-04-09 23:25:55,165 - Epoch: 29, 231/274: VFL loss: 0.0004, total loss: 0.0422, anchor loss: 0.0418, VFL train accuracy: 1.0000
2026-04-09 23:25:55,536 - Epoch: 29, 241/274: VFL loss: 0.0004, total loss: 0.0421, anchor loss: 0.0418, VFL train accuracy: 1.0000
2026-04-09 23:25:55,921 - Epoch: 29, 251/274: VFL loss: 0.0004, total loss: 0.0421, anchor loss: 0.0418, VFL train accuracy: 1.0000
2026-04-09 23:25:56,295 - Epoch: 29, 261/274: VFL loss: 0.0004, total loss: 0.0421, anchor loss: 0.0418, VFL train accuracy: 1.0000
2026-04-09 23:25:56,680 - Epoch: 29, 271/274: VFL loss: 0.0004, total loss: 0.0422, anchor loss: 0.0418, VFL train accuracy: 1.0000
2026-04-09 23:25:56,815 - => Recorded Stage 2 client anchor losses for epoch 29 to './results/AVGuard/Fourclient/NUSWIDE/ema_scan/lambda_1.0_ema_0.990\stage2_final_epoch_client_anchor_losses.json': {0: 0.020629, 1: 0.050031, 2: 0.041212, 3: 0.055336}
2026-04-09 23:25:56,824 - => Stage 2 EMA anchor update applied at epoch 29 with momentum 0.9900: updated classes per client {0: 5, 1: 5, 2: 5, 3: 5}
2026-04-09 23:25:56,824 - => Stage 2 Epoch 29 Training Summary: VFL loss: 0.0004, total loss: 0.0422, anchor loss: 0.0418, VFL train accuracy: 1.0000
2026-04-09 23:25:56,824 - => Test ASR...
2026-04-09 23:25:56,929 - =>Add Trigger to Test Data
2026-04-09 23:26:00,223 - Add Trigger to 37064 Bad Samples, 9629 Clean Samples (1.00)
2026-04-09 23:26:12,837 - => Test Epoch: 29, main task samples: 46693, attack samples: 46693, test loss: 1.2367, clean acc: 0.6081, Top-4: 0.9960, ASR: 0.3979, RAC: 0.4741, test target accuracy: 0.8835, stage3 final accuracy: 0.6081, stage3 final target accuracy: 0.6029, stage3 final asr: 0.3979, anchor loss: 0.0564
2026-04-09 23:26:12,838 - => Stage 3 Detection Summary: recall: 0.6334, precision: 0.0498, f1: 0.0924, false positive rate: 0.4193, correction rate: 0.3498
2026-04-09 23:26:12,838 - => Stage 3 Debug (clean): suspicious=19577/46693, correction_applied=19542, prediction_changed=19542, skipped_tied_vote=0, skipped_low_margin=0, skipped_other=35
2026-04-09 23:26:12,838 - => Stage 3 Debug (poison-valid): suspicious=21278/37064, correction_applied=21271, prediction_changed=21271, skipped_tied_vote=0, skipped_low_margin=0, skipped_other=7
2026-04-09 23:26:12,838 - => Stage 3 Debug (attack-success): suspicious=2035/3213, correction_applied=2028, prediction_changed=2028, corrected_to_true=1124
2026-04-09 23:26:12,919 - => End Epoch: 29, early stop epochs: 28, best epoch: 1, best clean acc: 0.5958, best Top-4: 0.9966, best ASR: 0.3617, best RAC: 0.5316, anchor loss: 0.0782
2026-04-09 23:26:12,919 - => Stage 3 Detection Summary: recall: 0.8058, precision: 0.1637, f1: 0.2721, false positive rate: 0.4207, correction rate: 0.5522
2026-04-09 23:26:12,958 - => LFBA current anchor-derived target label: 3
2026-04-09 23:26:13,038 - =>Add Trigger to Train Data
2026-04-09 23:26:13,336 - Add Trigger to 6996 Bad Samples, 62970 Clean Samples (0.10)
2026-04-09 23:26:13,339 - => Start Training for Injecting Backdoor...
2026-04-09 23:26:13,390 - Epoch: 30, 1/274: VFL loss: 0.0002, total loss: 0.0383, anchor loss: 0.0381, VFL train accuracy: 1.0000
2026-04-09 23:26:13,998 - Epoch: 30, 11/274: VFL loss: 0.0003, total loss: 0.0409, anchor loss: 0.0406, VFL train accuracy: 1.0000
2026-04-09 23:26:14,360 - Epoch: 30, 21/274: VFL loss: 0.0003, total loss: 0.0417, anchor loss: 0.0414, VFL train accuracy: 1.0000
2026-04-09 23:26:14,733 - Epoch: 30, 31/274: VFL loss: 0.0003, total loss: 0.0418, anchor loss: 0.0415, VFL train accuracy: 1.0000
2026-04-09 23:26:15,107 - Epoch: 30, 41/274: VFL loss: 0.0003, total loss: 0.0416, anchor loss: 0.0413, VFL train accuracy: 1.0000
2026-04-09 23:26:15,482 - Epoch: 30, 51/274: VFL loss: 0.0003, total loss: 0.0413, anchor loss: 0.0411, VFL train accuracy: 1.0000
2026-04-09 23:26:15,885 - Epoch: 30, 61/274: VFL loss: 0.0003, total loss: 0.0414, anchor loss: 0.0411, VFL train accuracy: 1.0000
2026-04-09 23:26:16,274 - Epoch: 30, 71/274: VFL loss: 0.0003, total loss: 0.0413, anchor loss: 0.0411, VFL train accuracy: 1.0000
2026-04-09 23:26:16,631 - Epoch: 30, 81/274: VFL loss: 0.0003, total loss: 0.0413, anchor loss: 0.0411, VFL train accuracy: 1.0000
2026-04-09 23:26:17,018 - Epoch: 30, 91/274: VFL loss: 0.0003, total loss: 0.0414, anchor loss: 0.0412, VFL train accuracy: 1.0000
2026-04-09 23:26:17,391 - Epoch: 30, 101/274: VFL loss: 0.0003, total loss: 0.0414, anchor loss: 0.0411, VFL train accuracy: 1.0000
2026-04-09 23:26:17,768 - Epoch: 30, 111/274: VFL loss: 0.0003, total loss: 0.0412, anchor loss: 0.0410, VFL train accuracy: 1.0000
2026-04-09 23:26:18,136 - Epoch: 30, 121/274: VFL loss: 0.0003, total loss: 0.0413, anchor loss: 0.0410, VFL train accuracy: 1.0000
2026-04-09 23:26:18,501 - Epoch: 30, 131/274: VFL loss: 0.0003, total loss: 0.0414, anchor loss: 0.0411, VFL train accuracy: 1.0000
2026-04-09 23:26:18,888 - Epoch: 30, 141/274: VFL loss: 0.0003, total loss: 0.0414, anchor loss: 0.0411, VFL train accuracy: 1.0000
2026-04-09 23:26:19,282 - Epoch: 30, 151/274: VFL loss: 0.0003, total loss: 0.0415, anchor loss: 0.0412, VFL train accuracy: 1.0000
2026-04-09 23:26:19,638 - Epoch: 30, 161/274: VFL loss: 0.0003, total loss: 0.0415, anchor loss: 0.0412, VFL train accuracy: 1.0000
2026-04-09 23:26:20,017 - Epoch: 30, 171/274: VFL loss: 0.0003, total loss: 0.0415, anchor loss: 0.0412, VFL train accuracy: 1.0000
2026-04-09 23:26:20,384 - Epoch: 30, 181/274: VFL loss: 0.0003, total loss: 0.0416, anchor loss: 0.0412, VFL train accuracy: 1.0000
2026-04-09 23:26:20,760 - Epoch: 30, 191/274: VFL loss: 0.0003, total loss: 0.0416, anchor loss: 0.0413, VFL train accuracy: 1.0000
2026-04-09 23:26:21,157 - Epoch: 30, 201/274: VFL loss: 0.0003, total loss: 0.0416, anchor loss: 0.0413, VFL train accuracy: 1.0000
2026-04-09 23:26:21,530 - Epoch: 30, 211/274: VFL loss: 0.0004, total loss: 0.0416, anchor loss: 0.0412, VFL train accuracy: 1.0000
2026-04-09 23:26:21,936 - Epoch: 30, 221/274: VFL loss: 0.0004, total loss: 0.0416, anchor loss: 0.0412, VFL train accuracy: 1.0000
2026-04-09 23:26:22,303 - Epoch: 30, 231/274: VFL loss: 0.0004, total loss: 0.0416, anchor loss: 0.0412, VFL train accuracy: 1.0000
2026-04-09 23:26:22,674 - Epoch: 30, 241/274: VFL loss: 0.0004, total loss: 0.0415, anchor loss: 0.0412, VFL train accuracy: 1.0000
2026-04-09 23:26:23,057 - Epoch: 30, 251/274: VFL loss: 0.0003, total loss: 0.0415, anchor loss: 0.0412, VFL train accuracy: 1.0000
2026-04-09 23:26:23,444 - Epoch: 30, 261/274: VFL loss: 0.0003, total loss: 0.0415, anchor loss: 0.0411, VFL train accuracy: 1.0000
2026-04-09 23:26:23,809 - Epoch: 30, 271/274: VFL loss: 0.0003, total loss: 0.0415, anchor loss: 0.0412, VFL train accuracy: 1.0000
2026-04-09 23:26:23,942 - => Recorded Stage 2 client anchor losses for epoch 30 to './results/AVGuard/Fourclient/NUSWIDE/ema_scan/lambda_1.0_ema_0.990\stage2_final_epoch_client_anchor_losses.json': {0: 0.020217, 1: 0.049268, 2: 0.040634, 3: 0.054604}
2026-04-09 23:26:23,950 - => Stage 2 EMA anchor update applied at epoch 30 with momentum 0.9900: updated classes per client {0: 5, 1: 5, 2: 5, 3: 5}
2026-04-09 23:26:23,951 - => Stage 2 Epoch 30 Training Summary: VFL loss: 0.0003, total loss: 0.0415, anchor loss: 0.0412, VFL train accuracy: 1.0000
2026-04-09 23:26:23,951 - => Test ASR...
2026-04-09 23:26:24,055 - =>Add Trigger to Test Data
2026-04-09 23:26:27,217 - Add Trigger to 37064 Bad Samples, 9629 Clean Samples (1.00)
2026-04-09 23:26:39,734 - => Test Epoch: 30, main task samples: 46693, attack samples: 46693, test loss: 1.2560, clean acc: 0.6090, Top-4: 0.9960, ASR: 0.3923, RAC: 0.4757, test target accuracy: 0.8846, stage3 final accuracy: 0.6090, stage3 final target accuracy: 0.6036, stage3 final asr: 0.3923, anchor loss: 0.0558
2026-04-09 23:26:39,735 - => Stage 3 Detection Summary: recall: 0.6283, precision: 0.0489, f1: 0.0908, false positive rate: 0.4188, correction rate: 0.3477
2026-04-09 23:26:39,735 - => Stage 3 Debug (clean): suspicious=19555/46693, correction_applied=19525, prediction_changed=19525, skipped_tied_vote=0, skipped_low_margin=0, skipped_other=30
2026-04-09 23:26:39,735 - => Stage 3 Debug (poison-valid): suspicious=21206/37064, correction_applied=21202, prediction_changed=21202, skipped_tied_vote=0, skipped_low_margin=0, skipped_other=4
2026-04-09 23:26:39,735 - => Stage 3 Debug (attack-success): suspicious=1995/3175, correction_applied=1991, prediction_changed=1991, corrected_to_true=1104
2026-04-09 23:26:39,813 - => End Epoch: 30, early stop epochs: 29, best epoch: 1, best clean acc: 0.5958, best Top-4: 0.9966, best ASR: 0.3617, best RAC: 0.5316, anchor loss: 0.0782
2026-04-09 23:26:39,813 - => Stage 3 Detection Summary: recall: 0.8058, precision: 0.1637, f1: 0.2721, false positive rate: 0.4207, correction rate: 0.5522
2026-04-09 23:26:39,854 - => LFBA current anchor-derived target label: 3
2026-04-09 23:26:39,932 - =>Add Trigger to Train Data
2026-04-09 23:26:40,225 - Add Trigger to 6996 Bad Samples, 62970 Clean Samples (0.10)
2026-04-09 23:26:40,227 - => Start Training for Injecting Backdoor...
2026-04-09 23:26:40,284 - Epoch: 31, 1/274: VFL loss: 0.0003, total loss: 0.0401, anchor loss: 0.0398, VFL train accuracy: 1.0000
2026-04-09 23:26:40,951 - Epoch: 31, 11/274: VFL loss: 0.0002, total loss: 0.0406, anchor loss: 0.0404, VFL train accuracy: 1.0000
2026-04-09 23:26:41,300 - Epoch: 31, 21/274: VFL loss: 0.0003, total loss: 0.0408, anchor loss: 0.0406, VFL train accuracy: 1.0000
2026-04-09 23:26:41,681 - Epoch: 31, 31/274: VFL loss: 0.0003, total loss: 0.0408, anchor loss: 0.0405, VFL train accuracy: 1.0000
2026-04-09 23:26:42,042 - Epoch: 31, 41/274: VFL loss: 0.0003, total loss: 0.0410, anchor loss: 0.0407, VFL train accuracy: 1.0000
2026-04-09 23:26:42,412 - Epoch: 31, 51/274: VFL loss: 0.0003, total loss: 0.0409, anchor loss: 0.0407, VFL train accuracy: 1.0000
2026-04-09 23:26:42,791 - Epoch: 31, 61/274: VFL loss: 0.0003, total loss: 0.0409, anchor loss: 0.0406, VFL train accuracy: 1.0000
2026-04-09 23:26:43,185 - Epoch: 31, 71/274: VFL loss: 0.0003, total loss: 0.0409, anchor loss: 0.0406, VFL train accuracy: 1.0000
2026-04-09 23:26:43,695 - Epoch: 31, 81/274: VFL loss: 0.0003, total loss: 0.0410, anchor loss: 0.0407, VFL train accuracy: 1.0000
2026-04-09 23:26:44,084 - Epoch: 31, 91/274: VFL loss: 0.0003, total loss: 0.0409, anchor loss: 0.0406, VFL train accuracy: 1.0000
2026-04-09 23:26:44,458 - Epoch: 31, 101/274: VFL loss: 0.0003, total loss: 0.0410, anchor loss: 0.0407, VFL train accuracy: 1.0000
2026-04-09 23:26:44,837 - Epoch: 31, 111/274: VFL loss: 0.0003, total loss: 0.0409, anchor loss: 0.0406, VFL train accuracy: 1.0000
2026-04-09 23:26:45,229 - Epoch: 31, 121/274: VFL loss: 0.0003, total loss: 0.0409, anchor loss: 0.0406, VFL train accuracy: 1.0000
2026-04-09 23:26:45,593 - Epoch: 31, 131/274: VFL loss: 0.0003, total loss: 0.0408, anchor loss: 0.0405, VFL train accuracy: 1.0000
2026-04-09 23:26:45,969 - Epoch: 31, 141/274: VFL loss: 0.0003, total loss: 0.0408, anchor loss: 0.0406, VFL train accuracy: 1.0000
2026-04-09 23:26:46,337 - Epoch: 31, 151/274: VFL loss: 0.0003, total loss: 0.0408, anchor loss: 0.0405, VFL train accuracy: 1.0000
2026-04-09 23:26:46,689 - Epoch: 31, 161/274: VFL loss: 0.0003, total loss: 0.0409, anchor loss: 0.0406, VFL train accuracy: 1.0000
2026-04-09 23:26:47,092 - Epoch: 31, 171/274: VFL loss: 0.0003, total loss: 0.0408, anchor loss: 0.0406, VFL train accuracy: 1.0000
2026-04-09 23:26:47,477 - Epoch: 31, 181/274: VFL loss: 0.0003, total loss: 0.0408, anchor loss: 0.0405, VFL train accuracy: 1.0000
2026-04-09 23:26:47,886 - Epoch: 31, 191/274: VFL loss: 0.0003, total loss: 0.0408, anchor loss: 0.0405, VFL train accuracy: 1.0000
2026-04-09 23:26:48,258 - Epoch: 31, 201/274: VFL loss: 0.0003, total loss: 0.0408, anchor loss: 0.0405, VFL train accuracy: 1.0000
2026-04-09 23:26:48,630 - Epoch: 31, 211/274: VFL loss: 0.0003, total loss: 0.0408, anchor loss: 0.0405, VFL train accuracy: 1.0000
2026-04-09 23:26:49,007 - Epoch: 31, 221/274: VFL loss: 0.0003, total loss: 0.0408, anchor loss: 0.0405, VFL train accuracy: 1.0000
2026-04-09 23:26:49,388 - Epoch: 31, 231/274: VFL loss: 0.0003, total loss: 0.0408, anchor loss: 0.0405, VFL train accuracy: 1.0000
2026-04-09 23:26:49,777 - Epoch: 31, 241/274: VFL loss: 0.0003, total loss: 0.0409, anchor loss: 0.0406, VFL train accuracy: 1.0000
2026-04-09 23:26:50,181 - Epoch: 31, 251/274: VFL loss: 0.0003, total loss: 0.0409, anchor loss: 0.0406, VFL train accuracy: 1.0000
2026-04-09 23:26:50,561 - Epoch: 31, 261/274: VFL loss: 0.0003, total loss: 0.0409, anchor loss: 0.0406, VFL train accuracy: 1.0000
2026-04-09 23:26:50,973 - Epoch: 31, 271/274: VFL loss: 0.0003, total loss: 0.0409, anchor loss: 0.0406, VFL train accuracy: 1.0000
2026-04-09 23:26:51,107 - => Recorded Stage 2 client anchor losses for epoch 31 to './results/AVGuard/Fourclient/NUSWIDE/ema_scan/lambda_1.0_ema_0.990\stage2_final_epoch_client_anchor_losses.json': {0: 0.0198, 1: 0.048518, 2: 0.040061, 3: 0.05384}
2026-04-09 23:26:51,115 - => Stage 2 EMA anchor update applied at epoch 31 with momentum 0.9900: updated classes per client {0: 5, 1: 5, 2: 5, 3: 5}
2026-04-09 23:26:51,115 - => Stage 2 Epoch 31 Training Summary: VFL loss: 0.0003, total loss: 0.0408, anchor loss: 0.0405, VFL train accuracy: 1.0000
2026-04-09 23:26:51,115 - => Test ASR...
2026-04-09 23:26:51,220 - =>Add Trigger to Test Data
2026-04-09 23:26:54,391 - Add Trigger to 37064 Bad Samples, 9629 Clean Samples (1.00)
2026-04-09 23:27:06,685 - => Test Epoch: 31, main task samples: 46693, attack samples: 46693, test loss: 1.2726, clean acc: 0.6099, Top-4: 0.9959, ASR: 0.3928, RAC: 0.4778, test target accuracy: 0.8852, stage3 final accuracy: 0.6099, stage3 final target accuracy: 0.6096, stage3 final asr: 0.3928, anchor loss: 0.0552
2026-04-09 23:27:06,685 - => Stage 3 Detection Summary: recall: 0.6352, precision: 0.0503, f1: 0.0932, false positive rate: 0.4186, correction rate: 0.3543
2026-04-09 23:27:06,685 - => Stage 3 Debug (clean): suspicious=19547/46693, correction_applied=19507, prediction_changed=19507, skipped_tied_vote=0, skipped_low_margin=0, skipped_other=40
2026-04-09 23:27:06,685 - => Stage 3 Debug (poison-valid): suspicious=21216/37064, correction_applied=21213, prediction_changed=21213, skipped_tied_vote=0, skipped_low_margin=0, skipped_other=3
2026-04-09 23:27:06,685 - => Stage 3 Debug (attack-success): suspicious=2051/3229, correction_applied=2048, prediction_changed=2048, corrected_to_true=1144
2026-04-09 23:27:06,763 - => End Epoch: 31, early stop epochs: 30, best epoch: 1, best clean acc: 0.5958, best Top-4: 0.9966, best ASR: 0.3617, best RAC: 0.5316, anchor loss: 0.0782
2026-04-09 23:27:06,763 - => Stage 3 Detection Summary: recall: 0.8058, precision: 0.1637, f1: 0.2721, false positive rate: 0.4207, correction rate: 0.5522
2026-04-09 23:27:06,802 - => LFBA current anchor-derived target label: 3
2026-04-09 23:27:06,880 - =>Add Trigger to Train Data
2026-04-09 23:27:07,181 - Add Trigger to 6996 Bad Samples, 62970 Clean Samples (0.10)
2026-04-09 23:27:07,184 - => Start Training for Injecting Backdoor...
2026-04-09 23:27:07,235 - Epoch: 32, 1/274: VFL loss: 0.0004, total loss: 0.0429, anchor loss: 0.0425, VFL train accuracy: 1.0000
2026-04-09 23:27:07,948 - Epoch: 32, 11/274: VFL loss: 0.0002, total loss: 0.0409, anchor loss: 0.0407, VFL train accuracy: 1.0000
2026-04-09 23:27:08,448 - Epoch: 32, 21/274: VFL loss: 0.0003, total loss: 0.0411, anchor loss: 0.0409, VFL train accuracy: 1.0000
2026-04-09 23:27:08,836 - Epoch: 32, 31/274: VFL loss: 0.0002, total loss: 0.0408, anchor loss: 0.0406, VFL train accuracy: 1.0000
2026-04-09 23:27:09,284 - Epoch: 32, 41/274: VFL loss: 0.0002, total loss: 0.0405, anchor loss: 0.0403, VFL train accuracy: 1.0000
2026-04-09 23:27:09,754 - Epoch: 32, 51/274: VFL loss: 0.0003, total loss: 0.0403, anchor loss: 0.0401, VFL train accuracy: 1.0000
2026-04-09 23:27:10,139 - Epoch: 32, 61/274: VFL loss: 0.0003, total loss: 0.0404, anchor loss: 0.0401, VFL train accuracy: 1.0000
2026-04-09 23:27:10,580 - Epoch: 32, 71/274: VFL loss: 0.0003, total loss: 0.0404, anchor loss: 0.0401, VFL train accuracy: 1.0000
2026-04-09 23:27:11,043 - Epoch: 32, 81/274: VFL loss: 0.0003, total loss: 0.0403, anchor loss: 0.0400, VFL train accuracy: 1.0000
2026-04-09 23:27:11,466 - Epoch: 32, 91/274: VFL loss: 0.0003, total loss: 0.0402, anchor loss: 0.0399, VFL train accuracy: 1.0000
2026-04-09 23:27:11,927 - Epoch: 32, 101/274: VFL loss: 0.0003, total loss: 0.0402, anchor loss: 0.0399, VFL train accuracy: 1.0000
2026-04-09 23:27:12,321 - Epoch: 32, 111/274: VFL loss: 0.0003, total loss: 0.0402, anchor loss: 0.0400, VFL train accuracy: 1.0000
2026-04-09 23:27:12,745 - Epoch: 32, 121/274: VFL loss: 0.0003, total loss: 0.0402, anchor loss: 0.0399, VFL train accuracy: 1.0000
2026-04-09 23:27:13,175 - Epoch: 32, 131/274: VFL loss: 0.0003, total loss: 0.0401, anchor loss: 0.0399, VFL train accuracy: 1.0000
2026-04-09 23:27:13,537 - Epoch: 32, 141/274: VFL loss: 0.0003, total loss: 0.0402, anchor loss: 0.0399, VFL train accuracy: 1.0000
2026-04-09 23:27:13,969 - Epoch: 32, 151/274: VFL loss: 0.0003, total loss: 0.0402, anchor loss: 0.0399, VFL train accuracy: 1.0000
2026-04-09 23:27:14,424 - Epoch: 32, 161/274: VFL loss: 0.0003, total loss: 0.0402, anchor loss: 0.0399, VFL train accuracy: 1.0000
2026-04-09 23:27:14,862 - Epoch: 32, 171/274: VFL loss: 0.0003, total loss: 0.0402, anchor loss: 0.0399, VFL train accuracy: 1.0000
2026-04-09 23:27:15,245 - Epoch: 32, 181/274: VFL loss: 0.0003, total loss: 0.0403, anchor loss: 0.0400, VFL train accuracy: 1.0000
2026-04-09 23:27:15,636 - Epoch: 32, 191/274: VFL loss: 0.0003, total loss: 0.0403, anchor loss: 0.0400, VFL train accuracy: 1.0000
2026-04-09 23:27:16,030 - Epoch: 32, 201/274: VFL loss: 0.0003, total loss: 0.0403, anchor loss: 0.0400, VFL train accuracy: 1.0000
2026-04-09 23:27:16,409 - Epoch: 32, 211/274: VFL loss: 0.0003, total loss: 0.0402, anchor loss: 0.0400, VFL train accuracy: 1.0000
2026-04-09 23:27:16,810 - Epoch: 32, 221/274: VFL loss: 0.0003, total loss: 0.0403, anchor loss: 0.0400, VFL train accuracy: 1.0000
2026-04-09 23:27:17,198 - Epoch: 32, 231/274: VFL loss: 0.0003, total loss: 0.0403, anchor loss: 0.0400, VFL train accuracy: 1.0000
2026-04-09 23:27:17,606 - Epoch: 32, 241/274: VFL loss: 0.0003, total loss: 0.0403, anchor loss: 0.0400, VFL train accuracy: 1.0000
2026-04-09 23:27:17,993 - Epoch: 32, 251/274: VFL loss: 0.0003, total loss: 0.0402, anchor loss: 0.0400, VFL train accuracy: 1.0000
2026-04-09 23:27:18,365 - Epoch: 32, 261/274: VFL loss: 0.0003, total loss: 0.0403, anchor loss: 0.0400, VFL train accuracy: 1.0000
2026-04-09 23:27:18,826 - Epoch: 32, 271/274: VFL loss: 0.0003, total loss: 0.0402, anchor loss: 0.0400, VFL train accuracy: 1.0000
2026-04-09 23:27:18,973 - => Recorded Stage 2 client anchor losses for epoch 32 to './results/AVGuard/Fourclient/NUSWIDE/ema_scan/lambda_1.0_ema_0.990\stage2_final_epoch_client_anchor_losses.json': {0: 0.019399, 1: 0.04778, 2: 0.039509, 3: 0.053146}
2026-04-09 23:27:18,982 - => Stage 2 EMA anchor update applied at epoch 32 with momentum 0.9900: updated classes per client {0: 5, 1: 5, 2: 5, 3: 5}
2026-04-09 23:27:18,983 - => Stage 2 Epoch 32 Training Summary: VFL loss: 0.0003, total loss: 0.0402, anchor loss: 0.0399, VFL train accuracy: 1.0000
2026-04-09 23:27:18,983 - => Test ASR...
2026-04-09 23:27:19,088 - =>Add Trigger to Test Data
2026-04-09 23:27:22,703 - Add Trigger to 37064 Bad Samples, 9629 Clean Samples (1.00)
2026-04-09 23:27:35,421 - => Test Epoch: 32, main task samples: 46693, attack samples: 46693, test loss: 1.2872, clean acc: 0.6102, Top-4: 0.9959, ASR: 0.3861, RAC: 0.4789, test target accuracy: 0.8845, stage3 final accuracy: 0.6102, stage3 final target accuracy: 0.6037, stage3 final asr: 0.3861, anchor loss: 0.0547
2026-04-09 23:27:35,421 - => Stage 3 Detection Summary: recall: 0.6334, precision: 0.0492, f1: 0.0912, false positive rate: 0.4176, correction rate: 0.3520
2026-04-09 23:27:35,422 - => Stage 3 Debug (clean): suspicious=19501/46693, correction_applied=19474, prediction_changed=19474, skipped_tied_vote=0, skipped_low_margin=0, skipped_other=27
2026-04-09 23:27:35,422 - => Stage 3 Debug (poison-valid): suspicious=21107/37064, correction_applied=21106, prediction_changed=21106, skipped_tied_vote=0, skipped_low_margin=0, skipped_other=1
2026-04-09 23:27:35,422 - => Stage 3 Debug (attack-success): suspicious=1996/3151, correction_applied=1995, prediction_changed=1995, corrected_to_true=1109
2026-04-09 23:27:35,497 - => End Epoch: 32, early stop epochs: 31, best epoch: 1, best clean acc: 0.5958, best Top-4: 0.9966, best ASR: 0.3617, best RAC: 0.5316, anchor loss: 0.0782
2026-04-09 23:27:35,497 - => Stage 3 Detection Summary: recall: 0.8058, precision: 0.1637, f1: 0.2721, false positive rate: 0.4207, correction rate: 0.5522
2026-04-09 23:27:35,534 - => LFBA current anchor-derived target label: 3
2026-04-09 23:27:35,616 - =>Add Trigger to Train Data
2026-04-09 23:27:36,140 - Add Trigger to 6996 Bad Samples, 62970 Clean Samples (0.10)
2026-04-09 23:27:36,144 - => Start Training for Injecting Backdoor...
2026-04-09 23:27:36,198 - Epoch: 33, 1/274: VFL loss: 0.0003, total loss: 0.0438, anchor loss: 0.0435, VFL train accuracy: 1.0000
2026-04-09 23:27:36,849 - Epoch: 33, 11/274: VFL loss: 0.0003, total loss: 0.0391, anchor loss: 0.0388, VFL train accuracy: 1.0000
2026-04-09 23:27:37,226 - Epoch: 33, 21/274: VFL loss: 0.0003, total loss: 0.0394, anchor loss: 0.0392, VFL train accuracy: 1.0000
2026-04-09 23:27:37,608 - Epoch: 33, 31/274: VFL loss: 0.0003, total loss: 0.0394, anchor loss: 0.0392, VFL train accuracy: 1.0000
2026-04-09 23:27:38,055 - Epoch: 33, 41/274: VFL loss: 0.0002, total loss: 0.0394, anchor loss: 0.0392, VFL train accuracy: 1.0000
2026-04-09 23:27:38,472 - Epoch: 33, 51/274: VFL loss: 0.0002, total loss: 0.0395, anchor loss: 0.0393, VFL train accuracy: 1.0000
2026-04-09 23:27:38,943 - Epoch: 33, 61/274: VFL loss: 0.0002, total loss: 0.0395, anchor loss: 0.0393, VFL train accuracy: 1.0000
2026-04-09 23:27:39,424 - Epoch: 33, 71/274: VFL loss: 0.0002, total loss: 0.0395, anchor loss: 0.0393, VFL train accuracy: 1.0000
2026-04-09 23:27:39,815 - Epoch: 33, 81/274: VFL loss: 0.0002, total loss: 0.0396, anchor loss: 0.0393, VFL train accuracy: 1.0000
2026-04-09 23:27:40,200 - Epoch: 33, 91/274: VFL loss: 0.0002, total loss: 0.0396, anchor loss: 0.0394, VFL train accuracy: 1.0000
2026-04-09 23:27:40,571 - Epoch: 33, 101/274: VFL loss: 0.0002, total loss: 0.0397, anchor loss: 0.0395, VFL train accuracy: 1.0000
2026-04-09 23:27:40,989 - Epoch: 33, 111/274: VFL loss: 0.0002, total loss: 0.0397, anchor loss: 0.0395, VFL train accuracy: 1.0000
2026-04-09 23:27:41,352 - Epoch: 33, 121/274: VFL loss: 0.0002, total loss: 0.0397, anchor loss: 0.0395, VFL train accuracy: 1.0000
2026-04-09 23:27:41,739 - Epoch: 33, 131/274: VFL loss: 0.0002, total loss: 0.0397, anchor loss: 0.0394, VFL train accuracy: 1.0000
2026-04-09 23:27:42,124 - Epoch: 33, 141/274: VFL loss: 0.0002, total loss: 0.0397, anchor loss: 0.0395, VFL train accuracy: 1.0000
2026-04-09 23:27:42,495 - Epoch: 33, 151/274: VFL loss: 0.0002, total loss: 0.0397, anchor loss: 0.0394, VFL train accuracy: 1.0000
2026-04-09 23:27:42,870 - Epoch: 33, 161/274: VFL loss: 0.0002, total loss: 0.0397, anchor loss: 0.0394, VFL train accuracy: 1.0000
2026-04-09 23:27:43,242 - Epoch: 33, 171/274: VFL loss: 0.0002, total loss: 0.0396, anchor loss: 0.0394, VFL train accuracy: 1.0000
2026-04-09 23:27:43,619 - Epoch: 33, 181/274: VFL loss: 0.0002, total loss: 0.0396, anchor loss: 0.0394, VFL train accuracy: 1.0000
2026-04-09 23:27:44,003 - Epoch: 33, 191/274: VFL loss: 0.0002, total loss: 0.0396, anchor loss: 0.0394, VFL train accuracy: 1.0000
2026-04-09 23:27:44,392 - Epoch: 33, 201/274: VFL loss: 0.0002, total loss: 0.0396, anchor loss: 0.0394, VFL train accuracy: 1.0000
2026-04-09 23:27:44,832 - Epoch: 33, 211/274: VFL loss: 0.0002, total loss: 0.0396, anchor loss: 0.0394, VFL train accuracy: 1.0000
2026-04-09 23:27:45,250 - Epoch: 33, 221/274: VFL loss: 0.0002, total loss: 0.0396, anchor loss: 0.0394, VFL train accuracy: 1.0000
2026-04-09 23:27:45,621 - Epoch: 33, 231/274: VFL loss: 0.0002, total loss: 0.0397, anchor loss: 0.0394, VFL train accuracy: 1.0000
2026-04-09 23:27:45,995 - Epoch: 33, 241/274: VFL loss: 0.0002, total loss: 0.0396, anchor loss: 0.0394, VFL train accuracy: 1.0000
2026-04-09 23:27:46,364 - Epoch: 33, 251/274: VFL loss: 0.0002, total loss: 0.0396, anchor loss: 0.0394, VFL train accuracy: 1.0000
2026-04-09 23:27:46,754 - Epoch: 33, 261/274: VFL loss: 0.0002, total loss: 0.0396, anchor loss: 0.0394, VFL train accuracy: 1.0000
2026-04-09 23:27:47,166 - Epoch: 33, 271/274: VFL loss: 0.0002, total loss: 0.0396, anchor loss: 0.0393, VFL train accuracy: 1.0000
2026-04-09 23:27:47,281 - => Recorded Stage 2 client anchor losses for epoch 33 to './results/AVGuard/Fourclient/NUSWIDE/ema_scan/lambda_1.0_ema_0.990\stage2_final_epoch_client_anchor_losses.json': {0: 0.018992, 1: 0.047035, 2: 0.038958, 3: 0.052378}
2026-04-09 23:27:47,290 - => Stage 2 EMA anchor update applied at epoch 33 with momentum 0.9900: updated classes per client {0: 5, 1: 5, 2: 5, 3: 5}
2026-04-09 23:27:47,290 - => Stage 2 Epoch 33 Training Summary: VFL loss: 0.0003, total loss: 0.0396, anchor loss: 0.0393, VFL train accuracy: 1.0000
2026-04-09 23:27:47,290 - => Test ASR...
2026-04-09 23:27:47,398 - =>Add Trigger to Test Data
2026-04-09 23:27:50,851 - Add Trigger to 37064 Bad Samples, 9629 Clean Samples (1.00)
2026-04-09 23:28:03,090 - => Test Epoch: 33, main task samples: 46693, attack samples: 46693, test loss: 1.3132, clean acc: 0.6113, Top-4: 0.9958, ASR: 0.3900, RAC: 0.4795, test target accuracy: 0.8843, stage3 final accuracy: 0.6113, stage3 final target accuracy: 0.6068, stage3 final asr: 0.3900, anchor loss: 0.0541
2026-04-09 23:28:03,090 - => Stage 3 Detection Summary: recall: 0.6352, precision: 0.0502, f1: 0.0930, false positive rate: 0.4166, correction rate: 0.3545
2026-04-09 23:28:03,090 - => Stage 3 Debug (clean): suspicious=19450/46693, correction_applied=19417, prediction_changed=19417, skipped_tied_vote=0, skipped_low_margin=0, skipped_other=33
2026-04-09 23:28:03,091 - => Stage 3 Debug (poison-valid): suspicious=21090/37064, correction_applied=21086, prediction_changed=21086, skipped_tied_vote=0, skipped_low_margin=0, skipped_other=4
2026-04-09 23:28:03,091 - => Stage 3 Debug (attack-success): suspicious=2034/3202, correction_applied=2030, prediction_changed=2030, corrected_to_true=1135
2026-04-09 23:28:03,165 - => End Epoch: 33, early stop epochs: 32, best epoch: 1, best clean acc: 0.5958, best Top-4: 0.9966, best ASR: 0.3617, best RAC: 0.5316, anchor loss: 0.0782
2026-04-09 23:28:03,166 - => Stage 3 Detection Summary: recall: 0.8058, precision: 0.1637, f1: 0.2721, false positive rate: 0.4207, correction rate: 0.5522
2026-04-09 23:28:03,203 - => LFBA current anchor-derived target label: 3
2026-04-09 23:28:03,281 - =>Add Trigger to Train Data
2026-04-09 23:28:03,643 - Add Trigger to 6996 Bad Samples, 62970 Clean Samples (0.10)
2026-04-09 23:28:03,647 - => Start Training for Injecting Backdoor...
2026-04-09 23:28:03,702 - Epoch: 34, 1/274: VFL loss: 0.0003, total loss: 0.0380, anchor loss: 0.0377, VFL train accuracy: 1.0000
2026-04-09 23:28:04,356 - Epoch: 34, 11/274: VFL loss: 0.0002, total loss: 0.0384, anchor loss: 0.0382, VFL train accuracy: 1.0000
2026-04-09 23:28:04,732 - Epoch: 34, 21/274: VFL loss: 0.0002, total loss: 0.0389, anchor loss: 0.0387, VFL train accuracy: 1.0000
2026-04-09 23:28:05,107 - Epoch: 34, 31/274: VFL loss: 0.0002, total loss: 0.0390, anchor loss: 0.0388, VFL train accuracy: 1.0000
2026-04-09 23:28:05,481 - Epoch: 34, 41/274: VFL loss: 0.0002, total loss: 0.0390, anchor loss: 0.0388, VFL train accuracy: 1.0000
2026-04-09 23:28:05,837 - Epoch: 34, 51/274: VFL loss: 0.0002, total loss: 0.0390, anchor loss: 0.0388, VFL train accuracy: 1.0000
2026-04-09 23:28:06,340 - Epoch: 34, 61/274: VFL loss: 0.0003, total loss: 0.0392, anchor loss: 0.0389, VFL train accuracy: 0.9999
2026-04-09 23:28:06,706 - Epoch: 34, 71/274: VFL loss: 0.0003, total loss: 0.0392, anchor loss: 0.0389, VFL train accuracy: 0.9999
2026-04-09 23:28:07,060 - Epoch: 34, 81/274: VFL loss: 0.0003, total loss: 0.0392, anchor loss: 0.0389, VFL train accuracy: 1.0000
2026-04-09 23:28:07,432 - Epoch: 34, 91/274: VFL loss: 0.0003, total loss: 0.0392, anchor loss: 0.0389, VFL train accuracy: 1.0000
2026-04-09 23:28:07,800 - Epoch: 34, 101/274: VFL loss: 0.0003, total loss: 0.0392, anchor loss: 0.0389, VFL train accuracy: 1.0000
2026-04-09 23:28:08,184 - Epoch: 34, 111/274: VFL loss: 0.0003, total loss: 0.0391, anchor loss: 0.0388, VFL train accuracy: 1.0000
2026-04-09 23:28:08,599 - Epoch: 34, 121/274: VFL loss: 0.0003, total loss: 0.0391, anchor loss: 0.0388, VFL train accuracy: 1.0000
2026-04-09 23:28:08,978 - Epoch: 34, 131/274: VFL loss: 0.0003, total loss: 0.0391, anchor loss: 0.0388, VFL train accuracy: 1.0000
2026-04-09 23:28:09,347 - Epoch: 34, 141/274: VFL loss: 0.0003, total loss: 0.0391, anchor loss: 0.0388, VFL train accuracy: 1.0000
2026-04-09 23:28:09,711 - Epoch: 34, 151/274: VFL loss: 0.0003, total loss: 0.0391, anchor loss: 0.0388, VFL train accuracy: 1.0000
2026-04-09 23:28:10,084 - Epoch: 34, 161/274: VFL loss: 0.0003, total loss: 0.0391, anchor loss: 0.0388, VFL train accuracy: 1.0000
2026-04-09 23:28:10,467 - Epoch: 34, 171/274: VFL loss: 0.0003, total loss: 0.0391, anchor loss: 0.0388, VFL train accuracy: 1.0000
2026-04-09 23:28:10,849 - Epoch: 34, 181/274: VFL loss: 0.0003, total loss: 0.0391, anchor loss: 0.0388, VFL train accuracy: 1.0000
2026-04-09 23:28:11,215 - Epoch: 34, 191/274: VFL loss: 0.0003, total loss: 0.0391, anchor loss: 0.0388, VFL train accuracy: 1.0000
2026-04-09 23:28:11,586 - Epoch: 34, 201/274: VFL loss: 0.0003, total loss: 0.0391, anchor loss: 0.0388, VFL train accuracy: 1.0000
2026-04-09 23:28:11,949 - Epoch: 34, 211/274: VFL loss: 0.0003, total loss: 0.0391, anchor loss: 0.0388, VFL train accuracy: 1.0000
2026-04-09 23:28:12,325 - Epoch: 34, 221/274: VFL loss: 0.0003, total loss: 0.0390, anchor loss: 0.0388, VFL train accuracy: 1.0000
2026-04-09 23:28:12,711 - Epoch: 34, 231/274: VFL loss: 0.0003, total loss: 0.0391, anchor loss: 0.0388, VFL train accuracy: 1.0000
2026-04-09 23:28:13,129 - Epoch: 34, 241/274: VFL loss: 0.0003, total loss: 0.0391, anchor loss: 0.0388, VFL train accuracy: 1.0000
2026-04-09 23:28:13,492 - Epoch: 34, 251/274: VFL loss: 0.0003, total loss: 0.0391, anchor loss: 0.0388, VFL train accuracy: 1.0000
2026-04-09 23:28:13,877 - Epoch: 34, 261/274: VFL loss: 0.0003, total loss: 0.0391, anchor loss: 0.0388, VFL train accuracy: 1.0000
2026-04-09 23:28:14,240 - Epoch: 34, 271/274: VFL loss: 0.0003, total loss: 0.0391, anchor loss: 0.0388, VFL train accuracy: 1.0000
2026-04-09 23:28:14,368 - => Recorded Stage 2 client anchor losses for epoch 34 to './results/AVGuard/Fourclient/NUSWIDE/ema_scan/lambda_1.0_ema_0.990\stage2_final_epoch_client_anchor_losses.json': {0: 0.01862, 1: 0.046337, 2: 0.038421, 3: 0.051731}
2026-04-09 23:28:14,377 - => Stage 2 EMA anchor update applied at epoch 34 with momentum 0.9900: updated classes per client {0: 5, 1: 5, 2: 5, 3: 5}
2026-04-09 23:28:14,377 - => Stage 2 Epoch 34 Training Summary: VFL loss: 0.0003, total loss: 0.0390, anchor loss: 0.0388, VFL train accuracy: 1.0000
2026-04-09 23:28:14,377 - => Test ASR...
2026-04-09 23:28:14,484 - =>Add Trigger to Test Data
2026-04-09 23:28:17,886 - Add Trigger to 37064 Bad Samples, 9629 Clean Samples (1.00)
2026-04-09 23:28:30,168 - => Test Epoch: 34, main task samples: 46693, attack samples: 46693, test loss: 1.3353, clean acc: 0.6117, Top-4: 0.9958, ASR: 0.3922, RAC: 0.4826, test target accuracy: 0.8836, stage3 final accuracy: 0.6117, stage3 final target accuracy: 0.6058, stage3 final asr: 0.3922, anchor loss: 0.0536
2026-04-09 23:28:30,169 - => Stage 3 Detection Summary: recall: 0.6582, precision: 0.0573, f1: 0.1053, false positive rate: 0.4161, correction rate: 0.3727
2026-04-09 23:28:30,169 - => Stage 3 Debug (clean): suspicious=19431/46693, correction_applied=19397, prediction_changed=19397, skipped_tied_vote=0, skipped_low_margin=0, skipped_other=34
2026-04-09 23:28:30,169 - => Stage 3 Debug (poison-valid): suspicious=21040/37064, correction_applied=21036, prediction_changed=21036, skipped_tied_vote=0, skipped_low_margin=0, skipped_other=4
2026-04-09 23:28:30,169 - => Stage 3 Debug (attack-success): suspicious=2317/3520, correction_applied=2313, prediction_changed=2313, corrected_to_true=1312
2026-04-09 23:28:30,246 - => End Epoch: 34, early stop epochs: 33, best epoch: 1, best clean acc: 0.5958, best Top-4: 0.9966, best ASR: 0.3617, best RAC: 0.5316, anchor loss: 0.0782
2026-04-09 23:28:30,246 - => Stage 3 Detection Summary: recall: 0.8058, precision: 0.1637, f1: 0.2721, false positive rate: 0.4207, correction rate: 0.5522
2026-04-09 23:28:30,285 - => LFBA current anchor-derived target label: 3
2026-04-09 23:28:30,365 - =>Add Trigger to Train Data
2026-04-09 23:28:30,732 - Add Trigger to 6996 Bad Samples, 62970 Clean Samples (0.10)
2026-04-09 23:28:30,736 - => Start Training for Injecting Backdoor...
2026-04-09 23:28:30,796 - Epoch: 35, 1/274: VFL loss: 0.0001, total loss: 0.0376, anchor loss: 0.0375, VFL train accuracy: 1.0000
2026-04-09 23:28:31,457 - Epoch: 35, 11/274: VFL loss: 0.0002, total loss: 0.0371, anchor loss: 0.0369, VFL train accuracy: 1.0000
2026-04-09 23:28:31,866 - Epoch: 35, 21/274: VFL loss: 0.0002, total loss: 0.0374, anchor loss: 0.0372, VFL train accuracy: 1.0000
2026-04-09 23:28:32,249 - Epoch: 35, 31/274: VFL loss: 0.0002, total loss: 0.0378, anchor loss: 0.0376, VFL train accuracy: 1.0000
2026-04-09 23:28:32,625 - Epoch: 35, 41/274: VFL loss: 0.0002, total loss: 0.0379, anchor loss: 0.0377, VFL train accuracy: 1.0000
2026-04-09 23:28:33,004 - Epoch: 35, 51/274: VFL loss: 0.0002, total loss: 0.0379, anchor loss: 0.0377, VFL train accuracy: 1.0000
2026-04-09 23:28:33,366 - Epoch: 35, 61/274: VFL loss: 0.0002, total loss: 0.0380, anchor loss: 0.0378, VFL train accuracy: 1.0000
2026-04-09 23:28:33,740 - Epoch: 35, 71/274: VFL loss: 0.0002, total loss: 0.0382, anchor loss: 0.0380, VFL train accuracy: 1.0000
2026-04-09 23:28:34,136 - Epoch: 35, 81/274: VFL loss: 0.0002, total loss: 0.0382, anchor loss: 0.0380, VFL train accuracy: 1.0000
2026-04-09 23:28:34,516 - Epoch: 35, 91/274: VFL loss: 0.0002, total loss: 0.0382, anchor loss: 0.0380, VFL train accuracy: 1.0000
2026-04-09 23:28:34,890 - Epoch: 35, 101/274: VFL loss: 0.0002, total loss: 0.0382, anchor loss: 0.0380, VFL train accuracy: 1.0000
2026-04-09 23:28:35,284 - Epoch: 35, 111/274: VFL loss: 0.0002, total loss: 0.0383, anchor loss: 0.0381, VFL train accuracy: 1.0000
2026-04-09 23:28:35,695 - Epoch: 35, 121/274: VFL loss: 0.0002, total loss: 0.0383, anchor loss: 0.0381, VFL train accuracy: 1.0000
2026-04-09 23:28:36,115 - Epoch: 35, 131/274: VFL loss: 0.0002, total loss: 0.0383, anchor loss: 0.0381, VFL train accuracy: 1.0000
2026-04-09 23:28:36,477 - Epoch: 35, 141/274: VFL loss: 0.0002, total loss: 0.0382, anchor loss: 0.0380, VFL train accuracy: 1.0000
2026-04-09 23:28:36,844 - Epoch: 35, 151/274: VFL loss: 0.0002, total loss: 0.0382, anchor loss: 0.0380, VFL train accuracy: 1.0000
2026-04-09 23:28:37,212 - Epoch: 35, 161/274: VFL loss: 0.0002, total loss: 0.0382, anchor loss: 0.0380, VFL train accuracy: 1.0000
2026-04-09 23:28:37,584 - Epoch: 35, 171/274: VFL loss: 0.0002, total loss: 0.0383, anchor loss: 0.0381, VFL train accuracy: 1.0000
2026-04-09 23:28:37,957 - Epoch: 35, 181/274: VFL loss: 0.0002, total loss: 0.0384, anchor loss: 0.0382, VFL train accuracy: 1.0000
2026-04-09 23:28:38,338 - Epoch: 35, 191/274: VFL loss: 0.0002, total loss: 0.0384, anchor loss: 0.0382, VFL train accuracy: 1.0000
2026-04-09 23:28:38,710 - Epoch: 35, 201/274: VFL loss: 0.0002, total loss: 0.0383, anchor loss: 0.0381, VFL train accuracy: 1.0000
2026-04-09 23:28:39,089 - Epoch: 35, 211/274: VFL loss: 0.0002, total loss: 0.0384, anchor loss: 0.0382, VFL train accuracy: 1.0000
2026-04-09 23:28:39,481 - Epoch: 35, 221/274: VFL loss: 0.0002, total loss: 0.0383, anchor loss: 0.0381, VFL train accuracy: 1.0000
2026-04-09 23:28:39,902 - Epoch: 35, 231/274: VFL loss: 0.0002, total loss: 0.0384, anchor loss: 0.0382, VFL train accuracy: 1.0000
2026-04-09 23:28:40,283 - Epoch: 35, 241/274: VFL loss: 0.0002, total loss: 0.0384, anchor loss: 0.0382, VFL train accuracy: 1.0000
2026-04-09 23:28:40,713 - Epoch: 35, 251/274: VFL loss: 0.0002, total loss: 0.0384, anchor loss: 0.0382, VFL train accuracy: 1.0000
2026-04-09 23:28:41,126 - Epoch: 35, 261/274: VFL loss: 0.0002, total loss: 0.0384, anchor loss: 0.0382, VFL train accuracy: 1.0000
2026-04-09 23:28:41,497 - Epoch: 35, 271/274: VFL loss: 0.0002, total loss: 0.0384, anchor loss: 0.0382, VFL train accuracy: 1.0000
2026-04-09 23:28:41,650 - => Recorded Stage 2 client anchor losses for epoch 35 to './results/AVGuard/Fourclient/NUSWIDE/ema_scan/lambda_1.0_ema_0.990\stage2_final_epoch_client_anchor_losses.json': {0: 0.018236, 1: 0.04561, 2: 0.037889, 3: 0.051044}
2026-04-09 23:28:41,658 - => Stage 2 EMA anchor update applied at epoch 35 with momentum 0.9900: updated classes per client {0: 5, 1: 5, 2: 5, 3: 5}
2026-04-09 23:28:41,658 - => Stage 2 Epoch 35 Training Summary: VFL loss: 0.0002, total loss: 0.0384, anchor loss: 0.0382, VFL train accuracy: 1.0000
2026-04-09 23:28:41,659 - => Test ASR...
2026-04-09 23:28:41,761 - =>Add Trigger to Test Data
2026-04-09 23:28:45,041 - Add Trigger to 37064 Bad Samples, 9629 Clean Samples (1.00)
2026-04-09 23:28:57,354 - => Test Epoch: 35, main task samples: 46693, attack samples: 46693, test loss: 1.3569, clean acc: 0.6121, Top-4: 0.9957, ASR: 0.3887, RAC: 0.4816, test target accuracy: 0.8811, stage3 final accuracy: 0.6121, stage3 final target accuracy: 0.6085, stage3 final asr: 0.3887, anchor loss: 0.0531
2026-04-09 23:28:57,354 - => Stage 3 Detection Summary: recall: 0.6447, precision: 0.0527, f1: 0.0974, false positive rate: 0.4162, correction rate: 0.3628
2026-04-09 23:28:57,355 - => Stage 3 Debug (clean): suspicious=19433/46693, correction_applied=19398, prediction_changed=19398, skipped_tied_vote=0, skipped_low_margin=0, skipped_other=35
2026-04-09 23:28:57,355 - => Stage 3 Debug (poison-valid): suspicious=21061/37064, correction_applied=21058, prediction_changed=21058, skipped_tied_vote=0, skipped_low_margin=0, skipped_other=3
2026-04-09 23:28:57,355 - => Stage 3 Debug (attack-success): suspicious=2134/3310, correction_applied=2131, prediction_changed=2131, corrected_to_true=1201
2026-04-09 23:28:57,428 - => End Epoch: 35, early stop epochs: 34, best epoch: 1, best clean acc: 0.5958, best Top-4: 0.9966, best ASR: 0.3617, best RAC: 0.5316, anchor loss: 0.0782
2026-04-09 23:28:57,429 - => Stage 3 Detection Summary: recall: 0.8058, precision: 0.1637, f1: 0.2721, false positive rate: 0.4207, correction rate: 0.5522
2026-04-09 23:28:57,466 - => LFBA current anchor-derived target label: 3
2026-04-09 23:28:57,543 - =>Add Trigger to Train Data
2026-04-09 23:28:57,881 - Add Trigger to 6996 Bad Samples, 62970 Clean Samples (0.10)
2026-04-09 23:28:57,885 - => Start Training for Injecting Backdoor...
2026-04-09 23:28:57,941 - Epoch: 36, 1/274: VFL loss: 0.0001, total loss: 0.0359, anchor loss: 0.0358, VFL train accuracy: 1.0000
2026-04-09 23:28:58,561 - Epoch: 36, 11/274: VFL loss: 0.0002, total loss: 0.0376, anchor loss: 0.0374, VFL train accuracy: 1.0000
2026-04-09 23:28:58,925 - Epoch: 36, 21/274: VFL loss: 0.0002, total loss: 0.0376, anchor loss: 0.0374, VFL train accuracy: 1.0000
2026-04-09 23:28:59,296 - Epoch: 36, 31/274: VFL loss: 0.0002, total loss: 0.0379, anchor loss: 0.0377, VFL train accuracy: 1.0000
2026-04-09 23:28:59,681 - Epoch: 36, 41/274: VFL loss: 0.0002, total loss: 0.0378, anchor loss: 0.0376, VFL train accuracy: 1.0000
2026-04-09 23:29:00,065 - Epoch: 36, 51/274: VFL loss: 0.0002, total loss: 0.0379, anchor loss: 0.0377, VFL train accuracy: 1.0000
2026-04-09 23:29:00,409 - Epoch: 36, 61/274: VFL loss: 0.0005, total loss: 0.0381, anchor loss: 0.0376, VFL train accuracy: 0.9999
2026-04-09 23:29:00,785 - Epoch: 36, 71/274: VFL loss: 0.0005, total loss: 0.0382, anchor loss: 0.0377, VFL train accuracy: 0.9999
2026-04-09 23:29:01,149 - Epoch: 36, 81/274: VFL loss: 0.0005, total loss: 0.0381, anchor loss: 0.0376, VFL train accuracy: 1.0000
2026-04-09 23:29:01,516 - Epoch: 36, 91/274: VFL loss: 0.0004, total loss: 0.0380, anchor loss: 0.0376, VFL train accuracy: 1.0000
2026-04-09 23:29:01,882 - Epoch: 36, 101/274: VFL loss: 0.0004, total loss: 0.0380, anchor loss: 0.0375, VFL train accuracy: 1.0000
2026-04-09 23:29:02,285 - Epoch: 36, 111/274: VFL loss: 0.0004, total loss: 0.0379, anchor loss: 0.0375, VFL train accuracy: 1.0000
2026-04-09 23:29:02,654 - Epoch: 36, 121/274: VFL loss: 0.0004, total loss: 0.0379, anchor loss: 0.0375, VFL train accuracy: 1.0000
2026-04-09 23:29:03,021 - Epoch: 36, 131/274: VFL loss: 0.0004, total loss: 0.0379, anchor loss: 0.0376, VFL train accuracy: 1.0000
2026-04-09 23:29:03,392 - Epoch: 36, 141/274: VFL loss: 0.0003, total loss: 0.0379, anchor loss: 0.0376, VFL train accuracy: 1.0000
2026-04-09 23:29:03,776 - Epoch: 36, 151/274: VFL loss: 0.0003, total loss: 0.0379, anchor loss: 0.0376, VFL train accuracy: 1.0000
2026-04-09 23:29:04,145 - Epoch: 36, 161/274: VFL loss: 0.0003, total loss: 0.0379, anchor loss: 0.0375, VFL train accuracy: 1.0000
2026-04-09 23:29:04,540 - Epoch: 36, 171/274: VFL loss: 0.0003, total loss: 0.0379, anchor loss: 0.0376, VFL train accuracy: 1.0000
2026-04-09 23:29:04,918 - Epoch: 36, 181/274: VFL loss: 0.0003, total loss: 0.0379, anchor loss: 0.0376, VFL train accuracy: 1.0000
2026-04-09 23:29:05,291 - Epoch: 36, 191/274: VFL loss: 0.0003, total loss: 0.0379, anchor loss: 0.0376, VFL train accuracy: 1.0000
2026-04-09 23:29:05,665 - Epoch: 36, 201/274: VFL loss: 0.0003, total loss: 0.0380, anchor loss: 0.0377, VFL train accuracy: 1.0000
2026-04-09 23:29:06,034 - Epoch: 36, 211/274: VFL loss: 0.0003, total loss: 0.0380, anchor loss: 0.0377, VFL train accuracy: 1.0000
2026-04-09 23:29:06,413 - Epoch: 36, 221/274: VFL loss: 0.0003, total loss: 0.0380, anchor loss: 0.0377, VFL train accuracy: 1.0000
2026-04-09 23:29:06,760 - Epoch: 36, 231/274: VFL loss: 0.0003, total loss: 0.0380, anchor loss: 0.0377, VFL train accuracy: 1.0000
2026-04-09 23:29:07,136 - Epoch: 36, 241/274: VFL loss: 0.0003, total loss: 0.0380, anchor loss: 0.0377, VFL train accuracy: 1.0000
2026-04-09 23:29:07,486 - Epoch: 36, 251/274: VFL loss: 0.0003, total loss: 0.0380, anchor loss: 0.0377, VFL train accuracy: 1.0000
2026-04-09 23:29:07,848 - Epoch: 36, 261/274: VFL loss: 0.0003, total loss: 0.0379, anchor loss: 0.0377, VFL train accuracy: 1.0000
2026-04-09 23:29:08,215 - Epoch: 36, 271/274: VFL loss: 0.0003, total loss: 0.0379, anchor loss: 0.0376, VFL train accuracy: 1.0000
2026-04-09 23:29:08,337 - => Recorded Stage 2 client anchor losses for epoch 36 to './results/AVGuard/Fourclient/NUSWIDE/ema_scan/lambda_1.0_ema_0.990\stage2_final_epoch_client_anchor_losses.json': {0: 0.017869, 1: 0.044949, 2: 0.037374, 3: 0.050328}
2026-04-09 23:29:08,349 - => Stage 2 EMA anchor update applied at epoch 36 with momentum 0.9900: updated classes per client {0: 5, 1: 5, 2: 5, 3: 5}
2026-04-09 23:29:08,349 - => Stage 2 Epoch 36 Training Summary: VFL loss: 0.0003, total loss: 0.0379, anchor loss: 0.0376, VFL train accuracy: 1.0000
2026-04-09 23:29:08,349 - => Test ASR...
2026-04-09 23:29:08,455 - =>Add Trigger to Test Data
2026-04-09 23:29:11,740 - Add Trigger to 37064 Bad Samples, 9629 Clean Samples (1.00)
2026-04-09 23:29:25,230 - => Test Epoch: 36, main task samples: 46693, attack samples: 46693, test loss: 1.3771, clean acc: 0.6129, Top-4: 0.9956, ASR: 0.3750, RAC: 0.4819, test target accuracy: 0.8818, stage3 final accuracy: 0.6129, stage3 final target accuracy: 0.6042, stage3 final asr: 0.3750, anchor loss: 0.0526
2026-04-09 23:29:25,230 - => Stage 3 Detection Summary: recall: 0.6327, precision: 0.0484, f1: 0.0899, false positive rate: 0.4146, correction rate: 0.3531
2026-04-09 23:29:25,230 - => Stage 3 Debug (clean): suspicious=19358/46693, correction_applied=19319, prediction_changed=19319, skipped_tied_vote=0, skipped_low_margin=0, skipped_other=39
2026-04-09 23:29:25,231 - => Stage 3 Debug (poison-valid): suspicious=20998/37064, correction_applied=20995, prediction_changed=20995, skipped_tied_vote=0, skipped_low_margin=0, skipped_other=3
2026-04-09 23:29:25,231 - => Stage 3 Debug (attack-success): suspicious=1953/3087, correction_applied=1950, prediction_changed=1950, corrected_to_true=1090
2026-04-09 23:29:25,310 - => End Epoch: 36, early stop epochs: 35, best epoch: 1, best clean acc: 0.5958, best Top-4: 0.9966, best ASR: 0.3617, best RAC: 0.5316, anchor loss: 0.0782
2026-04-09 23:29:25,310 - => Stage 3 Detection Summary: recall: 0.8058, precision: 0.1637, f1: 0.2721, false positive rate: 0.4207, correction rate: 0.5522
2026-04-09 23:29:25,348 - => LFBA current anchor-derived target label: 3
2026-04-09 23:29:25,427 - =>Add Trigger to Train Data
2026-04-09 23:29:25,828 - Add Trigger to 6996 Bad Samples, 62970 Clean Samples (0.10)
2026-04-09 23:29:25,832 - => Start Training for Injecting Backdoor...
2026-04-09 23:29:25,894 - Epoch: 37, 1/274: VFL loss: 0.0001, total loss: 0.0362, anchor loss: 0.0362, VFL train accuracy: 1.0000
2026-04-09 23:29:26,543 - Epoch: 37, 11/274: VFL loss: 0.0001, total loss: 0.0366, anchor loss: 0.0365, VFL train accuracy: 1.0000
2026-04-09 23:29:26,931 - Epoch: 37, 21/274: VFL loss: 0.0002, total loss: 0.0367, anchor loss: 0.0366, VFL train accuracy: 1.0000
2026-04-09 23:29:27,317 - Epoch: 37, 31/274: VFL loss: 0.0002, total loss: 0.0368, anchor loss: 0.0366, VFL train accuracy: 1.0000
2026-04-09 23:29:27,693 - Epoch: 37, 41/274: VFL loss: 0.0002, total loss: 0.0368, anchor loss: 0.0366, VFL train accuracy: 1.0000
2026-04-09 23:29:28,210 - Epoch: 37, 51/274: VFL loss: 0.0003, total loss: 0.0373, anchor loss: 0.0370, VFL train accuracy: 0.9999
2026-04-09 23:29:28,572 - Epoch: 37, 61/274: VFL loss: 0.0003, total loss: 0.0373, anchor loss: 0.0369, VFL train accuracy: 0.9999
2026-04-09 23:29:28,938 - Epoch: 37, 71/274: VFL loss: 0.0003, total loss: 0.0374, anchor loss: 0.0371, VFL train accuracy: 0.9999
2026-04-09 23:29:29,332 - Epoch: 37, 81/274: VFL loss: 0.0003, total loss: 0.0373, anchor loss: 0.0370, VFL train accuracy: 1.0000
2026-04-09 23:29:29,715 - Epoch: 37, 91/274: VFL loss: 0.0003, total loss: 0.0374, anchor loss: 0.0371, VFL train accuracy: 1.0000
2026-04-09 23:29:30,078 - Epoch: 37, 101/274: VFL loss: 0.0003, total loss: 0.0374, anchor loss: 0.0371, VFL train accuracy: 1.0000
2026-04-09 23:29:30,450 - Epoch: 37, 111/274: VFL loss: 0.0003, total loss: 0.0374, anchor loss: 0.0371, VFL train accuracy: 1.0000
2026-04-09 23:29:30,844 - Epoch: 37, 121/274: VFL loss: 0.0003, total loss: 0.0373, anchor loss: 0.0371, VFL train accuracy: 1.0000
2026-04-09 23:29:31,213 - Epoch: 37, 131/274: VFL loss: 0.0003, total loss: 0.0373, anchor loss: 0.0371, VFL train accuracy: 1.0000
2026-04-09 23:29:31,591 - Epoch: 37, 141/274: VFL loss: 0.0003, total loss: 0.0373, anchor loss: 0.0371, VFL train accuracy: 1.0000
2026-04-09 23:29:31,970 - Epoch: 37, 151/274: VFL loss: 0.0003, total loss: 0.0373, anchor loss: 0.0370, VFL train accuracy: 1.0000
2026-04-09 23:29:32,336 - Epoch: 37, 161/274: VFL loss: 0.0003, total loss: 0.0373, anchor loss: 0.0370, VFL train accuracy: 1.0000
2026-04-09 23:29:32,720 - Epoch: 37, 171/274: VFL loss: 0.0003, total loss: 0.0373, anchor loss: 0.0371, VFL train accuracy: 1.0000
2026-04-09 23:29:33,087 - Epoch: 37, 181/274: VFL loss: 0.0002, total loss: 0.0373, anchor loss: 0.0370, VFL train accuracy: 1.0000
2026-04-09 23:29:33,456 - Epoch: 37, 191/274: VFL loss: 0.0002, total loss: 0.0373, anchor loss: 0.0371, VFL train accuracy: 1.0000
2026-04-09 23:29:33,810 - Epoch: 37, 201/274: VFL loss: 0.0002, total loss: 0.0373, anchor loss: 0.0371, VFL train accuracy: 1.0000
2026-04-09 23:29:34,190 - Epoch: 37, 211/274: VFL loss: 0.0002, total loss: 0.0373, anchor loss: 0.0371, VFL train accuracy: 1.0000
2026-04-09 23:29:34,577 - Epoch: 37, 221/274: VFL loss: 0.0002, total loss: 0.0373, anchor loss: 0.0371, VFL train accuracy: 1.0000
2026-04-09 23:29:34,956 - Epoch: 37, 231/274: VFL loss: 0.0002, total loss: 0.0373, anchor loss: 0.0371, VFL train accuracy: 1.0000
2026-04-09 23:29:35,318 - Epoch: 37, 241/274: VFL loss: 0.0002, total loss: 0.0373, anchor loss: 0.0371, VFL train accuracy: 1.0000
2026-04-09 23:29:35,735 - Epoch: 37, 251/274: VFL loss: 0.0002, total loss: 0.0373, anchor loss: 0.0371, VFL train accuracy: 1.0000
2026-04-09 23:29:36,101 - Epoch: 37, 261/274: VFL loss: 0.0002, total loss: 0.0373, anchor loss: 0.0371, VFL train accuracy: 1.0000
2026-04-09 23:29:36,471 - Epoch: 37, 271/274: VFL loss: 0.0002, total loss: 0.0373, anchor loss: 0.0371, VFL train accuracy: 1.0000
2026-04-09 23:29:36,599 - => Recorded Stage 2 client anchor losses for epoch 37 to './results/AVGuard/Fourclient/NUSWIDE/ema_scan/lambda_1.0_ema_0.990\stage2_final_epoch_client_anchor_losses.json': {0: 0.017531, 1: 0.04426, 2: 0.036859, 3: 0.049725}
2026-04-09 23:29:36,609 - => Stage 2 EMA anchor update applied at epoch 37 with momentum 0.9900: updated classes per client {0: 5, 1: 5, 2: 5, 3: 5}
2026-04-09 23:29:36,610 - => Stage 2 Epoch 37 Training Summary: VFL loss: 0.0002, total loss: 0.0373, anchor loss: 0.0371, VFL train accuracy: 1.0000
2026-04-09 23:29:36,610 - => Test ASR...
2026-04-09 23:29:36,715 - =>Add Trigger to Test Data
2026-04-09 23:29:40,160 - Add Trigger to 37064 Bad Samples, 9629 Clean Samples (1.00)
2026-04-09 23:29:53,881 - => Test Epoch: 37, main task samples: 46693, attack samples: 46693, test loss: 1.4211, clean acc: 0.6129, Top-4: 0.9954, ASR: 0.3894, RAC: 0.4816, test target accuracy: 0.8828, stage3 final accuracy: 0.6129, stage3 final target accuracy: 0.6194, stage3 final asr: 0.3894, anchor loss: 0.0521
2026-04-09 23:29:53,881 - => Stage 3 Detection Summary: recall: 0.6236, precision: 0.0493, f1: 0.0914, false positive rate: 0.4157, correction rate: 0.3480
2026-04-09 23:29:53,881 - => Stage 3 Debug (clean): suspicious=19412/46693, correction_applied=19375, prediction_changed=19375, skipped_tied_vote=0, skipped_low_margin=0, skipped_other=37
2026-04-09 23:29:53,882 - => Stage 3 Debug (poison-valid): suspicious=21053/37064, correction_applied=21050, prediction_changed=21050, skipped_tied_vote=0, skipped_low_margin=0, skipped_other=3
2026-04-09 23:29:53,882 - => Stage 3 Debug (attack-success): suspicious=1996/3201, correction_applied=1993, prediction_changed=1993, corrected_to_true=1114
2026-04-09 23:29:53,958 - => End Epoch: 37, early stop epochs: 36, best epoch: 1, best clean acc: 0.5958, best Top-4: 0.9966, best ASR: 0.3617, best RAC: 0.5316, anchor loss: 0.0782
2026-04-09 23:29:53,958 - => Stage 3 Detection Summary: recall: 0.8058, precision: 0.1637, f1: 0.2721, false positive rate: 0.4207, correction rate: 0.5522
2026-04-09 23:29:54,000 - => LFBA current anchor-derived target label: 3
2026-04-09 23:29:54,078 - =>Add Trigger to Train Data
2026-04-09 23:29:54,563 - Add Trigger to 6996 Bad Samples, 62970 Clean Samples (0.10)
2026-04-09 23:29:54,568 - => Start Training for Injecting Backdoor...
2026-04-09 23:29:54,629 - Epoch: 38, 1/274: VFL loss: 0.0002, total loss: 0.0417, anchor loss: 0.0415, VFL train accuracy: 1.0000
2026-04-09 23:29:55,381 - Epoch: 38, 11/274: VFL loss: 0.0002, total loss: 0.0384, anchor loss: 0.0382, VFL train accuracy: 1.0000
2026-04-09 23:29:55,847 - Epoch: 38, 21/274: VFL loss: 0.0003, total loss: 0.0376, anchor loss: 0.0373, VFL train accuracy: 1.0000
2026-04-09 23:29:56,326 - Epoch: 38, 31/274: VFL loss: 0.0003, total loss: 0.0370, anchor loss: 0.0367, VFL train accuracy: 1.0000
2026-04-09 23:29:56,767 - Epoch: 38, 41/274: VFL loss: 0.0003, total loss: 0.0371, anchor loss: 0.0369, VFL train accuracy: 1.0000
2026-04-09 23:29:57,227 - Epoch: 38, 51/274: VFL loss: 0.0003, total loss: 0.0372, anchor loss: 0.0368, VFL train accuracy: 0.9999
2026-04-09 23:29:57,678 - Epoch: 38, 61/274: VFL loss: 0.0003, total loss: 0.0371, anchor loss: 0.0368, VFL train accuracy: 0.9999
2026-04-09 23:29:58,095 - Epoch: 38, 71/274: VFL loss: 0.0003, total loss: 0.0371, anchor loss: 0.0368, VFL train accuracy: 0.9999
2026-04-09 23:29:58,492 - Epoch: 38, 81/274: VFL loss: 0.0003, total loss: 0.0368, anchor loss: 0.0365, VFL train accuracy: 1.0000
2026-04-09 23:29:58,937 - Epoch: 38, 91/274: VFL loss: 0.0003, total loss: 0.0369, anchor loss: 0.0366, VFL train accuracy: 1.0000
2026-04-09 23:29:59,385 - Epoch: 38, 101/274: VFL loss: 0.0003, total loss: 0.0370, anchor loss: 0.0368, VFL train accuracy: 1.0000
2026-04-09 23:29:59,834 - Epoch: 38, 111/274: VFL loss: 0.0003, total loss: 0.0370, anchor loss: 0.0367, VFL train accuracy: 1.0000
2026-04-09 23:30:00,270 - Epoch: 38, 121/274: VFL loss: 0.0003, total loss: 0.0369, anchor loss: 0.0367, VFL train accuracy: 1.0000
2026-04-09 23:30:00,673 - Epoch: 38, 131/274: VFL loss: 0.0003, total loss: 0.0369, anchor loss: 0.0366, VFL train accuracy: 1.0000
2026-04-09 23:30:01,184 - Epoch: 38, 141/274: VFL loss: 0.0002, total loss: 0.0369, anchor loss: 0.0367, VFL train accuracy: 1.0000
2026-04-09 23:30:01,583 - Epoch: 38, 151/274: VFL loss: 0.0002, total loss: 0.0369, anchor loss: 0.0367, VFL train accuracy: 1.0000
2026-04-09 23:30:02,003 - Epoch: 38, 161/274: VFL loss: 0.0002, total loss: 0.0369, anchor loss: 0.0366, VFL train accuracy: 1.0000
2026-04-09 23:30:02,432 - Epoch: 38, 171/274: VFL loss: 0.0002, total loss: 0.0368, anchor loss: 0.0366, VFL train accuracy: 1.0000
2026-04-09 23:30:02,798 - Epoch: 38, 181/274: VFL loss: 0.0002, total loss: 0.0368, anchor loss: 0.0366, VFL train accuracy: 1.0000
2026-04-09 23:30:03,181 - Epoch: 38, 191/274: VFL loss: 0.0003, total loss: 0.0369, anchor loss: 0.0366, VFL train accuracy: 1.0000
2026-04-09 23:30:03,540 - Epoch: 38, 201/274: VFL loss: 0.0003, total loss: 0.0369, anchor loss: 0.0366, VFL train accuracy: 1.0000
2026-04-09 23:30:03,928 - Epoch: 38, 211/274: VFL loss: 0.0003, total loss: 0.0368, anchor loss: 0.0366, VFL train accuracy: 1.0000
2026-04-09 23:30:04,302 - Epoch: 38, 221/274: VFL loss: 0.0003, total loss: 0.0369, anchor loss: 0.0366, VFL train accuracy: 1.0000
2026-04-09 23:30:04,683 - Epoch: 38, 231/274: VFL loss: 0.0003, total loss: 0.0369, anchor loss: 0.0366, VFL train accuracy: 1.0000
2026-04-09 23:30:05,079 - Epoch: 38, 241/274: VFL loss: 0.0003, total loss: 0.0369, anchor loss: 0.0366, VFL train accuracy: 1.0000
2026-04-09 23:30:05,519 - Epoch: 38, 251/274: VFL loss: 0.0003, total loss: 0.0369, anchor loss: 0.0366, VFL train accuracy: 1.0000
2026-04-09 23:30:05,960 - Epoch: 38, 261/274: VFL loss: 0.0003, total loss: 0.0368, anchor loss: 0.0366, VFL train accuracy: 1.0000
2026-04-09 23:30:06,353 - Epoch: 38, 271/274: VFL loss: 0.0003, total loss: 0.0368, anchor loss: 0.0366, VFL train accuracy: 1.0000
2026-04-09 23:30:06,473 - => Recorded Stage 2 client anchor losses for epoch 38 to './results/AVGuard/Fourclient/NUSWIDE/ema_scan/lambda_1.0_ema_0.990\stage2_final_epoch_client_anchor_losses.json': {0: 0.017182, 1: 0.043612, 2: 0.036353, 3: 0.049034}
2026-04-09 23:30:06,480 - => Stage 2 EMA anchor update applied at epoch 38 with momentum 0.9900: updated classes per client {0: 5, 1: 5, 2: 5, 3: 5}
2026-04-09 23:30:06,481 - => Stage 2 Epoch 38 Training Summary: VFL loss: 0.0003, total loss: 0.0368, anchor loss: 0.0365, VFL train accuracy: 1.0000
2026-04-09 23:30:06,481 - => Test ASR...
2026-04-09 23:30:06,588 - =>Add Trigger to Test Data
2026-04-09 23:30:10,689 - Add Trigger to 37064 Bad Samples, 9629 Clean Samples (1.00)
2026-04-09 23:30:23,054 - => Test Epoch: 38, main task samples: 46693, attack samples: 46693, test loss: 1.4405, clean acc: 0.6149, Top-4: 0.9955, ASR: 0.3785, RAC: 0.4820, test target accuracy: 0.8804, stage3 final accuracy: 0.6149, stage3 final target accuracy: 0.6176, stage3 final asr: 0.3785, anchor loss: 0.0516
2026-04-09 23:30:23,054 - => Stage 3 Detection Summary: recall: 0.6055, precision: 0.0438, f1: 0.0817, false positive rate: 0.4130, correction rate: 0.3376
2026-04-09 23:30:23,054 - => Stage 3 Debug (clean): suspicious=19282/46693, correction_applied=19249, prediction_changed=19249, skipped_tied_vote=0, skipped_low_margin=0, skipped_other=33
2026-04-09 23:30:23,055 - => Stage 3 Debug (poison-valid): suspicious=21012/37064, correction_applied=21011, prediction_changed=21011, skipped_tied_vote=0, skipped_low_margin=0, skipped_other=1
2026-04-09 23:30:23,055 - => Stage 3 Debug (attack-success): suspicious=1765/2915, correction_applied=1765, prediction_changed=1765, corrected_to_true=984
2026-04-09 23:30:23,133 - => End Epoch: 38, early stop epochs: 37, best epoch: 1, best clean acc: 0.5958, best Top-4: 0.9966, best ASR: 0.3617, best RAC: 0.5316, anchor loss: 0.0782
2026-04-09 23:30:23,133 - => Stage 3 Detection Summary: recall: 0.8058, precision: 0.1637, f1: 0.2721, false positive rate: 0.4207, correction rate: 0.5522
2026-04-09 23:30:23,174 - => LFBA current anchor-derived target label: 3
2026-04-09 23:30:23,251 - =>Add Trigger to Train Data
2026-04-09 23:30:23,658 - Add Trigger to 6996 Bad Samples, 62970 Clean Samples (0.10)
2026-04-09 23:30:23,661 - => Start Training for Injecting Backdoor...
2026-04-09 23:30:23,726 - Epoch: 39, 1/274: VFL loss: 0.0001, total loss: 0.0360, anchor loss: 0.0359, VFL train accuracy: 1.0000
2026-04-09 23:30:24,483 - Epoch: 39, 11/274: VFL loss: 0.0004, total loss: 0.0354, anchor loss: 0.0350, VFL train accuracy: 1.0000
2026-04-09 23:30:24,873 - Epoch: 39, 21/274: VFL loss: 0.0003, total loss: 0.0361, anchor loss: 0.0359, VFL train accuracy: 1.0000
2026-04-09 23:30:25,259 - Epoch: 39, 31/274: VFL loss: 0.0002, total loss: 0.0361, anchor loss: 0.0359, VFL train accuracy: 1.0000
2026-04-09 23:30:25,659 - Epoch: 39, 41/274: VFL loss: 0.0002, total loss: 0.0360, anchor loss: 0.0358, VFL train accuracy: 1.0000
2026-04-09 23:30:26,038 - Epoch: 39, 51/274: VFL loss: 0.0002, total loss: 0.0359, anchor loss: 0.0357, VFL train accuracy: 1.0000
2026-04-09 23:30:26,423 - Epoch: 39, 61/274: VFL loss: 0.0002, total loss: 0.0358, anchor loss: 0.0356, VFL train accuracy: 1.0000
2026-04-09 23:30:26,799 - Epoch: 39, 71/274: VFL loss: 0.0002, total loss: 0.0360, anchor loss: 0.0358, VFL train accuracy: 1.0000
2026-04-09 23:30:27,186 - Epoch: 39, 81/274: VFL loss: 0.0003, total loss: 0.0362, anchor loss: 0.0359, VFL train accuracy: 1.0000
2026-04-09 23:30:27,563 - Epoch: 39, 91/274: VFL loss: 0.0003, total loss: 0.0361, anchor loss: 0.0359, VFL train accuracy: 1.0000
2026-04-09 23:30:27,938 - Epoch: 39, 101/274: VFL loss: 0.0003, total loss: 0.0362, anchor loss: 0.0359, VFL train accuracy: 1.0000
2026-04-09 23:30:28,321 - Epoch: 39, 111/274: VFL loss: 0.0003, total loss: 0.0361, anchor loss: 0.0359, VFL train accuracy: 1.0000
2026-04-09 23:30:28,705 - Epoch: 39, 121/274: VFL loss: 0.0003, total loss: 0.0362, anchor loss: 0.0359, VFL train accuracy: 1.0000
2026-04-09 23:30:29,076 - Epoch: 39, 131/274: VFL loss: 0.0003, total loss: 0.0362, anchor loss: 0.0359, VFL train accuracy: 0.9999
2026-04-09 23:30:29,442 - Epoch: 39, 141/274: VFL loss: 0.0006, total loss: 0.0365, anchor loss: 0.0359, VFL train accuracy: 0.9999
2026-04-09 23:30:29,846 - Epoch: 39, 151/274: VFL loss: 0.0005, total loss: 0.0364, anchor loss: 0.0358, VFL train accuracy: 0.9999
2026-04-09 23:30:30,212 - Epoch: 39, 161/274: VFL loss: 0.0005, total loss: 0.0364, anchor loss: 0.0359, VFL train accuracy: 0.9999
2026-04-09 23:30:30,600 - Epoch: 39, 171/274: VFL loss: 0.0005, total loss: 0.0364, anchor loss: 0.0359, VFL train accuracy: 0.9999
2026-04-09 23:30:31,195 - Epoch: 39, 181/274: VFL loss: 0.0005, total loss: 0.0363, anchor loss: 0.0359, VFL train accuracy: 0.9999
2026-04-09 23:30:31,667 - Epoch: 39, 191/274: VFL loss: 0.0005, total loss: 0.0364, anchor loss: 0.0359, VFL train accuracy: 0.9999
2026-04-09 23:30:32,126 - Epoch: 39, 201/274: VFL loss: 0.0005, total loss: 0.0364, anchor loss: 0.0359, VFL train accuracy: 0.9999
2026-04-09 23:30:32,516 - Epoch: 39, 211/274: VFL loss: 0.0004, total loss: 0.0364, anchor loss: 0.0359, VFL train accuracy: 0.9999
2026-04-09 23:30:32,910 - Epoch: 39, 221/274: VFL loss: 0.0004, total loss: 0.0364, anchor loss: 0.0360, VFL train accuracy: 0.9999
2026-04-09 23:30:33,277 - Epoch: 39, 231/274: VFL loss: 0.0004, total loss: 0.0364, anchor loss: 0.0360, VFL train accuracy: 0.9999
2026-04-09 23:30:33,650 - Epoch: 39, 241/274: VFL loss: 0.0004, total loss: 0.0365, anchor loss: 0.0360, VFL train accuracy: 1.0000
2026-04-09 23:30:34,061 - Epoch: 39, 251/274: VFL loss: 0.0004, total loss: 0.0364, anchor loss: 0.0360, VFL train accuracy: 1.0000
2026-04-09 23:30:34,448 - Epoch: 39, 261/274: VFL loss: 0.0004, total loss: 0.0364, anchor loss: 0.0360, VFL train accuracy: 1.0000
2026-04-09 23:30:34,834 - Epoch: 39, 271/274: VFL loss: 0.0004, total loss: 0.0365, anchor loss: 0.0361, VFL train accuracy: 1.0000
2026-04-09 23:30:34,977 - => Recorded Stage 2 client anchor losses for epoch 39 to './results/AVGuard/Fourclient/NUSWIDE/ema_scan/lambda_1.0_ema_0.990\stage2_final_epoch_client_anchor_losses.json': {0: 0.016884, 1: 0.043038, 2: 0.035882, 3: 0.048491}
2026-04-09 23:30:34,986 - => Stage 2 EMA anchor update applied at epoch 39 with momentum 0.9900: updated classes per client {0: 5, 1: 5, 2: 5, 3: 5}
2026-04-09 23:30:34,986 - => Stage 2 Epoch 39 Training Summary: VFL loss: 0.0004, total loss: 0.0365, anchor loss: 0.0361, VFL train accuracy: 1.0000
2026-04-09 23:30:34,986 - => Test ASR...
2026-04-09 23:30:35,090 - =>Add Trigger to Test Data
2026-04-09 23:30:38,903 - Add Trigger to 37064 Bad Samples, 9629 Clean Samples (1.00)
2026-04-09 23:30:51,390 - => Test Epoch: 39, main task samples: 46693, attack samples: 46693, test loss: 1.4700, clean acc: 0.6145, Top-4: 0.9955, ASR: 0.3816, RAC: 0.4799, test target accuracy: 0.8809, stage3 final accuracy: 0.6145, stage3 final target accuracy: 0.6120, stage3 final asr: 0.3816, anchor loss: 0.0512
2026-04-09 23:30:51,391 - => Stage 3 Detection Summary: recall: 0.6095, precision: 0.0441, f1: 0.0822, false positive rate: 0.4134, correction rate: 0.3363
2026-04-09 23:30:51,391 - => Stage 3 Debug (clean): suspicious=19301/46693, correction_applied=19254, prediction_changed=19254, skipped_tied_vote=0, skipped_low_margin=0, skipped_other=47
2026-04-09 23:30:51,391 - => Stage 3 Debug (poison-valid): suspicious=21058/37064, correction_applied=21054, prediction_changed=21054, skipped_tied_vote=0, skipped_low_margin=0, skipped_other=4
2026-04-09 23:30:51,391 - => Stage 3 Debug (attack-success): suspicious=1778/2917, correction_applied=1774, prediction_changed=1774, corrected_to_true=981
2026-04-09 23:30:51,465 - => End Epoch: 39, early stop epochs: 38, best epoch: 1, best clean acc: 0.5958, best Top-4: 0.9966, best ASR: 0.3617, best RAC: 0.5316, anchor loss: 0.0782
2026-04-09 23:30:51,465 - => Stage 3 Detection Summary: recall: 0.8058, precision: 0.1637, f1: 0.2721, false positive rate: 0.4207, correction rate: 0.5522
2026-04-09 23:30:51,501 - => LFBA current anchor-derived target label: 3
2026-04-09 23:30:51,579 - =>Add Trigger to Train Data
2026-04-09 23:30:52,025 - Add Trigger to 6996 Bad Samples, 62970 Clean Samples (0.10)
2026-04-09 23:30:52,027 - => Start Training for Injecting Backdoor...
2026-04-09 23:30:52,090 - Epoch: 40, 1/274: VFL loss: 0.0000, total loss: 0.0369, anchor loss: 0.0368, VFL train accuracy: 1.0000
2026-04-09 23:30:52,830 - Epoch: 40, 11/274: VFL loss: 0.0002, total loss: 0.0361, anchor loss: 0.0360, VFL train accuracy: 1.0000
2026-04-09 23:30:53,198 - Epoch: 40, 21/274: VFL loss: 0.0001, total loss: 0.0360, anchor loss: 0.0358, VFL train accuracy: 1.0000
2026-04-09 23:30:53,701 - Epoch: 40, 31/274: VFL loss: 0.0001, total loss: 0.0359, anchor loss: 0.0357, VFL train accuracy: 1.0000
2026-04-09 23:30:54,078 - Epoch: 40, 41/274: VFL loss: 0.0001, total loss: 0.0359, anchor loss: 0.0357, VFL train accuracy: 1.0000
2026-04-09 23:30:54,432 - Epoch: 40, 51/274: VFL loss: 0.0001, total loss: 0.0356, anchor loss: 0.0355, VFL train accuracy: 1.0000
2026-04-09 23:30:54,840 - Epoch: 40, 61/274: VFL loss: 0.0001, total loss: 0.0358, anchor loss: 0.0357, VFL train accuracy: 1.0000
2026-04-09 23:30:55,246 - Epoch: 40, 71/274: VFL loss: 0.0001, total loss: 0.0359, anchor loss: 0.0358, VFL train accuracy: 1.0000
2026-04-09 23:30:55,631 - Epoch: 40, 81/274: VFL loss: 0.0001, total loss: 0.0359, anchor loss: 0.0357, VFL train accuracy: 1.0000
2026-04-09 23:30:56,000 - Epoch: 40, 91/274: VFL loss: 0.0001, total loss: 0.0358, anchor loss: 0.0357, VFL train accuracy: 1.0000
2026-04-09 23:30:56,374 - Epoch: 40, 101/274: VFL loss: 0.0001, total loss: 0.0358, anchor loss: 0.0357, VFL train accuracy: 1.0000
2026-04-09 23:30:56,740 - Epoch: 40, 111/274: VFL loss: 0.0001, total loss: 0.0358, anchor loss: 0.0357, VFL train accuracy: 1.0000
2026-04-09 23:30:57,110 - Epoch: 40, 121/274: VFL loss: 0.0001, total loss: 0.0358, anchor loss: 0.0356, VFL train accuracy: 1.0000
2026-04-09 23:30:57,466 - Epoch: 40, 131/274: VFL loss: 0.0001, total loss: 0.0357, anchor loss: 0.0356, VFL train accuracy: 1.0000
2026-04-09 23:30:57,831 - Epoch: 40, 141/274: VFL loss: 0.0001, total loss: 0.0357, anchor loss: 0.0356, VFL train accuracy: 1.0000
2026-04-09 23:30:58,222 - Epoch: 40, 151/274: VFL loss: 0.0001, total loss: 0.0357, anchor loss: 0.0356, VFL train accuracy: 1.0000
2026-04-09 23:30:58,595 - Epoch: 40, 161/274: VFL loss: 0.0002, total loss: 0.0357, anchor loss: 0.0356, VFL train accuracy: 1.0000
2026-04-09 23:30:58,967 - Epoch: 40, 171/274: VFL loss: 0.0002, total loss: 0.0357, anchor loss: 0.0356, VFL train accuracy: 1.0000
2026-04-09 23:30:59,342 - Epoch: 40, 181/274: VFL loss: 0.0002, total loss: 0.0357, anchor loss: 0.0355, VFL train accuracy: 1.0000
2026-04-09 23:30:59,704 - Epoch: 40, 191/274: VFL loss: 0.0002, total loss: 0.0357, anchor loss: 0.0355, VFL train accuracy: 1.0000
2026-04-09 23:31:00,107 - Epoch: 40, 201/274: VFL loss: 0.0002, total loss: 0.0357, anchor loss: 0.0356, VFL train accuracy: 1.0000
2026-04-09 23:31:00,482 - Epoch: 40, 211/274: VFL loss: 0.0002, total loss: 0.0356, anchor loss: 0.0355, VFL train accuracy: 1.0000
2026-04-09 23:31:00,874 - Epoch: 40, 221/274: VFL loss: 0.0002, total loss: 0.0357, anchor loss: 0.0355, VFL train accuracy: 1.0000
2026-04-09 23:31:01,246 - Epoch: 40, 231/274: VFL loss: 0.0002, total loss: 0.0356, anchor loss: 0.0355, VFL train accuracy: 1.0000
2026-04-09 23:31:01,624 - Epoch: 40, 241/274: VFL loss: 0.0002, total loss: 0.0356, anchor loss: 0.0355, VFL train accuracy: 1.0000
2026-04-09 23:31:01,997 - Epoch: 40, 251/274: VFL loss: 0.0002, total loss: 0.0356, anchor loss: 0.0355, VFL train accuracy: 1.0000
2026-04-09 23:31:02,359 - Epoch: 40, 261/274: VFL loss: 0.0002, total loss: 0.0356, anchor loss: 0.0355, VFL train accuracy: 1.0000
2026-04-09 23:31:02,717 - Epoch: 40, 271/274: VFL loss: 0.0002, total loss: 0.0357, anchor loss: 0.0355, VFL train accuracy: 1.0000
2026-04-09 23:31:02,838 - => Recorded Stage 2 client anchor losses for epoch 40 to './results/AVGuard/Fourclient/NUSWIDE/ema_scan/lambda_1.0_ema_0.990\stage2_final_epoch_client_anchor_losses.json': {0: 0.016561, 1: 0.042356, 2: 0.035384, 3: 0.04775}
2026-04-09 23:31:02,847 - => Stage 2 EMA anchor update applied at epoch 40 with momentum 0.9900: updated classes per client {0: 5, 1: 5, 2: 5, 3: 5}
2026-04-09 23:31:02,847 - => Stage 2 Epoch 40 Training Summary: VFL loss: 0.0002, total loss: 0.0357, anchor loss: 0.0355, VFL train accuracy: 1.0000
2026-04-09 23:31:02,847 - => Test ASR...
2026-04-09 23:31:02,952 - =>Add Trigger to Test Data
2026-04-09 23:31:06,382 - Add Trigger to 37064 Bad Samples, 9629 Clean Samples (1.00)
2026-04-09 23:31:18,703 - => Test Epoch: 40, main task samples: 46693, attack samples: 46693, test loss: 1.4820, clean acc: 0.6158, Top-4: 0.9954, ASR: 0.3807, RAC: 0.4835, test target accuracy: 0.8857, stage3 final accuracy: 0.6158, stage3 final target accuracy: 0.6145, stage3 final asr: 0.3807, anchor loss: 0.0508
2026-04-09 23:31:18,703 - => Stage 3 Detection Summary: recall: 0.6191, precision: 0.0478, f1: 0.0888, false positive rate: 0.4123, correction rate: 0.3474
2026-04-09 23:31:18,703 - => Stage 3 Debug (clean): suspicious=19251/46693, correction_applied=19220, prediction_changed=19220, skipped_tied_vote=0, skipped_low_margin=0, skipped_other=31
2026-04-09 23:31:18,704 - => Stage 3 Debug (poison-valid): suspicious=20941/37064, correction_applied=20939, prediction_changed=20939, skipped_tied_vote=0, skipped_low_margin=0, skipped_other=2
2026-04-09 23:31:18,704 - => Stage 3 Debug (attack-success): suspicious=1923/3106, correction_applied=1921, prediction_changed=1921, corrected_to_true=1079
2026-04-09 23:31:18,775 - => End Epoch: 40, early stop epochs: 39, best epoch: 1, best clean acc: 0.5958, best Top-4: 0.9966, best ASR: 0.3617, best RAC: 0.5316, anchor loss: 0.0782
2026-04-09 23:31:18,775 - => Stage 3 Detection Summary: recall: 0.8058, precision: 0.1637, f1: 0.2721, false positive rate: 0.4207, correction rate: 0.5522
2026-04-09 23:31:18,818 - => LFBA current anchor-derived target label: 3
2026-04-09 23:31:18,896 - =>Add Trigger to Train Data
2026-04-09 23:31:19,264 - Add Trigger to 6996 Bad Samples, 62970 Clean Samples (0.10)
2026-04-09 23:31:19,267 - => Start Training for Injecting Backdoor...
2026-04-09 23:31:19,322 - Epoch: 41, 1/274: VFL loss: 0.0001, total loss: 0.0312, anchor loss: 0.0311, VFL train accuracy: 1.0000
2026-04-09 23:31:20,013 - Epoch: 41, 11/274: VFL loss: 0.0001, total loss: 0.0356, anchor loss: 0.0356, VFL train accuracy: 1.0000
2026-04-09 23:31:20,390 - Epoch: 41, 21/274: VFL loss: 0.0001, total loss: 0.0351, anchor loss: 0.0350, VFL train accuracy: 1.0000
2026-04-09 23:31:20,812 - Epoch: 41, 31/274: VFL loss: 0.0001, total loss: 0.0347, anchor loss: 0.0346, VFL train accuracy: 1.0000
2026-04-09 23:31:21,204 - Epoch: 41, 41/274: VFL loss: 0.0001, total loss: 0.0349, anchor loss: 0.0348, VFL train accuracy: 1.0000
2026-04-09 23:31:21,570 - Epoch: 41, 51/274: VFL loss: 0.0001, total loss: 0.0351, anchor loss: 0.0349, VFL train accuracy: 1.0000
2026-04-09 23:31:21,965 - Epoch: 41, 61/274: VFL loss: 0.0001, total loss: 0.0351, anchor loss: 0.0349, VFL train accuracy: 1.0000
2026-04-09 23:31:22,347 - Epoch: 41, 71/274: VFL loss: 0.0001, total loss: 0.0350, anchor loss: 0.0349, VFL train accuracy: 1.0000
2026-04-09 23:31:22,704 - Epoch: 41, 81/274: VFL loss: 0.0001, total loss: 0.0351, anchor loss: 0.0350, VFL train accuracy: 1.0000
2026-04-09 23:31:23,095 - Epoch: 41, 91/274: VFL loss: 0.0001, total loss: 0.0350, anchor loss: 0.0349, VFL train accuracy: 1.0000
2026-04-09 23:31:23,456 - Epoch: 41, 101/274: VFL loss: 0.0001, total loss: 0.0350, anchor loss: 0.0349, VFL train accuracy: 1.0000
2026-04-09 23:31:23,825 - Epoch: 41, 111/274: VFL loss: 0.0001, total loss: 0.0350, anchor loss: 0.0349, VFL train accuracy: 1.0000
2026-04-09 23:31:24,215 - Epoch: 41, 121/274: VFL loss: 0.0001, total loss: 0.0350, anchor loss: 0.0349, VFL train accuracy: 1.0000
2026-04-09 23:31:24,582 - Epoch: 41, 131/274: VFL loss: 0.0001, total loss: 0.0350, anchor loss: 0.0349, VFL train accuracy: 1.0000
2026-04-09 23:31:24,979 - Epoch: 41, 141/274: VFL loss: 0.0001, total loss: 0.0350, anchor loss: 0.0349, VFL train accuracy: 1.0000
2026-04-09 23:31:25,360 - Epoch: 41, 151/274: VFL loss: 0.0001, total loss: 0.0350, anchor loss: 0.0349, VFL train accuracy: 1.0000
2026-04-09 23:31:25,720 - Epoch: 41, 161/274: VFL loss: 0.0001, total loss: 0.0351, anchor loss: 0.0350, VFL train accuracy: 1.0000
2026-04-09 23:31:26,100 - Epoch: 41, 171/274: VFL loss: 0.0001, total loss: 0.0351, anchor loss: 0.0350, VFL train accuracy: 1.0000
2026-04-09 23:31:26,489 - Epoch: 41, 181/274: VFL loss: 0.0001, total loss: 0.0350, anchor loss: 0.0349, VFL train accuracy: 1.0000
2026-04-09 23:31:26,852 - Epoch: 41, 191/274: VFL loss: 0.0001, total loss: 0.0350, anchor loss: 0.0349, VFL train accuracy: 1.0000
2026-04-09 23:31:27,269 - Epoch: 41, 201/274: VFL loss: 0.0001, total loss: 0.0350, anchor loss: 0.0349, VFL train accuracy: 1.0000
2026-04-09 23:31:27,680 - Epoch: 41, 211/274: VFL loss: 0.0001, total loss: 0.0350, anchor loss: 0.0349, VFL train accuracy: 1.0000
2026-04-09 23:31:28,068 - Epoch: 41, 221/274: VFL loss: 0.0001, total loss: 0.0351, anchor loss: 0.0350, VFL train accuracy: 1.0000
2026-04-09 23:31:28,464 - Epoch: 41, 231/274: VFL loss: 0.0001, total loss: 0.0351, anchor loss: 0.0350, VFL train accuracy: 1.0000
2026-04-09 23:31:28,827 - Epoch: 41, 241/274: VFL loss: 0.0001, total loss: 0.0350, anchor loss: 0.0349, VFL train accuracy: 1.0000
2026-04-09 23:31:29,197 - Epoch: 41, 251/274: VFL loss: 0.0001, total loss: 0.0350, anchor loss: 0.0349, VFL train accuracy: 1.0000
2026-04-09 23:31:29,561 - Epoch: 41, 261/274: VFL loss: 0.0001, total loss: 0.0350, anchor loss: 0.0349, VFL train accuracy: 1.0000
2026-04-09 23:31:29,941 - Epoch: 41, 271/274: VFL loss: 0.0001, total loss: 0.0351, anchor loss: 0.0349, VFL train accuracy: 1.0000
2026-04-09 23:31:30,065 - => Recorded Stage 2 client anchor losses for epoch 41 to './results/AVGuard/Fourclient/NUSWIDE/ema_scan/lambda_1.0_ema_0.990\stage2_final_epoch_client_anchor_losses.json': {0: 0.016123, 1: 0.041694, 2: 0.034852, 3: 0.047089}
2026-04-09 23:31:30,076 - => Stage 2 EMA anchor update applied at epoch 41 with momentum 0.9900: updated classes per client {0: 5, 1: 5, 2: 5, 3: 5}
2026-04-09 23:31:30,076 - => Stage 2 Epoch 41 Training Summary: VFL loss: 0.0001, total loss: 0.0351, anchor loss: 0.0349, VFL train accuracy: 1.0000
2026-04-09 23:31:30,076 - => Test ASR...
2026-04-09 23:31:30,178 - =>Add Trigger to Test Data
2026-04-09 23:31:33,503 - Add Trigger to 37064 Bad Samples, 9629 Clean Samples (1.00)
2026-04-09 23:31:46,052 - => Test Epoch: 41, main task samples: 46693, attack samples: 46693, test loss: 1.4848, clean acc: 0.6157, Top-4: 0.9954, ASR: 0.3794, RAC: 0.4831, test target accuracy: 0.8845, stage3 final accuracy: 0.6157, stage3 final target accuracy: 0.6127, stage3 final asr: 0.3794, anchor loss: 0.0504
2026-04-09 23:31:46,052 - => Stage 3 Detection Summary: recall: 0.6182, precision: 0.0471, f1: 0.0876, false positive rate: 0.4119, correction rate: 0.3452
2026-04-09 23:31:46,052 - => Stage 3 Debug (clean): suspicious=19233/46693, correction_applied=19200, prediction_changed=19200, skipped_tied_vote=0, skipped_low_margin=0, skipped_other=33
2026-04-09 23:31:46,052 - => Stage 3 Debug (poison-valid): suspicious=20936/37064, correction_applied=20932, prediction_changed=20932, skipped_tied_vote=0, skipped_low_margin=0, skipped_other=4
2026-04-09 23:31:46,053 - => Stage 3 Debug (attack-success): suspicious=1893/3062, correction_applied=1889, prediction_changed=1889, corrected_to_true=1057
2026-04-09 23:31:46,126 - => End Epoch: 41, early stop epochs: 40, best epoch: 1, best clean acc: 0.5958, best Top-4: 0.9966, best ASR: 0.3617, best RAC: 0.5316, anchor loss: 0.0782
2026-04-09 23:31:46,126 - => Stage 3 Detection Summary: recall: 0.8058, precision: 0.1637, f1: 0.2721, false positive rate: 0.4207, correction rate: 0.5522
2026-04-09 23:31:46,162 - => LFBA current anchor-derived target label: 3
2026-04-09 23:31:46,240 - =>Add Trigger to Train Data
2026-04-09 23:31:46,620 - Add Trigger to 6996 Bad Samples, 62970 Clean Samples (0.10)
2026-04-09 23:31:46,623 - => Start Training for Injecting Backdoor...
2026-04-09 23:31:46,682 - Epoch: 42, 1/274: VFL loss: 0.0001, total loss: 0.0386, anchor loss: 0.0385, VFL train accuracy: 1.0000
2026-04-09 23:31:47,316 - Epoch: 42, 11/274: VFL loss: 0.0001, total loss: 0.0351, anchor loss: 0.0350, VFL train accuracy: 1.0000
2026-04-09 23:31:47,705 - Epoch: 42, 21/274: VFL loss: 0.0001, total loss: 0.0345, anchor loss: 0.0344, VFL train accuracy: 1.0000
2026-04-09 23:31:48,089 - Epoch: 42, 31/274: VFL loss: 0.0001, total loss: 0.0343, anchor loss: 0.0342, VFL train accuracy: 1.0000
2026-04-09 23:31:48,471 - Epoch: 42, 41/274: VFL loss: 0.0001, total loss: 0.0346, anchor loss: 0.0345, VFL train accuracy: 1.0000
2026-04-09 23:31:48,845 - Epoch: 42, 51/274: VFL loss: 0.0001, total loss: 0.0345, anchor loss: 0.0344, VFL train accuracy: 1.0000
2026-04-09 23:31:49,222 - Epoch: 42, 61/274: VFL loss: 0.0001, total loss: 0.0346, anchor loss: 0.0345, VFL train accuracy: 1.0000
2026-04-09 23:31:49,594 - Epoch: 42, 71/274: VFL loss: 0.0001, total loss: 0.0346, anchor loss: 0.0345, VFL train accuracy: 1.0000
2026-04-09 23:31:49,967 - Epoch: 42, 81/274: VFL loss: 0.0001, total loss: 0.0347, anchor loss: 0.0346, VFL train accuracy: 1.0000
2026-04-09 23:31:50,352 - Epoch: 42, 91/274: VFL loss: 0.0001, total loss: 0.0348, anchor loss: 0.0347, VFL train accuracy: 1.0000
2026-04-09 23:31:50,761 - Epoch: 42, 101/274: VFL loss: 0.0001, total loss: 0.0347, anchor loss: 0.0346, VFL train accuracy: 1.0000
2026-04-09 23:31:51,160 - Epoch: 42, 111/274: VFL loss: 0.0001, total loss: 0.0348, anchor loss: 0.0347, VFL train accuracy: 1.0000
2026-04-09 23:31:51,537 - Epoch: 42, 121/274: VFL loss: 0.0001, total loss: 0.0347, anchor loss: 0.0346, VFL train accuracy: 1.0000
2026-04-09 23:31:51,910 - Epoch: 42, 131/274: VFL loss: 0.0001, total loss: 0.0347, anchor loss: 0.0346, VFL train accuracy: 1.0000
2026-04-09 23:31:52,292 - Epoch: 42, 141/274: VFL loss: 0.0001, total loss: 0.0347, anchor loss: 0.0346, VFL train accuracy: 1.0000
2026-04-09 23:31:52,678 - Epoch: 42, 151/274: VFL loss: 0.0001, total loss: 0.0347, anchor loss: 0.0346, VFL train accuracy: 1.0000
2026-04-09 23:31:53,072 - Epoch: 42, 161/274: VFL loss: 0.0001, total loss: 0.0347, anchor loss: 0.0346, VFL train accuracy: 1.0000
2026-04-09 23:31:53,442 - Epoch: 42, 171/274: VFL loss: 0.0001, total loss: 0.0347, anchor loss: 0.0346, VFL train accuracy: 1.0000
2026-04-09 23:31:53,837 - Epoch: 42, 181/274: VFL loss: 0.0001, total loss: 0.0347, anchor loss: 0.0345, VFL train accuracy: 1.0000
2026-04-09 23:31:54,196 - Epoch: 42, 191/274: VFL loss: 0.0001, total loss: 0.0347, anchor loss: 0.0345, VFL train accuracy: 1.0000
2026-04-09 23:31:54,574 - Epoch: 42, 201/274: VFL loss: 0.0001, total loss: 0.0347, anchor loss: 0.0346, VFL train accuracy: 1.0000
2026-04-09 23:31:54,960 - Epoch: 42, 211/274: VFL loss: 0.0001, total loss: 0.0347, anchor loss: 0.0345, VFL train accuracy: 1.0000
2026-04-09 23:31:55,348 - Epoch: 42, 221/274: VFL loss: 0.0001, total loss: 0.0347, anchor loss: 0.0345, VFL train accuracy: 1.0000
2026-04-09 23:31:55,734 - Epoch: 42, 231/274: VFL loss: 0.0001, total loss: 0.0347, anchor loss: 0.0345, VFL train accuracy: 1.0000
2026-04-09 23:31:56,122 - Epoch: 42, 241/274: VFL loss: 0.0001, total loss: 0.0347, anchor loss: 0.0345, VFL train accuracy: 1.0000
2026-04-09 23:31:56,495 - Epoch: 42, 251/274: VFL loss: 0.0001, total loss: 0.0347, anchor loss: 0.0346, VFL train accuracy: 1.0000
2026-04-09 23:31:56,877 - Epoch: 42, 261/274: VFL loss: 0.0001, total loss: 0.0347, anchor loss: 0.0346, VFL train accuracy: 1.0000
2026-04-09 23:31:57,275 - Epoch: 42, 271/274: VFL loss: 0.0001, total loss: 0.0347, anchor loss: 0.0346, VFL train accuracy: 1.0000
2026-04-09 23:31:57,397 - => Recorded Stage 2 client anchor losses for epoch 42 to './results/AVGuard/Fourclient/NUSWIDE/ema_scan/lambda_1.0_ema_0.990\stage2_final_epoch_client_anchor_losses.json': {0: 0.016057, 1: 0.041263, 2: 0.034429, 3: 0.046581}
2026-04-09 23:31:57,405 - => Stage 2 EMA anchor update applied at epoch 42 with momentum 0.9900: updated classes per client {0: 5, 1: 5, 2: 5, 3: 5}
2026-04-09 23:31:57,405 - => Stage 2 Epoch 42 Training Summary: VFL loss: 0.0001, total loss: 0.0347, anchor loss: 0.0346, VFL train accuracy: 1.0000
2026-04-09 23:31:57,407 - => Test ASR...
2026-04-09 23:31:57,517 - =>Add Trigger to Test Data
2026-04-09 23:32:00,789 - Add Trigger to 37064 Bad Samples, 9629 Clean Samples (1.00)
2026-04-09 23:32:13,216 - => Test Epoch: 42, main task samples: 46693, attack samples: 46693, test loss: 1.4877, clean acc: 0.6157, Top-4: 0.9953, ASR: 0.3800, RAC: 0.4830, test target accuracy: 0.8847, stage3 final accuracy: 0.6157, stage3 final target accuracy: 0.6139, stage3 final asr: 0.3800, anchor loss: 0.0500
2026-04-09 23:32:13,216 - => Stage 3 Detection Summary: recall: 0.6172, precision: 0.0470, f1: 0.0873, false positive rate: 0.4121, correction rate: 0.3446
2026-04-09 23:32:13,216 - => Stage 3 Debug (clean): suspicious=19240/46693, correction_applied=19210, prediction_changed=19210, skipped_tied_vote=0, skipped_low_margin=0, skipped_other=30
2026-04-09 23:32:13,216 - => Stage 3 Debug (poison-valid): suspicious=20941/37064, correction_applied=20936, prediction_changed=20936, skipped_tied_vote=0, skipped_low_margin=0, skipped_other=5
2026-04-09 23:32:13,217 - => Stage 3 Debug (attack-success): suspicious=1888/3059, correction_applied=1884, prediction_changed=1884, corrected_to_true=1054
2026-04-09 23:32:13,296 - => End Epoch: 42, early stop epochs: 41, best epoch: 1, best clean acc: 0.5958, best Top-4: 0.9966, best ASR: 0.3617, best RAC: 0.5316, anchor loss: 0.0782
2026-04-09 23:32:13,297 - => Stage 3 Detection Summary: recall: 0.8058, precision: 0.1637, f1: 0.2721, false positive rate: 0.4207, correction rate: 0.5522
2026-04-09 23:32:13,340 - => LFBA current anchor-derived target label: 3
2026-04-09 23:32:13,420 - =>Add Trigger to Train Data
2026-04-09 23:32:13,796 - Add Trigger to 6996 Bad Samples, 62970 Clean Samples (0.10)
2026-04-09 23:32:13,799 - => Start Training for Injecting Backdoor...
2026-04-09 23:32:13,852 - Epoch: 43, 1/274: VFL loss: 0.0003, total loss: 0.0359, anchor loss: 0.0356, VFL train accuracy: 1.0000
2026-04-09 23:32:14,528 - Epoch: 43, 11/274: VFL loss: 0.0001, total loss: 0.0349, anchor loss: 0.0347, VFL train accuracy: 1.0000
2026-04-09 23:32:14,926 - Epoch: 43, 21/274: VFL loss: 0.0001, total loss: 0.0348, anchor loss: 0.0347, VFL train accuracy: 1.0000
2026-04-09 23:32:15,304 - Epoch: 43, 31/274: VFL loss: 0.0001, total loss: 0.0346, anchor loss: 0.0345, VFL train accuracy: 1.0000
2026-04-09 23:32:15,670 - Epoch: 43, 41/274: VFL loss: 0.0001, total loss: 0.0349, anchor loss: 0.0348, VFL train accuracy: 1.0000
2026-04-09 23:32:16,090 - Epoch: 43, 51/274: VFL loss: 0.0001, total loss: 0.0346, anchor loss: 0.0345, VFL train accuracy: 1.0000
2026-04-09 23:32:16,478 - Epoch: 43, 61/274: VFL loss: 0.0001, total loss: 0.0346, anchor loss: 0.0345, VFL train accuracy: 1.0000
2026-04-09 23:32:16,857 - Epoch: 43, 71/274: VFL loss: 0.0001, total loss: 0.0345, anchor loss: 0.0344, VFL train accuracy: 1.0000
2026-04-09 23:32:17,275 - Epoch: 43, 81/274: VFL loss: 0.0001, total loss: 0.0344, anchor loss: 0.0343, VFL train accuracy: 1.0000
2026-04-09 23:32:17,731 - Epoch: 43, 91/274: VFL loss: 0.0001, total loss: 0.0344, anchor loss: 0.0343, VFL train accuracy: 1.0000
2026-04-09 23:32:18,154 - Epoch: 43, 101/274: VFL loss: 0.0001, total loss: 0.0344, anchor loss: 0.0343, VFL train accuracy: 1.0000
2026-04-09 23:32:18,549 - Epoch: 43, 111/274: VFL loss: 0.0001, total loss: 0.0343, anchor loss: 0.0342, VFL train accuracy: 1.0000
2026-04-09 23:32:18,964 - Epoch: 43, 121/274: VFL loss: 0.0001, total loss: 0.0343, anchor loss: 0.0342, VFL train accuracy: 1.0000
2026-04-09 23:32:19,364 - Epoch: 43, 131/274: VFL loss: 0.0001, total loss: 0.0344, anchor loss: 0.0343, VFL train accuracy: 1.0000
2026-04-09 23:32:19,742 - Epoch: 43, 141/274: VFL loss: 0.0001, total loss: 0.0345, anchor loss: 0.0344, VFL train accuracy: 1.0000
2026-04-09 23:32:20,114 - Epoch: 43, 151/274: VFL loss: 0.0001, total loss: 0.0345, anchor loss: 0.0344, VFL train accuracy: 1.0000
2026-04-09 23:32:20,491 - Epoch: 43, 161/274: VFL loss: 0.0001, total loss: 0.0345, anchor loss: 0.0344, VFL train accuracy: 1.0000
2026-04-09 23:32:20,871 - Epoch: 43, 171/274: VFL loss: 0.0001, total loss: 0.0345, anchor loss: 0.0344, VFL train accuracy: 1.0000
2026-04-09 23:32:21,253 - Epoch: 43, 181/274: VFL loss: 0.0001, total loss: 0.0345, anchor loss: 0.0344, VFL train accuracy: 1.0000
2026-04-09 23:32:21,619 - Epoch: 43, 191/274: VFL loss: 0.0001, total loss: 0.0345, anchor loss: 0.0344, VFL train accuracy: 1.0000
2026-04-09 23:32:22,018 - Epoch: 43, 201/274: VFL loss: 0.0001, total loss: 0.0345, anchor loss: 0.0344, VFL train accuracy: 1.0000
2026-04-09 23:32:22,421 - Epoch: 43, 211/274: VFL loss: 0.0001, total loss: 0.0344, anchor loss: 0.0343, VFL train accuracy: 1.0000
2026-04-09 23:32:22,797 - Epoch: 43, 221/274: VFL loss: 0.0001, total loss: 0.0344, anchor loss: 0.0343, VFL train accuracy: 1.0000
2026-04-09 23:32:23,188 - Epoch: 43, 231/274: VFL loss: 0.0001, total loss: 0.0344, anchor loss: 0.0342, VFL train accuracy: 1.0000
2026-04-09 23:32:23,562 - Epoch: 43, 241/274: VFL loss: 0.0001, total loss: 0.0344, anchor loss: 0.0343, VFL train accuracy: 1.0000
2026-04-09 23:32:23,949 - Epoch: 43, 251/274: VFL loss: 0.0001, total loss: 0.0344, anchor loss: 0.0342, VFL train accuracy: 1.0000
2026-04-09 23:32:24,314 - Epoch: 43, 261/274: VFL loss: 0.0001, total loss: 0.0344, anchor loss: 0.0343, VFL train accuracy: 1.0000
2026-04-09 23:32:24,718 - Epoch: 43, 271/274: VFL loss: 0.0001, total loss: 0.0344, anchor loss: 0.0342, VFL train accuracy: 1.0000
2026-04-09 23:32:24,846 - => Recorded Stage 2 client anchor losses for epoch 43 to './results/AVGuard/Fourclient/NUSWIDE/ema_scan/lambda_1.0_ema_0.990\stage2_final_epoch_client_anchor_losses.json': {0: 0.015991, 1: 0.040842, 2: 0.034016, 3: 0.046115}
2026-04-09 23:32:24,858 - => Stage 2 EMA anchor update applied at epoch 43 with momentum 0.9900: updated classes per client {0: 5, 1: 5, 2: 5, 3: 5}
2026-04-09 23:32:24,858 - => Stage 2 Epoch 43 Training Summary: VFL loss: 0.0001, total loss: 0.0343, anchor loss: 0.0342, VFL train accuracy: 1.0000
2026-04-09 23:32:24,858 - => Test ASR...
2026-04-09 23:32:24,965 - =>Add Trigger to Test Data
2026-04-09 23:32:28,601 - Add Trigger to 37064 Bad Samples, 9629 Clean Samples (1.00)
2026-04-09 23:32:41,157 - => Test Epoch: 43, main task samples: 46693, attack samples: 46693, test loss: 1.4904, clean acc: 0.6160, Top-4: 0.9953, ASR: 0.3795, RAC: 0.4828, test target accuracy: 0.8838, stage3 final accuracy: 0.6160, stage3 final target accuracy: 0.6130, stage3 final asr: 0.3795, anchor loss: 0.0496
2026-04-09 23:32:41,157 - => Stage 3 Detection Summary: recall: 0.6168, precision: 0.0463, f1: 0.0861, false positive rate: 0.4121, correction rate: 0.3431
2026-04-09 23:32:41,157 - => Stage 3 Debug (clean): suspicious=19243/46693, correction_applied=19205, prediction_changed=19205, skipped_tied_vote=0, skipped_low_margin=0, skipped_other=38
2026-04-09 23:32:41,157 - => Stage 3 Debug (poison-valid): suspicious=20946/37064, correction_applied=20945, prediction_changed=20945, skipped_tied_vote=0, skipped_low_margin=0, skipped_other=1
2026-04-09 23:32:41,157 - => Stage 3 Debug (attack-success): suspicious=1861/3017, correction_applied=1860, prediction_changed=1860, corrected_to_true=1035
2026-04-09 23:32:41,233 - => End Epoch: 43, early stop epochs: 42, best epoch: 1, best clean acc: 0.5958, best Top-4: 0.9966, best ASR: 0.3617, best RAC: 0.5316, anchor loss: 0.0782
2026-04-09 23:32:41,233 - => Stage 3 Detection Summary: recall: 0.8058, precision: 0.1637, f1: 0.2721, false positive rate: 0.4207, correction rate: 0.5522
2026-04-09 23:32:41,271 - => LFBA current anchor-derived target label: 3
2026-04-09 23:32:41,348 - =>Add Trigger to Train Data
2026-04-09 23:32:41,695 - Add Trigger to 6996 Bad Samples, 62970 Clean Samples (0.10)
2026-04-09 23:32:41,698 - => Start Training for Injecting Backdoor...
2026-04-09 23:32:41,757 - Epoch: 44, 1/274: VFL loss: 0.0003, total loss: 0.0321, anchor loss: 0.0318, VFL train accuracy: 1.0000
2026-04-09 23:32:42,446 - Epoch: 44, 11/274: VFL loss: 0.0001, total loss: 0.0339, anchor loss: 0.0338, VFL train accuracy: 1.0000
2026-04-09 23:32:42,845 - Epoch: 44, 21/274: VFL loss: 0.0001, total loss: 0.0339, anchor loss: 0.0338, VFL train accuracy: 1.0000
2026-04-09 23:32:43,241 - Epoch: 44, 31/274: VFL loss: 0.0001, total loss: 0.0339, anchor loss: 0.0338, VFL train accuracy: 1.0000
2026-04-09 23:32:43,625 - Epoch: 44, 41/274: VFL loss: 0.0001, total loss: 0.0341, anchor loss: 0.0340, VFL train accuracy: 1.0000
2026-04-09 23:32:44,033 - Epoch: 44, 51/274: VFL loss: 0.0001, total loss: 0.0340, anchor loss: 0.0339, VFL train accuracy: 1.0000
2026-04-09 23:32:44,399 - Epoch: 44, 61/274: VFL loss: 0.0001, total loss: 0.0340, anchor loss: 0.0339, VFL train accuracy: 1.0000
2026-04-09 23:32:44,778 - Epoch: 44, 71/274: VFL loss: 0.0001, total loss: 0.0339, anchor loss: 0.0338, VFL train accuracy: 1.0000
2026-04-09 23:32:45,160 - Epoch: 44, 81/274: VFL loss: 0.0001, total loss: 0.0339, anchor loss: 0.0338, VFL train accuracy: 1.0000
2026-04-09 23:32:45,525 - Epoch: 44, 91/274: VFL loss: 0.0001, total loss: 0.0340, anchor loss: 0.0339, VFL train accuracy: 1.0000
2026-04-09 23:32:45,901 - Epoch: 44, 101/274: VFL loss: 0.0001, total loss: 0.0340, anchor loss: 0.0339, VFL train accuracy: 1.0000
2026-04-09 23:32:46,260 - Epoch: 44, 111/274: VFL loss: 0.0001, total loss: 0.0341, anchor loss: 0.0340, VFL train accuracy: 1.0000
2026-04-09 23:32:46,632 - Epoch: 44, 121/274: VFL loss: 0.0001, total loss: 0.0341, anchor loss: 0.0340, VFL train accuracy: 1.0000
2026-04-09 23:32:47,020 - Epoch: 44, 131/274: VFL loss: 0.0001, total loss: 0.0341, anchor loss: 0.0340, VFL train accuracy: 1.0000
2026-04-09 23:32:47,383 - Epoch: 44, 141/274: VFL loss: 0.0001, total loss: 0.0340, anchor loss: 0.0339, VFL train accuracy: 1.0000
2026-04-09 23:32:47,753 - Epoch: 44, 151/274: VFL loss: 0.0001, total loss: 0.0340, anchor loss: 0.0339, VFL train accuracy: 1.0000
2026-04-09 23:32:48,139 - Epoch: 44, 161/274: VFL loss: 0.0001, total loss: 0.0340, anchor loss: 0.0339, VFL train accuracy: 1.0000
2026-04-09 23:32:48,519 - Epoch: 44, 171/274: VFL loss: 0.0001, total loss: 0.0340, anchor loss: 0.0339, VFL train accuracy: 1.0000
2026-04-09 23:32:48,894 - Epoch: 44, 181/274: VFL loss: 0.0001, total loss: 0.0340, anchor loss: 0.0339, VFL train accuracy: 1.0000
2026-04-09 23:32:49,260 - Epoch: 44, 191/274: VFL loss: 0.0001, total loss: 0.0341, anchor loss: 0.0339, VFL train accuracy: 1.0000
2026-04-09 23:32:49,615 - Epoch: 44, 201/274: VFL loss: 0.0001, total loss: 0.0341, anchor loss: 0.0340, VFL train accuracy: 1.0000
2026-04-09 23:32:49,994 - Epoch: 44, 211/274: VFL loss: 0.0001, total loss: 0.0341, anchor loss: 0.0340, VFL train accuracy: 1.0000
2026-04-09 23:32:50,406 - Epoch: 44, 221/274: VFL loss: 0.0001, total loss: 0.0340, anchor loss: 0.0339, VFL train accuracy: 1.0000
2026-04-09 23:32:50,843 - Epoch: 44, 231/274: VFL loss: 0.0001, total loss: 0.0340, anchor loss: 0.0339, VFL train accuracy: 1.0000
2026-04-09 23:32:51,238 - Epoch: 44, 241/274: VFL loss: 0.0001, total loss: 0.0340, anchor loss: 0.0339, VFL train accuracy: 1.0000
2026-04-09 23:32:51,649 - Epoch: 44, 251/274: VFL loss: 0.0001, total loss: 0.0340, anchor loss: 0.0339, VFL train accuracy: 1.0000
2026-04-09 23:32:52,049 - Epoch: 44, 261/274: VFL loss: 0.0001, total loss: 0.0340, anchor loss: 0.0339, VFL train accuracy: 1.0000
2026-04-09 23:32:52,411 - Epoch: 44, 271/274: VFL loss: 0.0001, total loss: 0.0340, anchor loss: 0.0339, VFL train accuracy: 1.0000
2026-04-09 23:32:52,538 - => Recorded Stage 2 client anchor losses for epoch 44 to './results/AVGuard/Fourclient/NUSWIDE/ema_scan/lambda_1.0_ema_0.990\stage2_final_epoch_client_anchor_losses.json': {0: 0.015924, 1: 0.040426, 2: 0.03361, 3: 0.045629}
2026-04-09 23:32:52,548 - => Stage 2 EMA anchor update applied at epoch 44 with momentum 0.9900: updated classes per client {0: 5, 1: 5, 2: 5, 3: 5}
2026-04-09 23:32:52,548 - => Stage 2 Epoch 44 Training Summary: VFL loss: 0.0001, total loss: 0.0340, anchor loss: 0.0339, VFL train accuracy: 1.0000
2026-04-09 23:32:52,549 - => Test ASR...
2026-04-09 23:32:52,655 - =>Add Trigger to Test Data
2026-04-09 23:32:55,987 - Add Trigger to 37064 Bad Samples, 9629 Clean Samples (1.00)
2026-04-09 23:33:08,290 - => Test Epoch: 44, main task samples: 46693, attack samples: 46693, test loss: 1.4943, clean acc: 0.6161, Top-4: 0.9952, ASR: 0.3790, RAC: 0.4828, test target accuracy: 0.8833, stage3 final accuracy: 0.6161, stage3 final target accuracy: 0.6123, stage3 final asr: 0.3790, anchor loss: 0.0493
2026-04-09 23:33:08,290 - => Stage 3 Detection Summary: recall: 0.6156, precision: 0.0459, f1: 0.0854, false positive rate: 0.4119, correction rate: 0.3410
2026-04-09 23:33:08,290 - => Stage 3 Debug (clean): suspicious=19235/46693, correction_applied=19200, prediction_changed=19200, skipped_tied_vote=0, skipped_low_margin=0, skipped_other=35
2026-04-09 23:33:08,291 - => Stage 3 Debug (poison-valid): suspicious=20939/37064, correction_applied=20937, prediction_changed=20937, skipped_tied_vote=0, skipped_low_margin=0, skipped_other=2
2026-04-09 23:33:08,291 - => Stage 3 Debug (attack-success): suspicious=1843/2994, correction_applied=1841, prediction_changed=1841, corrected_to_true=1021
2026-04-09 23:33:08,366 - => End Epoch: 44, early stop epochs: 43, best epoch: 1, best clean acc: 0.5958, best Top-4: 0.9966, best ASR: 0.3617, best RAC: 0.5316, anchor loss: 0.0782
2026-04-09 23:33:08,366 - => Stage 3 Detection Summary: recall: 0.8058, precision: 0.1637, f1: 0.2721, false positive rate: 0.4207, correction rate: 0.5522
2026-04-09 23:33:08,407 - => LFBA current anchor-derived target label: 3
2026-04-09 23:33:08,484 - =>Add Trigger to Train Data
2026-04-09 23:33:08,817 - Add Trigger to 6996 Bad Samples, 62970 Clean Samples (0.10)
2026-04-09 23:33:08,819 - => Start Training for Injecting Backdoor...
2026-04-09 23:33:08,877 - Epoch: 45, 1/274: VFL loss: 0.0001, total loss: 0.0321, anchor loss: 0.0320, VFL train accuracy: 1.0000
2026-04-09 23:33:09,483 - Epoch: 45, 11/274: VFL loss: 0.0001, total loss: 0.0341, anchor loss: 0.0339, VFL train accuracy: 1.0000
2026-04-09 23:33:09,847 - Epoch: 45, 21/274: VFL loss: 0.0001, total loss: 0.0340, anchor loss: 0.0339, VFL train accuracy: 1.0000
2026-04-09 23:33:10,218 - Epoch: 45, 31/274: VFL loss: 0.0001, total loss: 0.0338, anchor loss: 0.0337, VFL train accuracy: 1.0000
2026-04-09 23:33:10,580 - Epoch: 45, 41/274: VFL loss: 0.0001, total loss: 0.0337, anchor loss: 0.0335, VFL train accuracy: 1.0000
2026-04-09 23:33:10,938 - Epoch: 45, 51/274: VFL loss: 0.0001, total loss: 0.0336, anchor loss: 0.0335, VFL train accuracy: 1.0000
2026-04-09 23:33:11,320 - Epoch: 45, 61/274: VFL loss: 0.0001, total loss: 0.0337, anchor loss: 0.0335, VFL train accuracy: 1.0000
2026-04-09 23:33:11,718 - Epoch: 45, 71/274: VFL loss: 0.0001, total loss: 0.0338, anchor loss: 0.0337, VFL train accuracy: 1.0000
2026-04-09 23:33:12,091 - Epoch: 45, 81/274: VFL loss: 0.0001, total loss: 0.0337, anchor loss: 0.0336, VFL train accuracy: 1.0000
2026-04-09 23:33:12,450 - Epoch: 45, 91/274: VFL loss: 0.0001, total loss: 0.0335, anchor loss: 0.0334, VFL train accuracy: 1.0000
2026-04-09 23:33:12,858 - Epoch: 45, 101/274: VFL loss: 0.0002, total loss: 0.0336, anchor loss: 0.0334, VFL train accuracy: 1.0000
2026-04-09 23:33:13,264 - Epoch: 45, 111/274: VFL loss: 0.0001, total loss: 0.0335, anchor loss: 0.0334, VFL train accuracy: 1.0000
2026-04-09 23:33:13,627 - Epoch: 45, 121/274: VFL loss: 0.0001, total loss: 0.0335, anchor loss: 0.0334, VFL train accuracy: 1.0000
2026-04-09 23:33:14,010 - Epoch: 45, 131/274: VFL loss: 0.0001, total loss: 0.0336, anchor loss: 0.0334, VFL train accuracy: 1.0000
2026-04-09 23:33:14,368 - Epoch: 45, 141/274: VFL loss: 0.0001, total loss: 0.0336, anchor loss: 0.0334, VFL train accuracy: 1.0000
2026-04-09 23:33:14,732 - Epoch: 45, 151/274: VFL loss: 0.0001, total loss: 0.0336, anchor loss: 0.0335, VFL train accuracy: 1.0000
2026-04-09 23:33:15,108 - Epoch: 45, 161/274: VFL loss: 0.0001, total loss: 0.0337, anchor loss: 0.0335, VFL train accuracy: 1.0000
2026-04-09 23:33:15,476 - Epoch: 45, 171/274: VFL loss: 0.0001, total loss: 0.0337, anchor loss: 0.0335, VFL train accuracy: 1.0000
2026-04-09 23:33:15,855 - Epoch: 45, 181/274: VFL loss: 0.0001, total loss: 0.0336, anchor loss: 0.0335, VFL train accuracy: 1.0000
2026-04-09 23:33:16,236 - Epoch: 45, 191/274: VFL loss: 0.0001, total loss: 0.0337, anchor loss: 0.0336, VFL train accuracy: 1.0000
2026-04-09 23:33:16,615 - Epoch: 45, 201/274: VFL loss: 0.0001, total loss: 0.0337, anchor loss: 0.0335, VFL train accuracy: 1.0000
2026-04-09 23:33:16,994 - Epoch: 45, 211/274: VFL loss: 0.0001, total loss: 0.0337, anchor loss: 0.0335, VFL train accuracy: 1.0000
2026-04-09 23:33:17,365 - Epoch: 45, 221/274: VFL loss: 0.0001, total loss: 0.0337, anchor loss: 0.0336, VFL train accuracy: 1.0000
2026-04-09 23:33:17,747 - Epoch: 45, 231/274: VFL loss: 0.0001, total loss: 0.0337, anchor loss: 0.0336, VFL train accuracy: 1.0000
2026-04-09 23:33:18,129 - Epoch: 45, 241/274: VFL loss: 0.0001, total loss: 0.0337, anchor loss: 0.0336, VFL train accuracy: 1.0000
2026-04-09 23:33:18,493 - Epoch: 45, 251/274: VFL loss: 0.0001, total loss: 0.0337, anchor loss: 0.0336, VFL train accuracy: 1.0000
2026-04-09 23:33:18,866 - Epoch: 45, 261/274: VFL loss: 0.0001, total loss: 0.0337, anchor loss: 0.0336, VFL train accuracy: 1.0000
2026-04-09 23:33:19,241 - Epoch: 45, 271/274: VFL loss: 0.0001, total loss: 0.0337, anchor loss: 0.0336, VFL train accuracy: 1.0000
2026-04-09 23:33:19,378 - => Recorded Stage 2 client anchor losses for epoch 45 to './results/AVGuard/Fourclient/NUSWIDE/ema_scan/lambda_1.0_ema_0.990\stage2_final_epoch_client_anchor_losses.json': {0: 0.015855, 1: 0.040012, 2: 0.033211, 3: 0.045199}
2026-04-09 23:33:19,388 - => Stage 2 EMA anchor update applied at epoch 45 with momentum 0.9900: updated classes per client {0: 5, 1: 5, 2: 5, 3: 5}
2026-04-09 23:33:19,388 - => Stage 2 Epoch 45 Training Summary: VFL loss: 0.0001, total loss: 0.0337, anchor loss: 0.0336, VFL train accuracy: 1.0000
2026-04-09 23:33:19,388 - => Test ASR...
2026-04-09 23:33:19,494 - =>Add Trigger to Test Data
2026-04-09 23:33:22,783 - Add Trigger to 37064 Bad Samples, 9629 Clean Samples (1.00)
2026-04-09 23:33:35,229 - => Test Epoch: 45, main task samples: 46693, attack samples: 46693, test loss: 1.4984, clean acc: 0.6159, Top-4: 0.9952, ASR: 0.3806, RAC: 0.4821, test target accuracy: 0.8838, stage3 final accuracy: 0.6159, stage3 final target accuracy: 0.6137, stage3 final asr: 0.3806, anchor loss: 0.0489
2026-04-09 23:33:35,230 - => Stage 3 Detection Summary: recall: 0.6143, precision: 0.0458, f1: 0.0853, false positive rate: 0.4123, correction rate: 0.3401
2026-04-09 23:33:35,230 - => Stage 3 Debug (clean): suspicious=19251/46693, correction_applied=19215, prediction_changed=19215, skipped_tied_vote=0, skipped_low_margin=0, skipped_other=36
2026-04-09 23:33:35,230 - => Stage 3 Debug (poison-valid): suspicious=20973/37064, correction_applied=20972, prediction_changed=20972, skipped_tied_vote=0, skipped_low_margin=0, skipped_other=1
2026-04-09 23:33:35,230 - => Stage 3 Debug (attack-success): suspicious=1844/3002, correction_applied=1843, prediction_changed=1843, corrected_to_true=1021
2026-04-09 23:33:35,305 - => End Epoch: 45, early stop epochs: 44, best epoch: 1, best clean acc: 0.5958, best Top-4: 0.9966, best ASR: 0.3617, best RAC: 0.5316, anchor loss: 0.0782
2026-04-09 23:33:35,306 - => Stage 3 Detection Summary: recall: 0.8058, precision: 0.1637, f1: 0.2721, false positive rate: 0.4207, correction rate: 0.5522
2026-04-09 23:33:35,346 - => LFBA current anchor-derived target label: 3
2026-04-09 23:33:35,423 - =>Add Trigger to Train Data
2026-04-09 23:33:35,793 - Add Trigger to 6996 Bad Samples, 62970 Clean Samples (0.10)
2026-04-09 23:33:35,797 - => Start Training for Injecting Backdoor...
2026-04-09 23:33:35,850 - Epoch: 46, 1/274: VFL loss: 0.0001, total loss: 0.0344, anchor loss: 0.0343, VFL train accuracy: 1.0000
2026-04-09 23:33:36,479 - Epoch: 46, 11/274: VFL loss: 0.0001, total loss: 0.0330, anchor loss: 0.0329, VFL train accuracy: 1.0000
2026-04-09 23:33:36,862 - Epoch: 46, 21/274: VFL loss: 0.0001, total loss: 0.0332, anchor loss: 0.0331, VFL train accuracy: 1.0000
2026-04-09 23:33:37,214 - Epoch: 46, 31/274: VFL loss: 0.0001, total loss: 0.0331, anchor loss: 0.0330, VFL train accuracy: 1.0000
2026-04-09 23:33:37,578 - Epoch: 46, 41/274: VFL loss: 0.0001, total loss: 0.0331, anchor loss: 0.0330, VFL train accuracy: 1.0000
2026-04-09 23:33:37,953 - Epoch: 46, 51/274: VFL loss: 0.0001, total loss: 0.0331, anchor loss: 0.0330, VFL train accuracy: 1.0000
2026-04-09 23:33:38,333 - Epoch: 46, 61/274: VFL loss: 0.0001, total loss: 0.0331, anchor loss: 0.0330, VFL train accuracy: 1.0000
2026-04-09 23:33:38,736 - Epoch: 46, 71/274: VFL loss: 0.0001, total loss: 0.0331, anchor loss: 0.0330, VFL train accuracy: 1.0000
2026-04-09 23:33:39,118 - Epoch: 46, 81/274: VFL loss: 0.0001, total loss: 0.0331, anchor loss: 0.0330, VFL train accuracy: 1.0000
2026-04-09 23:33:39,494 - Epoch: 46, 91/274: VFL loss: 0.0001, total loss: 0.0331, anchor loss: 0.0330, VFL train accuracy: 1.0000
2026-04-09 23:33:39,861 - Epoch: 46, 101/274: VFL loss: 0.0001, total loss: 0.0331, anchor loss: 0.0330, VFL train accuracy: 1.0000
2026-04-09 23:33:40,247 - Epoch: 46, 111/274: VFL loss: 0.0001, total loss: 0.0332, anchor loss: 0.0331, VFL train accuracy: 1.0000
2026-04-09 23:33:40,621 - Epoch: 46, 121/274: VFL loss: 0.0001, total loss: 0.0332, anchor loss: 0.0331, VFL train accuracy: 1.0000
2026-04-09 23:33:41,011 - Epoch: 46, 131/274: VFL loss: 0.0001, total loss: 0.0333, anchor loss: 0.0331, VFL train accuracy: 1.0000
2026-04-09 23:33:41,379 - Epoch: 46, 141/274: VFL loss: 0.0001, total loss: 0.0333, anchor loss: 0.0331, VFL train accuracy: 1.0000
2026-04-09 23:33:41,759 - Epoch: 46, 151/274: VFL loss: 0.0001, total loss: 0.0333, anchor loss: 0.0331, VFL train accuracy: 1.0000
2026-04-09 23:33:42,160 - Epoch: 46, 161/274: VFL loss: 0.0001, total loss: 0.0333, anchor loss: 0.0332, VFL train accuracy: 1.0000
2026-04-09 23:33:42,594 - Epoch: 46, 171/274: VFL loss: 0.0001, total loss: 0.0334, anchor loss: 0.0332, VFL train accuracy: 1.0000
2026-04-09 23:33:42,998 - Epoch: 46, 181/274: VFL loss: 0.0001, total loss: 0.0334, anchor loss: 0.0333, VFL train accuracy: 1.0000
2026-04-09 23:33:43,381 - Epoch: 46, 191/274: VFL loss: 0.0001, total loss: 0.0334, anchor loss: 0.0333, VFL train accuracy: 1.0000
2026-04-09 23:33:43,774 - Epoch: 46, 201/274: VFL loss: 0.0001, total loss: 0.0334, anchor loss: 0.0332, VFL train accuracy: 1.0000
2026-04-09 23:33:44,146 - Epoch: 46, 211/274: VFL loss: 0.0001, total loss: 0.0333, anchor loss: 0.0332, VFL train accuracy: 1.0000
2026-04-09 23:33:44,521 - Epoch: 46, 221/274: VFL loss: 0.0001, total loss: 0.0333, anchor loss: 0.0332, VFL train accuracy: 1.0000
2026-04-09 23:33:44,891 - Epoch: 46, 231/274: VFL loss: 0.0001, total loss: 0.0333, anchor loss: 0.0332, VFL train accuracy: 1.0000
2026-04-09 23:33:45,286 - Epoch: 46, 241/274: VFL loss: 0.0001, total loss: 0.0333, anchor loss: 0.0332, VFL train accuracy: 1.0000
2026-04-09 23:33:45,651 - Epoch: 46, 251/274: VFL loss: 0.0001, total loss: 0.0333, anchor loss: 0.0332, VFL train accuracy: 1.0000
2026-04-09 23:33:46,036 - Epoch: 46, 261/274: VFL loss: 0.0001, total loss: 0.0333, anchor loss: 0.0332, VFL train accuracy: 1.0000
2026-04-09 23:33:46,409 - Epoch: 46, 271/274: VFL loss: 0.0001, total loss: 0.0333, anchor loss: 0.0332, VFL train accuracy: 1.0000
2026-04-09 23:33:46,533 - => Recorded Stage 2 client anchor losses for epoch 46 to './results/AVGuard/Fourclient/NUSWIDE/ema_scan/lambda_1.0_ema_0.990\stage2_final_epoch_client_anchor_losses.json': {0: 0.015784, 1: 0.039604, 2: 0.032818, 3: 0.044688}
2026-04-09 23:33:46,544 - => Stage 2 EMA anchor update applied at epoch 46 with momentum 0.9900: updated classes per client {0: 5, 1: 5, 2: 5, 3: 5}
2026-04-09 23:33:46,545 - => Stage 2 Epoch 46 Training Summary: VFL loss: 0.0001, total loss: 0.0333, anchor loss: 0.0332, VFL train accuracy: 1.0000
2026-04-09 23:33:46,545 - => Test ASR...
2026-04-09 23:33:46,648 - =>Add Trigger to Test Data
2026-04-09 23:33:49,860 - Add Trigger to 37064 Bad Samples, 9629 Clean Samples (1.00)
2026-04-09 23:34:02,113 - => Test Epoch: 46, main task samples: 46693, attack samples: 46693, test loss: 1.5032, clean acc: 0.6157, Top-4: 0.9952, ASR: 0.3796, RAC: 0.4829, test target accuracy: 0.8838, stage3 final accuracy: 0.6157, stage3 final target accuracy: 0.6137, stage3 final asr: 0.3796, anchor loss: 0.0485
2026-04-09 23:34:02,113 - => Stage 3 Detection Summary: recall: 0.6135, precision: 0.0457, f1: 0.0851, false positive rate: 0.4120, correction rate: 0.3411
2026-04-09 23:34:02,113 - => Stage 3 Debug (clean): suspicious=19237/46693, correction_applied=19199, prediction_changed=19199, skipped_tied_vote=0, skipped_low_margin=0, skipped_other=38
2026-04-09 23:34:02,113 - => Stage 3 Debug (poison-valid): suspicious=20941/37064, correction_applied=20940, prediction_changed=20940, skipped_tied_vote=0, skipped_low_margin=0, skipped_other=1
2026-04-09 23:34:02,113 - => Stage 3 Debug (attack-success): suspicious=1838/2996, correction_applied=1837, prediction_changed=1837, corrected_to_true=1022
2026-04-09 23:34:02,186 - => End Epoch: 46, early stop epochs: 45, best epoch: 1, best clean acc: 0.5958, best Top-4: 0.9966, best ASR: 0.3617, best RAC: 0.5316, anchor loss: 0.0782
2026-04-09 23:34:02,187 - => Stage 3 Detection Summary: recall: 0.8058, precision: 0.1637, f1: 0.2721, false positive rate: 0.4207, correction rate: 0.5522
2026-04-09 23:34:02,224 - => LFBA current anchor-derived target label: 3
2026-04-09 23:34:02,302 - =>Add Trigger to Train Data
2026-04-09 23:34:02,648 - Add Trigger to 6996 Bad Samples, 62970 Clean Samples (0.10)
2026-04-09 23:34:02,652 - => Start Training for Injecting Backdoor...
2026-04-09 23:34:02,706 - Epoch: 47, 1/274: VFL loss: 0.0002, total loss: 0.0315, anchor loss: 0.0313, VFL train accuracy: 1.0000
2026-04-09 23:34:03,326 - Epoch: 47, 11/274: VFL loss: 0.0001, total loss: 0.0340, anchor loss: 0.0339, VFL train accuracy: 1.0000
2026-04-09 23:34:03,690 - Epoch: 47, 21/274: VFL loss: 0.0001, total loss: 0.0336, anchor loss: 0.0335, VFL train accuracy: 1.0000
2026-04-09 23:34:04,074 - Epoch: 47, 31/274: VFL loss: 0.0001, total loss: 0.0330, anchor loss: 0.0329, VFL train accuracy: 1.0000
2026-04-09 23:34:04,457 - Epoch: 47, 41/274: VFL loss: 0.0001, total loss: 0.0331, anchor loss: 0.0330, VFL train accuracy: 1.0000
2026-04-09 23:34:04,802 - Epoch: 47, 51/274: VFL loss: 0.0001, total loss: 0.0330, anchor loss: 0.0329, VFL train accuracy: 1.0000
2026-04-09 23:34:05,183 - Epoch: 47, 61/274: VFL loss: 0.0001, total loss: 0.0331, anchor loss: 0.0330, VFL train accuracy: 1.0000
2026-04-09 23:34:05,549 - Epoch: 47, 71/274: VFL loss: 0.0001, total loss: 0.0332, anchor loss: 0.0330, VFL train accuracy: 1.0000
2026-04-09 23:34:05,926 - Epoch: 47, 81/274: VFL loss: 0.0001, total loss: 0.0330, anchor loss: 0.0329, VFL train accuracy: 1.0000
2026-04-09 23:34:06,286 - Epoch: 47, 91/274: VFL loss: 0.0001, total loss: 0.0330, anchor loss: 0.0328, VFL train accuracy: 1.0000
2026-04-09 23:34:06,670 - Epoch: 47, 101/274: VFL loss: 0.0001, total loss: 0.0330, anchor loss: 0.0329, VFL train accuracy: 1.0000
2026-04-09 23:34:07,059 - Epoch: 47, 111/274: VFL loss: 0.0001, total loss: 0.0330, anchor loss: 0.0329, VFL train accuracy: 1.0000
2026-04-09 23:34:07,420 - Epoch: 47, 121/274: VFL loss: 0.0001, total loss: 0.0330, anchor loss: 0.0329, VFL train accuracy: 1.0000
2026-04-09 23:34:07,783 - Epoch: 47, 131/274: VFL loss: 0.0001, total loss: 0.0330, anchor loss: 0.0329, VFL train accuracy: 1.0000
2026-04-09 23:34:08,191 - Epoch: 47, 141/274: VFL loss: 0.0001, total loss: 0.0330, anchor loss: 0.0329, VFL train accuracy: 1.0000
2026-04-09 23:34:08,572 - Epoch: 47, 151/274: VFL loss: 0.0001, total loss: 0.0330, anchor loss: 0.0329, VFL train accuracy: 1.0000
2026-04-09 23:34:08,971 - Epoch: 47, 161/274: VFL loss: 0.0001, total loss: 0.0329, anchor loss: 0.0328, VFL train accuracy: 1.0000
2026-04-09 23:34:09,333 - Epoch: 47, 171/274: VFL loss: 0.0001, total loss: 0.0329, anchor loss: 0.0328, VFL train accuracy: 1.0000
2026-04-09 23:34:09,696 - Epoch: 47, 181/274: VFL loss: 0.0001, total loss: 0.0330, anchor loss: 0.0329, VFL train accuracy: 1.0000
2026-04-09 23:34:10,083 - Epoch: 47, 191/274: VFL loss: 0.0001, total loss: 0.0330, anchor loss: 0.0329, VFL train accuracy: 1.0000
2026-04-09 23:34:10,449 - Epoch: 47, 201/274: VFL loss: 0.0001, total loss: 0.0330, anchor loss: 0.0329, VFL train accuracy: 1.0000
2026-04-09 23:34:10,829 - Epoch: 47, 211/274: VFL loss: 0.0001, total loss: 0.0330, anchor loss: 0.0329, VFL train accuracy: 1.0000
2026-04-09 23:34:11,217 - Epoch: 47, 221/274: VFL loss: 0.0001, total loss: 0.0330, anchor loss: 0.0329, VFL train accuracy: 1.0000
2026-04-09 23:34:11,625 - Epoch: 47, 231/274: VFL loss: 0.0001, total loss: 0.0330, anchor loss: 0.0329, VFL train accuracy: 1.0000
2026-04-09 23:34:11,990 - Epoch: 47, 241/274: VFL loss: 0.0001, total loss: 0.0330, anchor loss: 0.0329, VFL train accuracy: 1.0000
2026-04-09 23:34:12,407 - Epoch: 47, 251/274: VFL loss: 0.0001, total loss: 0.0330, anchor loss: 0.0329, VFL train accuracy: 1.0000
2026-04-09 23:34:12,812 - Epoch: 47, 261/274: VFL loss: 0.0001, total loss: 0.0330, anchor loss: 0.0329, VFL train accuracy: 1.0000
2026-04-09 23:34:13,209 - Epoch: 47, 271/274: VFL loss: 0.0001, total loss: 0.0330, anchor loss: 0.0329, VFL train accuracy: 1.0000
2026-04-09 23:34:13,322 - => Recorded Stage 2 client anchor losses for epoch 47 to './results/AVGuard/Fourclient/NUSWIDE/ema_scan/lambda_1.0_ema_0.990\stage2_final_epoch_client_anchor_losses.json': {0: 0.015711, 1: 0.039198, 2: 0.032427, 3: 0.044274}
2026-04-09 23:34:13,333 - => Stage 2 EMA anchor update applied at epoch 47 with momentum 0.9900: updated classes per client {0: 5, 1: 5, 2: 5, 3: 5}
2026-04-09 23:34:13,333 - => Stage 2 Epoch 47 Training Summary: VFL loss: 0.0001, total loss: 0.0330, anchor loss: 0.0329, VFL train accuracy: 1.0000
2026-04-09 23:34:13,333 - => Test ASR...
2026-04-09 23:34:13,435 - =>Add Trigger to Test Data
2026-04-09 23:34:16,588 - Add Trigger to 37064 Bad Samples, 9629 Clean Samples (1.00)
2026-04-09 23:34:29,104 - => Test Epoch: 47, main task samples: 46693, attack samples: 46693, test loss: 1.5076, clean acc: 0.6158, Top-4: 0.9952, ASR: 0.3800, RAC: 0.4828, test target accuracy: 0.8846, stage3 final accuracy: 0.6158, stage3 final target accuracy: 0.6143, stage3 final asr: 0.3800, anchor loss: 0.0482
2026-04-09 23:34:29,104 - => Stage 3 Detection Summary: recall: 0.6155, precision: 0.0465, f1: 0.0864, false positive rate: 0.4122, correction rate: 0.3423
2026-04-09 23:34:29,104 - => Stage 3 Debug (clean): suspicious=19246/46693, correction_applied=19214, prediction_changed=19214, skipped_tied_vote=0, skipped_low_margin=0, skipped_other=32
2026-04-09 23:34:29,104 - => Stage 3 Debug (poison-valid): suspicious=20951/37064, correction_applied=20950, prediction_changed=20950, skipped_tied_vote=0, skipped_low_margin=0, skipped_other=1
2026-04-09 23:34:29,105 - => Stage 3 Debug (attack-success): suspicious=1868/3035, correction_applied=1868, prediction_changed=1868, corrected_to_true=1039
2026-04-09 23:34:29,182 - => End Epoch: 47, early stop epochs: 46, best epoch: 1, best clean acc: 0.5958, best Top-4: 0.9966, best ASR: 0.3617, best RAC: 0.5316, anchor loss: 0.0782
2026-04-09 23:34:29,182 - => Stage 3 Detection Summary: recall: 0.8058, precision: 0.1637, f1: 0.2721, false positive rate: 0.4207, correction rate: 0.5522
2026-04-09 23:34:29,224 - => LFBA current anchor-derived target label: 3
2026-04-09 23:34:29,301 - =>Add Trigger to Train Data
2026-04-09 23:34:29,607 - Add Trigger to 6996 Bad Samples, 62970 Clean Samples (0.10)
2026-04-09 23:34:29,609 - => Start Training for Injecting Backdoor...
2026-04-09 23:34:29,667 - Epoch: 48, 1/274: VFL loss: 0.0001, total loss: 0.0328, anchor loss: 0.0328, VFL train accuracy: 1.0000
2026-04-09 23:34:30,320 - Epoch: 48, 11/274: VFL loss: 0.0001, total loss: 0.0328, anchor loss: 0.0327, VFL train accuracy: 1.0000
2026-04-09 23:34:30,703 - Epoch: 48, 21/274: VFL loss: 0.0001, total loss: 0.0327, anchor loss: 0.0326, VFL train accuracy: 1.0000
2026-04-09 23:34:31,098 - Epoch: 48, 31/274: VFL loss: 0.0001, total loss: 0.0328, anchor loss: 0.0327, VFL train accuracy: 1.0000
2026-04-09 23:34:31,486 - Epoch: 48, 41/274: VFL loss: 0.0001, total loss: 0.0326, anchor loss: 0.0325, VFL train accuracy: 1.0000
2026-04-09 23:34:31,855 - Epoch: 48, 51/274: VFL loss: 0.0001, total loss: 0.0326, anchor loss: 0.0325, VFL train accuracy: 1.0000
2026-04-09 23:34:32,245 - Epoch: 48, 61/274: VFL loss: 0.0001, total loss: 0.0326, anchor loss: 0.0325, VFL train accuracy: 1.0000
2026-04-09 23:34:32,649 - Epoch: 48, 71/274: VFL loss: 0.0001, total loss: 0.0326, anchor loss: 0.0325, VFL train accuracy: 1.0000
2026-04-09 23:34:33,014 - Epoch: 48, 81/274: VFL loss: 0.0001, total loss: 0.0327, anchor loss: 0.0326, VFL train accuracy: 1.0000
2026-04-09 23:34:33,378 - Epoch: 48, 91/274: VFL loss: 0.0001, total loss: 0.0326, anchor loss: 0.0325, VFL train accuracy: 1.0000
2026-04-09 23:34:33,736 - Epoch: 48, 101/274: VFL loss: 0.0001, total loss: 0.0326, anchor loss: 0.0325, VFL train accuracy: 1.0000
2026-04-09 23:34:34,129 - Epoch: 48, 111/274: VFL loss: 0.0001, total loss: 0.0326, anchor loss: 0.0325, VFL train accuracy: 1.0000
2026-04-09 23:34:34,516 - Epoch: 48, 121/274: VFL loss: 0.0001, total loss: 0.0326, anchor loss: 0.0325, VFL train accuracy: 1.0000
2026-04-09 23:34:34,891 - Epoch: 48, 131/274: VFL loss: 0.0001, total loss: 0.0326, anchor loss: 0.0325, VFL train accuracy: 1.0000
2026-04-09 23:34:35,313 - Epoch: 48, 141/274: VFL loss: 0.0001, total loss: 0.0327, anchor loss: 0.0326, VFL train accuracy: 1.0000
2026-04-09 23:34:35,710 - Epoch: 48, 151/274: VFL loss: 0.0001, total loss: 0.0327, anchor loss: 0.0326, VFL train accuracy: 1.0000
2026-04-09 23:34:36,090 - Epoch: 48, 161/274: VFL loss: 0.0001, total loss: 0.0327, anchor loss: 0.0326, VFL train accuracy: 1.0000
2026-04-09 23:34:36,474 - Epoch: 48, 171/274: VFL loss: 0.0001, total loss: 0.0327, anchor loss: 0.0326, VFL train accuracy: 1.0000
2026-04-09 23:34:36,862 - Epoch: 48, 181/274: VFL loss: 0.0001, total loss: 0.0327, anchor loss: 0.0326, VFL train accuracy: 1.0000
2026-04-09 23:34:37,235 - Epoch: 48, 191/274: VFL loss: 0.0001, total loss: 0.0327, anchor loss: 0.0326, VFL train accuracy: 1.0000
2026-04-09 23:34:37,606 - Epoch: 48, 201/274: VFL loss: 0.0001, total loss: 0.0327, anchor loss: 0.0326, VFL train accuracy: 1.0000
2026-04-09 23:34:37,979 - Epoch: 48, 211/274: VFL loss: 0.0001, total loss: 0.0328, anchor loss: 0.0326, VFL train accuracy: 1.0000
2026-04-09 23:34:38,364 - Epoch: 48, 221/274: VFL loss: 0.0001, total loss: 0.0327, anchor loss: 0.0326, VFL train accuracy: 1.0000
2026-04-09 23:34:38,750 - Epoch: 48, 231/274: VFL loss: 0.0001, total loss: 0.0327, anchor loss: 0.0326, VFL train accuracy: 1.0000
2026-04-09 23:34:39,150 - Epoch: 48, 241/274: VFL loss: 0.0001, total loss: 0.0327, anchor loss: 0.0326, VFL train accuracy: 1.0000
2026-04-09 23:34:39,526 - Epoch: 48, 251/274: VFL loss: 0.0001, total loss: 0.0327, anchor loss: 0.0325, VFL train accuracy: 1.0000
2026-04-09 23:34:39,887 - Epoch: 48, 261/274: VFL loss: 0.0001, total loss: 0.0327, anchor loss: 0.0326, VFL train accuracy: 1.0000
2026-04-09 23:34:40,278 - Epoch: 48, 271/274: VFL loss: 0.0001, total loss: 0.0327, anchor loss: 0.0326, VFL train accuracy: 1.0000
2026-04-09 23:34:40,427 - => Recorded Stage 2 client anchor losses for epoch 48 to './results/AVGuard/Fourclient/NUSWIDE/ema_scan/lambda_1.0_ema_0.990\stage2_final_epoch_client_anchor_losses.json': {0: 0.015637, 1: 0.038796, 2: 0.032043, 3: 0.043783}
2026-04-09 23:34:40,435 - => Stage 2 EMA anchor update applied at epoch 48 with momentum 0.9900: updated classes per client {0: 5, 1: 5, 2: 5, 3: 5}
2026-04-09 23:34:40,435 - => Stage 2 Epoch 48 Training Summary: VFL loss: 0.0001, total loss: 0.0327, anchor loss: 0.0326, VFL train accuracy: 1.0000
2026-04-09 23:34:40,435 - => Test ASR...
2026-04-09 23:34:40,539 - =>Add Trigger to Test Data
2026-04-09 23:34:43,885 - Add Trigger to 37064 Bad Samples, 9629 Clean Samples (1.00)
2026-04-09 23:34:56,401 - => Test Epoch: 48, main task samples: 46693, attack samples: 46693, test loss: 1.5125, clean acc: 0.6158, Top-4: 0.9952, ASR: 0.3780, RAC: 0.4824, test target accuracy: 0.8833, stage3 final accuracy: 0.6158, stage3 final target accuracy: 0.6114, stage3 final asr: 0.3780, anchor loss: 0.0478
2026-04-09 23:34:56,401 - => Stage 3 Detection Summary: recall: 0.6155, precision: 0.0457, f1: 0.0851, false positive rate: 0.4120, correction rate: 0.3409
2026-04-09 23:34:56,402 - => Stage 3 Debug (clean): suspicious=19238/46693, correction_applied=19201, prediction_changed=19201, skipped_tied_vote=0, skipped_low_margin=0, skipped_other=37
2026-04-09 23:34:56,402 - => Stage 3 Debug (poison-valid): suspicious=20948/37064, correction_applied=20947, prediction_changed=20947, skipped_tied_vote=0, skipped_low_margin=0, skipped_other=1
2026-04-09 23:34:56,402 - => Stage 3 Debug (attack-success): suspicious=1836/2983, correction_applied=1836, prediction_changed=1836, corrected_to_true=1017
2026-04-09 23:34:56,476 - => End Epoch: 48, early stop epochs: 47, best epoch: 1, best clean acc: 0.5958, best Top-4: 0.9966, best ASR: 0.3617, best RAC: 0.5316, anchor loss: 0.0782
2026-04-09 23:34:56,477 - => Stage 3 Detection Summary: recall: 0.8058, precision: 0.1637, f1: 0.2721, false positive rate: 0.4207, correction rate: 0.5522
2026-04-09 23:34:56,520 - => LFBA current anchor-derived target label: 3
2026-04-09 23:34:56,598 - =>Add Trigger to Train Data
2026-04-09 23:34:56,910 - Add Trigger to 6996 Bad Samples, 62970 Clean Samples (0.10)
2026-04-09 23:34:56,913 - => Start Training for Injecting Backdoor...
2026-04-09 23:34:56,958 - Epoch: 49, 1/274: VFL loss: 0.0002, total loss: 0.0335, anchor loss: 0.0333, VFL train accuracy: 1.0000
2026-04-09 23:34:57,572 - Epoch: 49, 11/274: VFL loss: 0.0001, total loss: 0.0325, anchor loss: 0.0324, VFL train accuracy: 1.0000
2026-04-09 23:34:57,967 - Epoch: 49, 21/274: VFL loss: 0.0001, total loss: 0.0323, anchor loss: 0.0322, VFL train accuracy: 1.0000
2026-04-09 23:34:58,343 - Epoch: 49, 31/274: VFL loss: 0.0001, total loss: 0.0324, anchor loss: 0.0323, VFL train accuracy: 1.0000
2026-04-09 23:34:58,714 - Epoch: 49, 41/274: VFL loss: 0.0001, total loss: 0.0326, anchor loss: 0.0325, VFL train accuracy: 1.0000
2026-04-09 23:34:59,097 - Epoch: 49, 51/274: VFL loss: 0.0001, total loss: 0.0325, anchor loss: 0.0324, VFL train accuracy: 1.0000
2026-04-09 23:34:59,460 - Epoch: 49, 61/274: VFL loss: 0.0001, total loss: 0.0325, anchor loss: 0.0324, VFL train accuracy: 1.0000
2026-04-09 23:34:59,835 - Epoch: 49, 71/274: VFL loss: 0.0001, total loss: 0.0326, anchor loss: 0.0325, VFL train accuracy: 1.0000
2026-04-09 23:35:00,222 - Epoch: 49, 81/274: VFL loss: 0.0001, total loss: 0.0325, anchor loss: 0.0324, VFL train accuracy: 1.0000
2026-04-09 23:35:00,602 - Epoch: 49, 91/274: VFL loss: 0.0001, total loss: 0.0324, anchor loss: 0.0323, VFL train accuracy: 1.0000
2026-04-09 23:35:00,987 - Epoch: 49, 101/274: VFL loss: 0.0001, total loss: 0.0324, anchor loss: 0.0323, VFL train accuracy: 1.0000
2026-04-09 23:35:01,356 - Epoch: 49, 111/274: VFL loss: 0.0001, total loss: 0.0324, anchor loss: 0.0323, VFL train accuracy: 1.0000
2026-04-09 23:35:01,727 - Epoch: 49, 121/274: VFL loss: 0.0001, total loss: 0.0324, anchor loss: 0.0323, VFL train accuracy: 1.0000
2026-04-09 23:35:02,093 - Epoch: 49, 131/274: VFL loss: 0.0001, total loss: 0.0324, anchor loss: 0.0323, VFL train accuracy: 1.0000
2026-04-09 23:35:02,451 - Epoch: 49, 141/274: VFL loss: 0.0001, total loss: 0.0324, anchor loss: 0.0322, VFL train accuracy: 1.0000
2026-04-09 23:35:02,820 - Epoch: 49, 151/274: VFL loss: 0.0001, total loss: 0.0323, anchor loss: 0.0321, VFL train accuracy: 1.0000
2026-04-09 23:35:03,183 - Epoch: 49, 161/274: VFL loss: 0.0001, total loss: 0.0322, anchor loss: 0.0321, VFL train accuracy: 1.0000
2026-04-09 23:35:03,542 - Epoch: 49, 171/274: VFL loss: 0.0001, total loss: 0.0323, anchor loss: 0.0322, VFL train accuracy: 1.0000
2026-04-09 23:35:03,893 - Epoch: 49, 181/274: VFL loss: 0.0001, total loss: 0.0323, anchor loss: 0.0322, VFL train accuracy: 1.0000
2026-04-09 23:35:04,268 - Epoch: 49, 191/274: VFL loss: 0.0001, total loss: 0.0323, anchor loss: 0.0322, VFL train accuracy: 1.0000
2026-04-09 23:35:04,630 - Epoch: 49, 201/274: VFL loss: 0.0001, total loss: 0.0323, anchor loss: 0.0322, VFL train accuracy: 1.0000
2026-04-09 23:35:05,000 - Epoch: 49, 211/274: VFL loss: 0.0001, total loss: 0.0324, anchor loss: 0.0322, VFL train accuracy: 1.0000
2026-04-09 23:35:05,355 - Epoch: 49, 221/274: VFL loss: 0.0001, total loss: 0.0324, anchor loss: 0.0323, VFL train accuracy: 1.0000
2026-04-09 23:35:05,722 - Epoch: 49, 231/274: VFL loss: 0.0001, total loss: 0.0324, anchor loss: 0.0323, VFL train accuracy: 1.0000
2026-04-09 23:35:06,100 - Epoch: 49, 241/274: VFL loss: 0.0001, total loss: 0.0324, anchor loss: 0.0323, VFL train accuracy: 1.0000
2026-04-09 23:35:06,451 - Epoch: 49, 251/274: VFL loss: 0.0001, total loss: 0.0323, anchor loss: 0.0322, VFL train accuracy: 1.0000
2026-04-09 23:35:06,820 - Epoch: 49, 261/274: VFL loss: 0.0001, total loss: 0.0323, anchor loss: 0.0322, VFL train accuracy: 1.0000
2026-04-09 23:35:07,199 - Epoch: 49, 271/274: VFL loss: 0.0001, total loss: 0.0323, anchor loss: 0.0322, VFL train accuracy: 1.0000
2026-04-09 23:35:07,322 - => Recorded Stage 2 client anchor losses for epoch 49 to './results/AVGuard/Fourclient/NUSWIDE/ema_scan/lambda_1.0_ema_0.990\stage2_final_epoch_client_anchor_losses.json': {0: 0.015562, 1: 0.038398, 2: 0.031665, 3: 0.043339}
2026-04-09 23:35:07,330 - => Stage 2 EMA anchor update applied at epoch 49 with momentum 0.9900: updated classes per client {0: 5, 1: 5, 2: 5, 3: 5}
2026-04-09 23:35:07,330 - => Stage 2 Epoch 49 Training Summary: VFL loss: 0.0001, total loss: 0.0324, anchor loss: 0.0323, VFL train accuracy: 1.0000
2026-04-09 23:35:07,330 - => Test ASR...
2026-04-09 23:35:07,437 - =>Add Trigger to Test Data
2026-04-09 23:35:10,547 - Add Trigger to 37064 Bad Samples, 9629 Clean Samples (1.00)
2026-04-09 23:35:22,827 - => Test Epoch: 49, main task samples: 46693, attack samples: 46693, test loss: 1.5174, clean acc: 0.6156, Top-4: 0.9952, ASR: 0.3787, RAC: 0.4819, test target accuracy: 0.8837, stage3 final accuracy: 0.6156, stage3 final target accuracy: 0.6113, stage3 final asr: 0.3787, anchor loss: 0.0474
2026-04-09 23:35:22,827 - => Stage 3 Detection Summary: recall: 0.6165, precision: 0.0459, f1: 0.0855, false positive rate: 0.4124, correction rate: 0.3411
2026-04-09 23:35:22,828 - => Stage 3 Debug (clean): suspicious=19258/46693, correction_applied=19222, prediction_changed=19222, skipped_tied_vote=0, skipped_low_margin=0, skipped_other=36
2026-04-09 23:35:22,828 - => Stage 3 Debug (poison-valid): suspicious=20974/37064, correction_applied=20973, prediction_changed=20973, skipped_tied_vote=0, skipped_low_margin=0, skipped_other=1
2026-04-09 23:35:22,828 - => Stage 3 Debug (attack-success): suspicious=1847/2996, correction_applied=1846, prediction_changed=1846, corrected_to_true=1022
2026-04-09 23:35:22,899 - => End Epoch: 49, early stop epochs: 48, best epoch: 1, best clean acc: 0.5958, best Top-4: 0.9966, best ASR: 0.3617, best RAC: 0.5316, anchor loss: 0.0782
2026-04-09 23:35:22,900 - => Stage 3 Detection Summary: recall: 0.8058, precision: 0.1637, f1: 0.2721, false positive rate: 0.4207, correction rate: 0.5522
2026-04-09 23:35:22,943 - => LFBA current anchor-derived target label: 3
2026-04-09 23:35:23,019 - =>Add Trigger to Train Data
2026-04-09 23:35:23,322 - Add Trigger to 6996 Bad Samples, 62970 Clean Samples (0.10)
2026-04-09 23:35:23,323 - => Start Training for Injecting Backdoor...
2026-04-09 23:35:23,372 - Epoch: 50, 1/274: VFL loss: 0.0001, total loss: 0.0329, anchor loss: 0.0328, VFL train accuracy: 1.0000
2026-04-09 23:35:24,005 - Epoch: 50, 11/274: VFL loss: 0.0001, total loss: 0.0326, anchor loss: 0.0326, VFL train accuracy: 1.0000
2026-04-09 23:35:24,367 - Epoch: 50, 21/274: VFL loss: 0.0001, total loss: 0.0326, anchor loss: 0.0325, VFL train accuracy: 1.0000
2026-04-09 23:35:24,733 - Epoch: 50, 31/274: VFL loss: 0.0001, total loss: 0.0322, anchor loss: 0.0321, VFL train accuracy: 1.0000
2026-04-09 23:35:25,122 - Epoch: 50, 41/274: VFL loss: 0.0001, total loss: 0.0321, anchor loss: 0.0320, VFL train accuracy: 1.0000
2026-04-09 23:35:25,495 - Epoch: 50, 51/274: VFL loss: 0.0001, total loss: 0.0321, anchor loss: 0.0320, VFL train accuracy: 1.0000
2026-04-09 23:35:25,852 - Epoch: 50, 61/274: VFL loss: 0.0001, total loss: 0.0320, anchor loss: 0.0319, VFL train accuracy: 1.0000
2026-04-09 23:35:26,230 - Epoch: 50, 71/274: VFL loss: 0.0001, total loss: 0.0319, anchor loss: 0.0318, VFL train accuracy: 1.0000
2026-04-09 23:35:26,621 - Epoch: 50, 81/274: VFL loss: 0.0001, total loss: 0.0320, anchor loss: 0.0319, VFL train accuracy: 1.0000
2026-04-09 23:35:27,013 - Epoch: 50, 91/274: VFL loss: 0.0001, total loss: 0.0320, anchor loss: 0.0319, VFL train accuracy: 1.0000
2026-04-09 23:35:27,365 - Epoch: 50, 101/274: VFL loss: 0.0001, total loss: 0.0320, anchor loss: 0.0319, VFL train accuracy: 1.0000
2026-04-09 23:35:27,740 - Epoch: 50, 111/274: VFL loss: 0.0001, total loss: 0.0321, anchor loss: 0.0320, VFL train accuracy: 1.0000
2026-04-09 23:35:28,110 - Epoch: 50, 121/274: VFL loss: 0.0001, total loss: 0.0321, anchor loss: 0.0320, VFL train accuracy: 1.0000
2026-04-09 23:35:28,489 - Epoch: 50, 131/274: VFL loss: 0.0001, total loss: 0.0322, anchor loss: 0.0321, VFL train accuracy: 1.0000
2026-04-09 23:35:28,870 - Epoch: 50, 141/274: VFL loss: 0.0001, total loss: 0.0321, anchor loss: 0.0320, VFL train accuracy: 1.0000
2026-04-09 23:35:29,241 - Epoch: 50, 151/274: VFL loss: 0.0001, total loss: 0.0322, anchor loss: 0.0320, VFL train accuracy: 1.0000
2026-04-09 23:35:29,617 - Epoch: 50, 161/274: VFL loss: 0.0001, total loss: 0.0321, anchor loss: 0.0320, VFL train accuracy: 1.0000
2026-04-09 23:35:29,992 - Epoch: 50, 171/274: VFL loss: 0.0001, total loss: 0.0321, anchor loss: 0.0320, VFL train accuracy: 1.0000
2026-04-09 23:35:30,363 - Epoch: 50, 181/274: VFL loss: 0.0001, total loss: 0.0321, anchor loss: 0.0320, VFL train accuracy: 1.0000
2026-04-09 23:35:30,751 - Epoch: 50, 191/274: VFL loss: 0.0001, total loss: 0.0321, anchor loss: 0.0320, VFL train accuracy: 1.0000
2026-04-09 23:35:31,152 - Epoch: 50, 201/274: VFL loss: 0.0001, total loss: 0.0321, anchor loss: 0.0319, VFL train accuracy: 1.0000
2026-04-09 23:35:31,522 - Epoch: 50, 211/274: VFL loss: 0.0001, total loss: 0.0320, anchor loss: 0.0319, VFL train accuracy: 1.0000
2026-04-09 23:35:31,874 - Epoch: 50, 221/274: VFL loss: 0.0001, total loss: 0.0320, anchor loss: 0.0319, VFL train accuracy: 1.0000
2026-04-09 23:35:32,238 - Epoch: 50, 231/274: VFL loss: 0.0001, total loss: 0.0320, anchor loss: 0.0319, VFL train accuracy: 1.0000
2026-04-09 23:35:32,617 - Epoch: 50, 241/274: VFL loss: 0.0001, total loss: 0.0320, anchor loss: 0.0319, VFL train accuracy: 1.0000
2026-04-09 23:35:33,004 - Epoch: 50, 251/274: VFL loss: 0.0001, total loss: 0.0321, anchor loss: 0.0319, VFL train accuracy: 1.0000
2026-04-09 23:35:33,546 - Epoch: 50, 261/274: VFL loss: 0.0001, total loss: 0.0321, anchor loss: 0.0319, VFL train accuracy: 1.0000
2026-04-09 23:35:33,938 - Epoch: 50, 271/274: VFL loss: 0.0001, total loss: 0.0320, anchor loss: 0.0319, VFL train accuracy: 1.0000
2026-04-09 23:35:34,067 - => Recorded Stage 2 client anchor losses for epoch 50 to './results/AVGuard/Fourclient/NUSWIDE/ema_scan/lambda_1.0_ema_0.990\stage2_final_epoch_client_anchor_losses.json': {0: 0.015485, 1: 0.038003, 2: 0.03129, 3: 0.042907}
2026-04-09 23:35:34,080 - => Stage 2 EMA anchor update applied at epoch 50 with momentum 0.9900: updated classes per client {0: 5, 1: 5, 2: 5, 3: 5}
2026-04-09 23:35:34,080 - => Stage 2 Epoch 50 Training Summary: VFL loss: 0.0001, total loss: 0.0321, anchor loss: 0.0319, VFL train accuracy: 1.0000
2026-04-09 23:35:34,080 - => Test ASR...
2026-04-09 23:35:34,186 - =>Add Trigger to Test Data
2026-04-09 23:35:37,325 - Add Trigger to 37064 Bad Samples, 9629 Clean Samples (1.00)
2026-04-09 23:35:49,527 - => Test Epoch: 50, main task samples: 46693, attack samples: 46693, test loss: 1.5251, clean acc: 0.6159, Top-4: 0.9951, ASR: 0.3782, RAC: 0.4824, test target accuracy: 0.8845, stage3 final accuracy: 0.6159, stage3 final target accuracy: 0.6121, stage3 final asr: 0.3782, anchor loss: 0.0471
2026-04-09 23:35:49,527 - => Stage 3 Detection Summary: recall: 0.6176, precision: 0.0467, f1: 0.0869, false positive rate: 0.4118, correction rate: 0.3417
2026-04-09 23:35:49,529 - => Stage 3 Debug (clean): suspicious=19229/46693, correction_applied=19191, prediction_changed=19191, skipped_tied_vote=0, skipped_low_margin=0, skipped_other=38
2026-04-09 23:35:49,529 - => Stage 3 Debug (poison-valid): suspicious=20956/37064, correction_applied=20955, prediction_changed=20955, skipped_tied_vote=0, skipped_low_margin=0, skipped_other=1
2026-04-09 23:35:49,529 - => Stage 3 Debug (attack-success): suspicious=1878/3041, correction_applied=1877, prediction_changed=1877, corrected_to_true=1039
2026-04-09 23:35:49,601 - => End Epoch: 50, early stop epochs: 49, best epoch: 1, best clean acc: 0.5958, best Top-4: 0.9966, best ASR: 0.3617, best RAC: 0.5316, anchor loss: 0.0782
2026-04-09 23:35:49,601 - => Stage 3 Detection Summary: recall: 0.8058, precision: 0.1637, f1: 0.2721, false positive rate: 0.4207, correction rate: 0.5522
