2026-04-15 04:44:25,364 - Namespace(config='', data_dir='./dataset/data_raw/', dataset='PHISHING', device=0, results_dir='./results/AVGuard/stage3_static_reliability_ablation/PHISHING_static_reliability_on', seed=100, epoch=50, batch_size=256, client_num=3, pretrained_checkpoint='./results/AVGuard/stage3_static_reliability_ablation/PHISHING_static_reliability_on\\latest_checkpoint.pth.tar', test_checkpoint=None, resume_latest=True, lr=0.003, start_epoch=0, print_steps=10, early_stop=0, attack='LFBA', target_label=None, poison_rate=0.1, poison_dimensions=30, trigger_feature_clip=1.0, attack_client_num=2, feature_extractor='', select_rate=0.3, lfba_poison_source='gradient', random_select=False, poison_all=False, anchor_idx=1000, pretrain_stage=0, mode='train', defense='anchor', defense_scheme='AVGuard', enable_stage1=True, force_stage1_retrain=False, enable_anchor_loss=True, lambda_anchor=0.5, lambda_stage1_anchor=0.8, anchor_pretrain_epochs=30, anchor_pretrain_early_stop=5, anchor_pretrain_min_delta=0.0001, anchor_scale=16.0, anchor_margin=0.45, anchor_bank_path='./results/AVGuard/PHISHING/PHISHING_anchor_defense_stage1/anchor_artifact.pt', anchor_stage1_dir='./results/AVGuard/PHISHING/PHISHING_anchor_defense_stage1/anchor_stage1', anchor_ema_momentum=0.995, anchor_ema_update_freq=1, stage3_enable_joint_weighted_voting=True, stage3_enable_static_reliability=True, gamma=2.0, theta_supp=0.15, enable_conservative_correction=False, tau_corr=0.0, top_k=4, stage3_debug_batches=0, stage3_debug_max_samples=8, original_dataset='PHISHING', attack_target_label=None, anchor_margin_auto_adjusted=False, requested_anchor_margin=0.45)
2026-04-15 04:44:25,365 - => Defense scheme: AVGuard
2026-04-15 04:44:25,365 - => LFBA poison-set source: gradient
2026-04-15 04:44:25,365 - => Python executable: D:\Code\Miniconda\envs\backdoor\python.exe
2026-04-15 04:44:25,365 - => Torch version: 2.5.1+cu121, compiled CUDA: 12.1, cuda available: True, visible GPU count: 1
2026-04-15 04:44:25,366 - => Using GPU cuda:0 (NVIDIA GeForce RTX 4060 Laptop GPU)
2026-04-15 04:44:25,366 - => Preparing data...
2026-04-15 04:44:27,718 - => PHISHING file: ./dataset/data_raw/Phishing\PHISHING_full.csv
2026-04-15 04:44:27,719 - => PHISHING feature dim: 111, train samples: 70917, test samples: 17730
2026-04-15 04:44:27,722 - => Resolved LFBA attack target label=0 from training anchor_idx=1000
2026-04-15 04:44:27,861 - => No checkpoint found at './results/AVGuard/stage3_static_reliability_ablation/PHISHING_static_reliability_on\latest_checkpoint.pth.tar'
2026-04-15 04:44:27,886 - => Loading stage1 local models and anchors from './results/AVGuard/PHISHING/PHISHING_anchor_defense_stage1/anchor_stage1/stage1_artifact.pt'
2026-04-15 04:44:28,000 - => Stage 3 is ready; it will use Stage 1 client reliability from the loaded anchor state when available. Stage 2 client anchor-loss stats are optional diagnostics.
2026-04-15 04:44:28,004 - =>Add Trigger to Test Data
2026-04-15 04:44:28,519 - Add Trigger to 6130 Bad Samples, 11600 Clean Samples (1.00)
2026-04-15 04:44:28,520 - => Start Training with LFBA...
2026-04-15 04:44:28,520 - => Enter Stage 2: joint VFL training starts from stage1 passive local backbones with frozen anchor heads
2026-04-15 04:44:28,520 - => Stage 2 anchor loss enabled: True
2026-04-15 04:44:28,520 - => Stage 2 loss form: total_loss=(1-lambda_anchor)*CE + lambda_anchor*anchor_loss with lambda_anchor=0.5000
2026-04-15 04:44:28,521 - => Stage 2 EMA anchor calibration: momentum=0.9950, update_freq=1 epoch(s)
2026-04-15 04:44:28,521 - => Stage 2 latest checkpoint path: './results/AVGuard/stage3_static_reliability_ablation/PHISHING_static_reliability_on\latest_checkpoint.pth.tar'
2026-04-15 04:44:28,521 - => Stage 2 best checkpoint path: './results/AVGuard/stage3_static_reliability_ablation/PHISHING_static_reliability_on\best_checkpoint.pth.tar'
2026-04-15 04:44:28,522 - => Stage 2 best checkpoint compatibility alias path: './results/AVGuard/stage3_static_reliability_ablation/PHISHING_static_reliability_on\best_clean_checkpoint.pth.tar'
2026-04-15 04:44:28,522 - => Stage 2 best checkpoint metric: mean(clean_acc, detection_recall, correction_rate)
2026-04-15 04:44:28,527 - => Start Training for Injecting Backdoor...
2026-04-15 04:44:28,957 - Epoch: 1, 1/278: VFL loss: 0.6604, total loss: 0.3465, anchor loss: 0.0326, VFL train accuracy: 0.7148
2026-04-15 04:44:29,196 - Epoch: 1, 11/278: VFL loss: 0.3492, total loss: 0.1961, anchor loss: 0.0429, VFL train accuracy: 0.8736
2026-04-15 04:44:29,435 - Epoch: 1, 21/278: VFL loss: 0.2726, total loss: 0.1579, anchor loss: 0.0431, VFL train accuracy: 0.8994
2026-04-15 04:44:29,693 - Epoch: 1, 31/278: VFL loss: 0.2373, total loss: 0.1389, anchor loss: 0.0406, VFL train accuracy: 0.9128
2026-04-15 04:44:29,953 - Epoch: 1, 41/278: VFL loss: 0.2271, total loss: 0.1336, anchor loss: 0.0401, VFL train accuracy: 0.9179
2026-04-15 04:44:30,218 - Epoch: 1, 51/278: VFL loss: 0.2178, total loss: 0.1286, anchor loss: 0.0395, VFL train accuracy: 0.9205
2026-04-15 04:44:30,482 - Epoch: 1, 61/278: VFL loss: 0.2080, total loss: 0.1234, anchor loss: 0.0389, VFL train accuracy: 0.9241
2026-04-15 04:44:30,738 - Epoch: 1, 71/278: VFL loss: 0.2020, total loss: 0.1203, anchor loss: 0.0387, VFL train accuracy: 0.9262
2026-04-15 04:44:31,023 - Epoch: 1, 81/278: VFL loss: 0.1946, total loss: 0.1165, anchor loss: 0.0384, VFL train accuracy: 0.9283
2026-04-15 04:44:31,271 - Epoch: 1, 91/278: VFL loss: 0.1899, total loss: 0.1140, anchor loss: 0.0381, VFL train accuracy: 0.9298
2026-04-15 04:44:31,515 - Epoch: 1, 101/278: VFL loss: 0.1850, total loss: 0.1114, anchor loss: 0.0378, VFL train accuracy: 0.9315
2026-04-15 04:44:31,761 - Epoch: 1, 111/278: VFL loss: 0.1818, total loss: 0.1098, anchor loss: 0.0379, VFL train accuracy: 0.9322
2026-04-15 04:44:32,049 - Epoch: 1, 121/278: VFL loss: 0.1802, total loss: 0.1090, anchor loss: 0.0379, VFL train accuracy: 0.9324
2026-04-15 04:44:32,318 - Epoch: 1, 131/278: VFL loss: 0.1775, total loss: 0.1076, anchor loss: 0.0376, VFL train accuracy: 0.9334
2026-04-15 04:44:32,565 - Epoch: 1, 141/278: VFL loss: 0.1749, total loss: 0.1061, anchor loss: 0.0374, VFL train accuracy: 0.9341
2026-04-15 04:44:32,821 - Epoch: 1, 151/278: VFL loss: 0.1739, total loss: 0.1056, anchor loss: 0.0372, VFL train accuracy: 0.9342
2026-04-15 04:44:33,084 - Epoch: 1, 161/278: VFL loss: 0.1712, total loss: 0.1041, anchor loss: 0.0370, VFL train accuracy: 0.9353
2026-04-15 04:44:33,326 - Epoch: 1, 171/278: VFL loss: 0.1690, total loss: 0.1028, anchor loss: 0.0366, VFL train accuracy: 0.9357
2026-04-15 04:44:33,568 - Epoch: 1, 181/278: VFL loss: 0.1673, total loss: 0.1019, anchor loss: 0.0365, VFL train accuracy: 0.9361
2026-04-15 04:44:33,826 - Epoch: 1, 191/278: VFL loss: 0.1656, total loss: 0.1010, anchor loss: 0.0363, VFL train accuracy: 0.9365
2026-04-15 04:44:34,096 - Epoch: 1, 201/278: VFL loss: 0.1636, total loss: 0.0999, anchor loss: 0.0362, VFL train accuracy: 0.9373
2026-04-15 04:44:34,341 - Epoch: 1, 211/278: VFL loss: 0.1624, total loss: 0.0992, anchor loss: 0.0360, VFL train accuracy: 0.9377
2026-04-15 04:44:34,588 - Epoch: 1, 221/278: VFL loss: 0.1614, total loss: 0.0987, anchor loss: 0.0359, VFL train accuracy: 0.9381
2026-04-15 04:44:34,867 - Epoch: 1, 231/278: VFL loss: 0.1609, total loss: 0.0984, anchor loss: 0.0359, VFL train accuracy: 0.9386
2026-04-15 04:44:35,166 - Epoch: 1, 241/278: VFL loss: 0.1600, total loss: 0.0979, anchor loss: 0.0358, VFL train accuracy: 0.9387
2026-04-15 04:44:35,413 - Epoch: 1, 251/278: VFL loss: 0.1588, total loss: 0.0972, anchor loss: 0.0357, VFL train accuracy: 0.9391
2026-04-15 04:44:35,679 - Epoch: 1, 261/278: VFL loss: 0.1574, total loss: 0.0965, anchor loss: 0.0355, VFL train accuracy: 0.9395
2026-04-15 04:44:35,961 - Epoch: 1, 271/278: VFL loss: 0.1564, total loss: 0.0959, anchor loss: 0.0354, VFL train accuracy: 0.9399
2026-04-15 04:44:36,172 - => Recorded Stage 2 client anchor losses for epoch 1 to './results/AVGuard/stage3_static_reliability_ablation/PHISHING_static_reliability_on\stage2_final_epoch_client_anchor_losses.json': {0: 0.032513, 1: 0.035306, 2: 0.038167}
2026-04-15 04:44:36,225 - => Stage 2 EMA anchor update applied at epoch 1 with momentum 0.9950: updated classes per client {0: 2, 1: 2, 2: 2}
2026-04-15 04:44:36,225 - => Stage 2 Epoch 1 Training Summary: VFL loss: 0.1554, total loss: 0.0953, anchor loss: 0.0353, VFL train accuracy: 0.9401
2026-04-15 04:44:36,227 - => Test ASR...
2026-04-15 04:44:36,230 - =>Add Trigger to Test Data
2026-04-15 04:44:36,743 - Add Trigger to 6130 Bad Samples, 11600 Clean Samples (1.00)
2026-04-15 04:44:40,683 - => Test Epoch: 1, main task samples: 17730, attack samples: 17730, test loss: 0.1273, clean acc: 0.9236, Top-2: 1.0000, ASR: 0.0856, RAC: 0.9260, test target accuracy: 0.9552, stage3 final accuracy: 0.9236, stage3 final target accuracy: 0.9322, stage3 final asr: 0.0856, anchor loss: 0.0321
2026-04-15 04:44:40,684 - => Stage 3 Detection Summary: recall: 0.0541, precision: 0.0087, f1: 0.0150, false positive rate: 0.0594, correction rate: 0.0541
2026-04-15 04:44:40,684 - => Stage 3 Debug (clean): suspicious=1053/17730, correction_applied=1046, prediction_changed=1046, skipped_tied_vote=0, skipped_low_margin=0, skipped_other=7
2026-04-15 04:44:40,684 - => Stage 3 Debug (poison-valid): suspicious=327/6130, correction_applied=327, prediction_changed=327, skipped_tied_vote=0, skipped_low_margin=0, skipped_other=0
2026-04-15 04:44:40,684 - => Stage 3 Debug (attack-success): suspicious=12/222, correction_applied=12, prediction_changed=12, corrected_to_true=12
2026-04-15 04:44:40,685 - => Stage 2 checkpoint score: mean(clean_acc=0.9236, recall=0.0541, correction_rate=0.0541) = 0.3439
2026-04-15 04:44:40,685 - => Save best checkpoint model...
2026-04-15 04:44:40,813 - => End Epoch: 1, early stop epochs: 0, best epoch: 1, best clean acc: 0.9236, best Top-2: 1.0000, best ASR: 0.0856, best RAC: 0.9260, anchor loss: 0.0321, best checkpoint score: 0.3439
2026-04-15 04:44:40,813 - => Stage 3 Detection Summary: recall: 0.0541, precision: 0.0087, f1: 0.0150, false positive rate: 0.0594, correction rate: 0.0541
2026-04-15 04:44:40,841 - => Rebuilt LFBA poison set from cached gradients: anchor label=0, poison samples=7091, same-label poison samples=7091, consistent rate=1.0000
2026-04-15 04:44:40,876 - => LFBA current anchor-derived target label: 0
2026-04-15 04:44:40,880 - =>Add Trigger to Train Data
2026-04-15 04:44:41,099 - Add Trigger to 7091 Bad Samples, 63826 Clean Samples (0.10)
2026-04-15 04:44:41,105 - => Start Training for Injecting Backdoor...
2026-04-15 04:44:41,148 - Epoch: 2, 1/278: VFL loss: 0.0952, total loss: 0.0615, anchor loss: 0.0278, VFL train accuracy: 0.9688
2026-04-15 04:44:41,429 - Epoch: 2, 11/278: VFL loss: 0.1195, total loss: 0.0752, anchor loss: 0.0309, VFL train accuracy: 0.9553
2026-04-15 04:44:41,689 - Epoch: 2, 21/278: VFL loss: 0.1203, total loss: 0.0756, anchor loss: 0.0310, VFL train accuracy: 0.9544
2026-04-15 04:44:41,950 - Epoch: 2, 31/278: VFL loss: 0.1189, total loss: 0.0749, anchor loss: 0.0310, VFL train accuracy: 0.9549
2026-04-15 04:44:42,234 - Epoch: 2, 41/278: VFL loss: 0.1200, total loss: 0.0756, anchor loss: 0.0313, VFL train accuracy: 0.9530
2026-04-15 04:44:42,506 - Epoch: 2, 51/278: VFL loss: 0.1203, total loss: 0.0758, anchor loss: 0.0313, VFL train accuracy: 0.9534
2026-04-15 04:44:42,772 - Epoch: 2, 61/278: VFL loss: 0.1220, total loss: 0.0767, anchor loss: 0.0314, VFL train accuracy: 0.9529
2026-04-15 04:44:43,034 - Epoch: 2, 71/278: VFL loss: 0.1225, total loss: 0.0770, anchor loss: 0.0315, VFL train accuracy: 0.9527
2026-04-15 04:44:43,277 - Epoch: 2, 81/278: VFL loss: 0.1207, total loss: 0.0760, anchor loss: 0.0313, VFL train accuracy: 0.9536
2026-04-15 04:44:43,547 - Epoch: 2, 91/278: VFL loss: 0.1185, total loss: 0.0747, anchor loss: 0.0308, VFL train accuracy: 0.9550
2026-04-15 04:44:43,824 - Epoch: 2, 101/278: VFL loss: 0.1181, total loss: 0.0744, anchor loss: 0.0308, VFL train accuracy: 0.9552
2026-04-15 04:44:44,104 - Epoch: 2, 111/278: VFL loss: 0.1184, total loss: 0.0747, anchor loss: 0.0310, VFL train accuracy: 0.9547
2026-04-15 04:44:44,355 - Epoch: 2, 121/278: VFL loss: 0.1177, total loss: 0.0743, anchor loss: 0.0310, VFL train accuracy: 0.9549
2026-04-15 04:44:44,626 - Epoch: 2, 131/278: VFL loss: 0.1174, total loss: 0.0742, anchor loss: 0.0310, VFL train accuracy: 0.9552
2026-04-15 04:44:44,921 - Epoch: 2, 141/278: VFL loss: 0.1178, total loss: 0.0744, anchor loss: 0.0310, VFL train accuracy: 0.9552
2026-04-15 04:44:45,192 - Epoch: 2, 151/278: VFL loss: 0.1170, total loss: 0.0739, anchor loss: 0.0309, VFL train accuracy: 0.9556
2026-04-15 04:44:45,456 - Epoch: 2, 161/278: VFL loss: 0.1158, total loss: 0.0733, anchor loss: 0.0309, VFL train accuracy: 0.9560
2026-04-15 04:44:45,735 - Epoch: 2, 171/278: VFL loss: 0.1153, total loss: 0.0730, anchor loss: 0.0308, VFL train accuracy: 0.9562
2026-04-15 04:44:46,018 - Epoch: 2, 181/278: VFL loss: 0.1156, total loss: 0.0732, anchor loss: 0.0308, VFL train accuracy: 0.9562
2026-04-15 04:44:46,277 - Epoch: 2, 191/278: VFL loss: 0.1145, total loss: 0.0726, anchor loss: 0.0307, VFL train accuracy: 0.9567
2026-04-15 04:44:46,553 - Epoch: 2, 201/278: VFL loss: 0.1148, total loss: 0.0727, anchor loss: 0.0307, VFL train accuracy: 0.9567
2026-04-15 04:44:46,817 - Epoch: 2, 211/278: VFL loss: 0.1148, total loss: 0.0728, anchor loss: 0.0307, VFL train accuracy: 0.9568
2026-04-15 04:44:47,116 - Epoch: 2, 221/278: VFL loss: 0.1153, total loss: 0.0730, anchor loss: 0.0307, VFL train accuracy: 0.9564
2026-04-15 04:44:47,412 - Epoch: 2, 231/278: VFL loss: 0.1154, total loss: 0.0731, anchor loss: 0.0307, VFL train accuracy: 0.9566
2026-04-15 04:44:47,687 - Epoch: 2, 241/278: VFL loss: 0.1156, total loss: 0.0732, anchor loss: 0.0308, VFL train accuracy: 0.9567
2026-04-15 04:44:47,956 - Epoch: 2, 251/278: VFL loss: 0.1155, total loss: 0.0731, anchor loss: 0.0308, VFL train accuracy: 0.9567
2026-04-15 04:44:48,263 - Epoch: 2, 261/278: VFL loss: 0.1150, total loss: 0.0729, anchor loss: 0.0308, VFL train accuracy: 0.9568
2026-04-15 04:44:48,559 - Epoch: 2, 271/278: VFL loss: 0.1150, total loss: 0.0729, anchor loss: 0.0308, VFL train accuracy: 0.9568
2026-04-15 04:44:48,782 - => Recorded Stage 2 client anchor losses for epoch 2 to './results/AVGuard/stage3_static_reliability_ablation/PHISHING_static_reliability_on\stage2_final_epoch_client_anchor_losses.json': {0: 0.030339, 1: 0.032989, 2: 0.029158}
2026-04-15 04:44:48,792 - => Stage 2 EMA anchor update applied at epoch 2 with momentum 0.9950: updated classes per client {0: 2, 1: 2, 2: 2}
2026-04-15 04:44:48,792 - => Stage 2 Epoch 2 Training Summary: VFL loss: 0.1149, total loss: 0.0729, anchor loss: 0.0308, VFL train accuracy: 0.9566
2026-04-15 04:44:48,792 - => Test ASR...
2026-04-15 04:44:48,795 - =>Add Trigger to Test Data
2026-04-15 04:44:49,329 - Add Trigger to 6130 Bad Samples, 11600 Clean Samples (1.00)
2026-04-15 04:44:53,061 - => Test Epoch: 2, main task samples: 17730, attack samples: 17730, test loss: 0.1354, clean acc: 0.9326, Top-2: 1.0000, ASR: 0.1993, RAC: 0.8983, test target accuracy: 0.9776, stage3 final accuracy: 0.9326, stage3 final target accuracy: 0.9499, stage3 final asr: 0.1993, anchor loss: 0.0319
2026-04-15 04:44:53,062 - => Stage 3 Detection Summary: recall: 0.7687, precision: 0.8236, f1: 0.7952, false positive rate: 0.0476, correction rate: 0.7687
2026-04-15 04:44:53,063 - => Stage 3 Debug (clean): suspicious=844/17730, correction_applied=843, prediction_changed=843, skipped_tied_vote=0, skipped_low_margin=0, skipped_other=1
2026-04-15 04:44:53,063 - => Stage 3 Debug (poison-valid): suspicious=4026/6130, correction_applied=4026, prediction_changed=4026, skipped_tied_vote=0, skipped_low_margin=0, skipped_other=0
2026-04-15 04:44:53,063 - => Stage 3 Debug (attack-success): suspicious=4011/5218, correction_applied=4011, prediction_changed=4011, corrected_to_true=4011
2026-04-15 04:44:53,064 - => Stage 2 checkpoint score: mean(clean_acc=0.9326, recall=0.7687, correction_rate=0.7687) = 0.8233
2026-04-15 04:44:53,064 - => Save best checkpoint model...
2026-04-15 04:44:53,169 - => End Epoch: 2, early stop epochs: 0, best epoch: 2, best clean acc: 0.9326, best Top-2: 1.0000, best ASR: 0.1993, best RAC: 0.8983, anchor loss: 0.0319, best checkpoint score: 0.8233
2026-04-15 04:44:53,171 - => Stage 3 Detection Summary: recall: 0.7687, precision: 0.8236, f1: 0.7952, false positive rate: 0.0476, correction rate: 0.7687
2026-04-15 04:44:53,206 - => LFBA current anchor-derived target label: 0
2026-04-15 04:44:53,209 - =>Add Trigger to Train Data
2026-04-15 04:44:53,428 - Add Trigger to 7091 Bad Samples, 63826 Clean Samples (0.10)
2026-04-15 04:44:53,434 - => Start Training for Injecting Backdoor...
2026-04-15 04:44:53,471 - Epoch: 3, 1/278: VFL loss: 0.1337, total loss: 0.0824, anchor loss: 0.0312, VFL train accuracy: 0.9570
2026-04-15 04:44:53,743 - Epoch: 3, 11/278: VFL loss: 0.1103, total loss: 0.0704, anchor loss: 0.0305, VFL train accuracy: 0.9563
2026-04-15 04:44:54,019 - Epoch: 3, 21/278: VFL loss: 0.1162, total loss: 0.0739, anchor loss: 0.0315, VFL train accuracy: 0.9550
2026-04-15 04:44:54,283 - Epoch: 3, 31/278: VFL loss: 0.1132, total loss: 0.0722, anchor loss: 0.0311, VFL train accuracy: 0.9568
2026-04-15 04:44:54,535 - Epoch: 3, 41/278: VFL loss: 0.1139, total loss: 0.0725, anchor loss: 0.0312, VFL train accuracy: 0.9571
2026-04-15 04:44:54,798 - Epoch: 3, 51/278: VFL loss: 0.1139, total loss: 0.0723, anchor loss: 0.0308, VFL train accuracy: 0.9580
2026-04-15 04:44:55,070 - Epoch: 3, 61/278: VFL loss: 0.1140, total loss: 0.0724, anchor loss: 0.0309, VFL train accuracy: 0.9582
2026-04-15 04:44:55,372 - Epoch: 3, 71/278: VFL loss: 0.1140, total loss: 0.0725, anchor loss: 0.0309, VFL train accuracy: 0.9582
2026-04-15 04:44:55,660 - Epoch: 3, 81/278: VFL loss: 0.1144, total loss: 0.0727, anchor loss: 0.0310, VFL train accuracy: 0.9579
2026-04-15 04:44:55,937 - Epoch: 3, 91/278: VFL loss: 0.1146, total loss: 0.0728, anchor loss: 0.0310, VFL train accuracy: 0.9581
2026-04-15 04:44:56,193 - Epoch: 3, 101/278: VFL loss: 0.1140, total loss: 0.0724, anchor loss: 0.0309, VFL train accuracy: 0.9585
2026-04-15 04:44:56,460 - Epoch: 3, 111/278: VFL loss: 0.1149, total loss: 0.0730, anchor loss: 0.0311, VFL train accuracy: 0.9582
2026-04-15 04:44:56,755 - Epoch: 3, 121/278: VFL loss: 0.1147, total loss: 0.0729, anchor loss: 0.0312, VFL train accuracy: 0.9580
2026-04-15 04:44:57,054 - Epoch: 3, 131/278: VFL loss: 0.1137, total loss: 0.0724, anchor loss: 0.0310, VFL train accuracy: 0.9583
2026-04-15 04:44:57,303 - Epoch: 3, 141/278: VFL loss: 0.1139, total loss: 0.0725, anchor loss: 0.0312, VFL train accuracy: 0.9579
2026-04-15 04:44:57,569 - Epoch: 3, 151/278: VFL loss: 0.1139, total loss: 0.0725, anchor loss: 0.0311, VFL train accuracy: 0.9581
2026-04-15 04:44:57,848 - Epoch: 3, 161/278: VFL loss: 0.1132, total loss: 0.0721, anchor loss: 0.0310, VFL train accuracy: 0.9583
2026-04-15 04:44:58,100 - Epoch: 3, 171/278: VFL loss: 0.1122, total loss: 0.0716, anchor loss: 0.0309, VFL train accuracy: 0.9589
2026-04-15 04:44:58,371 - Epoch: 3, 181/278: VFL loss: 0.1123, total loss: 0.0716, anchor loss: 0.0309, VFL train accuracy: 0.9590
2026-04-15 04:44:58,637 - Epoch: 3, 191/278: VFL loss: 0.1121, total loss: 0.0715, anchor loss: 0.0308, VFL train accuracy: 0.9591
2026-04-15 04:44:58,910 - Epoch: 3, 201/278: VFL loss: 0.1123, total loss: 0.0715, anchor loss: 0.0308, VFL train accuracy: 0.9591
2026-04-15 04:44:59,200 - Epoch: 3, 211/278: VFL loss: 0.1118, total loss: 0.0713, anchor loss: 0.0307, VFL train accuracy: 0.9592
2026-04-15 04:44:59,464 - Epoch: 3, 221/278: VFL loss: 0.1113, total loss: 0.0710, anchor loss: 0.0307, VFL train accuracy: 0.9592
2026-04-15 04:44:59,743 - Epoch: 3, 231/278: VFL loss: 0.1109, total loss: 0.0708, anchor loss: 0.0306, VFL train accuracy: 0.9593
2026-04-15 04:45:00,038 - Epoch: 3, 241/278: VFL loss: 0.1103, total loss: 0.0704, anchor loss: 0.0305, VFL train accuracy: 0.9596
2026-04-15 04:45:00,304 - Epoch: 3, 251/278: VFL loss: 0.1102, total loss: 0.0704, anchor loss: 0.0305, VFL train accuracy: 0.9594
2026-04-15 04:45:00,576 - Epoch: 3, 261/278: VFL loss: 0.1103, total loss: 0.0704, anchor loss: 0.0305, VFL train accuracy: 0.9593
2026-04-15 04:45:00,865 - Epoch: 3, 271/278: VFL loss: 0.1097, total loss: 0.0700, anchor loss: 0.0304, VFL train accuracy: 0.9594
2026-04-15 04:45:01,068 - => Recorded Stage 2 client anchor losses for epoch 3 to './results/AVGuard/stage3_static_reliability_ablation/PHISHING_static_reliability_on\stage2_final_epoch_client_anchor_losses.json': {0: 0.029838, 1: 0.032487, 2: 0.028884}
2026-04-15 04:45:01,075 - => Stage 2 EMA anchor update applied at epoch 3 with momentum 0.9950: updated classes per client {0: 2, 1: 2, 2: 2}
2026-04-15 04:45:01,076 - => Stage 2 Epoch 3 Training Summary: VFL loss: 0.1097, total loss: 0.0701, anchor loss: 0.0305, VFL train accuracy: 0.9594
2026-04-15 04:45:01,076 - => Test ASR...
2026-04-15 04:45:01,079 - =>Add Trigger to Test Data
2026-04-15 04:45:01,662 - Add Trigger to 6130 Bad Samples, 11600 Clean Samples (1.00)
2026-04-15 04:45:05,638 - => Test Epoch: 3, main task samples: 17730, attack samples: 17730, test loss: 0.1347, clean acc: 0.9288, Top-2: 1.0000, ASR: 0.2008, RAC: 0.8999, test target accuracy: 0.9805, stage3 final accuracy: 0.9288, stage3 final target accuracy: 0.9531, stage3 final asr: 0.2008, anchor loss: 0.0320
2026-04-15 04:45:05,639 - => Stage 3 Detection Summary: recall: 0.7638, precision: 0.8209, f1: 0.7913, false positive rate: 0.0459, correction rate: 0.7638
2026-04-15 04:45:05,639 - => Stage 3 Debug (clean): suspicious=814/17730, correction_applied=811, prediction_changed=811, skipped_tied_vote=0, skipped_low_margin=0, skipped_other=3
2026-04-15 04:45:05,639 - => Stage 3 Debug (poison-valid): suspicious=3909/6130, correction_applied=3909, prediction_changed=3909, skipped_tied_vote=0, skipped_low_margin=0, skipped_other=0
2026-04-15 04:45:05,639 - => Stage 3 Debug (attack-success): suspicious=3877/5076, correction_applied=3877, prediction_changed=3877, corrected_to_true=3877
2026-04-15 04:45:05,639 - => Stage 2 checkpoint score: mean(clean_acc=0.9288, recall=0.7638, correction_rate=0.7638) = 0.8188
2026-04-15 04:45:05,679 - => End Epoch: 3, early stop epochs: 1, best epoch: 2, best clean acc: 0.9326, best Top-2: 1.0000, best ASR: 0.1993, best RAC: 0.8983, anchor loss: 0.0319, best checkpoint score: 0.8233
2026-04-15 04:45:05,680 - => Stage 3 Detection Summary: recall: 0.7687, precision: 0.8236, f1: 0.7952, false positive rate: 0.0476, correction rate: 0.7687
2026-04-15 04:45:05,722 - => LFBA current anchor-derived target label: 0
2026-04-15 04:45:05,725 - =>Add Trigger to Train Data
2026-04-15 04:45:05,952 - Add Trigger to 7091 Bad Samples, 63826 Clean Samples (0.10)
2026-04-15 04:45:05,958 - => Start Training for Injecting Backdoor...
2026-04-15 04:45:05,992 - Epoch: 4, 1/278: VFL loss: 0.0853, total loss: 0.0551, anchor loss: 0.0250, VFL train accuracy: 0.9609
2026-04-15 04:45:06,275 - Epoch: 4, 11/278: VFL loss: 0.1346, total loss: 0.0838, anchor loss: 0.0331, VFL train accuracy: 0.9503
2026-04-15 04:45:06,541 - Epoch: 4, 21/278: VFL loss: 0.1331, total loss: 0.0832, anchor loss: 0.0332, VFL train accuracy: 0.9501
2026-04-15 04:45:06,807 - Epoch: 4, 31/278: VFL loss: 0.1232, total loss: 0.0781, anchor loss: 0.0331, VFL train accuracy: 0.9544
2026-04-15 04:45:07,084 - Epoch: 4, 41/278: VFL loss: 0.1203, total loss: 0.0764, anchor loss: 0.0326, VFL train accuracy: 0.9555
2026-04-15 04:45:07,343 - Epoch: 4, 51/278: VFL loss: 0.1176, total loss: 0.0748, anchor loss: 0.0321, VFL train accuracy: 0.9564
2026-04-15 04:45:07,585 - Epoch: 4, 61/278: VFL loss: 0.1143, total loss: 0.0731, anchor loss: 0.0318, VFL train accuracy: 0.9575
2026-04-15 04:45:07,858 - Epoch: 4, 71/278: VFL loss: 0.1137, total loss: 0.0727, anchor loss: 0.0317, VFL train accuracy: 0.9576
2026-04-15 04:45:08,120 - Epoch: 4, 81/278: VFL loss: 0.1123, total loss: 0.0718, anchor loss: 0.0313, VFL train accuracy: 0.9578
2026-04-15 04:45:08,402 - Epoch: 4, 91/278: VFL loss: 0.1113, total loss: 0.0713, anchor loss: 0.0312, VFL train accuracy: 0.9589
2026-04-15 04:45:08,649 - Epoch: 4, 101/278: VFL loss: 0.1110, total loss: 0.0710, anchor loss: 0.0311, VFL train accuracy: 0.9590
2026-04-15 04:45:08,918 - Epoch: 4, 111/278: VFL loss: 0.1105, total loss: 0.0708, anchor loss: 0.0311, VFL train accuracy: 0.9591
2026-04-15 04:45:09,184 - Epoch: 4, 121/278: VFL loss: 0.1105, total loss: 0.0708, anchor loss: 0.0311, VFL train accuracy: 0.9588
2026-04-15 04:45:09,459 - Epoch: 4, 131/278: VFL loss: 0.1107, total loss: 0.0709, anchor loss: 0.0311, VFL train accuracy: 0.9586
2026-04-15 04:45:09,782 - Epoch: 4, 141/278: VFL loss: 0.1102, total loss: 0.0706, anchor loss: 0.0311, VFL train accuracy: 0.9588
2026-04-15 04:45:10,085 - Epoch: 4, 151/278: VFL loss: 0.1094, total loss: 0.0702, anchor loss: 0.0309, VFL train accuracy: 0.9592
2026-04-15 04:45:10,338 - Epoch: 4, 161/278: VFL loss: 0.1094, total loss: 0.0701, anchor loss: 0.0308, VFL train accuracy: 0.9590
2026-04-15 04:45:10,597 - Epoch: 4, 171/278: VFL loss: 0.1095, total loss: 0.0702, anchor loss: 0.0309, VFL train accuracy: 0.9587
2026-04-15 04:45:10,902 - Epoch: 4, 181/278: VFL loss: 0.1089, total loss: 0.0699, anchor loss: 0.0309, VFL train accuracy: 0.9590
2026-04-15 04:45:11,160 - Epoch: 4, 191/278: VFL loss: 0.1086, total loss: 0.0697, anchor loss: 0.0308, VFL train accuracy: 0.9590
2026-04-15 04:45:11,420 - Epoch: 4, 201/278: VFL loss: 0.1084, total loss: 0.0695, anchor loss: 0.0307, VFL train accuracy: 0.9590
2026-04-15 04:45:11,664 - Epoch: 4, 211/278: VFL loss: 0.1090, total loss: 0.0698, anchor loss: 0.0307, VFL train accuracy: 0.9589
2026-04-15 04:45:11,959 - Epoch: 4, 221/278: VFL loss: 0.1089, total loss: 0.0698, anchor loss: 0.0306, VFL train accuracy: 0.9591
2026-04-15 04:45:12,251 - Epoch: 4, 231/278: VFL loss: 0.1090, total loss: 0.0698, anchor loss: 0.0306, VFL train accuracy: 0.9590
2026-04-15 04:45:12,515 - Epoch: 4, 241/278: VFL loss: 0.1089, total loss: 0.0697, anchor loss: 0.0305, VFL train accuracy: 0.9591
2026-04-15 04:45:12,774 - Epoch: 4, 251/278: VFL loss: 0.1086, total loss: 0.0696, anchor loss: 0.0305, VFL train accuracy: 0.9591
2026-04-15 04:45:13,056 - Epoch: 4, 261/278: VFL loss: 0.1088, total loss: 0.0697, anchor loss: 0.0305, VFL train accuracy: 0.9589
2026-04-15 04:45:13,338 - Epoch: 4, 271/278: VFL loss: 0.1086, total loss: 0.0696, anchor loss: 0.0306, VFL train accuracy: 0.9590
2026-04-15 04:45:13,537 - => Recorded Stage 2 client anchor losses for epoch 4 to './results/AVGuard/stage3_static_reliability_ablation/PHISHING_static_reliability_on\stage2_final_epoch_client_anchor_losses.json': {0: 0.030811, 1: 0.032406, 2: 0.028383}
2026-04-15 04:45:13,545 - => Stage 2 EMA anchor update applied at epoch 4 with momentum 0.9950: updated classes per client {0: 2, 1: 2, 2: 2}
2026-04-15 04:45:13,545 - => Stage 2 Epoch 4 Training Summary: VFL loss: 0.1081, total loss: 0.0693, anchor loss: 0.0305, VFL train accuracy: 0.9591
2026-04-15 04:45:13,545 - => Test ASR...
2026-04-15 04:45:13,549 - =>Add Trigger to Test Data
2026-04-15 04:45:14,090 - Add Trigger to 6130 Bad Samples, 11600 Clean Samples (1.00)
2026-04-15 04:45:18,077 - => Test Epoch: 4, main task samples: 17730, attack samples: 17730, test loss: 0.1178, clean acc: 0.9299, Top-2: 1.0000, ASR: 0.1670, RAC: 0.9046, test target accuracy: 0.9652, stage3 final accuracy: 0.9299, stage3 final target accuracy: 0.9424, stage3 final asr: 0.1670, anchor loss: 0.0308
2026-04-15 04:45:18,077 - => Stage 3 Detection Summary: recall: 0.8019, precision: 0.8070, f1: 0.8044, false positive rate: 0.0527, correction rate: 0.8019
2026-04-15 04:45:18,077 - => Stage 3 Debug (clean): suspicious=934/17730, correction_applied=933, prediction_changed=933, skipped_tied_vote=0, skipped_low_margin=0, skipped_other=1
2026-04-15 04:45:18,077 - => Stage 3 Debug (poison-valid): suspicious=4056/6130, correction_applied=4056, prediction_changed=4056, skipped_tied_vote=0, skipped_low_margin=0, skipped_other=0
2026-04-15 04:45:18,077 - => Stage 3 Debug (attack-success): suspicious=4027/5022, correction_applied=4027, prediction_changed=4027, corrected_to_true=4027
2026-04-15 04:45:18,078 - => Stage 2 checkpoint score: mean(clean_acc=0.9299, recall=0.8019, correction_rate=0.8019) = 0.8446
2026-04-15 04:45:18,078 - => Save best checkpoint model...
2026-04-15 04:45:18,206 - => End Epoch: 4, early stop epochs: 0, best epoch: 4, best clean acc: 0.9299, best Top-2: 1.0000, best ASR: 0.1670, best RAC: 0.9046, anchor loss: 0.0308, best checkpoint score: 0.8446
2026-04-15 04:45:18,207 - => Stage 3 Detection Summary: recall: 0.8019, precision: 0.8070, f1: 0.8044, false positive rate: 0.0527, correction rate: 0.8019
2026-04-15 04:45:18,247 - => LFBA current anchor-derived target label: 0
2026-04-15 04:45:18,251 - =>Add Trigger to Train Data
2026-04-15 04:45:18,473 - Add Trigger to 7091 Bad Samples, 63826 Clean Samples (0.10)
2026-04-15 04:45:18,479 - => Start Training for Injecting Backdoor...
2026-04-15 04:45:18,517 - Epoch: 5, 1/278: VFL loss: 0.0700, total loss: 0.0452, anchor loss: 0.0205, VFL train accuracy: 0.9766
2026-04-15 04:45:18,833 - Epoch: 5, 11/278: VFL loss: 0.0966, total loss: 0.0620, anchor loss: 0.0274, VFL train accuracy: 0.9631
2026-04-15 04:45:19,102 - Epoch: 5, 21/278: VFL loss: 0.1033, total loss: 0.0660, anchor loss: 0.0288, VFL train accuracy: 0.9585
2026-04-15 04:45:19,432 - Epoch: 5, 31/278: VFL loss: 0.1045, total loss: 0.0670, anchor loss: 0.0295, VFL train accuracy: 0.9590
2026-04-15 04:45:19,713 - Epoch: 5, 41/278: VFL loss: 0.1016, total loss: 0.0653, anchor loss: 0.0291, VFL train accuracy: 0.9607
2026-04-15 04:45:19,991 - Epoch: 5, 51/278: VFL loss: 0.1002, total loss: 0.0647, anchor loss: 0.0291, VFL train accuracy: 0.9612
2026-04-15 04:45:20,261 - Epoch: 5, 61/278: VFL loss: 0.0991, total loss: 0.0640, anchor loss: 0.0290, VFL train accuracy: 0.9613
2026-04-15 04:45:20,535 - Epoch: 5, 71/278: VFL loss: 0.1002, total loss: 0.0647, anchor loss: 0.0292, VFL train accuracy: 0.9614
2026-04-15 04:45:20,809 - Epoch: 5, 81/278: VFL loss: 0.1007, total loss: 0.0649, anchor loss: 0.0291, VFL train accuracy: 0.9617
2026-04-15 04:45:21,089 - Epoch: 5, 91/278: VFL loss: 0.1029, total loss: 0.0661, anchor loss: 0.0292, VFL train accuracy: 0.9607
2026-04-15 04:45:21,339 - Epoch: 5, 101/278: VFL loss: 0.1031, total loss: 0.0662, anchor loss: 0.0294, VFL train accuracy: 0.9606
2026-04-15 04:45:21,591 - Epoch: 5, 111/278: VFL loss: 0.1023, total loss: 0.0658, anchor loss: 0.0293, VFL train accuracy: 0.9610
2026-04-15 04:45:21,883 - Epoch: 5, 121/278: VFL loss: 0.1024, total loss: 0.0658, anchor loss: 0.0293, VFL train accuracy: 0.9612
2026-04-15 04:45:22,221 - Epoch: 5, 131/278: VFL loss: 0.1035, total loss: 0.0664, anchor loss: 0.0293, VFL train accuracy: 0.9610
2026-04-15 04:45:22,560 - Epoch: 5, 141/278: VFL loss: 0.1032, total loss: 0.0662, anchor loss: 0.0293, VFL train accuracy: 0.9610
2026-04-15 04:45:22,806 - Epoch: 5, 151/278: VFL loss: 0.1035, total loss: 0.0665, anchor loss: 0.0294, VFL train accuracy: 0.9608
2026-04-15 04:45:23,094 - Epoch: 5, 161/278: VFL loss: 0.1039, total loss: 0.0667, anchor loss: 0.0295, VFL train accuracy: 0.9609
2026-04-15 04:45:23,341 - Epoch: 5, 171/278: VFL loss: 0.1036, total loss: 0.0666, anchor loss: 0.0296, VFL train accuracy: 0.9612
2026-04-15 04:45:23,619 - Epoch: 5, 181/278: VFL loss: 0.1033, total loss: 0.0665, anchor loss: 0.0296, VFL train accuracy: 0.9614
2026-04-15 04:45:23,895 - Epoch: 5, 191/278: VFL loss: 0.1037, total loss: 0.0667, anchor loss: 0.0297, VFL train accuracy: 0.9609
2026-04-15 04:45:24,157 - Epoch: 5, 201/278: VFL loss: 0.1033, total loss: 0.0665, anchor loss: 0.0297, VFL train accuracy: 0.9612
2026-04-15 04:45:24,423 - Epoch: 5, 211/278: VFL loss: 0.1032, total loss: 0.0664, anchor loss: 0.0296, VFL train accuracy: 0.9612
2026-04-15 04:45:24,684 - Epoch: 5, 221/278: VFL loss: 0.1033, total loss: 0.0665, anchor loss: 0.0297, VFL train accuracy: 0.9611
2026-04-15 04:45:24,942 - Epoch: 5, 231/278: VFL loss: 0.1040, total loss: 0.0669, anchor loss: 0.0298, VFL train accuracy: 0.9609
2026-04-15 04:45:25,225 - Epoch: 5, 241/278: VFL loss: 0.1043, total loss: 0.0670, anchor loss: 0.0298, VFL train accuracy: 0.9606
2026-04-15 04:45:25,488 - Epoch: 5, 251/278: VFL loss: 0.1041, total loss: 0.0669, anchor loss: 0.0297, VFL train accuracy: 0.9608
2026-04-15 04:45:25,757 - Epoch: 5, 261/278: VFL loss: 0.1039, total loss: 0.0669, anchor loss: 0.0298, VFL train accuracy: 0.9609
2026-04-15 04:45:26,045 - Epoch: 5, 271/278: VFL loss: 0.1046, total loss: 0.0672, anchor loss: 0.0299, VFL train accuracy: 0.9606
2026-04-15 04:45:26,258 - => Recorded Stage 2 client anchor losses for epoch 5 to './results/AVGuard/stage3_static_reliability_ablation/PHISHING_static_reliability_on\stage2_final_epoch_client_anchor_losses.json': {0: 0.029044, 1: 0.032087, 2: 0.028426}
2026-04-15 04:45:26,265 - => Stage 2 EMA anchor update applied at epoch 5 with momentum 0.9950: updated classes per client {0: 2, 1: 2, 2: 2}
2026-04-15 04:45:26,265 - => Stage 2 Epoch 5 Training Summary: VFL loss: 0.1040, total loss: 0.0669, anchor loss: 0.0299, VFL train accuracy: 0.9606
2026-04-15 04:45:26,265 - => Test ASR...
2026-04-15 04:45:26,268 - =>Add Trigger to Test Data
2026-04-15 04:45:26,827 - Add Trigger to 6130 Bad Samples, 11600 Clean Samples (1.00)
2026-04-15 04:45:31,414 - => Test Epoch: 5, main task samples: 17730, attack samples: 17730, test loss: 0.1211, clean acc: 0.9292, Top-2: 1.0000, ASR: 0.1502, RAC: 0.9074, test target accuracy: 0.9600, stage3 final accuracy: 0.9292, stage3 final target accuracy: 0.9378, stage3 final asr: 0.1502, anchor loss: 0.0303
2026-04-15 04:45:31,414 - => Stage 3 Detection Summary: recall: 0.8263, precision: 0.8137, f1: 0.8200, false positive rate: 0.0539, correction rate: 0.8263
2026-04-15 04:45:31,414 - => Stage 3 Debug (clean): suspicious=955/17730, correction_applied=953, prediction_changed=953, skipped_tied_vote=0, skipped_low_margin=0, skipped_other=2
2026-04-15 04:45:31,414 - => Stage 3 Debug (poison-valid): suspicious=4296/6130, correction_applied=4296, prediction_changed=4296, skipped_tied_vote=0, skipped_low_margin=0, skipped_other=0
2026-04-15 04:45:31,416 - => Stage 3 Debug (attack-success): suspicious=4273/5171, correction_applied=4273, prediction_changed=4273, corrected_to_true=4273
2026-04-15 04:45:31,416 - => Stage 2 checkpoint score: mean(clean_acc=0.9292, recall=0.8263, correction_rate=0.8263) = 0.8606
2026-04-15 04:45:31,416 - => Save best checkpoint model...
2026-04-15 04:45:31,520 - => End Epoch: 5, early stop epochs: 0, best epoch: 5, best clean acc: 0.9292, best Top-2: 1.0000, best ASR: 0.1502, best RAC: 0.9074, anchor loss: 0.0303, best checkpoint score: 0.8606
2026-04-15 04:45:31,520 - => Stage 3 Detection Summary: recall: 0.8263, precision: 0.8137, f1: 0.8200, false positive rate: 0.0539, correction rate: 0.8263
2026-04-15 04:45:31,558 - => LFBA current anchor-derived target label: 0
2026-04-15 04:45:31,561 - =>Add Trigger to Train Data
2026-04-15 04:45:31,785 - Add Trigger to 7091 Bad Samples, 63826 Clean Samples (0.10)
2026-04-15 04:45:31,791 - => Start Training for Injecting Backdoor...
2026-04-15 04:45:31,827 - Epoch: 6, 1/278: VFL loss: 0.0944, total loss: 0.0622, anchor loss: 0.0299, VFL train accuracy: 0.9531
2026-04-15 04:45:32,112 - Epoch: 6, 11/278: VFL loss: 0.0969, total loss: 0.0631, anchor loss: 0.0293, VFL train accuracy: 0.9677
2026-04-15 04:45:32,364 - Epoch: 6, 21/278: VFL loss: 0.0912, total loss: 0.0596, anchor loss: 0.0280, VFL train accuracy: 0.9686
2026-04-15 04:45:32,656 - Epoch: 6, 31/278: VFL loss: 0.0961, total loss: 0.0624, anchor loss: 0.0287, VFL train accuracy: 0.9656
2026-04-15 04:45:32,948 - Epoch: 6, 41/278: VFL loss: 0.0952, total loss: 0.0619, anchor loss: 0.0287, VFL train accuracy: 0.9657
2026-04-15 04:45:33,208 - Epoch: 6, 51/278: VFL loss: 0.0970, total loss: 0.0631, anchor loss: 0.0292, VFL train accuracy: 0.9645
2026-04-15 04:45:33,491 - Epoch: 6, 61/278: VFL loss: 0.0962, total loss: 0.0627, anchor loss: 0.0291, VFL train accuracy: 0.9638
2026-04-15 04:45:33,746 - Epoch: 6, 71/278: VFL loss: 0.0965, total loss: 0.0628, anchor loss: 0.0291, VFL train accuracy: 0.9636
2026-04-15 04:45:34,011 - Epoch: 6, 81/278: VFL loss: 0.0985, total loss: 0.0638, anchor loss: 0.0292, VFL train accuracy: 0.9632
2026-04-15 04:45:34,261 - Epoch: 6, 91/278: VFL loss: 0.0987, total loss: 0.0640, anchor loss: 0.0293, VFL train accuracy: 0.9630
2026-04-15 04:45:34,532 - Epoch: 6, 101/278: VFL loss: 0.0997, total loss: 0.0646, anchor loss: 0.0295, VFL train accuracy: 0.9623
2026-04-15 04:45:34,932 - Epoch: 6, 111/278: VFL loss: 0.0998, total loss: 0.0647, anchor loss: 0.0296, VFL train accuracy: 0.9623
2026-04-15 04:45:35,262 - Epoch: 6, 121/278: VFL loss: 0.0999, total loss: 0.0647, anchor loss: 0.0296, VFL train accuracy: 0.9624
2026-04-15 04:45:35,559 - Epoch: 6, 131/278: VFL loss: 0.0995, total loss: 0.0645, anchor loss: 0.0295, VFL train accuracy: 0.9626
2026-04-15 04:45:35,829 - Epoch: 6, 141/278: VFL loss: 0.0998, total loss: 0.0646, anchor loss: 0.0294, VFL train accuracy: 0.9623
2026-04-15 04:45:36,112 - Epoch: 6, 151/278: VFL loss: 0.1001, total loss: 0.0648, anchor loss: 0.0294, VFL train accuracy: 0.9624
2026-04-15 04:45:36,424 - Epoch: 6, 161/278: VFL loss: 0.0998, total loss: 0.0646, anchor loss: 0.0293, VFL train accuracy: 0.9626
2026-04-15 04:45:36,698 - Epoch: 6, 171/278: VFL loss: 0.0998, total loss: 0.0646, anchor loss: 0.0293, VFL train accuracy: 0.9625
2026-04-15 04:45:36,974 - Epoch: 6, 181/278: VFL loss: 0.1003, total loss: 0.0648, anchor loss: 0.0294, VFL train accuracy: 0.9623
2026-04-15 04:45:37,241 - Epoch: 6, 191/278: VFL loss: 0.1002, total loss: 0.0648, anchor loss: 0.0293, VFL train accuracy: 0.9624
2026-04-15 04:45:37,519 - Epoch: 6, 201/278: VFL loss: 0.1003, total loss: 0.0649, anchor loss: 0.0294, VFL train accuracy: 0.9624
2026-04-15 04:45:37,770 - Epoch: 6, 211/278: VFL loss: 0.1004, total loss: 0.0649, anchor loss: 0.0294, VFL train accuracy: 0.9622
2026-04-15 04:45:38,027 - Epoch: 6, 221/278: VFL loss: 0.1002, total loss: 0.0649, anchor loss: 0.0295, VFL train accuracy: 0.9624
2026-04-15 04:45:38,284 - Epoch: 6, 231/278: VFL loss: 0.1007, total loss: 0.0651, anchor loss: 0.0295, VFL train accuracy: 0.9621
2026-04-15 04:45:38,569 - Epoch: 6, 241/278: VFL loss: 0.1012, total loss: 0.0653, anchor loss: 0.0295, VFL train accuracy: 0.9621
2026-04-15 04:45:38,838 - Epoch: 6, 251/278: VFL loss: 0.1012, total loss: 0.0653, anchor loss: 0.0294, VFL train accuracy: 0.9622
2026-04-15 04:45:39,092 - Epoch: 6, 261/278: VFL loss: 0.1010, total loss: 0.0652, anchor loss: 0.0294, VFL train accuracy: 0.9621
2026-04-15 04:45:39,343 - Epoch: 6, 271/278: VFL loss: 0.1013, total loss: 0.0654, anchor loss: 0.0294, VFL train accuracy: 0.9621
2026-04-15 04:45:39,565 - => Recorded Stage 2 client anchor losses for epoch 6 to './results/AVGuard/stage3_static_reliability_ablation/PHISHING_static_reliability_on\stage2_final_epoch_client_anchor_losses.json': {0: 0.028699, 1: 0.031869, 2: 0.027878}
2026-04-15 04:45:39,576 - => Stage 2 EMA anchor update applied at epoch 6 with momentum 0.9950: updated classes per client {0: 2, 1: 2, 2: 2}
2026-04-15 04:45:39,576 - => Stage 2 Epoch 6 Training Summary: VFL loss: 0.1015, total loss: 0.0656, anchor loss: 0.0296, VFL train accuracy: 0.9620
2026-04-15 04:45:39,576 - => Test ASR...
2026-04-15 04:45:39,579 - =>Add Trigger to Test Data
2026-04-15 04:45:40,117 - Add Trigger to 6130 Bad Samples, 11600 Clean Samples (1.00)
2026-04-15 04:45:44,077 - => Test Epoch: 6, main task samples: 17730, attack samples: 17730, test loss: 0.1165, clean acc: 0.9296, Top-2: 1.0000, ASR: 0.1653, RAC: 0.9052, test target accuracy: 0.9652, stage3 final accuracy: 0.9296, stage3 final target accuracy: 0.9425, stage3 final asr: 0.1653, anchor loss: 0.0302
2026-04-15 04:45:44,078 - => Stage 3 Detection Summary: recall: 0.8098, precision: 0.8118, f1: 0.8108, false positive rate: 0.0535, correction rate: 0.8098
2026-04-15 04:45:44,078 - => Stage 3 Debug (clean): suspicious=948/17730, correction_applied=947, prediction_changed=947, skipped_tied_vote=0, skipped_low_margin=0, skipped_other=1
2026-04-15 04:45:44,078 - => Stage 3 Debug (poison-valid): suspicious=4228/6130, correction_applied=4228, prediction_changed=4228, skipped_tied_vote=0, skipped_low_margin=0, skipped_other=0
2026-04-15 04:45:44,078 - => Stage 3 Debug (attack-success): suspicious=4202/5189, correction_applied=4202, prediction_changed=4202, corrected_to_true=4202
2026-04-15 04:45:44,079 - => Stage 2 checkpoint score: mean(clean_acc=0.9296, recall=0.8098, correction_rate=0.8098) = 0.8497
2026-04-15 04:45:44,117 - => End Epoch: 6, early stop epochs: 1, best epoch: 5, best clean acc: 0.9292, best Top-2: 1.0000, best ASR: 0.1502, best RAC: 0.9074, anchor loss: 0.0303, best checkpoint score: 0.8606
2026-04-15 04:45:44,117 - => Stage 3 Detection Summary: recall: 0.8263, precision: 0.8137, f1: 0.8200, false positive rate: 0.0539, correction rate: 0.8263
2026-04-15 04:45:44,161 - => LFBA current anchor-derived target label: 0
2026-04-15 04:45:44,164 - =>Add Trigger to Train Data
2026-04-15 04:45:44,395 - Add Trigger to 7091 Bad Samples, 63826 Clean Samples (0.10)
2026-04-15 04:45:44,399 - => Start Training for Injecting Backdoor...
2026-04-15 04:45:44,437 - Epoch: 7, 1/278: VFL loss: 0.0851, total loss: 0.0593, anchor loss: 0.0334, VFL train accuracy: 0.9570
2026-04-15 04:45:44,758 - Epoch: 7, 11/278: VFL loss: 0.1115, total loss: 0.0709, anchor loss: 0.0303, VFL train accuracy: 0.9560
2026-04-15 04:45:45,061 - Epoch: 7, 21/278: VFL loss: 0.1079, total loss: 0.0693, anchor loss: 0.0306, VFL train accuracy: 0.9585
2026-04-15 04:45:45,330 - Epoch: 7, 31/278: VFL loss: 0.1045, total loss: 0.0674, anchor loss: 0.0302, VFL train accuracy: 0.9598
2026-04-15 04:45:45,596 - Epoch: 7, 41/278: VFL loss: 0.1017, total loss: 0.0657, anchor loss: 0.0297, VFL train accuracy: 0.9600
2026-04-15 04:45:45,885 - Epoch: 7, 51/278: VFL loss: 0.1023, total loss: 0.0662, anchor loss: 0.0300, VFL train accuracy: 0.9593
2026-04-15 04:45:46,160 - Epoch: 7, 61/278: VFL loss: 0.1019, total loss: 0.0658, anchor loss: 0.0297, VFL train accuracy: 0.9598
2026-04-15 04:45:46,459 - Epoch: 7, 71/278: VFL loss: 0.1011, total loss: 0.0653, anchor loss: 0.0294, VFL train accuracy: 0.9606
2026-04-15 04:45:46,785 - Epoch: 7, 81/278: VFL loss: 0.1000, total loss: 0.0646, anchor loss: 0.0292, VFL train accuracy: 0.9613
2026-04-15 04:45:47,098 - Epoch: 7, 91/278: VFL loss: 0.0983, total loss: 0.0636, anchor loss: 0.0289, VFL train accuracy: 0.9624
2026-04-15 04:45:47,375 - Epoch: 7, 101/278: VFL loss: 0.0976, total loss: 0.0632, anchor loss: 0.0288, VFL train accuracy: 0.9627
2026-04-15 04:45:47,673 - Epoch: 7, 111/278: VFL loss: 0.0979, total loss: 0.0634, anchor loss: 0.0289, VFL train accuracy: 0.9623
2026-04-15 04:45:47,972 - Epoch: 7, 121/278: VFL loss: 0.0988, total loss: 0.0639, anchor loss: 0.0290, VFL train accuracy: 0.9619
2026-04-15 04:45:48,250 - Epoch: 7, 131/278: VFL loss: 0.0992, total loss: 0.0641, anchor loss: 0.0290, VFL train accuracy: 0.9618
2026-04-15 04:45:48,514 - Epoch: 7, 141/278: VFL loss: 0.0989, total loss: 0.0640, anchor loss: 0.0290, VFL train accuracy: 0.9621
2026-04-15 04:45:48,783 - Epoch: 7, 151/278: VFL loss: 0.0985, total loss: 0.0639, anchor loss: 0.0292, VFL train accuracy: 0.9622
2026-04-15 04:45:49,058 - Epoch: 7, 161/278: VFL loss: 0.0988, total loss: 0.0640, anchor loss: 0.0292, VFL train accuracy: 0.9620
2026-04-15 04:45:49,317 - Epoch: 7, 171/278: VFL loss: 0.0995, total loss: 0.0644, anchor loss: 0.0292, VFL train accuracy: 0.9618
2026-04-15 04:45:49,561 - Epoch: 7, 181/278: VFL loss: 0.0997, total loss: 0.0645, anchor loss: 0.0292, VFL train accuracy: 0.9616
2026-04-15 04:45:49,836 - Epoch: 7, 191/278: VFL loss: 0.0993, total loss: 0.0643, anchor loss: 0.0293, VFL train accuracy: 0.9619
2026-04-15 04:45:50,126 - Epoch: 7, 201/278: VFL loss: 0.0994, total loss: 0.0643, anchor loss: 0.0292, VFL train accuracy: 0.9620
2026-04-15 04:45:50,382 - Epoch: 7, 211/278: VFL loss: 0.0999, total loss: 0.0646, anchor loss: 0.0293, VFL train accuracy: 0.9618
2026-04-15 04:45:50,633 - Epoch: 7, 221/278: VFL loss: 0.1005, total loss: 0.0649, anchor loss: 0.0294, VFL train accuracy: 0.9618
2026-04-15 04:45:50,901 - Epoch: 7, 231/278: VFL loss: 0.1008, total loss: 0.0651, anchor loss: 0.0294, VFL train accuracy: 0.9617
2026-04-15 04:45:51,156 - Epoch: 7, 241/278: VFL loss: 0.1010, total loss: 0.0652, anchor loss: 0.0294, VFL train accuracy: 0.9615
2026-04-15 04:45:51,401 - Epoch: 7, 251/278: VFL loss: 0.1007, total loss: 0.0651, anchor loss: 0.0294, VFL train accuracy: 0.9618
2026-04-15 04:45:51,641 - Epoch: 7, 261/278: VFL loss: 0.1008, total loss: 0.0651, anchor loss: 0.0294, VFL train accuracy: 0.9619
2026-04-15 04:45:51,915 - Epoch: 7, 271/278: VFL loss: 0.1009, total loss: 0.0651, anchor loss: 0.0294, VFL train accuracy: 0.9620
2026-04-15 04:45:52,136 - => Recorded Stage 2 client anchor losses for epoch 7 to './results/AVGuard/stage3_static_reliability_ablation/PHISHING_static_reliability_on\stage2_final_epoch_client_anchor_losses.json': {0: 0.028248, 1: 0.031795, 2: 0.028142}
2026-04-15 04:45:52,143 - => Stage 2 EMA anchor update applied at epoch 7 with momentum 0.9950: updated classes per client {0: 2, 1: 2, 2: 2}
2026-04-15 04:45:52,143 - => Stage 2 Epoch 7 Training Summary: VFL loss: 0.1006, total loss: 0.0649, anchor loss: 0.0293, VFL train accuracy: 0.9620
2026-04-15 04:45:52,143 - => Test ASR...
2026-04-15 04:45:52,146 - =>Add Trigger to Test Data
2026-04-15 04:45:52,676 - Add Trigger to 6130 Bad Samples, 11600 Clean Samples (1.00)
2026-04-15 04:45:56,568 - => Test Epoch: 7, main task samples: 17730, attack samples: 17730, test loss: 0.1173, clean acc: 0.9294, Top-2: 1.0000, ASR: 0.1728, RAC: 0.9027, test target accuracy: 0.9724, stage3 final accuracy: 0.9294, stage3 final target accuracy: 0.9426, stage3 final asr: 0.1728, anchor loss: 0.0301
2026-04-15 04:45:56,569 - => Stage 3 Detection Summary: recall: 0.8063, precision: 0.8139, f1: 0.8101, false positive rate: 0.0549, correction rate: 0.8063
2026-04-15 04:45:56,569 - => Stage 3 Debug (clean): suspicious=973/17730, correction_applied=972, prediction_changed=972, skipped_tied_vote=0, skipped_low_margin=0, skipped_other=1
2026-04-15 04:45:56,569 - => Stage 3 Debug (poison-valid): suspicious=4352/6130, correction_applied=4352, prediction_changed=4352, skipped_tied_vote=0, skipped_low_margin=0, skipped_other=0
2026-04-15 04:45:56,569 - => Stage 3 Debug (attack-success): suspicious=4334/5375, correction_applied=4334, prediction_changed=4334, corrected_to_true=4334
2026-04-15 04:45:56,571 - => Stage 2 checkpoint score: mean(clean_acc=0.9294, recall=0.8063, correction_rate=0.8063) = 0.8474
2026-04-15 04:45:56,615 - => End Epoch: 7, early stop epochs: 2, best epoch: 5, best clean acc: 0.9292, best Top-2: 1.0000, best ASR: 0.1502, best RAC: 0.9074, anchor loss: 0.0303, best checkpoint score: 0.8606
2026-04-15 04:45:56,615 - => Stage 3 Detection Summary: recall: 0.8263, precision: 0.8137, f1: 0.8200, false positive rate: 0.0539, correction rate: 0.8263
2026-04-15 04:45:56,662 - => LFBA current anchor-derived target label: 0
2026-04-15 04:45:56,666 - =>Add Trigger to Train Data
2026-04-15 04:45:56,914 - Add Trigger to 7091 Bad Samples, 63826 Clean Samples (0.10)
2026-04-15 04:45:56,920 - => Start Training for Injecting Backdoor...
2026-04-15 04:45:56,967 - Epoch: 8, 1/278: VFL loss: 0.0627, total loss: 0.0437, anchor loss: 0.0248, VFL train accuracy: 0.9805
2026-04-15 04:45:57,301 - Epoch: 8, 11/278: VFL loss: 0.1034, total loss: 0.0665, anchor loss: 0.0297, VFL train accuracy: 0.9595
2026-04-15 04:45:57,625 - Epoch: 8, 21/278: VFL loss: 0.0989, total loss: 0.0640, anchor loss: 0.0291, VFL train accuracy: 0.9619
2026-04-15 04:45:57,950 - Epoch: 8, 31/278: VFL loss: 0.0950, total loss: 0.0617, anchor loss: 0.0285, VFL train accuracy: 0.9632
2026-04-15 04:45:58,344 - Epoch: 8, 41/278: VFL loss: 0.0965, total loss: 0.0627, anchor loss: 0.0289, VFL train accuracy: 0.9627
2026-04-15 04:45:58,666 - Epoch: 8, 51/278: VFL loss: 0.0975, total loss: 0.0633, anchor loss: 0.0292, VFL train accuracy: 0.9629
2026-04-15 04:45:58,971 - Epoch: 8, 61/278: VFL loss: 0.1004, total loss: 0.0648, anchor loss: 0.0291, VFL train accuracy: 0.9623
2026-04-15 04:45:59,299 - Epoch: 8, 71/278: VFL loss: 0.0988, total loss: 0.0640, anchor loss: 0.0292, VFL train accuracy: 0.9628
2026-04-15 04:45:59,617 - Epoch: 8, 81/278: VFL loss: 0.1016, total loss: 0.0655, anchor loss: 0.0295, VFL train accuracy: 0.9618
2026-04-15 04:45:59,960 - Epoch: 8, 91/278: VFL loss: 0.1012, total loss: 0.0653, anchor loss: 0.0294, VFL train accuracy: 0.9617
2026-04-15 04:46:00,251 - Epoch: 8, 101/278: VFL loss: 0.1023, total loss: 0.0659, anchor loss: 0.0295, VFL train accuracy: 0.9616
2026-04-15 04:46:00,531 - Epoch: 8, 111/278: VFL loss: 0.1024, total loss: 0.0660, anchor loss: 0.0296, VFL train accuracy: 0.9614
2026-04-15 04:46:00,854 - Epoch: 8, 121/278: VFL loss: 0.1037, total loss: 0.0667, anchor loss: 0.0297, VFL train accuracy: 0.9607
2026-04-15 04:46:01,165 - Epoch: 8, 131/278: VFL loss: 0.1031, total loss: 0.0663, anchor loss: 0.0296, VFL train accuracy: 0.9612
2026-04-15 04:46:01,442 - Epoch: 8, 141/278: VFL loss: 0.1026, total loss: 0.0661, anchor loss: 0.0296, VFL train accuracy: 0.9613
2026-04-15 04:46:01,741 - Epoch: 8, 151/278: VFL loss: 0.1021, total loss: 0.0658, anchor loss: 0.0295, VFL train accuracy: 0.9616
2026-04-15 04:46:02,057 - Epoch: 8, 161/278: VFL loss: 0.1012, total loss: 0.0652, anchor loss: 0.0293, VFL train accuracy: 0.9619
2026-04-15 04:46:02,374 - Epoch: 8, 171/278: VFL loss: 0.1008, total loss: 0.0650, anchor loss: 0.0292, VFL train accuracy: 0.9622
2026-04-15 04:46:02,694 - Epoch: 8, 181/278: VFL loss: 0.1001, total loss: 0.0646, anchor loss: 0.0292, VFL train accuracy: 0.9623
2026-04-15 04:46:02,998 - Epoch: 8, 191/278: VFL loss: 0.1002, total loss: 0.0647, anchor loss: 0.0291, VFL train accuracy: 0.9624
2026-04-15 04:46:03,338 - Epoch: 8, 201/278: VFL loss: 0.0995, total loss: 0.0643, anchor loss: 0.0291, VFL train accuracy: 0.9626
2026-04-15 04:46:03,636 - Epoch: 8, 211/278: VFL loss: 0.0994, total loss: 0.0643, anchor loss: 0.0291, VFL train accuracy: 0.9625
2026-04-15 04:46:03,945 - Epoch: 8, 221/278: VFL loss: 0.0988, total loss: 0.0640, anchor loss: 0.0291, VFL train accuracy: 0.9629
2026-04-15 04:46:04,423 - Epoch: 8, 231/278: VFL loss: 0.0995, total loss: 0.0643, anchor loss: 0.0291, VFL train accuracy: 0.9626
2026-04-15 04:46:04,763 - Epoch: 8, 241/278: VFL loss: 0.0997, total loss: 0.0645, anchor loss: 0.0292, VFL train accuracy: 0.9626
2026-04-15 04:46:05,095 - Epoch: 8, 251/278: VFL loss: 0.1001, total loss: 0.0647, anchor loss: 0.0292, VFL train accuracy: 0.9624
2026-04-15 04:46:05,397 - Epoch: 8, 261/278: VFL loss: 0.1004, total loss: 0.0649, anchor loss: 0.0293, VFL train accuracy: 0.9624
2026-04-15 04:46:05,704 - Epoch: 8, 271/278: VFL loss: 0.1001, total loss: 0.0646, anchor loss: 0.0292, VFL train accuracy: 0.9625
2026-04-15 04:46:05,935 - => Recorded Stage 2 client anchor losses for epoch 8 to './results/AVGuard/stage3_static_reliability_ablation/PHISHING_static_reliability_on\stage2_final_epoch_client_anchor_losses.json': {0: 0.028273, 1: 0.031622, 2: 0.027582}
2026-04-15 04:46:05,941 - => Stage 2 EMA anchor update applied at epoch 8 with momentum 0.9950: updated classes per client {0: 2, 1: 2, 2: 2}
2026-04-15 04:46:05,943 - => Stage 2 Epoch 8 Training Summary: VFL loss: 0.0995, total loss: 0.0643, anchor loss: 0.0292, VFL train accuracy: 0.9625
2026-04-15 04:46:05,943 - => Test ASR...
2026-04-15 04:46:05,945 - =>Add Trigger to Test Data
2026-04-15 04:46:06,451 - Add Trigger to 6130 Bad Samples, 11600 Clean Samples (1.00)
2026-04-15 04:46:10,315 - => Test Epoch: 8, main task samples: 17730, attack samples: 17730, test loss: 0.1201, clean acc: 0.9288, Top-2: 1.0000, ASR: 0.1560, RAC: 0.9068, test target accuracy: 0.9601, stage3 final accuracy: 0.9288, stage3 final target accuracy: 0.9399, stage3 final asr: 0.1560, anchor loss: 0.0299
2026-04-15 04:46:10,315 - => Stage 3 Detection Summary: recall: 0.8197, precision: 0.8085, f1: 0.8141, false positive rate: 0.0534, correction rate: 0.8195
2026-04-15 04:46:10,315 - => Stage 3 Debug (clean): suspicious=947/17730, correction_applied=946, prediction_changed=946, skipped_tied_vote=0, skipped_low_margin=0, skipped_other=1
2026-04-15 04:46:10,315 - => Stage 3 Debug (poison-valid): suspicious=4203/6130, correction_applied=4202, prediction_changed=4202, skipped_tied_vote=0, skipped_low_margin=0, skipped_other=1
2026-04-15 04:46:10,316 - => Stage 3 Debug (attack-success): suspicious=4164/5080, correction_applied=4163, prediction_changed=4163, corrected_to_true=4163
2026-04-15 04:46:10,316 - => Stage 2 checkpoint score: mean(clean_acc=0.9288, recall=0.8197, correction_rate=0.8195) = 0.8560
2026-04-15 04:46:10,356 - => End Epoch: 8, early stop epochs: 3, best epoch: 5, best clean acc: 0.9292, best Top-2: 1.0000, best ASR: 0.1502, best RAC: 0.9074, anchor loss: 0.0303, best checkpoint score: 0.8606
2026-04-15 04:46:10,357 - => Stage 3 Detection Summary: recall: 0.8263, precision: 0.8137, f1: 0.8200, false positive rate: 0.0539, correction rate: 0.8263
2026-04-15 04:46:10,398 - => LFBA current anchor-derived target label: 0
2026-04-15 04:46:10,401 - =>Add Trigger to Train Data
2026-04-15 04:46:10,622 - Add Trigger to 7091 Bad Samples, 63826 Clean Samples (0.10)
2026-04-15 04:46:10,629 - => Start Training for Injecting Backdoor...
2026-04-15 04:46:10,663 - Epoch: 9, 1/278: VFL loss: 0.1284, total loss: 0.0829, anchor loss: 0.0374, VFL train accuracy: 0.9570
2026-04-15 04:46:10,940 - Epoch: 9, 11/278: VFL loss: 0.1010, total loss: 0.0658, anchor loss: 0.0305, VFL train accuracy: 0.9634
2026-04-15 04:46:11,192 - Epoch: 9, 21/278: VFL loss: 0.0980, total loss: 0.0637, anchor loss: 0.0294, VFL train accuracy: 0.9635
2026-04-15 04:46:11,460 - Epoch: 9, 31/278: VFL loss: 0.1002, total loss: 0.0648, anchor loss: 0.0293, VFL train accuracy: 0.9638
2026-04-15 04:46:11,717 - Epoch: 9, 41/278: VFL loss: 0.1016, total loss: 0.0655, anchor loss: 0.0295, VFL train accuracy: 0.9637
2026-04-15 04:46:12,028 - Epoch: 9, 51/278: VFL loss: 0.0989, total loss: 0.0640, anchor loss: 0.0291, VFL train accuracy: 0.9642
2026-04-15 04:46:12,274 - Epoch: 9, 61/278: VFL loss: 0.0977, total loss: 0.0634, anchor loss: 0.0290, VFL train accuracy: 0.9643
2026-04-15 04:46:12,533 - Epoch: 9, 71/278: VFL loss: 0.0948, total loss: 0.0617, anchor loss: 0.0287, VFL train accuracy: 0.9654
2026-04-15 04:46:12,776 - Epoch: 9, 81/278: VFL loss: 0.0940, total loss: 0.0613, anchor loss: 0.0286, VFL train accuracy: 0.9655
2026-04-15 04:46:13,037 - Epoch: 9, 91/278: VFL loss: 0.0947, total loss: 0.0617, anchor loss: 0.0287, VFL train accuracy: 0.9656
2026-04-15 04:46:13,288 - Epoch: 9, 101/278: VFL loss: 0.0948, total loss: 0.0618, anchor loss: 0.0288, VFL train accuracy: 0.9652
2026-04-15 04:46:13,533 - Epoch: 9, 111/278: VFL loss: 0.0950, total loss: 0.0619, anchor loss: 0.0288, VFL train accuracy: 0.9651
2026-04-15 04:46:13,782 - Epoch: 9, 121/278: VFL loss: 0.0966, total loss: 0.0628, anchor loss: 0.0291, VFL train accuracy: 0.9640
2026-04-15 04:46:14,061 - Epoch: 9, 131/278: VFL loss: 0.0969, total loss: 0.0630, anchor loss: 0.0291, VFL train accuracy: 0.9639
2026-04-15 04:46:14,321 - Epoch: 9, 141/278: VFL loss: 0.0976, total loss: 0.0634, anchor loss: 0.0292, VFL train accuracy: 0.9638
2026-04-15 04:46:14,569 - Epoch: 9, 151/278: VFL loss: 0.0971, total loss: 0.0631, anchor loss: 0.0290, VFL train accuracy: 0.9642
2026-04-15 04:46:14,845 - Epoch: 9, 161/278: VFL loss: 0.0981, total loss: 0.0636, anchor loss: 0.0291, VFL train accuracy: 0.9637
2026-04-15 04:46:15,107 - Epoch: 9, 171/278: VFL loss: 0.0983, total loss: 0.0637, anchor loss: 0.0291, VFL train accuracy: 0.9637
2026-04-15 04:46:15,392 - Epoch: 9, 181/278: VFL loss: 0.0973, total loss: 0.0632, anchor loss: 0.0291, VFL train accuracy: 0.9640
2026-04-15 04:46:15,663 - Epoch: 9, 191/278: VFL loss: 0.0972, total loss: 0.0631, anchor loss: 0.0290, VFL train accuracy: 0.9640
2026-04-15 04:46:15,936 - Epoch: 9, 201/278: VFL loss: 0.0972, total loss: 0.0631, anchor loss: 0.0290, VFL train accuracy: 0.9639
2026-04-15 04:46:16,193 - Epoch: 9, 211/278: VFL loss: 0.0978, total loss: 0.0634, anchor loss: 0.0291, VFL train accuracy: 0.9638
2026-04-15 04:46:16,483 - Epoch: 9, 221/278: VFL loss: 0.0978, total loss: 0.0634, anchor loss: 0.0291, VFL train accuracy: 0.9638
2026-04-15 04:46:16,750 - Epoch: 9, 231/278: VFL loss: 0.0979, total loss: 0.0635, anchor loss: 0.0290, VFL train accuracy: 0.9637
2026-04-15 04:46:17,076 - Epoch: 9, 241/278: VFL loss: 0.0980, total loss: 0.0635, anchor loss: 0.0290, VFL train accuracy: 0.9638
2026-04-15 04:46:17,335 - Epoch: 9, 251/278: VFL loss: 0.0981, total loss: 0.0636, anchor loss: 0.0291, VFL train accuracy: 0.9638
2026-04-15 04:46:17,585 - Epoch: 9, 261/278: VFL loss: 0.0983, total loss: 0.0637, anchor loss: 0.0290, VFL train accuracy: 0.9635
2026-04-15 04:46:17,863 - Epoch: 9, 271/278: VFL loss: 0.0983, total loss: 0.0637, anchor loss: 0.0291, VFL train accuracy: 0.9635
2026-04-15 04:46:18,071 - => Recorded Stage 2 client anchor losses for epoch 9 to './results/AVGuard/stage3_static_reliability_ablation/PHISHING_static_reliability_on\stage2_final_epoch_client_anchor_losses.json': {0: 0.028131, 1: 0.031384, 2: 0.027702}
2026-04-15 04:46:18,081 - => Stage 2 EMA anchor update applied at epoch 9 with momentum 0.9950: updated classes per client {0: 2, 1: 2, 2: 2}
2026-04-15 04:46:18,081 - => Stage 2 Epoch 9 Training Summary: VFL loss: 0.0981, total loss: 0.0636, anchor loss: 0.0290, VFL train accuracy: 0.9634
2026-04-15 04:46:18,081 - => Test ASR...
2026-04-15 04:46:18,084 - =>Add Trigger to Test Data
2026-04-15 04:46:18,608 - Add Trigger to 6130 Bad Samples, 11600 Clean Samples (1.00)
2026-04-15 04:46:22,294 - => Test Epoch: 9, main task samples: 17730, attack samples: 17730, test loss: 0.1159, clean acc: 0.9305, Top-2: 1.0000, ASR: 0.1662, RAC: 0.9059, test target accuracy: 0.9662, stage3 final accuracy: 0.9305, stage3 final target accuracy: 0.9441, stage3 final asr: 0.1662, anchor loss: 0.0294
2026-04-15 04:46:22,295 - => Stage 3 Detection Summary: recall: 0.8038, precision: 0.8099, f1: 0.8068, false positive rate: 0.0522, correction rate: 0.8032
2026-04-15 04:46:22,295 - => Stage 3 Debug (clean): suspicious=926/17730, correction_applied=925, prediction_changed=925, skipped_tied_vote=0, skipped_low_margin=0, skipped_other=1
2026-04-15 04:46:22,295 - => Stage 3 Debug (poison-valid): suspicious=4081/6130, correction_applied=4078, prediction_changed=4078, skipped_tied_vote=0, skipped_low_margin=0, skipped_other=3
2026-04-15 04:46:22,295 - => Stage 3 Debug (attack-success): suspicious=4055/5045, correction_applied=4052, prediction_changed=4052, corrected_to_true=4052
2026-04-15 04:46:22,296 - => Stage 2 checkpoint score: mean(clean_acc=0.9305, recall=0.8038, correction_rate=0.8032) = 0.8458
2026-04-15 04:46:22,336 - => End Epoch: 9, early stop epochs: 4, best epoch: 5, best clean acc: 0.9292, best Top-2: 1.0000, best ASR: 0.1502, best RAC: 0.9074, anchor loss: 0.0303, best checkpoint score: 0.8606
2026-04-15 04:46:22,336 - => Stage 3 Detection Summary: recall: 0.8263, precision: 0.8137, f1: 0.8200, false positive rate: 0.0539, correction rate: 0.8263
2026-04-15 04:46:22,378 - => LFBA current anchor-derived target label: 0
2026-04-15 04:46:22,382 - =>Add Trigger to Train Data
2026-04-15 04:46:22,601 - Add Trigger to 7091 Bad Samples, 63826 Clean Samples (0.10)
2026-04-15 04:46:22,606 - => Start Training for Injecting Backdoor...
2026-04-15 04:46:22,643 - Epoch: 10, 1/278: VFL loss: 0.0876, total loss: 0.0586, anchor loss: 0.0296, VFL train accuracy: 0.9570
2026-04-15 04:46:22,926 - Epoch: 10, 11/278: VFL loss: 0.0877, total loss: 0.0581, anchor loss: 0.0285, VFL train accuracy: 0.9652
2026-04-15 04:46:23,172 - Epoch: 10, 21/278: VFL loss: 0.0943, total loss: 0.0619, anchor loss: 0.0295, VFL train accuracy: 0.9639
2026-04-15 04:46:23,443 - Epoch: 10, 31/278: VFL loss: 0.1001, total loss: 0.0649, anchor loss: 0.0298, VFL train accuracy: 0.9617
2026-04-15 04:46:23,723 - Epoch: 10, 41/278: VFL loss: 0.1000, total loss: 0.0649, anchor loss: 0.0299, VFL train accuracy: 0.9621
2026-04-15 04:46:24,009 - Epoch: 10, 51/278: VFL loss: 0.0980, total loss: 0.0638, anchor loss: 0.0296, VFL train accuracy: 0.9632
2026-04-15 04:46:24,258 - Epoch: 10, 61/278: VFL loss: 0.0987, total loss: 0.0642, anchor loss: 0.0298, VFL train accuracy: 0.9623
2026-04-15 04:46:24,532 - Epoch: 10, 71/278: VFL loss: 0.0987, total loss: 0.0642, anchor loss: 0.0297, VFL train accuracy: 0.9628
2026-04-15 04:46:24,809 - Epoch: 10, 81/278: VFL loss: 0.0984, total loss: 0.0639, anchor loss: 0.0293, VFL train accuracy: 0.9628
2026-04-15 04:46:25,067 - Epoch: 10, 91/278: VFL loss: 0.0974, total loss: 0.0633, anchor loss: 0.0292, VFL train accuracy: 0.9637
2026-04-15 04:46:25,325 - Epoch: 10, 101/278: VFL loss: 0.0967, total loss: 0.0629, anchor loss: 0.0290, VFL train accuracy: 0.9642
2026-04-15 04:46:25,591 - Epoch: 10, 111/278: VFL loss: 0.0966, total loss: 0.0628, anchor loss: 0.0289, VFL train accuracy: 0.9639
2026-04-15 04:46:25,875 - Epoch: 10, 121/278: VFL loss: 0.0953, total loss: 0.0620, anchor loss: 0.0288, VFL train accuracy: 0.9643
2026-04-15 04:46:26,125 - Epoch: 10, 131/278: VFL loss: 0.0955, total loss: 0.0621, anchor loss: 0.0287, VFL train accuracy: 0.9645
2026-04-15 04:46:26,367 - Epoch: 10, 141/278: VFL loss: 0.0954, total loss: 0.0621, anchor loss: 0.0287, VFL train accuracy: 0.9646
2026-04-15 04:46:26,613 - Epoch: 10, 151/278: VFL loss: 0.0961, total loss: 0.0624, anchor loss: 0.0288, VFL train accuracy: 0.9644
2026-04-15 04:46:26,881 - Epoch: 10, 161/278: VFL loss: 0.0962, total loss: 0.0625, anchor loss: 0.0288, VFL train accuracy: 0.9646
2026-04-15 04:46:27,152 - Epoch: 10, 171/278: VFL loss: 0.0974, total loss: 0.0632, anchor loss: 0.0289, VFL train accuracy: 0.9643
2026-04-15 04:46:27,427 - Epoch: 10, 181/278: VFL loss: 0.0976, total loss: 0.0632, anchor loss: 0.0289, VFL train accuracy: 0.9642
2026-04-15 04:46:27,683 - Epoch: 10, 191/278: VFL loss: 0.0968, total loss: 0.0628, anchor loss: 0.0288, VFL train accuracy: 0.9645
2026-04-15 04:46:27,956 - Epoch: 10, 201/278: VFL loss: 0.0971, total loss: 0.0630, anchor loss: 0.0288, VFL train accuracy: 0.9644
2026-04-15 04:46:28,222 - Epoch: 10, 211/278: VFL loss: 0.0972, total loss: 0.0630, anchor loss: 0.0289, VFL train accuracy: 0.9643
2026-04-15 04:46:28,506 - Epoch: 10, 221/278: VFL loss: 0.0972, total loss: 0.0631, anchor loss: 0.0289, VFL train accuracy: 0.9643
2026-04-15 04:46:28,758 - Epoch: 10, 231/278: VFL loss: 0.0974, total loss: 0.0632, anchor loss: 0.0290, VFL train accuracy: 0.9640
2026-04-15 04:46:29,025 - Epoch: 10, 241/278: VFL loss: 0.0973, total loss: 0.0632, anchor loss: 0.0290, VFL train accuracy: 0.9642
2026-04-15 04:46:29,276 - Epoch: 10, 251/278: VFL loss: 0.0976, total loss: 0.0633, anchor loss: 0.0290, VFL train accuracy: 0.9640
2026-04-15 04:46:29,538 - Epoch: 10, 261/278: VFL loss: 0.0972, total loss: 0.0631, anchor loss: 0.0289, VFL train accuracy: 0.9641
2026-04-15 04:46:29,811 - Epoch: 10, 271/278: VFL loss: 0.0966, total loss: 0.0627, anchor loss: 0.0288, VFL train accuracy: 0.9644
2026-04-15 04:46:30,021 - => Recorded Stage 2 client anchor losses for epoch 10 to './results/AVGuard/stage3_static_reliability_ablation/PHISHING_static_reliability_on\stage2_final_epoch_client_anchor_losses.json': {0: 0.028025, 1: 0.031053, 2: 0.02728}
2026-04-15 04:46:30,029 - => Stage 2 EMA anchor update applied at epoch 10 with momentum 0.9950: updated classes per client {0: 2, 1: 2, 2: 2}
2026-04-15 04:46:30,030 - => Stage 2 Epoch 10 Training Summary: VFL loss: 0.0963, total loss: 0.0625, anchor loss: 0.0288, VFL train accuracy: 0.9644
2026-04-15 04:46:30,030 - => Test ASR...
2026-04-15 04:46:30,033 - =>Add Trigger to Test Data
2026-04-15 04:46:30,553 - Add Trigger to 6130 Bad Samples, 11600 Clean Samples (1.00)
2026-04-15 04:46:34,426 - => Test Epoch: 10, main task samples: 17730, attack samples: 17730, test loss: 0.1183, clean acc: 0.9296, Top-2: 1.0000, ASR: 0.1657, RAC: 0.9047, test target accuracy: 0.9690, stage3 final accuracy: 0.9296, stage3 final target accuracy: 0.9419, stage3 final asr: 0.1657, anchor loss: 0.0297
2026-04-15 04:46:34,426 - => Stage 3 Detection Summary: recall: 0.8098, precision: 0.8112, f1: 0.8105, false positive rate: 0.0533, correction rate: 0.8098
2026-04-15 04:46:34,426 - => Stage 3 Debug (clean): suspicious=945/17730, correction_applied=945, prediction_changed=945, skipped_tied_vote=0, skipped_low_margin=0, skipped_other=0
2026-04-15 04:46:34,426 - => Stage 3 Debug (poison-valid): suspicious=4225/6130, correction_applied=4225, prediction_changed=4225, skipped_tied_vote=0, skipped_low_margin=0, skipped_other=0
2026-04-15 04:46:34,427 - => Stage 3 Debug (attack-success): suspicious=4194/5179, correction_applied=4194, prediction_changed=4194, corrected_to_true=4194
2026-04-15 04:46:34,427 - => Stage 2 checkpoint score: mean(clean_acc=0.9296, recall=0.8098, correction_rate=0.8098) = 0.8497
2026-04-15 04:46:34,465 - => End Epoch: 10, early stop epochs: 5, best epoch: 5, best clean acc: 0.9292, best Top-2: 1.0000, best ASR: 0.1502, best RAC: 0.9074, anchor loss: 0.0303, best checkpoint score: 0.8606
2026-04-15 04:46:34,466 - => Stage 3 Detection Summary: recall: 0.8263, precision: 0.8137, f1: 0.8200, false positive rate: 0.0539, correction rate: 0.8263
2026-04-15 04:46:34,505 - => LFBA current anchor-derived target label: 0
2026-04-15 04:46:34,509 - =>Add Trigger to Train Data
2026-04-15 04:46:34,732 - Add Trigger to 7091 Bad Samples, 63826 Clean Samples (0.10)
2026-04-15 04:46:34,739 - => Start Training for Injecting Backdoor...
2026-04-15 04:46:34,777 - Epoch: 11, 1/278: VFL loss: 0.0888, total loss: 0.0574, anchor loss: 0.0260, VFL train accuracy: 0.9570
2026-04-15 04:46:35,048 - Epoch: 11, 11/278: VFL loss: 0.0921, total loss: 0.0596, anchor loss: 0.0270, VFL train accuracy: 0.9659
2026-04-15 04:46:35,311 - Epoch: 11, 21/278: VFL loss: 0.0975, total loss: 0.0630, anchor loss: 0.0286, VFL train accuracy: 0.9628
2026-04-15 04:46:35,577 - Epoch: 11, 31/278: VFL loss: 0.0962, total loss: 0.0624, anchor loss: 0.0286, VFL train accuracy: 0.9635
2026-04-15 04:46:35,868 - Epoch: 11, 41/278: VFL loss: 0.0990, total loss: 0.0639, anchor loss: 0.0289, VFL train accuracy: 0.9629
2026-04-15 04:46:36,141 - Epoch: 11, 51/278: VFL loss: 0.0997, total loss: 0.0642, anchor loss: 0.0288, VFL train accuracy: 0.9625
2026-04-15 04:46:36,397 - Epoch: 11, 61/278: VFL loss: 0.1003, total loss: 0.0647, anchor loss: 0.0292, VFL train accuracy: 0.9627
2026-04-15 04:46:36,651 - Epoch: 11, 71/278: VFL loss: 0.1001, total loss: 0.0647, anchor loss: 0.0292, VFL train accuracy: 0.9624
2026-04-15 04:46:36,914 - Epoch: 11, 81/278: VFL loss: 0.0996, total loss: 0.0644, anchor loss: 0.0293, VFL train accuracy: 0.9625
2026-04-15 04:46:37,171 - Epoch: 11, 91/278: VFL loss: 0.1007, total loss: 0.0650, anchor loss: 0.0294, VFL train accuracy: 0.9620
2026-04-15 04:46:37,489 - Epoch: 11, 101/278: VFL loss: 0.1005, total loss: 0.0649, anchor loss: 0.0293, VFL train accuracy: 0.9616
2026-04-15 04:46:37,774 - Epoch: 11, 111/278: VFL loss: 0.0986, total loss: 0.0638, anchor loss: 0.0291, VFL train accuracy: 0.9626
2026-04-15 04:46:38,038 - Epoch: 11, 121/278: VFL loss: 0.0982, total loss: 0.0636, anchor loss: 0.0289, VFL train accuracy: 0.9627
2026-04-15 04:46:38,292 - Epoch: 11, 131/278: VFL loss: 0.0981, total loss: 0.0635, anchor loss: 0.0289, VFL train accuracy: 0.9628
2026-04-15 04:46:38,554 - Epoch: 11, 141/278: VFL loss: 0.0983, total loss: 0.0636, anchor loss: 0.0289, VFL train accuracy: 0.9629
2026-04-15 04:46:38,822 - Epoch: 11, 151/278: VFL loss: 0.0979, total loss: 0.0634, anchor loss: 0.0289, VFL train accuracy: 0.9628
2026-04-15 04:46:39,091 - Epoch: 11, 161/278: VFL loss: 0.0974, total loss: 0.0631, anchor loss: 0.0288, VFL train accuracy: 0.9630
2026-04-15 04:46:39,340 - Epoch: 11, 171/278: VFL loss: 0.0969, total loss: 0.0628, anchor loss: 0.0287, VFL train accuracy: 0.9632
2026-04-15 04:46:39,633 - Epoch: 11, 181/278: VFL loss: 0.0966, total loss: 0.0627, anchor loss: 0.0287, VFL train accuracy: 0.9631
2026-04-15 04:46:39,900 - Epoch: 11, 191/278: VFL loss: 0.0966, total loss: 0.0627, anchor loss: 0.0287, VFL train accuracy: 0.9633
2026-04-15 04:46:40,159 - Epoch: 11, 201/278: VFL loss: 0.0967, total loss: 0.0627, anchor loss: 0.0287, VFL train accuracy: 0.9632
2026-04-15 04:46:40,438 - Epoch: 11, 211/278: VFL loss: 0.0971, total loss: 0.0629, anchor loss: 0.0288, VFL train accuracy: 0.9632
2026-04-15 04:46:40,722 - Epoch: 11, 221/278: VFL loss: 0.0970, total loss: 0.0628, anchor loss: 0.0287, VFL train accuracy: 0.9634
2026-04-15 04:46:41,018 - Epoch: 11, 231/278: VFL loss: 0.0974, total loss: 0.0631, anchor loss: 0.0287, VFL train accuracy: 0.9633
2026-04-15 04:46:41,288 - Epoch: 11, 241/278: VFL loss: 0.0975, total loss: 0.0631, anchor loss: 0.0288, VFL train accuracy: 0.9635
2026-04-15 04:46:41,531 - Epoch: 11, 251/278: VFL loss: 0.0973, total loss: 0.0630, anchor loss: 0.0287, VFL train accuracy: 0.9634
2026-04-15 04:46:41,789 - Epoch: 11, 261/278: VFL loss: 0.0981, total loss: 0.0635, anchor loss: 0.0288, VFL train accuracy: 0.9631
2026-04-15 04:46:42,084 - Epoch: 11, 271/278: VFL loss: 0.0984, total loss: 0.0636, anchor loss: 0.0288, VFL train accuracy: 0.9630
2026-04-15 04:46:42,289 - => Recorded Stage 2 client anchor losses for epoch 11 to './results/AVGuard/stage3_static_reliability_ablation/PHISHING_static_reliability_on\stage2_final_epoch_client_anchor_losses.json': {0: 0.027936, 1: 0.031136, 2: 0.027493}
2026-04-15 04:46:42,296 - => Stage 2 EMA anchor update applied at epoch 11 with momentum 0.9950: updated classes per client {0: 2, 1: 2, 2: 2}
2026-04-15 04:46:42,296 - => Stage 2 Epoch 11 Training Summary: VFL loss: 0.0986, total loss: 0.0637, anchor loss: 0.0289, VFL train accuracy: 0.9629
2026-04-15 04:46:42,297 - => Test ASR...
2026-04-15 04:46:42,301 - =>Add Trigger to Test Data
2026-04-15 04:46:42,820 - Add Trigger to 6130 Bad Samples, 11600 Clean Samples (1.00)
2026-04-15 04:46:46,481 - => Test Epoch: 11, main task samples: 17730, attack samples: 17730, test loss: 0.1242, clean acc: 0.9270, Top-2: 1.0000, ASR: 0.1323, RAC: 0.9067, test target accuracy: 0.9534, stage3 final accuracy: 0.9270, stage3 final target accuracy: 0.9273, stage3 final asr: 0.1323, anchor loss: 0.0301
2026-04-15 04:46:46,481 - => Stage 3 Detection Summary: recall: 0.8301, precision: 0.8010, f1: 0.8153, false positive rate: 0.0510, correction rate: 0.8301
2026-04-15 04:46:46,481 - => Stage 3 Debug (clean): suspicious=905/17730, correction_applied=904, prediction_changed=904, skipped_tied_vote=0, skipped_low_margin=0, skipped_other=1
2026-04-15 04:46:46,481 - => Stage 3 Debug (poison-valid): suspicious=3823/6130, correction_applied=3823, prediction_changed=3823, skipped_tied_vote=0, skipped_low_margin=0, skipped_other=0
2026-04-15 04:46:46,481 - => Stage 3 Debug (attack-success): suspicious=3787/4562, correction_applied=3787, prediction_changed=3787, corrected_to_true=3787
2026-04-15 04:46:46,481 - => Stage 2 checkpoint score: mean(clean_acc=0.9270, recall=0.8301, correction_rate=0.8301) = 0.8624
2026-04-15 04:46:46,481 - => Save best checkpoint model...
2026-04-15 04:46:46,591 - => End Epoch: 11, early stop epochs: 0, best epoch: 11, best clean acc: 0.9270, best Top-2: 1.0000, best ASR: 0.1323, best RAC: 0.9067, anchor loss: 0.0301, best checkpoint score: 0.8624
2026-04-15 04:46:46,591 - => Stage 3 Detection Summary: recall: 0.8301, precision: 0.8010, f1: 0.8153, false positive rate: 0.0510, correction rate: 0.8301
2026-04-15 04:46:46,625 - => LFBA current anchor-derived target label: 0
2026-04-15 04:46:46,628 - =>Add Trigger to Train Data
2026-04-15 04:46:46,852 - Add Trigger to 7091 Bad Samples, 63826 Clean Samples (0.10)
2026-04-15 04:46:46,860 - => Start Training for Injecting Backdoor...
2026-04-15 04:46:46,897 - Epoch: 12, 1/278: VFL loss: 0.1088, total loss: 0.0685, anchor loss: 0.0281, VFL train accuracy: 0.9648
2026-04-15 04:46:47,183 - Epoch: 12, 11/278: VFL loss: 0.1185, total loss: 0.0749, anchor loss: 0.0313, VFL train accuracy: 0.9535
2026-04-15 04:46:47,434 - Epoch: 12, 21/278: VFL loss: 0.1098, total loss: 0.0704, anchor loss: 0.0310, VFL train accuracy: 0.9580
2026-04-15 04:46:47,683 - Epoch: 12, 31/278: VFL loss: 0.1059, total loss: 0.0681, anchor loss: 0.0303, VFL train accuracy: 0.9602
2026-04-15 04:46:47,959 - Epoch: 12, 41/278: VFL loss: 0.1054, total loss: 0.0677, anchor loss: 0.0301, VFL train accuracy: 0.9603
2026-04-15 04:46:48,262 - Epoch: 12, 51/278: VFL loss: 0.1044, total loss: 0.0671, anchor loss: 0.0298, VFL train accuracy: 0.9613
2026-04-15 04:46:48,545 - Epoch: 12, 61/278: VFL loss: 0.1015, total loss: 0.0655, anchor loss: 0.0294, VFL train accuracy: 0.9617
2026-04-15 04:46:48,838 - Epoch: 12, 71/278: VFL loss: 0.1004, total loss: 0.0649, anchor loss: 0.0294, VFL train accuracy: 0.9620
2026-04-15 04:46:49,108 - Epoch: 12, 81/278: VFL loss: 0.0997, total loss: 0.0644, anchor loss: 0.0292, VFL train accuracy: 0.9628
2026-04-15 04:46:49,404 - Epoch: 12, 91/278: VFL loss: 0.1013, total loss: 0.0653, anchor loss: 0.0292, VFL train accuracy: 0.9624
2026-04-15 04:46:49,650 - Epoch: 12, 101/278: VFL loss: 0.1017, total loss: 0.0655, anchor loss: 0.0294, VFL train accuracy: 0.9621
2026-04-15 04:46:49,919 - Epoch: 12, 111/278: VFL loss: 0.1005, total loss: 0.0649, anchor loss: 0.0293, VFL train accuracy: 0.9623
2026-04-15 04:46:50,169 - Epoch: 12, 121/278: VFL loss: 0.1005, total loss: 0.0650, anchor loss: 0.0294, VFL train accuracy: 0.9619
2026-04-15 04:46:50,461 - Epoch: 12, 131/278: VFL loss: 0.0993, total loss: 0.0642, anchor loss: 0.0292, VFL train accuracy: 0.9623
2026-04-15 04:46:50,714 - Epoch: 12, 141/278: VFL loss: 0.0991, total loss: 0.0641, anchor loss: 0.0291, VFL train accuracy: 0.9624
2026-04-15 04:46:50,996 - Epoch: 12, 151/278: VFL loss: 0.0992, total loss: 0.0641, anchor loss: 0.0290, VFL train accuracy: 0.9626
2026-04-15 04:46:51,262 - Epoch: 12, 161/278: VFL loss: 0.1006, total loss: 0.0648, anchor loss: 0.0291, VFL train accuracy: 0.9624
2026-04-15 04:46:51,512 - Epoch: 12, 171/278: VFL loss: 0.1004, total loss: 0.0648, anchor loss: 0.0291, VFL train accuracy: 0.9625
2026-04-15 04:46:51,765 - Epoch: 12, 181/278: VFL loss: 0.1012, total loss: 0.0652, anchor loss: 0.0292, VFL train accuracy: 0.9621
2026-04-15 04:46:52,039 - Epoch: 12, 191/278: VFL loss: 0.1009, total loss: 0.0650, anchor loss: 0.0291, VFL train accuracy: 0.9622
2026-04-15 04:46:52,271 - Epoch: 12, 201/278: VFL loss: 0.1004, total loss: 0.0648, anchor loss: 0.0291, VFL train accuracy: 0.9624
2026-04-15 04:46:52,519 - Epoch: 12, 211/278: VFL loss: 0.1001, total loss: 0.0646, anchor loss: 0.0291, VFL train accuracy: 0.9626
2026-04-15 04:46:52,763 - Epoch: 12, 221/278: VFL loss: 0.0989, total loss: 0.0640, anchor loss: 0.0290, VFL train accuracy: 0.9629
2026-04-15 04:46:53,029 - Epoch: 12, 231/278: VFL loss: 0.0989, total loss: 0.0639, anchor loss: 0.0290, VFL train accuracy: 0.9629
2026-04-15 04:46:53,275 - Epoch: 12, 241/278: VFL loss: 0.0987, total loss: 0.0638, anchor loss: 0.0289, VFL train accuracy: 0.9629
2026-04-15 04:46:53,543 - Epoch: 12, 251/278: VFL loss: 0.0986, total loss: 0.0638, anchor loss: 0.0290, VFL train accuracy: 0.9629
2026-04-15 04:46:53,818 - Epoch: 12, 261/278: VFL loss: 0.0982, total loss: 0.0636, anchor loss: 0.0289, VFL train accuracy: 0.9631
2026-04-15 04:46:54,080 - Epoch: 12, 271/278: VFL loss: 0.0982, total loss: 0.0636, anchor loss: 0.0289, VFL train accuracy: 0.9632
2026-04-15 04:46:54,274 - => Recorded Stage 2 client anchor losses for epoch 12 to './results/AVGuard/stage3_static_reliability_ablation/PHISHING_static_reliability_on\stage2_final_epoch_client_anchor_losses.json': {0: 0.027964, 1: 0.030929, 2: 0.027569}
2026-04-15 04:46:54,282 - => Stage 2 EMA anchor update applied at epoch 12 with momentum 0.9950: updated classes per client {0: 2, 1: 2, 2: 2}
2026-04-15 04:46:54,282 - => Stage 2 Epoch 12 Training Summary: VFL loss: 0.0981, total loss: 0.0635, anchor loss: 0.0290, VFL train accuracy: 0.9633
2026-04-15 04:46:54,282 - => Test ASR...
2026-04-15 04:46:54,284 - =>Add Trigger to Test Data
2026-04-15 04:46:54,794 - Add Trigger to 6130 Bad Samples, 11600 Clean Samples (1.00)
2026-04-15 04:46:58,579 - => Test Epoch: 12, main task samples: 17730, attack samples: 17730, test loss: 0.1159, clean acc: 0.9273, Top-2: 1.0000, ASR: 0.1488, RAC: 0.9075, test target accuracy: 0.9688, stage3 final accuracy: 0.9273, stage3 final target accuracy: 0.9372, stage3 final asr: 0.1488, anchor loss: 0.0294
2026-04-15 04:46:58,579 - => Stage 3 Detection Summary: recall: 0.8347, precision: 0.8064, f1: 0.8203, false positive rate: 0.0595, correction rate: 0.8347
2026-04-15 04:46:58,579 - => Stage 3 Debug (clean): suspicious=1055/17730, correction_applied=1052, prediction_changed=1052, skipped_tied_vote=0, skipped_low_margin=0, skipped_other=3
2026-04-15 04:46:58,579 - => Stage 3 Debug (poison-valid): suspicious=4513/6130, correction_applied=4513, prediction_changed=4513, skipped_tied_vote=0, skipped_low_margin=0, skipped_other=0
2026-04-15 04:46:58,579 - => Stage 3 Debug (attack-success): suspicious=4490/5379, correction_applied=4490, prediction_changed=4490, corrected_to_true=4490
2026-04-15 04:46:58,579 - => Stage 2 checkpoint score: mean(clean_acc=0.9273, recall=0.8347, correction_rate=0.8347) = 0.8656
2026-04-15 04:46:58,580 - => Save best checkpoint model...
2026-04-15 04:46:58,699 - => End Epoch: 12, early stop epochs: 0, best epoch: 12, best clean acc: 0.9273, best Top-2: 1.0000, best ASR: 0.1488, best RAC: 0.9075, anchor loss: 0.0294, best checkpoint score: 0.8656
2026-04-15 04:46:58,700 - => Stage 3 Detection Summary: recall: 0.8347, precision: 0.8064, f1: 0.8203, false positive rate: 0.0595, correction rate: 0.8347
2026-04-15 04:46:58,736 - => LFBA current anchor-derived target label: 0
2026-04-15 04:46:58,740 - =>Add Trigger to Train Data
2026-04-15 04:46:58,971 - Add Trigger to 7091 Bad Samples, 63826 Clean Samples (0.10)
2026-04-15 04:46:58,977 - => Start Training for Injecting Backdoor...
2026-04-15 04:46:59,016 - Epoch: 13, 1/278: VFL loss: 0.1024, total loss: 0.0685, anchor loss: 0.0346, VFL train accuracy: 0.9648
2026-04-15 04:46:59,293 - Epoch: 13, 11/278: VFL loss: 0.0899, total loss: 0.0595, anchor loss: 0.0290, VFL train accuracy: 0.9652
2026-04-15 04:46:59,548 - Epoch: 13, 21/278: VFL loss: 0.0980, total loss: 0.0639, anchor loss: 0.0297, VFL train accuracy: 0.9613
2026-04-15 04:46:59,835 - Epoch: 13, 31/278: VFL loss: 0.0964, total loss: 0.0630, anchor loss: 0.0296, VFL train accuracy: 0.9604
2026-04-15 04:47:00,112 - Epoch: 13, 41/278: VFL loss: 0.0939, total loss: 0.0616, anchor loss: 0.0293, VFL train accuracy: 0.9613
2026-04-15 04:47:00,499 - Epoch: 13, 51/278: VFL loss: 0.0927, total loss: 0.0610, anchor loss: 0.0293, VFL train accuracy: 0.9622
2026-04-15 04:47:00,759 - Epoch: 13, 61/278: VFL loss: 0.0943, total loss: 0.0618, anchor loss: 0.0293, VFL train accuracy: 0.9613
2026-04-15 04:47:01,036 - Epoch: 13, 71/278: VFL loss: 0.0953, total loss: 0.0623, anchor loss: 0.0293, VFL train accuracy: 0.9612
2026-04-15 04:47:01,318 - Epoch: 13, 81/278: VFL loss: 0.0963, total loss: 0.0627, anchor loss: 0.0292, VFL train accuracy: 0.9617
2026-04-15 04:47:01,570 - Epoch: 13, 91/278: VFL loss: 0.0970, total loss: 0.0631, anchor loss: 0.0293, VFL train accuracy: 0.9615
2026-04-15 04:47:01,855 - Epoch: 13, 101/278: VFL loss: 0.0972, total loss: 0.0632, anchor loss: 0.0291, VFL train accuracy: 0.9617
2026-04-15 04:47:02,142 - Epoch: 13, 111/278: VFL loss: 0.0973, total loss: 0.0632, anchor loss: 0.0291, VFL train accuracy: 0.9617
2026-04-15 04:47:02,407 - Epoch: 13, 121/278: VFL loss: 0.0964, total loss: 0.0627, anchor loss: 0.0289, VFL train accuracy: 0.9622
2026-04-15 04:47:02,673 - Epoch: 13, 131/278: VFL loss: 0.0953, total loss: 0.0620, anchor loss: 0.0288, VFL train accuracy: 0.9628
2026-04-15 04:47:02,949 - Epoch: 13, 141/278: VFL loss: 0.0962, total loss: 0.0625, anchor loss: 0.0289, VFL train accuracy: 0.9625
2026-04-15 04:47:03,207 - Epoch: 13, 151/278: VFL loss: 0.0966, total loss: 0.0627, anchor loss: 0.0289, VFL train accuracy: 0.9625
2026-04-15 04:47:03,471 - Epoch: 13, 161/278: VFL loss: 0.0964, total loss: 0.0626, anchor loss: 0.0289, VFL train accuracy: 0.9626
2026-04-15 04:47:03,757 - Epoch: 13, 171/278: VFL loss: 0.0955, total loss: 0.0621, anchor loss: 0.0287, VFL train accuracy: 0.9628
2026-04-15 04:47:04,038 - Epoch: 13, 181/278: VFL loss: 0.0955, total loss: 0.0621, anchor loss: 0.0287, VFL train accuracy: 0.9629
2026-04-15 04:47:04,321 - Epoch: 13, 191/278: VFL loss: 0.0956, total loss: 0.0621, anchor loss: 0.0287, VFL train accuracy: 0.9629
2026-04-15 04:47:04,584 - Epoch: 13, 201/278: VFL loss: 0.0957, total loss: 0.0622, anchor loss: 0.0287, VFL train accuracy: 0.9631
2026-04-15 04:47:04,865 - Epoch: 13, 211/278: VFL loss: 0.0957, total loss: 0.0622, anchor loss: 0.0286, VFL train accuracy: 0.9632
2026-04-15 04:47:05,142 - Epoch: 13, 221/278: VFL loss: 0.0953, total loss: 0.0620, anchor loss: 0.0286, VFL train accuracy: 0.9635
2026-04-15 04:47:05,401 - Epoch: 13, 231/278: VFL loss: 0.0952, total loss: 0.0619, anchor loss: 0.0286, VFL train accuracy: 0.9634
2026-04-15 04:47:05,665 - Epoch: 13, 241/278: VFL loss: 0.0957, total loss: 0.0622, anchor loss: 0.0287, VFL train accuracy: 0.9633
2026-04-15 04:47:05,942 - Epoch: 13, 251/278: VFL loss: 0.0960, total loss: 0.0623, anchor loss: 0.0287, VFL train accuracy: 0.9631
2026-04-15 04:47:06,204 - Epoch: 13, 261/278: VFL loss: 0.0955, total loss: 0.0620, anchor loss: 0.0286, VFL train accuracy: 0.9634
2026-04-15 04:47:06,474 - Epoch: 13, 271/278: VFL loss: 0.0955, total loss: 0.0620, anchor loss: 0.0285, VFL train accuracy: 0.9635
2026-04-15 04:47:06,725 - => Recorded Stage 2 client anchor losses for epoch 13 to './results/AVGuard/stage3_static_reliability_ablation/PHISHING_static_reliability_on\stage2_final_epoch_client_anchor_losses.json': {0: 0.027648, 1: 0.030859, 2: 0.027128}
2026-04-15 04:47:06,733 - => Stage 2 EMA anchor update applied at epoch 13 with momentum 0.9950: updated classes per client {0: 2, 1: 2, 2: 2}
2026-04-15 04:47:06,733 - => Stage 2 Epoch 13 Training Summary: VFL loss: 0.0955, total loss: 0.0620, anchor loss: 0.0284, VFL train accuracy: 0.9634
2026-04-15 04:47:06,733 - => Test ASR...
2026-04-15 04:47:06,736 - =>Add Trigger to Test Data
2026-04-15 04:47:07,328 - Add Trigger to 6130 Bad Samples, 11600 Clean Samples (1.00)
2026-04-15 04:47:11,028 - => Test Epoch: 13, main task samples: 17730, attack samples: 17730, test loss: 0.1209, clean acc: 0.9270, Top-2: 1.0000, ASR: 0.1377, RAC: 0.9045, test target accuracy: 0.9541, stage3 final accuracy: 0.9270, stage3 final target accuracy: 0.9267, stage3 final asr: 0.1377, anchor loss: 0.0296
2026-04-15 04:47:11,028 - => Stage 3 Detection Summary: recall: 0.8382, precision: 0.8053, f1: 0.8214, false positive rate: 0.0575, correction rate: 0.8382
2026-04-15 04:47:11,028 - => Stage 3 Debug (clean): suspicious=1019/17730, correction_applied=1016, prediction_changed=1016, skipped_tied_vote=0, skipped_low_margin=0, skipped_other=3
2026-04-15 04:47:11,028 - => Stage 3 Debug (poison-valid): suspicious=4302/6130, correction_applied=4302, prediction_changed=4302, skipped_tied_vote=0, skipped_low_margin=0, skipped_other=0
2026-04-15 04:47:11,028 - => Stage 3 Debug (attack-success): suspicious=4285/5112, correction_applied=4285, prediction_changed=4285, corrected_to_true=4285
2026-04-15 04:47:11,028 - => Stage 2 checkpoint score: mean(clean_acc=0.9270, recall=0.8382, correction_rate=0.8382) = 0.8678
2026-04-15 04:47:11,028 - => Save best checkpoint model...
2026-04-15 04:47:11,135 - => End Epoch: 13, early stop epochs: 0, best epoch: 13, best clean acc: 0.9270, best Top-2: 1.0000, best ASR: 0.1377, best RAC: 0.9045, anchor loss: 0.0296, best checkpoint score: 0.8678
2026-04-15 04:47:11,136 - => Stage 3 Detection Summary: recall: 0.8382, precision: 0.8053, f1: 0.8214, false positive rate: 0.0575, correction rate: 0.8382
2026-04-15 04:47:11,177 - => LFBA current anchor-derived target label: 0
2026-04-15 04:47:11,181 - =>Add Trigger to Train Data
2026-04-15 04:47:11,408 - Add Trigger to 7091 Bad Samples, 63826 Clean Samples (0.10)
2026-04-15 04:47:11,412 - => Start Training for Injecting Backdoor...
2026-04-15 04:47:11,451 - Epoch: 14, 1/278: VFL loss: 0.1072, total loss: 0.0682, anchor loss: 0.0292, VFL train accuracy: 0.9492
2026-04-15 04:47:11,725 - Epoch: 14, 11/278: VFL loss: 0.0903, total loss: 0.0594, anchor loss: 0.0285, VFL train accuracy: 0.9652
2026-04-15 04:47:12,008 - Epoch: 14, 21/278: VFL loss: 0.0920, total loss: 0.0604, anchor loss: 0.0289, VFL train accuracy: 0.9635
2026-04-15 04:47:12,257 - Epoch: 14, 31/278: VFL loss: 0.0946, total loss: 0.0617, anchor loss: 0.0288, VFL train accuracy: 0.9633
2026-04-15 04:47:12,534 - Epoch: 14, 41/278: VFL loss: 0.0896, total loss: 0.0589, anchor loss: 0.0281, VFL train accuracy: 0.9657
2026-04-15 04:47:12,809 - Epoch: 14, 51/278: VFL loss: 0.0924, total loss: 0.0603, anchor loss: 0.0282, VFL train accuracy: 0.9647
2026-04-15 04:47:13,089 - Epoch: 14, 61/278: VFL loss: 0.0922, total loss: 0.0602, anchor loss: 0.0282, VFL train accuracy: 0.9649
2026-04-15 04:47:13,369 - Epoch: 14, 71/278: VFL loss: 0.0921, total loss: 0.0601, anchor loss: 0.0282, VFL train accuracy: 0.9647
2026-04-15 04:47:13,622 - Epoch: 14, 81/278: VFL loss: 0.0928, total loss: 0.0606, anchor loss: 0.0283, VFL train accuracy: 0.9646
2026-04-15 04:47:13,889 - Epoch: 14, 91/278: VFL loss: 0.0927, total loss: 0.0606, anchor loss: 0.0284, VFL train accuracy: 0.9642
2026-04-15 04:47:14,148 - Epoch: 14, 101/278: VFL loss: 0.0931, total loss: 0.0607, anchor loss: 0.0283, VFL train accuracy: 0.9642
2026-04-15 04:47:14,418 - Epoch: 14, 111/278: VFL loss: 0.0938, total loss: 0.0610, anchor loss: 0.0283, VFL train accuracy: 0.9643
2026-04-15 04:47:14,689 - Epoch: 14, 121/278: VFL loss: 0.0942, total loss: 0.0613, anchor loss: 0.0283, VFL train accuracy: 0.9644
2026-04-15 04:47:14,982 - Epoch: 14, 131/278: VFL loss: 0.0937, total loss: 0.0610, anchor loss: 0.0282, VFL train accuracy: 0.9646
2026-04-15 04:47:15,275 - Epoch: 14, 141/278: VFL loss: 0.0944, total loss: 0.0613, anchor loss: 0.0282, VFL train accuracy: 0.9643
2026-04-15 04:47:15,590 - Epoch: 14, 151/278: VFL loss: 0.0947, total loss: 0.0615, anchor loss: 0.0283, VFL train accuracy: 0.9644
2026-04-15 04:47:15,885 - Epoch: 14, 161/278: VFL loss: 0.0944, total loss: 0.0614, anchor loss: 0.0283, VFL train accuracy: 0.9644
2026-04-15 04:47:16,148 - Epoch: 14, 171/278: VFL loss: 0.0947, total loss: 0.0615, anchor loss: 0.0283, VFL train accuracy: 0.9644
2026-04-15 04:47:16,411 - Epoch: 14, 181/278: VFL loss: 0.0953, total loss: 0.0619, anchor loss: 0.0284, VFL train accuracy: 0.9641
2026-04-15 04:47:16,658 - Epoch: 14, 191/278: VFL loss: 0.0954, total loss: 0.0619, anchor loss: 0.0284, VFL train accuracy: 0.9640
2026-04-15 04:47:16,917 - Epoch: 14, 201/278: VFL loss: 0.0953, total loss: 0.0618, anchor loss: 0.0283, VFL train accuracy: 0.9641
2026-04-15 04:47:17,176 - Epoch: 14, 211/278: VFL loss: 0.0951, total loss: 0.0617, anchor loss: 0.0283, VFL train accuracy: 0.9642
2026-04-15 04:47:17,431 - Epoch: 14, 221/278: VFL loss: 0.0952, total loss: 0.0617, anchor loss: 0.0283, VFL train accuracy: 0.9643
2026-04-15 04:47:17,677 - Epoch: 14, 231/278: VFL loss: 0.0955, total loss: 0.0619, anchor loss: 0.0283, VFL train accuracy: 0.9642
2026-04-15 04:47:17,954 - Epoch: 14, 241/278: VFL loss: 0.0952, total loss: 0.0618, anchor loss: 0.0283, VFL train accuracy: 0.9642
2026-04-15 04:47:18,265 - Epoch: 14, 251/278: VFL loss: 0.0949, total loss: 0.0616, anchor loss: 0.0283, VFL train accuracy: 0.9644
2026-04-15 04:47:18,582 - Epoch: 14, 261/278: VFL loss: 0.0952, total loss: 0.0618, anchor loss: 0.0283, VFL train accuracy: 0.9643
2026-04-15 04:47:18,859 - Epoch: 14, 271/278: VFL loss: 0.0953, total loss: 0.0618, anchor loss: 0.0283, VFL train accuracy: 0.9643
2026-04-15 04:47:19,062 - => Recorded Stage 2 client anchor losses for epoch 14 to './results/AVGuard/stage3_static_reliability_ablation/PHISHING_static_reliability_on\stage2_final_epoch_client_anchor_losses.json': {0: 0.02748, 1: 0.030465, 2: 0.026885}
2026-04-15 04:47:19,074 - => Stage 2 EMA anchor update applied at epoch 14 with momentum 0.9950: updated classes per client {0: 2, 1: 2, 2: 2}
2026-04-15 04:47:19,074 - => Stage 2 Epoch 14 Training Summary: VFL loss: 0.0951, total loss: 0.0618, anchor loss: 0.0284, VFL train accuracy: 0.9644
2026-04-15 04:47:19,074 - => Test ASR...
2026-04-15 04:47:19,077 - =>Add Trigger to Test Data
2026-04-15 04:47:19,598 - Add Trigger to 6130 Bad Samples, 11600 Clean Samples (1.00)
2026-04-15 04:47:23,439 - => Test Epoch: 14, main task samples: 17730, attack samples: 17730, test loss: 0.1110, clean acc: 0.9292, Top-2: 1.0000, ASR: 0.1522, RAC: 0.9081, test target accuracy: 0.9728, stage3 final accuracy: 0.9292, stage3 final target accuracy: 0.9399, stage3 final asr: 0.1522, anchor loss: 0.0291
2026-04-15 04:47:23,439 - => Stage 3 Detection Summary: recall: 0.8178, precision: 0.8114, f1: 0.8146, false positive rate: 0.0516, correction rate: 0.8178
2026-04-15 04:47:23,439 - => Stage 3 Debug (clean): suspicious=914/17730, correction_applied=914, prediction_changed=914, skipped_tied_vote=0, skipped_low_margin=0, skipped_other=0
2026-04-15 04:47:23,439 - => Stage 3 Debug (poison-valid): suspicious=4086/6130, correction_applied=4086, prediction_changed=4086, skipped_tied_vote=0, skipped_low_margin=0, skipped_other=0
2026-04-15 04:47:23,439 - => Stage 3 Debug (attack-success): suspicious=4057/4961, correction_applied=4057, prediction_changed=4057, corrected_to_true=4057
2026-04-15 04:47:23,441 - => Stage 2 checkpoint score: mean(clean_acc=0.9292, recall=0.8178, correction_rate=0.8178) = 0.8549
2026-04-15 04:47:23,485 - => End Epoch: 14, early stop epochs: 1, best epoch: 13, best clean acc: 0.9270, best Top-2: 1.0000, best ASR: 0.1377, best RAC: 0.9045, anchor loss: 0.0296, best checkpoint score: 0.8678
2026-04-15 04:47:23,485 - => Stage 3 Detection Summary: recall: 0.8382, precision: 0.8053, f1: 0.8214, false positive rate: 0.0575, correction rate: 0.8382
2026-04-15 04:47:23,528 - => LFBA current anchor-derived target label: 0
2026-04-15 04:47:23,531 - =>Add Trigger to Train Data
2026-04-15 04:47:23,769 - Add Trigger to 7091 Bad Samples, 63826 Clean Samples (0.10)
2026-04-15 04:47:23,775 - => Start Training for Injecting Backdoor...
2026-04-15 04:47:23,816 - Epoch: 15, 1/278: VFL loss: 0.0999, total loss: 0.0636, anchor loss: 0.0272, VFL train accuracy: 0.9766
2026-04-15 04:47:24,107 - Epoch: 15, 11/278: VFL loss: 0.1015, total loss: 0.0650, anchor loss: 0.0284, VFL train accuracy: 0.9641
2026-04-15 04:47:24,376 - Epoch: 15, 21/278: VFL loss: 0.1000, total loss: 0.0643, anchor loss: 0.0286, VFL train accuracy: 0.9637
2026-04-15 04:47:24,640 - Epoch: 15, 31/278: VFL loss: 0.0952, total loss: 0.0618, anchor loss: 0.0285, VFL train accuracy: 0.9643
2026-04-15 04:47:24,913 - Epoch: 15, 41/278: VFL loss: 0.0937, total loss: 0.0610, anchor loss: 0.0284, VFL train accuracy: 0.9650
2026-04-15 04:47:25,167 - Epoch: 15, 51/278: VFL loss: 0.0941, total loss: 0.0614, anchor loss: 0.0287, VFL train accuracy: 0.9649
2026-04-15 04:47:25,424 - Epoch: 15, 61/278: VFL loss: 0.0951, total loss: 0.0621, anchor loss: 0.0290, VFL train accuracy: 0.9650
2026-04-15 04:47:25,699 - Epoch: 15, 71/278: VFL loss: 0.0966, total loss: 0.0629, anchor loss: 0.0292, VFL train accuracy: 0.9650
2026-04-15 04:47:25,961 - Epoch: 15, 81/278: VFL loss: 0.0961, total loss: 0.0626, anchor loss: 0.0291, VFL train accuracy: 0.9654
2026-04-15 04:47:26,225 - Epoch: 15, 91/278: VFL loss: 0.0953, total loss: 0.0621, anchor loss: 0.0290, VFL train accuracy: 0.9658
2026-04-15 04:47:26,524 - Epoch: 15, 101/278: VFL loss: 0.0957, total loss: 0.0623, anchor loss: 0.0288, VFL train accuracy: 0.9657
2026-04-15 04:47:26,803 - Epoch: 15, 111/278: VFL loss: 0.0957, total loss: 0.0623, anchor loss: 0.0288, VFL train accuracy: 0.9653
2026-04-15 04:47:27,086 - Epoch: 15, 121/278: VFL loss: 0.0946, total loss: 0.0616, anchor loss: 0.0287, VFL train accuracy: 0.9655
2026-04-15 04:47:27,337 - Epoch: 15, 131/278: VFL loss: 0.0936, total loss: 0.0611, anchor loss: 0.0285, VFL train accuracy: 0.9660
2026-04-15 04:47:27,624 - Epoch: 15, 141/278: VFL loss: 0.0932, total loss: 0.0608, anchor loss: 0.0284, VFL train accuracy: 0.9664
2026-04-15 04:47:27,889 - Epoch: 15, 151/278: VFL loss: 0.0936, total loss: 0.0610, anchor loss: 0.0284, VFL train accuracy: 0.9663
2026-04-15 04:47:28,144 - Epoch: 15, 161/278: VFL loss: 0.0952, total loss: 0.0618, anchor loss: 0.0285, VFL train accuracy: 0.9658
2026-04-15 04:47:28,573 - Epoch: 15, 171/278: VFL loss: 0.0949, total loss: 0.0617, anchor loss: 0.0284, VFL train accuracy: 0.9658
2026-04-15 04:47:28,872 - Epoch: 15, 181/278: VFL loss: 0.0953, total loss: 0.0619, anchor loss: 0.0285, VFL train accuracy: 0.9657
2026-04-15 04:47:29,135 - Epoch: 15, 191/278: VFL loss: 0.0958, total loss: 0.0622, anchor loss: 0.0285, VFL train accuracy: 0.9655
2026-04-15 04:47:29,407 - Epoch: 15, 201/278: VFL loss: 0.0953, total loss: 0.0619, anchor loss: 0.0284, VFL train accuracy: 0.9656
2026-04-15 04:47:29,673 - Epoch: 15, 211/278: VFL loss: 0.0951, total loss: 0.0618, anchor loss: 0.0284, VFL train accuracy: 0.9655
2026-04-15 04:47:29,942 - Epoch: 15, 221/278: VFL loss: 0.0949, total loss: 0.0616, anchor loss: 0.0284, VFL train accuracy: 0.9654
2026-04-15 04:47:30,203 - Epoch: 15, 231/278: VFL loss: 0.0953, total loss: 0.0618, anchor loss: 0.0284, VFL train accuracy: 0.9652
2026-04-15 04:47:30,463 - Epoch: 15, 241/278: VFL loss: 0.0947, total loss: 0.0615, anchor loss: 0.0283, VFL train accuracy: 0.9657
2026-04-15 04:47:30,730 - Epoch: 15, 251/278: VFL loss: 0.0944, total loss: 0.0614, anchor loss: 0.0283, VFL train accuracy: 0.9657
2026-04-15 04:47:31,012 - Epoch: 15, 261/278: VFL loss: 0.0946, total loss: 0.0615, anchor loss: 0.0284, VFL train accuracy: 0.9655
2026-04-15 04:47:31,275 - Epoch: 15, 271/278: VFL loss: 0.0939, total loss: 0.0611, anchor loss: 0.0283, VFL train accuracy: 0.9656
2026-04-15 04:47:31,474 - => Recorded Stage 2 client anchor losses for epoch 15 to './results/AVGuard/stage3_static_reliability_ablation/PHISHING_static_reliability_on\stage2_final_epoch_client_anchor_losses.json': {0: 0.02733, 1: 0.030611, 2: 0.027001}
2026-04-15 04:47:31,484 - => Stage 2 EMA anchor update applied at epoch 15 with momentum 0.9950: updated classes per client {0: 2, 1: 2, 2: 2}
2026-04-15 04:47:31,485 - => Stage 2 Epoch 15 Training Summary: VFL loss: 0.0937, total loss: 0.0610, anchor loss: 0.0282, VFL train accuracy: 0.9655
2026-04-15 04:47:31,485 - => Test ASR...
2026-04-15 04:47:31,488 - =>Add Trigger to Test Data
2026-04-15 04:47:32,050 - Add Trigger to 6130 Bad Samples, 11600 Clean Samples (1.00)
2026-04-15 04:47:35,811 - => Test Epoch: 15, main task samples: 17730, attack samples: 17730, test loss: 0.1134, clean acc: 0.9299, Top-2: 1.0000, ASR: 0.1630, RAC: 0.9056, test target accuracy: 0.9686, stage3 final accuracy: 0.9299, stage3 final target accuracy: 0.9418, stage3 final asr: 0.1630, anchor loss: 0.0287
2026-04-15 04:47:35,811 - => Stage 3 Detection Summary: recall: 0.8095, precision: 0.8046, f1: 0.8071, false positive rate: 0.0539, correction rate: 0.8095
2026-04-15 04:47:35,811 - => Stage 3 Debug (clean): suspicious=956/17730, correction_applied=956, prediction_changed=956, skipped_tied_vote=0, skipped_low_margin=0, skipped_other=0
2026-04-15 04:47:35,811 - => Stage 3 Debug (poison-valid): suspicious=4126/6130, correction_applied=4126, prediction_changed=4126, skipped_tied_vote=0, skipped_low_margin=0, skipped_other=0
2026-04-15 04:47:35,811 - => Stage 3 Debug (attack-success): suspicious=4089/5051, correction_applied=4089, prediction_changed=4089, corrected_to_true=4089
2026-04-15 04:47:35,812 - => Stage 2 checkpoint score: mean(clean_acc=0.9299, recall=0.8095, correction_rate=0.8095) = 0.8497
2026-04-15 04:47:35,858 - => End Epoch: 15, early stop epochs: 2, best epoch: 13, best clean acc: 0.9270, best Top-2: 1.0000, best ASR: 0.1377, best RAC: 0.9045, anchor loss: 0.0296, best checkpoint score: 0.8678
2026-04-15 04:47:35,858 - => Stage 3 Detection Summary: recall: 0.8382, precision: 0.8053, f1: 0.8214, false positive rate: 0.0575, correction rate: 0.8382
2026-04-15 04:47:35,898 - => LFBA current anchor-derived target label: 0
2026-04-15 04:47:35,902 - =>Add Trigger to Train Data
2026-04-15 04:47:36,119 - Add Trigger to 7091 Bad Samples, 63826 Clean Samples (0.10)
2026-04-15 04:47:36,124 - => Start Training for Injecting Backdoor...
2026-04-15 04:47:36,162 - Epoch: 16, 1/278: VFL loss: 0.0901, total loss: 0.0584, anchor loss: 0.0268, VFL train accuracy: 0.9688
2026-04-15 04:47:36,441 - Epoch: 16, 11/278: VFL loss: 0.0858, total loss: 0.0568, anchor loss: 0.0277, VFL train accuracy: 0.9666
2026-04-15 04:47:36,717 - Epoch: 16, 21/278: VFL loss: 0.0863, total loss: 0.0572, anchor loss: 0.0280, VFL train accuracy: 0.9673
2026-04-15 04:47:36,989 - Epoch: 16, 31/278: VFL loss: 0.0905, total loss: 0.0596, anchor loss: 0.0286, VFL train accuracy: 0.9662
2026-04-15 04:47:37,262 - Epoch: 16, 41/278: VFL loss: 0.0901, total loss: 0.0594, anchor loss: 0.0287, VFL train accuracy: 0.9672
2026-04-15 04:47:37,524 - Epoch: 16, 51/278: VFL loss: 0.0900, total loss: 0.0592, anchor loss: 0.0284, VFL train accuracy: 0.9667
2026-04-15 04:47:37,811 - Epoch: 16, 61/278: VFL loss: 0.0905, total loss: 0.0595, anchor loss: 0.0285, VFL train accuracy: 0.9660
2026-04-15 04:47:38,091 - Epoch: 16, 71/278: VFL loss: 0.0909, total loss: 0.0596, anchor loss: 0.0283, VFL train accuracy: 0.9660
2026-04-15 04:47:38,356 - Epoch: 16, 81/278: VFL loss: 0.0914, total loss: 0.0598, anchor loss: 0.0282, VFL train accuracy: 0.9654
2026-04-15 04:47:38,683 - Epoch: 16, 91/278: VFL loss: 0.0924, total loss: 0.0604, anchor loss: 0.0284, VFL train accuracy: 0.9654
2026-04-15 04:47:39,085 - Epoch: 16, 101/278: VFL loss: 0.0923, total loss: 0.0603, anchor loss: 0.0284, VFL train accuracy: 0.9652
2026-04-15 04:47:39,422 - Epoch: 16, 111/278: VFL loss: 0.0940, total loss: 0.0611, anchor loss: 0.0283, VFL train accuracy: 0.9645
2026-04-15 04:47:39,744 - Epoch: 16, 121/278: VFL loss: 0.0932, total loss: 0.0607, anchor loss: 0.0282, VFL train accuracy: 0.9647
2026-04-15 04:47:40,077 - Epoch: 16, 131/278: VFL loss: 0.0942, total loss: 0.0612, anchor loss: 0.0282, VFL train accuracy: 0.9648
2026-04-15 04:47:40,383 - Epoch: 16, 141/278: VFL loss: 0.0943, total loss: 0.0613, anchor loss: 0.0282, VFL train accuracy: 0.9648
2026-04-15 04:47:40,682 - Epoch: 16, 151/278: VFL loss: 0.0941, total loss: 0.0611, anchor loss: 0.0282, VFL train accuracy: 0.9647
2026-04-15 04:47:40,959 - Epoch: 16, 161/278: VFL loss: 0.0939, total loss: 0.0610, anchor loss: 0.0281, VFL train accuracy: 0.9648
2026-04-15 04:47:41,216 - Epoch: 16, 171/278: VFL loss: 0.0939, total loss: 0.0610, anchor loss: 0.0281, VFL train accuracy: 0.9649
2026-04-15 04:47:41,467 - Epoch: 16, 181/278: VFL loss: 0.0951, total loss: 0.0617, anchor loss: 0.0282, VFL train accuracy: 0.9642
2026-04-15 04:47:41,734 - Epoch: 16, 191/278: VFL loss: 0.0946, total loss: 0.0614, anchor loss: 0.0282, VFL train accuracy: 0.9644
2026-04-15 04:47:42,022 - Epoch: 16, 201/278: VFL loss: 0.0951, total loss: 0.0616, anchor loss: 0.0282, VFL train accuracy: 0.9644
2026-04-15 04:47:42,288 - Epoch: 16, 211/278: VFL loss: 0.0951, total loss: 0.0616, anchor loss: 0.0282, VFL train accuracy: 0.9645
2026-04-15 04:47:42,545 - Epoch: 16, 221/278: VFL loss: 0.0951, total loss: 0.0617, anchor loss: 0.0282, VFL train accuracy: 0.9645
2026-04-15 04:47:42,807 - Epoch: 16, 231/278: VFL loss: 0.0952, total loss: 0.0617, anchor loss: 0.0282, VFL train accuracy: 0.9645
2026-04-15 04:47:43,084 - Epoch: 16, 241/278: VFL loss: 0.0948, total loss: 0.0615, anchor loss: 0.0281, VFL train accuracy: 0.9647
2026-04-15 04:47:43,341 - Epoch: 16, 251/278: VFL loss: 0.0942, total loss: 0.0612, anchor loss: 0.0281, VFL train accuracy: 0.9651
2026-04-15 04:47:43,601 - Epoch: 16, 261/278: VFL loss: 0.0942, total loss: 0.0611, anchor loss: 0.0280, VFL train accuracy: 0.9651
2026-04-15 04:47:43,891 - Epoch: 16, 271/278: VFL loss: 0.0942, total loss: 0.0611, anchor loss: 0.0280, VFL train accuracy: 0.9650
2026-04-15 04:47:44,097 - => Recorded Stage 2 client anchor losses for epoch 16 to './results/AVGuard/stage3_static_reliability_ablation/PHISHING_static_reliability_on\stage2_final_epoch_client_anchor_losses.json': {0: 0.027249, 1: 0.030214, 2: 0.026818}
2026-04-15 04:47:44,105 - => Stage 2 EMA anchor update applied at epoch 16 with momentum 0.9950: updated classes per client {0: 2, 1: 2, 2: 2}
2026-04-15 04:47:44,105 - => Stage 2 Epoch 16 Training Summary: VFL loss: 0.0943, total loss: 0.0612, anchor loss: 0.0281, VFL train accuracy: 0.9650
2026-04-15 04:47:44,105 - => Test ASR...
2026-04-15 04:47:44,109 - =>Add Trigger to Test Data
2026-04-15 04:47:44,651 - Add Trigger to 6130 Bad Samples, 11600 Clean Samples (1.00)
2026-04-15 04:47:48,579 - => Test Epoch: 16, main task samples: 17730, attack samples: 17730, test loss: 0.1154, clean acc: 0.9284, Top-2: 1.0000, ASR: 0.1599, RAC: 0.9021, test target accuracy: 0.9627, stage3 final accuracy: 0.9284, stage3 final target accuracy: 0.9348, stage3 final asr: 0.1599, anchor loss: 0.0291
2026-04-15 04:47:48,579 - => Stage 3 Detection Summary: recall: 0.8128, precision: 0.8174, f1: 0.8151, false positive rate: 0.0507, correction rate: 0.8128
2026-04-15 04:47:48,579 - => Stage 3 Debug (clean): suspicious=899/17730, correction_applied=899, prediction_changed=899, skipped_tied_vote=0, skipped_low_margin=0, skipped_other=0
2026-04-15 04:47:48,580 - => Stage 3 Debug (poison-valid): suspicious=4167/6130, correction_applied=4167, prediction_changed=4167, skipped_tied_vote=0, skipped_low_margin=0, skipped_other=0
2026-04-15 04:47:48,580 - => Stage 3 Debug (attack-success): suspicious=4141/5095, correction_applied=4141, prediction_changed=4141, corrected_to_true=4141
2026-04-15 04:47:48,580 - => Stage 2 checkpoint score: mean(clean_acc=0.9284, recall=0.8128, correction_rate=0.8128) = 0.8513
2026-04-15 04:47:48,620 - => End Epoch: 16, early stop epochs: 3, best epoch: 13, best clean acc: 0.9270, best Top-2: 1.0000, best ASR: 0.1377, best RAC: 0.9045, anchor loss: 0.0296, best checkpoint score: 0.8678
2026-04-15 04:47:48,621 - => Stage 3 Detection Summary: recall: 0.8382, precision: 0.8053, f1: 0.8214, false positive rate: 0.0575, correction rate: 0.8382
2026-04-15 04:47:48,663 - => LFBA current anchor-derived target label: 0
2026-04-15 04:47:48,667 - =>Add Trigger to Train Data
2026-04-15 04:47:48,901 - Add Trigger to 7091 Bad Samples, 63826 Clean Samples (0.10)
2026-04-15 04:47:48,906 - => Start Training for Injecting Backdoor...
2026-04-15 04:47:48,944 - Epoch: 17, 1/278: VFL loss: 0.1368, total loss: 0.0839, anchor loss: 0.0310, VFL train accuracy: 0.9492
2026-04-15 04:47:49,225 - Epoch: 17, 11/278: VFL loss: 0.1031, total loss: 0.0665, anchor loss: 0.0299, VFL train accuracy: 0.9638
2026-04-15 04:47:49,476 - Epoch: 17, 21/278: VFL loss: 0.0976, total loss: 0.0634, anchor loss: 0.0291, VFL train accuracy: 0.9641
2026-04-15 04:47:49,721 - Epoch: 17, 31/278: VFL loss: 0.0976, total loss: 0.0637, anchor loss: 0.0297, VFL train accuracy: 0.9635
2026-04-15 04:47:49,996 - Epoch: 17, 41/278: VFL loss: 0.0931, total loss: 0.0609, anchor loss: 0.0288, VFL train accuracy: 0.9657
2026-04-15 04:47:50,245 - Epoch: 17, 51/278: VFL loss: 0.0930, total loss: 0.0606, anchor loss: 0.0283, VFL train accuracy: 0.9662
2026-04-15 04:47:50,498 - Epoch: 17, 61/278: VFL loss: 0.0936, total loss: 0.0610, anchor loss: 0.0284, VFL train accuracy: 0.9655
2026-04-15 04:47:50,766 - Epoch: 17, 71/278: VFL loss: 0.0945, total loss: 0.0616, anchor loss: 0.0286, VFL train accuracy: 0.9654
2026-04-15 04:47:51,039 - Epoch: 17, 81/278: VFL loss: 0.0963, total loss: 0.0626, anchor loss: 0.0288, VFL train accuracy: 0.9645
2026-04-15 04:47:51,286 - Epoch: 17, 91/278: VFL loss: 0.0952, total loss: 0.0619, anchor loss: 0.0286, VFL train accuracy: 0.9649
2026-04-15 04:47:51,557 - Epoch: 17, 101/278: VFL loss: 0.0953, total loss: 0.0620, anchor loss: 0.0286, VFL train accuracy: 0.9651
2026-04-15 04:47:51,812 - Epoch: 17, 111/278: VFL loss: 0.0941, total loss: 0.0612, anchor loss: 0.0284, VFL train accuracy: 0.9654
2026-04-15 04:47:52,105 - Epoch: 17, 121/278: VFL loss: 0.0933, total loss: 0.0608, anchor loss: 0.0283, VFL train accuracy: 0.9659
2026-04-15 04:47:52,381 - Epoch: 17, 131/278: VFL loss: 0.0923, total loss: 0.0602, anchor loss: 0.0281, VFL train accuracy: 0.9661
2026-04-15 04:47:52,648 - Epoch: 17, 141/278: VFL loss: 0.0921, total loss: 0.0600, anchor loss: 0.0280, VFL train accuracy: 0.9663
2026-04-15 04:47:52,927 - Epoch: 17, 151/278: VFL loss: 0.0925, total loss: 0.0603, anchor loss: 0.0280, VFL train accuracy: 0.9660
2026-04-15 04:47:53,191 - Epoch: 17, 161/278: VFL loss: 0.0922, total loss: 0.0601, anchor loss: 0.0280, VFL train accuracy: 0.9661
2026-04-15 04:47:53,451 - Epoch: 17, 171/278: VFL loss: 0.0924, total loss: 0.0603, anchor loss: 0.0281, VFL train accuracy: 0.9658
2026-04-15 04:47:53,721 - Epoch: 17, 181/278: VFL loss: 0.0932, total loss: 0.0607, anchor loss: 0.0281, VFL train accuracy: 0.9658
2026-04-15 04:47:53,977 - Epoch: 17, 191/278: VFL loss: 0.0930, total loss: 0.0605, anchor loss: 0.0280, VFL train accuracy: 0.9659
2026-04-15 04:47:54,226 - Epoch: 17, 201/278: VFL loss: 0.0931, total loss: 0.0605, anchor loss: 0.0280, VFL train accuracy: 0.9659
2026-04-15 04:47:54,496 - Epoch: 17, 211/278: VFL loss: 0.0929, total loss: 0.0605, anchor loss: 0.0280, VFL train accuracy: 0.9659
2026-04-15 04:47:54,769 - Epoch: 17, 221/278: VFL loss: 0.0934, total loss: 0.0607, anchor loss: 0.0280, VFL train accuracy: 0.9657
2026-04-15 04:47:55,035 - Epoch: 17, 231/278: VFL loss: 0.0937, total loss: 0.0609, anchor loss: 0.0281, VFL train accuracy: 0.9656
2026-04-15 04:47:55,303 - Epoch: 17, 241/278: VFL loss: 0.0933, total loss: 0.0606, anchor loss: 0.0280, VFL train accuracy: 0.9657
2026-04-15 04:47:55,555 - Epoch: 17, 251/278: VFL loss: 0.0926, total loss: 0.0603, anchor loss: 0.0279, VFL train accuracy: 0.9659
2026-04-15 04:47:55,827 - Epoch: 17, 261/278: VFL loss: 0.0927, total loss: 0.0603, anchor loss: 0.0279, VFL train accuracy: 0.9659
2026-04-15 04:47:56,077 - Epoch: 17, 271/278: VFL loss: 0.0926, total loss: 0.0603, anchor loss: 0.0279, VFL train accuracy: 0.9661
2026-04-15 04:47:56,277 - => Recorded Stage 2 client anchor losses for epoch 17 to './results/AVGuard/stage3_static_reliability_ablation/PHISHING_static_reliability_on\stage2_final_epoch_client_anchor_losses.json': {0: 0.027117, 1: 0.03012, 2: 0.026531}
2026-04-15 04:47:56,287 - => Stage 2 EMA anchor update applied at epoch 17 with momentum 0.9950: updated classes per client {0: 2, 1: 2, 2: 2}
2026-04-15 04:47:56,287 - => Stage 2 Epoch 17 Training Summary: VFL loss: 0.0922, total loss: 0.0601, anchor loss: 0.0279, VFL train accuracy: 0.9660
2026-04-15 04:47:56,287 - => Test ASR...
2026-04-15 04:47:56,291 - =>Add Trigger to Test Data
2026-04-15 04:47:56,821 - Add Trigger to 6130 Bad Samples, 11600 Clean Samples (1.00)
2026-04-15 04:48:00,861 - => Test Epoch: 17, main task samples: 17730, attack samples: 17730, test loss: 0.1154, clean acc: 0.9286, Top-2: 1.0000, ASR: 0.1481, RAC: 0.9061, test target accuracy: 0.9636, stage3 final accuracy: 0.9286, stage3 final target accuracy: 0.9347, stage3 final asr: 0.1481, anchor loss: 0.0288
2026-04-15 04:48:00,861 - => Stage 3 Detection Summary: recall: 0.8337, precision: 0.8075, f1: 0.8204, false positive rate: 0.0579, correction rate: 0.8337
2026-04-15 04:48:00,861 - => Stage 3 Debug (clean): suspicious=1026/17730, correction_applied=1025, prediction_changed=1025, skipped_tied_vote=0, skipped_low_margin=0, skipped_other=1
2026-04-15 04:48:00,861 - => Stage 3 Debug (poison-valid): suspicious=4445/6130, correction_applied=4445, prediction_changed=4445, skipped_tied_vote=0, skipped_low_margin=0, skipped_other=0
2026-04-15 04:48:00,861 - => Stage 3 Debug (attack-success): suspicious=4418/5299, correction_applied=4418, prediction_changed=4418, corrected_to_true=4418
2026-04-15 04:48:00,862 - => Stage 2 checkpoint score: mean(clean_acc=0.9286, recall=0.8337, correction_rate=0.8337) = 0.8654
2026-04-15 04:48:00,899 - => End Epoch: 17, early stop epochs: 4, best epoch: 13, best clean acc: 0.9270, best Top-2: 1.0000, best ASR: 0.1377, best RAC: 0.9045, anchor loss: 0.0296, best checkpoint score: 0.8678
2026-04-15 04:48:00,899 - => Stage 3 Detection Summary: recall: 0.8382, precision: 0.8053, f1: 0.8214, false positive rate: 0.0575, correction rate: 0.8382
2026-04-15 04:48:00,937 - => LFBA current anchor-derived target label: 0
2026-04-15 04:48:00,941 - =>Add Trigger to Train Data
2026-04-15 04:48:01,172 - Add Trigger to 7091 Bad Samples, 63826 Clean Samples (0.10)
2026-04-15 04:48:01,178 - => Start Training for Injecting Backdoor...
2026-04-15 04:48:01,215 - Epoch: 18, 1/278: VFL loss: 0.0988, total loss: 0.0626, anchor loss: 0.0263, VFL train accuracy: 0.9531
2026-04-15 04:48:01,489 - Epoch: 18, 11/278: VFL loss: 0.0936, total loss: 0.0612, anchor loss: 0.0288, VFL train accuracy: 0.9659
2026-04-15 04:48:01,743 - Epoch: 18, 21/278: VFL loss: 0.0918, total loss: 0.0599, anchor loss: 0.0279, VFL train accuracy: 0.9658
2026-04-15 04:48:02,043 - Epoch: 18, 31/278: VFL loss: 0.0901, total loss: 0.0589, anchor loss: 0.0277, VFL train accuracy: 0.9677
2026-04-15 04:48:02,326 - Epoch: 18, 41/278: VFL loss: 0.0898, total loss: 0.0587, anchor loss: 0.0276, VFL train accuracy: 0.9672
2026-04-15 04:48:02,589 - Epoch: 18, 51/278: VFL loss: 0.0900, total loss: 0.0589, anchor loss: 0.0278, VFL train accuracy: 0.9665
2026-04-15 04:48:02,856 - Epoch: 18, 61/278: VFL loss: 0.0910, total loss: 0.0595, anchor loss: 0.0279, VFL train accuracy: 0.9663
2026-04-15 04:48:03,108 - Epoch: 18, 71/278: VFL loss: 0.0938, total loss: 0.0610, anchor loss: 0.0281, VFL train accuracy: 0.9652
2026-04-15 04:48:03,370 - Epoch: 18, 81/278: VFL loss: 0.0938, total loss: 0.0610, anchor loss: 0.0282, VFL train accuracy: 0.9653
2026-04-15 04:48:03,631 - Epoch: 18, 91/278: VFL loss: 0.0943, total loss: 0.0613, anchor loss: 0.0283, VFL train accuracy: 0.9652
2026-04-15 04:48:03,912 - Epoch: 18, 101/278: VFL loss: 0.0932, total loss: 0.0607, anchor loss: 0.0282, VFL train accuracy: 0.9656
2026-04-15 04:48:04,172 - Epoch: 18, 111/278: VFL loss: 0.0939, total loss: 0.0610, anchor loss: 0.0281, VFL train accuracy: 0.9656
2026-04-15 04:48:04,435 - Epoch: 18, 121/278: VFL loss: 0.0927, total loss: 0.0604, anchor loss: 0.0280, VFL train accuracy: 0.9663
2026-04-15 04:48:04,679 - Epoch: 18, 131/278: VFL loss: 0.0911, total loss: 0.0594, anchor loss: 0.0277, VFL train accuracy: 0.9669
2026-04-15 04:48:04,955 - Epoch: 18, 141/278: VFL loss: 0.0913, total loss: 0.0595, anchor loss: 0.0277, VFL train accuracy: 0.9669
2026-04-15 04:48:05,204 - Epoch: 18, 151/278: VFL loss: 0.0921, total loss: 0.0599, anchor loss: 0.0277, VFL train accuracy: 0.9667
2026-04-15 04:48:05,463 - Epoch: 18, 161/278: VFL loss: 0.0918, total loss: 0.0597, anchor loss: 0.0276, VFL train accuracy: 0.9667
2026-04-15 04:48:05,718 - Epoch: 18, 171/278: VFL loss: 0.0911, total loss: 0.0593, anchor loss: 0.0275, VFL train accuracy: 0.9668
2026-04-15 04:48:05,982 - Epoch: 18, 181/278: VFL loss: 0.0921, total loss: 0.0599, anchor loss: 0.0277, VFL train accuracy: 0.9663
2026-04-15 04:48:06,222 - Epoch: 18, 191/278: VFL loss: 0.0920, total loss: 0.0598, anchor loss: 0.0276, VFL train accuracy: 0.9666
2026-04-15 04:48:06,492 - Epoch: 18, 201/278: VFL loss: 0.0920, total loss: 0.0599, anchor loss: 0.0277, VFL train accuracy: 0.9666
2026-04-15 04:48:06,741 - Epoch: 18, 211/278: VFL loss: 0.0921, total loss: 0.0600, anchor loss: 0.0278, VFL train accuracy: 0.9665
2026-04-15 04:48:07,056 - Epoch: 18, 221/278: VFL loss: 0.0919, total loss: 0.0599, anchor loss: 0.0278, VFL train accuracy: 0.9665
2026-04-15 04:48:07,307 - Epoch: 18, 231/278: VFL loss: 0.0919, total loss: 0.0598, anchor loss: 0.0278, VFL train accuracy: 0.9663
2026-04-15 04:48:07,574 - Epoch: 18, 241/278: VFL loss: 0.0916, total loss: 0.0597, anchor loss: 0.0277, VFL train accuracy: 0.9664
2026-04-15 04:48:07,838 - Epoch: 18, 251/278: VFL loss: 0.0922, total loss: 0.0600, anchor loss: 0.0278, VFL train accuracy: 0.9661
2026-04-15 04:48:08,093 - Epoch: 18, 261/278: VFL loss: 0.0922, total loss: 0.0600, anchor loss: 0.0278, VFL train accuracy: 0.9660
2026-04-15 04:48:08,357 - Epoch: 18, 271/278: VFL loss: 0.0923, total loss: 0.0601, anchor loss: 0.0278, VFL train accuracy: 0.9658
2026-04-15 04:48:08,584 - => Recorded Stage 2 client anchor losses for epoch 18 to './results/AVGuard/stage3_static_reliability_ablation/PHISHING_static_reliability_on\stage2_final_epoch_client_anchor_losses.json': {0: 0.026926, 1: 0.030051, 2: 0.026393}
2026-04-15 04:48:08,595 - => Stage 2 EMA anchor update applied at epoch 18 with momentum 0.9950: updated classes per client {0: 2, 1: 2, 2: 2}
2026-04-15 04:48:08,595 - => Stage 2 Epoch 18 Training Summary: VFL loss: 0.0919, total loss: 0.0598, anchor loss: 0.0278, VFL train accuracy: 0.9658
2026-04-15 04:48:08,595 - => Test ASR...
2026-04-15 04:48:08,599 - =>Add Trigger to Test Data
2026-04-15 04:48:09,157 - Add Trigger to 6130 Bad Samples, 11600 Clean Samples (1.00)
2026-04-15 04:48:13,118 - => Test Epoch: 18, main task samples: 17730, attack samples: 17730, test loss: 0.1174, clean acc: 0.9250, Top-2: 1.0000, ASR: 0.1387, RAC: 0.9062, test target accuracy: 0.9619, stage3 final accuracy: 0.9250, stage3 final target accuracy: 0.9299, stage3 final asr: 0.1387, anchor loss: 0.0286
2026-04-15 04:48:13,119 - => Stage 3 Detection Summary: recall: 0.8463, precision: 0.8105, f1: 0.8280, false positive rate: 0.0596, correction rate: 0.8463
2026-04-15 04:48:13,119 - => Stage 3 Debug (clean): suspicious=1056/17730, correction_applied=1056, prediction_changed=1056, skipped_tied_vote=0, skipped_low_margin=0, skipped_other=0
2026-04-15 04:48:13,119 - => Stage 3 Debug (poison-valid): suspicious=4605/6130, correction_applied=4605, prediction_changed=4605, skipped_tied_vote=0, skipped_low_margin=0, skipped_other=0
2026-04-15 04:48:13,119 - => Stage 3 Debug (attack-success): suspicious=4588/5421, correction_applied=4588, prediction_changed=4588, corrected_to_true=4588
2026-04-15 04:48:13,119 - => Stage 2 checkpoint score: mean(clean_acc=0.9250, recall=0.8463, correction_rate=0.8463) = 0.8726
2026-04-15 04:48:13,119 - => Save best checkpoint model...
2026-04-15 04:48:13,229 - => End Epoch: 18, early stop epochs: 0, best epoch: 18, best clean acc: 0.9250, best Top-2: 1.0000, best ASR: 0.1387, best RAC: 0.9062, anchor loss: 0.0286, best checkpoint score: 0.8726
2026-04-15 04:48:13,231 - => Stage 3 Detection Summary: recall: 0.8463, precision: 0.8105, f1: 0.8280, false positive rate: 0.0596, correction rate: 0.8463
2026-04-15 04:48:13,269 - => LFBA current anchor-derived target label: 0
2026-04-15 04:48:13,273 - =>Add Trigger to Train Data
2026-04-15 04:48:13,485 - Add Trigger to 7091 Bad Samples, 63826 Clean Samples (0.10)
2026-04-15 04:48:13,491 - => Start Training for Injecting Backdoor...
2026-04-15 04:48:13,532 - Epoch: 19, 1/278: VFL loss: 0.0884, total loss: 0.0571, anchor loss: 0.0259, VFL train accuracy: 0.9609
2026-04-15 04:48:13,798 - Epoch: 19, 11/278: VFL loss: 0.1080, total loss: 0.0688, anchor loss: 0.0296, VFL train accuracy: 0.9599
2026-04-15 04:48:14,065 - Epoch: 19, 21/278: VFL loss: 0.0961, total loss: 0.0622, anchor loss: 0.0284, VFL train accuracy: 0.9624
2026-04-15 04:48:14,313 - Epoch: 19, 31/278: VFL loss: 0.0975, total loss: 0.0627, anchor loss: 0.0279, VFL train accuracy: 0.9628
2026-04-15 04:48:14,581 - Epoch: 19, 41/278: VFL loss: 0.0943, total loss: 0.0610, anchor loss: 0.0278, VFL train accuracy: 0.9644
2026-04-15 04:48:14,862 - Epoch: 19, 51/278: VFL loss: 0.0923, total loss: 0.0598, anchor loss: 0.0273, VFL train accuracy: 0.9658
2026-04-15 04:48:15,117 - Epoch: 19, 61/278: VFL loss: 0.0914, total loss: 0.0594, anchor loss: 0.0273, VFL train accuracy: 0.9653
2026-04-15 04:48:15,403 - Epoch: 19, 71/278: VFL loss: 0.0895, total loss: 0.0583, anchor loss: 0.0272, VFL train accuracy: 0.9662
2026-04-15 04:48:15,684 - Epoch: 19, 81/278: VFL loss: 0.0886, total loss: 0.0578, anchor loss: 0.0271, VFL train accuracy: 0.9665
2026-04-15 04:48:15,957 - Epoch: 19, 91/278: VFL loss: 0.0901, total loss: 0.0587, anchor loss: 0.0274, VFL train accuracy: 0.9662
2026-04-15 04:48:16,237 - Epoch: 19, 101/278: VFL loss: 0.0903, total loss: 0.0589, anchor loss: 0.0275, VFL train accuracy: 0.9661
2026-04-15 04:48:16,533 - Epoch: 19, 111/278: VFL loss: 0.0901, total loss: 0.0588, anchor loss: 0.0275, VFL train accuracy: 0.9659
2026-04-15 04:48:16,801 - Epoch: 19, 121/278: VFL loss: 0.0910, total loss: 0.0593, anchor loss: 0.0276, VFL train accuracy: 0.9658
2026-04-15 04:48:17,100 - Epoch: 19, 131/278: VFL loss: 0.0909, total loss: 0.0592, anchor loss: 0.0275, VFL train accuracy: 0.9660
2026-04-15 04:48:17,367 - Epoch: 19, 141/278: VFL loss: 0.0925, total loss: 0.0601, anchor loss: 0.0277, VFL train accuracy: 0.9656
2026-04-15 04:48:17,636 - Epoch: 19, 151/278: VFL loss: 0.0923, total loss: 0.0600, anchor loss: 0.0276, VFL train accuracy: 0.9655
2026-04-15 04:48:17,915 - Epoch: 19, 161/278: VFL loss: 0.0919, total loss: 0.0597, anchor loss: 0.0275, VFL train accuracy: 0.9658
2026-04-15 04:48:18,195 - Epoch: 19, 171/278: VFL loss: 0.0921, total loss: 0.0599, anchor loss: 0.0276, VFL train accuracy: 0.9657
2026-04-15 04:48:18,461 - Epoch: 19, 181/278: VFL loss: 0.0924, total loss: 0.0599, anchor loss: 0.0275, VFL train accuracy: 0.9657
2026-04-15 04:48:18,711 - Epoch: 19, 191/278: VFL loss: 0.0921, total loss: 0.0598, anchor loss: 0.0275, VFL train accuracy: 0.9658
2026-04-15 04:48:18,996 - Epoch: 19, 201/278: VFL loss: 0.0921, total loss: 0.0598, anchor loss: 0.0275, VFL train accuracy: 0.9659
2026-04-15 04:48:19,320 - Epoch: 19, 211/278: VFL loss: 0.0916, total loss: 0.0596, anchor loss: 0.0275, VFL train accuracy: 0.9659
2026-04-15 04:48:19,638 - Epoch: 19, 221/278: VFL loss: 0.0923, total loss: 0.0600, anchor loss: 0.0276, VFL train accuracy: 0.9657
2026-04-15 04:48:19,947 - Epoch: 19, 231/278: VFL loss: 0.0924, total loss: 0.0600, anchor loss: 0.0276, VFL train accuracy: 0.9657
2026-04-15 04:48:20,213 - Epoch: 19, 241/278: VFL loss: 0.0919, total loss: 0.0597, anchor loss: 0.0275, VFL train accuracy: 0.9660
2026-04-15 04:48:20,476 - Epoch: 19, 251/278: VFL loss: 0.0917, total loss: 0.0596, anchor loss: 0.0275, VFL train accuracy: 0.9660
2026-04-15 04:48:20,729 - Epoch: 19, 261/278: VFL loss: 0.0918, total loss: 0.0597, anchor loss: 0.0275, VFL train accuracy: 0.9660
2026-04-15 04:48:21,026 - Epoch: 19, 271/278: VFL loss: 0.0916, total loss: 0.0596, anchor loss: 0.0275, VFL train accuracy: 0.9660
2026-04-15 04:48:21,281 - => Recorded Stage 2 client anchor losses for epoch 19 to './results/AVGuard/stage3_static_reliability_ablation/PHISHING_static_reliability_on\stage2_final_epoch_client_anchor_losses.json': {0: 0.02662, 1: 0.029739, 2: 0.026357}
2026-04-15 04:48:21,289 - => Stage 2 EMA anchor update applied at epoch 19 with momentum 0.9950: updated classes per client {0: 2, 1: 2, 2: 2}
2026-04-15 04:48:21,289 - => Stage 2 Epoch 19 Training Summary: VFL loss: 0.0917, total loss: 0.0597, anchor loss: 0.0276, VFL train accuracy: 0.9660
2026-04-15 04:48:21,289 - => Test ASR...
2026-04-15 04:48:21,292 - =>Add Trigger to Test Data
2026-04-15 04:48:21,825 - Add Trigger to 6130 Bad Samples, 11600 Clean Samples (1.00)
2026-04-15 04:48:25,755 - => Test Epoch: 19, main task samples: 17730, attack samples: 17730, test loss: 0.1171, clean acc: 0.9310, Top-2: 1.0000, ASR: 0.1719, RAC: 0.9010, test target accuracy: 0.9736, stage3 final accuracy: 0.9310, stage3 final target accuracy: 0.9395, stage3 final asr: 0.1719, anchor loss: 0.0286
2026-04-15 04:48:25,755 - => Stage 3 Detection Summary: recall: 0.8027, precision: 0.8276, f1: 0.8150, false positive rate: 0.0474, correction rate: 0.8027
2026-04-15 04:48:25,755 - => Stage 3 Debug (clean): suspicious=840/17730, correction_applied=840, prediction_changed=840, skipped_tied_vote=0, skipped_low_margin=0, skipped_other=0
2026-04-15 04:48:25,756 - => Stage 3 Debug (poison-valid): suspicious=4200/6130, correction_applied=4200, prediction_changed=4200, skipped_tied_vote=0, skipped_low_margin=0, skipped_other=0
2026-04-15 04:48:25,756 - => Stage 3 Debug (attack-success): suspicious=4171/5196, correction_applied=4171, prediction_changed=4171, corrected_to_true=4171
2026-04-15 04:48:25,756 - => Stage 2 checkpoint score: mean(clean_acc=0.9310, recall=0.8027, correction_rate=0.8027) = 0.8455
2026-04-15 04:48:25,796 - => End Epoch: 19, early stop epochs: 1, best epoch: 18, best clean acc: 0.9250, best Top-2: 1.0000, best ASR: 0.1387, best RAC: 0.9062, anchor loss: 0.0286, best checkpoint score: 0.8726
2026-04-15 04:48:25,796 - => Stage 3 Detection Summary: recall: 0.8463, precision: 0.8105, f1: 0.8280, false positive rate: 0.0596, correction rate: 0.8463
2026-04-15 04:48:25,838 - => LFBA current anchor-derived target label: 0
2026-04-15 04:48:25,842 - =>Add Trigger to Train Data
2026-04-15 04:48:26,066 - Add Trigger to 7091 Bad Samples, 63826 Clean Samples (0.10)
2026-04-15 04:48:26,073 - => Start Training for Injecting Backdoor...
2026-04-15 04:48:26,112 - Epoch: 20, 1/278: VFL loss: 0.1299, total loss: 0.0824, anchor loss: 0.0349, VFL train accuracy: 0.9453
2026-04-15 04:48:26,387 - Epoch: 20, 11/278: VFL loss: 0.0998, total loss: 0.0644, anchor loss: 0.0290, VFL train accuracy: 0.9595
2026-04-15 04:48:26,643 - Epoch: 20, 21/278: VFL loss: 0.1007, total loss: 0.0646, anchor loss: 0.0285, VFL train accuracy: 0.9594
2026-04-15 04:48:26,915 - Epoch: 20, 31/278: VFL loss: 0.0996, total loss: 0.0639, anchor loss: 0.0282, VFL train accuracy: 0.9614
2026-04-15 04:48:27,197 - Epoch: 20, 41/278: VFL loss: 0.0962, total loss: 0.0621, anchor loss: 0.0280, VFL train accuracy: 0.9633
2026-04-15 04:48:27,439 - Epoch: 20, 51/278: VFL loss: 0.0961, total loss: 0.0621, anchor loss: 0.0281, VFL train accuracy: 0.9631
2026-04-15 04:48:27,685 - Epoch: 20, 61/278: VFL loss: 0.0950, total loss: 0.0615, anchor loss: 0.0281, VFL train accuracy: 0.9638
2026-04-15 04:48:27,960 - Epoch: 20, 71/278: VFL loss: 0.0942, total loss: 0.0611, anchor loss: 0.0280, VFL train accuracy: 0.9645
2026-04-15 04:48:28,232 - Epoch: 20, 81/278: VFL loss: 0.0936, total loss: 0.0608, anchor loss: 0.0280, VFL train accuracy: 0.9648
2026-04-15 04:48:28,494 - Epoch: 20, 91/278: VFL loss: 0.0931, total loss: 0.0605, anchor loss: 0.0279, VFL train accuracy: 0.9651
2026-04-15 04:48:28,761 - Epoch: 20, 101/278: VFL loss: 0.0945, total loss: 0.0611, anchor loss: 0.0278, VFL train accuracy: 0.9647
2026-04-15 04:48:29,030 - Epoch: 20, 111/278: VFL loss: 0.0928, total loss: 0.0601, anchor loss: 0.0275, VFL train accuracy: 0.9655
2026-04-15 04:48:29,307 - Epoch: 20, 121/278: VFL loss: 0.0934, total loss: 0.0605, anchor loss: 0.0276, VFL train accuracy: 0.9652
2026-04-15 04:48:29,559 - Epoch: 20, 131/278: VFL loss: 0.0932, total loss: 0.0604, anchor loss: 0.0275, VFL train accuracy: 0.9655
2026-04-15 04:48:29,832 - Epoch: 20, 141/278: VFL loss: 0.0920, total loss: 0.0597, anchor loss: 0.0275, VFL train accuracy: 0.9658
2026-04-15 04:48:30,101 - Epoch: 20, 151/278: VFL loss: 0.0920, total loss: 0.0597, anchor loss: 0.0274, VFL train accuracy: 0.9658
2026-04-15 04:48:30,372 - Epoch: 20, 161/278: VFL loss: 0.0918, total loss: 0.0597, anchor loss: 0.0276, VFL train accuracy: 0.9658
2026-04-15 04:48:30,662 - Epoch: 20, 171/278: VFL loss: 0.0918, total loss: 0.0597, anchor loss: 0.0276, VFL train accuracy: 0.9657
2026-04-15 04:48:30,968 - Epoch: 20, 181/278: VFL loss: 0.0925, total loss: 0.0601, anchor loss: 0.0276, VFL train accuracy: 0.9655
2026-04-15 04:48:31,220 - Epoch: 20, 191/278: VFL loss: 0.0933, total loss: 0.0605, anchor loss: 0.0277, VFL train accuracy: 0.9651
2026-04-15 04:48:31,491 - Epoch: 20, 201/278: VFL loss: 0.0933, total loss: 0.0605, anchor loss: 0.0277, VFL train accuracy: 0.9652
2026-04-15 04:48:31,739 - Epoch: 20, 211/278: VFL loss: 0.0933, total loss: 0.0605, anchor loss: 0.0276, VFL train accuracy: 0.9652
2026-04-15 04:48:32,021 - Epoch: 20, 221/278: VFL loss: 0.0935, total loss: 0.0606, anchor loss: 0.0276, VFL train accuracy: 0.9651
2026-04-15 04:48:32,299 - Epoch: 20, 231/278: VFL loss: 0.0927, total loss: 0.0602, anchor loss: 0.0276, VFL train accuracy: 0.9654
2026-04-15 04:48:32,591 - Epoch: 20, 241/278: VFL loss: 0.0931, total loss: 0.0603, anchor loss: 0.0276, VFL train accuracy: 0.9654
2026-04-15 04:48:32,858 - Epoch: 20, 251/278: VFL loss: 0.0938, total loss: 0.0607, anchor loss: 0.0276, VFL train accuracy: 0.9654
2026-04-15 04:48:33,128 - Epoch: 20, 261/278: VFL loss: 0.0939, total loss: 0.0607, anchor loss: 0.0276, VFL train accuracy: 0.9653
2026-04-15 04:48:33,406 - Epoch: 20, 271/278: VFL loss: 0.0935, total loss: 0.0606, anchor loss: 0.0276, VFL train accuracy: 0.9655
2026-04-15 04:48:33,600 - => Recorded Stage 2 client anchor losses for epoch 20 to './results/AVGuard/stage3_static_reliability_ablation/PHISHING_static_reliability_on\stage2_final_epoch_client_anchor_losses.json': {0: 0.026778, 1: 0.029723, 2: 0.026264}
2026-04-15 04:48:33,605 - => Stage 2 EMA anchor update applied at epoch 20 with momentum 0.9950: updated classes per client {0: 2, 1: 2, 2: 2}
2026-04-15 04:48:33,605 - => Stage 2 Epoch 20 Training Summary: VFL loss: 0.0931, total loss: 0.0603, anchor loss: 0.0275, VFL train accuracy: 0.9655
2026-04-15 04:48:33,605 - => Test ASR...
2026-04-15 04:48:33,610 - =>Add Trigger to Test Data
2026-04-15 04:48:34,140 - Add Trigger to 6130 Bad Samples, 11600 Clean Samples (1.00)
2026-04-15 04:48:37,745 - => Test Epoch: 20, main task samples: 17730, attack samples: 17730, test loss: 0.1137, clean acc: 0.9297, Top-2: 1.0000, ASR: 0.1617, RAC: 0.9049, test target accuracy: 0.9699, stage3 final accuracy: 0.9297, stage3 final target accuracy: 0.9400, stage3 final asr: 0.1617, anchor loss: 0.0285
2026-04-15 04:48:37,745 - => Stage 3 Detection Summary: recall: 0.8204, precision: 0.8091, f1: 0.8147, false positive rate: 0.0593, correction rate: 0.8202
2026-04-15 04:48:37,745 - => Stage 3 Debug (clean): suspicious=1052/17730, correction_applied=1050, prediction_changed=1050, skipped_tied_vote=0, skipped_low_margin=0, skipped_other=2
2026-04-15 04:48:37,745 - => Stage 3 Debug (poison-valid): suspicious=4496/6130, correction_applied=4495, prediction_changed=4495, skipped_tied_vote=0, skipped_low_margin=0, skipped_other=1
2026-04-15 04:48:37,745 - => Stage 3 Debug (attack-success): suspicious=4489/5472, correction_applied=4488, prediction_changed=4488, corrected_to_true=4488
2026-04-15 04:48:37,746 - => Stage 2 checkpoint score: mean(clean_acc=0.9297, recall=0.8204, correction_rate=0.8202) = 0.8568
2026-04-15 04:48:37,787 - => End Epoch: 20, early stop epochs: 2, best epoch: 18, best clean acc: 0.9250, best Top-2: 1.0000, best ASR: 0.1387, best RAC: 0.9062, anchor loss: 0.0286, best checkpoint score: 0.8726
2026-04-15 04:48:37,787 - => Stage 3 Detection Summary: recall: 0.8463, precision: 0.8105, f1: 0.8280, false positive rate: 0.0596, correction rate: 0.8463
2026-04-15 04:48:37,829 - => LFBA current anchor-derived target label: 0
2026-04-15 04:48:37,832 - =>Add Trigger to Train Data
2026-04-15 04:48:38,057 - Add Trigger to 7091 Bad Samples, 63826 Clean Samples (0.10)
2026-04-15 04:48:38,064 - => Start Training for Injecting Backdoor...
2026-04-15 04:48:38,098 - Epoch: 21, 1/278: VFL loss: 0.0505, total loss: 0.0340, anchor loss: 0.0174, VFL train accuracy: 0.9805
2026-04-15 04:48:38,395 - Epoch: 21, 11/278: VFL loss: 0.0914, total loss: 0.0586, anchor loss: 0.0259, VFL train accuracy: 0.9670
2026-04-15 04:48:38,673 - Epoch: 21, 21/278: VFL loss: 0.0892, total loss: 0.0579, anchor loss: 0.0265, VFL train accuracy: 0.9667
2026-04-15 04:48:38,927 - Epoch: 21, 31/278: VFL loss: 0.0934, total loss: 0.0604, anchor loss: 0.0274, VFL train accuracy: 0.9651
2026-04-15 04:48:39,187 - Epoch: 21, 41/278: VFL loss: 0.0914, total loss: 0.0591, anchor loss: 0.0268, VFL train accuracy: 0.9658
2026-04-15 04:48:39,467 - Epoch: 21, 51/278: VFL loss: 0.0875, total loss: 0.0569, anchor loss: 0.0264, VFL train accuracy: 0.9671
2026-04-15 04:48:39,781 - Epoch: 21, 61/278: VFL loss: 0.0900, total loss: 0.0583, anchor loss: 0.0267, VFL train accuracy: 0.9664
2026-04-15 04:48:40,055 - Epoch: 21, 71/278: VFL loss: 0.0909, total loss: 0.0589, anchor loss: 0.0269, VFL train accuracy: 0.9664
2026-04-15 04:48:40,309 - Epoch: 21, 81/278: VFL loss: 0.0897, total loss: 0.0582, anchor loss: 0.0268, VFL train accuracy: 0.9668
2026-04-15 04:48:40,571 - Epoch: 21, 91/278: VFL loss: 0.0900, total loss: 0.0585, anchor loss: 0.0270, VFL train accuracy: 0.9668
2026-04-15 04:48:40,865 - Epoch: 21, 101/278: VFL loss: 0.0892, total loss: 0.0581, anchor loss: 0.0269, VFL train accuracy: 0.9674
2026-04-15 04:48:41,129 - Epoch: 21, 111/278: VFL loss: 0.0876, total loss: 0.0572, anchor loss: 0.0268, VFL train accuracy: 0.9677
2026-04-15 04:48:41,411 - Epoch: 21, 121/278: VFL loss: 0.0876, total loss: 0.0573, anchor loss: 0.0269, VFL train accuracy: 0.9674
2026-04-15 04:48:41,698 - Epoch: 21, 131/278: VFL loss: 0.0878, total loss: 0.0573, anchor loss: 0.0268, VFL train accuracy: 0.9675
2026-04-15 04:48:41,976 - Epoch: 21, 141/278: VFL loss: 0.0871, total loss: 0.0569, anchor loss: 0.0268, VFL train accuracy: 0.9678
2026-04-15 04:48:42,246 - Epoch: 21, 151/278: VFL loss: 0.0864, total loss: 0.0566, anchor loss: 0.0267, VFL train accuracy: 0.9681
2026-04-15 04:48:42,507 - Epoch: 21, 161/278: VFL loss: 0.0861, total loss: 0.0564, anchor loss: 0.0267, VFL train accuracy: 0.9681
2026-04-15 04:48:42,764 - Epoch: 21, 171/278: VFL loss: 0.0856, total loss: 0.0562, anchor loss: 0.0267, VFL train accuracy: 0.9684
2026-04-15 04:48:43,045 - Epoch: 21, 181/278: VFL loss: 0.0861, total loss: 0.0565, anchor loss: 0.0268, VFL train accuracy: 0.9683
2026-04-15 04:48:43,306 - Epoch: 21, 191/278: VFL loss: 0.0863, total loss: 0.0566, anchor loss: 0.0269, VFL train accuracy: 0.9681
2026-04-15 04:48:43,564 - Epoch: 21, 201/278: VFL loss: 0.0862, total loss: 0.0565, anchor loss: 0.0268, VFL train accuracy: 0.9681
2026-04-15 04:48:43,830 - Epoch: 21, 211/278: VFL loss: 0.0870, total loss: 0.0570, anchor loss: 0.0269, VFL train accuracy: 0.9676
2026-04-15 04:48:44,088 - Epoch: 21, 221/278: VFL loss: 0.0868, total loss: 0.0568, anchor loss: 0.0269, VFL train accuracy: 0.9677
2026-04-15 04:48:44,343 - Epoch: 21, 231/278: VFL loss: 0.0866, total loss: 0.0567, anchor loss: 0.0269, VFL train accuracy: 0.9679
2026-04-15 04:48:44,602 - Epoch: 21, 241/278: VFL loss: 0.0867, total loss: 0.0568, anchor loss: 0.0269, VFL train accuracy: 0.9682
2026-04-15 04:48:44,867 - Epoch: 21, 251/278: VFL loss: 0.0863, total loss: 0.0566, anchor loss: 0.0268, VFL train accuracy: 0.9683
2026-04-15 04:48:45,106 - Epoch: 21, 261/278: VFL loss: 0.0863, total loss: 0.0566, anchor loss: 0.0269, VFL train accuracy: 0.9683
2026-04-15 04:48:45,358 - Epoch: 21, 271/278: VFL loss: 0.0856, total loss: 0.0562, anchor loss: 0.0268, VFL train accuracy: 0.9686
2026-04-15 04:48:45,554 - => Recorded Stage 2 client anchor losses for epoch 21 to './results/AVGuard/stage3_static_reliability_ablation/PHISHING_static_reliability_on\stage2_final_epoch_client_anchor_losses.json': {0: 0.02613, 1: 0.028817, 2: 0.025517}
2026-04-15 04:48:45,562 - => Stage 2 EMA anchor update applied at epoch 21 with momentum 0.9950: updated classes per client {0: 2, 1: 2, 2: 2}
2026-04-15 04:48:45,562 - => Stage 2 Epoch 21 Training Summary: VFL loss: 0.0854, total loss: 0.0561, anchor loss: 0.0269, VFL train accuracy: 0.9685
2026-04-15 04:48:45,562 - => Test ASR...
2026-04-15 04:48:45,565 - =>Add Trigger to Test Data
2026-04-15 04:48:46,088 - Add Trigger to 6130 Bad Samples, 11600 Clean Samples (1.00)
2026-04-15 04:48:49,839 - => Test Epoch: 21, main task samples: 17730, attack samples: 17730, test loss: 0.1129, clean acc: 0.9301, Top-2: 1.0000, ASR: 0.1450, RAC: 0.9069, test target accuracy: 0.9687, stage3 final accuracy: 0.9301, stage3 final target accuracy: 0.9343, stage3 final asr: 0.1450, anchor loss: 0.0278
2026-04-15 04:48:49,839 - => Stage 3 Detection Summary: recall: 0.8378, precision: 0.8206, f1: 0.8291, false positive rate: 0.0552, correction rate: 0.8378
2026-04-15 04:48:49,840 - => Stage 3 Debug (clean): suspicious=978/17730, correction_applied=972, prediction_changed=972, skipped_tied_vote=0, skipped_low_margin=0, skipped_other=6
2026-04-15 04:48:49,840 - => Stage 3 Debug (poison-valid): suspicious=4541/6130, correction_applied=4541, prediction_changed=4541, skipped_tied_vote=0, skipped_low_margin=0, skipped_other=0
2026-04-15 04:48:49,841 - => Stage 3 Debug (attack-success): suspicious=4529/5406, correction_applied=4529, prediction_changed=4529, corrected_to_true=4529
2026-04-15 04:48:49,841 - => Stage 2 checkpoint score: mean(clean_acc=0.9301, recall=0.8378, correction_rate=0.8378) = 0.8685
2026-04-15 04:48:49,882 - => End Epoch: 21, early stop epochs: 3, best epoch: 18, best clean acc: 0.9250, best Top-2: 1.0000, best ASR: 0.1387, best RAC: 0.9062, anchor loss: 0.0286, best checkpoint score: 0.8726
2026-04-15 04:48:49,883 - => Stage 3 Detection Summary: recall: 0.8463, precision: 0.8105, f1: 0.8280, false positive rate: 0.0596, correction rate: 0.8463
2026-04-15 04:48:49,919 - => LFBA current anchor-derived target label: 0
2026-04-15 04:48:49,923 - =>Add Trigger to Train Data
2026-04-15 04:48:50,143 - Add Trigger to 7091 Bad Samples, 63826 Clean Samples (0.10)
2026-04-15 04:48:50,149 - => Start Training for Injecting Backdoor...
2026-04-15 04:48:50,185 - Epoch: 22, 1/278: VFL loss: 0.0723, total loss: 0.0458, anchor loss: 0.0192, VFL train accuracy: 0.9688
2026-04-15 04:48:50,473 - Epoch: 22, 11/278: VFL loss: 0.0936, total loss: 0.0604, anchor loss: 0.0272, VFL train accuracy: 0.9641
2026-04-15 04:48:50,729 - Epoch: 22, 21/278: VFL loss: 0.0848, total loss: 0.0553, anchor loss: 0.0258, VFL train accuracy: 0.9689
2026-04-15 04:48:50,986 - Epoch: 22, 31/278: VFL loss: 0.0886, total loss: 0.0576, anchor loss: 0.0266, VFL train accuracy: 0.9669
2026-04-15 04:48:51,258 - Epoch: 22, 41/278: VFL loss: 0.0852, total loss: 0.0557, anchor loss: 0.0262, VFL train accuracy: 0.9679
2026-04-15 04:48:51,525 - Epoch: 22, 51/278: VFL loss: 0.0847, total loss: 0.0558, anchor loss: 0.0268, VFL train accuracy: 0.9678
2026-04-15 04:48:51,772 - Epoch: 22, 61/278: VFL loss: 0.0848, total loss: 0.0558, anchor loss: 0.0267, VFL train accuracy: 0.9679
2026-04-15 04:48:52,052 - Epoch: 22, 71/278: VFL loss: 0.0855, total loss: 0.0562, anchor loss: 0.0269, VFL train accuracy: 0.9679
2026-04-15 04:48:52,310 - Epoch: 22, 81/278: VFL loss: 0.0834, total loss: 0.0551, anchor loss: 0.0267, VFL train accuracy: 0.9694
2026-04-15 04:48:52,588 - Epoch: 22, 91/278: VFL loss: 0.0846, total loss: 0.0557, anchor loss: 0.0268, VFL train accuracy: 0.9688
2026-04-15 04:48:52,858 - Epoch: 22, 101/278: VFL loss: 0.0839, total loss: 0.0553, anchor loss: 0.0267, VFL train accuracy: 0.9691
2026-04-15 04:48:53,247 - Epoch: 22, 111/278: VFL loss: 0.0844, total loss: 0.0555, anchor loss: 0.0267, VFL train accuracy: 0.9686
2026-04-15 04:48:53,500 - Epoch: 22, 121/278: VFL loss: 0.0847, total loss: 0.0557, anchor loss: 0.0267, VFL train accuracy: 0.9684
2026-04-15 04:48:53,751 - Epoch: 22, 131/278: VFL loss: 0.0840, total loss: 0.0553, anchor loss: 0.0266, VFL train accuracy: 0.9688
2026-04-15 04:48:54,019 - Epoch: 22, 141/278: VFL loss: 0.0838, total loss: 0.0552, anchor loss: 0.0266, VFL train accuracy: 0.9692
2026-04-15 04:48:54,265 - Epoch: 22, 151/278: VFL loss: 0.0830, total loss: 0.0548, anchor loss: 0.0266, VFL train accuracy: 0.9696
2026-04-15 04:48:54,537 - Epoch: 22, 161/278: VFL loss: 0.0835, total loss: 0.0551, anchor loss: 0.0266, VFL train accuracy: 0.9691
2026-04-15 04:48:54,802 - Epoch: 22, 171/278: VFL loss: 0.0848, total loss: 0.0558, anchor loss: 0.0268, VFL train accuracy: 0.9687
2026-04-15 04:48:55,056 - Epoch: 22, 181/278: VFL loss: 0.0847, total loss: 0.0557, anchor loss: 0.0267, VFL train accuracy: 0.9686
2026-04-15 04:48:55,323 - Epoch: 22, 191/278: VFL loss: 0.0850, total loss: 0.0558, anchor loss: 0.0267, VFL train accuracy: 0.9686
2026-04-15 04:48:55,599 - Epoch: 22, 201/278: VFL loss: 0.0855, total loss: 0.0561, anchor loss: 0.0267, VFL train accuracy: 0.9685
2026-04-15 04:48:55,852 - Epoch: 22, 211/278: VFL loss: 0.0852, total loss: 0.0560, anchor loss: 0.0267, VFL train accuracy: 0.9687
2026-04-15 04:48:56,123 - Epoch: 22, 221/278: VFL loss: 0.0846, total loss: 0.0556, anchor loss: 0.0266, VFL train accuracy: 0.9689
2026-04-15 04:48:56,373 - Epoch: 22, 231/278: VFL loss: 0.0847, total loss: 0.0557, anchor loss: 0.0266, VFL train accuracy: 0.9690
2026-04-15 04:48:56,665 - Epoch: 22, 241/278: VFL loss: 0.0845, total loss: 0.0555, anchor loss: 0.0266, VFL train accuracy: 0.9690
2026-04-15 04:48:56,987 - Epoch: 22, 251/278: VFL loss: 0.0846, total loss: 0.0556, anchor loss: 0.0266, VFL train accuracy: 0.9689
2026-04-15 04:48:57,277 - Epoch: 22, 261/278: VFL loss: 0.0849, total loss: 0.0558, anchor loss: 0.0266, VFL train accuracy: 0.9688
2026-04-15 04:48:57,538 - Epoch: 22, 271/278: VFL loss: 0.0851, total loss: 0.0558, anchor loss: 0.0266, VFL train accuracy: 0.9688
2026-04-15 04:48:57,744 - => Recorded Stage 2 client anchor losses for epoch 22 to './results/AVGuard/stage3_static_reliability_ablation/PHISHING_static_reliability_on\stage2_final_epoch_client_anchor_losses.json': {0: 0.025987, 1: 0.028576, 2: 0.025129}
2026-04-15 04:48:57,750 - => Stage 2 EMA anchor update applied at epoch 22 with momentum 0.9950: updated classes per client {0: 2, 1: 2, 2: 2}
2026-04-15 04:48:57,750 - => Stage 2 Epoch 22 Training Summary: VFL loss: 0.0850, total loss: 0.0558, anchor loss: 0.0266, VFL train accuracy: 0.9688
2026-04-15 04:48:57,750 - => Test ASR...
2026-04-15 04:48:57,754 - =>Add Trigger to Test Data
2026-04-15 04:48:58,284 - Add Trigger to 6130 Bad Samples, 11600 Clean Samples (1.00)
2026-04-15 04:49:02,007 - => Test Epoch: 22, main task samples: 17730, attack samples: 17730, test loss: 0.1134, clean acc: 0.9294, Top-2: 1.0000, ASR: 0.1473, RAC: 0.9069, test target accuracy: 0.9657, stage3 final accuracy: 0.9294, stage3 final target accuracy: 0.9356, stage3 final asr: 0.1473, anchor loss: 0.0277
2026-04-15 04:49:02,008 - => Stage 3 Detection Summary: recall: 0.8363, precision: 0.8177, f1: 0.8269, false positive rate: 0.0563, correction rate: 0.8359
2026-04-15 04:49:02,008 - => Stage 3 Debug (clean): suspicious=998/17730, correction_applied=992, prediction_changed=992, skipped_tied_vote=0, skipped_low_margin=0, skipped_other=6
2026-04-15 04:49:02,008 - => Stage 3 Debug (poison-valid): suspicious=4548/6130, correction_applied=4546, prediction_changed=4546, skipped_tied_vote=0, skipped_low_margin=0, skipped_other=2
2026-04-15 04:49:02,008 - => Stage 3 Debug (attack-success): suspicious=4535/5423, correction_applied=4533, prediction_changed=4533, corrected_to_true=4533
2026-04-15 04:49:02,010 - => Stage 2 checkpoint score: mean(clean_acc=0.9294, recall=0.8363, correction_rate=0.8359) = 0.8672
2026-04-15 04:49:02,051 - => End Epoch: 22, early stop epochs: 4, best epoch: 18, best clean acc: 0.9250, best Top-2: 1.0000, best ASR: 0.1387, best RAC: 0.9062, anchor loss: 0.0286, best checkpoint score: 0.8726
2026-04-15 04:49:02,051 - => Stage 3 Detection Summary: recall: 0.8463, precision: 0.8105, f1: 0.8280, false positive rate: 0.0596, correction rate: 0.8463
2026-04-15 04:49:02,091 - => LFBA current anchor-derived target label: 0
2026-04-15 04:49:02,095 - =>Add Trigger to Train Data
2026-04-15 04:49:02,320 - Add Trigger to 7091 Bad Samples, 63826 Clean Samples (0.10)
2026-04-15 04:49:02,325 - => Start Training for Injecting Backdoor...
2026-04-15 04:49:02,365 - Epoch: 23, 1/278: VFL loss: 0.1546, total loss: 0.0964, anchor loss: 0.0382, VFL train accuracy: 0.9375
2026-04-15 04:49:02,664 - Epoch: 23, 11/278: VFL loss: 0.0804, total loss: 0.0530, anchor loss: 0.0256, VFL train accuracy: 0.9719
2026-04-15 04:49:02,933 - Epoch: 23, 21/278: VFL loss: 0.0829, total loss: 0.0544, anchor loss: 0.0260, VFL train accuracy: 0.9693
2026-04-15 04:49:03,196 - Epoch: 23, 31/278: VFL loss: 0.0822, total loss: 0.0543, anchor loss: 0.0263, VFL train accuracy: 0.9691
2026-04-15 04:49:03,457 - Epoch: 23, 41/278: VFL loss: 0.0814, total loss: 0.0539, anchor loss: 0.0263, VFL train accuracy: 0.9700
2026-04-15 04:49:03,726 - Epoch: 23, 51/278: VFL loss: 0.0830, total loss: 0.0547, anchor loss: 0.0264, VFL train accuracy: 0.9691
2026-04-15 04:49:04,012 - Epoch: 23, 61/278: VFL loss: 0.0837, total loss: 0.0551, anchor loss: 0.0266, VFL train accuracy: 0.9688
2026-04-15 04:49:04,268 - Epoch: 23, 71/278: VFL loss: 0.0852, total loss: 0.0561, anchor loss: 0.0270, VFL train accuracy: 0.9680
2026-04-15 04:49:04,543 - Epoch: 23, 81/278: VFL loss: 0.0851, total loss: 0.0560, anchor loss: 0.0268, VFL train accuracy: 0.9680
2026-04-15 04:49:04,824 - Epoch: 23, 91/278: VFL loss: 0.0852, total loss: 0.0560, anchor loss: 0.0269, VFL train accuracy: 0.9677
2026-04-15 04:49:05,095 - Epoch: 23, 101/278: VFL loss: 0.0847, total loss: 0.0557, anchor loss: 0.0267, VFL train accuracy: 0.9681
2026-04-15 04:49:05,361 - Epoch: 23, 111/278: VFL loss: 0.0843, total loss: 0.0555, anchor loss: 0.0266, VFL train accuracy: 0.9682
2026-04-15 04:49:05,613 - Epoch: 23, 121/278: VFL loss: 0.0840, total loss: 0.0553, anchor loss: 0.0266, VFL train accuracy: 0.9686
2026-04-15 04:49:05,886 - Epoch: 23, 131/278: VFL loss: 0.0839, total loss: 0.0553, anchor loss: 0.0266, VFL train accuracy: 0.9685
2026-04-15 04:49:06,135 - Epoch: 23, 141/278: VFL loss: 0.0838, total loss: 0.0552, anchor loss: 0.0267, VFL train accuracy: 0.9687
2026-04-15 04:49:06,384 - Epoch: 23, 151/278: VFL loss: 0.0833, total loss: 0.0549, anchor loss: 0.0266, VFL train accuracy: 0.9688
2026-04-15 04:49:06,631 - Epoch: 23, 161/278: VFL loss: 0.0830, total loss: 0.0548, anchor loss: 0.0265, VFL train accuracy: 0.9688
2026-04-15 04:49:06,908 - Epoch: 23, 171/278: VFL loss: 0.0829, total loss: 0.0547, anchor loss: 0.0265, VFL train accuracy: 0.9689
2026-04-15 04:49:07,195 - Epoch: 23, 181/278: VFL loss: 0.0834, total loss: 0.0550, anchor loss: 0.0266, VFL train accuracy: 0.9688
2026-04-15 04:49:07,467 - Epoch: 23, 191/278: VFL loss: 0.0839, total loss: 0.0552, anchor loss: 0.0266, VFL train accuracy: 0.9687
2026-04-15 04:49:07,730 - Epoch: 23, 201/278: VFL loss: 0.0838, total loss: 0.0552, anchor loss: 0.0266, VFL train accuracy: 0.9688
2026-04-15 04:49:08,004 - Epoch: 23, 211/278: VFL loss: 0.0839, total loss: 0.0552, anchor loss: 0.0265, VFL train accuracy: 0.9689
2026-04-15 04:49:08,275 - Epoch: 23, 221/278: VFL loss: 0.0839, total loss: 0.0552, anchor loss: 0.0265, VFL train accuracy: 0.9689
2026-04-15 04:49:08,534 - Epoch: 23, 231/278: VFL loss: 0.0842, total loss: 0.0554, anchor loss: 0.0265, VFL train accuracy: 0.9690
2026-04-15 04:49:08,794 - Epoch: 23, 241/278: VFL loss: 0.0839, total loss: 0.0552, anchor loss: 0.0265, VFL train accuracy: 0.9689
2026-04-15 04:49:09,066 - Epoch: 23, 251/278: VFL loss: 0.0840, total loss: 0.0553, anchor loss: 0.0265, VFL train accuracy: 0.9689
2026-04-15 04:49:09,318 - Epoch: 23, 261/278: VFL loss: 0.0841, total loss: 0.0553, anchor loss: 0.0265, VFL train accuracy: 0.9689
2026-04-15 04:49:09,591 - Epoch: 23, 271/278: VFL loss: 0.0838, total loss: 0.0552, anchor loss: 0.0265, VFL train accuracy: 0.9689
2026-04-15 04:49:09,815 - => Recorded Stage 2 client anchor losses for epoch 23 to './results/AVGuard/stage3_static_reliability_ablation/PHISHING_static_reliability_on\stage2_final_epoch_client_anchor_losses.json': {0: 0.025932, 1: 0.028459, 2: 0.025041}
2026-04-15 04:49:09,825 - => Stage 2 EMA anchor update applied at epoch 23 with momentum 0.9950: updated classes per client {0: 2, 1: 2, 2: 2}
2026-04-15 04:49:09,826 - => Stage 2 Epoch 23 Training Summary: VFL loss: 0.0837, total loss: 0.0551, anchor loss: 0.0265, VFL train accuracy: 0.9691
2026-04-15 04:49:09,826 - => Test ASR...
2026-04-15 04:49:09,828 - =>Add Trigger to Test Data
2026-04-15 04:49:10,337 - Add Trigger to 6130 Bad Samples, 11600 Clean Samples (1.00)
2026-04-15 04:49:14,029 - => Test Epoch: 23, main task samples: 17730, attack samples: 17730, test loss: 0.1134, clean acc: 0.9299, Top-2: 1.0000, ASR: 0.1581, RAC: 0.9047, test target accuracy: 0.9687, stage3 final accuracy: 0.9299, stage3 final target accuracy: 0.9379, stage3 final asr: 0.1581, anchor loss: 0.0276
2026-04-15 04:49:14,029 - => Stage 3 Detection Summary: recall: 0.8243, precision: 0.8212, f1: 0.8227, false positive rate: 0.0549, correction rate: 0.8243
2026-04-15 04:49:14,030 - => Stage 3 Debug (clean): suspicious=973/17730, correction_applied=970, prediction_changed=970, skipped_tied_vote=0, skipped_low_margin=0, skipped_other=3
2026-04-15 04:49:14,030 - => Stage 3 Debug (poison-valid): suspicious=4515/6130, correction_applied=4515, prediction_changed=4515, skipped_tied_vote=0, skipped_low_margin=0, skipped_other=0
2026-04-15 04:49:14,030 - => Stage 3 Debug (attack-success): suspicious=4507/5468, correction_applied=4507, prediction_changed=4507, corrected_to_true=4507
2026-04-15 04:49:14,030 - => Stage 2 checkpoint score: mean(clean_acc=0.9299, recall=0.8243, correction_rate=0.8243) = 0.8595
2026-04-15 04:49:14,075 - => End Epoch: 23, early stop epochs: 5, best epoch: 18, best clean acc: 0.9250, best Top-2: 1.0000, best ASR: 0.1387, best RAC: 0.9062, anchor loss: 0.0286, best checkpoint score: 0.8726
2026-04-15 04:49:14,075 - => Stage 3 Detection Summary: recall: 0.8463, precision: 0.8105, f1: 0.8280, false positive rate: 0.0596, correction rate: 0.8463
2026-04-15 04:49:14,118 - => LFBA current anchor-derived target label: 0
2026-04-15 04:49:14,121 - =>Add Trigger to Train Data
2026-04-15 04:49:14,345 - Add Trigger to 7091 Bad Samples, 63826 Clean Samples (0.10)
2026-04-15 04:49:14,352 - => Start Training for Injecting Backdoor...
2026-04-15 04:49:14,393 - Epoch: 24, 1/278: VFL loss: 0.0577, total loss: 0.0402, anchor loss: 0.0228, VFL train accuracy: 0.9766
2026-04-15 04:49:14,668 - Epoch: 24, 11/278: VFL loss: 0.0782, total loss: 0.0516, anchor loss: 0.0250, VFL train accuracy: 0.9705
2026-04-15 04:49:14,920 - Epoch: 24, 21/278: VFL loss: 0.0828, total loss: 0.0543, anchor loss: 0.0258, VFL train accuracy: 0.9684
2026-04-15 04:49:15,173 - Epoch: 24, 31/278: VFL loss: 0.0851, total loss: 0.0556, anchor loss: 0.0262, VFL train accuracy: 0.9689
2026-04-15 04:49:15,484 - Epoch: 24, 41/278: VFL loss: 0.0856, total loss: 0.0559, anchor loss: 0.0262, VFL train accuracy: 0.9690
2026-04-15 04:49:15,744 - Epoch: 24, 51/278: VFL loss: 0.0846, total loss: 0.0555, anchor loss: 0.0264, VFL train accuracy: 0.9686
2026-04-15 04:49:16,004 - Epoch: 24, 61/278: VFL loss: 0.0868, total loss: 0.0567, anchor loss: 0.0265, VFL train accuracy: 0.9679
2026-04-15 04:49:16,252 - Epoch: 24, 71/278: VFL loss: 0.0854, total loss: 0.0559, anchor loss: 0.0264, VFL train accuracy: 0.9690
2026-04-15 04:49:16,505 - Epoch: 24, 81/278: VFL loss: 0.0855, total loss: 0.0560, anchor loss: 0.0265, VFL train accuracy: 0.9681
2026-04-15 04:49:16,788 - Epoch: 24, 91/278: VFL loss: 0.0854, total loss: 0.0560, anchor loss: 0.0265, VFL train accuracy: 0.9681
2026-04-15 04:49:17,095 - Epoch: 24, 101/278: VFL loss: 0.0833, total loss: 0.0548, anchor loss: 0.0263, VFL train accuracy: 0.9686
2026-04-15 04:49:17,344 - Epoch: 24, 111/278: VFL loss: 0.0841, total loss: 0.0553, anchor loss: 0.0265, VFL train accuracy: 0.9680
2026-04-15 04:49:17,593 - Epoch: 24, 121/278: VFL loss: 0.0834, total loss: 0.0550, anchor loss: 0.0265, VFL train accuracy: 0.9684
2026-04-15 04:49:17,851 - Epoch: 24, 131/278: VFL loss: 0.0829, total loss: 0.0546, anchor loss: 0.0264, VFL train accuracy: 0.9687
2026-04-15 04:49:18,115 - Epoch: 24, 141/278: VFL loss: 0.0823, total loss: 0.0543, anchor loss: 0.0263, VFL train accuracy: 0.9691
2026-04-15 04:49:18,382 - Epoch: 24, 151/278: VFL loss: 0.0814, total loss: 0.0538, anchor loss: 0.0261, VFL train accuracy: 0.9694
2026-04-15 04:49:18,629 - Epoch: 24, 161/278: VFL loss: 0.0815, total loss: 0.0538, anchor loss: 0.0261, VFL train accuracy: 0.9695
2026-04-15 04:49:18,920 - Epoch: 24, 171/278: VFL loss: 0.0820, total loss: 0.0541, anchor loss: 0.0262, VFL train accuracy: 0.9691
2026-04-15 04:49:19,185 - Epoch: 24, 181/278: VFL loss: 0.0823, total loss: 0.0543, anchor loss: 0.0262, VFL train accuracy: 0.9691
2026-04-15 04:49:19,432 - Epoch: 24, 191/278: VFL loss: 0.0821, total loss: 0.0542, anchor loss: 0.0262, VFL train accuracy: 0.9692
2026-04-15 04:49:19,688 - Epoch: 24, 201/278: VFL loss: 0.0832, total loss: 0.0548, anchor loss: 0.0263, VFL train accuracy: 0.9691
2026-04-15 04:49:19,959 - Epoch: 24, 211/278: VFL loss: 0.0837, total loss: 0.0551, anchor loss: 0.0264, VFL train accuracy: 0.9688
2026-04-15 04:49:20,234 - Epoch: 24, 221/278: VFL loss: 0.0835, total loss: 0.0549, anchor loss: 0.0263, VFL train accuracy: 0.9690
2026-04-15 04:49:20,689 - Epoch: 24, 231/278: VFL loss: 0.0837, total loss: 0.0550, anchor loss: 0.0264, VFL train accuracy: 0.9690
2026-04-15 04:49:20,982 - Epoch: 24, 241/278: VFL loss: 0.0838, total loss: 0.0551, anchor loss: 0.0264, VFL train accuracy: 0.9689
2026-04-15 04:49:21,256 - Epoch: 24, 251/278: VFL loss: 0.0839, total loss: 0.0552, anchor loss: 0.0264, VFL train accuracy: 0.9689
2026-04-15 04:49:21,521 - Epoch: 24, 261/278: VFL loss: 0.0839, total loss: 0.0552, anchor loss: 0.0264, VFL train accuracy: 0.9689
2026-04-15 04:49:21,772 - Epoch: 24, 271/278: VFL loss: 0.0844, total loss: 0.0554, anchor loss: 0.0264, VFL train accuracy: 0.9686
2026-04-15 04:49:21,993 - => Recorded Stage 2 client anchor losses for epoch 24 to './results/AVGuard/stage3_static_reliability_ablation/PHISHING_static_reliability_on\stage2_final_epoch_client_anchor_losses.json': {0: 0.025852, 1: 0.028376, 2: 0.02499}
2026-04-15 04:49:22,003 - => Stage 2 EMA anchor update applied at epoch 24 with momentum 0.9950: updated classes per client {0: 2, 1: 2, 2: 2}
2026-04-15 04:49:22,003 - => Stage 2 Epoch 24 Training Summary: VFL loss: 0.0843, total loss: 0.0553, anchor loss: 0.0263, VFL train accuracy: 0.9687
2026-04-15 04:49:22,003 - => Test ASR...
2026-04-15 04:49:22,008 - =>Add Trigger to Test Data
2026-04-15 04:49:22,536 - Add Trigger to 6130 Bad Samples, 11600 Clean Samples (1.00)
2026-04-15 04:49:26,285 - => Test Epoch: 24, main task samples: 17730, attack samples: 17730, test loss: 0.1124, clean acc: 0.9310, Top-2: 1.0000, ASR: 0.1555, RAC: 0.9068, test target accuracy: 0.9694, stage3 final accuracy: 0.9310, stage3 final target accuracy: 0.9397, stage3 final asr: 0.1555, anchor loss: 0.0275
2026-04-15 04:49:26,285 - => Stage 3 Detection Summary: recall: 0.8276, precision: 0.8242, f1: 0.8259, false positive rate: 0.0535, correction rate: 0.8276
2026-04-15 04:49:26,286 - => Stage 3 Debug (clean): suspicious=949/17730, correction_applied=945, prediction_changed=945, skipped_tied_vote=0, skipped_low_margin=0, skipped_other=4
2026-04-15 04:49:26,286 - => Stage 3 Debug (poison-valid): suspicious=4524/6130, correction_applied=4524, prediction_changed=4524, skipped_tied_vote=0, skipped_low_margin=0, skipped_other=0
2026-04-15 04:49:26,286 - => Stage 3 Debug (attack-success): suspicious=4511/5451, correction_applied=4511, prediction_changed=4511, corrected_to_true=4511
2026-04-15 04:49:26,286 - => Stage 2 checkpoint score: mean(clean_acc=0.9310, recall=0.8276, correction_rate=0.8276) = 0.8620
2026-04-15 04:49:26,328 - => End Epoch: 24, early stop epochs: 6, best epoch: 18, best clean acc: 0.9250, best Top-2: 1.0000, best ASR: 0.1387, best RAC: 0.9062, anchor loss: 0.0286, best checkpoint score: 0.8726
2026-04-15 04:49:26,329 - => Stage 3 Detection Summary: recall: 0.8463, precision: 0.8105, f1: 0.8280, false positive rate: 0.0596, correction rate: 0.8463
2026-04-15 04:49:26,370 - => LFBA current anchor-derived target label: 0
2026-04-15 04:49:26,374 - =>Add Trigger to Train Data
2026-04-15 04:49:26,599 - Add Trigger to 7091 Bad Samples, 63826 Clean Samples (0.10)
2026-04-15 04:49:26,605 - => Start Training for Injecting Backdoor...
2026-04-15 04:49:26,648 - Epoch: 25, 1/278: VFL loss: 0.0654, total loss: 0.0439, anchor loss: 0.0225, VFL train accuracy: 0.9844
2026-04-15 04:49:26,935 - Epoch: 25, 11/278: VFL loss: 0.0746, total loss: 0.0501, anchor loss: 0.0256, VFL train accuracy: 0.9712
2026-04-15 04:49:27,205 - Epoch: 25, 21/278: VFL loss: 0.0749, total loss: 0.0503, anchor loss: 0.0257, VFL train accuracy: 0.9725
2026-04-15 04:49:27,475 - Epoch: 25, 31/278: VFL loss: 0.0764, total loss: 0.0514, anchor loss: 0.0265, VFL train accuracy: 0.9719
2026-04-15 04:49:27,731 - Epoch: 25, 41/278: VFL loss: 0.0797, total loss: 0.0531, anchor loss: 0.0265, VFL train accuracy: 0.9699
2026-04-15 04:49:28,005 - Epoch: 25, 51/278: VFL loss: 0.0801, total loss: 0.0533, anchor loss: 0.0265, VFL train accuracy: 0.9697
2026-04-15 04:49:28,268 - Epoch: 25, 61/278: VFL loss: 0.0803, total loss: 0.0534, anchor loss: 0.0264, VFL train accuracy: 0.9694
2026-04-15 04:49:28,538 - Epoch: 25, 71/278: VFL loss: 0.0800, total loss: 0.0532, anchor loss: 0.0263, VFL train accuracy: 0.9693
2026-04-15 04:49:28,813 - Epoch: 25, 81/278: VFL loss: 0.0804, total loss: 0.0533, anchor loss: 0.0262, VFL train accuracy: 0.9696
2026-04-15 04:49:29,086 - Epoch: 25, 91/278: VFL loss: 0.0804, total loss: 0.0533, anchor loss: 0.0262, VFL train accuracy: 0.9698
2026-04-15 04:49:29,365 - Epoch: 25, 101/278: VFL loss: 0.0811, total loss: 0.0536, anchor loss: 0.0261, VFL train accuracy: 0.9701
2026-04-15 04:49:29,622 - Epoch: 25, 111/278: VFL loss: 0.0813, total loss: 0.0538, anchor loss: 0.0262, VFL train accuracy: 0.9700
2026-04-15 04:49:29,868 - Epoch: 25, 121/278: VFL loss: 0.0818, total loss: 0.0540, anchor loss: 0.0263, VFL train accuracy: 0.9698
2026-04-15 04:49:30,121 - Epoch: 25, 131/278: VFL loss: 0.0816, total loss: 0.0540, anchor loss: 0.0264, VFL train accuracy: 0.9699
2026-04-15 04:49:30,373 - Epoch: 25, 141/278: VFL loss: 0.0805, total loss: 0.0533, anchor loss: 0.0262, VFL train accuracy: 0.9701
2026-04-15 04:49:30,651 - Epoch: 25, 151/278: VFL loss: 0.0808, total loss: 0.0535, anchor loss: 0.0263, VFL train accuracy: 0.9699
2026-04-15 04:49:30,938 - Epoch: 25, 161/278: VFL loss: 0.0808, total loss: 0.0535, anchor loss: 0.0263, VFL train accuracy: 0.9701
2026-04-15 04:49:31,211 - Epoch: 25, 171/278: VFL loss: 0.0807, total loss: 0.0535, anchor loss: 0.0263, VFL train accuracy: 0.9701
2026-04-15 04:49:31,466 - Epoch: 25, 181/278: VFL loss: 0.0803, total loss: 0.0532, anchor loss: 0.0262, VFL train accuracy: 0.9702
2026-04-15 04:49:31,735 - Epoch: 25, 191/278: VFL loss: 0.0806, total loss: 0.0534, anchor loss: 0.0262, VFL train accuracy: 0.9702
2026-04-15 04:49:32,016 - Epoch: 25, 201/278: VFL loss: 0.0809, total loss: 0.0535, anchor loss: 0.0262, VFL train accuracy: 0.9701
2026-04-15 04:49:32,270 - Epoch: 25, 211/278: VFL loss: 0.0811, total loss: 0.0536, anchor loss: 0.0262, VFL train accuracy: 0.9702
2026-04-15 04:49:32,521 - Epoch: 25, 221/278: VFL loss: 0.0817, total loss: 0.0539, anchor loss: 0.0262, VFL train accuracy: 0.9699
2026-04-15 04:49:32,833 - Epoch: 25, 231/278: VFL loss: 0.0823, total loss: 0.0543, anchor loss: 0.0263, VFL train accuracy: 0.9697
2026-04-15 04:49:33,132 - Epoch: 25, 241/278: VFL loss: 0.0828, total loss: 0.0546, anchor loss: 0.0264, VFL train accuracy: 0.9694
2026-04-15 04:49:33,381 - Epoch: 25, 251/278: VFL loss: 0.0829, total loss: 0.0546, anchor loss: 0.0264, VFL train accuracy: 0.9691
2026-04-15 04:49:33,631 - Epoch: 25, 261/278: VFL loss: 0.0833, total loss: 0.0548, anchor loss: 0.0264, VFL train accuracy: 0.9691
2026-04-15 04:49:33,918 - Epoch: 25, 271/278: VFL loss: 0.0833, total loss: 0.0548, anchor loss: 0.0264, VFL train accuracy: 0.9691
2026-04-15 04:49:34,127 - => Recorded Stage 2 client anchor losses for epoch 25 to './results/AVGuard/stage3_static_reliability_ablation/PHISHING_static_reliability_on\stage2_final_epoch_client_anchor_losses.json': {0: 0.025783, 1: 0.028265, 2: 0.024916}
2026-04-15 04:49:34,135 - => Stage 2 EMA anchor update applied at epoch 25 with momentum 0.9950: updated classes per client {0: 2, 1: 2, 2: 2}
2026-04-15 04:49:34,135 - => Stage 2 Epoch 25 Training Summary: VFL loss: 0.0841, total loss: 0.0554, anchor loss: 0.0268, VFL train accuracy: 0.9692
2026-04-15 04:49:34,135 - => Test ASR...
2026-04-15 04:49:34,139 - =>Add Trigger to Test Data
2026-04-15 04:49:34,657 - Add Trigger to 6130 Bad Samples, 11600 Clean Samples (1.00)
2026-04-15 04:49:38,497 - => Test Epoch: 25, main task samples: 17730, attack samples: 17730, test loss: 0.1163, clean acc: 0.9273, Top-2: 1.0000, ASR: 0.1426, RAC: 0.9054, test target accuracy: 0.9602, stage3 final accuracy: 0.9273, stage3 final target accuracy: 0.9307, stage3 final asr: 0.1426, anchor loss: 0.0276
2026-04-15 04:49:38,498 - => Stage 3 Detection Summary: recall: 0.8422, precision: 0.8102, f1: 0.8259, false positive rate: 0.0593, correction rate: 0.8422
2026-04-15 04:49:38,498 - => Stage 3 Debug (clean): suspicious=1052/17730, correction_applied=1047, prediction_changed=1047, skipped_tied_vote=0, skipped_low_margin=0, skipped_other=5
2026-04-15 04:49:38,498 - => Stage 3 Debug (poison-valid): suspicious=4585/6130, correction_applied=4585, prediction_changed=4585, skipped_tied_vote=0, skipped_low_margin=0, skipped_other=0
2026-04-15 04:49:38,498 - => Stage 3 Debug (attack-success): suspicious=4567/5423, correction_applied=4567, prediction_changed=4567, corrected_to_true=4567
2026-04-15 04:49:38,498 - => Stage 2 checkpoint score: mean(clean_acc=0.9273, recall=0.8422, correction_rate=0.8422) = 0.8705
2026-04-15 04:49:38,543 - => End Epoch: 25, early stop epochs: 7, best epoch: 18, best clean acc: 0.9250, best Top-2: 1.0000, best ASR: 0.1387, best RAC: 0.9062, anchor loss: 0.0286, best checkpoint score: 0.8726
2026-04-15 04:49:38,543 - => Stage 3 Detection Summary: recall: 0.8463, precision: 0.8105, f1: 0.8280, false positive rate: 0.0596, correction rate: 0.8463
2026-04-15 04:49:38,584 - => LFBA current anchor-derived target label: 0
2026-04-15 04:49:38,587 - =>Add Trigger to Train Data
2026-04-15 04:49:38,824 - Add Trigger to 7091 Bad Samples, 63826 Clean Samples (0.10)
2026-04-15 04:49:38,831 - => Start Training for Injecting Backdoor...
2026-04-15 04:49:38,876 - Epoch: 26, 1/278: VFL loss: 0.0759, total loss: 0.0506, anchor loss: 0.0252, VFL train accuracy: 0.9648
2026-04-15 04:49:39,168 - Epoch: 26, 11/278: VFL loss: 0.0877, total loss: 0.0564, anchor loss: 0.0251, VFL train accuracy: 0.9616
2026-04-15 04:49:39,438 - Epoch: 26, 21/278: VFL loss: 0.0883, total loss: 0.0569, anchor loss: 0.0255, VFL train accuracy: 0.9632
2026-04-15 04:49:39,689 - Epoch: 26, 31/278: VFL loss: 0.0850, total loss: 0.0556, anchor loss: 0.0261, VFL train accuracy: 0.9662
2026-04-15 04:49:39,954 - Epoch: 26, 41/278: VFL loss: 0.0885, total loss: 0.0575, anchor loss: 0.0265, VFL train accuracy: 0.9663
2026-04-15 04:49:40,215 - Epoch: 26, 51/278: VFL loss: 0.0885, total loss: 0.0576, anchor loss: 0.0267, VFL train accuracy: 0.9661
2026-04-15 04:49:40,476 - Epoch: 26, 61/278: VFL loss: 0.0879, total loss: 0.0572, anchor loss: 0.0265, VFL train accuracy: 0.9669
2026-04-15 04:49:40,733 - Epoch: 26, 71/278: VFL loss: 0.0862, total loss: 0.0561, anchor loss: 0.0261, VFL train accuracy: 0.9680
2026-04-15 04:49:41,039 - Epoch: 26, 81/278: VFL loss: 0.0859, total loss: 0.0560, anchor loss: 0.0262, VFL train accuracy: 0.9684
2026-04-15 04:49:41,301 - Epoch: 26, 91/278: VFL loss: 0.0866, total loss: 0.0564, anchor loss: 0.0263, VFL train accuracy: 0.9682
2026-04-15 04:49:41,617 - Epoch: 26, 101/278: VFL loss: 0.0856, total loss: 0.0558, anchor loss: 0.0261, VFL train accuracy: 0.9684
2026-04-15 04:49:41,886 - Epoch: 26, 111/278: VFL loss: 0.0857, total loss: 0.0559, anchor loss: 0.0261, VFL train accuracy: 0.9685
2026-04-15 04:49:42,155 - Epoch: 26, 121/278: VFL loss: 0.0857, total loss: 0.0559, anchor loss: 0.0261, VFL train accuracy: 0.9685
2026-04-15 04:49:42,406 - Epoch: 26, 131/278: VFL loss: 0.0854, total loss: 0.0557, anchor loss: 0.0260, VFL train accuracy: 0.9686
2026-04-15 04:49:42,668 - Epoch: 26, 141/278: VFL loss: 0.0853, total loss: 0.0557, anchor loss: 0.0260, VFL train accuracy: 0.9687
2026-04-15 04:49:42,959 - Epoch: 26, 151/278: VFL loss: 0.0848, total loss: 0.0555, anchor loss: 0.0262, VFL train accuracy: 0.9688
2026-04-15 04:49:43,236 - Epoch: 26, 161/278: VFL loss: 0.0845, total loss: 0.0554, anchor loss: 0.0262, VFL train accuracy: 0.9690
2026-04-15 04:49:43,502 - Epoch: 26, 171/278: VFL loss: 0.0841, total loss: 0.0552, anchor loss: 0.0262, VFL train accuracy: 0.9690
2026-04-15 04:49:43,751 - Epoch: 26, 181/278: VFL loss: 0.0848, total loss: 0.0556, anchor loss: 0.0263, VFL train accuracy: 0.9688
2026-04-15 04:49:44,016 - Epoch: 26, 191/278: VFL loss: 0.0856, total loss: 0.0560, anchor loss: 0.0264, VFL train accuracy: 0.9686
2026-04-15 04:49:44,273 - Epoch: 26, 201/278: VFL loss: 0.0852, total loss: 0.0558, anchor loss: 0.0263, VFL train accuracy: 0.9686
2026-04-15 04:49:44,523 - Epoch: 26, 211/278: VFL loss: 0.0852, total loss: 0.0558, anchor loss: 0.0264, VFL train accuracy: 0.9688
2026-04-15 04:49:44,795 - Epoch: 26, 221/278: VFL loss: 0.0848, total loss: 0.0555, anchor loss: 0.0263, VFL train accuracy: 0.9690
2026-04-15 04:49:45,079 - Epoch: 26, 231/278: VFL loss: 0.0848, total loss: 0.0555, anchor loss: 0.0263, VFL train accuracy: 0.9690
2026-04-15 04:49:45,335 - Epoch: 26, 241/278: VFL loss: 0.0850, total loss: 0.0557, anchor loss: 0.0263, VFL train accuracy: 0.9689
2026-04-15 04:49:45,592 - Epoch: 26, 251/278: VFL loss: 0.0852, total loss: 0.0558, anchor loss: 0.0264, VFL train accuracy: 0.9688
2026-04-15 04:49:45,848 - Epoch: 26, 261/278: VFL loss: 0.0851, total loss: 0.0557, anchor loss: 0.0263, VFL train accuracy: 0.9688
2026-04-15 04:49:46,114 - Epoch: 26, 271/278: VFL loss: 0.0853, total loss: 0.0558, anchor loss: 0.0263, VFL train accuracy: 0.9687
2026-04-15 04:49:46,323 - => Recorded Stage 2 client anchor losses for epoch 26 to './results/AVGuard/stage3_static_reliability_ablation/PHISHING_static_reliability_on\stage2_final_epoch_client_anchor_losses.json': {0: 0.025715, 1: 0.028197, 2: 0.024999}
2026-04-15 04:49:46,331 - => Stage 2 EMA anchor update applied at epoch 26 with momentum 0.9950: updated classes per client {0: 2, 1: 2, 2: 2}
2026-04-15 04:49:46,331 - => Stage 2 Epoch 26 Training Summary: VFL loss: 0.0866, total loss: 0.0565, anchor loss: 0.0264, VFL train accuracy: 0.9686
2026-04-15 04:49:46,332 - => Test ASR...
2026-04-15 04:49:46,335 - =>Add Trigger to Test Data
2026-04-15 04:49:46,868 - Add Trigger to 6130 Bad Samples, 11600 Clean Samples (1.00)
2026-04-15 04:49:51,139 - => Test Epoch: 26, main task samples: 17730, attack samples: 17730, test loss: 0.1135, clean acc: 0.9293, Top-2: 1.0000, ASR: 0.1522, RAC: 0.9067, test target accuracy: 0.9699, stage3 final accuracy: 0.9293, stage3 final target accuracy: 0.9378, stage3 final asr: 0.1522, anchor loss: 0.0273
2026-04-15 04:49:51,140 - => Stage 3 Detection Summary: recall: 0.8313, precision: 0.8221, f1: 0.8267, false positive rate: 0.0544, correction rate: 0.8313
2026-04-15 04:49:51,140 - => Stage 3 Debug (clean): suspicious=964/17730, correction_applied=964, prediction_changed=964, skipped_tied_vote=0, skipped_low_margin=0, skipped_other=0
2026-04-15 04:49:51,140 - => Stage 3 Debug (poison-valid): suspicious=4540/6130, correction_applied=4540, prediction_changed=4540, skipped_tied_vote=0, skipped_low_margin=0, skipped_other=0
2026-04-15 04:49:51,141 - => Stage 3 Debug (attack-success): suspicious=4525/5443, correction_applied=4525, prediction_changed=4525, corrected_to_true=4525
2026-04-15 04:49:51,141 - => Stage 2 checkpoint score: mean(clean_acc=0.9293, recall=0.8313, correction_rate=0.8313) = 0.8640
2026-04-15 04:49:51,182 - => End Epoch: 26, early stop epochs: 8, best epoch: 18, best clean acc: 0.9250, best Top-2: 1.0000, best ASR: 0.1387, best RAC: 0.9062, anchor loss: 0.0286, best checkpoint score: 0.8726
2026-04-15 04:49:51,182 - => Stage 3 Detection Summary: recall: 0.8463, precision: 0.8105, f1: 0.8280, false positive rate: 0.0596, correction rate: 0.8463
2026-04-15 04:49:51,223 - => LFBA current anchor-derived target label: 0
2026-04-15 04:49:51,228 - =>Add Trigger to Train Data
2026-04-15 04:49:51,456 - Add Trigger to 7091 Bad Samples, 63826 Clean Samples (0.10)
2026-04-15 04:49:51,462 - => Start Training for Injecting Backdoor...
2026-04-15 04:49:51,500 - Epoch: 27, 1/278: VFL loss: 0.1253, total loss: 0.0793, anchor loss: 0.0334, VFL train accuracy: 0.9648
2026-04-15 04:49:51,781 - Epoch: 27, 11/278: VFL loss: 0.1122, total loss: 0.0704, anchor loss: 0.0287, VFL train accuracy: 0.9606
2026-04-15 04:49:52,114 - Epoch: 27, 21/278: VFL loss: 0.0998, total loss: 0.0636, anchor loss: 0.0275, VFL train accuracy: 0.9639
2026-04-15 04:49:52,393 - Epoch: 27, 31/278: VFL loss: 0.0976, total loss: 0.0624, anchor loss: 0.0272, VFL train accuracy: 0.9642
2026-04-15 04:49:52,672 - Epoch: 27, 41/278: VFL loss: 0.0924, total loss: 0.0597, anchor loss: 0.0269, VFL train accuracy: 0.9656
2026-04-15 04:49:52,948 - Epoch: 27, 51/278: VFL loss: 0.0900, total loss: 0.0582, anchor loss: 0.0264, VFL train accuracy: 0.9665
2026-04-15 04:49:53,220 - Epoch: 27, 61/278: VFL loss: 0.0893, total loss: 0.0577, anchor loss: 0.0261, VFL train accuracy: 0.9670
2026-04-15 04:49:53,494 - Epoch: 27, 71/278: VFL loss: 0.0886, total loss: 0.0574, anchor loss: 0.0262, VFL train accuracy: 0.9675
2026-04-15 04:49:53,752 - Epoch: 27, 81/278: VFL loss: 0.0882, total loss: 0.0571, anchor loss: 0.0261, VFL train accuracy: 0.9679
2026-04-15 04:49:54,031 - Epoch: 27, 91/278: VFL loss: 0.0879, total loss: 0.0570, anchor loss: 0.0261, VFL train accuracy: 0.9680
2026-04-15 04:49:54,277 - Epoch: 27, 101/278: VFL loss: 0.0876, total loss: 0.0569, anchor loss: 0.0261, VFL train accuracy: 0.9682
2026-04-15 04:49:54,533 - Epoch: 27, 111/278: VFL loss: 0.0870, total loss: 0.0565, anchor loss: 0.0261, VFL train accuracy: 0.9681
2026-04-15 04:49:54,802 - Epoch: 27, 121/278: VFL loss: 0.0861, total loss: 0.0560, anchor loss: 0.0260, VFL train accuracy: 0.9686
2026-04-15 04:49:55,082 - Epoch: 27, 131/278: VFL loss: 0.0854, total loss: 0.0557, anchor loss: 0.0261, VFL train accuracy: 0.9688
2026-04-15 04:49:55,339 - Epoch: 27, 141/278: VFL loss: 0.0849, total loss: 0.0554, anchor loss: 0.0260, VFL train accuracy: 0.9690
2026-04-15 04:49:55,594 - Epoch: 27, 151/278: VFL loss: 0.0842, total loss: 0.0551, anchor loss: 0.0260, VFL train accuracy: 0.9692
2026-04-15 04:49:55,864 - Epoch: 27, 161/278: VFL loss: 0.0847, total loss: 0.0554, anchor loss: 0.0261, VFL train accuracy: 0.9692
2026-04-15 04:49:56,127 - Epoch: 27, 171/278: VFL loss: 0.0846, total loss: 0.0554, anchor loss: 0.0261, VFL train accuracy: 0.9693
2026-04-15 04:49:56,381 - Epoch: 27, 181/278: VFL loss: 0.0839, total loss: 0.0550, anchor loss: 0.0261, VFL train accuracy: 0.9697
2026-04-15 04:49:56,647 - Epoch: 27, 191/278: VFL loss: 0.0843, total loss: 0.0552, anchor loss: 0.0261, VFL train accuracy: 0.9693
2026-04-15 04:49:56,911 - Epoch: 27, 201/278: VFL loss: 0.0843, total loss: 0.0552, anchor loss: 0.0261, VFL train accuracy: 0.9693
2026-04-15 04:49:57,187 - Epoch: 27, 211/278: VFL loss: 0.0843, total loss: 0.0553, anchor loss: 0.0262, VFL train accuracy: 0.9692
2026-04-15 04:49:57,444 - Epoch: 27, 221/278: VFL loss: 0.0842, total loss: 0.0551, anchor loss: 0.0261, VFL train accuracy: 0.9695
2026-04-15 04:49:57,711 - Epoch: 27, 231/278: VFL loss: 0.0840, total loss: 0.0551, anchor loss: 0.0261, VFL train accuracy: 0.9695
2026-04-15 04:49:57,983 - Epoch: 27, 241/278: VFL loss: 0.0839, total loss: 0.0550, anchor loss: 0.0262, VFL train accuracy: 0.9695
2026-04-15 04:49:58,243 - Epoch: 27, 251/278: VFL loss: 0.0838, total loss: 0.0550, anchor loss: 0.0261, VFL train accuracy: 0.9695
2026-04-15 04:49:58,507 - Epoch: 27, 261/278: VFL loss: 0.0838, total loss: 0.0550, anchor loss: 0.0261, VFL train accuracy: 0.9694
2026-04-15 04:49:58,757 - Epoch: 27, 271/278: VFL loss: 0.0840, total loss: 0.0551, anchor loss: 0.0262, VFL train accuracy: 0.9692
2026-04-15 04:49:58,971 - => Recorded Stage 2 client anchor losses for epoch 27 to './results/AVGuard/stage3_static_reliability_ablation/PHISHING_static_reliability_on\stage2_final_epoch_client_anchor_losses.json': {0: 0.025614, 1: 0.028075, 2: 0.024762}
2026-04-15 04:49:58,982 - => Stage 2 EMA anchor update applied at epoch 27 with momentum 0.9950: updated classes per client {0: 2, 1: 2, 2: 2}
2026-04-15 04:49:58,982 - => Stage 2 Epoch 27 Training Summary: VFL loss: 0.0836, total loss: 0.0549, anchor loss: 0.0262, VFL train accuracy: 0.9693
2026-04-15 04:49:58,982 - => Test ASR...
2026-04-15 04:49:58,986 - =>Add Trigger to Test Data
2026-04-15 04:49:59,494 - Add Trigger to 6130 Bad Samples, 11600 Clean Samples (1.00)
2026-04-15 04:50:03,419 - => Test Epoch: 27, main task samples: 17730, attack samples: 17730, test loss: 0.1155, clean acc: 0.9301, Top-2: 1.0000, ASR: 0.1455, RAC: 0.9066, test target accuracy: 0.9653, stage3 final accuracy: 0.9301, stage3 final target accuracy: 0.9341, stage3 final asr: 0.1455, anchor loss: 0.0274
2026-04-15 04:50:03,419 - => Stage 3 Detection Summary: recall: 0.8397, precision: 0.8150, f1: 0.8272, false positive rate: 0.0579, correction rate: 0.8397
2026-04-15 04:50:03,419 - => Stage 3 Debug (clean): suspicious=1026/17730, correction_applied=1023, prediction_changed=1023, skipped_tied_vote=0, skipped_low_margin=0, skipped_other=3
2026-04-15 04:50:03,421 - => Stage 3 Debug (poison-valid): suspicious=4606/6130, correction_applied=4606, prediction_changed=4606, skipped_tied_vote=0, skipped_low_margin=0, skipped_other=0
2026-04-15 04:50:03,421 - => Stage 3 Debug (attack-success): suspicious=4590/5466, correction_applied=4590, prediction_changed=4590, corrected_to_true=4590
2026-04-15 04:50:03,421 - => Stage 2 checkpoint score: mean(clean_acc=0.9301, recall=0.8397, correction_rate=0.8397) = 0.8699
2026-04-15 04:50:03,457 - => End Epoch: 27, early stop epochs: 9, best epoch: 18, best clean acc: 0.9250, best Top-2: 1.0000, best ASR: 0.1387, best RAC: 0.9062, anchor loss: 0.0286, best checkpoint score: 0.8726
2026-04-15 04:50:03,457 - => Stage 3 Detection Summary: recall: 0.8463, precision: 0.8105, f1: 0.8280, false positive rate: 0.0596, correction rate: 0.8463
2026-04-15 04:50:03,498 - => LFBA current anchor-derived target label: 0
2026-04-15 04:50:03,502 - =>Add Trigger to Train Data
2026-04-15 04:50:03,726 - Add Trigger to 7091 Bad Samples, 63826 Clean Samples (0.10)
2026-04-15 04:50:03,731 - => Start Training for Injecting Backdoor...
2026-04-15 04:50:03,771 - Epoch: 28, 1/278: VFL loss: 0.0651, total loss: 0.0458, anchor loss: 0.0265, VFL train accuracy: 0.9648
2026-04-15 04:50:04,041 - Epoch: 28, 11/278: VFL loss: 0.0945, total loss: 0.0609, anchor loss: 0.0273, VFL train accuracy: 0.9648
2026-04-15 04:50:04,290 - Epoch: 28, 21/278: VFL loss: 0.0906, total loss: 0.0588, anchor loss: 0.0270, VFL train accuracy: 0.9671
2026-04-15 04:50:04,552 - Epoch: 28, 31/278: VFL loss: 0.0896, total loss: 0.0582, anchor loss: 0.0268, VFL train accuracy: 0.9674
2026-04-15 04:50:04,804 - Epoch: 28, 41/278: VFL loss: 0.0874, total loss: 0.0569, anchor loss: 0.0263, VFL train accuracy: 0.9671
2026-04-15 04:50:05,067 - Epoch: 28, 51/278: VFL loss: 0.0849, total loss: 0.0557, anchor loss: 0.0264, VFL train accuracy: 0.9677
2026-04-15 04:50:05,334 - Epoch: 28, 61/278: VFL loss: 0.0849, total loss: 0.0556, anchor loss: 0.0263, VFL train accuracy: 0.9675
2026-04-15 04:50:05,583 - Epoch: 28, 71/278: VFL loss: 0.0836, total loss: 0.0548, anchor loss: 0.0261, VFL train accuracy: 0.9682
2026-04-15 04:50:05,865 - Epoch: 28, 81/278: VFL loss: 0.0837, total loss: 0.0550, anchor loss: 0.0264, VFL train accuracy: 0.9683
2026-04-15 04:50:06,119 - Epoch: 28, 91/278: VFL loss: 0.0860, total loss: 0.0563, anchor loss: 0.0265, VFL train accuracy: 0.9674
2026-04-15 04:50:06,381 - Epoch: 28, 101/278: VFL loss: 0.0869, total loss: 0.0567, anchor loss: 0.0266, VFL train accuracy: 0.9675
2026-04-15 04:50:06,652 - Epoch: 28, 111/278: VFL loss: 0.0858, total loss: 0.0561, anchor loss: 0.0264, VFL train accuracy: 0.9680
2026-04-15 04:50:06,928 - Epoch: 28, 121/278: VFL loss: 0.0854, total loss: 0.0559, anchor loss: 0.0264, VFL train accuracy: 0.9681
2026-04-15 04:50:07,203 - Epoch: 28, 131/278: VFL loss: 0.0855, total loss: 0.0560, anchor loss: 0.0264, VFL train accuracy: 0.9683
2026-04-15 04:50:07,460 - Epoch: 28, 141/278: VFL loss: 0.0845, total loss: 0.0554, anchor loss: 0.0263, VFL train accuracy: 0.9686
2026-04-15 04:50:07,714 - Epoch: 28, 151/278: VFL loss: 0.0836, total loss: 0.0549, anchor loss: 0.0262, VFL train accuracy: 0.9690
2026-04-15 04:50:07,991 - Epoch: 28, 161/278: VFL loss: 0.0831, total loss: 0.0546, anchor loss: 0.0261, VFL train accuracy: 0.9692
2026-04-15 04:50:08,248 - Epoch: 28, 171/278: VFL loss: 0.0835, total loss: 0.0548, anchor loss: 0.0261, VFL train accuracy: 0.9689
2026-04-15 04:50:08,538 - Epoch: 28, 181/278: VFL loss: 0.0832, total loss: 0.0546, anchor loss: 0.0260, VFL train accuracy: 0.9694
2026-04-15 04:50:08,822 - Epoch: 28, 191/278: VFL loss: 0.0834, total loss: 0.0547, anchor loss: 0.0260, VFL train accuracy: 0.9692
2026-04-15 04:50:09,090 - Epoch: 28, 201/278: VFL loss: 0.0836, total loss: 0.0548, anchor loss: 0.0260, VFL train accuracy: 0.9690
2026-04-15 04:50:09,363 - Epoch: 28, 211/278: VFL loss: 0.0834, total loss: 0.0547, anchor loss: 0.0261, VFL train accuracy: 0.9690
2026-04-15 04:50:09,641 - Epoch: 28, 221/278: VFL loss: 0.0831, total loss: 0.0546, anchor loss: 0.0260, VFL train accuracy: 0.9692
2026-04-15 04:50:09,931 - Epoch: 28, 231/278: VFL loss: 0.0829, total loss: 0.0545, anchor loss: 0.0260, VFL train accuracy: 0.9693
2026-04-15 04:50:10,198 - Epoch: 28, 241/278: VFL loss: 0.0834, total loss: 0.0547, anchor loss: 0.0261, VFL train accuracy: 0.9691
2026-04-15 04:50:10,463 - Epoch: 28, 251/278: VFL loss: 0.0837, total loss: 0.0549, anchor loss: 0.0261, VFL train accuracy: 0.9691
2026-04-15 04:50:10,708 - Epoch: 28, 261/278: VFL loss: 0.0836, total loss: 0.0548, anchor loss: 0.0260, VFL train accuracy: 0.9691
2026-04-15 04:50:10,969 - Epoch: 28, 271/278: VFL loss: 0.0838, total loss: 0.0549, anchor loss: 0.0261, VFL train accuracy: 0.9691
2026-04-15 04:50:11,174 - => Recorded Stage 2 client anchor losses for epoch 28 to './results/AVGuard/stage3_static_reliability_ablation/PHISHING_static_reliability_on\stage2_final_epoch_client_anchor_losses.json': {0: 0.025544, 1: 0.027995, 2: 0.024716}
2026-04-15 04:50:11,185 - => Stage 2 EMA anchor update applied at epoch 28 with momentum 0.9950: updated classes per client {0: 2, 1: 2, 2: 2}
2026-04-15 04:50:11,185 - => Stage 2 Epoch 28 Training Summary: VFL loss: 0.0836, total loss: 0.0548, anchor loss: 0.0260, VFL train accuracy: 0.9691
2026-04-15 04:50:11,185 - => Test ASR...
2026-04-15 04:50:11,189 - =>Add Trigger to Test Data
2026-04-15 04:50:11,702 - Add Trigger to 6130 Bad Samples, 11600 Clean Samples (1.00)
2026-04-15 04:50:15,435 - => Test Epoch: 28, main task samples: 17730, attack samples: 17730, test loss: 0.1138, clean acc: 0.9303, Top-2: 1.0000, ASR: 0.1465, RAC: 0.9082, test target accuracy: 0.9697, stage3 final accuracy: 0.9303, stage3 final target accuracy: 0.9371, stage3 final asr: 0.1465, anchor loss: 0.0272
2026-04-15 04:50:15,435 - => Stage 3 Detection Summary: recall: 0.8386, precision: 0.8206, f1: 0.8295, false positive rate: 0.0554, correction rate: 0.8380
2026-04-15 04:50:15,436 - => Stage 3 Debug (clean): suspicious=982/17730, correction_applied=977, prediction_changed=977, skipped_tied_vote=0, skipped_low_margin=0, skipped_other=5
2026-04-15 04:50:15,436 - => Stage 3 Debug (poison-valid): suspicious=4582/6130, correction_applied=4579, prediction_changed=4579, skipped_tied_vote=0, skipped_low_margin=0, skipped_other=3
2026-04-15 04:50:15,436 - => Stage 3 Debug (attack-success): suspicious=4566/5445, correction_applied=4563, prediction_changed=4563, corrected_to_true=4563
2026-04-15 04:50:15,436 - => Stage 2 checkpoint score: mean(clean_acc=0.9303, recall=0.8386, correction_rate=0.8380) = 0.8690
2026-04-15 04:50:15,474 - => End Epoch: 28, early stop epochs: 10, best epoch: 18, best clean acc: 0.9250, best Top-2: 1.0000, best ASR: 0.1387, best RAC: 0.9062, anchor loss: 0.0286, best checkpoint score: 0.8726
2026-04-15 04:50:15,474 - => Stage 3 Detection Summary: recall: 0.8463, precision: 0.8105, f1: 0.8280, false positive rate: 0.0596, correction rate: 0.8463
2026-04-15 04:50:15,517 - => LFBA current anchor-derived target label: 0
2026-04-15 04:50:15,521 - =>Add Trigger to Train Data
2026-04-15 04:50:15,775 - Add Trigger to 7091 Bad Samples, 63826 Clean Samples (0.10)
2026-04-15 04:50:15,783 - => Start Training for Injecting Backdoor...
2026-04-15 04:50:15,821 - Epoch: 29, 1/278: VFL loss: 0.1244, total loss: 0.0796, anchor loss: 0.0347, VFL train accuracy: 0.9570
2026-04-15 04:50:16,128 - Epoch: 29, 11/278: VFL loss: 0.0807, total loss: 0.0538, anchor loss: 0.0269, VFL train accuracy: 0.9712
2026-04-15 04:50:16,419 - Epoch: 29, 21/278: VFL loss: 0.0876, total loss: 0.0569, anchor loss: 0.0262, VFL train accuracy: 0.9688
2026-04-15 04:50:16,699 - Epoch: 29, 31/278: VFL loss: 0.0831, total loss: 0.0546, anchor loss: 0.0260, VFL train accuracy: 0.9696
2026-04-15 04:50:17,002 - Epoch: 29, 41/278: VFL loss: 0.0853, total loss: 0.0557, anchor loss: 0.0261, VFL train accuracy: 0.9677
2026-04-15 04:50:17,476 - Epoch: 29, 51/278: VFL loss: 0.0823, total loss: 0.0540, anchor loss: 0.0257, VFL train accuracy: 0.9695
2026-04-15 04:50:17,764 - Epoch: 29, 61/278: VFL loss: 0.0847, total loss: 0.0553, anchor loss: 0.0260, VFL train accuracy: 0.9691
2026-04-15 04:50:18,044 - Epoch: 29, 71/278: VFL loss: 0.0848, total loss: 0.0554, anchor loss: 0.0259, VFL train accuracy: 0.9696
2026-04-15 04:50:18,318 - Epoch: 29, 81/278: VFL loss: 0.0851, total loss: 0.0556, anchor loss: 0.0261, VFL train accuracy: 0.9688
2026-04-15 04:50:18,612 - Epoch: 29, 91/278: VFL loss: 0.0851, total loss: 0.0556, anchor loss: 0.0262, VFL train accuracy: 0.9690
2026-04-15 04:50:18,903 - Epoch: 29, 101/278: VFL loss: 0.0847, total loss: 0.0554, anchor loss: 0.0261, VFL train accuracy: 0.9693
2026-04-15 04:50:19,190 - Epoch: 29, 111/278: VFL loss: 0.0849, total loss: 0.0555, anchor loss: 0.0261, VFL train accuracy: 0.9693
2026-04-15 04:50:19,453 - Epoch: 29, 121/278: VFL loss: 0.0850, total loss: 0.0556, anchor loss: 0.0262, VFL train accuracy: 0.9692
2026-04-15 04:50:19,740 - Epoch: 29, 131/278: VFL loss: 0.0849, total loss: 0.0555, anchor loss: 0.0261, VFL train accuracy: 0.9691
2026-04-15 04:50:20,032 - Epoch: 29, 141/278: VFL loss: 0.0839, total loss: 0.0550, anchor loss: 0.0260, VFL train accuracy: 0.9695
2026-04-15 04:50:20,336 - Epoch: 29, 151/278: VFL loss: 0.0833, total loss: 0.0546, anchor loss: 0.0260, VFL train accuracy: 0.9698
2026-04-15 04:50:20,618 - Epoch: 29, 161/278: VFL loss: 0.0831, total loss: 0.0545, anchor loss: 0.0260, VFL train accuracy: 0.9694
2026-04-15 04:50:20,902 - Epoch: 29, 171/278: VFL loss: 0.0830, total loss: 0.0545, anchor loss: 0.0259, VFL train accuracy: 0.9695
2026-04-15 04:50:21,164 - Epoch: 29, 181/278: VFL loss: 0.0831, total loss: 0.0546, anchor loss: 0.0260, VFL train accuracy: 0.9695
2026-04-15 04:50:21,425 - Epoch: 29, 191/278: VFL loss: 0.0838, total loss: 0.0549, anchor loss: 0.0260, VFL train accuracy: 0.9694
2026-04-15 04:50:21,741 - Epoch: 29, 201/278: VFL loss: 0.0836, total loss: 0.0548, anchor loss: 0.0261, VFL train accuracy: 0.9695
2026-04-15 04:50:22,031 - Epoch: 29, 211/278: VFL loss: 0.0836, total loss: 0.0548, anchor loss: 0.0260, VFL train accuracy: 0.9695
2026-04-15 04:50:22,318 - Epoch: 29, 221/278: VFL loss: 0.0833, total loss: 0.0546, anchor loss: 0.0259, VFL train accuracy: 0.9696
2026-04-15 04:50:22,589 - Epoch: 29, 231/278: VFL loss: 0.0832, total loss: 0.0546, anchor loss: 0.0260, VFL train accuracy: 0.9695
2026-04-15 04:50:22,876 - Epoch: 29, 241/278: VFL loss: 0.0830, total loss: 0.0545, anchor loss: 0.0260, VFL train accuracy: 0.9696
2026-04-15 04:50:23,154 - Epoch: 29, 251/278: VFL loss: 0.0830, total loss: 0.0545, anchor loss: 0.0260, VFL train accuracy: 0.9696
2026-04-15 04:50:23,430 - Epoch: 29, 261/278: VFL loss: 0.0830, total loss: 0.0545, anchor loss: 0.0260, VFL train accuracy: 0.9696
2026-04-15 04:50:23,718 - Epoch: 29, 271/278: VFL loss: 0.0831, total loss: 0.0546, anchor loss: 0.0260, VFL train accuracy: 0.9695
2026-04-15 04:50:23,940 - => Recorded Stage 2 client anchor losses for epoch 29 to './results/AVGuard/stage3_static_reliability_ablation/PHISHING_static_reliability_on\stage2_final_epoch_client_anchor_losses.json': {0: 0.025511, 1: 0.027932, 2: 0.024688}
2026-04-15 04:50:23,945 - => Stage 2 EMA anchor update applied at epoch 29 with momentum 0.9950: updated classes per client {0: 2, 1: 2, 2: 2}
2026-04-15 04:50:23,945 - => Stage 2 Epoch 29 Training Summary: VFL loss: 0.0838, total loss: 0.0550, anchor loss: 0.0262, VFL train accuracy: 0.9695
2026-04-15 04:50:23,946 - => Test ASR...
2026-04-15 04:50:23,949 - =>Add Trigger to Test Data
2026-04-15 04:50:24,535 - Add Trigger to 6130 Bad Samples, 11600 Clean Samples (1.00)
2026-04-15 04:50:28,320 - => Test Epoch: 29, main task samples: 17730, attack samples: 17730, test loss: 0.1148, clean acc: 0.9308, Top-2: 1.0000, ASR: 0.1507, RAC: 0.9074, test target accuracy: 0.9681, stage3 final accuracy: 0.9308, stage3 final target accuracy: 0.9381, stage3 final asr: 0.1507, anchor loss: 0.0272
2026-04-15 04:50:28,320 - => Stage 3 Detection Summary: recall: 0.8331, precision: 0.8222, f1: 0.8276, false positive rate: 0.0539, correction rate: 0.8331
2026-04-15 04:50:28,320 - => Stage 3 Debug (clean): suspicious=956/17730, correction_applied=952, prediction_changed=952, skipped_tied_vote=0, skipped_low_margin=0, skipped_other=4
2026-04-15 04:50:28,320 - => Stage 3 Debug (poison-valid): suspicious=4534/6130, correction_applied=4534, prediction_changed=4534, skipped_tied_vote=0, skipped_low_margin=0, skipped_other=0
2026-04-15 04:50:28,320 - => Stage 3 Debug (attack-success): suspicious=4514/5418, correction_applied=4514, prediction_changed=4514, corrected_to_true=4514
2026-04-15 04:50:28,321 - => Stage 2 checkpoint score: mean(clean_acc=0.9308, recall=0.8331, correction_rate=0.8331) = 0.8657
2026-04-15 04:50:28,362 - => End Epoch: 29, early stop epochs: 11, best epoch: 18, best clean acc: 0.9250, best Top-2: 1.0000, best ASR: 0.1387, best RAC: 0.9062, anchor loss: 0.0286, best checkpoint score: 0.8726
2026-04-15 04:50:28,363 - => Stage 3 Detection Summary: recall: 0.8463, precision: 0.8105, f1: 0.8280, false positive rate: 0.0596, correction rate: 0.8463
2026-04-15 04:50:28,405 - => LFBA current anchor-derived target label: 0
2026-04-15 04:50:28,408 - =>Add Trigger to Train Data
2026-04-15 04:50:28,632 - Add Trigger to 7091 Bad Samples, 63826 Clean Samples (0.10)
2026-04-15 04:50:28,638 - => Start Training for Injecting Backdoor...
2026-04-15 04:50:28,676 - Epoch: 30, 1/278: VFL loss: 0.0393, total loss: 0.0298, anchor loss: 0.0204, VFL train accuracy: 0.9922
2026-04-15 04:50:28,969 - Epoch: 30, 11/278: VFL loss: 0.0834, total loss: 0.0545, anchor loss: 0.0255, VFL train accuracy: 0.9666
2026-04-15 04:50:29,215 - Epoch: 30, 21/278: VFL loss: 0.0825, total loss: 0.0542, anchor loss: 0.0259, VFL train accuracy: 0.9684
2026-04-15 04:50:29,462 - Epoch: 30, 31/278: VFL loss: 0.0803, total loss: 0.0530, anchor loss: 0.0256, VFL train accuracy: 0.9699
2026-04-15 04:50:29,726 - Epoch: 30, 41/278: VFL loss: 0.0803, total loss: 0.0532, anchor loss: 0.0261, VFL train accuracy: 0.9693
2026-04-15 04:50:30,002 - Epoch: 30, 51/278: VFL loss: 0.0789, total loss: 0.0524, anchor loss: 0.0260, VFL train accuracy: 0.9701
2026-04-15 04:50:30,271 - Epoch: 30, 61/278: VFL loss: 0.0779, total loss: 0.0518, anchor loss: 0.0258, VFL train accuracy: 0.9707
2026-04-15 04:50:30,519 - Epoch: 30, 71/278: VFL loss: 0.0786, total loss: 0.0522, anchor loss: 0.0257, VFL train accuracy: 0.9706
2026-04-15 04:50:30,782 - Epoch: 30, 81/278: VFL loss: 0.0806, total loss: 0.0531, anchor loss: 0.0257, VFL train accuracy: 0.9703
2026-04-15 04:50:31,072 - Epoch: 30, 91/278: VFL loss: 0.0812, total loss: 0.0535, anchor loss: 0.0257, VFL train accuracy: 0.9698
2026-04-15 04:50:31,335 - Epoch: 30, 101/278: VFL loss: 0.0817, total loss: 0.0538, anchor loss: 0.0258, VFL train accuracy: 0.9699
2026-04-15 04:50:31,613 - Epoch: 30, 111/278: VFL loss: 0.0816, total loss: 0.0538, anchor loss: 0.0259, VFL train accuracy: 0.9700
2026-04-15 04:50:31,887 - Epoch: 30, 121/278: VFL loss: 0.0829, total loss: 0.0544, anchor loss: 0.0259, VFL train accuracy: 0.9694
2026-04-15 04:50:32,159 - Epoch: 30, 131/278: VFL loss: 0.0826, total loss: 0.0543, anchor loss: 0.0259, VFL train accuracy: 0.9696
2026-04-15 04:50:32,432 - Epoch: 30, 141/278: VFL loss: 0.0831, total loss: 0.0545, anchor loss: 0.0259, VFL train accuracy: 0.9695
2026-04-15 04:50:32,711 - Epoch: 30, 151/278: VFL loss: 0.0825, total loss: 0.0542, anchor loss: 0.0259, VFL train accuracy: 0.9698
2026-04-15 04:50:33,019 - Epoch: 30, 161/278: VFL loss: 0.0827, total loss: 0.0543, anchor loss: 0.0259, VFL train accuracy: 0.9697
2026-04-15 04:50:33,305 - Epoch: 30, 171/278: VFL loss: 0.0826, total loss: 0.0543, anchor loss: 0.0260, VFL train accuracy: 0.9696
2026-04-15 04:50:33,606 - Epoch: 30, 181/278: VFL loss: 0.0824, total loss: 0.0541, anchor loss: 0.0259, VFL train accuracy: 0.9697
2026-04-15 04:50:33,886 - Epoch: 30, 191/278: VFL loss: 0.0824, total loss: 0.0541, anchor loss: 0.0259, VFL train accuracy: 0.9695
2026-04-15 04:50:34,148 - Epoch: 30, 201/278: VFL loss: 0.0830, total loss: 0.0545, anchor loss: 0.0260, VFL train accuracy: 0.9693
2026-04-15 04:50:34,391 - Epoch: 30, 211/278: VFL loss: 0.0835, total loss: 0.0548, anchor loss: 0.0262, VFL train accuracy: 0.9691
2026-04-15 04:50:34,675 - Epoch: 30, 221/278: VFL loss: 0.0833, total loss: 0.0547, anchor loss: 0.0261, VFL train accuracy: 0.9693
2026-04-15 04:50:34,955 - Epoch: 30, 231/278: VFL loss: 0.0830, total loss: 0.0545, anchor loss: 0.0261, VFL train accuracy: 0.9693
2026-04-15 04:50:35,200 - Epoch: 30, 241/278: VFL loss: 0.0835, total loss: 0.0548, anchor loss: 0.0261, VFL train accuracy: 0.9692
2026-04-15 04:50:35,462 - Epoch: 30, 251/278: VFL loss: 0.0840, total loss: 0.0551, anchor loss: 0.0261, VFL train accuracy: 0.9690
2026-04-15 04:50:35,735 - Epoch: 30, 261/278: VFL loss: 0.0838, total loss: 0.0549, anchor loss: 0.0261, VFL train accuracy: 0.9691
2026-04-15 04:50:36,002 - Epoch: 30, 271/278: VFL loss: 0.0837, total loss: 0.0549, anchor loss: 0.0260, VFL train accuracy: 0.9692
2026-04-15 04:50:36,198 - => Recorded Stage 2 client anchor losses for epoch 30 to './results/AVGuard/stage3_static_reliability_ablation/PHISHING_static_reliability_on\stage2_final_epoch_client_anchor_losses.json': {0: 0.025469, 1: 0.027849, 2: 0.024654}
2026-04-15 04:50:36,207 - => Stage 2 EMA anchor update applied at epoch 30 with momentum 0.9950: updated classes per client {0: 2, 1: 2, 2: 2}
2026-04-15 04:50:36,207 - => Stage 2 Epoch 30 Training Summary: VFL loss: 0.0833, total loss: 0.0547, anchor loss: 0.0260, VFL train accuracy: 0.9693
2026-04-15 04:50:36,207 - => Test ASR...
2026-04-15 04:50:36,212 - =>Add Trigger to Test Data
2026-04-15 04:50:36,732 - Add Trigger to 6130 Bad Samples, 11600 Clean Samples (1.00)
2026-04-15 04:50:40,339 - => Test Epoch: 30, main task samples: 17730, attack samples: 17730, test loss: 0.1140, clean acc: 0.9299, Top-2: 1.0000, ASR: 0.1476, RAC: 0.9073, test target accuracy: 0.9694, stage3 final accuracy: 0.9299, stage3 final target accuracy: 0.9364, stage3 final asr: 0.1476, anchor loss: 0.0271
2026-04-15 04:50:40,339 - => Stage 3 Detection Summary: recall: 0.8371, precision: 0.8220, f1: 0.8295, false positive rate: 0.0549, correction rate: 0.8371
2026-04-15 04:50:40,340 - => Stage 3 Debug (clean): suspicious=973/17730, correction_applied=968, prediction_changed=968, skipped_tied_vote=0, skipped_low_margin=0, skipped_other=5
2026-04-15 04:50:40,340 - => Stage 3 Debug (poison-valid): suspicious=4584/6130, correction_applied=4584, prediction_changed=4584, skipped_tied_vote=0, skipped_low_margin=0, skipped_other=0
2026-04-15 04:50:40,340 - => Stage 3 Debug (attack-success): suspicious=4568/5457, correction_applied=4568, prediction_changed=4568, corrected_to_true=4568
2026-04-15 04:50:40,341 - => Stage 2 checkpoint score: mean(clean_acc=0.9299, recall=0.8371, correction_rate=0.8371) = 0.8680
2026-04-15 04:50:40,380 - => End Epoch: 30, early stop epochs: 12, best epoch: 18, best clean acc: 0.9250, best Top-2: 1.0000, best ASR: 0.1387, best RAC: 0.9062, anchor loss: 0.0286, best checkpoint score: 0.8726
2026-04-15 04:50:40,380 - => Stage 3 Detection Summary: recall: 0.8463, precision: 0.8105, f1: 0.8280, false positive rate: 0.0596, correction rate: 0.8463
2026-04-15 04:50:40,421 - => LFBA current anchor-derived target label: 0
2026-04-15 04:50:40,424 - =>Add Trigger to Train Data
2026-04-15 04:50:40,652 - Add Trigger to 7091 Bad Samples, 63826 Clean Samples (0.10)
2026-04-15 04:50:40,658 - => Start Training for Injecting Backdoor...
2026-04-15 04:50:40,695 - Epoch: 31, 1/278: VFL loss: 0.0902, total loss: 0.0590, anchor loss: 0.0278, VFL train accuracy: 0.9688
2026-04-15 04:50:40,995 - Epoch: 31, 11/278: VFL loss: 0.0852, total loss: 0.0554, anchor loss: 0.0256, VFL train accuracy: 0.9688
2026-04-15 04:50:41,266 - Epoch: 31, 21/278: VFL loss: 0.0846, total loss: 0.0549, anchor loss: 0.0252, VFL train accuracy: 0.9688
2026-04-15 04:50:41,546 - Epoch: 31, 31/278: VFL loss: 0.0829, total loss: 0.0541, anchor loss: 0.0254, VFL train accuracy: 0.9691
2026-04-15 04:50:41,817 - Epoch: 31, 41/278: VFL loss: 0.0822, total loss: 0.0539, anchor loss: 0.0255, VFL train accuracy: 0.9698
2026-04-15 04:50:42,115 - Epoch: 31, 51/278: VFL loss: 0.0826, total loss: 0.0540, anchor loss: 0.0254, VFL train accuracy: 0.9700
2026-04-15 04:50:42,387 - Epoch: 31, 61/278: VFL loss: 0.0828, total loss: 0.0542, anchor loss: 0.0255, VFL train accuracy: 0.9691
2026-04-15 04:50:42,650 - Epoch: 31, 71/278: VFL loss: 0.0823, total loss: 0.0540, anchor loss: 0.0257, VFL train accuracy: 0.9692
2026-04-15 04:50:42,928 - Epoch: 31, 81/278: VFL loss: 0.0823, total loss: 0.0540, anchor loss: 0.0256, VFL train accuracy: 0.9691
2026-04-15 04:50:43,182 - Epoch: 31, 91/278: VFL loss: 0.0813, total loss: 0.0535, anchor loss: 0.0256, VFL train accuracy: 0.9696
2026-04-15 04:50:43,443 - Epoch: 31, 101/278: VFL loss: 0.0797, total loss: 0.0525, anchor loss: 0.0253, VFL train accuracy: 0.9702
2026-04-15 04:50:43,709 - Epoch: 31, 111/278: VFL loss: 0.0802, total loss: 0.0528, anchor loss: 0.0254, VFL train accuracy: 0.9702
2026-04-15 04:50:43,985 - Epoch: 31, 121/278: VFL loss: 0.0818, total loss: 0.0537, anchor loss: 0.0257, VFL train accuracy: 0.9696
2026-04-15 04:50:44,236 - Epoch: 31, 131/278: VFL loss: 0.0809, total loss: 0.0532, anchor loss: 0.0255, VFL train accuracy: 0.9702
2026-04-15 04:50:44,511 - Epoch: 31, 141/278: VFL loss: 0.0814, total loss: 0.0535, anchor loss: 0.0256, VFL train accuracy: 0.9699
2026-04-15 04:50:44,788 - Epoch: 31, 151/278: VFL loss: 0.0816, total loss: 0.0536, anchor loss: 0.0256, VFL train accuracy: 0.9696
2026-04-15 04:50:45,069 - Epoch: 31, 161/278: VFL loss: 0.0814, total loss: 0.0535, anchor loss: 0.0255, VFL train accuracy: 0.9698
2026-04-15 04:50:45,476 - Epoch: 31, 171/278: VFL loss: 0.0819, total loss: 0.0538, anchor loss: 0.0256, VFL train accuracy: 0.9695
2026-04-15 04:50:45,737 - Epoch: 31, 181/278: VFL loss: 0.0829, total loss: 0.0543, anchor loss: 0.0258, VFL train accuracy: 0.9692
2026-04-15 04:50:46,015 - Epoch: 31, 191/278: VFL loss: 0.0830, total loss: 0.0544, anchor loss: 0.0259, VFL train accuracy: 0.9692
2026-04-15 04:50:46,275 - Epoch: 31, 201/278: VFL loss: 0.0829, total loss: 0.0544, anchor loss: 0.0258, VFL train accuracy: 0.9693
2026-04-15 04:50:46,534 - Epoch: 31, 211/278: VFL loss: 0.0823, total loss: 0.0541, anchor loss: 0.0258, VFL train accuracy: 0.9695
2026-04-15 04:50:46,811 - Epoch: 31, 221/278: VFL loss: 0.0820, total loss: 0.0539, anchor loss: 0.0257, VFL train accuracy: 0.9696
2026-04-15 04:50:47,112 - Epoch: 31, 231/278: VFL loss: 0.0824, total loss: 0.0540, anchor loss: 0.0257, VFL train accuracy: 0.9695
2026-04-15 04:50:47,414 - Epoch: 31, 241/278: VFL loss: 0.0825, total loss: 0.0541, anchor loss: 0.0257, VFL train accuracy: 0.9694
2026-04-15 04:50:47,711 - Epoch: 31, 251/278: VFL loss: 0.0824, total loss: 0.0541, anchor loss: 0.0258, VFL train accuracy: 0.9694
2026-04-15 04:50:47,977 - Epoch: 31, 261/278: VFL loss: 0.0829, total loss: 0.0544, anchor loss: 0.0258, VFL train accuracy: 0.9693
2026-04-15 04:50:48,247 - Epoch: 31, 271/278: VFL loss: 0.0833, total loss: 0.0546, anchor loss: 0.0259, VFL train accuracy: 0.9692
2026-04-15 04:50:48,461 - => Recorded Stage 2 client anchor losses for epoch 31 to './results/AVGuard/stage3_static_reliability_ablation/PHISHING_static_reliability_on\stage2_final_epoch_client_anchor_losses.json': {0: 0.025392, 1: 0.027742, 2: 0.024612}
2026-04-15 04:50:48,469 - => Stage 2 EMA anchor update applied at epoch 31 with momentum 0.9950: updated classes per client {0: 2, 1: 2, 2: 2}
2026-04-15 04:50:48,469 - => Stage 2 Epoch 31 Training Summary: VFL loss: 0.0830, total loss: 0.0545, anchor loss: 0.0260, VFL train accuracy: 0.9692
2026-04-15 04:50:48,470 - => Test ASR...
2026-04-15 04:50:48,473 - =>Add Trigger to Test Data
2026-04-15 04:50:49,071 - Add Trigger to 6130 Bad Samples, 11600 Clean Samples (1.00)
2026-04-15 04:50:52,824 - => Test Epoch: 31, main task samples: 17730, attack samples: 17730, test loss: 0.1137, clean acc: 0.9319, Top-2: 1.0000, ASR: 0.1584, RAC: 0.9074, test target accuracy: 0.9708, stage3 final accuracy: 0.9319, stage3 final target accuracy: 0.9422, stage3 final asr: 0.1584, anchor loss: 0.0271
2026-04-15 04:50:52,824 - => Stage 3 Detection Summary: recall: 0.8258, precision: 0.8247, f1: 0.8252, false positive rate: 0.0537, correction rate: 0.8258
2026-04-15 04:50:52,824 - => Stage 3 Debug (clean): suspicious=952/17730, correction_applied=952, prediction_changed=952, skipped_tied_vote=0, skipped_low_margin=0, skipped_other=0
2026-04-15 04:50:52,825 - => Stage 3 Debug (poison-valid): suspicious=4553/6130, correction_applied=4553, prediction_changed=4553, skipped_tied_vote=0, skipped_low_margin=0, skipped_other=0
2026-04-15 04:50:52,825 - => Stage 3 Debug (attack-success): suspicious=4540/5498, correction_applied=4540, prediction_changed=4540, corrected_to_true=4540
2026-04-15 04:50:52,825 - => Stage 2 checkpoint score: mean(clean_acc=0.9319, recall=0.8258, correction_rate=0.8258) = 0.8611
2026-04-15 04:50:52,871 - => End Epoch: 31, early stop epochs: 13, best epoch: 18, best clean acc: 0.9250, best Top-2: 1.0000, best ASR: 0.1387, best RAC: 0.9062, anchor loss: 0.0286, best checkpoint score: 0.8726
2026-04-15 04:50:52,871 - => Stage 3 Detection Summary: recall: 0.8463, precision: 0.8105, f1: 0.8280, false positive rate: 0.0596, correction rate: 0.8463
2026-04-15 04:50:52,917 - => LFBA current anchor-derived target label: 0
2026-04-15 04:50:52,921 - =>Add Trigger to Train Data
2026-04-15 04:50:53,141 - Add Trigger to 7091 Bad Samples, 63826 Clean Samples (0.10)
2026-04-15 04:50:53,148 - => Start Training for Injecting Backdoor...
2026-04-15 04:50:53,186 - Epoch: 32, 1/278: VFL loss: 0.1226, total loss: 0.0773, anchor loss: 0.0321, VFL train accuracy: 0.9688
2026-04-15 04:50:53,468 - Epoch: 32, 11/278: VFL loss: 0.0914, total loss: 0.0589, anchor loss: 0.0263, VFL train accuracy: 0.9691
2026-04-15 04:50:53,719 - Epoch: 32, 21/278: VFL loss: 0.0851, total loss: 0.0553, anchor loss: 0.0256, VFL train accuracy: 0.9693
2026-04-15 04:50:53,994 - Epoch: 32, 31/278: VFL loss: 0.0856, total loss: 0.0558, anchor loss: 0.0259, VFL train accuracy: 0.9693
2026-04-15 04:50:54,242 - Epoch: 32, 41/278: VFL loss: 0.0850, total loss: 0.0555, anchor loss: 0.0260, VFL train accuracy: 0.9693
2026-04-15 04:50:54,500 - Epoch: 32, 51/278: VFL loss: 0.0853, total loss: 0.0557, anchor loss: 0.0261, VFL train accuracy: 0.9691
2026-04-15 04:50:54,759 - Epoch: 32, 61/278: VFL loss: 0.0856, total loss: 0.0560, anchor loss: 0.0263, VFL train accuracy: 0.9686
2026-04-15 04:50:55,055 - Epoch: 32, 71/278: VFL loss: 0.0854, total loss: 0.0559, anchor loss: 0.0263, VFL train accuracy: 0.9685
2026-04-15 04:50:55,305 - Epoch: 32, 81/278: VFL loss: 0.0835, total loss: 0.0547, anchor loss: 0.0259, VFL train accuracy: 0.9692
2026-04-15 04:50:55,563 - Epoch: 32, 91/278: VFL loss: 0.0833, total loss: 0.0546, anchor loss: 0.0260, VFL train accuracy: 0.9688
2026-04-15 04:50:55,831 - Epoch: 32, 101/278: VFL loss: 0.0833, total loss: 0.0546, anchor loss: 0.0260, VFL train accuracy: 0.9688
2026-04-15 04:50:56,113 - Epoch: 32, 111/278: VFL loss: 0.0826, total loss: 0.0542, anchor loss: 0.0258, VFL train accuracy: 0.9691
2026-04-15 04:50:56,394 - Epoch: 32, 121/278: VFL loss: 0.0826, total loss: 0.0542, anchor loss: 0.0259, VFL train accuracy: 0.9691
2026-04-15 04:50:56,663 - Epoch: 32, 131/278: VFL loss: 0.0822, total loss: 0.0540, anchor loss: 0.0258, VFL train accuracy: 0.9692
2026-04-15 04:50:56,946 - Epoch: 32, 141/278: VFL loss: 0.0818, total loss: 0.0538, anchor loss: 0.0258, VFL train accuracy: 0.9696
2026-04-15 04:50:57,222 - Epoch: 32, 151/278: VFL loss: 0.0818, total loss: 0.0538, anchor loss: 0.0258, VFL train accuracy: 0.9694
2026-04-15 04:50:57,482 - Epoch: 32, 161/278: VFL loss: 0.0819, total loss: 0.0539, anchor loss: 0.0258, VFL train accuracy: 0.9695
2026-04-15 04:50:57,743 - Epoch: 32, 171/278: VFL loss: 0.0821, total loss: 0.0540, anchor loss: 0.0258, VFL train accuracy: 0.9695
2026-04-15 04:50:58,011 - Epoch: 32, 181/278: VFL loss: 0.0827, total loss: 0.0543, anchor loss: 0.0259, VFL train accuracy: 0.9694
2026-04-15 04:50:58,271 - Epoch: 32, 191/278: VFL loss: 0.0830, total loss: 0.0545, anchor loss: 0.0260, VFL train accuracy: 0.9692
2026-04-15 04:50:58,527 - Epoch: 32, 201/278: VFL loss: 0.0823, total loss: 0.0541, anchor loss: 0.0259, VFL train accuracy: 0.9695
2026-04-15 04:50:58,775 - Epoch: 32, 211/278: VFL loss: 0.0823, total loss: 0.0541, anchor loss: 0.0259, VFL train accuracy: 0.9698
2026-04-15 04:50:59,062 - Epoch: 32, 221/278: VFL loss: 0.0826, total loss: 0.0543, anchor loss: 0.0260, VFL train accuracy: 0.9697
2026-04-15 04:50:59,327 - Epoch: 32, 231/278: VFL loss: 0.0824, total loss: 0.0541, anchor loss: 0.0259, VFL train accuracy: 0.9700
2026-04-15 04:50:59,588 - Epoch: 32, 241/278: VFL loss: 0.0824, total loss: 0.0541, anchor loss: 0.0259, VFL train accuracy: 0.9701
2026-04-15 04:50:59,859 - Epoch: 32, 251/278: VFL loss: 0.0826, total loss: 0.0542, anchor loss: 0.0259, VFL train accuracy: 0.9698
2026-04-15 04:51:00,149 - Epoch: 32, 261/278: VFL loss: 0.0828, total loss: 0.0543, anchor loss: 0.0259, VFL train accuracy: 0.9698
2026-04-15 04:51:00,402 - Epoch: 32, 271/278: VFL loss: 0.0827, total loss: 0.0543, anchor loss: 0.0259, VFL train accuracy: 0.9697
2026-04-15 04:51:00,599 - => Recorded Stage 2 client anchor losses for epoch 32 to './results/AVGuard/stage3_static_reliability_ablation/PHISHING_static_reliability_on\stage2_final_epoch_client_anchor_losses.json': {0: 0.025353, 1: 0.027667, 2: 0.024513}
2026-04-15 04:51:00,607 - => Stage 2 EMA anchor update applied at epoch 32 with momentum 0.9950: updated classes per client {0: 2, 1: 2, 2: 2}
2026-04-15 04:51:00,607 - => Stage 2 Epoch 32 Training Summary: VFL loss: 0.0827, total loss: 0.0542, anchor loss: 0.0258, VFL train accuracy: 0.9696
2026-04-15 04:51:00,607 - => Test ASR...
2026-04-15 04:51:00,612 - =>Add Trigger to Test Data
2026-04-15 04:51:01,146 - Add Trigger to 6130 Bad Samples, 11600 Clean Samples (1.00)
2026-04-15 04:51:05,024 - => Test Epoch: 32, main task samples: 17730, attack samples: 17730, test loss: 0.1146, clean acc: 0.9296, Top-2: 1.0000, ASR: 0.1460, RAC: 0.9072, test target accuracy: 0.9688, stage3 final accuracy: 0.9296, stage3 final target accuracy: 0.9353, stage3 final asr: 0.1460, anchor loss: 0.0270
2026-04-15 04:51:05,025 - => Stage 3 Detection Summary: recall: 0.8400, precision: 0.8157, f1: 0.8276, false positive rate: 0.0576, correction rate: 0.8394
2026-04-15 04:51:05,025 - => Stage 3 Debug (clean): suspicious=1021/17730, correction_applied=1012, prediction_changed=1012, skipped_tied_vote=0, skipped_low_margin=0, skipped_other=9
2026-04-15 04:51:05,025 - => Stage 3 Debug (poison-valid): suspicious=4610/6130, correction_applied=4607, prediction_changed=4607, skipped_tied_vote=0, skipped_low_margin=0, skipped_other=3
2026-04-15 04:51:05,025 - => Stage 3 Debug (attack-success): suspicious=4593/5468, correction_applied=4590, prediction_changed=4590, corrected_to_true=4590
2026-04-15 04:51:05,025 - => Stage 2 checkpoint score: mean(clean_acc=0.9296, recall=0.8400, correction_rate=0.8394) = 0.8697
2026-04-15 04:51:05,069 - => End Epoch: 32, early stop epochs: 14, best epoch: 18, best clean acc: 0.9250, best Top-2: 1.0000, best ASR: 0.1387, best RAC: 0.9062, anchor loss: 0.0286, best checkpoint score: 0.8726
2026-04-15 04:51:05,070 - => Stage 3 Detection Summary: recall: 0.8463, precision: 0.8105, f1: 0.8280, false positive rate: 0.0596, correction rate: 0.8463
2026-04-15 04:51:05,108 - => LFBA current anchor-derived target label: 0
2026-04-15 04:51:05,112 - =>Add Trigger to Train Data
2026-04-15 04:51:05,344 - Add Trigger to 7091 Bad Samples, 63826 Clean Samples (0.10)
2026-04-15 04:51:05,349 - => Start Training for Injecting Backdoor...
2026-04-15 04:51:05,389 - Epoch: 33, 1/278: VFL loss: 0.0726, total loss: 0.0499, anchor loss: 0.0271, VFL train accuracy: 0.9766
2026-04-15 04:51:05,671 - Epoch: 33, 11/278: VFL loss: 0.0868, total loss: 0.0567, anchor loss: 0.0266, VFL train accuracy: 0.9702
2026-04-15 04:51:05,933 - Epoch: 33, 21/278: VFL loss: 0.0742, total loss: 0.0498, anchor loss: 0.0255, VFL train accuracy: 0.9734
2026-04-15 04:51:06,213 - Epoch: 33, 31/278: VFL loss: 0.0788, total loss: 0.0523, anchor loss: 0.0259, VFL train accuracy: 0.9728
2026-04-15 04:51:06,481 - Epoch: 33, 41/278: VFL loss: 0.0813, total loss: 0.0537, anchor loss: 0.0262, VFL train accuracy: 0.9714
2026-04-15 04:51:06,736 - Epoch: 33, 51/278: VFL loss: 0.0801, total loss: 0.0530, anchor loss: 0.0259, VFL train accuracy: 0.9721
2026-04-15 04:51:07,024 - Epoch: 33, 61/278: VFL loss: 0.0799, total loss: 0.0528, anchor loss: 0.0258, VFL train accuracy: 0.9721
2026-04-15 04:51:07,302 - Epoch: 33, 71/278: VFL loss: 0.0795, total loss: 0.0526, anchor loss: 0.0258, VFL train accuracy: 0.9723
2026-04-15 04:51:07,576 - Epoch: 33, 81/278: VFL loss: 0.0802, total loss: 0.0530, anchor loss: 0.0257, VFL train accuracy: 0.9719
2026-04-15 04:51:07,850 - Epoch: 33, 91/278: VFL loss: 0.0810, total loss: 0.0534, anchor loss: 0.0258, VFL train accuracy: 0.9718
2026-04-15 04:51:08,121 - Epoch: 33, 101/278: VFL loss: 0.0812, total loss: 0.0535, anchor loss: 0.0259, VFL train accuracy: 0.9715
2026-04-15 04:51:08,381 - Epoch: 33, 111/278: VFL loss: 0.0820, total loss: 0.0539, anchor loss: 0.0259, VFL train accuracy: 0.9706
2026-04-15 04:51:08,653 - Epoch: 33, 121/278: VFL loss: 0.0812, total loss: 0.0535, anchor loss: 0.0258, VFL train accuracy: 0.9710
2026-04-15 04:51:08,933 - Epoch: 33, 131/278: VFL loss: 0.0815, total loss: 0.0537, anchor loss: 0.0259, VFL train accuracy: 0.9710
2026-04-15 04:51:09,218 - Epoch: 33, 141/278: VFL loss: 0.0810, total loss: 0.0534, anchor loss: 0.0259, VFL train accuracy: 0.9712
2026-04-15 04:51:09,501 - Epoch: 33, 151/278: VFL loss: 0.0808, total loss: 0.0533, anchor loss: 0.0258, VFL train accuracy: 0.9711
2026-04-15 04:51:09,771 - Epoch: 33, 161/278: VFL loss: 0.0811, total loss: 0.0534, anchor loss: 0.0258, VFL train accuracy: 0.9708
2026-04-15 04:51:10,050 - Epoch: 33, 171/278: VFL loss: 0.0816, total loss: 0.0537, anchor loss: 0.0259, VFL train accuracy: 0.9706
2026-04-15 04:51:10,309 - Epoch: 33, 181/278: VFL loss: 0.0814, total loss: 0.0536, anchor loss: 0.0258, VFL train accuracy: 0.9705
2026-04-15 04:51:10,590 - Epoch: 33, 191/278: VFL loss: 0.0811, total loss: 0.0535, anchor loss: 0.0258, VFL train accuracy: 0.9704
2026-04-15 04:51:10,865 - Epoch: 33, 201/278: VFL loss: 0.0824, total loss: 0.0541, anchor loss: 0.0258, VFL train accuracy: 0.9700
2026-04-15 04:51:11,130 - Epoch: 33, 211/278: VFL loss: 0.0823, total loss: 0.0540, anchor loss: 0.0258, VFL train accuracy: 0.9699
2026-04-15 04:51:11,403 - Epoch: 33, 221/278: VFL loss: 0.0823, total loss: 0.0540, anchor loss: 0.0257, VFL train accuracy: 0.9699
2026-04-15 04:51:11,686 - Epoch: 33, 231/278: VFL loss: 0.0826, total loss: 0.0542, anchor loss: 0.0258, VFL train accuracy: 0.9698
2026-04-15 04:51:11,984 - Epoch: 33, 241/278: VFL loss: 0.0823, total loss: 0.0540, anchor loss: 0.0257, VFL train accuracy: 0.9699
2026-04-15 04:51:12,238 - Epoch: 33, 251/278: VFL loss: 0.0823, total loss: 0.0540, anchor loss: 0.0257, VFL train accuracy: 0.9698
2026-04-15 04:51:12,504 - Epoch: 33, 261/278: VFL loss: 0.0826, total loss: 0.0541, anchor loss: 0.0257, VFL train accuracy: 0.9696
2026-04-15 04:51:12,767 - Epoch: 33, 271/278: VFL loss: 0.0829, total loss: 0.0544, anchor loss: 0.0258, VFL train accuracy: 0.9694
2026-04-15 04:51:13,000 - => Recorded Stage 2 client anchor losses for epoch 33 to './results/AVGuard/stage3_static_reliability_ablation/PHISHING_static_reliability_on\stage2_final_epoch_client_anchor_losses.json': {0: 0.025296, 1: 0.027581, 2: 0.024495}
2026-04-15 04:51:13,011 - => Stage 2 EMA anchor update applied at epoch 33 with momentum 0.9950: updated classes per client {0: 2, 1: 2, 2: 2}
2026-04-15 04:51:13,011 - => Stage 2 Epoch 33 Training Summary: VFL loss: 0.0825, total loss: 0.0541, anchor loss: 0.0257, VFL train accuracy: 0.9696
2026-04-15 04:51:13,011 - => Test ASR...
2026-04-15 04:51:13,014 - =>Add Trigger to Test Data
2026-04-15 04:51:13,539 - Add Trigger to 6130 Bad Samples, 11600 Clean Samples (1.00)
2026-04-15 04:51:17,425 - => Test Epoch: 33, main task samples: 17730, attack samples: 17730, test loss: 0.1146, clean acc: 0.9303, Top-2: 1.0000, ASR: 0.1491, RAC: 0.9075, test target accuracy: 0.9709, stage3 final accuracy: 0.9303, stage3 final target accuracy: 0.9374, stage3 final asr: 0.1491, anchor loss: 0.0269
2026-04-15 04:51:17,425 - => Stage 3 Detection Summary: recall: 0.8367, precision: 0.8211, f1: 0.8288, false positive rate: 0.0554, correction rate: 0.8365
2026-04-15 04:51:17,426 - => Stage 3 Debug (clean): suspicious=983/17730, correction_applied=983, prediction_changed=983, skipped_tied_vote=0, skipped_low_margin=0, skipped_other=0
2026-04-15 04:51:17,426 - => Stage 3 Debug (poison-valid): suspicious=4608/6130, correction_applied=4607, prediction_changed=4607, skipped_tied_vote=0, skipped_low_margin=0, skipped_other=1
2026-04-15 04:51:17,426 - => Stage 3 Debug (attack-success): suspicious=4591/5487, correction_applied=4590, prediction_changed=4590, corrected_to_true=4590
2026-04-15 04:51:17,426 - => Stage 2 checkpoint score: mean(clean_acc=0.9303, recall=0.8367, correction_rate=0.8365) = 0.8679
2026-04-15 04:51:17,467 - => End Epoch: 33, early stop epochs: 15, best epoch: 18, best clean acc: 0.9250, best Top-2: 1.0000, best ASR: 0.1387, best RAC: 0.9062, anchor loss: 0.0286, best checkpoint score: 0.8726
2026-04-15 04:51:17,468 - => Stage 3 Detection Summary: recall: 0.8463, precision: 0.8105, f1: 0.8280, false positive rate: 0.0596, correction rate: 0.8463
2026-04-15 04:51:17,511 - => LFBA current anchor-derived target label: 0
2026-04-15 04:51:17,513 - =>Add Trigger to Train Data
2026-04-15 04:51:17,752 - Add Trigger to 7091 Bad Samples, 63826 Clean Samples (0.10)
2026-04-15 04:51:17,759 - => Start Training for Injecting Backdoor...
2026-04-15 04:51:17,796 - Epoch: 34, 1/278: VFL loss: 0.0768, total loss: 0.0521, anchor loss: 0.0275, VFL train accuracy: 0.9727
2026-04-15 04:51:18,084 - Epoch: 34, 11/278: VFL loss: 0.0753, total loss: 0.0508, anchor loss: 0.0263, VFL train accuracy: 0.9702
2026-04-15 04:51:18,357 - Epoch: 34, 21/278: VFL loss: 0.0813, total loss: 0.0539, anchor loss: 0.0265, VFL train accuracy: 0.9695
2026-04-15 04:51:18,618 - Epoch: 34, 31/278: VFL loss: 0.0804, total loss: 0.0537, anchor loss: 0.0270, VFL train accuracy: 0.9705
2026-04-15 04:51:18,908 - Epoch: 34, 41/278: VFL loss: 0.0796, total loss: 0.0532, anchor loss: 0.0268, VFL train accuracy: 0.9707
2026-04-15 04:51:19,158 - Epoch: 34, 51/278: VFL loss: 0.0793, total loss: 0.0529, anchor loss: 0.0265, VFL train accuracy: 0.9710
2026-04-15 04:51:19,428 - Epoch: 34, 61/278: VFL loss: 0.0788, total loss: 0.0526, anchor loss: 0.0263, VFL train accuracy: 0.9717
2026-04-15 04:51:19,687 - Epoch: 34, 71/278: VFL loss: 0.0790, total loss: 0.0527, anchor loss: 0.0263, VFL train accuracy: 0.9712
2026-04-15 04:51:19,959 - Epoch: 34, 81/278: VFL loss: 0.0778, total loss: 0.0519, anchor loss: 0.0260, VFL train accuracy: 0.9717
2026-04-15 04:51:20,212 - Epoch: 34, 91/278: VFL loss: 0.0776, total loss: 0.0517, anchor loss: 0.0259, VFL train accuracy: 0.9718
2026-04-15 04:51:20,471 - Epoch: 34, 101/278: VFL loss: 0.0785, total loss: 0.0522, anchor loss: 0.0259, VFL train accuracy: 0.9717
2026-04-15 04:51:20,727 - Epoch: 34, 111/278: VFL loss: 0.0794, total loss: 0.0527, anchor loss: 0.0261, VFL train accuracy: 0.9710
2026-04-15 04:51:21,019 - Epoch: 34, 121/278: VFL loss: 0.0810, total loss: 0.0536, anchor loss: 0.0261, VFL train accuracy: 0.9705
2026-04-15 04:51:21,279 - Epoch: 34, 131/278: VFL loss: 0.0817, total loss: 0.0539, anchor loss: 0.0261, VFL train accuracy: 0.9703
2026-04-15 04:51:21,556 - Epoch: 34, 141/278: VFL loss: 0.0816, total loss: 0.0538, anchor loss: 0.0261, VFL train accuracy: 0.9700
2026-04-15 04:51:21,803 - Epoch: 34, 151/278: VFL loss: 0.0818, total loss: 0.0539, anchor loss: 0.0261, VFL train accuracy: 0.9697
2026-04-15 04:51:22,086 - Epoch: 34, 161/278: VFL loss: 0.0815, total loss: 0.0538, anchor loss: 0.0260, VFL train accuracy: 0.9697
2026-04-15 04:51:22,351 - Epoch: 34, 171/278: VFL loss: 0.0821, total loss: 0.0541, anchor loss: 0.0260, VFL train accuracy: 0.9693
2026-04-15 04:51:22,651 - Epoch: 34, 181/278: VFL loss: 0.0817, total loss: 0.0538, anchor loss: 0.0259, VFL train accuracy: 0.9696
2026-04-15 04:51:22,963 - Epoch: 34, 191/278: VFL loss: 0.0817, total loss: 0.0538, anchor loss: 0.0259, VFL train accuracy: 0.9697
2026-04-15 04:51:23,231 - Epoch: 34, 201/278: VFL loss: 0.0818, total loss: 0.0538, anchor loss: 0.0259, VFL train accuracy: 0.9697
2026-04-15 04:51:23,497 - Epoch: 34, 211/278: VFL loss: 0.0815, total loss: 0.0536, anchor loss: 0.0258, VFL train accuracy: 0.9699
2026-04-15 04:51:23,753 - Epoch: 34, 221/278: VFL loss: 0.0818, total loss: 0.0538, anchor loss: 0.0258, VFL train accuracy: 0.9699
2026-04-15 04:51:24,019 - Epoch: 34, 231/278: VFL loss: 0.0820, total loss: 0.0539, anchor loss: 0.0258, VFL train accuracy: 0.9697
2026-04-15 04:51:24,283 - Epoch: 34, 241/278: VFL loss: 0.0823, total loss: 0.0540, anchor loss: 0.0257, VFL train accuracy: 0.9698
2026-04-15 04:51:24,553 - Epoch: 34, 251/278: VFL loss: 0.0827, total loss: 0.0542, anchor loss: 0.0257, VFL train accuracy: 0.9698
2026-04-15 04:51:24,827 - Epoch: 34, 261/278: VFL loss: 0.0825, total loss: 0.0541, anchor loss: 0.0257, VFL train accuracy: 0.9698
2026-04-15 04:51:25,109 - Epoch: 34, 271/278: VFL loss: 0.0826, total loss: 0.0542, anchor loss: 0.0257, VFL train accuracy: 0.9699
2026-04-15 04:51:25,322 - => Recorded Stage 2 client anchor losses for epoch 34 to './results/AVGuard/stage3_static_reliability_ablation/PHISHING_static_reliability_on\stage2_final_epoch_client_anchor_losses.json': {0: 0.025274, 1: 0.027507, 2: 0.024386}
2026-04-15 04:51:25,329 - => Stage 2 EMA anchor update applied at epoch 34 with momentum 0.9950: updated classes per client {0: 2, 1: 2, 2: 2}
2026-04-15 04:51:25,329 - => Stage 2 Epoch 34 Training Summary: VFL loss: 0.0839, total loss: 0.0548, anchor loss: 0.0258, VFL train accuracy: 0.9698
2026-04-15 04:51:25,329 - => Test ASR...
2026-04-15 04:51:25,333 - =>Add Trigger to Test Data
2026-04-15 04:51:25,868 - Add Trigger to 6130 Bad Samples, 11600 Clean Samples (1.00)
2026-04-15 04:51:29,735 - => Test Epoch: 34, main task samples: 17730, attack samples: 17730, test loss: 0.1150, clean acc: 0.9305, Top-2: 1.0000, ASR: 0.1558, RAC: 0.9057, test target accuracy: 0.9663, stage3 final accuracy: 0.9305, stage3 final target accuracy: 0.9382, stage3 final asr: 0.1558, anchor loss: 0.0269
2026-04-15 04:51:29,735 - => Stage 3 Detection Summary: recall: 0.8286, precision: 0.8169, f1: 0.8227, false positive rate: 0.0559, correction rate: 0.8286
2026-04-15 04:51:29,735 - => Stage 3 Debug (clean): suspicious=991/17730, correction_applied=990, prediction_changed=990, skipped_tied_vote=0, skipped_low_margin=0, skipped_other=1
2026-04-15 04:51:29,735 - => Stage 3 Debug (poison-valid): suspicious=4535/6130, correction_applied=4535, prediction_changed=4535, skipped_tied_vote=0, skipped_low_margin=0, skipped_other=0
2026-04-15 04:51:29,735 - => Stage 3 Debug (attack-success): suspicious=4514/5448, correction_applied=4514, prediction_changed=4514, corrected_to_true=4514
2026-04-15 04:51:29,736 - => Stage 2 checkpoint score: mean(clean_acc=0.9305, recall=0.8286, correction_rate=0.8286) = 0.8625
2026-04-15 04:51:29,776 - => End Epoch: 34, early stop epochs: 16, best epoch: 18, best clean acc: 0.9250, best Top-2: 1.0000, best ASR: 0.1387, best RAC: 0.9062, anchor loss: 0.0286, best checkpoint score: 0.8726
2026-04-15 04:51:29,776 - => Stage 3 Detection Summary: recall: 0.8463, precision: 0.8105, f1: 0.8280, false positive rate: 0.0596, correction rate: 0.8463
2026-04-15 04:51:29,821 - => LFBA current anchor-derived target label: 0
2026-04-15 04:51:29,825 - =>Add Trigger to Train Data
2026-04-15 04:51:30,049 - Add Trigger to 7091 Bad Samples, 63826 Clean Samples (0.10)
2026-04-15 04:51:30,055 - => Start Training for Injecting Backdoor...
2026-04-15 04:51:30,091 - Epoch: 35, 1/278: VFL loss: 0.0731, total loss: 0.0475, anchor loss: 0.0219, VFL train accuracy: 0.9727
2026-04-15 04:51:30,363 - Epoch: 35, 11/278: VFL loss: 0.0831, total loss: 0.0542, anchor loss: 0.0252, VFL train accuracy: 0.9684
2026-04-15 04:51:30,611 - Epoch: 35, 21/278: VFL loss: 0.0894, total loss: 0.0578, anchor loss: 0.0261, VFL train accuracy: 0.9667
2026-04-15 04:51:30,875 - Epoch: 35, 31/278: VFL loss: 0.0899, total loss: 0.0579, anchor loss: 0.0260, VFL train accuracy: 0.9670
2026-04-15 04:51:31,124 - Epoch: 35, 41/278: VFL loss: 0.0870, total loss: 0.0564, anchor loss: 0.0258, VFL train accuracy: 0.9679
2026-04-15 04:51:31,394 - Epoch: 35, 51/278: VFL loss: 0.0872, total loss: 0.0567, anchor loss: 0.0261, VFL train accuracy: 0.9683
2026-04-15 04:51:31,666 - Epoch: 35, 61/278: VFL loss: 0.0867, total loss: 0.0563, anchor loss: 0.0259, VFL train accuracy: 0.9685
2026-04-15 04:51:31,964 - Epoch: 35, 71/278: VFL loss: 0.0844, total loss: 0.0551, anchor loss: 0.0257, VFL train accuracy: 0.9691
2026-04-15 04:51:32,232 - Epoch: 35, 81/278: VFL loss: 0.0851, total loss: 0.0554, anchor loss: 0.0257, VFL train accuracy: 0.9687
2026-04-15 04:51:32,487 - Epoch: 35, 91/278: VFL loss: 0.0855, total loss: 0.0557, anchor loss: 0.0258, VFL train accuracy: 0.9685
2026-04-15 04:51:32,756 - Epoch: 35, 101/278: VFL loss: 0.0853, total loss: 0.0556, anchor loss: 0.0259, VFL train accuracy: 0.9686
2026-04-15 04:51:33,044 - Epoch: 35, 111/278: VFL loss: 0.0856, total loss: 0.0558, anchor loss: 0.0259, VFL train accuracy: 0.9684
2026-04-15 04:51:33,301 - Epoch: 35, 121/278: VFL loss: 0.0850, total loss: 0.0554, anchor loss: 0.0259, VFL train accuracy: 0.9685
2026-04-15 04:51:33,612 - Epoch: 35, 131/278: VFL loss: 0.0855, total loss: 0.0557, anchor loss: 0.0259, VFL train accuracy: 0.9684
2026-04-15 04:51:33,894 - Epoch: 35, 141/278: VFL loss: 0.0853, total loss: 0.0556, anchor loss: 0.0259, VFL train accuracy: 0.9684
2026-04-15 04:51:34,151 - Epoch: 35, 151/278: VFL loss: 0.0843, total loss: 0.0550, anchor loss: 0.0257, VFL train accuracy: 0.9688
2026-04-15 04:51:34,422 - Epoch: 35, 161/278: VFL loss: 0.0831, total loss: 0.0544, anchor loss: 0.0257, VFL train accuracy: 0.9693
2026-04-15 04:51:34,692 - Epoch: 35, 171/278: VFL loss: 0.0832, total loss: 0.0544, anchor loss: 0.0256, VFL train accuracy: 0.9694
2026-04-15 04:51:34,961 - Epoch: 35, 181/278: VFL loss: 0.0832, total loss: 0.0544, anchor loss: 0.0256, VFL train accuracy: 0.9695
2026-04-15 04:51:35,229 - Epoch: 35, 191/278: VFL loss: 0.0830, total loss: 0.0543, anchor loss: 0.0256, VFL train accuracy: 0.9694
2026-04-15 04:51:35,487 - Epoch: 35, 201/278: VFL loss: 0.0834, total loss: 0.0545, anchor loss: 0.0257, VFL train accuracy: 0.9692
2026-04-15 04:51:35,806 - Epoch: 35, 211/278: VFL loss: 0.0841, total loss: 0.0549, anchor loss: 0.0257, VFL train accuracy: 0.9691
2026-04-15 04:51:36,073 - Epoch: 35, 221/278: VFL loss: 0.0840, total loss: 0.0549, anchor loss: 0.0257, VFL train accuracy: 0.9691
2026-04-15 04:51:36,340 - Epoch: 35, 231/278: VFL loss: 0.0835, total loss: 0.0546, anchor loss: 0.0257, VFL train accuracy: 0.9694
2026-04-15 04:51:36,596 - Epoch: 35, 241/278: VFL loss: 0.0837, total loss: 0.0547, anchor loss: 0.0257, VFL train accuracy: 0.9693
2026-04-15 04:51:36,888 - Epoch: 35, 251/278: VFL loss: 0.0832, total loss: 0.0545, anchor loss: 0.0257, VFL train accuracy: 0.9694
2026-04-15 04:51:37,173 - Epoch: 35, 261/278: VFL loss: 0.0838, total loss: 0.0548, anchor loss: 0.0257, VFL train accuracy: 0.9690
2026-04-15 04:51:37,427 - Epoch: 35, 271/278: VFL loss: 0.0836, total loss: 0.0547, anchor loss: 0.0257, VFL train accuracy: 0.9691
2026-04-15 04:51:37,641 - => Recorded Stage 2 client anchor losses for epoch 35 to './results/AVGuard/stage3_static_reliability_ablation/PHISHING_static_reliability_on\stage2_final_epoch_client_anchor_losses.json': {0: 0.025257, 1: 0.027427, 2: 0.024448}
2026-04-15 04:51:37,648 - => Stage 2 EMA anchor update applied at epoch 35 with momentum 0.9950: updated classes per client {0: 2, 1: 2, 2: 2}
2026-04-15 04:51:37,648 - => Stage 2 Epoch 35 Training Summary: VFL loss: 0.0832, total loss: 0.0545, anchor loss: 0.0258, VFL train accuracy: 0.9692
2026-04-15 04:51:37,648 - => Test ASR...
2026-04-15 04:51:37,651 - =>Add Trigger to Test Data
2026-04-15 04:51:38,172 - Add Trigger to 6130 Bad Samples, 11600 Clean Samples (1.00)
2026-04-15 04:51:42,252 - => Test Epoch: 35, main task samples: 17730, attack samples: 17730, test loss: 0.1147, clean acc: 0.9305, Top-2: 1.0000, ASR: 0.1501, RAC: 0.9071, test target accuracy: 0.9695, stage3 final accuracy: 0.9305, stage3 final target accuracy: 0.9373, stage3 final asr: 0.1501, anchor loss: 0.0268
2026-04-15 04:51:42,252 - => Stage 3 Detection Summary: recall: 0.8352, precision: 0.8209, f1: 0.8280, false positive rate: 0.0551, correction rate: 0.8352
2026-04-15 04:51:42,253 - => Stage 3 Debug (clean): suspicious=977/17730, correction_applied=975, prediction_changed=975, skipped_tied_vote=0, skipped_low_margin=0, skipped_other=2
2026-04-15 04:51:42,253 - => Stage 3 Debug (poison-valid): suspicious=4585/6130, correction_applied=4585, prediction_changed=4585, skipped_tied_vote=0, skipped_low_margin=0, skipped_other=0
2026-04-15 04:51:42,253 - => Stage 3 Debug (attack-success): suspicious=4566/5467, correction_applied=4566, prediction_changed=4566, corrected_to_true=4566
2026-04-15 04:51:42,253 - => Stage 2 checkpoint score: mean(clean_acc=0.9305, recall=0.8352, correction_rate=0.8352) = 0.8669
2026-04-15 04:51:42,297 - => End Epoch: 35, early stop epochs: 17, best epoch: 18, best clean acc: 0.9250, best Top-2: 1.0000, best ASR: 0.1387, best RAC: 0.9062, anchor loss: 0.0286, best checkpoint score: 0.8726
2026-04-15 04:51:42,297 - => Stage 3 Detection Summary: recall: 0.8463, precision: 0.8105, f1: 0.8280, false positive rate: 0.0596, correction rate: 0.8463
2026-04-15 04:51:42,337 - => LFBA current anchor-derived target label: 0
2026-04-15 04:51:42,341 - =>Add Trigger to Train Data
2026-04-15 04:51:42,564 - Add Trigger to 7091 Bad Samples, 63826 Clean Samples (0.10)
2026-04-15 04:51:42,569 - => Start Training for Injecting Backdoor...
2026-04-15 04:51:42,611 - Epoch: 36, 1/278: VFL loss: 0.0853, total loss: 0.0584, anchor loss: 0.0315, VFL train accuracy: 0.9570
2026-04-15 04:51:42,919 - Epoch: 36, 11/278: VFL loss: 0.0808, total loss: 0.0534, anchor loss: 0.0259, VFL train accuracy: 0.9645
2026-04-15 04:51:43,265 - Epoch: 36, 21/278: VFL loss: 0.0785, total loss: 0.0519, anchor loss: 0.0253, VFL train accuracy: 0.9658
2026-04-15 04:51:43,530 - Epoch: 36, 31/278: VFL loss: 0.0798, total loss: 0.0527, anchor loss: 0.0257, VFL train accuracy: 0.9661
2026-04-15 04:51:43,795 - Epoch: 36, 41/278: VFL loss: 0.0767, total loss: 0.0511, anchor loss: 0.0254, VFL train accuracy: 0.9686
2026-04-15 04:51:44,083 - Epoch: 36, 51/278: VFL loss: 0.0764, total loss: 0.0509, anchor loss: 0.0253, VFL train accuracy: 0.9701
2026-04-15 04:51:44,385 - Epoch: 36, 61/278: VFL loss: 0.0785, total loss: 0.0520, anchor loss: 0.0255, VFL train accuracy: 0.9699
2026-04-15 04:51:44,651 - Epoch: 36, 71/278: VFL loss: 0.0802, total loss: 0.0528, anchor loss: 0.0255, VFL train accuracy: 0.9696
2026-04-15 04:51:44,941 - Epoch: 36, 81/278: VFL loss: 0.0795, total loss: 0.0525, anchor loss: 0.0254, VFL train accuracy: 0.9701
2026-04-15 04:51:45,203 - Epoch: 36, 91/278: VFL loss: 0.0787, total loss: 0.0521, anchor loss: 0.0255, VFL train accuracy: 0.9705
2026-04-15 04:51:45,484 - Epoch: 36, 101/278: VFL loss: 0.0799, total loss: 0.0528, anchor loss: 0.0256, VFL train accuracy: 0.9701
2026-04-15 04:51:45,751 - Epoch: 36, 111/278: VFL loss: 0.0804, total loss: 0.0531, anchor loss: 0.0257, VFL train accuracy: 0.9702
2026-04-15 04:51:46,019 - Epoch: 36, 121/278: VFL loss: 0.0807, total loss: 0.0531, anchor loss: 0.0256, VFL train accuracy: 0.9702
2026-04-15 04:51:46,301 - Epoch: 36, 131/278: VFL loss: 0.0811, total loss: 0.0533, anchor loss: 0.0256, VFL train accuracy: 0.9702
2026-04-15 04:51:46,585 - Epoch: 36, 141/278: VFL loss: 0.0814, total loss: 0.0535, anchor loss: 0.0256, VFL train accuracy: 0.9700
2026-04-15 04:51:46,867 - Epoch: 36, 151/278: VFL loss: 0.0814, total loss: 0.0536, anchor loss: 0.0257, VFL train accuracy: 0.9701
2026-04-15 04:51:47,133 - Epoch: 36, 161/278: VFL loss: 0.0817, total loss: 0.0537, anchor loss: 0.0256, VFL train accuracy: 0.9700
2026-04-15 04:51:47,395 - Epoch: 36, 171/278: VFL loss: 0.0819, total loss: 0.0538, anchor loss: 0.0256, VFL train accuracy: 0.9701
2026-04-15 04:51:47,666 - Epoch: 36, 181/278: VFL loss: 0.0817, total loss: 0.0536, anchor loss: 0.0256, VFL train accuracy: 0.9701
2026-04-15 04:51:47,949 - Epoch: 36, 191/278: VFL loss: 0.0821, total loss: 0.0538, anchor loss: 0.0256, VFL train accuracy: 0.9699
2026-04-15 04:51:48,223 - Epoch: 36, 201/278: VFL loss: 0.0818, total loss: 0.0537, anchor loss: 0.0256, VFL train accuracy: 0.9701
2026-04-15 04:51:48,488 - Epoch: 36, 211/278: VFL loss: 0.0823, total loss: 0.0539, anchor loss: 0.0256, VFL train accuracy: 0.9699
2026-04-15 04:51:48,749 - Epoch: 36, 221/278: VFL loss: 0.0827, total loss: 0.0542, anchor loss: 0.0256, VFL train accuracy: 0.9695
2026-04-15 04:51:49,044 - Epoch: 36, 231/278: VFL loss: 0.0823, total loss: 0.0540, anchor loss: 0.0256, VFL train accuracy: 0.9697
2026-04-15 04:51:49,305 - Epoch: 36, 241/278: VFL loss: 0.0831, total loss: 0.0544, anchor loss: 0.0256, VFL train accuracy: 0.9695
2026-04-15 04:51:49,587 - Epoch: 36, 251/278: VFL loss: 0.0829, total loss: 0.0543, anchor loss: 0.0257, VFL train accuracy: 0.9695
2026-04-15 04:51:49,854 - Epoch: 36, 261/278: VFL loss: 0.0830, total loss: 0.0543, anchor loss: 0.0257, VFL train accuracy: 0.9695
2026-04-15 04:51:50,127 - Epoch: 36, 271/278: VFL loss: 0.0827, total loss: 0.0542, anchor loss: 0.0256, VFL train accuracy: 0.9696
2026-04-15 04:51:50,339 - => Recorded Stage 2 client anchor losses for epoch 36 to './results/AVGuard/stage3_static_reliability_ablation/PHISHING_static_reliability_on\stage2_final_epoch_client_anchor_losses.json': {0: 0.025149, 1: 0.027358, 2: 0.024284}
2026-04-15 04:51:50,347 - => Stage 2 EMA anchor update applied at epoch 36 with momentum 0.9950: updated classes per client {0: 2, 1: 2, 2: 2}
2026-04-15 04:51:50,347 - => Stage 2 Epoch 36 Training Summary: VFL loss: 0.0822, total loss: 0.0539, anchor loss: 0.0255, VFL train accuracy: 0.9696
2026-04-15 04:51:50,347 - => Test ASR...
2026-04-15 04:51:50,351 - =>Add Trigger to Test Data
2026-04-15 04:51:50,944 - Add Trigger to 6130 Bad Samples, 11600 Clean Samples (1.00)
2026-04-15 04:51:54,901 - => Test Epoch: 36, main task samples: 17730, attack samples: 17730, test loss: 0.1152, clean acc: 0.9297, Top-2: 1.0000, ASR: 0.1445, RAC: 0.9077, test target accuracy: 0.9679, stage3 final accuracy: 0.9297, stage3 final target accuracy: 0.9353, stage3 final asr: 0.1445, anchor loss: 0.0268
2026-04-15 04:51:54,901 - => Stage 3 Detection Summary: recall: 0.8415, precision: 0.8212, f1: 0.8312, false positive rate: 0.0558, correction rate: 0.8415
2026-04-15 04:51:54,901 - => Stage 3 Debug (clean): suspicious=990/17730, correction_applied=988, prediction_changed=988, skipped_tied_vote=0, skipped_low_margin=0, skipped_other=2
2026-04-15 04:51:54,901 - => Stage 3 Debug (poison-valid): suspicious=4635/6130, correction_applied=4635, prediction_changed=4635, skipped_tied_vote=0, skipped_low_margin=0, skipped_other=0
2026-04-15 04:51:54,901 - => Stage 3 Debug (attack-success): suspicious=4619/5489, correction_applied=4619, prediction_changed=4619, corrected_to_true=4619
2026-04-15 04:51:54,902 - => Stage 2 checkpoint score: mean(clean_acc=0.9297, recall=0.8415, correction_rate=0.8415) = 0.8709
2026-04-15 04:51:54,944 - => End Epoch: 36, early stop epochs: 18, best epoch: 18, best clean acc: 0.9250, best Top-2: 1.0000, best ASR: 0.1387, best RAC: 0.9062, anchor loss: 0.0286, best checkpoint score: 0.8726
2026-04-15 04:51:54,945 - => Stage 3 Detection Summary: recall: 0.8463, precision: 0.8105, f1: 0.8280, false positive rate: 0.0596, correction rate: 0.8463
2026-04-15 04:51:54,981 - => LFBA current anchor-derived target label: 0
2026-04-15 04:51:54,985 - =>Add Trigger to Train Data
2026-04-15 04:51:55,214 - Add Trigger to 7091 Bad Samples, 63826 Clean Samples (0.10)
2026-04-15 04:51:55,220 - => Start Training for Injecting Backdoor...
2026-04-15 04:51:55,258 - Epoch: 37, 1/278: VFL loss: 0.0891, total loss: 0.0581, anchor loss: 0.0272, VFL train accuracy: 0.9570
2026-04-15 04:51:55,550 - Epoch: 37, 11/278: VFL loss: 0.0894, total loss: 0.0577, anchor loss: 0.0260, VFL train accuracy: 0.9648
2026-04-15 04:51:55,798 - Epoch: 37, 21/278: VFL loss: 0.0826, total loss: 0.0542, anchor loss: 0.0258, VFL train accuracy: 0.9680
2026-04-15 04:51:56,065 - Epoch: 37, 31/278: VFL loss: 0.0820, total loss: 0.0535, anchor loss: 0.0251, VFL train accuracy: 0.9689
2026-04-15 04:51:56,318 - Epoch: 37, 41/278: VFL loss: 0.0813, total loss: 0.0535, anchor loss: 0.0257, VFL train accuracy: 0.9705
2026-04-15 04:51:56,606 - Epoch: 37, 51/278: VFL loss: 0.0827, total loss: 0.0543, anchor loss: 0.0259, VFL train accuracy: 0.9701
2026-04-15 04:51:56,884 - Epoch: 37, 61/278: VFL loss: 0.0848, total loss: 0.0555, anchor loss: 0.0261, VFL train accuracy: 0.9695
2026-04-15 04:51:57,177 - Epoch: 37, 71/278: VFL loss: 0.0856, total loss: 0.0560, anchor loss: 0.0263, VFL train accuracy: 0.9690
2026-04-15 04:51:57,445 - Epoch: 37, 81/278: VFL loss: 0.0854, total loss: 0.0558, anchor loss: 0.0262, VFL train accuracy: 0.9691
2026-04-15 04:51:57,714 - Epoch: 37, 91/278: VFL loss: 0.0849, total loss: 0.0556, anchor loss: 0.0262, VFL train accuracy: 0.9688
2026-04-15 04:51:57,987 - Epoch: 37, 101/278: VFL loss: 0.0852, total loss: 0.0557, anchor loss: 0.0262, VFL train accuracy: 0.9687
2026-04-15 04:51:58,248 - Epoch: 37, 111/278: VFL loss: 0.0857, total loss: 0.0559, anchor loss: 0.0262, VFL train accuracy: 0.9689
2026-04-15 04:51:58,520 - Epoch: 37, 121/278: VFL loss: 0.0851, total loss: 0.0556, anchor loss: 0.0260, VFL train accuracy: 0.9692
2026-04-15 04:51:58,776 - Epoch: 37, 131/278: VFL loss: 0.0835, total loss: 0.0547, anchor loss: 0.0259, VFL train accuracy: 0.9699
2026-04-15 04:51:59,065 - Epoch: 37, 141/278: VFL loss: 0.0832, total loss: 0.0546, anchor loss: 0.0259, VFL train accuracy: 0.9698
2026-04-15 04:51:59,326 - Epoch: 37, 151/278: VFL loss: 0.0826, total loss: 0.0542, anchor loss: 0.0258, VFL train accuracy: 0.9700
2026-04-15 04:51:59,591 - Epoch: 37, 161/278: VFL loss: 0.0836, total loss: 0.0548, anchor loss: 0.0259, VFL train accuracy: 0.9697
2026-04-15 04:51:59,851 - Epoch: 37, 171/278: VFL loss: 0.0842, total loss: 0.0550, anchor loss: 0.0259, VFL train accuracy: 0.9693
2026-04-15 04:52:00,121 - Epoch: 37, 181/278: VFL loss: 0.0841, total loss: 0.0550, anchor loss: 0.0258, VFL train accuracy: 0.9694
2026-04-15 04:52:00,366 - Epoch: 37, 191/278: VFL loss: 0.0835, total loss: 0.0546, anchor loss: 0.0258, VFL train accuracy: 0.9696
2026-04-15 04:52:00,644 - Epoch: 37, 201/278: VFL loss: 0.0836, total loss: 0.0547, anchor loss: 0.0258, VFL train accuracy: 0.9695
2026-04-15 04:52:00,933 - Epoch: 37, 211/278: VFL loss: 0.0839, total loss: 0.0548, anchor loss: 0.0257, VFL train accuracy: 0.9695
2026-04-15 04:52:01,219 - Epoch: 37, 221/278: VFL loss: 0.0838, total loss: 0.0548, anchor loss: 0.0257, VFL train accuracy: 0.9696
2026-04-15 04:52:01,496 - Epoch: 37, 231/278: VFL loss: 0.0835, total loss: 0.0546, anchor loss: 0.0256, VFL train accuracy: 0.9697
2026-04-15 04:52:01,749 - Epoch: 37, 241/278: VFL loss: 0.0832, total loss: 0.0544, anchor loss: 0.0257, VFL train accuracy: 0.9698
2026-04-15 04:52:02,024 - Epoch: 37, 251/278: VFL loss: 0.0831, total loss: 0.0544, anchor loss: 0.0256, VFL train accuracy: 0.9696
2026-04-15 04:52:02,264 - Epoch: 37, 261/278: VFL loss: 0.0827, total loss: 0.0541, anchor loss: 0.0256, VFL train accuracy: 0.9698
2026-04-15 04:52:02,532 - Epoch: 37, 271/278: VFL loss: 0.0827, total loss: 0.0542, anchor loss: 0.0256, VFL train accuracy: 0.9698
2026-04-15 04:52:02,724 - => Recorded Stage 2 client anchor losses for epoch 37 to './results/AVGuard/stage3_static_reliability_ablation/PHISHING_static_reliability_on\stage2_final_epoch_client_anchor_losses.json': {0: 0.02511, 1: 0.027274, 2: 0.024315}
2026-04-15 04:52:02,733 - => Stage 2 EMA anchor update applied at epoch 37 with momentum 0.9950: updated classes per client {0: 2, 1: 2, 2: 2}
2026-04-15 04:52:02,733 - => Stage 2 Epoch 37 Training Summary: VFL loss: 0.0824, total loss: 0.0539, anchor loss: 0.0255, VFL train accuracy: 0.9698
2026-04-15 04:52:02,734 - => Test ASR...
2026-04-15 04:52:02,737 - =>Add Trigger to Test Data
2026-04-15 04:52:03,311 - Add Trigger to 6130 Bad Samples, 11600 Clean Samples (1.00)
2026-04-15 04:52:07,188 - => Test Epoch: 37, main task samples: 17730, attack samples: 17730, test loss: 0.1157, clean acc: 0.9302, Top-2: 1.0000, ASR: 0.1452, RAC: 0.9084, test target accuracy: 0.9684, stage3 final accuracy: 0.9302, stage3 final target accuracy: 0.9367, stage3 final asr: 0.1452, anchor loss: 0.0267
2026-04-15 04:52:07,188 - => Stage 3 Detection Summary: recall: 0.8406, precision: 0.8207, f1: 0.8305, false positive rate: 0.0556, correction rate: 0.8406
2026-04-15 04:52:07,188 - => Stage 3 Debug (clean): suspicious=985/17730, correction_applied=980, prediction_changed=980, skipped_tied_vote=0, skipped_low_margin=0, skipped_other=5
2026-04-15 04:52:07,188 - => Stage 3 Debug (poison-valid): suspicious=4613/6130, correction_applied=4613, prediction_changed=4613, skipped_tied_vote=0, skipped_low_margin=0, skipped_other=0
2026-04-15 04:52:07,188 - => Stage 3 Debug (attack-success): suspicious=4594/5465, correction_applied=4594, prediction_changed=4594, corrected_to_true=4594
2026-04-15 04:52:07,190 - => Stage 2 checkpoint score: mean(clean_acc=0.9302, recall=0.8406, correction_rate=0.8406) = 0.8705
2026-04-15 04:52:07,229 - => End Epoch: 37, early stop epochs: 19, best epoch: 18, best clean acc: 0.9250, best Top-2: 1.0000, best ASR: 0.1387, best RAC: 0.9062, anchor loss: 0.0286, best checkpoint score: 0.8726
2026-04-15 04:52:07,229 - => Stage 3 Detection Summary: recall: 0.8463, precision: 0.8105, f1: 0.8280, false positive rate: 0.0596, correction rate: 0.8463
2026-04-15 04:52:07,272 - => LFBA current anchor-derived target label: 0
2026-04-15 04:52:07,275 - =>Add Trigger to Train Data
2026-04-15 04:52:07,498 - Add Trigger to 7091 Bad Samples, 63826 Clean Samples (0.10)
2026-04-15 04:52:07,504 - => Start Training for Injecting Backdoor...
2026-04-15 04:52:07,540 - Epoch: 38, 1/278: VFL loss: 0.0628, total loss: 0.0429, anchor loss: 0.0230, VFL train accuracy: 0.9805
2026-04-15 04:52:07,835 - Epoch: 38, 11/278: VFL loss: 0.0853, total loss: 0.0551, anchor loss: 0.0249, VFL train accuracy: 0.9677
2026-04-15 04:52:08,127 - Epoch: 38, 21/278: VFL loss: 0.0821, total loss: 0.0538, anchor loss: 0.0256, VFL train accuracy: 0.9688
2026-04-15 04:52:08,384 - Epoch: 38, 31/278: VFL loss: 0.0831, total loss: 0.0544, anchor loss: 0.0258, VFL train accuracy: 0.9685
2026-04-15 04:52:08,667 - Epoch: 38, 41/278: VFL loss: 0.0844, total loss: 0.0550, anchor loss: 0.0255, VFL train accuracy: 0.9672
2026-04-15 04:52:08,949 - Epoch: 38, 51/278: VFL loss: 0.0832, total loss: 0.0543, anchor loss: 0.0255, VFL train accuracy: 0.9679
2026-04-15 04:52:09,242 - Epoch: 38, 61/278: VFL loss: 0.0836, total loss: 0.0546, anchor loss: 0.0257, VFL train accuracy: 0.9682
2026-04-15 04:52:09,521 - Epoch: 38, 71/278: VFL loss: 0.0833, total loss: 0.0545, anchor loss: 0.0258, VFL train accuracy: 0.9689
2026-04-15 04:52:09,833 - Epoch: 38, 81/278: VFL loss: 0.0831, total loss: 0.0544, anchor loss: 0.0257, VFL train accuracy: 0.9688
2026-04-15 04:52:10,157 - Epoch: 38, 91/278: VFL loss: 0.0826, total loss: 0.0541, anchor loss: 0.0257, VFL train accuracy: 0.9689
2026-04-15 04:52:10,434 - Epoch: 38, 101/278: VFL loss: 0.0819, total loss: 0.0537, anchor loss: 0.0256, VFL train accuracy: 0.9693
2026-04-15 04:52:10,831 - Epoch: 38, 111/278: VFL loss: 0.0831, total loss: 0.0544, anchor loss: 0.0256, VFL train accuracy: 0.9690
2026-04-15 04:52:11,127 - Epoch: 38, 121/278: VFL loss: 0.0822, total loss: 0.0539, anchor loss: 0.0256, VFL train accuracy: 0.9692
2026-04-15 04:52:11,420 - Epoch: 38, 131/278: VFL loss: 0.0823, total loss: 0.0539, anchor loss: 0.0255, VFL train accuracy: 0.9691
2026-04-15 04:52:11,712 - Epoch: 38, 141/278: VFL loss: 0.0810, total loss: 0.0532, anchor loss: 0.0255, VFL train accuracy: 0.9696
2026-04-15 04:52:11,981 - Epoch: 38, 151/278: VFL loss: 0.0814, total loss: 0.0534, anchor loss: 0.0255, VFL train accuracy: 0.9697
2026-04-15 04:52:12,243 - Epoch: 38, 161/278: VFL loss: 0.0814, total loss: 0.0534, anchor loss: 0.0254, VFL train accuracy: 0.9699
2026-04-15 04:52:12,504 - Epoch: 38, 171/278: VFL loss: 0.0819, total loss: 0.0537, anchor loss: 0.0255, VFL train accuracy: 0.9698
2026-04-15 04:52:12,751 - Epoch: 38, 181/278: VFL loss: 0.0819, total loss: 0.0537, anchor loss: 0.0254, VFL train accuracy: 0.9698
2026-04-15 04:52:13,030 - Epoch: 38, 191/278: VFL loss: 0.0821, total loss: 0.0538, anchor loss: 0.0255, VFL train accuracy: 0.9698
2026-04-15 04:52:13,296 - Epoch: 38, 201/278: VFL loss: 0.0820, total loss: 0.0537, anchor loss: 0.0255, VFL train accuracy: 0.9697
2026-04-15 04:52:13,558 - Epoch: 38, 211/278: VFL loss: 0.0822, total loss: 0.0538, anchor loss: 0.0254, VFL train accuracy: 0.9698
2026-04-15 04:52:13,865 - Epoch: 38, 221/278: VFL loss: 0.0825, total loss: 0.0539, anchor loss: 0.0254, VFL train accuracy: 0.9698
2026-04-15 04:52:14,132 - Epoch: 38, 231/278: VFL loss: 0.0821, total loss: 0.0537, anchor loss: 0.0254, VFL train accuracy: 0.9699
2026-04-15 04:52:14,403 - Epoch: 38, 241/278: VFL loss: 0.0822, total loss: 0.0538, anchor loss: 0.0254, VFL train accuracy: 0.9698
2026-04-15 04:52:14,682 - Epoch: 38, 251/278: VFL loss: 0.0822, total loss: 0.0538, anchor loss: 0.0254, VFL train accuracy: 0.9700
2026-04-15 04:52:14,958 - Epoch: 38, 261/278: VFL loss: 0.0827, total loss: 0.0541, anchor loss: 0.0255, VFL train accuracy: 0.9698
2026-04-15 04:52:15,233 - Epoch: 38, 271/278: VFL loss: 0.0827, total loss: 0.0541, anchor loss: 0.0255, VFL train accuracy: 0.9699
2026-04-15 04:52:15,487 - => Recorded Stage 2 client anchor losses for epoch 38 to './results/AVGuard/stage3_static_reliability_ablation/PHISHING_static_reliability_on\stage2_final_epoch_client_anchor_losses.json': {0: 0.025047, 1: 0.027146, 2: 0.024208}
2026-04-15 04:52:15,495 - => Stage 2 EMA anchor update applied at epoch 38 with momentum 0.9950: updated classes per client {0: 2, 1: 2, 2: 2}
2026-04-15 04:52:15,496 - => Stage 2 Epoch 38 Training Summary: VFL loss: 0.0823, total loss: 0.0539, anchor loss: 0.0255, VFL train accuracy: 0.9699
2026-04-15 04:52:15,496 - => Test ASR...
2026-04-15 04:52:15,499 - =>Add Trigger to Test Data
2026-04-15 04:52:16,081 - Add Trigger to 6130 Bad Samples, 11600 Clean Samples (1.00)
2026-04-15 04:52:19,894 - => Test Epoch: 38, main task samples: 17730, attack samples: 17730, test loss: 0.1154, clean acc: 0.9306, Top-2: 1.0000, ASR: 0.1515, RAC: 0.9075, test target accuracy: 0.9674, stage3 final accuracy: 0.9306, stage3 final target accuracy: 0.9387, stage3 final asr: 0.1515, anchor loss: 0.0267
2026-04-15 04:52:19,895 - => Stage 3 Detection Summary: recall: 0.8343, precision: 0.8209, f1: 0.8275, false positive rate: 0.0557, correction rate: 0.8343
2026-04-15 04:52:19,895 - => Stage 3 Debug (clean): suspicious=987/17730, correction_applied=985, prediction_changed=985, skipped_tied_vote=0, skipped_low_margin=0, skipped_other=2
2026-04-15 04:52:19,895 - => Stage 3 Debug (poison-valid): suspicious=4612/6130, correction_applied=4612, prediction_changed=4612, skipped_tied_vote=0, skipped_low_margin=0, skipped_other=0
2026-04-15 04:52:19,895 - => Stage 3 Debug (attack-success): suspicious=4596/5509, correction_applied=4596, prediction_changed=4596, corrected_to_true=4596
2026-04-15 04:52:19,895 - => Stage 2 checkpoint score: mean(clean_acc=0.9306, recall=0.8343, correction_rate=0.8343) = 0.8664
2026-04-15 04:52:19,936 - => End Epoch: 38, early stop epochs: 20, best epoch: 18, best clean acc: 0.9250, best Top-2: 1.0000, best ASR: 0.1387, best RAC: 0.9062, anchor loss: 0.0286, best checkpoint score: 0.8726
2026-04-15 04:52:19,936 - => Stage 3 Detection Summary: recall: 0.8463, precision: 0.8105, f1: 0.8280, false positive rate: 0.0596, correction rate: 0.8463
2026-04-15 04:52:19,976 - => LFBA current anchor-derived target label: 0
2026-04-15 04:52:19,980 - =>Add Trigger to Train Data
2026-04-15 04:52:20,207 - Add Trigger to 7091 Bad Samples, 63826 Clean Samples (0.10)
2026-04-15 04:52:20,213 - => Start Training for Injecting Backdoor...
2026-04-15 04:52:20,246 - Epoch: 39, 1/278: VFL loss: 0.0592, total loss: 0.0405, anchor loss: 0.0217, VFL train accuracy: 0.9805
2026-04-15 04:52:20,515 - Epoch: 39, 11/278: VFL loss: 0.0760, total loss: 0.0506, anchor loss: 0.0252, VFL train accuracy: 0.9748
2026-04-15 04:52:20,761 - Epoch: 39, 21/278: VFL loss: 0.0775, total loss: 0.0509, anchor loss: 0.0243, VFL train accuracy: 0.9723
2026-04-15 04:52:21,031 - Epoch: 39, 31/278: VFL loss: 0.0809, total loss: 0.0528, anchor loss: 0.0247, VFL train accuracy: 0.9696
2026-04-15 04:52:21,305 - Epoch: 39, 41/278: VFL loss: 0.0808, total loss: 0.0528, anchor loss: 0.0247, VFL train accuracy: 0.9697
2026-04-15 04:52:21,577 - Epoch: 39, 51/278: VFL loss: 0.0797, total loss: 0.0522, anchor loss: 0.0248, VFL train accuracy: 0.9699
2026-04-15 04:52:21,843 - Epoch: 39, 61/278: VFL loss: 0.0805, total loss: 0.0528, anchor loss: 0.0251, VFL train accuracy: 0.9697
2026-04-15 04:52:22,122 - Epoch: 39, 71/278: VFL loss: 0.0802, total loss: 0.0526, anchor loss: 0.0250, VFL train accuracy: 0.9700
2026-04-15 04:52:22,379 - Epoch: 39, 81/278: VFL loss: 0.0814, total loss: 0.0533, anchor loss: 0.0252, VFL train accuracy: 0.9697
2026-04-15 04:52:22,652 - Epoch: 39, 91/278: VFL loss: 0.0823, total loss: 0.0538, anchor loss: 0.0253, VFL train accuracy: 0.9694
2026-04-15 04:52:22,914 - Epoch: 39, 101/278: VFL loss: 0.0821, total loss: 0.0537, anchor loss: 0.0252, VFL train accuracy: 0.9697
2026-04-15 04:52:23,179 - Epoch: 39, 111/278: VFL loss: 0.0821, total loss: 0.0536, anchor loss: 0.0252, VFL train accuracy: 0.9701
2026-04-15 04:52:23,437 - Epoch: 39, 121/278: VFL loss: 0.0820, total loss: 0.0537, anchor loss: 0.0253, VFL train accuracy: 0.9699
2026-04-15 04:52:23,733 - Epoch: 39, 131/278: VFL loss: 0.0818, total loss: 0.0536, anchor loss: 0.0254, VFL train accuracy: 0.9701
2026-04-15 04:52:24,037 - Epoch: 39, 141/278: VFL loss: 0.0813, total loss: 0.0533, anchor loss: 0.0253, VFL train accuracy: 0.9703
2026-04-15 04:52:24,299 - Epoch: 39, 151/278: VFL loss: 0.0812, total loss: 0.0533, anchor loss: 0.0253, VFL train accuracy: 0.9702
2026-04-15 04:52:24,574 - Epoch: 39, 161/278: VFL loss: 0.0811, total loss: 0.0531, anchor loss: 0.0252, VFL train accuracy: 0.9703
2026-04-15 04:52:24,848 - Epoch: 39, 171/278: VFL loss: 0.0814, total loss: 0.0533, anchor loss: 0.0253, VFL train accuracy: 0.9701
2026-04-15 04:52:25,118 - Epoch: 39, 181/278: VFL loss: 0.0814, total loss: 0.0534, anchor loss: 0.0253, VFL train accuracy: 0.9699
2026-04-15 04:52:25,376 - Epoch: 39, 191/278: VFL loss: 0.0819, total loss: 0.0537, anchor loss: 0.0254, VFL train accuracy: 0.9697
2026-04-15 04:52:25,664 - Epoch: 39, 201/278: VFL loss: 0.0818, total loss: 0.0536, anchor loss: 0.0254, VFL train accuracy: 0.9697
2026-04-15 04:52:25,946 - Epoch: 39, 211/278: VFL loss: 0.0821, total loss: 0.0538, anchor loss: 0.0255, VFL train accuracy: 0.9695
2026-04-15 04:52:26,241 - Epoch: 39, 221/278: VFL loss: 0.0825, total loss: 0.0540, anchor loss: 0.0254, VFL train accuracy: 0.9693
2026-04-15 04:52:26,525 - Epoch: 39, 231/278: VFL loss: 0.0821, total loss: 0.0537, anchor loss: 0.0254, VFL train accuracy: 0.9696
2026-04-15 04:52:26,784 - Epoch: 39, 241/278: VFL loss: 0.0822, total loss: 0.0538, anchor loss: 0.0254, VFL train accuracy: 0.9696
2026-04-15 04:52:27,075 - Epoch: 39, 251/278: VFL loss: 0.0828, total loss: 0.0541, anchor loss: 0.0255, VFL train accuracy: 0.9695
2026-04-15 04:52:27,365 - Epoch: 39, 261/278: VFL loss: 0.0827, total loss: 0.0541, anchor loss: 0.0255, VFL train accuracy: 0.9696
2026-04-15 04:52:27,672 - Epoch: 39, 271/278: VFL loss: 0.0828, total loss: 0.0541, anchor loss: 0.0254, VFL train accuracy: 0.9697
2026-04-15 04:52:27,908 - => Recorded Stage 2 client anchor losses for epoch 39 to './results/AVGuard/stage3_static_reliability_ablation/PHISHING_static_reliability_on\stage2_final_epoch_client_anchor_losses.json': {0: 0.025006, 1: 0.027093, 2: 0.02424}
2026-04-15 04:52:27,921 - => Stage 2 EMA anchor update applied at epoch 39 with momentum 0.9950: updated classes per client {0: 2, 1: 2, 2: 2}
2026-04-15 04:52:27,921 - => Stage 2 Epoch 39 Training Summary: VFL loss: 0.0825, total loss: 0.0539, anchor loss: 0.0254, VFL train accuracy: 0.9697
2026-04-15 04:52:27,922 - => Test ASR...
2026-04-15 04:52:27,925 - =>Add Trigger to Test Data
2026-04-15 04:52:28,513 - Add Trigger to 6130 Bad Samples, 11600 Clean Samples (1.00)
2026-04-15 04:52:32,389 - => Test Epoch: 39, main task samples: 17730, attack samples: 17730, test loss: 0.1157, clean acc: 0.9298, Top-2: 1.0000, ASR: 0.1460, RAC: 0.9074, test target accuracy: 0.9664, stage3 final accuracy: 0.9298, stage3 final target accuracy: 0.9356, stage3 final asr: 0.1460, anchor loss: 0.0266
2026-04-15 04:52:32,391 - => Stage 3 Detection Summary: recall: 0.8402, precision: 0.8201, f1: 0.8300, false positive rate: 0.0565, correction rate: 0.8400
2026-04-15 04:52:32,391 - => Stage 3 Debug (clean): suspicious=1001/17730, correction_applied=997, prediction_changed=997, skipped_tied_vote=0, skipped_low_margin=0, skipped_other=4
2026-04-15 04:52:32,391 - => Stage 3 Debug (poison-valid): suspicious=4640/6130, correction_applied=4639, prediction_changed=4639, skipped_tied_vote=0, skipped_low_margin=0, skipped_other=1
2026-04-15 04:52:32,391 - => Stage 3 Debug (attack-success): suspicious=4626/5506, correction_applied=4625, prediction_changed=4625, corrected_to_true=4625
2026-04-15 04:52:32,391 - => Stage 2 checkpoint score: mean(clean_acc=0.9298, recall=0.8402, correction_rate=0.8400) = 0.8700
2026-04-15 04:52:32,432 - => End Epoch: 39, early stop epochs: 21, best epoch: 18, best clean acc: 0.9250, best Top-2: 1.0000, best ASR: 0.1387, best RAC: 0.9062, anchor loss: 0.0286, best checkpoint score: 0.8726
2026-04-15 04:52:32,432 - => Stage 3 Detection Summary: recall: 0.8463, precision: 0.8105, f1: 0.8280, false positive rate: 0.0596, correction rate: 0.8463
2026-04-15 04:52:32,476 - => LFBA current anchor-derived target label: 0
2026-04-15 04:52:32,479 - =>Add Trigger to Train Data
2026-04-15 04:52:32,697 - Add Trigger to 7091 Bad Samples, 63826 Clean Samples (0.10)
2026-04-15 04:52:32,703 - => Start Training for Injecting Backdoor...
2026-04-15 04:52:32,739 - Epoch: 40, 1/278: VFL loss: 0.1131, total loss: 0.0693, anchor loss: 0.0254, VFL train accuracy: 0.9766
2026-04-15 04:52:33,028 - Epoch: 40, 11/278: VFL loss: 0.0792, total loss: 0.0513, anchor loss: 0.0234, VFL train accuracy: 0.9705
2026-04-15 04:52:33,283 - Epoch: 40, 21/278: VFL loss: 0.0736, total loss: 0.0487, anchor loss: 0.0237, VFL train accuracy: 0.9719
2026-04-15 04:52:33,553 - Epoch: 40, 31/278: VFL loss: 0.0769, total loss: 0.0504, anchor loss: 0.0240, VFL train accuracy: 0.9719
2026-04-15 04:52:33,853 - Epoch: 40, 41/278: VFL loss: 0.0800, total loss: 0.0522, anchor loss: 0.0243, VFL train accuracy: 0.9708
2026-04-15 04:52:34,119 - Epoch: 40, 51/278: VFL loss: 0.0808, total loss: 0.0527, anchor loss: 0.0245, VFL train accuracy: 0.9710
2026-04-15 04:52:34,383 - Epoch: 40, 61/278: VFL loss: 0.0815, total loss: 0.0532, anchor loss: 0.0248, VFL train accuracy: 0.9704
2026-04-15 04:52:34,650 - Epoch: 40, 71/278: VFL loss: 0.0803, total loss: 0.0524, anchor loss: 0.0245, VFL train accuracy: 0.9710
2026-04-15 04:52:34,926 - Epoch: 40, 81/278: VFL loss: 0.0810, total loss: 0.0528, anchor loss: 0.0247, VFL train accuracy: 0.9706
2026-04-15 04:52:35,178 - Epoch: 40, 91/278: VFL loss: 0.0823, total loss: 0.0536, anchor loss: 0.0249, VFL train accuracy: 0.9697
2026-04-15 04:52:35,440 - Epoch: 40, 101/278: VFL loss: 0.0823, total loss: 0.0536, anchor loss: 0.0249, VFL train accuracy: 0.9699
2026-04-15 04:52:35,705 - Epoch: 40, 111/278: VFL loss: 0.0818, total loss: 0.0533, anchor loss: 0.0249, VFL train accuracy: 0.9704
2026-04-15 04:52:36,007 - Epoch: 40, 121/278: VFL loss: 0.0823, total loss: 0.0536, anchor loss: 0.0249, VFL train accuracy: 0.9701
2026-04-15 04:52:36,296 - Epoch: 40, 131/278: VFL loss: 0.0821, total loss: 0.0535, anchor loss: 0.0249, VFL train accuracy: 0.9703
2026-04-15 04:52:36,555 - Epoch: 40, 141/278: VFL loss: 0.0822, total loss: 0.0536, anchor loss: 0.0249, VFL train accuracy: 0.9703
2026-04-15 04:52:36,837 - Epoch: 40, 151/278: VFL loss: 0.0822, total loss: 0.0536, anchor loss: 0.0249, VFL train accuracy: 0.9699
2026-04-15 04:52:37,121 - Epoch: 40, 161/278: VFL loss: 0.0814, total loss: 0.0531, anchor loss: 0.0249, VFL train accuracy: 0.9704
2026-04-15 04:52:37,387 - Epoch: 40, 171/278: VFL loss: 0.0814, total loss: 0.0532, anchor loss: 0.0250, VFL train accuracy: 0.9702
2026-04-15 04:52:37,627 - Epoch: 40, 181/278: VFL loss: 0.0818, total loss: 0.0535, anchor loss: 0.0251, VFL train accuracy: 0.9700
2026-04-15 04:52:37,886 - Epoch: 40, 191/278: VFL loss: 0.0815, total loss: 0.0533, anchor loss: 0.0251, VFL train accuracy: 0.9701
2026-04-15 04:52:38,153 - Epoch: 40, 201/278: VFL loss: 0.0820, total loss: 0.0536, anchor loss: 0.0252, VFL train accuracy: 0.9696
2026-04-15 04:52:38,420 - Epoch: 40, 211/278: VFL loss: 0.0823, total loss: 0.0538, anchor loss: 0.0252, VFL train accuracy: 0.9695
2026-04-15 04:52:38,826 - Epoch: 40, 221/278: VFL loss: 0.0823, total loss: 0.0538, anchor loss: 0.0253, VFL train accuracy: 0.9696
2026-04-15 04:52:39,091 - Epoch: 40, 231/278: VFL loss: 0.0819, total loss: 0.0536, anchor loss: 0.0252, VFL train accuracy: 0.9697
2026-04-15 04:52:39,350 - Epoch: 40, 241/278: VFL loss: 0.0819, total loss: 0.0536, anchor loss: 0.0253, VFL train accuracy: 0.9697
2026-04-15 04:52:39,614 - Epoch: 40, 251/278: VFL loss: 0.0822, total loss: 0.0538, anchor loss: 0.0254, VFL train accuracy: 0.9697
2026-04-15 04:52:39,884 - Epoch: 40, 261/278: VFL loss: 0.0820, total loss: 0.0537, anchor loss: 0.0253, VFL train accuracy: 0.9697
2026-04-15 04:52:40,143 - Epoch: 40, 271/278: VFL loss: 0.0821, total loss: 0.0537, anchor loss: 0.0253, VFL train accuracy: 0.9696
2026-04-15 04:52:40,354 - => Recorded Stage 2 client anchor losses for epoch 40 to './results/AVGuard/stage3_static_reliability_ablation/PHISHING_static_reliability_on\stage2_final_epoch_client_anchor_losses.json': {0: 0.024948, 1: 0.027019, 2: 0.024119}
2026-04-15 04:52:40,368 - => Stage 2 EMA anchor update applied at epoch 40 with momentum 0.9950: updated classes per client {0: 2, 1: 2, 2: 2}
2026-04-15 04:52:40,368 - => Stage 2 Epoch 40 Training Summary: VFL loss: 0.0821, total loss: 0.0537, anchor loss: 0.0254, VFL train accuracy: 0.9695
2026-04-15 04:52:40,368 - => Test ASR...
2026-04-15 04:52:40,372 - =>Add Trigger to Test Data
2026-04-15 04:52:40,904 - Add Trigger to 6130 Bad Samples, 11600 Clean Samples (1.00)
2026-04-15 04:52:44,680 - => Test Epoch: 40, main task samples: 17730, attack samples: 17730, test loss: 0.1154, clean acc: 0.9318, Top-2: 1.0000, ASR: 0.1543, RAC: 0.9083, test target accuracy: 0.9724, stage3 final accuracy: 0.9318, stage3 final target accuracy: 0.9415, stage3 final asr: 0.1543, anchor loss: 0.0265
2026-04-15 04:52:44,680 - => Stage 3 Detection Summary: recall: 0.8311, precision: 0.8268, f1: 0.8289, false positive rate: 0.0531, correction rate: 0.8311
2026-04-15 04:52:44,680 - => Stage 3 Debug (clean): suspicious=941/17730, correction_applied=941, prediction_changed=941, skipped_tied_vote=0, skipped_low_margin=0, skipped_other=0
2026-04-15 04:52:44,680 - => Stage 3 Debug (poison-valid): suspicious=4589/6130, correction_applied=4589, prediction_changed=4589, skipped_tied_vote=0, skipped_low_margin=0, skipped_other=0
2026-04-15 04:52:44,680 - => Stage 3 Debug (attack-success): suspicious=4572/5501, correction_applied=4572, prediction_changed=4572, corrected_to_true=4572
2026-04-15 04:52:44,680 - => Stage 2 checkpoint score: mean(clean_acc=0.9318, recall=0.8311, correction_rate=0.8311) = 0.8647
2026-04-15 04:52:44,726 - => End Epoch: 40, early stop epochs: 22, best epoch: 18, best clean acc: 0.9250, best Top-2: 1.0000, best ASR: 0.1387, best RAC: 0.9062, anchor loss: 0.0286, best checkpoint score: 0.8726
2026-04-15 04:52:44,727 - => Stage 3 Detection Summary: recall: 0.8463, precision: 0.8105, f1: 0.8280, false positive rate: 0.0596, correction rate: 0.8463
2026-04-15 04:52:44,767 - => LFBA current anchor-derived target label: 0
2026-04-15 04:52:44,771 - =>Add Trigger to Train Data
2026-04-15 04:52:45,001 - Add Trigger to 7091 Bad Samples, 63826 Clean Samples (0.10)
2026-04-15 04:52:45,007 - => Start Training for Injecting Backdoor...
2026-04-15 04:52:45,042 - Epoch: 41, 1/278: VFL loss: 0.0636, total loss: 0.0441, anchor loss: 0.0246, VFL train accuracy: 0.9805
2026-04-15 04:52:45,329 - Epoch: 41, 11/278: VFL loss: 0.0841, total loss: 0.0552, anchor loss: 0.0263, VFL train accuracy: 0.9709
2026-04-15 04:52:45,618 - Epoch: 41, 21/278: VFL loss: 0.0844, total loss: 0.0551, anchor loss: 0.0257, VFL train accuracy: 0.9695
2026-04-15 04:52:45,865 - Epoch: 41, 31/278: VFL loss: 0.0853, total loss: 0.0556, anchor loss: 0.0258, VFL train accuracy: 0.9696
2026-04-15 04:52:46,124 - Epoch: 41, 41/278: VFL loss: 0.0841, total loss: 0.0549, anchor loss: 0.0256, VFL train accuracy: 0.9699
2026-04-15 04:52:46,399 - Epoch: 41, 51/278: VFL loss: 0.0828, total loss: 0.0541, anchor loss: 0.0255, VFL train accuracy: 0.9704
2026-04-15 04:52:46,665 - Epoch: 41, 61/278: VFL loss: 0.0828, total loss: 0.0541, anchor loss: 0.0254, VFL train accuracy: 0.9703
2026-04-15 04:52:46,927 - Epoch: 41, 71/278: VFL loss: 0.0817, total loss: 0.0536, anchor loss: 0.0255, VFL train accuracy: 0.9703
2026-04-15 04:52:47,222 - Epoch: 41, 81/278: VFL loss: 0.0830, total loss: 0.0543, anchor loss: 0.0256, VFL train accuracy: 0.9698
2026-04-15 04:52:47,511 - Epoch: 41, 91/278: VFL loss: 0.0810, total loss: 0.0533, anchor loss: 0.0255, VFL train accuracy: 0.9701
2026-04-15 04:52:47,767 - Epoch: 41, 101/278: VFL loss: 0.0802, total loss: 0.0529, anchor loss: 0.0255, VFL train accuracy: 0.9701
2026-04-15 04:52:48,036 - Epoch: 41, 111/278: VFL loss: 0.0804, total loss: 0.0530, anchor loss: 0.0256, VFL train accuracy: 0.9699
2026-04-15 04:52:48,308 - Epoch: 41, 121/278: VFL loss: 0.0811, total loss: 0.0533, anchor loss: 0.0256, VFL train accuracy: 0.9697
2026-04-15 04:52:48,603 - Epoch: 41, 131/278: VFL loss: 0.0813, total loss: 0.0533, anchor loss: 0.0254, VFL train accuracy: 0.9698
2026-04-15 04:52:48,904 - Epoch: 41, 141/278: VFL loss: 0.0831, total loss: 0.0543, anchor loss: 0.0255, VFL train accuracy: 0.9691
2026-04-15 04:52:49,174 - Epoch: 41, 151/278: VFL loss: 0.0825, total loss: 0.0540, anchor loss: 0.0254, VFL train accuracy: 0.9694
2026-04-15 04:52:49,463 - Epoch: 41, 161/278: VFL loss: 0.0822, total loss: 0.0538, anchor loss: 0.0253, VFL train accuracy: 0.9693
2026-04-15 04:52:49,753 - Epoch: 41, 171/278: VFL loss: 0.0824, total loss: 0.0538, anchor loss: 0.0252, VFL train accuracy: 0.9695
2026-04-15 04:52:50,033 - Epoch: 41, 181/278: VFL loss: 0.0828, total loss: 0.0540, anchor loss: 0.0253, VFL train accuracy: 0.9693
2026-04-15 04:52:50,285 - Epoch: 41, 191/278: VFL loss: 0.0821, total loss: 0.0536, anchor loss: 0.0252, VFL train accuracy: 0.9695
2026-04-15 04:52:50,570 - Epoch: 41, 201/278: VFL loss: 0.0821, total loss: 0.0537, anchor loss: 0.0252, VFL train accuracy: 0.9695
2026-04-15 04:52:50,873 - Epoch: 41, 211/278: VFL loss: 0.0824, total loss: 0.0538, anchor loss: 0.0253, VFL train accuracy: 0.9696
2026-04-15 04:52:51,146 - Epoch: 41, 221/278: VFL loss: 0.0818, total loss: 0.0535, anchor loss: 0.0252, VFL train accuracy: 0.9699
2026-04-15 04:52:51,425 - Epoch: 41, 231/278: VFL loss: 0.0818, total loss: 0.0535, anchor loss: 0.0252, VFL train accuracy: 0.9699
2026-04-15 04:52:51,760 - Epoch: 41, 241/278: VFL loss: 0.0813, total loss: 0.0532, anchor loss: 0.0252, VFL train accuracy: 0.9702
2026-04-15 04:52:52,035 - Epoch: 41, 251/278: VFL loss: 0.0810, total loss: 0.0531, anchor loss: 0.0251, VFL train accuracy: 0.9703
2026-04-15 04:52:52,291 - Epoch: 41, 261/278: VFL loss: 0.0809, total loss: 0.0530, anchor loss: 0.0252, VFL train accuracy: 0.9704
2026-04-15 04:52:52,572 - Epoch: 41, 271/278: VFL loss: 0.0819, total loss: 0.0536, anchor loss: 0.0253, VFL train accuracy: 0.9700
2026-04-15 04:52:52,782 - => Recorded Stage 2 client anchor losses for epoch 41 to './results/AVGuard/stage3_static_reliability_ablation/PHISHING_static_reliability_on\stage2_final_epoch_client_anchor_losses.json': {0: 0.024872, 1: 0.026868, 2: 0.024082}
2026-04-15 04:52:52,788 - => Stage 2 EMA anchor update applied at epoch 41 with momentum 0.9950: updated classes per client {0: 2, 1: 2, 2: 2}
2026-04-15 04:52:52,788 - => Stage 2 Epoch 41 Training Summary: VFL loss: 0.0817, total loss: 0.0535, anchor loss: 0.0252, VFL train accuracy: 0.9700
2026-04-15 04:52:52,788 - => Test ASR...
2026-04-15 04:52:52,791 - =>Add Trigger to Test Data
2026-04-15 04:52:53,338 - Add Trigger to 6130 Bad Samples, 11600 Clean Samples (1.00)
2026-04-15 04:52:57,114 - => Test Epoch: 41, main task samples: 17730, attack samples: 17730, test loss: 0.1152, clean acc: 0.9304, Top-2: 1.0000, ASR: 0.1486, RAC: 0.9077, test target accuracy: 0.9679, stage3 final accuracy: 0.9304, stage3 final target accuracy: 0.9374, stage3 final asr: 0.1486, anchor loss: 0.0264
2026-04-15 04:52:57,114 - => Stage 3 Detection Summary: recall: 0.8373, precision: 0.8221, f1: 0.8296, false positive rate: 0.0551, correction rate: 0.8371
2026-04-15 04:52:57,116 - => Stage 3 Debug (clean): suspicious=977/17730, correction_applied=976, prediction_changed=976, skipped_tied_vote=0, skipped_low_margin=0, skipped_other=1
2026-04-15 04:52:57,116 - => Stage 3 Debug (poison-valid): suspicious=4611/6130, correction_applied=4610, prediction_changed=4610, skipped_tied_vote=0, skipped_low_margin=0, skipped_other=1
2026-04-15 04:52:57,116 - => Stage 3 Debug (attack-success): suspicious=4594/5487, correction_applied=4593, prediction_changed=4593, corrected_to_true=4593
2026-04-15 04:52:57,116 - => Stage 2 checkpoint score: mean(clean_acc=0.9304, recall=0.8373, correction_rate=0.8371) = 0.8682
2026-04-15 04:52:57,159 - => End Epoch: 41, early stop epochs: 23, best epoch: 18, best clean acc: 0.9250, best Top-2: 1.0000, best ASR: 0.1387, best RAC: 0.9062, anchor loss: 0.0286, best checkpoint score: 0.8726
2026-04-15 04:52:57,160 - => Stage 3 Detection Summary: recall: 0.8463, precision: 0.8105, f1: 0.8280, false positive rate: 0.0596, correction rate: 0.8463
2026-04-15 04:52:57,202 - => LFBA current anchor-derived target label: 0
2026-04-15 04:52:57,205 - =>Add Trigger to Train Data
2026-04-15 04:52:57,442 - Add Trigger to 7091 Bad Samples, 63826 Clean Samples (0.10)
2026-04-15 04:52:57,448 - => Start Training for Injecting Backdoor...
2026-04-15 04:52:57,489 - Epoch: 42, 1/278: VFL loss: 0.0933, total loss: 0.0587, anchor loss: 0.0241, VFL train accuracy: 0.9609
2026-04-15 04:52:57,784 - Epoch: 42, 11/278: VFL loss: 0.0800, total loss: 0.0528, anchor loss: 0.0257, VFL train accuracy: 0.9688
2026-04-15 04:52:58,065 - Epoch: 42, 21/278: VFL loss: 0.0841, total loss: 0.0548, anchor loss: 0.0255, VFL train accuracy: 0.9702
2026-04-15 04:52:58,308 - Epoch: 42, 31/278: VFL loss: 0.0835, total loss: 0.0545, anchor loss: 0.0255, VFL train accuracy: 0.9688
2026-04-15 04:52:58,577 - Epoch: 42, 41/278: VFL loss: 0.0834, total loss: 0.0545, anchor loss: 0.0256, VFL train accuracy: 0.9691
2026-04-15 04:52:58,847 - Epoch: 42, 51/278: VFL loss: 0.0838, total loss: 0.0548, anchor loss: 0.0259, VFL train accuracy: 0.9691
2026-04-15 04:52:59,110 - Epoch: 42, 61/278: VFL loss: 0.0840, total loss: 0.0549, anchor loss: 0.0258, VFL train accuracy: 0.9688
2026-04-15 04:52:59,395 - Epoch: 42, 71/278: VFL loss: 0.0845, total loss: 0.0552, anchor loss: 0.0259, VFL train accuracy: 0.9686
2026-04-15 04:52:59,657 - Epoch: 42, 81/278: VFL loss: 0.0833, total loss: 0.0545, anchor loss: 0.0256, VFL train accuracy: 0.9694
2026-04-15 04:52:59,941 - Epoch: 42, 91/278: VFL loss: 0.0819, total loss: 0.0536, anchor loss: 0.0254, VFL train accuracy: 0.9697
2026-04-15 04:53:00,233 - Epoch: 42, 101/278: VFL loss: 0.0825, total loss: 0.0539, anchor loss: 0.0253, VFL train accuracy: 0.9696
2026-04-15 04:53:00,513 - Epoch: 42, 111/278: VFL loss: 0.0819, total loss: 0.0536, anchor loss: 0.0253, VFL train accuracy: 0.9699
2026-04-15 04:53:00,753 - Epoch: 42, 121/278: VFL loss: 0.0814, total loss: 0.0533, anchor loss: 0.0251, VFL train accuracy: 0.9699
2026-04-15 04:53:01,043 - Epoch: 42, 131/278: VFL loss: 0.0806, total loss: 0.0528, anchor loss: 0.0249, VFL train accuracy: 0.9703
2026-04-15 04:53:01,315 - Epoch: 42, 141/278: VFL loss: 0.0802, total loss: 0.0525, anchor loss: 0.0249, VFL train accuracy: 0.9704
2026-04-15 04:53:01,573 - Epoch: 42, 151/278: VFL loss: 0.0803, total loss: 0.0526, anchor loss: 0.0249, VFL train accuracy: 0.9706
2026-04-15 04:53:01,832 - Epoch: 42, 161/278: VFL loss: 0.0809, total loss: 0.0530, anchor loss: 0.0251, VFL train accuracy: 0.9700
2026-04-15 04:53:02,118 - Epoch: 42, 171/278: VFL loss: 0.0812, total loss: 0.0531, anchor loss: 0.0251, VFL train accuracy: 0.9703
2026-04-15 04:53:02,367 - Epoch: 42, 181/278: VFL loss: 0.0813, total loss: 0.0532, anchor loss: 0.0250, VFL train accuracy: 0.9700
2026-04-15 04:53:02,621 - Epoch: 42, 191/278: VFL loss: 0.0811, total loss: 0.0530, anchor loss: 0.0250, VFL train accuracy: 0.9701
2026-04-15 04:53:02,906 - Epoch: 42, 201/278: VFL loss: 0.0808, total loss: 0.0529, anchor loss: 0.0250, VFL train accuracy: 0.9701
2026-04-15 04:53:03,170 - Epoch: 42, 211/278: VFL loss: 0.0805, total loss: 0.0528, anchor loss: 0.0250, VFL train accuracy: 0.9703
2026-04-15 04:53:03,413 - Epoch: 42, 221/278: VFL loss: 0.0812, total loss: 0.0532, anchor loss: 0.0251, VFL train accuracy: 0.9701
2026-04-15 04:53:03,664 - Epoch: 42, 231/278: VFL loss: 0.0817, total loss: 0.0534, anchor loss: 0.0252, VFL train accuracy: 0.9701
2026-04-15 04:53:03,952 - Epoch: 42, 241/278: VFL loss: 0.0817, total loss: 0.0535, anchor loss: 0.0252, VFL train accuracy: 0.9700
2026-04-15 04:53:04,223 - Epoch: 42, 251/278: VFL loss: 0.0815, total loss: 0.0533, anchor loss: 0.0252, VFL train accuracy: 0.9701
2026-04-15 04:53:04,479 - Epoch: 42, 261/278: VFL loss: 0.0810, total loss: 0.0531, anchor loss: 0.0252, VFL train accuracy: 0.9703
2026-04-15 04:53:04,793 - Epoch: 42, 271/278: VFL loss: 0.0808, total loss: 0.0529, anchor loss: 0.0251, VFL train accuracy: 0.9703
2026-04-15 04:53:05,027 - => Recorded Stage 2 client anchor losses for epoch 42 to './results/AVGuard/stage3_static_reliability_ablation/PHISHING_static_reliability_on\stage2_final_epoch_client_anchor_losses.json': {0: 0.024818, 1: 0.026783, 2: 0.023923}
2026-04-15 04:53:05,037 - => Stage 2 EMA anchor update applied at epoch 42 with momentum 0.9950: updated classes per client {0: 2, 1: 2, 2: 2}
2026-04-15 04:53:05,037 - => Stage 2 Epoch 42 Training Summary: VFL loss: 0.0822, total loss: 0.0537, anchor loss: 0.0253, VFL train accuracy: 0.9703
2026-04-15 04:53:05,037 - => Test ASR...
2026-04-15 04:53:05,041 - =>Add Trigger to Test Data
2026-04-15 04:53:05,584 - Add Trigger to 6130 Bad Samples, 11600 Clean Samples (1.00)
2026-04-15 04:53:09,478 - => Test Epoch: 42, main task samples: 17730, attack samples: 17730, test loss: 0.1151, clean acc: 0.9303, Top-2: 1.0000, ASR: 0.1488, RAC: 0.9076, test target accuracy: 0.9686, stage3 final accuracy: 0.9303, stage3 final target accuracy: 0.9373, stage3 final asr: 0.1488, anchor loss: 0.0264
2026-04-15 04:53:09,479 - => Stage 3 Detection Summary: recall: 0.8374, precision: 0.8222, f1: 0.8297, false positive rate: 0.0552, correction rate: 0.8371
2026-04-15 04:53:09,479 - => Stage 3 Debug (clean): suspicious=978/17730, correction_applied=975, prediction_changed=975, skipped_tied_vote=0, skipped_low_margin=0, skipped_other=3
2026-04-15 04:53:09,479 - => Stage 3 Debug (poison-valid): suspicious=4617/6130, correction_applied=4615, prediction_changed=4615, skipped_tied_vote=0, skipped_low_margin=0, skipped_other=2
2026-04-15 04:53:09,479 - => Stage 3 Debug (attack-success): suspicious=4600/5493, correction_applied=4598, prediction_changed=4598, corrected_to_true=4598
2026-04-15 04:53:09,479 - => Stage 2 checkpoint score: mean(clean_acc=0.9303, recall=0.8374, correction_rate=0.8371) = 0.8683
2026-04-15 04:53:09,518 - => End Epoch: 42, early stop epochs: 24, best epoch: 18, best clean acc: 0.9250, best Top-2: 1.0000, best ASR: 0.1387, best RAC: 0.9062, anchor loss: 0.0286, best checkpoint score: 0.8726
2026-04-15 04:53:09,523 - => Stage 3 Detection Summary: recall: 0.8463, precision: 0.8105, f1: 0.8280, false positive rate: 0.0596, correction rate: 0.8463
2026-04-15 04:53:09,562 - => LFBA current anchor-derived target label: 0
2026-04-15 04:53:09,565 - =>Add Trigger to Train Data
2026-04-15 04:53:09,797 - Add Trigger to 7091 Bad Samples, 63826 Clean Samples (0.10)
2026-04-15 04:53:09,803 - => Start Training for Injecting Backdoor...
2026-04-15 04:53:09,842 - Epoch: 43, 1/278: VFL loss: 0.0790, total loss: 0.0531, anchor loss: 0.0272, VFL train accuracy: 0.9648
2026-04-15 04:53:10,119 - Epoch: 43, 11/278: VFL loss: 0.0827, total loss: 0.0531, anchor loss: 0.0234, VFL train accuracy: 0.9691
2026-04-15 04:53:10,421 - Epoch: 43, 21/278: VFL loss: 0.0834, total loss: 0.0538, anchor loss: 0.0242, VFL train accuracy: 0.9680
2026-04-15 04:53:10,710 - Epoch: 43, 31/278: VFL loss: 0.0806, total loss: 0.0526, anchor loss: 0.0245, VFL train accuracy: 0.9700
2026-04-15 04:53:11,005 - Epoch: 43, 41/278: VFL loss: 0.0803, total loss: 0.0524, anchor loss: 0.0245, VFL train accuracy: 0.9701
2026-04-15 04:53:11,263 - Epoch: 43, 51/278: VFL loss: 0.0843, total loss: 0.0546, anchor loss: 0.0248, VFL train accuracy: 0.9697
2026-04-15 04:53:11,502 - Epoch: 43, 61/278: VFL loss: 0.0843, total loss: 0.0546, anchor loss: 0.0248, VFL train accuracy: 0.9698
2026-04-15 04:53:11,751 - Epoch: 43, 71/278: VFL loss: 0.0841, total loss: 0.0545, anchor loss: 0.0249, VFL train accuracy: 0.9699
2026-04-15 04:53:12,039 - Epoch: 43, 81/278: VFL loss: 0.0843, total loss: 0.0546, anchor loss: 0.0249, VFL train accuracy: 0.9697
2026-04-15 04:53:12,321 - Epoch: 43, 91/278: VFL loss: 0.0827, total loss: 0.0538, anchor loss: 0.0248, VFL train accuracy: 0.9702
2026-04-15 04:53:12,610 - Epoch: 43, 101/278: VFL loss: 0.0823, total loss: 0.0536, anchor loss: 0.0248, VFL train accuracy: 0.9704
2026-04-15 04:53:12,894 - Epoch: 43, 111/278: VFL loss: 0.0815, total loss: 0.0532, anchor loss: 0.0249, VFL train accuracy: 0.9704
2026-04-15 04:53:13,147 - Epoch: 43, 121/278: VFL loss: 0.0829, total loss: 0.0540, anchor loss: 0.0251, VFL train accuracy: 0.9698
2026-04-15 04:53:13,430 - Epoch: 43, 131/278: VFL loss: 0.0824, total loss: 0.0537, anchor loss: 0.0250, VFL train accuracy: 0.9701
2026-04-15 04:53:13,679 - Epoch: 43, 141/278: VFL loss: 0.0826, total loss: 0.0538, anchor loss: 0.0250, VFL train accuracy: 0.9699
2026-04-15 04:53:13,945 - Epoch: 43, 151/278: VFL loss: 0.0826, total loss: 0.0538, anchor loss: 0.0251, VFL train accuracy: 0.9697
2026-04-15 04:53:14,207 - Epoch: 43, 161/278: VFL loss: 0.0820, total loss: 0.0536, anchor loss: 0.0252, VFL train accuracy: 0.9698
2026-04-15 04:53:14,459 - Epoch: 43, 171/278: VFL loss: 0.0819, total loss: 0.0535, anchor loss: 0.0252, VFL train accuracy: 0.9699
2026-04-15 04:53:14,733 - Epoch: 43, 181/278: VFL loss: 0.0809, total loss: 0.0529, anchor loss: 0.0250, VFL train accuracy: 0.9705
2026-04-15 04:53:15,017 - Epoch: 43, 191/278: VFL loss: 0.0808, total loss: 0.0529, anchor loss: 0.0250, VFL train accuracy: 0.9706
2026-04-15 04:53:15,266 - Epoch: 43, 201/278: VFL loss: 0.0812, total loss: 0.0532, anchor loss: 0.0251, VFL train accuracy: 0.9703
2026-04-15 04:53:15,587 - Epoch: 43, 211/278: VFL loss: 0.0814, total loss: 0.0533, anchor loss: 0.0251, VFL train accuracy: 0.9702
2026-04-15 04:53:15,907 - Epoch: 43, 221/278: VFL loss: 0.0821, total loss: 0.0537, anchor loss: 0.0252, VFL train accuracy: 0.9699
2026-04-15 04:53:16,161 - Epoch: 43, 231/278: VFL loss: 0.0818, total loss: 0.0535, anchor loss: 0.0251, VFL train accuracy: 0.9700
2026-04-15 04:53:16,437 - Epoch: 43, 241/278: VFL loss: 0.0813, total loss: 0.0532, anchor loss: 0.0251, VFL train accuracy: 0.9703
2026-04-15 04:53:16,680 - Epoch: 43, 251/278: VFL loss: 0.0808, total loss: 0.0529, anchor loss: 0.0251, VFL train accuracy: 0.9705
2026-04-15 04:53:16,960 - Epoch: 43, 261/278: VFL loss: 0.0808, total loss: 0.0530, anchor loss: 0.0251, VFL train accuracy: 0.9705
2026-04-15 04:53:17,239 - Epoch: 43, 271/278: VFL loss: 0.0809, total loss: 0.0530, anchor loss: 0.0251, VFL train accuracy: 0.9705
2026-04-15 04:53:17,459 - => Recorded Stage 2 client anchor losses for epoch 43 to './results/AVGuard/stage3_static_reliability_ablation/PHISHING_static_reliability_on\stage2_final_epoch_client_anchor_losses.json': {0: 0.024777, 1: 0.02671, 2: 0.023972}
2026-04-15 04:53:17,465 - => Stage 2 EMA anchor update applied at epoch 43 with momentum 0.9950: updated classes per client {0: 2, 1: 2, 2: 2}
2026-04-15 04:53:17,466 - => Stage 2 Epoch 43 Training Summary: VFL loss: 0.0808, total loss: 0.0530, anchor loss: 0.0251, VFL train accuracy: 0.9704
2026-04-15 04:53:17,466 - => Test ASR...
2026-04-15 04:53:17,469 - =>Add Trigger to Test Data
2026-04-15 04:53:18,009 - Add Trigger to 6130 Bad Samples, 11600 Clean Samples (1.00)
2026-04-15 04:53:21,741 - => Test Epoch: 43, main task samples: 17730, attack samples: 17730, test loss: 0.1150, clean acc: 0.9303, Top-2: 1.0000, ASR: 0.1489, RAC: 0.9074, test target accuracy: 0.9692, stage3 final accuracy: 0.9303, stage3 final target accuracy: 0.9372, stage3 final asr: 0.1489, anchor loss: 0.0263
2026-04-15 04:53:21,742 - => Stage 3 Detection Summary: recall: 0.8373, precision: 0.8225, f1: 0.8299, false positive rate: 0.0550, correction rate: 0.8370
2026-04-15 04:53:21,742 - => Stage 3 Debug (clean): suspicious=976/17730, correction_applied=973, prediction_changed=973, skipped_tied_vote=0, skipped_low_margin=0, skipped_other=3
2026-04-15 04:53:21,742 - => Stage 3 Debug (poison-valid): suspicious=4619/6130, correction_applied=4617, prediction_changed=4617, skipped_tied_vote=0, skipped_low_margin=0, skipped_other=2
2026-04-15 04:53:21,742 - => Stage 3 Debug (attack-success): suspicious=4602/5496, correction_applied=4600, prediction_changed=4600, corrected_to_true=4600
2026-04-15 04:53:21,742 - => Stage 2 checkpoint score: mean(clean_acc=0.9303, recall=0.8373, correction_rate=0.8370) = 0.8682
2026-04-15 04:53:21,788 - => End Epoch: 43, early stop epochs: 25, best epoch: 18, best clean acc: 0.9250, best Top-2: 1.0000, best ASR: 0.1387, best RAC: 0.9062, anchor loss: 0.0286, best checkpoint score: 0.8726
2026-04-15 04:53:21,788 - => Stage 3 Detection Summary: recall: 0.8463, precision: 0.8105, f1: 0.8280, false positive rate: 0.0596, correction rate: 0.8463
2026-04-15 04:53:21,831 - => LFBA current anchor-derived target label: 0
2026-04-15 04:53:21,835 - =>Add Trigger to Train Data
2026-04-15 04:53:22,072 - Add Trigger to 7091 Bad Samples, 63826 Clean Samples (0.10)
2026-04-15 04:53:22,077 - => Start Training for Injecting Backdoor...
2026-04-15 04:53:22,111 - Epoch: 44, 1/278: VFL loss: 0.0707, total loss: 0.0455, anchor loss: 0.0204, VFL train accuracy: 0.9766
2026-04-15 04:53:22,378 - Epoch: 44, 11/278: VFL loss: 0.0771, total loss: 0.0507, anchor loss: 0.0242, VFL train accuracy: 0.9727
2026-04-15 04:53:22,630 - Epoch: 44, 21/278: VFL loss: 0.0857, total loss: 0.0554, anchor loss: 0.0251, VFL train accuracy: 0.9712
2026-04-15 04:53:22,903 - Epoch: 44, 31/278: VFL loss: 0.0832, total loss: 0.0541, anchor loss: 0.0251, VFL train accuracy: 0.9705
2026-04-15 04:53:23,152 - Epoch: 44, 41/278: VFL loss: 0.0840, total loss: 0.0545, anchor loss: 0.0251, VFL train accuracy: 0.9703
2026-04-15 04:53:23,390 - Epoch: 44, 51/278: VFL loss: 0.0835, total loss: 0.0542, anchor loss: 0.0249, VFL train accuracy: 0.9701
2026-04-15 04:53:23,636 - Epoch: 44, 61/278: VFL loss: 0.0813, total loss: 0.0530, anchor loss: 0.0246, VFL train accuracy: 0.9705
2026-04-15 04:53:23,903 - Epoch: 44, 71/278: VFL loss: 0.0810, total loss: 0.0530, anchor loss: 0.0249, VFL train accuracy: 0.9701
2026-04-15 04:53:24,166 - Epoch: 44, 81/278: VFL loss: 0.0801, total loss: 0.0524, anchor loss: 0.0248, VFL train accuracy: 0.9704
2026-04-15 04:53:24,417 - Epoch: 44, 91/278: VFL loss: 0.0811, total loss: 0.0530, anchor loss: 0.0249, VFL train accuracy: 0.9698
2026-04-15 04:53:24,657 - Epoch: 44, 101/278: VFL loss: 0.0801, total loss: 0.0525, anchor loss: 0.0248, VFL train accuracy: 0.9703
2026-04-15 04:53:24,966 - Epoch: 44, 111/278: VFL loss: 0.0813, total loss: 0.0532, anchor loss: 0.0250, VFL train accuracy: 0.9699
2026-04-15 04:53:25,269 - Epoch: 44, 121/278: VFL loss: 0.0817, total loss: 0.0533, anchor loss: 0.0250, VFL train accuracy: 0.9696
2026-04-15 04:53:25,542 - Epoch: 44, 131/278: VFL loss: 0.0820, total loss: 0.0535, anchor loss: 0.0251, VFL train accuracy: 0.9695
2026-04-15 04:53:25,816 - Epoch: 44, 141/278: VFL loss: 0.0812, total loss: 0.0530, anchor loss: 0.0248, VFL train accuracy: 0.9702
2026-04-15 04:53:26,100 - Epoch: 44, 151/278: VFL loss: 0.0819, total loss: 0.0534, anchor loss: 0.0250, VFL train accuracy: 0.9703
2026-04-15 04:53:26,354 - Epoch: 44, 161/278: VFL loss: 0.0815, total loss: 0.0532, anchor loss: 0.0249, VFL train accuracy: 0.9705
2026-04-15 04:53:26,603 - Epoch: 44, 171/278: VFL loss: 0.0825, total loss: 0.0538, anchor loss: 0.0251, VFL train accuracy: 0.9699
2026-04-15 04:53:26,882 - Epoch: 44, 181/278: VFL loss: 0.0829, total loss: 0.0540, anchor loss: 0.0251, VFL train accuracy: 0.9698
2026-04-15 04:53:27,159 - Epoch: 44, 191/278: VFL loss: 0.0823, total loss: 0.0537, anchor loss: 0.0251, VFL train accuracy: 0.9699
2026-04-15 04:53:27,419 - Epoch: 44, 201/278: VFL loss: 0.0822, total loss: 0.0537, anchor loss: 0.0252, VFL train accuracy: 0.9698
2026-04-15 04:53:27,674 - Epoch: 44, 211/278: VFL loss: 0.0817, total loss: 0.0534, anchor loss: 0.0251, VFL train accuracy: 0.9700
2026-04-15 04:53:27,956 - Epoch: 44, 221/278: VFL loss: 0.0816, total loss: 0.0534, anchor loss: 0.0251, VFL train accuracy: 0.9701
2026-04-15 04:53:28,207 - Epoch: 44, 231/278: VFL loss: 0.0810, total loss: 0.0530, anchor loss: 0.0251, VFL train accuracy: 0.9704
2026-04-15 04:53:28,468 - Epoch: 44, 241/278: VFL loss: 0.0817, total loss: 0.0535, anchor loss: 0.0252, VFL train accuracy: 0.9701
2026-04-15 04:53:28,721 - Epoch: 44, 251/278: VFL loss: 0.0817, total loss: 0.0534, anchor loss: 0.0251, VFL train accuracy: 0.9702
2026-04-15 04:53:28,997 - Epoch: 44, 261/278: VFL loss: 0.0816, total loss: 0.0533, anchor loss: 0.0251, VFL train accuracy: 0.9702
2026-04-15 04:53:29,258 - Epoch: 44, 271/278: VFL loss: 0.0813, total loss: 0.0532, anchor loss: 0.0251, VFL train accuracy: 0.9702
2026-04-15 04:53:29,478 - => Recorded Stage 2 client anchor losses for epoch 44 to './results/AVGuard/stage3_static_reliability_ablation/PHISHING_static_reliability_on\stage2_final_epoch_client_anchor_losses.json': {0: 0.02473, 1: 0.026636, 2: 0.023891}
2026-04-15 04:53:29,485 - => Stage 2 EMA anchor update applied at epoch 44 with momentum 0.9950: updated classes per client {0: 2, 1: 2, 2: 2}
2026-04-15 04:53:29,485 - => Stage 2 Epoch 44 Training Summary: VFL loss: 0.0813, total loss: 0.0532, anchor loss: 0.0250, VFL train accuracy: 0.9703
2026-04-15 04:53:29,485 - => Test ASR...
2026-04-15 04:53:29,490 - =>Add Trigger to Test Data
2026-04-15 04:53:30,030 - Add Trigger to 6130 Bad Samples, 11600 Clean Samples (1.00)
2026-04-15 04:53:33,763 - => Test Epoch: 44, main task samples: 17730, attack samples: 17730, test loss: 0.1151, clean acc: 0.9303, Top-2: 1.0000, ASR: 0.1485, RAC: 0.9076, test target accuracy: 0.9689, stage3 final accuracy: 0.9303, stage3 final target accuracy: 0.9372, stage3 final asr: 0.1485, anchor loss: 0.0263
2026-04-15 04:53:33,763 - => Stage 3 Detection Summary: recall: 0.8379, precision: 0.8222, f1: 0.8300, false positive rate: 0.0551, correction rate: 0.8376
2026-04-15 04:53:33,763 - => Stage 3 Debug (clean): suspicious=977/17730, correction_applied=973, prediction_changed=973, skipped_tied_vote=0, skipped_low_margin=0, skipped_other=4
2026-04-15 04:53:33,763 - => Stage 3 Debug (poison-valid): suspicious=4620/6130, correction_applied=4618, prediction_changed=4618, skipped_tied_vote=0, skipped_low_margin=0, skipped_other=2
2026-04-15 04:53:33,763 - => Stage 3 Debug (attack-success): suspicious=4602/5492, correction_applied=4600, prediction_changed=4600, corrected_to_true=4600
2026-04-15 04:53:33,763 - => Stage 2 checkpoint score: mean(clean_acc=0.9303, recall=0.8379, correction_rate=0.8376) = 0.8686
2026-04-15 04:53:33,807 - => End Epoch: 44, early stop epochs: 26, best epoch: 18, best clean acc: 0.9250, best Top-2: 1.0000, best ASR: 0.1387, best RAC: 0.9062, anchor loss: 0.0286, best checkpoint score: 0.8726
2026-04-15 04:53:33,808 - => Stage 3 Detection Summary: recall: 0.8463, precision: 0.8105, f1: 0.8280, false positive rate: 0.0596, correction rate: 0.8463
2026-04-15 04:53:33,851 - => LFBA current anchor-derived target label: 0
2026-04-15 04:53:33,854 - =>Add Trigger to Train Data
2026-04-15 04:53:34,085 - Add Trigger to 7091 Bad Samples, 63826 Clean Samples (0.10)
2026-04-15 04:53:34,089 - => Start Training for Injecting Backdoor...
2026-04-15 04:53:34,128 - Epoch: 45, 1/278: VFL loss: 0.0605, total loss: 0.0420, anchor loss: 0.0234, VFL train accuracy: 0.9883
2026-04-15 04:53:34,397 - Epoch: 45, 11/278: VFL loss: 0.0761, total loss: 0.0503, anchor loss: 0.0244, VFL train accuracy: 0.9716
2026-04-15 04:53:34,651 - Epoch: 45, 21/278: VFL loss: 0.0791, total loss: 0.0516, anchor loss: 0.0241, VFL train accuracy: 0.9710
2026-04-15 04:53:34,934 - Epoch: 45, 31/278: VFL loss: 0.0801, total loss: 0.0522, anchor loss: 0.0243, VFL train accuracy: 0.9713
2026-04-15 04:53:35,265 - Epoch: 45, 41/278: VFL loss: 0.0804, total loss: 0.0523, anchor loss: 0.0243, VFL train accuracy: 0.9710
2026-04-15 04:53:35,668 - Epoch: 45, 51/278: VFL loss: 0.0794, total loss: 0.0519, anchor loss: 0.0244, VFL train accuracy: 0.9713
2026-04-15 04:53:35,937 - Epoch: 45, 61/278: VFL loss: 0.0799, total loss: 0.0522, anchor loss: 0.0246, VFL train accuracy: 0.9709
2026-04-15 04:53:36,187 - Epoch: 45, 71/278: VFL loss: 0.0789, total loss: 0.0517, anchor loss: 0.0245, VFL train accuracy: 0.9710
2026-04-15 04:53:36,460 - Epoch: 45, 81/278: VFL loss: 0.0788, total loss: 0.0517, anchor loss: 0.0246, VFL train accuracy: 0.9711
2026-04-15 04:53:36,710 - Epoch: 45, 91/278: VFL loss: 0.0778, total loss: 0.0511, anchor loss: 0.0244, VFL train accuracy: 0.9718
2026-04-15 04:53:37,003 - Epoch: 45, 101/278: VFL loss: 0.0789, total loss: 0.0517, anchor loss: 0.0244, VFL train accuracy: 0.9713
2026-04-15 04:53:37,262 - Epoch: 45, 111/278: VFL loss: 0.0798, total loss: 0.0522, anchor loss: 0.0246, VFL train accuracy: 0.9713
2026-04-15 04:53:37,516 - Epoch: 45, 121/278: VFL loss: 0.0799, total loss: 0.0523, anchor loss: 0.0246, VFL train accuracy: 0.9711
2026-04-15 04:53:37,786 - Epoch: 45, 131/278: VFL loss: 0.0805, total loss: 0.0526, anchor loss: 0.0248, VFL train accuracy: 0.9707
2026-04-15 04:53:38,064 - Epoch: 45, 141/278: VFL loss: 0.0799, total loss: 0.0523, anchor loss: 0.0248, VFL train accuracy: 0.9709
2026-04-15 04:53:38,333 - Epoch: 45, 151/278: VFL loss: 0.0802, total loss: 0.0525, anchor loss: 0.0248, VFL train accuracy: 0.9708
2026-04-15 04:53:38,585 - Epoch: 45, 161/278: VFL loss: 0.0801, total loss: 0.0524, anchor loss: 0.0248, VFL train accuracy: 0.9707
2026-04-15 04:53:38,850 - Epoch: 45, 171/278: VFL loss: 0.0804, total loss: 0.0526, anchor loss: 0.0249, VFL train accuracy: 0.9707
2026-04-15 04:53:39,109 - Epoch: 45, 181/278: VFL loss: 0.0808, total loss: 0.0529, anchor loss: 0.0250, VFL train accuracy: 0.9705
2026-04-15 04:53:39,384 - Epoch: 45, 191/278: VFL loss: 0.0807, total loss: 0.0528, anchor loss: 0.0250, VFL train accuracy: 0.9705
2026-04-15 04:53:39,632 - Epoch: 45, 201/278: VFL loss: 0.0807, total loss: 0.0529, anchor loss: 0.0250, VFL train accuracy: 0.9707
2026-04-15 04:53:39,896 - Epoch: 45, 211/278: VFL loss: 0.0810, total loss: 0.0530, anchor loss: 0.0250, VFL train accuracy: 0.9705
2026-04-15 04:53:40,149 - Epoch: 45, 221/278: VFL loss: 0.0812, total loss: 0.0531, anchor loss: 0.0250, VFL train accuracy: 0.9707
2026-04-15 04:53:40,408 - Epoch: 45, 231/278: VFL loss: 0.0808, total loss: 0.0529, anchor loss: 0.0250, VFL train accuracy: 0.9708
2026-04-15 04:53:40,657 - Epoch: 45, 241/278: VFL loss: 0.0804, total loss: 0.0527, anchor loss: 0.0249, VFL train accuracy: 0.9709
2026-04-15 04:53:40,925 - Epoch: 45, 251/278: VFL loss: 0.0803, total loss: 0.0526, anchor loss: 0.0249, VFL train accuracy: 0.9709
2026-04-15 04:53:41,182 - Epoch: 45, 261/278: VFL loss: 0.0810, total loss: 0.0530, anchor loss: 0.0250, VFL train accuracy: 0.9705
2026-04-15 04:53:41,452 - Epoch: 45, 271/278: VFL loss: 0.0809, total loss: 0.0530, anchor loss: 0.0250, VFL train accuracy: 0.9705
2026-04-15 04:53:41,654 - => Recorded Stage 2 client anchor losses for epoch 45 to './results/AVGuard/stage3_static_reliability_ablation/PHISHING_static_reliability_on\stage2_final_epoch_client_anchor_losses.json': {0: 0.024684, 1: 0.026562, 2: 0.023888}
2026-04-15 04:53:41,661 - => Stage 2 EMA anchor update applied at epoch 45 with momentum 0.9950: updated classes per client {0: 2, 1: 2, 2: 2}
2026-04-15 04:53:41,661 - => Stage 2 Epoch 45 Training Summary: VFL loss: 0.0809, total loss: 0.0530, anchor loss: 0.0251, VFL train accuracy: 0.9704
2026-04-15 04:53:41,661 - => Test ASR...
2026-04-15 04:53:41,664 - =>Add Trigger to Test Data
2026-04-15 04:53:42,204 - Add Trigger to 6130 Bad Samples, 11600 Clean Samples (1.00)
2026-04-15 04:53:45,990 - => Test Epoch: 45, main task samples: 17730, attack samples: 17730, test loss: 0.1152, clean acc: 0.9303, Top-2: 1.0000, ASR: 0.1485, RAC: 0.9076, test target accuracy: 0.9692, stage3 final accuracy: 0.9303, stage3 final target accuracy: 0.9372, stage3 final asr: 0.1485, anchor loss: 0.0262
2026-04-15 04:53:45,990 - => Stage 3 Detection Summary: recall: 0.8381, precision: 0.8222, f1: 0.8301, false positive rate: 0.0552, correction rate: 0.8377
2026-04-15 04:53:45,990 - => Stage 3 Debug (clean): suspicious=978/17730, correction_applied=976, prediction_changed=976, skipped_tied_vote=0, skipped_low_margin=0, skipped_other=2
2026-04-15 04:53:45,990 - => Stage 3 Debug (poison-valid): suspicious=4625/6130, correction_applied=4623, prediction_changed=4623, skipped_tied_vote=0, skipped_low_margin=0, skipped_other=2
2026-04-15 04:53:45,990 - => Stage 3 Debug (attack-success): suspicious=4607/5497, correction_applied=4605, prediction_changed=4605, corrected_to_true=4605
2026-04-15 04:53:45,992 - => Stage 2 checkpoint score: mean(clean_acc=0.9303, recall=0.8381, correction_rate=0.8377) = 0.8687
2026-04-15 04:53:46,029 - => End Epoch: 45, early stop epochs: 27, best epoch: 18, best clean acc: 0.9250, best Top-2: 1.0000, best ASR: 0.1387, best RAC: 0.9062, anchor loss: 0.0286, best checkpoint score: 0.8726
2026-04-15 04:53:46,029 - => Stage 3 Detection Summary: recall: 0.8463, precision: 0.8105, f1: 0.8280, false positive rate: 0.0596, correction rate: 0.8463
2026-04-15 04:53:46,067 - => LFBA current anchor-derived target label: 0
2026-04-15 04:53:46,071 - =>Add Trigger to Train Data
2026-04-15 04:53:46,296 - Add Trigger to 7091 Bad Samples, 63826 Clean Samples (0.10)
2026-04-15 04:53:46,303 - => Start Training for Injecting Backdoor...
2026-04-15 04:53:46,334 - Epoch: 46, 1/278: VFL loss: 0.0875, total loss: 0.0590, anchor loss: 0.0305, VFL train accuracy: 0.9688
2026-04-15 04:53:46,614 - Epoch: 46, 11/278: VFL loss: 0.0862, total loss: 0.0568, anchor loss: 0.0275, VFL train accuracy: 0.9695
2026-04-15 04:53:46,891 - Epoch: 46, 21/278: VFL loss: 0.0841, total loss: 0.0550, anchor loss: 0.0260, VFL train accuracy: 0.9714
2026-04-15 04:53:47,159 - Epoch: 46, 31/278: VFL loss: 0.0834, total loss: 0.0544, anchor loss: 0.0254, VFL train accuracy: 0.9706
2026-04-15 04:53:47,400 - Epoch: 46, 41/278: VFL loss: 0.0812, total loss: 0.0531, anchor loss: 0.0250, VFL train accuracy: 0.9709
2026-04-15 04:53:47,669 - Epoch: 46, 51/278: VFL loss: 0.0831, total loss: 0.0542, anchor loss: 0.0254, VFL train accuracy: 0.9704
2026-04-15 04:53:47,936 - Epoch: 46, 61/278: VFL loss: 0.0836, total loss: 0.0544, anchor loss: 0.0252, VFL train accuracy: 0.9704
2026-04-15 04:53:48,195 - Epoch: 46, 71/278: VFL loss: 0.0835, total loss: 0.0544, anchor loss: 0.0253, VFL train accuracy: 0.9702
2026-04-15 04:53:48,465 - Epoch: 46, 81/278: VFL loss: 0.0825, total loss: 0.0539, anchor loss: 0.0253, VFL train accuracy: 0.9704
2026-04-15 04:53:48,724 - Epoch: 46, 91/278: VFL loss: 0.0831, total loss: 0.0542, anchor loss: 0.0253, VFL train accuracy: 0.9700
2026-04-15 04:53:49,001 - Epoch: 46, 101/278: VFL loss: 0.0830, total loss: 0.0541, anchor loss: 0.0252, VFL train accuracy: 0.9701
2026-04-15 04:53:49,280 - Epoch: 46, 111/278: VFL loss: 0.0836, total loss: 0.0544, anchor loss: 0.0252, VFL train accuracy: 0.9702
2026-04-15 04:53:49,550 - Epoch: 46, 121/278: VFL loss: 0.0832, total loss: 0.0542, anchor loss: 0.0252, VFL train accuracy: 0.9702
2026-04-15 04:53:49,832 - Epoch: 46, 131/278: VFL loss: 0.0836, total loss: 0.0544, anchor loss: 0.0252, VFL train accuracy: 0.9698
2026-04-15 04:53:50,109 - Epoch: 46, 141/278: VFL loss: 0.0832, total loss: 0.0541, anchor loss: 0.0251, VFL train accuracy: 0.9697
2026-04-15 04:53:50,383 - Epoch: 46, 151/278: VFL loss: 0.0822, total loss: 0.0536, anchor loss: 0.0250, VFL train accuracy: 0.9702
2026-04-15 04:53:50,644 - Epoch: 46, 161/278: VFL loss: 0.0820, total loss: 0.0535, anchor loss: 0.0250, VFL train accuracy: 0.9703
2026-04-15 04:53:50,934 - Epoch: 46, 171/278: VFL loss: 0.0814, total loss: 0.0532, anchor loss: 0.0249, VFL train accuracy: 0.9704
2026-04-15 04:53:51,185 - Epoch: 46, 181/278: VFL loss: 0.0822, total loss: 0.0536, anchor loss: 0.0250, VFL train accuracy: 0.9701
2026-04-15 04:53:51,458 - Epoch: 46, 191/278: VFL loss: 0.0821, total loss: 0.0536, anchor loss: 0.0250, VFL train accuracy: 0.9698
2026-04-15 04:53:51,721 - Epoch: 46, 201/278: VFL loss: 0.0823, total loss: 0.0537, anchor loss: 0.0250, VFL train accuracy: 0.9697
2026-04-15 04:53:52,042 - Epoch: 46, 211/278: VFL loss: 0.0821, total loss: 0.0535, anchor loss: 0.0249, VFL train accuracy: 0.9700
2026-04-15 04:53:52,367 - Epoch: 46, 221/278: VFL loss: 0.0822, total loss: 0.0536, anchor loss: 0.0250, VFL train accuracy: 0.9699
2026-04-15 04:53:52,630 - Epoch: 46, 231/278: VFL loss: 0.0822, total loss: 0.0537, anchor loss: 0.0251, VFL train accuracy: 0.9699
2026-04-15 04:53:52,904 - Epoch: 46, 241/278: VFL loss: 0.0820, total loss: 0.0535, anchor loss: 0.0251, VFL train accuracy: 0.9700
2026-04-15 04:53:53,178 - Epoch: 46, 251/278: VFL loss: 0.0817, total loss: 0.0534, anchor loss: 0.0250, VFL train accuracy: 0.9701
2026-04-15 04:53:53,441 - Epoch: 46, 261/278: VFL loss: 0.0818, total loss: 0.0534, anchor loss: 0.0250, VFL train accuracy: 0.9700
2026-04-15 04:53:53,731 - Epoch: 46, 271/278: VFL loss: 0.0815, total loss: 0.0532, anchor loss: 0.0250, VFL train accuracy: 0.9701
2026-04-15 04:53:53,944 - => Recorded Stage 2 client anchor losses for epoch 46 to './results/AVGuard/stage3_static_reliability_ablation/PHISHING_static_reliability_on\stage2_final_epoch_client_anchor_losses.json': {0: 0.024642, 1: 0.026487, 2: 0.023804}
2026-04-15 04:53:53,953 - => Stage 2 EMA anchor update applied at epoch 46 with momentum 0.9950: updated classes per client {0: 2, 1: 2, 2: 2}
2026-04-15 04:53:53,953 - => Stage 2 Epoch 46 Training Summary: VFL loss: 0.0811, total loss: 0.0531, anchor loss: 0.0250, VFL train accuracy: 0.9703
2026-04-15 04:53:53,953 - => Test ASR...
2026-04-15 04:53:53,956 - =>Add Trigger to Test Data
2026-04-15 04:53:54,474 - Add Trigger to 6130 Bad Samples, 11600 Clean Samples (1.00)
2026-04-15 04:53:58,298 - => Test Epoch: 46, main task samples: 17730, attack samples: 17730, test loss: 0.1152, clean acc: 0.9305, Top-2: 1.0000, ASR: 0.1486, RAC: 0.9077, test target accuracy: 0.9691, stage3 final accuracy: 0.9305, stage3 final target accuracy: 0.9374, stage3 final asr: 0.1486, anchor loss: 0.0262
2026-04-15 04:53:58,298 - => Stage 3 Detection Summary: recall: 0.8379, precision: 0.8221, f1: 0.8299, false positive rate: 0.0552, correction rate: 0.8375
2026-04-15 04:53:58,299 - => Stage 3 Debug (clean): suspicious=979/17730, correction_applied=977, prediction_changed=977, skipped_tied_vote=0, skipped_low_margin=0, skipped_other=2
2026-04-15 04:53:58,299 - => Stage 3 Debug (poison-valid): suspicious=4624/6130, correction_applied=4622, prediction_changed=4622, skipped_tied_vote=0, skipped_low_margin=0, skipped_other=2
2026-04-15 04:53:58,299 - => Stage 3 Debug (attack-success): suspicious=4606/5497, correction_applied=4604, prediction_changed=4604, corrected_to_true=4604
2026-04-15 04:53:58,299 - => Stage 2 checkpoint score: mean(clean_acc=0.9305, recall=0.8379, correction_rate=0.8375) = 0.8686
2026-04-15 04:53:58,341 - => End Epoch: 46, early stop epochs: 28, best epoch: 18, best clean acc: 0.9250, best Top-2: 1.0000, best ASR: 0.1387, best RAC: 0.9062, anchor loss: 0.0286, best checkpoint score: 0.8726
2026-04-15 04:53:58,341 - => Stage 3 Detection Summary: recall: 0.8463, precision: 0.8105, f1: 0.8280, false positive rate: 0.0596, correction rate: 0.8463
2026-04-15 04:53:58,381 - => LFBA current anchor-derived target label: 0
2026-04-15 04:53:58,385 - =>Add Trigger to Train Data
2026-04-15 04:53:58,608 - Add Trigger to 7091 Bad Samples, 63826 Clean Samples (0.10)
2026-04-15 04:53:58,613 - => Start Training for Injecting Backdoor...
2026-04-15 04:53:58,658 - Epoch: 47, 1/278: VFL loss: 0.0697, total loss: 0.0472, anchor loss: 0.0247, VFL train accuracy: 0.9727
2026-04-15 04:53:58,944 - Epoch: 47, 11/278: VFL loss: 0.0693, total loss: 0.0466, anchor loss: 0.0239, VFL train accuracy: 0.9730
2026-04-15 04:53:59,221 - Epoch: 47, 21/278: VFL loss: 0.0805, total loss: 0.0527, anchor loss: 0.0249, VFL train accuracy: 0.9688
2026-04-15 04:53:59,502 - Epoch: 47, 31/278: VFL loss: 0.0803, total loss: 0.0526, anchor loss: 0.0248, VFL train accuracy: 0.9696
2026-04-15 04:53:59,771 - Epoch: 47, 41/278: VFL loss: 0.0788, total loss: 0.0518, anchor loss: 0.0249, VFL train accuracy: 0.9707
2026-04-15 04:54:00,058 - Epoch: 47, 51/278: VFL loss: 0.0809, total loss: 0.0530, anchor loss: 0.0250, VFL train accuracy: 0.9697
2026-04-15 04:54:00,319 - Epoch: 47, 61/278: VFL loss: 0.0813, total loss: 0.0532, anchor loss: 0.0250, VFL train accuracy: 0.9689
2026-04-15 04:54:00,573 - Epoch: 47, 71/278: VFL loss: 0.0828, total loss: 0.0539, anchor loss: 0.0250, VFL train accuracy: 0.9689
2026-04-15 04:54:00,831 - Epoch: 47, 81/278: VFL loss: 0.0811, total loss: 0.0529, anchor loss: 0.0248, VFL train accuracy: 0.9699
2026-04-15 04:54:01,110 - Epoch: 47, 91/278: VFL loss: 0.0813, total loss: 0.0531, anchor loss: 0.0248, VFL train accuracy: 0.9701
2026-04-15 04:54:01,387 - Epoch: 47, 101/278: VFL loss: 0.0809, total loss: 0.0529, anchor loss: 0.0248, VFL train accuracy: 0.9703
2026-04-15 04:54:01,695 - Epoch: 47, 111/278: VFL loss: 0.0797, total loss: 0.0522, anchor loss: 0.0248, VFL train accuracy: 0.9712
2026-04-15 04:54:01,976 - Epoch: 47, 121/278: VFL loss: 0.0808, total loss: 0.0529, anchor loss: 0.0249, VFL train accuracy: 0.9708
2026-04-15 04:54:02,243 - Epoch: 47, 131/278: VFL loss: 0.0805, total loss: 0.0527, anchor loss: 0.0249, VFL train accuracy: 0.9710
2026-04-15 04:54:02,499 - Epoch: 47, 141/278: VFL loss: 0.0805, total loss: 0.0527, anchor loss: 0.0249, VFL train accuracy: 0.9710
2026-04-15 04:54:02,778 - Epoch: 47, 151/278: VFL loss: 0.0805, total loss: 0.0527, anchor loss: 0.0250, VFL train accuracy: 0.9709
2026-04-15 04:54:03,178 - Epoch: 47, 161/278: VFL loss: 0.0805, total loss: 0.0527, anchor loss: 0.0249, VFL train accuracy: 0.9708
2026-04-15 04:54:03,459 - Epoch: 47, 171/278: VFL loss: 0.0802, total loss: 0.0526, anchor loss: 0.0250, VFL train accuracy: 0.9709
2026-04-15 04:54:03,718 - Epoch: 47, 181/278: VFL loss: 0.0803, total loss: 0.0526, anchor loss: 0.0249, VFL train accuracy: 0.9709
2026-04-15 04:54:03,985 - Epoch: 47, 191/278: VFL loss: 0.0803, total loss: 0.0526, anchor loss: 0.0250, VFL train accuracy: 0.9708
2026-04-15 04:54:04,253 - Epoch: 47, 201/278: VFL loss: 0.0800, total loss: 0.0524, anchor loss: 0.0249, VFL train accuracy: 0.9710
2026-04-15 04:54:04,531 - Epoch: 47, 211/278: VFL loss: 0.0796, total loss: 0.0523, anchor loss: 0.0249, VFL train accuracy: 0.9710
2026-04-15 04:54:04,784 - Epoch: 47, 221/278: VFL loss: 0.0804, total loss: 0.0527, anchor loss: 0.0250, VFL train accuracy: 0.9706
2026-04-15 04:54:05,044 - Epoch: 47, 231/278: VFL loss: 0.0807, total loss: 0.0528, anchor loss: 0.0249, VFL train accuracy: 0.9706
2026-04-15 04:54:05,283 - Epoch: 47, 241/278: VFL loss: 0.0803, total loss: 0.0526, anchor loss: 0.0249, VFL train accuracy: 0.9708
2026-04-15 04:54:05,562 - Epoch: 47, 251/278: VFL loss: 0.0801, total loss: 0.0525, anchor loss: 0.0249, VFL train accuracy: 0.9709
2026-04-15 04:54:05,864 - Epoch: 47, 261/278: VFL loss: 0.0802, total loss: 0.0525, anchor loss: 0.0249, VFL train accuracy: 0.9708
2026-04-15 04:54:06,136 - Epoch: 47, 271/278: VFL loss: 0.0806, total loss: 0.0527, anchor loss: 0.0249, VFL train accuracy: 0.9706
2026-04-15 04:54:06,342 - => Recorded Stage 2 client anchor losses for epoch 47 to './results/AVGuard/stage3_static_reliability_ablation/PHISHING_static_reliability_on\stage2_final_epoch_client_anchor_losses.json': {0: 0.024599, 1: 0.026416, 2: 0.023789}
2026-04-15 04:54:06,362 - => Stage 2 EMA anchor update applied at epoch 47 with momentum 0.9950: updated classes per client {0: 2, 1: 2, 2: 2}
2026-04-15 04:54:06,362 - => Stage 2 Epoch 47 Training Summary: VFL loss: 0.0805, total loss: 0.0527, anchor loss: 0.0249, VFL train accuracy: 0.9706
2026-04-15 04:54:06,362 - => Test ASR...
2026-04-15 04:54:06,366 - =>Add Trigger to Test Data
2026-04-15 04:54:06,941 - Add Trigger to 6130 Bad Samples, 11600 Clean Samples (1.00)
2026-04-15 04:54:10,688 - => Test Epoch: 47, main task samples: 17730, attack samples: 17730, test loss: 0.1152, clean acc: 0.9305, Top-2: 1.0000, ASR: 0.1483, RAC: 0.9077, test target accuracy: 0.9696, stage3 final accuracy: 0.9305, stage3 final target accuracy: 0.9372, stage3 final asr: 0.1483, anchor loss: 0.0261
2026-04-15 04:54:10,688 - => Stage 3 Detection Summary: recall: 0.8381, precision: 0.8215, f1: 0.8297, false positive rate: 0.0556, correction rate: 0.8379
2026-04-15 04:54:10,688 - => Stage 3 Debug (clean): suspicious=985/17730, correction_applied=980, prediction_changed=980, skipped_tied_vote=0, skipped_low_margin=0, skipped_other=5
2026-04-15 04:54:10,689 - => Stage 3 Debug (poison-valid): suspicious=4629/6130, correction_applied=4628, prediction_changed=4628, skipped_tied_vote=0, skipped_low_margin=0, skipped_other=1
2026-04-15 04:54:10,689 - => Stage 3 Debug (attack-success): suspicious=4612/5503, correction_applied=4611, prediction_changed=4611, corrected_to_true=4611
2026-04-15 04:54:10,689 - => Stage 2 checkpoint score: mean(clean_acc=0.9305, recall=0.8381, correction_rate=0.8379) = 0.8688
2026-04-15 04:54:10,732 - => End Epoch: 47, early stop epochs: 29, best epoch: 18, best clean acc: 0.9250, best Top-2: 1.0000, best ASR: 0.1387, best RAC: 0.9062, anchor loss: 0.0286, best checkpoint score: 0.8726
2026-04-15 04:54:10,732 - => Stage 3 Detection Summary: recall: 0.8463, precision: 0.8105, f1: 0.8280, false positive rate: 0.0596, correction rate: 0.8463
2026-04-15 04:54:10,771 - => LFBA current anchor-derived target label: 0
2026-04-15 04:54:10,775 - =>Add Trigger to Train Data
2026-04-15 04:54:11,011 - Add Trigger to 7091 Bad Samples, 63826 Clean Samples (0.10)
2026-04-15 04:54:11,019 - => Start Training for Injecting Backdoor...
2026-04-15 04:54:11,059 - Epoch: 48, 1/278: VFL loss: 0.0679, total loss: 0.0462, anchor loss: 0.0244, VFL train accuracy: 0.9727
2026-04-15 04:54:11,333 - Epoch: 48, 11/278: VFL loss: 0.0936, total loss: 0.0603, anchor loss: 0.0270, VFL train accuracy: 0.9638
2026-04-15 04:54:11,603 - Epoch: 48, 21/278: VFL loss: 0.0903, total loss: 0.0583, anchor loss: 0.0264, VFL train accuracy: 0.9667
2026-04-15 04:54:11,887 - Epoch: 48, 31/278: VFL loss: 0.0871, total loss: 0.0565, anchor loss: 0.0259, VFL train accuracy: 0.9676
2026-04-15 04:54:12,182 - Epoch: 48, 41/278: VFL loss: 0.0841, total loss: 0.0548, anchor loss: 0.0254, VFL train accuracy: 0.9688
2026-04-15 04:54:12,472 - Epoch: 48, 51/278: VFL loss: 0.0830, total loss: 0.0541, anchor loss: 0.0251, VFL train accuracy: 0.9691
2026-04-15 04:54:12,726 - Epoch: 48, 61/278: VFL loss: 0.0842, total loss: 0.0547, anchor loss: 0.0251, VFL train accuracy: 0.9683
2026-04-15 04:54:13,026 - Epoch: 48, 71/278: VFL loss: 0.0832, total loss: 0.0541, anchor loss: 0.0251, VFL train accuracy: 0.9689
2026-04-15 04:54:13,302 - Epoch: 48, 81/278: VFL loss: 0.0836, total loss: 0.0544, anchor loss: 0.0252, VFL train accuracy: 0.9693
2026-04-15 04:54:13,558 - Epoch: 48, 91/278: VFL loss: 0.0840, total loss: 0.0546, anchor loss: 0.0251, VFL train accuracy: 0.9693
2026-04-15 04:54:13,833 - Epoch: 48, 101/278: VFL loss: 0.0850, total loss: 0.0551, anchor loss: 0.0251, VFL train accuracy: 0.9691
2026-04-15 04:54:14,094 - Epoch: 48, 111/278: VFL loss: 0.0842, total loss: 0.0547, anchor loss: 0.0251, VFL train accuracy: 0.9695
2026-04-15 04:54:14,348 - Epoch: 48, 121/278: VFL loss: 0.0830, total loss: 0.0540, anchor loss: 0.0249, VFL train accuracy: 0.9701
2026-04-15 04:54:14,599 - Epoch: 48, 131/278: VFL loss: 0.0824, total loss: 0.0536, anchor loss: 0.0248, VFL train accuracy: 0.9702
2026-04-15 04:54:14,876 - Epoch: 48, 141/278: VFL loss: 0.0822, total loss: 0.0535, anchor loss: 0.0249, VFL train accuracy: 0.9702
2026-04-15 04:54:15,136 - Epoch: 48, 151/278: VFL loss: 0.0817, total loss: 0.0533, anchor loss: 0.0249, VFL train accuracy: 0.9705
2026-04-15 04:54:15,440 - Epoch: 48, 161/278: VFL loss: 0.0819, total loss: 0.0534, anchor loss: 0.0249, VFL train accuracy: 0.9700
2026-04-15 04:54:15,697 - Epoch: 48, 171/278: VFL loss: 0.0815, total loss: 0.0532, anchor loss: 0.0249, VFL train accuracy: 0.9702
2026-04-15 04:54:15,979 - Epoch: 48, 181/278: VFL loss: 0.0821, total loss: 0.0536, anchor loss: 0.0251, VFL train accuracy: 0.9699
2026-04-15 04:54:16,233 - Epoch: 48, 191/278: VFL loss: 0.0819, total loss: 0.0535, anchor loss: 0.0250, VFL train accuracy: 0.9699
2026-04-15 04:54:16,499 - Epoch: 48, 201/278: VFL loss: 0.0818, total loss: 0.0534, anchor loss: 0.0250, VFL train accuracy: 0.9700
2026-04-15 04:54:16,776 - Epoch: 48, 211/278: VFL loss: 0.0817, total loss: 0.0533, anchor loss: 0.0250, VFL train accuracy: 0.9699
2026-04-15 04:54:17,086 - Epoch: 48, 221/278: VFL loss: 0.0816, total loss: 0.0532, anchor loss: 0.0249, VFL train accuracy: 0.9700
2026-04-15 04:54:17,344 - Epoch: 48, 231/278: VFL loss: 0.0816, total loss: 0.0532, anchor loss: 0.0249, VFL train accuracy: 0.9701
2026-04-15 04:54:17,620 - Epoch: 48, 241/278: VFL loss: 0.0821, total loss: 0.0535, anchor loss: 0.0250, VFL train accuracy: 0.9700
2026-04-15 04:54:17,904 - Epoch: 48, 251/278: VFL loss: 0.0821, total loss: 0.0535, anchor loss: 0.0249, VFL train accuracy: 0.9700
2026-04-15 04:54:18,160 - Epoch: 48, 261/278: VFL loss: 0.0824, total loss: 0.0537, anchor loss: 0.0250, VFL train accuracy: 0.9700
2026-04-15 04:54:18,412 - Epoch: 48, 271/278: VFL loss: 0.0819, total loss: 0.0534, anchor loss: 0.0249, VFL train accuracy: 0.9701
2026-04-15 04:54:18,609 - => Recorded Stage 2 client anchor losses for epoch 48 to './results/AVGuard/stage3_static_reliability_ablation/PHISHING_static_reliability_on\stage2_final_epoch_client_anchor_losses.json': {0: 0.024559, 1: 0.026342, 2: 0.023749}
2026-04-15 04:54:18,616 - => Stage 2 EMA anchor update applied at epoch 48 with momentum 0.9950: updated classes per client {0: 2, 1: 2, 2: 2}
2026-04-15 04:54:18,616 - => Stage 2 Epoch 48 Training Summary: VFL loss: 0.0817, total loss: 0.0533, anchor loss: 0.0249, VFL train accuracy: 0.9702
2026-04-15 04:54:18,617 - => Test ASR...
2026-04-15 04:54:18,619 - =>Add Trigger to Test Data
2026-04-15 04:54:19,157 - Add Trigger to 6130 Bad Samples, 11600 Clean Samples (1.00)
2026-04-15 04:54:22,855 - => Test Epoch: 48, main task samples: 17730, attack samples: 17730, test loss: 0.1152, clean acc: 0.9304, Top-2: 1.0000, ASR: 0.1485, RAC: 0.9076, test target accuracy: 0.9691, stage3 final accuracy: 0.9304, stage3 final target accuracy: 0.9372, stage3 final asr: 0.1485, anchor loss: 0.0261
2026-04-15 04:54:22,855 - => Stage 3 Detection Summary: recall: 0.8379, precision: 0.8211, f1: 0.8294, false positive rate: 0.0556, correction rate: 0.8378
2026-04-15 04:54:22,855 - => Stage 3 Debug (clean): suspicious=986/17730, correction_applied=982, prediction_changed=982, skipped_tied_vote=0, skipped_low_margin=0, skipped_other=4
2026-04-15 04:54:22,855 - => Stage 3 Debug (poison-valid): suspicious=4625/6130, correction_applied=4624, prediction_changed=4624, skipped_tied_vote=0, skipped_low_margin=0, skipped_other=1
2026-04-15 04:54:22,855 - => Stage 3 Debug (attack-success): suspicious=4607/5498, correction_applied=4606, prediction_changed=4606, corrected_to_true=4606
2026-04-15 04:54:22,857 - => Stage 2 checkpoint score: mean(clean_acc=0.9304, recall=0.8379, correction_rate=0.8378) = 0.8687
2026-04-15 04:54:22,897 - => End Epoch: 48, early stop epochs: 30, best epoch: 18, best clean acc: 0.9250, best Top-2: 1.0000, best ASR: 0.1387, best RAC: 0.9062, anchor loss: 0.0286, best checkpoint score: 0.8726
2026-04-15 04:54:22,898 - => Stage 3 Detection Summary: recall: 0.8463, precision: 0.8105, f1: 0.8280, false positive rate: 0.0596, correction rate: 0.8463
2026-04-15 04:54:22,929 - => LFBA current anchor-derived target label: 0
2026-04-15 04:54:22,934 - =>Add Trigger to Train Data
2026-04-15 04:54:23,162 - Add Trigger to 7091 Bad Samples, 63826 Clean Samples (0.10)
2026-04-15 04:54:23,168 - => Start Training for Injecting Backdoor...
2026-04-15 04:54:23,205 - Epoch: 49, 1/278: VFL loss: 0.0841, total loss: 0.0569, anchor loss: 0.0296, VFL train accuracy: 0.9648
2026-04-15 04:54:23,479 - Epoch: 49, 11/278: VFL loss: 0.0811, total loss: 0.0533, anchor loss: 0.0256, VFL train accuracy: 0.9705
2026-04-15 04:54:23,732 - Epoch: 49, 21/278: VFL loss: 0.0800, total loss: 0.0524, anchor loss: 0.0249, VFL train accuracy: 0.9706
2026-04-15 04:54:24,006 - Epoch: 49, 31/278: VFL loss: 0.0791, total loss: 0.0520, anchor loss: 0.0249, VFL train accuracy: 0.9709
2026-04-15 04:54:24,277 - Epoch: 49, 41/278: VFL loss: 0.0805, total loss: 0.0530, anchor loss: 0.0254, VFL train accuracy: 0.9708
2026-04-15 04:54:24,529 - Epoch: 49, 51/278: VFL loss: 0.0830, total loss: 0.0542, anchor loss: 0.0254, VFL train accuracy: 0.9696
2026-04-15 04:54:24,773 - Epoch: 49, 61/278: VFL loss: 0.0835, total loss: 0.0546, anchor loss: 0.0256, VFL train accuracy: 0.9699
2026-04-15 04:54:25,072 - Epoch: 49, 71/278: VFL loss: 0.0829, total loss: 0.0541, anchor loss: 0.0253, VFL train accuracy: 0.9701
2026-04-15 04:54:25,344 - Epoch: 49, 81/278: VFL loss: 0.0833, total loss: 0.0543, anchor loss: 0.0252, VFL train accuracy: 0.9697
2026-04-15 04:54:25,619 - Epoch: 49, 91/278: VFL loss: 0.0838, total loss: 0.0545, anchor loss: 0.0252, VFL train accuracy: 0.9694
2026-04-15 04:54:25,884 - Epoch: 49, 101/278: VFL loss: 0.0850, total loss: 0.0552, anchor loss: 0.0253, VFL train accuracy: 0.9689
2026-04-15 04:54:26,166 - Epoch: 49, 111/278: VFL loss: 0.0852, total loss: 0.0552, anchor loss: 0.0251, VFL train accuracy: 0.9688
2026-04-15 04:54:26,437 - Epoch: 49, 121/278: VFL loss: 0.0838, total loss: 0.0545, anchor loss: 0.0251, VFL train accuracy: 0.9693
2026-04-15 04:54:26,710 - Epoch: 49, 131/278: VFL loss: 0.0840, total loss: 0.0545, anchor loss: 0.0250, VFL train accuracy: 0.9695
2026-04-15 04:54:26,991 - Epoch: 49, 141/278: VFL loss: 0.0839, total loss: 0.0544, anchor loss: 0.0249, VFL train accuracy: 0.9696
2026-04-15 04:54:27,242 - Epoch: 49, 151/278: VFL loss: 0.0839, total loss: 0.0544, anchor loss: 0.0249, VFL train accuracy: 0.9696
2026-04-15 04:54:27,482 - Epoch: 49, 161/278: VFL loss: 0.0839, total loss: 0.0544, anchor loss: 0.0248, VFL train accuracy: 0.9696
2026-04-15 04:54:27,735 - Epoch: 49, 171/278: VFL loss: 0.0833, total loss: 0.0541, anchor loss: 0.0248, VFL train accuracy: 0.9696
2026-04-15 04:54:28,013 - Epoch: 49, 181/278: VFL loss: 0.0836, total loss: 0.0542, anchor loss: 0.0249, VFL train accuracy: 0.9694
2026-04-15 04:54:28,260 - Epoch: 49, 191/278: VFL loss: 0.0829, total loss: 0.0540, anchor loss: 0.0250, VFL train accuracy: 0.9698
2026-04-15 04:54:28,546 - Epoch: 49, 201/278: VFL loss: 0.0827, total loss: 0.0538, anchor loss: 0.0250, VFL train accuracy: 0.9697
2026-04-15 04:54:28,808 - Epoch: 49, 211/278: VFL loss: 0.0822, total loss: 0.0535, anchor loss: 0.0249, VFL train accuracy: 0.9700
2026-04-15 04:54:29,064 - Epoch: 49, 221/278: VFL loss: 0.0821, total loss: 0.0535, anchor loss: 0.0249, VFL train accuracy: 0.9702
2026-04-15 04:54:29,307 - Epoch: 49, 231/278: VFL loss: 0.0816, total loss: 0.0532, anchor loss: 0.0248, VFL train accuracy: 0.9703
2026-04-15 04:54:29,590 - Epoch: 49, 241/278: VFL loss: 0.0812, total loss: 0.0530, anchor loss: 0.0248, VFL train accuracy: 0.9705
2026-04-15 04:54:29,843 - Epoch: 49, 251/278: VFL loss: 0.0808, total loss: 0.0528, anchor loss: 0.0248, VFL train accuracy: 0.9707
2026-04-15 04:54:30,089 - Epoch: 49, 261/278: VFL loss: 0.0811, total loss: 0.0530, anchor loss: 0.0248, VFL train accuracy: 0.9706
2026-04-15 04:54:30,342 - Epoch: 49, 271/278: VFL loss: 0.0810, total loss: 0.0529, anchor loss: 0.0248, VFL train accuracy: 0.9705
2026-04-15 04:54:30,560 - => Recorded Stage 2 client anchor losses for epoch 49 to './results/AVGuard/stage3_static_reliability_ablation/PHISHING_static_reliability_on\stage2_final_epoch_client_anchor_losses.json': {0: 0.024514, 1: 0.026262, 2: 0.023744}
2026-04-15 04:54:30,567 - => Stage 2 EMA anchor update applied at epoch 49 with momentum 0.9950: updated classes per client {0: 2, 1: 2, 2: 2}
2026-04-15 04:54:30,568 - => Stage 2 Epoch 49 Training Summary: VFL loss: 0.0809, total loss: 0.0529, anchor loss: 0.0248, VFL train accuracy: 0.9705
2026-04-15 04:54:30,568 - => Test ASR...
2026-04-15 04:54:30,572 - =>Add Trigger to Test Data
2026-04-15 04:54:31,103 - Add Trigger to 6130 Bad Samples, 11600 Clean Samples (1.00)
2026-04-15 04:54:35,019 - => Test Epoch: 49, main task samples: 17730, attack samples: 17730, test loss: 0.1154, clean acc: 0.9302, Top-2: 1.0000, ASR: 0.1475, RAC: 0.9076, test target accuracy: 0.9688, stage3 final accuracy: 0.9302, stage3 final target accuracy: 0.9367, stage3 final asr: 0.1475, anchor loss: 0.0260
2026-04-15 04:54:35,020 - => Stage 3 Detection Summary: recall: 0.8389, precision: 0.8211, f1: 0.8299, false positive rate: 0.0557, correction rate: 0.8389
2026-04-15 04:54:35,020 - => Stage 3 Debug (clean): suspicious=987/17730, correction_applied=983, prediction_changed=983, skipped_tied_vote=0, skipped_low_margin=0, skipped_other=4
2026-04-15 04:54:35,020 - => Stage 3 Debug (poison-valid): suspicious=4630/6130, correction_applied=4630, prediction_changed=4630, skipped_tied_vote=0, skipped_low_margin=0, skipped_other=0
2026-04-15 04:54:35,021 - => Stage 3 Debug (attack-success): suspicious=4612/5498, correction_applied=4612, prediction_changed=4612, corrected_to_true=4612
2026-04-15 04:54:35,021 - => Stage 2 checkpoint score: mean(clean_acc=0.9302, recall=0.8389, correction_rate=0.8389) = 0.8693
2026-04-15 04:54:35,065 - => End Epoch: 49, early stop epochs: 31, best epoch: 18, best clean acc: 0.9250, best Top-2: 1.0000, best ASR: 0.1387, best RAC: 0.9062, anchor loss: 0.0286, best checkpoint score: 0.8726
2026-04-15 04:54:35,065 - => Stage 3 Detection Summary: recall: 0.8463, precision: 0.8105, f1: 0.8280, false positive rate: 0.0596, correction rate: 0.8463
2026-04-15 04:54:35,108 - => LFBA current anchor-derived target label: 0
2026-04-15 04:54:35,112 - =>Add Trigger to Train Data
2026-04-15 04:54:35,335 - Add Trigger to 7091 Bad Samples, 63826 Clean Samples (0.10)
2026-04-15 04:54:35,341 - => Start Training for Injecting Backdoor...
2026-04-15 04:54:35,382 - Epoch: 50, 1/278: VFL loss: 0.1067, total loss: 0.0682, anchor loss: 0.0297, VFL train accuracy: 0.9570
2026-04-15 04:54:35,678 - Epoch: 50, 11/278: VFL loss: 0.0899, total loss: 0.0583, anchor loss: 0.0268, VFL train accuracy: 0.9645
2026-04-15 04:54:35,953 - Epoch: 50, 21/278: VFL loss: 0.0802, total loss: 0.0526, anchor loss: 0.0251, VFL train accuracy: 0.9699
2026-04-15 04:54:36,209 - Epoch: 50, 31/278: VFL loss: 0.0818, total loss: 0.0536, anchor loss: 0.0254, VFL train accuracy: 0.9686
2026-04-15 04:54:36,474 - Epoch: 50, 41/278: VFL loss: 0.0790, total loss: 0.0520, anchor loss: 0.0251, VFL train accuracy: 0.9704
2026-04-15 04:54:36,747 - Epoch: 50, 51/278: VFL loss: 0.0782, total loss: 0.0515, anchor loss: 0.0248, VFL train accuracy: 0.9704
2026-04-15 04:54:37,042 - Epoch: 50, 61/278: VFL loss: 0.0803, total loss: 0.0525, anchor loss: 0.0247, VFL train accuracy: 0.9702
2026-04-15 04:54:37,302 - Epoch: 50, 71/278: VFL loss: 0.0810, total loss: 0.0528, anchor loss: 0.0247, VFL train accuracy: 0.9699
2026-04-15 04:54:37,543 - Epoch: 50, 81/278: VFL loss: 0.0816, total loss: 0.0532, anchor loss: 0.0247, VFL train accuracy: 0.9699
2026-04-15 04:54:37,806 - Epoch: 50, 91/278: VFL loss: 0.0804, total loss: 0.0525, anchor loss: 0.0247, VFL train accuracy: 0.9704
2026-04-15 04:54:38,084 - Epoch: 50, 101/278: VFL loss: 0.0798, total loss: 0.0522, anchor loss: 0.0246, VFL train accuracy: 0.9707
2026-04-15 04:54:38,344 - Epoch: 50, 111/278: VFL loss: 0.0802, total loss: 0.0525, anchor loss: 0.0248, VFL train accuracy: 0.9705
2026-04-15 04:54:38,626 - Epoch: 50, 121/278: VFL loss: 0.0809, total loss: 0.0529, anchor loss: 0.0249, VFL train accuracy: 0.9702
2026-04-15 04:54:38,900 - Epoch: 50, 131/278: VFL loss: 0.0811, total loss: 0.0530, anchor loss: 0.0249, VFL train accuracy: 0.9703
2026-04-15 04:54:39,172 - Epoch: 50, 141/278: VFL loss: 0.0818, total loss: 0.0534, anchor loss: 0.0250, VFL train accuracy: 0.9700
2026-04-15 04:54:39,448 - Epoch: 50, 151/278: VFL loss: 0.0821, total loss: 0.0536, anchor loss: 0.0251, VFL train accuracy: 0.9699
2026-04-15 04:54:39,727 - Epoch: 50, 161/278: VFL loss: 0.0815, total loss: 0.0533, anchor loss: 0.0251, VFL train accuracy: 0.9702
2026-04-15 04:54:40,013 - Epoch: 50, 171/278: VFL loss: 0.0814, total loss: 0.0532, anchor loss: 0.0250, VFL train accuracy: 0.9701
2026-04-15 04:54:40,281 - Epoch: 50, 181/278: VFL loss: 0.0811, total loss: 0.0531, anchor loss: 0.0250, VFL train accuracy: 0.9702
2026-04-15 04:54:40,548 - Epoch: 50, 191/278: VFL loss: 0.0812, total loss: 0.0531, anchor loss: 0.0250, VFL train accuracy: 0.9700
2026-04-15 04:54:40,818 - Epoch: 50, 201/278: VFL loss: 0.0816, total loss: 0.0533, anchor loss: 0.0250, VFL train accuracy: 0.9700
2026-04-15 04:54:41,084 - Epoch: 50, 211/278: VFL loss: 0.0818, total loss: 0.0534, anchor loss: 0.0250, VFL train accuracy: 0.9701
2026-04-15 04:54:41,366 - Epoch: 50, 221/278: VFL loss: 0.0817, total loss: 0.0533, anchor loss: 0.0250, VFL train accuracy: 0.9702
2026-04-15 04:54:41,644 - Epoch: 50, 231/278: VFL loss: 0.0815, total loss: 0.0532, anchor loss: 0.0250, VFL train accuracy: 0.9703
2026-04-15 04:54:41,938 - Epoch: 50, 241/278: VFL loss: 0.0811, total loss: 0.0530, anchor loss: 0.0249, VFL train accuracy: 0.9704
2026-04-15 04:54:42,211 - Epoch: 50, 251/278: VFL loss: 0.0809, total loss: 0.0529, anchor loss: 0.0248, VFL train accuracy: 0.9705
2026-04-15 04:54:42,500 - Epoch: 50, 261/278: VFL loss: 0.0811, total loss: 0.0530, anchor loss: 0.0249, VFL train accuracy: 0.9704
2026-04-15 04:54:42,793 - Epoch: 50, 271/278: VFL loss: 0.0809, total loss: 0.0528, anchor loss: 0.0248, VFL train accuracy: 0.9706
2026-04-15 04:54:43,001 - => Recorded Stage 2 client anchor losses for epoch 50 to './results/AVGuard/stage3_static_reliability_ablation/PHISHING_static_reliability_on\stage2_final_epoch_client_anchor_losses.json': {0: 0.024471, 1: 0.026191, 2: 0.02363}
2026-04-15 04:54:43,008 - => Stage 2 EMA anchor update applied at epoch 50 with momentum 0.9950: updated classes per client {0: 2, 1: 2, 2: 2}
2026-04-15 04:54:43,008 - => Stage 2 Epoch 50 Training Summary: VFL loss: 0.0808, total loss: 0.0528, anchor loss: 0.0248, VFL train accuracy: 0.9705
2026-04-15 04:54:43,008 - => Test ASR...
2026-04-15 04:54:43,011 - =>Add Trigger to Test Data
2026-04-15 04:54:43,534 - Add Trigger to 6130 Bad Samples, 11600 Clean Samples (1.00)
2026-04-15 04:54:47,221 - => Test Epoch: 50, main task samples: 17730, attack samples: 17730, test loss: 0.1154, clean acc: 0.9305, Top-2: 1.0000, ASR: 0.1486, RAC: 0.9076, test target accuracy: 0.9693, stage3 final accuracy: 0.9305, stage3 final target accuracy: 0.9373, stage3 final asr: 0.1486, anchor loss: 0.0260
2026-04-15 04:54:47,222 - => Stage 3 Detection Summary: recall: 0.8378, precision: 0.8216, f1: 0.8296, false positive rate: 0.0554, correction rate: 0.8376
2026-04-15 04:54:47,222 - => Stage 3 Debug (clean): suspicious=982/17730, correction_applied=978, prediction_changed=978, skipped_tied_vote=0, skipped_low_margin=0, skipped_other=4
2026-04-15 04:54:47,222 - => Stage 3 Debug (poison-valid): suspicious=4624/6130, correction_applied=4623, prediction_changed=4623, skipped_tied_vote=0, skipped_low_margin=0, skipped_other=1
2026-04-15 04:54:47,222 - => Stage 3 Debug (attack-success): suspicious=4606/5498, correction_applied=4605, prediction_changed=4605, corrected_to_true=4605
2026-04-15 04:54:47,223 - => Stage 2 checkpoint score: mean(clean_acc=0.9305, recall=0.8378, correction_rate=0.8376) = 0.8686
2026-04-15 04:54:47,259 - => End Epoch: 50, early stop epochs: 32, best epoch: 18, best clean acc: 0.9250, best Top-2: 1.0000, best ASR: 0.1387, best RAC: 0.9062, anchor loss: 0.0286, best checkpoint score: 0.8726
2026-04-15 04:54:47,259 - => Stage 3 Detection Summary: recall: 0.8463, precision: 0.8105, f1: 0.8280, false positive rate: 0.0596, correction rate: 0.8463
