2026-04-10 00:00:28,405 - Namespace(config='', data_dir='./dataset/data_raw/', dataset='NUSWIDE', device=0, results_dir='./results/AVGuard/Fourclient/NUSWIDE/ema_scan/lambda_1.0_ema_0.999', seed=100, epoch=50, batch_size=256, client_num=4, pretrained_checkpoint=None, test_checkpoint=None, resume_latest=False, lr=0.001, start_epoch=0, print_steps=10, early_stop=0, attack='LFBA', target_label=None, poison_rate=0.1, poison_dimensions=10, trigger_feature_clip=1.0, attack_client_num=3, feature_extractor='', select_rate=0.3, lfba_poison_source='gradient', random_select=False, poison_all=False, anchor_idx=33930, pretrain_stage=0, mode='train', defense='anchor', defense_scheme='AVGuard', enable_stage1=True, force_stage1_retrain=False, enable_anchor_loss=True, lambda_anchor=1.0, lambda_stage1_anchor=0.3, anchor_pretrain_epochs=20, anchor_pretrain_early_stop=5, anchor_pretrain_min_delta=0.0001, anchor_scale=16.0, anchor_margin=0.2, anchor_bank_path='./results/AVGuard/Fourclient/NUSWIDE/NUSWIDE_anchor_stage1_4clients_chcm55_corr_edhwt/anchor_bank.pt', anchor_stage1_dir='./results/AVGuard/Fourclient/NUSWIDE/NUSWIDE_anchor_stage1_4clients_chcm55_corr_edhwt/anchor_stage1', anchor_ema_momentum=0.999, anchor_ema_update_freq=1, stage3_enable_joint_weighted_voting=True, stage3_enable_static_reliability=True, gamma=2.0, theta_supp=0.15, enable_conservative_correction=False, tau_corr=0.0, top_k=4, stage3_debug_batches=0, stage3_debug_max_samples=8, original_dataset='NUSWIDE', attack_target_label=None, anchor_margin_auto_adjusted=False, requested_anchor_margin=0.2)
2026-04-10 00:00:28,407 - => Defense scheme: AVGuard
2026-04-10 00:00:28,407 - => LFBA poison-set source: gradient
2026-04-10 00:00:28,407 - => Python executable: D:\Code\Miniconda\envs\backdoor\python.exe
2026-04-10 00:00:28,407 - => Torch version: 2.5.1+cu121, compiled CUDA: 12.1, cuda available: True, visible GPU count: 1
2026-04-10 00:00:28,407 - => Using GPU cuda:0 (NVIDIA GeForce RTX 4060 Laptop GPU)
2026-04-10 00:00:28,407 - => Preparing data...
2026-04-10 00:01:21,988 - => NUSWIDE total feature dim: 1634, client_num: 4, local output dims: [60, 16, 8, 16]
2026-04-10 00:01:21,988 - => NUSWIDE fixed feature order: [CH | CM55 | CORR | EDH | WT | Tags1k]
2026-04-10 00:01:21,988 - => NUSWIDE split: client0 = TEXT[1000]
2026-04-10 00:01:21,988 - => NUSWIDE split: client1 = CH + CM55 [289]
2026-04-10 00:01:21,989 - => NUSWIDE split: client2 = CORR [144]
2026-04-10 00:01:21,989 - => NUSWIDE split: client3 = EDH + WT [201]
2026-04-10 00:01:21,989 - => NUSWIDE attacker client: client3
2026-04-10 00:01:22,089 - => Resolved LFBA attack target label=3 from training anchor_idx=33930
2026-04-10 00:01:22,314 - => Loading stage1 local models and anchors from './results/AVGuard/Fourclient/NUSWIDE/NUSWIDE_anchor_stage1_4clients_chcm55_corr_edhwt/anchor_stage1/stage1_artifact.pt'
2026-04-10 00:01:22,427 - => Stage 3 is ready; it will use Stage 1 client reliability from the loaded anchor state when available. Stage 2 client anchor-loss stats are optional diagnostics.
2026-04-10 00:01:22,480 - =>Add Trigger to Test Data
2026-04-10 00:01:26,049 - Add Trigger to 37064 Bad Samples, 9629 Clean Samples (1.00)
2026-04-10 00:01:26,050 - => Start Training with LFBA...
2026-04-10 00:01:26,050 - => Enter Stage 2: joint VFL training starts from stage1 passive local backbones with frozen anchor heads
2026-04-10 00:01:26,050 - => Stage 2 anchor loss enabled: True
2026-04-10 00:01:26,050 - => Stage 2 EMA anchor calibration: momentum=0.9990, update_freq=1 epoch(s)
2026-04-10 00:01:26,050 - => Stage 2 latest checkpoint path: './results/AVGuard/Fourclient/NUSWIDE/ema_scan/lambda_1.0_ema_0.999\latest_checkpoint.pth.tar'
2026-04-10 00:01:26,050 - => Stage 2 best checkpoint path: './results/AVGuard/Fourclient/NUSWIDE/ema_scan/lambda_1.0_ema_0.999\best_checkpoint.pth.tar'
2026-04-10 00:01:26,055 - => Start Training for Injecting Backdoor...
2026-04-10 00:01:26,494 - Epoch: 1, 1/274: VFL loss: 1.6296, total loss: 1.7041, anchor loss: 0.0746, VFL train accuracy: 0.1211
2026-04-10 00:01:27,000 - Epoch: 1, 11/274: VFL loss: 1.4034, total loss: 1.4744, anchor loss: 0.0710, VFL train accuracy: 0.5327
2026-04-10 00:01:27,354 - Epoch: 1, 21/274: VFL loss: 1.1125, total loss: 1.1880, anchor loss: 0.0755, VFL train accuracy: 0.6468
2026-04-10 00:01:27,702 - Epoch: 1, 31/274: VFL loss: 0.9338, total loss: 1.0132, anchor loss: 0.0794, VFL train accuracy: 0.7088
2026-04-10 00:01:28,092 - Epoch: 1, 41/274: VFL loss: 0.8053, total loss: 0.8857, anchor loss: 0.0804, VFL train accuracy: 0.7522
2026-04-10 00:01:28,451 - Epoch: 1, 51/274: VFL loss: 0.7260, total loss: 0.8068, anchor loss: 0.0808, VFL train accuracy: 0.7758
2026-04-10 00:01:28,798 - Epoch: 1, 61/274: VFL loss: 0.6633, total loss: 0.7440, anchor loss: 0.0807, VFL train accuracy: 0.7942
2026-04-10 00:01:29,155 - Epoch: 1, 71/274: VFL loss: 0.6155, total loss: 0.6960, anchor loss: 0.0805, VFL train accuracy: 0.8080
2026-04-10 00:01:29,512 - Epoch: 1, 81/274: VFL loss: 0.5792, total loss: 0.6595, anchor loss: 0.0803, VFL train accuracy: 0.8191
2026-04-10 00:01:29,936 - Epoch: 1, 91/274: VFL loss: 0.5543, total loss: 0.6344, anchor loss: 0.0801, VFL train accuracy: 0.8263
2026-04-10 00:01:30,298 - Epoch: 1, 101/274: VFL loss: 0.5327, total loss: 0.6128, anchor loss: 0.0801, VFL train accuracy: 0.8326
2026-04-10 00:01:30,655 - Epoch: 1, 111/274: VFL loss: 0.5129, total loss: 0.5927, anchor loss: 0.0798, VFL train accuracy: 0.8386
2026-04-10 00:01:31,036 - Epoch: 1, 121/274: VFL loss: 0.4995, total loss: 0.5794, anchor loss: 0.0799, VFL train accuracy: 0.8431
2026-04-10 00:01:31,407 - Epoch: 1, 131/274: VFL loss: 0.4821, total loss: 0.5616, anchor loss: 0.0795, VFL train accuracy: 0.8484
2026-04-10 00:01:31,773 - Epoch: 1, 141/274: VFL loss: 0.4719, total loss: 0.5513, anchor loss: 0.0794, VFL train accuracy: 0.8512
2026-04-10 00:01:32,172 - Epoch: 1, 151/274: VFL loss: 0.4607, total loss: 0.5400, anchor loss: 0.0792, VFL train accuracy: 0.8539
2026-04-10 00:01:32,620 - Epoch: 1, 161/274: VFL loss: 0.4501, total loss: 0.5292, anchor loss: 0.0791, VFL train accuracy: 0.8572
2026-04-10 00:01:33,036 - Epoch: 1, 171/274: VFL loss: 0.4407, total loss: 0.5196, anchor loss: 0.0789, VFL train accuracy: 0.8603
2026-04-10 00:01:33,413 - Epoch: 1, 181/274: VFL loss: 0.4331, total loss: 0.5118, anchor loss: 0.0787, VFL train accuracy: 0.8626
2026-04-10 00:01:33,812 - Epoch: 1, 191/274: VFL loss: 0.4254, total loss: 0.5039, anchor loss: 0.0786, VFL train accuracy: 0.8648
2026-04-10 00:01:34,221 - Epoch: 1, 201/274: VFL loss: 0.4180, total loss: 0.4963, anchor loss: 0.0783, VFL train accuracy: 0.8670
2026-04-10 00:01:34,582 - Epoch: 1, 211/274: VFL loss: 0.4110, total loss: 0.4891, anchor loss: 0.0781, VFL train accuracy: 0.8693
2026-04-10 00:01:34,957 - Epoch: 1, 221/274: VFL loss: 0.4044, total loss: 0.4823, anchor loss: 0.0779, VFL train accuracy: 0.8710
2026-04-10 00:01:35,330 - Epoch: 1, 231/274: VFL loss: 0.3989, total loss: 0.4767, anchor loss: 0.0778, VFL train accuracy: 0.8727
2026-04-10 00:01:35,712 - Epoch: 1, 241/274: VFL loss: 0.3941, total loss: 0.4718, anchor loss: 0.0777, VFL train accuracy: 0.8741
2026-04-10 00:01:36,119 - Epoch: 1, 251/274: VFL loss: 0.3902, total loss: 0.4677, anchor loss: 0.0776, VFL train accuracy: 0.8750
2026-04-10 00:01:36,495 - Epoch: 1, 261/274: VFL loss: 0.3872, total loss: 0.4648, anchor loss: 0.0775, VFL train accuracy: 0.8757
2026-04-10 00:01:36,852 - Epoch: 1, 271/274: VFL loss: 0.3832, total loss: 0.4606, anchor loss: 0.0774, VFL train accuracy: 0.8767
2026-04-10 00:01:37,122 - => Recorded Stage 2 client anchor losses for epoch 1 to './results/AVGuard/Fourclient/NUSWIDE/ema_scan/lambda_1.0_ema_0.999\stage2_final_epoch_client_anchor_losses.json': {0: 0.077204, 1: 0.078971, 2: 0.065851, 3: 0.087393}
2026-04-10 00:01:37,175 - => Stage 2 EMA anchor update applied at epoch 1 with momentum 0.9990: updated classes per client {0: 5, 1: 5, 2: 5, 3: 5}
2026-04-10 00:01:37,175 - => Stage 2 Epoch 1 Training Summary: VFL loss: 0.3816, total loss: 0.4589, anchor loss: 0.0773, VFL train accuracy: 0.8772
2026-04-10 00:01:37,175 - => Test ASR...
2026-04-10 00:01:37,279 - =>Add Trigger to Test Data
2026-04-10 00:01:40,782 - Add Trigger to 37064 Bad Samples, 9629 Clean Samples (1.00)
2026-04-10 00:01:53,534 - => Test Epoch: 1, main task samples: 46693, attack samples: 46693, test loss: 0.3242, clean acc: 0.5959, Top-4: 0.9966, ASR: 0.3630, RAC: 0.5313, test target accuracy: 0.8939, stage3 final accuracy: 0.5959, stage3 final target accuracy: 0.5940, stage3 final asr: 0.3630, anchor loss: 0.0788
2026-04-10 00:01:53,534 - => Stage 3 Detection Summary: recall: 0.8055, precision: 0.1636, f1: 0.2720, false positive rate: 0.4208, correction rate: 0.5521
2026-04-10 00:01:53,534 - => Stage 3 Debug (clean): suspicious=19648/46693, correction_applied=19606, prediction_changed=19606, skipped_tied_vote=0, skipped_low_margin=0, skipped_other=42
2026-04-10 00:01:53,534 - => Stage 3 Debug (poison-valid): suspicious=21390/37064, correction_applied=21389, prediction_changed=21389, skipped_tied_vote=0, skipped_low_margin=0, skipped_other=1
2026-04-10 00:01:53,534 - => Stage 3 Debug (attack-success): suspicious=6714/8335, correction_applied=6713, prediction_changed=6713, corrected_to_true=4602
2026-04-10 00:01:53,535 - => Save best model...
2026-04-10 00:01:53,704 - => End Epoch: 1, early stop epochs: 0, best epoch: 1, best clean acc: 0.5959, best Top-4: 0.9966, best ASR: 0.3630, best RAC: 0.5313, anchor loss: 0.0788
2026-04-10 00:01:53,705 - => Stage 3 Detection Summary: recall: 0.8055, precision: 0.1636, f1: 0.2720, false positive rate: 0.4208, correction rate: 0.5521
2026-04-10 00:01:53,725 - => Rebuilt LFBA poison set from cached gradients: anchor label=3, poison samples=6996, same-label poison samples=4407, consistent rate=0.6299
2026-04-10 00:01:53,760 - => LFBA current anchor-derived target label: 3
2026-04-10 00:01:53,835 - =>Add Trigger to Train Data
2026-04-10 00:01:54,234 - Add Trigger to 6996 Bad Samples, 62970 Clean Samples (0.10)
2026-04-10 00:01:54,237 - => Start Training for Injecting Backdoor...
2026-04-10 00:01:54,298 - Epoch: 2, 1/274: VFL loss: 0.2426, total loss: 0.3169, anchor loss: 0.0743, VFL train accuracy: 0.9102
2026-04-10 00:01:55,144 - Epoch: 2, 11/274: VFL loss: 0.2186, total loss: 0.2892, anchor loss: 0.0706, VFL train accuracy: 0.9283
2026-04-10 00:01:55,535 - Epoch: 2, 21/274: VFL loss: 0.2100, total loss: 0.2802, anchor loss: 0.0702, VFL train accuracy: 0.9315
2026-04-10 00:01:55,925 - Epoch: 2, 31/274: VFL loss: 0.2111, total loss: 0.2811, anchor loss: 0.0701, VFL train accuracy: 0.9316
2026-04-10 00:01:56,300 - Epoch: 2, 41/274: VFL loss: 0.2117, total loss: 0.2818, anchor loss: 0.0700, VFL train accuracy: 0.9312
2026-04-10 00:01:56,673 - Epoch: 2, 51/274: VFL loss: 0.2125, total loss: 0.2827, anchor loss: 0.0702, VFL train accuracy: 0.9295
2026-04-10 00:01:57,086 - Epoch: 2, 61/274: VFL loss: 0.2117, total loss: 0.2820, anchor loss: 0.0703, VFL train accuracy: 0.9292
2026-04-10 00:01:57,509 - Epoch: 2, 71/274: VFL loss: 0.2116, total loss: 0.2819, anchor loss: 0.0703, VFL train accuracy: 0.9291
2026-04-10 00:01:57,879 - Epoch: 2, 81/274: VFL loss: 0.2175, total loss: 0.2881, anchor loss: 0.0706, VFL train accuracy: 0.9272
2026-04-10 00:01:58,253 - Epoch: 2, 91/274: VFL loss: 0.2170, total loss: 0.2876, anchor loss: 0.0705, VFL train accuracy: 0.9269
2026-04-10 00:01:58,638 - Epoch: 2, 101/274: VFL loss: 0.2182, total loss: 0.2887, anchor loss: 0.0705, VFL train accuracy: 0.9269
2026-04-10 00:01:59,011 - Epoch: 2, 111/274: VFL loss: 0.2184, total loss: 0.2890, anchor loss: 0.0706, VFL train accuracy: 0.9264
2026-04-10 00:01:59,409 - Epoch: 2, 121/274: VFL loss: 0.2184, total loss: 0.2890, anchor loss: 0.0706, VFL train accuracy: 0.9264
2026-04-10 00:01:59,795 - Epoch: 2, 131/274: VFL loss: 0.2185, total loss: 0.2890, anchor loss: 0.0705, VFL train accuracy: 0.9269
2026-04-10 00:02:00,185 - Epoch: 2, 141/274: VFL loss: 0.2174, total loss: 0.2879, anchor loss: 0.0705, VFL train accuracy: 0.9270
2026-04-10 00:02:00,541 - Epoch: 2, 151/274: VFL loss: 0.2155, total loss: 0.2858, anchor loss: 0.0703, VFL train accuracy: 0.9278
2026-04-10 00:02:00,903 - Epoch: 2, 161/274: VFL loss: 0.2153, total loss: 0.2856, anchor loss: 0.0703, VFL train accuracy: 0.9279
2026-04-10 00:02:01,280 - Epoch: 2, 171/274: VFL loss: 0.2160, total loss: 0.2864, anchor loss: 0.0703, VFL train accuracy: 0.9278
2026-04-10 00:02:01,652 - Epoch: 2, 181/274: VFL loss: 0.2157, total loss: 0.2858, anchor loss: 0.0701, VFL train accuracy: 0.9279
2026-04-10 00:02:02,039 - Epoch: 2, 191/274: VFL loss: 0.2163, total loss: 0.2864, anchor loss: 0.0701, VFL train accuracy: 0.9275
2026-04-10 00:02:02,405 - Epoch: 2, 201/274: VFL loss: 0.2171, total loss: 0.2873, anchor loss: 0.0702, VFL train accuracy: 0.9275
2026-04-10 00:02:02,806 - Epoch: 2, 211/274: VFL loss: 0.2180, total loss: 0.2882, anchor loss: 0.0702, VFL train accuracy: 0.9274
2026-04-10 00:02:03,186 - Epoch: 2, 221/274: VFL loss: 0.2173, total loss: 0.2875, anchor loss: 0.0702, VFL train accuracy: 0.9276
2026-04-10 00:02:03,564 - Epoch: 2, 231/274: VFL loss: 0.2178, total loss: 0.2880, anchor loss: 0.0703, VFL train accuracy: 0.9275
2026-04-10 00:02:03,943 - Epoch: 2, 241/274: VFL loss: 0.2188, total loss: 0.2891, anchor loss: 0.0703, VFL train accuracy: 0.9270
2026-04-10 00:02:04,297 - Epoch: 2, 251/274: VFL loss: 0.2189, total loss: 0.2892, anchor loss: 0.0703, VFL train accuracy: 0.9268
2026-04-10 00:02:04,664 - Epoch: 2, 261/274: VFL loss: 0.2182, total loss: 0.2884, anchor loss: 0.0702, VFL train accuracy: 0.9270
2026-04-10 00:02:05,042 - Epoch: 2, 271/274: VFL loss: 0.2193, total loss: 0.2896, anchor loss: 0.0703, VFL train accuracy: 0.9267
2026-04-10 00:02:05,177 - => Recorded Stage 2 client anchor losses for epoch 2 to './results/AVGuard/Fourclient/NUSWIDE/ema_scan/lambda_1.0_ema_0.999\stage2_final_epoch_client_anchor_losses.json': {0: 0.061493, 1: 0.074701, 2: 0.064027, 3: 0.080848}
2026-04-10 00:02:05,185 - => Stage 2 EMA anchor update applied at epoch 2 with momentum 0.9990: updated classes per client {0: 5, 1: 5, 2: 5, 3: 5}
2026-04-10 00:02:05,186 - => Stage 2 Epoch 2 Training Summary: VFL loss: 0.2193, total loss: 0.2896, anchor loss: 0.0702, VFL train accuracy: 0.9267
2026-04-10 00:02:05,186 - => Test ASR...
2026-04-10 00:02:05,296 - =>Add Trigger to Test Data
2026-04-10 00:02:09,374 - Add Trigger to 37064 Bad Samples, 9629 Clean Samples (1.00)
2026-04-10 00:02:22,695 - => Test Epoch: 2, main task samples: 46693, attack samples: 46693, test loss: 0.3441, clean acc: 0.5900, Top-4: 0.9966, ASR: 0.3584, RAC: 0.5382, test target accuracy: 0.9159, stage3 final accuracy: 0.5900, stage3 final target accuracy: 0.5867, stage3 final asr: 0.3584, anchor loss: 0.0778
2026-04-10 00:02:22,696 - => Stage 3 Detection Summary: recall: 0.8176, precision: 0.2178, f1: 0.3440, false positive rate: 0.4245, correction rate: 0.5756
2026-04-10 00:02:22,696 - => Stage 3 Debug (clean): suspicious=19821/46693, correction_applied=19771, prediction_changed=19771, skipped_tied_vote=0, skipped_low_margin=0, skipped_other=50
2026-04-10 00:02:22,696 - => Stage 3 Debug (poison-valid): suspicious=21874/37064, correction_applied=21873, prediction_changed=21873, skipped_tied_vote=0, skipped_low_margin=0, skipped_other=1
2026-04-10 00:02:22,696 - => Stage 3 Debug (attack-success): suspicious=9082/11108, correction_applied=9082, prediction_changed=9082, corrected_to_true=6394
2026-04-10 00:02:22,771 - => End Epoch: 2, early stop epochs: 1, best epoch: 1, best clean acc: 0.5959, best Top-4: 0.9966, best ASR: 0.3630, best RAC: 0.5313, anchor loss: 0.0788
2026-04-10 00:02:22,772 - => Stage 3 Detection Summary: recall: 0.8055, precision: 0.1636, f1: 0.2720, false positive rate: 0.4208, correction rate: 0.5521
2026-04-10 00:02:22,815 - => LFBA current anchor-derived target label: 3
2026-04-10 00:02:22,891 - =>Add Trigger to Train Data
2026-04-10 00:02:23,302 - Add Trigger to 6996 Bad Samples, 62970 Clean Samples (0.10)
2026-04-10 00:02:23,308 - => Start Training for Injecting Backdoor...
2026-04-10 00:02:23,372 - Epoch: 3, 1/274: VFL loss: 0.1367, total loss: 0.2058, anchor loss: 0.0691, VFL train accuracy: 0.9688
2026-04-10 00:02:24,160 - Epoch: 3, 11/274: VFL loss: 0.1487, total loss: 0.2171, anchor loss: 0.0684, VFL train accuracy: 0.9545
2026-04-10 00:02:24,632 - Epoch: 3, 21/274: VFL loss: 0.1539, total loss: 0.2225, anchor loss: 0.0687, VFL train accuracy: 0.9500
2026-04-10 00:02:25,037 - Epoch: 3, 31/274: VFL loss: 0.1504, total loss: 0.2188, anchor loss: 0.0685, VFL train accuracy: 0.9515
2026-04-10 00:02:25,420 - Epoch: 3, 41/274: VFL loss: 0.1489, total loss: 0.2175, anchor loss: 0.0686, VFL train accuracy: 0.9520
2026-04-10 00:02:25,771 - Epoch: 3, 51/274: VFL loss: 0.1493, total loss: 0.2178, anchor loss: 0.0685, VFL train accuracy: 0.9520
2026-04-10 00:02:26,169 - Epoch: 3, 61/274: VFL loss: 0.1483, total loss: 0.2168, anchor loss: 0.0685, VFL train accuracy: 0.9527
2026-04-10 00:02:26,553 - Epoch: 3, 71/274: VFL loss: 0.1484, total loss: 0.2168, anchor loss: 0.0684, VFL train accuracy: 0.9531
2026-04-10 00:02:26,945 - Epoch: 3, 81/274: VFL loss: 0.1505, total loss: 0.2190, anchor loss: 0.0686, VFL train accuracy: 0.9518
2026-04-10 00:02:27,324 - Epoch: 3, 91/274: VFL loss: 0.1516, total loss: 0.2203, anchor loss: 0.0687, VFL train accuracy: 0.9512
2026-04-10 00:02:27,694 - Epoch: 3, 101/274: VFL loss: 0.1529, total loss: 0.2217, anchor loss: 0.0688, VFL train accuracy: 0.9509
2026-04-10 00:02:28,090 - Epoch: 3, 111/274: VFL loss: 0.1526, total loss: 0.2213, anchor loss: 0.0687, VFL train accuracy: 0.9508
2026-04-10 00:02:28,462 - Epoch: 3, 121/274: VFL loss: 0.1525, total loss: 0.2212, anchor loss: 0.0687, VFL train accuracy: 0.9508
2026-04-10 00:02:28,842 - Epoch: 3, 131/274: VFL loss: 0.1530, total loss: 0.2217, anchor loss: 0.0688, VFL train accuracy: 0.9504
2026-04-10 00:02:29,256 - Epoch: 3, 141/274: VFL loss: 0.1523, total loss: 0.2211, anchor loss: 0.0688, VFL train accuracy: 0.9505
2026-04-10 00:02:29,641 - Epoch: 3, 151/274: VFL loss: 0.1530, total loss: 0.2218, anchor loss: 0.0688, VFL train accuracy: 0.9502
2026-04-10 00:02:30,030 - Epoch: 3, 161/274: VFL loss: 0.1550, total loss: 0.2238, anchor loss: 0.0688, VFL train accuracy: 0.9497
2026-04-10 00:02:30,457 - Epoch: 3, 171/274: VFL loss: 0.1550, total loss: 0.2239, anchor loss: 0.0689, VFL train accuracy: 0.9496
2026-04-10 00:02:30,844 - Epoch: 3, 181/274: VFL loss: 0.1546, total loss: 0.2234, anchor loss: 0.0688, VFL train accuracy: 0.9496
2026-04-10 00:02:31,243 - Epoch: 3, 191/274: VFL loss: 0.1553, total loss: 0.2241, anchor loss: 0.0688, VFL train accuracy: 0.9495
2026-04-10 00:02:31,648 - Epoch: 3, 201/274: VFL loss: 0.1568, total loss: 0.2257, anchor loss: 0.0689, VFL train accuracy: 0.9489
2026-04-10 00:02:32,051 - Epoch: 3, 211/274: VFL loss: 0.1587, total loss: 0.2277, anchor loss: 0.0690, VFL train accuracy: 0.9481
2026-04-10 00:02:32,429 - Epoch: 3, 221/274: VFL loss: 0.1589, total loss: 0.2279, anchor loss: 0.0690, VFL train accuracy: 0.9478
2026-04-10 00:02:32,808 - Epoch: 3, 231/274: VFL loss: 0.1591, total loss: 0.2280, anchor loss: 0.0690, VFL train accuracy: 0.9477
2026-04-10 00:02:33,216 - Epoch: 3, 241/274: VFL loss: 0.1591, total loss: 0.2280, anchor loss: 0.0689, VFL train accuracy: 0.9475
2026-04-10 00:02:33,603 - Epoch: 3, 251/274: VFL loss: 0.1593, total loss: 0.2282, anchor loss: 0.0689, VFL train accuracy: 0.9474
2026-04-10 00:02:33,985 - Epoch: 3, 261/274: VFL loss: 0.1600, total loss: 0.2288, anchor loss: 0.0689, VFL train accuracy: 0.9471
2026-04-10 00:02:34,367 - Epoch: 3, 271/274: VFL loss: 0.1602, total loss: 0.2290, anchor loss: 0.0689, VFL train accuracy: 0.9469
2026-04-10 00:02:34,513 - => Recorded Stage 2 client anchor losses for epoch 3 to './results/AVGuard/Fourclient/NUSWIDE/ema_scan/lambda_1.0_ema_0.999\stage2_final_epoch_client_anchor_losses.json': {0: 0.056422, 1: 0.07332, 2: 0.063372, 3: 0.082385}
2026-04-10 00:02:34,522 - => Stage 2 EMA anchor update applied at epoch 3 with momentum 0.9990: updated classes per client {0: 5, 1: 5, 2: 5, 3: 5}
2026-04-10 00:02:34,522 - => Stage 2 Epoch 3 Training Summary: VFL loss: 0.1607, total loss: 0.2296, anchor loss: 0.0689, VFL train accuracy: 0.9468
2026-04-10 00:02:34,522 - => Test ASR...
2026-04-10 00:02:34,632 - =>Add Trigger to Test Data
2026-04-10 00:02:38,198 - Add Trigger to 37064 Bad Samples, 9629 Clean Samples (1.00)
2026-04-10 00:02:50,901 - => Test Epoch: 3, main task samples: 46693, attack samples: 46693, test loss: 0.3668, clean acc: 0.5926, Top-4: 0.9964, ASR: 0.4204, RAC: 0.4992, test target accuracy: 0.8841, stage3 final accuracy: 0.5926, stage3 final target accuracy: 0.6061, stage3 final asr: 0.4204, anchor loss: 0.0765
2026-04-10 00:02:50,901 - => Stage 3 Detection Summary: recall: 0.7940, precision: 0.1453, f1: 0.2456, false positive rate: 0.4366, correction rate: 0.5273
2026-04-10 00:02:50,901 - => Stage 3 Debug (clean): suspicious=20384/46693, correction_applied=20328, prediction_changed=20328, skipped_tied_vote=0, skipped_low_margin=0, skipped_other=56
2026-04-10 00:02:50,901 - => Stage 3 Debug (poison-valid): suspicious=22258/37064, correction_applied=22257, prediction_changed=22257, skipped_tied_vote=0, skipped_low_margin=0, skipped_other=1
2026-04-10 00:02:50,902 - => Stage 3 Debug (attack-success): suspicious=6196/7804, correction_applied=6195, prediction_changed=6195, corrected_to_true=4115
2026-04-10 00:02:50,982 - => End Epoch: 3, early stop epochs: 2, best epoch: 1, best clean acc: 0.5959, best Top-4: 0.9966, best ASR: 0.3630, best RAC: 0.5313, anchor loss: 0.0788
2026-04-10 00:02:50,982 - => Stage 3 Detection Summary: recall: 0.8055, precision: 0.1636, f1: 0.2720, false positive rate: 0.4208, correction rate: 0.5521
2026-04-10 00:02:51,028 - => LFBA current anchor-derived target label: 3
2026-04-10 00:02:51,104 - =>Add Trigger to Train Data
2026-04-10 00:02:51,480 - Add Trigger to 6996 Bad Samples, 62970 Clean Samples (0.10)
2026-04-10 00:02:51,482 - => Start Training for Injecting Backdoor...
2026-04-10 00:02:51,545 - Epoch: 4, 1/274: VFL loss: 0.0625, total loss: 0.1289, anchor loss: 0.0664, VFL train accuracy: 0.9844
2026-04-10 00:02:52,248 - Epoch: 4, 11/274: VFL loss: 0.1076, total loss: 0.1732, anchor loss: 0.0655, VFL train accuracy: 0.9663
2026-04-10 00:02:52,734 - Epoch: 4, 21/274: VFL loss: 0.1063, total loss: 0.1723, anchor loss: 0.0660, VFL train accuracy: 0.9673
2026-04-10 00:02:53,194 - Epoch: 4, 31/274: VFL loss: 0.1062, total loss: 0.1719, anchor loss: 0.0658, VFL train accuracy: 0.9671
2026-04-10 00:02:53,581 - Epoch: 4, 41/274: VFL loss: 0.1066, total loss: 0.1722, anchor loss: 0.0656, VFL train accuracy: 0.9666
2026-04-10 00:02:53,962 - Epoch: 4, 51/274: VFL loss: 0.1026, total loss: 0.1681, anchor loss: 0.0655, VFL train accuracy: 0.9677
2026-04-10 00:02:54,335 - Epoch: 4, 61/274: VFL loss: 0.1012, total loss: 0.1668, anchor loss: 0.0656, VFL train accuracy: 0.9680
2026-04-10 00:02:54,697 - Epoch: 4, 71/274: VFL loss: 0.1020, total loss: 0.1677, anchor loss: 0.0657, VFL train accuracy: 0.9678
2026-04-10 00:02:55,115 - Epoch: 4, 81/274: VFL loss: 0.1031, total loss: 0.1690, anchor loss: 0.0659, VFL train accuracy: 0.9674
2026-04-10 00:02:55,493 - Epoch: 4, 91/274: VFL loss: 0.1039, total loss: 0.1699, anchor loss: 0.0660, VFL train accuracy: 0.9667
2026-04-10 00:02:55,870 - Epoch: 4, 101/274: VFL loss: 0.1053, total loss: 0.1715, anchor loss: 0.0662, VFL train accuracy: 0.9660
2026-04-10 00:02:56,241 - Epoch: 4, 111/274: VFL loss: 0.1048, total loss: 0.1710, anchor loss: 0.0661, VFL train accuracy: 0.9661
2026-04-10 00:02:56,630 - Epoch: 4, 121/274: VFL loss: 0.1051, total loss: 0.1712, anchor loss: 0.0661, VFL train accuracy: 0.9661
2026-04-10 00:02:57,018 - Epoch: 4, 131/274: VFL loss: 0.1051, total loss: 0.1713, anchor loss: 0.0662, VFL train accuracy: 0.9661
2026-04-10 00:02:57,379 - Epoch: 4, 141/274: VFL loss: 0.1045, total loss: 0.1707, anchor loss: 0.0662, VFL train accuracy: 0.9661
2026-04-10 00:02:57,807 - Epoch: 4, 151/274: VFL loss: 0.1058, total loss: 0.1721, anchor loss: 0.0663, VFL train accuracy: 0.9655
2026-04-10 00:02:58,207 - Epoch: 4, 161/274: VFL loss: 0.1058, total loss: 0.1722, anchor loss: 0.0664, VFL train accuracy: 0.9655
2026-04-10 00:02:58,597 - Epoch: 4, 171/274: VFL loss: 0.1073, total loss: 0.1737, anchor loss: 0.0664, VFL train accuracy: 0.9650
2026-04-10 00:02:58,986 - Epoch: 4, 181/274: VFL loss: 0.1083, total loss: 0.1750, anchor loss: 0.0666, VFL train accuracy: 0.9648
2026-04-10 00:02:59,362 - Epoch: 4, 191/274: VFL loss: 0.1087, total loss: 0.1754, anchor loss: 0.0667, VFL train accuracy: 0.9646
2026-04-10 00:02:59,737 - Epoch: 4, 201/274: VFL loss: 0.1093, total loss: 0.1759, anchor loss: 0.0667, VFL train accuracy: 0.9644
2026-04-10 00:03:00,107 - Epoch: 4, 211/274: VFL loss: 0.1099, total loss: 0.1765, anchor loss: 0.0667, VFL train accuracy: 0.9641
2026-04-10 00:03:00,486 - Epoch: 4, 221/274: VFL loss: 0.1111, total loss: 0.1779, anchor loss: 0.0668, VFL train accuracy: 0.9637
2026-04-10 00:03:00,859 - Epoch: 4, 231/274: VFL loss: 0.1119, total loss: 0.1788, anchor loss: 0.0668, VFL train accuracy: 0.9635
2026-04-10 00:03:01,250 - Epoch: 4, 241/274: VFL loss: 0.1123, total loss: 0.1792, anchor loss: 0.0669, VFL train accuracy: 0.9634
2026-04-10 00:03:01,770 - Epoch: 4, 251/274: VFL loss: 0.1126, total loss: 0.1795, anchor loss: 0.0669, VFL train accuracy: 0.9633
2026-04-10 00:03:02,187 - Epoch: 4, 261/274: VFL loss: 0.1128, total loss: 0.1797, anchor loss: 0.0669, VFL train accuracy: 0.9631
2026-04-10 00:03:02,599 - Epoch: 4, 271/274: VFL loss: 0.1132, total loss: 0.1801, anchor loss: 0.0669, VFL train accuracy: 0.9630
2026-04-10 00:03:02,720 - => Recorded Stage 2 client anchor losses for epoch 4 to './results/AVGuard/Fourclient/NUSWIDE/ema_scan/lambda_1.0_ema_0.999\stage2_final_epoch_client_anchor_losses.json': {0: 0.052006, 1: 0.072895, 2: 0.062916, 3: 0.079892}
2026-04-10 00:03:02,729 - => Stage 2 EMA anchor update applied at epoch 4 with momentum 0.9990: updated classes per client {0: 5, 1: 5, 2: 5, 3: 5}
2026-04-10 00:03:02,729 - => Stage 2 Epoch 4 Training Summary: VFL loss: 0.1138, total loss: 0.1807, anchor loss: 0.0669, VFL train accuracy: 0.9629
2026-04-10 00:03:02,730 - => Test ASR...
2026-04-10 00:03:02,833 - =>Add Trigger to Test Data
2026-04-10 00:03:06,245 - Add Trigger to 37064 Bad Samples, 9629 Clean Samples (1.00)
2026-04-10 00:03:19,049 - => Test Epoch: 4, main task samples: 46693, attack samples: 46693, test loss: 0.4095, clean acc: 0.5846, Top-4: 0.9960, ASR: 0.4017, RAC: 0.4853, test target accuracy: 0.8869, stage3 final accuracy: 0.5846, stage3 final target accuracy: 0.5760, stage3 final asr: 0.4017, anchor loss: 0.0778
2026-04-10 00:03:19,049 - => Stage 3 Detection Summary: recall: 0.8026, precision: 0.1313, f1: 0.2257, false positive rate: 0.4447, correction rate: 0.5178
2026-04-10 00:03:19,049 - => Stage 3 Debug (clean): suspicious=20766/46693, correction_applied=20713, prediction_changed=20713, skipped_tied_vote=0, skipped_low_margin=0, skipped_other=53
2026-04-10 00:03:19,050 - => Stage 3 Debug (poison-valid): suspicious=22617/37064, correction_applied=22613, prediction_changed=22613, skipped_tied_vote=0, skipped_low_margin=0, skipped_other=4
2026-04-10 00:03:19,050 - => Stage 3 Debug (attack-success): suspicious=5697/7098, correction_applied=5693, prediction_changed=5693, corrected_to_true=3675
2026-04-10 00:03:19,126 - => End Epoch: 4, early stop epochs: 3, best epoch: 1, best clean acc: 0.5959, best Top-4: 0.9966, best ASR: 0.3630, best RAC: 0.5313, anchor loss: 0.0788
2026-04-10 00:03:19,126 - => Stage 3 Detection Summary: recall: 0.8055, precision: 0.1636, f1: 0.2720, false positive rate: 0.4208, correction rate: 0.5521
2026-04-10 00:03:19,169 - => LFBA current anchor-derived target label: 3
2026-04-10 00:03:19,247 - =>Add Trigger to Train Data
2026-04-10 00:03:19,595 - Add Trigger to 6996 Bad Samples, 62970 Clean Samples (0.10)
2026-04-10 00:03:19,597 - => Start Training for Injecting Backdoor...
2026-04-10 00:03:19,651 - Epoch: 5, 1/274: VFL loss: 0.0763, total loss: 0.1423, anchor loss: 0.0660, VFL train accuracy: 0.9727
2026-04-10 00:03:20,247 - Epoch: 5, 11/274: VFL loss: 0.0814, total loss: 0.1482, anchor loss: 0.0667, VFL train accuracy: 0.9727
2026-04-10 00:03:20,619 - Epoch: 5, 21/274: VFL loss: 0.0771, total loss: 0.1436, anchor loss: 0.0665, VFL train accuracy: 0.9740
2026-04-10 00:03:21,002 - Epoch: 5, 31/274: VFL loss: 0.0768, total loss: 0.1426, anchor loss: 0.0658, VFL train accuracy: 0.9739
2026-04-10 00:03:21,371 - Epoch: 5, 41/274: VFL loss: 0.0747, total loss: 0.1402, anchor loss: 0.0654, VFL train accuracy: 0.9750
2026-04-10 00:03:21,723 - Epoch: 5, 51/274: VFL loss: 0.0743, total loss: 0.1394, anchor loss: 0.0651, VFL train accuracy: 0.9761
2026-04-10 00:03:22,119 - Epoch: 5, 61/274: VFL loss: 0.0777, total loss: 0.1431, anchor loss: 0.0653, VFL train accuracy: 0.9744
2026-04-10 00:03:22,476 - Epoch: 5, 71/274: VFL loss: 0.0757, total loss: 0.1409, anchor loss: 0.0652, VFL train accuracy: 0.9750
2026-04-10 00:03:22,845 - Epoch: 5, 81/274: VFL loss: 0.0759, total loss: 0.1411, anchor loss: 0.0653, VFL train accuracy: 0.9751
2026-04-10 00:03:23,227 - Epoch: 5, 91/274: VFL loss: 0.0760, total loss: 0.1413, anchor loss: 0.0653, VFL train accuracy: 0.9752
2026-04-10 00:03:23,595 - Epoch: 5, 101/274: VFL loss: 0.0756, total loss: 0.1408, anchor loss: 0.0652, VFL train accuracy: 0.9754
2026-04-10 00:03:23,981 - Epoch: 5, 111/274: VFL loss: 0.0761, total loss: 0.1412, anchor loss: 0.0652, VFL train accuracy: 0.9756
2026-04-10 00:03:24,354 - Epoch: 5, 121/274: VFL loss: 0.0755, total loss: 0.1406, anchor loss: 0.0651, VFL train accuracy: 0.9758
2026-04-10 00:03:24,717 - Epoch: 5, 131/274: VFL loss: 0.0759, total loss: 0.1411, anchor loss: 0.0652, VFL train accuracy: 0.9754
2026-04-10 00:03:25,089 - Epoch: 5, 141/274: VFL loss: 0.0756, total loss: 0.1408, anchor loss: 0.0652, VFL train accuracy: 0.9756
2026-04-10 00:03:25,445 - Epoch: 5, 151/274: VFL loss: 0.0763, total loss: 0.1416, anchor loss: 0.0652, VFL train accuracy: 0.9753
2026-04-10 00:03:25,795 - Epoch: 5, 161/274: VFL loss: 0.0771, total loss: 0.1424, anchor loss: 0.0653, VFL train accuracy: 0.9749
2026-04-10 00:03:26,186 - Epoch: 5, 171/274: VFL loss: 0.0774, total loss: 0.1428, anchor loss: 0.0654, VFL train accuracy: 0.9748
2026-04-10 00:03:26,545 - Epoch: 5, 181/274: VFL loss: 0.0780, total loss: 0.1435, anchor loss: 0.0655, VFL train accuracy: 0.9747
2026-04-10 00:03:26,923 - Epoch: 5, 191/274: VFL loss: 0.0787, total loss: 0.1443, anchor loss: 0.0656, VFL train accuracy: 0.9745
2026-04-10 00:03:27,301 - Epoch: 5, 201/274: VFL loss: 0.0790, total loss: 0.1445, anchor loss: 0.0655, VFL train accuracy: 0.9742
2026-04-10 00:03:27,680 - Epoch: 5, 211/274: VFL loss: 0.0802, total loss: 0.1458, anchor loss: 0.0656, VFL train accuracy: 0.9738
2026-04-10 00:03:28,055 - Epoch: 5, 221/274: VFL loss: 0.0805, total loss: 0.1462, anchor loss: 0.0657, VFL train accuracy: 0.9736
2026-04-10 00:03:28,419 - Epoch: 5, 231/274: VFL loss: 0.0813, total loss: 0.1471, anchor loss: 0.0657, VFL train accuracy: 0.9734
2026-04-10 00:03:28,793 - Epoch: 5, 241/274: VFL loss: 0.0814, total loss: 0.1471, anchor loss: 0.0657, VFL train accuracy: 0.9735
2026-04-10 00:03:29,192 - Epoch: 5, 251/274: VFL loss: 0.0817, total loss: 0.1474, anchor loss: 0.0657, VFL train accuracy: 0.9735
2026-04-10 00:03:29,534 - Epoch: 5, 261/274: VFL loss: 0.0818, total loss: 0.1475, anchor loss: 0.0657, VFL train accuracy: 0.9736
2026-04-10 00:03:29,906 - Epoch: 5, 271/274: VFL loss: 0.0825, total loss: 0.1482, anchor loss: 0.0657, VFL train accuracy: 0.9733
2026-04-10 00:03:30,033 - => Recorded Stage 2 client anchor losses for epoch 5 to './results/AVGuard/Fourclient/NUSWIDE/ema_scan/lambda_1.0_ema_0.999\stage2_final_epoch_client_anchor_losses.json': {0: 0.047066, 1: 0.072535, 2: 0.062646, 3: 0.080427}
2026-04-10 00:03:30,046 - => Stage 2 EMA anchor update applied at epoch 5 with momentum 0.9990: updated classes per client {0: 5, 1: 5, 2: 5, 3: 5}
2026-04-10 00:03:30,046 - => Stage 2 Epoch 5 Training Summary: VFL loss: 0.0824, total loss: 0.1480, anchor loss: 0.0656, VFL train accuracy: 0.9732
2026-04-10 00:03:30,046 - => Test ASR...
2026-04-10 00:03:30,147 - =>Add Trigger to Test Data
2026-04-10 00:03:33,550 - Add Trigger to 37064 Bad Samples, 9629 Clean Samples (1.00)
2026-04-10 00:03:46,110 - => Test Epoch: 5, main task samples: 46693, attack samples: 46693, test loss: 0.4782, clean acc: 0.5932, Top-4: 0.9960, ASR: 0.3847, RAC: 0.4946, test target accuracy: 0.9102, stage3 final accuracy: 0.5932, stage3 final target accuracy: 0.6027, stage3 final asr: 0.3847, anchor loss: 0.0775
2026-04-10 00:03:46,111 - => Stage 3 Detection Summary: recall: 0.7487, precision: 0.1341, f1: 0.2275, false positive rate: 0.4289, correction rate: 0.4818
2026-04-10 00:03:46,111 - => Stage 3 Debug (clean): suspicious=20026/46693, correction_applied=19985, prediction_changed=19985, skipped_tied_vote=0, skipped_low_margin=0, skipped_other=41
2026-04-10 00:03:46,111 - => Stage 3 Debug (poison-valid): suspicious=21751/37064, correction_applied=21747, prediction_changed=21747, skipped_tied_vote=0, skipped_low_margin=0, skipped_other=4
2026-04-10 00:03:46,111 - => Stage 3 Debug (attack-success): suspicious=5604/7485, correction_applied=5601, prediction_changed=5601, corrected_to_true=3606
2026-04-10 00:03:46,188 - => End Epoch: 5, early stop epochs: 4, best epoch: 1, best clean acc: 0.5959, best Top-4: 0.9966, best ASR: 0.3630, best RAC: 0.5313, anchor loss: 0.0788
2026-04-10 00:03:46,188 - => Stage 3 Detection Summary: recall: 0.8055, precision: 0.1636, f1: 0.2720, false positive rate: 0.4208, correction rate: 0.5521
2026-04-10 00:03:46,233 - => LFBA current anchor-derived target label: 3
2026-04-10 00:03:46,309 - =>Add Trigger to Train Data
2026-04-10 00:03:46,632 - Add Trigger to 6996 Bad Samples, 62970 Clean Samples (0.10)
2026-04-10 00:03:46,635 - => Start Training for Injecting Backdoor...
2026-04-10 00:03:46,684 - Epoch: 6, 1/274: VFL loss: 0.0601, total loss: 0.1216, anchor loss: 0.0615, VFL train accuracy: 0.9766
2026-04-10 00:03:47,320 - Epoch: 6, 11/274: VFL loss: 0.0573, total loss: 0.1205, anchor loss: 0.0631, VFL train accuracy: 0.9801
2026-04-10 00:03:47,679 - Epoch: 6, 21/274: VFL loss: 0.0523, total loss: 0.1160, anchor loss: 0.0637, VFL train accuracy: 0.9829
2026-04-10 00:03:48,067 - Epoch: 6, 31/274: VFL loss: 0.0494, total loss: 0.1127, anchor loss: 0.0633, VFL train accuracy: 0.9845
2026-04-10 00:03:48,436 - Epoch: 6, 41/274: VFL loss: 0.0495, total loss: 0.1131, anchor loss: 0.0636, VFL train accuracy: 0.9847
2026-04-10 00:03:48,834 - Epoch: 6, 51/274: VFL loss: 0.0506, total loss: 0.1143, anchor loss: 0.0637, VFL train accuracy: 0.9848
2026-04-10 00:03:49,212 - Epoch: 6, 61/274: VFL loss: 0.0519, total loss: 0.1156, anchor loss: 0.0637, VFL train accuracy: 0.9845
2026-04-10 00:03:49,611 - Epoch: 6, 71/274: VFL loss: 0.0528, total loss: 0.1163, anchor loss: 0.0636, VFL train accuracy: 0.9843
2026-04-10 00:03:49,998 - Epoch: 6, 81/274: VFL loss: 0.0512, total loss: 0.1145, anchor loss: 0.0633, VFL train accuracy: 0.9848
2026-04-10 00:03:50,364 - Epoch: 6, 91/274: VFL loss: 0.0518, total loss: 0.1151, anchor loss: 0.0633, VFL train accuracy: 0.9846
2026-04-10 00:03:50,736 - Epoch: 6, 101/274: VFL loss: 0.0518, total loss: 0.1151, anchor loss: 0.0633, VFL train accuracy: 0.9845
2026-04-10 00:03:51,118 - Epoch: 6, 111/274: VFL loss: 0.0532, total loss: 0.1166, anchor loss: 0.0634, VFL train accuracy: 0.9837
2026-04-10 00:03:51,523 - Epoch: 6, 121/274: VFL loss: 0.0542, total loss: 0.1177, anchor loss: 0.0635, VFL train accuracy: 0.9834
2026-04-10 00:03:51,894 - Epoch: 6, 131/274: VFL loss: 0.0547, total loss: 0.1184, anchor loss: 0.0637, VFL train accuracy: 0.9833
2026-04-10 00:03:52,260 - Epoch: 6, 141/274: VFL loss: 0.0547, total loss: 0.1186, anchor loss: 0.0638, VFL train accuracy: 0.9833
2026-04-10 00:03:52,638 - Epoch: 6, 151/274: VFL loss: 0.0551, total loss: 0.1190, anchor loss: 0.0638, VFL train accuracy: 0.9831
2026-04-10 00:03:53,012 - Epoch: 6, 161/274: VFL loss: 0.0555, total loss: 0.1194, anchor loss: 0.0639, VFL train accuracy: 0.9826
2026-04-10 00:03:53,364 - Epoch: 6, 171/274: VFL loss: 0.0556, total loss: 0.1195, anchor loss: 0.0639, VFL train accuracy: 0.9825
2026-04-10 00:03:53,740 - Epoch: 6, 181/274: VFL loss: 0.0559, total loss: 0.1198, anchor loss: 0.0640, VFL train accuracy: 0.9826
2026-04-10 00:03:54,134 - Epoch: 6, 191/274: VFL loss: 0.0560, total loss: 0.1201, anchor loss: 0.0640, VFL train accuracy: 0.9827
2026-04-10 00:03:54,503 - Epoch: 6, 201/274: VFL loss: 0.0561, total loss: 0.1202, anchor loss: 0.0641, VFL train accuracy: 0.9826
2026-04-10 00:03:54,876 - Epoch: 6, 211/274: VFL loss: 0.0570, total loss: 0.1212, anchor loss: 0.0642, VFL train accuracy: 0.9823
2026-04-10 00:03:55,272 - Epoch: 6, 221/274: VFL loss: 0.0575, total loss: 0.1217, anchor loss: 0.0642, VFL train accuracy: 0.9819
2026-04-10 00:03:55,647 - Epoch: 6, 231/274: VFL loss: 0.0580, total loss: 0.1223, anchor loss: 0.0643, VFL train accuracy: 0.9816
2026-04-10 00:03:56,056 - Epoch: 6, 241/274: VFL loss: 0.0594, total loss: 0.1238, anchor loss: 0.0643, VFL train accuracy: 0.9811
2026-04-10 00:03:56,441 - Epoch: 6, 251/274: VFL loss: 0.0596, total loss: 0.1240, anchor loss: 0.0644, VFL train accuracy: 0.9809
2026-04-10 00:03:56,807 - Epoch: 6, 261/274: VFL loss: 0.0598, total loss: 0.1241, anchor loss: 0.0643, VFL train accuracy: 0.9808
2026-04-10 00:03:57,172 - Epoch: 6, 271/274: VFL loss: 0.0599, total loss: 0.1243, anchor loss: 0.0644, VFL train accuracy: 0.9806
2026-04-10 00:03:57,299 - => Recorded Stage 2 client anchor losses for epoch 6 to './results/AVGuard/Fourclient/NUSWIDE/ema_scan/lambda_1.0_ema_0.999\stage2_final_epoch_client_anchor_losses.json': {0: 0.044216, 1: 0.072476, 2: 0.062097, 3: 0.078533}
2026-04-10 00:03:57,308 - => Stage 2 EMA anchor update applied at epoch 6 with momentum 0.9990: updated classes per client {0: 5, 1: 5, 2: 5, 3: 5}
2026-04-10 00:03:57,309 - => Stage 2 Epoch 6 Training Summary: VFL loss: 0.0602, total loss: 0.1245, anchor loss: 0.0643, VFL train accuracy: 0.9806
2026-04-10 00:03:57,309 - => Test ASR...
2026-04-10 00:03:57,410 - =>Add Trigger to Test Data
2026-04-10 00:04:00,876 - Add Trigger to 37064 Bad Samples, 9629 Clean Samples (1.00)
2026-04-10 00:04:13,361 - => Test Epoch: 6, main task samples: 46693, attack samples: 46693, test loss: 0.5470, clean acc: 0.5888, Top-4: 0.9961, ASR: 0.4066, RAC: 0.4639, test target accuracy: 0.8474, stage3 final accuracy: 0.5888, stage3 final target accuracy: 0.5624, stage3 final asr: 0.4066, anchor loss: 0.0776
2026-04-10 00:04:13,361 - => Stage 3 Detection Summary: recall: 0.7273, precision: 0.0665, f1: 0.1219, false positive rate: 0.4467, correction rate: 0.4335
2026-04-10 00:04:13,362 - => Stage 3 Debug (clean): suspicious=20859/46693, correction_applied=20820, prediction_changed=20820, skipped_tied_vote=0, skipped_low_margin=0, skipped_other=39
2026-04-10 00:04:13,362 - => Stage 3 Debug (poison-valid): suspicious=22118/37064, correction_applied=22114, prediction_changed=22114, skipped_tied_vote=0, skipped_low_margin=0, skipped_other=4
2026-04-10 00:04:13,362 - => Stage 3 Debug (attack-success): suspicious=2859/3931, correction_applied=2856, prediction_changed=2856, corrected_to_true=1704
2026-04-10 00:04:13,437 - => End Epoch: 6, early stop epochs: 5, best epoch: 1, best clean acc: 0.5959, best Top-4: 0.9966, best ASR: 0.3630, best RAC: 0.5313, anchor loss: 0.0788
2026-04-10 00:04:13,439 - => Stage 3 Detection Summary: recall: 0.8055, precision: 0.1636, f1: 0.2720, false positive rate: 0.4208, correction rate: 0.5521
2026-04-10 00:04:13,479 - => LFBA current anchor-derived target label: 3
2026-04-10 00:04:13,554 - =>Add Trigger to Train Data
2026-04-10 00:04:13,850 - Add Trigger to 6996 Bad Samples, 62970 Clean Samples (0.10)
2026-04-10 00:04:13,852 - => Start Training for Injecting Backdoor...
2026-04-10 00:04:13,905 - Epoch: 7, 1/274: VFL loss: 0.0308, total loss: 0.0942, anchor loss: 0.0634, VFL train accuracy: 0.9922
2026-04-10 00:04:14,503 - Epoch: 7, 11/274: VFL loss: 0.0447, total loss: 0.1093, anchor loss: 0.0646, VFL train accuracy: 0.9876
2026-04-10 00:04:14,893 - Epoch: 7, 21/274: VFL loss: 0.0450, total loss: 0.1091, anchor loss: 0.0641, VFL train accuracy: 0.9881
2026-04-10 00:04:15,271 - Epoch: 7, 31/274: VFL loss: 0.0453, total loss: 0.1093, anchor loss: 0.0640, VFL train accuracy: 0.9865
2026-04-10 00:04:15,635 - Epoch: 7, 41/274: VFL loss: 0.0463, total loss: 0.1103, anchor loss: 0.0640, VFL train accuracy: 0.9865
2026-04-10 00:04:16,014 - Epoch: 7, 51/274: VFL loss: 0.0476, total loss: 0.1115, anchor loss: 0.0639, VFL train accuracy: 0.9855
2026-04-10 00:04:16,394 - Epoch: 7, 61/274: VFL loss: 0.0472, total loss: 0.1109, anchor loss: 0.0637, VFL train accuracy: 0.9855
2026-04-10 00:04:16,768 - Epoch: 7, 71/274: VFL loss: 0.0457, total loss: 0.1092, anchor loss: 0.0635, VFL train accuracy: 0.9859
2026-04-10 00:04:17,202 - Epoch: 7, 81/274: VFL loss: 0.0446, total loss: 0.1083, anchor loss: 0.0637, VFL train accuracy: 0.9864
2026-04-10 00:04:17,612 - Epoch: 7, 91/274: VFL loss: 0.0438, total loss: 0.1076, anchor loss: 0.0638, VFL train accuracy: 0.9865
2026-04-10 00:04:18,006 - Epoch: 7, 101/274: VFL loss: 0.0439, total loss: 0.1076, anchor loss: 0.0637, VFL train accuracy: 0.9865
2026-04-10 00:04:18,386 - Epoch: 7, 111/274: VFL loss: 0.0443, total loss: 0.1080, anchor loss: 0.0637, VFL train accuracy: 0.9863
2026-04-10 00:04:18,765 - Epoch: 7, 121/274: VFL loss: 0.0438, total loss: 0.1076, anchor loss: 0.0638, VFL train accuracy: 0.9864
2026-04-10 00:04:19,172 - Epoch: 7, 131/274: VFL loss: 0.0435, total loss: 0.1072, anchor loss: 0.0637, VFL train accuracy: 0.9863
2026-04-10 00:04:19,538 - Epoch: 7, 141/274: VFL loss: 0.0434, total loss: 0.1072, anchor loss: 0.0638, VFL train accuracy: 0.9865
2026-04-10 00:04:19,914 - Epoch: 7, 151/274: VFL loss: 0.0432, total loss: 0.1068, anchor loss: 0.0637, VFL train accuracy: 0.9864
2026-04-10 00:04:20,294 - Epoch: 7, 161/274: VFL loss: 0.0434, total loss: 0.1070, anchor loss: 0.0636, VFL train accuracy: 0.9864
2026-04-10 00:04:20,639 - Epoch: 7, 171/274: VFL loss: 0.0435, total loss: 0.1071, anchor loss: 0.0636, VFL train accuracy: 0.9864
2026-04-10 00:04:21,031 - Epoch: 7, 181/274: VFL loss: 0.0432, total loss: 0.1068, anchor loss: 0.0636, VFL train accuracy: 0.9864
2026-04-10 00:04:21,400 - Epoch: 7, 191/274: VFL loss: 0.0437, total loss: 0.1072, anchor loss: 0.0636, VFL train accuracy: 0.9862
2026-04-10 00:04:21,775 - Epoch: 7, 201/274: VFL loss: 0.0446, total loss: 0.1083, anchor loss: 0.0636, VFL train accuracy: 0.9860
2026-04-10 00:04:22,144 - Epoch: 7, 211/274: VFL loss: 0.0447, total loss: 0.1083, anchor loss: 0.0636, VFL train accuracy: 0.9861
2026-04-10 00:04:22,521 - Epoch: 7, 221/274: VFL loss: 0.0450, total loss: 0.1086, anchor loss: 0.0636, VFL train accuracy: 0.9860
2026-04-10 00:04:23,023 - Epoch: 7, 231/274: VFL loss: 0.0454, total loss: 0.1090, anchor loss: 0.0636, VFL train accuracy: 0.9857
2026-04-10 00:04:23,435 - Epoch: 7, 241/274: VFL loss: 0.0461, total loss: 0.1098, anchor loss: 0.0637, VFL train accuracy: 0.9855
2026-04-10 00:04:23,850 - Epoch: 7, 251/274: VFL loss: 0.0469, total loss: 0.1106, anchor loss: 0.0637, VFL train accuracy: 0.9852
2026-04-10 00:04:24,227 - Epoch: 7, 261/274: VFL loss: 0.0474, total loss: 0.1111, anchor loss: 0.0637, VFL train accuracy: 0.9851
2026-04-10 00:04:24,616 - Epoch: 7, 271/274: VFL loss: 0.0472, total loss: 0.1110, anchor loss: 0.0637, VFL train accuracy: 0.9851
2026-04-10 00:04:24,744 - => Recorded Stage 2 client anchor losses for epoch 7 to './results/AVGuard/Fourclient/NUSWIDE/ema_scan/lambda_1.0_ema_0.999\stage2_final_epoch_client_anchor_losses.json': {0: 0.0414, 1: 0.071906, 2: 0.062055, 3: 0.079737}
2026-04-10 00:04:24,754 - => Stage 2 EMA anchor update applied at epoch 7 with momentum 0.9990: updated classes per client {0: 5, 1: 5, 2: 5, 3: 5}
2026-04-10 00:04:24,755 - => Stage 2 Epoch 7 Training Summary: VFL loss: 0.0475, total loss: 0.1113, anchor loss: 0.0638, VFL train accuracy: 0.9850
2026-04-10 00:04:24,755 - => Test ASR...
2026-04-10 00:04:24,857 - =>Add Trigger to Test Data
2026-04-10 00:04:27,988 - Add Trigger to 37064 Bad Samples, 9629 Clean Samples (1.00)
2026-04-10 00:04:40,339 - => Test Epoch: 7, main task samples: 46693, attack samples: 46693, test loss: 0.5743, clean acc: 0.5915, Top-4: 0.9954, ASR: 0.3554, RAC: 0.4789, test target accuracy: 0.8920, stage3 final accuracy: 0.5915, stage3 final target accuracy: 0.6026, stage3 final asr: 0.3554, anchor loss: 0.0772
2026-04-10 00:04:40,341 - => Stage 3 Detection Summary: recall: 0.6857, precision: 0.0737, f1: 0.1331, false positive rate: 0.4428, correction rate: 0.4016
2026-04-10 00:04:40,341 - => Stage 3 Debug (clean): suspicious=20674/46693, correction_applied=20638, prediction_changed=20638, skipped_tied_vote=0, skipped_low_margin=0, skipped_other=36
2026-04-10 00:04:40,341 - => Stage 3 Debug (poison-valid): suspicious=21755/37064, correction_applied=21740, prediction_changed=21740, skipped_tied_vote=0, skipped_low_margin=0, skipped_other=15
2026-04-10 00:04:40,341 - => Stage 3 Debug (attack-success): suspicious=3128/4562, correction_applied=3126, prediction_changed=3126, corrected_to_true=1832
2026-04-10 00:04:40,415 - => End Epoch: 7, early stop epochs: 6, best epoch: 1, best clean acc: 0.5959, best Top-4: 0.9966, best ASR: 0.3630, best RAC: 0.5313, anchor loss: 0.0788
2026-04-10 00:04:40,415 - => Stage 3 Detection Summary: recall: 0.8055, precision: 0.1636, f1: 0.2720, false positive rate: 0.4208, correction rate: 0.5521
2026-04-10 00:04:40,457 - => LFBA current anchor-derived target label: 3
2026-04-10 00:04:40,533 - =>Add Trigger to Train Data
2026-04-10 00:04:40,878 - Add Trigger to 6996 Bad Samples, 62970 Clean Samples (0.10)
2026-04-10 00:04:40,881 - => Start Training for Injecting Backdoor...
2026-04-10 00:04:40,944 - Epoch: 8, 1/274: VFL loss: 0.0164, total loss: 0.0783, anchor loss: 0.0619, VFL train accuracy: 0.9961
2026-04-10 00:04:41,609 - Epoch: 8, 11/274: VFL loss: 0.0415, total loss: 0.1055, anchor loss: 0.0639, VFL train accuracy: 0.9883
2026-04-10 00:04:41,990 - Epoch: 8, 21/274: VFL loss: 0.0369, total loss: 0.1002, anchor loss: 0.0633, VFL train accuracy: 0.9892
2026-04-10 00:04:42,344 - Epoch: 8, 31/274: VFL loss: 0.0337, total loss: 0.0977, anchor loss: 0.0640, VFL train accuracy: 0.9905
2026-04-10 00:04:42,710 - Epoch: 8, 41/274: VFL loss: 0.0315, total loss: 0.0951, anchor loss: 0.0636, VFL train accuracy: 0.9907
2026-04-10 00:04:43,099 - Epoch: 8, 51/274: VFL loss: 0.0295, total loss: 0.0928, anchor loss: 0.0632, VFL train accuracy: 0.9911
2026-04-10 00:04:43,473 - Epoch: 8, 61/274: VFL loss: 0.0296, total loss: 0.0926, anchor loss: 0.0630, VFL train accuracy: 0.9911
2026-04-10 00:04:43,849 - Epoch: 8, 71/274: VFL loss: 0.0292, total loss: 0.0924, anchor loss: 0.0631, VFL train accuracy: 0.9915
2026-04-10 00:04:44,215 - Epoch: 8, 81/274: VFL loss: 0.0298, total loss: 0.0930, anchor loss: 0.0632, VFL train accuracy: 0.9909
2026-04-10 00:04:44,607 - Epoch: 8, 91/274: VFL loss: 0.0297, total loss: 0.0927, anchor loss: 0.0630, VFL train accuracy: 0.9910
2026-04-10 00:04:44,993 - Epoch: 8, 101/274: VFL loss: 0.0297, total loss: 0.0925, anchor loss: 0.0628, VFL train accuracy: 0.9906
2026-04-10 00:04:45,358 - Epoch: 8, 111/274: VFL loss: 0.0297, total loss: 0.0924, anchor loss: 0.0627, VFL train accuracy: 0.9906
2026-04-10 00:04:45,728 - Epoch: 8, 121/274: VFL loss: 0.0302, total loss: 0.0929, anchor loss: 0.0626, VFL train accuracy: 0.9903
2026-04-10 00:04:46,095 - Epoch: 8, 131/274: VFL loss: 0.0307, total loss: 0.0933, anchor loss: 0.0626, VFL train accuracy: 0.9900
2026-04-10 00:04:46,437 - Epoch: 8, 141/274: VFL loss: 0.0312, total loss: 0.0938, anchor loss: 0.0626, VFL train accuracy: 0.9897
2026-04-10 00:04:46,812 - Epoch: 8, 151/274: VFL loss: 0.0316, total loss: 0.0942, anchor loss: 0.0626, VFL train accuracy: 0.9895
2026-04-10 00:04:47,171 - Epoch: 8, 161/274: VFL loss: 0.0324, total loss: 0.0950, anchor loss: 0.0626, VFL train accuracy: 0.9892
2026-04-10 00:04:47,549 - Epoch: 8, 171/274: VFL loss: 0.0331, total loss: 0.0957, anchor loss: 0.0626, VFL train accuracy: 0.9891
2026-04-10 00:04:47,925 - Epoch: 8, 181/274: VFL loss: 0.0332, total loss: 0.0959, anchor loss: 0.0627, VFL train accuracy: 0.9891
2026-04-10 00:04:48,280 - Epoch: 8, 191/274: VFL loss: 0.0334, total loss: 0.0961, anchor loss: 0.0627, VFL train accuracy: 0.9891
2026-04-10 00:04:48,649 - Epoch: 8, 201/274: VFL loss: 0.0338, total loss: 0.0965, anchor loss: 0.0627, VFL train accuracy: 0.9890
2026-04-10 00:04:49,006 - Epoch: 8, 211/274: VFL loss: 0.0340, total loss: 0.0966, anchor loss: 0.0627, VFL train accuracy: 0.9890
2026-04-10 00:04:49,385 - Epoch: 8, 221/274: VFL loss: 0.0348, total loss: 0.0975, anchor loss: 0.0627, VFL train accuracy: 0.9887
2026-04-10 00:04:49,743 - Epoch: 8, 231/274: VFL loss: 0.0350, total loss: 0.0977, anchor loss: 0.0627, VFL train accuracy: 0.9887
2026-04-10 00:04:50,116 - Epoch: 8, 241/274: VFL loss: 0.0351, total loss: 0.0979, anchor loss: 0.0628, VFL train accuracy: 0.9886
2026-04-10 00:04:50,463 - Epoch: 8, 251/274: VFL loss: 0.0357, total loss: 0.0985, anchor loss: 0.0628, VFL train accuracy: 0.9885
2026-04-10 00:04:50,823 - Epoch: 8, 261/274: VFL loss: 0.0360, total loss: 0.0988, anchor loss: 0.0628, VFL train accuracy: 0.9883
2026-04-10 00:04:51,213 - Epoch: 8, 271/274: VFL loss: 0.0364, total loss: 0.0993, anchor loss: 0.0629, VFL train accuracy: 0.9882
2026-04-10 00:04:51,338 - => Recorded Stage 2 client anchor losses for epoch 8 to './results/AVGuard/Fourclient/NUSWIDE/ema_scan/lambda_1.0_ema_0.999\stage2_final_epoch_client_anchor_losses.json': {0: 0.039513, 1: 0.071606, 2: 0.061978, 3: 0.078248}
2026-04-10 00:04:51,350 - => Stage 2 EMA anchor update applied at epoch 8 with momentum 0.9990: updated classes per client {0: 5, 1: 5, 2: 5, 3: 5}
2026-04-10 00:04:51,350 - => Stage 2 Epoch 8 Training Summary: VFL loss: 0.0367, total loss: 0.0996, anchor loss: 0.0628, VFL train accuracy: 0.9881
2026-04-10 00:04:51,352 - => Test ASR...
2026-04-10 00:04:51,454 - =>Add Trigger to Test Data
2026-04-10 00:04:54,881 - Add Trigger to 37064 Bad Samples, 9629 Clean Samples (1.00)
2026-04-10 00:05:07,312 - => Test Epoch: 8, main task samples: 46693, attack samples: 46693, test loss: 0.6168, clean acc: 0.5940, Top-4: 0.9958, ASR: 0.4086, RAC: 0.4842, test target accuracy: 0.8683, stage3 final accuracy: 0.5940, stage3 final target accuracy: 0.5769, stage3 final asr: 0.4086, anchor loss: 0.0766
2026-04-10 00:05:07,312 - => Stage 3 Detection Summary: recall: 0.7688, precision: 0.1053, f1: 0.1852, false positive rate: 0.4340, correction rate: 0.4891
2026-04-10 00:05:07,313 - => Stage 3 Debug (clean): suspicious=20267/46693, correction_applied=20220, prediction_changed=20220, skipped_tied_vote=0, skipped_low_margin=0, skipped_other=47
2026-04-10 00:05:07,313 - => Stage 3 Debug (poison-valid): suspicious=21860/37064, correction_applied=21857, prediction_changed=21857, skipped_tied_vote=0, skipped_low_margin=0, skipped_other=3
2026-04-10 00:05:07,313 - => Stage 3 Debug (attack-success): suspicious=4436/5770, correction_applied=4433, prediction_changed=4433, corrected_to_true=2822
2026-04-10 00:05:07,389 - => End Epoch: 8, early stop epochs: 7, best epoch: 1, best clean acc: 0.5959, best Top-4: 0.9966, best ASR: 0.3630, best RAC: 0.5313, anchor loss: 0.0788
2026-04-10 00:05:07,390 - => Stage 3 Detection Summary: recall: 0.8055, precision: 0.1636, f1: 0.2720, false positive rate: 0.4208, correction rate: 0.5521
2026-04-10 00:05:07,431 - => LFBA current anchor-derived target label: 3
2026-04-10 00:05:07,508 - =>Add Trigger to Train Data
2026-04-10 00:05:07,805 - Add Trigger to 6996 Bad Samples, 62970 Clean Samples (0.10)
2026-04-10 00:05:07,807 - => Start Training for Injecting Backdoor...
2026-04-10 00:05:07,859 - Epoch: 9, 1/274: VFL loss: 0.0130, total loss: 0.0811, anchor loss: 0.0681, VFL train accuracy: 0.9961
2026-04-10 00:05:08,456 - Epoch: 9, 11/274: VFL loss: 0.0316, total loss: 0.0952, anchor loss: 0.0636, VFL train accuracy: 0.9893
2026-04-10 00:05:08,800 - Epoch: 9, 21/274: VFL loss: 0.0319, total loss: 0.0956, anchor loss: 0.0637, VFL train accuracy: 0.9896
2026-04-10 00:05:09,189 - Epoch: 9, 31/274: VFL loss: 0.0295, total loss: 0.0931, anchor loss: 0.0636, VFL train accuracy: 0.9907
2026-04-10 00:05:09,565 - Epoch: 9, 41/274: VFL loss: 0.0286, total loss: 0.0917, anchor loss: 0.0631, VFL train accuracy: 0.9911
2026-04-10 00:05:09,916 - Epoch: 9, 51/274: VFL loss: 0.0295, total loss: 0.0927, anchor loss: 0.0632, VFL train accuracy: 0.9906
2026-04-10 00:05:10,283 - Epoch: 9, 61/274: VFL loss: 0.0302, total loss: 0.0932, anchor loss: 0.0629, VFL train accuracy: 0.9901
2026-04-10 00:05:10,645 - Epoch: 9, 71/274: VFL loss: 0.0300, total loss: 0.0927, anchor loss: 0.0627, VFL train accuracy: 0.9901
2026-04-10 00:05:11,023 - Epoch: 9, 81/274: VFL loss: 0.0296, total loss: 0.0921, anchor loss: 0.0625, VFL train accuracy: 0.9902
2026-04-10 00:05:11,372 - Epoch: 9, 91/274: VFL loss: 0.0299, total loss: 0.0924, anchor loss: 0.0625, VFL train accuracy: 0.9900
2026-04-10 00:05:11,725 - Epoch: 9, 101/274: VFL loss: 0.0300, total loss: 0.0924, anchor loss: 0.0624, VFL train accuracy: 0.9901
2026-04-10 00:05:12,151 - Epoch: 9, 111/274: VFL loss: 0.0307, total loss: 0.0931, anchor loss: 0.0624, VFL train accuracy: 0.9899
2026-04-10 00:05:12,500 - Epoch: 9, 121/274: VFL loss: 0.0311, total loss: 0.0935, anchor loss: 0.0624, VFL train accuracy: 0.9896
2026-04-10 00:05:12,914 - Epoch: 9, 131/274: VFL loss: 0.0320, total loss: 0.0944, anchor loss: 0.0625, VFL train accuracy: 0.9895
2026-04-10 00:05:13,275 - Epoch: 9, 141/274: VFL loss: 0.0315, total loss: 0.0939, anchor loss: 0.0625, VFL train accuracy: 0.9896
2026-04-10 00:05:13,650 - Epoch: 9, 151/274: VFL loss: 0.0317, total loss: 0.0943, anchor loss: 0.0626, VFL train accuracy: 0.9897
2026-04-10 00:05:14,019 - Epoch: 9, 161/274: VFL loss: 0.0313, total loss: 0.0939, anchor loss: 0.0626, VFL train accuracy: 0.9898
2026-04-10 00:05:14,399 - Epoch: 9, 171/274: VFL loss: 0.0315, total loss: 0.0941, anchor loss: 0.0626, VFL train accuracy: 0.9899
2026-04-10 00:05:14,757 - Epoch: 9, 181/274: VFL loss: 0.0311, total loss: 0.0938, anchor loss: 0.0627, VFL train accuracy: 0.9900
2026-04-10 00:05:15,133 - Epoch: 9, 191/274: VFL loss: 0.0315, total loss: 0.0942, anchor loss: 0.0627, VFL train accuracy: 0.9898
2026-04-10 00:05:15,492 - Epoch: 9, 201/274: VFL loss: 0.0314, total loss: 0.0941, anchor loss: 0.0627, VFL train accuracy: 0.9898
2026-04-10 00:05:15,850 - Epoch: 9, 211/274: VFL loss: 0.0314, total loss: 0.0941, anchor loss: 0.0627, VFL train accuracy: 0.9898
2026-04-10 00:05:16,240 - Epoch: 9, 221/274: VFL loss: 0.0317, total loss: 0.0945, anchor loss: 0.0628, VFL train accuracy: 0.9896
2026-04-10 00:05:16,605 - Epoch: 9, 231/274: VFL loss: 0.0320, total loss: 0.0949, anchor loss: 0.0629, VFL train accuracy: 0.9895
2026-04-10 00:05:16,967 - Epoch: 9, 241/274: VFL loss: 0.0321, total loss: 0.0950, anchor loss: 0.0629, VFL train accuracy: 0.9895
2026-04-10 00:05:17,347 - Epoch: 9, 251/274: VFL loss: 0.0326, total loss: 0.0954, anchor loss: 0.0629, VFL train accuracy: 0.9894
2026-04-10 00:05:17,700 - Epoch: 9, 261/274: VFL loss: 0.0329, total loss: 0.0957, anchor loss: 0.0629, VFL train accuracy: 0.9893
2026-04-10 00:05:18,049 - Epoch: 9, 271/274: VFL loss: 0.0334, total loss: 0.0963, anchor loss: 0.0629, VFL train accuracy: 0.9891
2026-04-10 00:05:18,175 - => Recorded Stage 2 client anchor losses for epoch 9 to './results/AVGuard/Fourclient/NUSWIDE/ema_scan/lambda_1.0_ema_0.999\stage2_final_epoch_client_anchor_losses.json': {0: 0.038698, 1: 0.071625, 2: 0.061732, 3: 0.079471}
2026-04-10 00:05:18,186 - => Stage 2 EMA anchor update applied at epoch 9 with momentum 0.9990: updated classes per client {0: 5, 1: 5, 2: 5, 3: 5}
2026-04-10 00:05:18,186 - => Stage 2 Epoch 9 Training Summary: VFL loss: 0.0334, total loss: 0.0963, anchor loss: 0.0629, VFL train accuracy: 0.9891
2026-04-10 00:05:18,186 - => Test ASR...
2026-04-10 00:05:18,288 - =>Add Trigger to Test Data
2026-04-10 00:05:21,577 - Add Trigger to 37064 Bad Samples, 9629 Clean Samples (1.00)
2026-04-10 00:05:33,882 - => Test Epoch: 9, main task samples: 46693, attack samples: 46693, test loss: 0.7713, clean acc: 0.5922, Top-4: 0.9954, ASR: 0.2927, RAC: 0.4788, test target accuracy: 0.8092, stage3 final accuracy: 0.5922, stage3 final target accuracy: 0.5573, stage3 final asr: 0.2927, anchor loss: 0.0772
2026-04-10 00:05:33,883 - => Stage 3 Detection Summary: recall: 0.7176, precision: 0.0360, f1: 0.0686, false positive rate: 0.4498, correction rate: 0.4108
2026-04-10 00:05:33,883 - => Stage 3 Debug (clean): suspicious=21003/46693, correction_applied=20960, prediction_changed=20960, skipped_tied_vote=0, skipped_low_margin=0, skipped_other=43
2026-04-10 00:05:33,883 - => Stage 3 Debug (poison-valid): suspicious=21666/37064, correction_applied=21643, prediction_changed=21643, skipped_tied_vote=0, skipped_low_margin=0, skipped_other=23
2026-04-10 00:05:33,883 - => Stage 3 Debug (attack-success): suspicious=1537/2142, correction_applied=1535, prediction_changed=1535, corrected_to_true=880
2026-04-10 00:05:33,965 - => End Epoch: 9, early stop epochs: 8, best epoch: 1, best clean acc: 0.5959, best Top-4: 0.9966, best ASR: 0.3630, best RAC: 0.5313, anchor loss: 0.0788
2026-04-10 00:05:33,965 - => Stage 3 Detection Summary: recall: 0.8055, precision: 0.1636, f1: 0.2720, false positive rate: 0.4208, correction rate: 0.5521
2026-04-10 00:05:34,003 - => LFBA current anchor-derived target label: 3
2026-04-10 00:05:34,080 - =>Add Trigger to Train Data
2026-04-10 00:05:34,419 - Add Trigger to 6996 Bad Samples, 62970 Clean Samples (0.10)
2026-04-10 00:05:34,421 - => Start Training for Injecting Backdoor...
2026-04-10 00:05:34,489 - Epoch: 10, 1/274: VFL loss: 0.0349, total loss: 0.0950, anchor loss: 0.0601, VFL train accuracy: 0.9844
2026-04-10 00:05:35,131 - Epoch: 10, 11/274: VFL loss: 0.0255, total loss: 0.0877, anchor loss: 0.0622, VFL train accuracy: 0.9911
2026-04-10 00:05:35,492 - Epoch: 10, 21/274: VFL loss: 0.0271, total loss: 0.0895, anchor loss: 0.0624, VFL train accuracy: 0.9905
2026-04-10 00:05:35,835 - Epoch: 10, 31/274: VFL loss: 0.0250, total loss: 0.0874, anchor loss: 0.0624, VFL train accuracy: 0.9912
2026-04-10 00:05:36,209 - Epoch: 10, 41/274: VFL loss: 0.0244, total loss: 0.0863, anchor loss: 0.0620, VFL train accuracy: 0.9919
2026-04-10 00:05:36,590 - Epoch: 10, 51/274: VFL loss: 0.0232, total loss: 0.0852, anchor loss: 0.0620, VFL train accuracy: 0.9920
2026-04-10 00:05:36,967 - Epoch: 10, 61/274: VFL loss: 0.0219, total loss: 0.0837, anchor loss: 0.0618, VFL train accuracy: 0.9926
2026-04-10 00:05:37,397 - Epoch: 10, 71/274: VFL loss: 0.0220, total loss: 0.0838, anchor loss: 0.0617, VFL train accuracy: 0.9926
2026-04-10 00:05:37,769 - Epoch: 10, 81/274: VFL loss: 0.0220, total loss: 0.0837, anchor loss: 0.0618, VFL train accuracy: 0.9928
2026-04-10 00:05:38,133 - Epoch: 10, 91/274: VFL loss: 0.0222, total loss: 0.0838, anchor loss: 0.0616, VFL train accuracy: 0.9927
2026-04-10 00:05:38,515 - Epoch: 10, 101/274: VFL loss: 0.0226, total loss: 0.0842, anchor loss: 0.0616, VFL train accuracy: 0.9923
2026-04-10 00:05:38,900 - Epoch: 10, 111/274: VFL loss: 0.0233, total loss: 0.0850, anchor loss: 0.0617, VFL train accuracy: 0.9919
2026-04-10 00:05:39,255 - Epoch: 10, 121/274: VFL loss: 0.0233, total loss: 0.0849, anchor loss: 0.0616, VFL train accuracy: 0.9920
2026-04-10 00:05:39,609 - Epoch: 10, 131/274: VFL loss: 0.0235, total loss: 0.0852, anchor loss: 0.0617, VFL train accuracy: 0.9920
2026-04-10 00:05:39,992 - Epoch: 10, 141/274: VFL loss: 0.0246, total loss: 0.0862, anchor loss: 0.0616, VFL train accuracy: 0.9916
2026-04-10 00:05:40,357 - Epoch: 10, 151/274: VFL loss: 0.0246, total loss: 0.0863, anchor loss: 0.0617, VFL train accuracy: 0.9916
2026-04-10 00:05:40,727 - Epoch: 10, 161/274: VFL loss: 0.0247, total loss: 0.0865, anchor loss: 0.0618, VFL train accuracy: 0.9916
2026-04-10 00:05:41,101 - Epoch: 10, 171/274: VFL loss: 0.0253, total loss: 0.0872, anchor loss: 0.0619, VFL train accuracy: 0.9913
2026-04-10 00:05:41,452 - Epoch: 10, 181/274: VFL loss: 0.0260, total loss: 0.0879, anchor loss: 0.0619, VFL train accuracy: 0.9912
2026-04-10 00:05:41,827 - Epoch: 10, 191/274: VFL loss: 0.0264, total loss: 0.0882, anchor loss: 0.0619, VFL train accuracy: 0.9911
2026-04-10 00:05:42,196 - Epoch: 10, 201/274: VFL loss: 0.0270, total loss: 0.0890, anchor loss: 0.0620, VFL train accuracy: 0.9908
2026-04-10 00:05:42,697 - Epoch: 10, 211/274: VFL loss: 0.0273, total loss: 0.0894, anchor loss: 0.0621, VFL train accuracy: 0.9907
2026-04-10 00:05:43,072 - Epoch: 10, 221/274: VFL loss: 0.0279, total loss: 0.0901, anchor loss: 0.0622, VFL train accuracy: 0.9905
2026-04-10 00:05:43,437 - Epoch: 10, 231/274: VFL loss: 0.0283, total loss: 0.0906, anchor loss: 0.0623, VFL train accuracy: 0.9903
2026-04-10 00:05:43,845 - Epoch: 10, 241/274: VFL loss: 0.0290, total loss: 0.0913, anchor loss: 0.0623, VFL train accuracy: 0.9902
2026-04-10 00:05:44,236 - Epoch: 10, 251/274: VFL loss: 0.0293, total loss: 0.0916, anchor loss: 0.0624, VFL train accuracy: 0.9901
2026-04-10 00:05:44,599 - Epoch: 10, 261/274: VFL loss: 0.0299, total loss: 0.0923, anchor loss: 0.0623, VFL train accuracy: 0.9900
2026-04-10 00:05:44,994 - Epoch: 10, 271/274: VFL loss: 0.0299, total loss: 0.0922, anchor loss: 0.0623, VFL train accuracy: 0.9900
2026-04-10 00:05:45,124 - => Recorded Stage 2 client anchor losses for epoch 10 to './results/AVGuard/Fourclient/NUSWIDE/ema_scan/lambda_1.0_ema_0.999\stage2_final_epoch_client_anchor_losses.json': {0: 0.03771, 1: 0.071782, 2: 0.061572, 3: 0.078286}
2026-04-10 00:05:45,134 - => Stage 2 EMA anchor update applied at epoch 10 with momentum 0.9990: updated classes per client {0: 5, 1: 5, 2: 5, 3: 5}
2026-04-10 00:05:45,134 - => Stage 2 Epoch 10 Training Summary: VFL loss: 0.0299, total loss: 0.0923, anchor loss: 0.0623, VFL train accuracy: 0.9900
2026-04-10 00:05:45,134 - => Test ASR...
2026-04-10 00:05:45,236 - =>Add Trigger to Test Data
2026-04-10 00:05:48,695 - Add Trigger to 37064 Bad Samples, 9629 Clean Samples (1.00)
2026-04-10 00:06:01,087 - => Test Epoch: 10, main task samples: 46693, attack samples: 46693, test loss: 0.7310, clean acc: 0.5878, Top-4: 0.9958, ASR: 0.3378, RAC: 0.4871, test target accuracy: 0.8745, stage3 final accuracy: 0.5878, stage3 final target accuracy: 0.5721, stage3 final asr: 0.3378, anchor loss: 0.0771
2026-04-10 00:06:01,087 - => Stage 3 Detection Summary: recall: 0.7291, precision: 0.0743, f1: 0.1349, false positive rate: 0.4449, correction rate: 0.4723
2026-04-10 00:06:01,087 - => Stage 3 Debug (clean): suspicious=20773/46693, correction_applied=20735, prediction_changed=20735, skipped_tied_vote=0, skipped_low_margin=0, skipped_other=38
2026-04-10 00:06:01,087 - => Stage 3 Debug (poison-valid): suspicious=21881/37064, correction_applied=21867, prediction_changed=21867, skipped_tied_vote=0, skipped_low_margin=0, skipped_other=14
2026-04-10 00:06:01,087 - => Stage 3 Debug (attack-success): suspicious=3171/4349, correction_applied=3168, prediction_changed=3168, corrected_to_true=2054
2026-04-10 00:06:01,160 - => End Epoch: 10, early stop epochs: 9, best epoch: 1, best clean acc: 0.5959, best Top-4: 0.9966, best ASR: 0.3630, best RAC: 0.5313, anchor loss: 0.0788
2026-04-10 00:06:01,160 - => Stage 3 Detection Summary: recall: 0.8055, precision: 0.1636, f1: 0.2720, false positive rate: 0.4208, correction rate: 0.5521
2026-04-10 00:06:01,197 - => LFBA current anchor-derived target label: 3
2026-04-10 00:06:01,274 - =>Add Trigger to Train Data
2026-04-10 00:06:01,604 - Add Trigger to 6996 Bad Samples, 62970 Clean Samples (0.10)
2026-04-10 00:06:01,607 - => Start Training for Injecting Backdoor...
2026-04-10 00:06:01,660 - Epoch: 11, 1/274: VFL loss: 0.0548, total loss: 0.1182, anchor loss: 0.0634, VFL train accuracy: 0.9922
2026-04-10 00:06:02,293 - Epoch: 11, 11/274: VFL loss: 0.0191, total loss: 0.0802, anchor loss: 0.0611, VFL train accuracy: 0.9940
2026-04-10 00:06:02,673 - Epoch: 11, 21/274: VFL loss: 0.0214, total loss: 0.0825, anchor loss: 0.0612, VFL train accuracy: 0.9924
2026-04-10 00:06:03,039 - Epoch: 11, 31/274: VFL loss: 0.0209, total loss: 0.0826, anchor loss: 0.0617, VFL train accuracy: 0.9932
2026-04-10 00:06:03,397 - Epoch: 11, 41/274: VFL loss: 0.0214, total loss: 0.0829, anchor loss: 0.0615, VFL train accuracy: 0.9935
2026-04-10 00:06:03,771 - Epoch: 11, 51/274: VFL loss: 0.0213, total loss: 0.0831, anchor loss: 0.0618, VFL train accuracy: 0.9936
2026-04-10 00:06:04,155 - Epoch: 11, 61/274: VFL loss: 0.0218, total loss: 0.0833, anchor loss: 0.0615, VFL train accuracy: 0.9935
2026-04-10 00:06:04,523 - Epoch: 11, 71/274: VFL loss: 0.0217, total loss: 0.0833, anchor loss: 0.0616, VFL train accuracy: 0.9934
2026-04-10 00:06:04,883 - Epoch: 11, 81/274: VFL loss: 0.0225, total loss: 0.0842, anchor loss: 0.0617, VFL train accuracy: 0.9931
2026-04-10 00:06:05,255 - Epoch: 11, 91/274: VFL loss: 0.0223, total loss: 0.0842, anchor loss: 0.0619, VFL train accuracy: 0.9930
2026-04-10 00:06:05,613 - Epoch: 11, 101/274: VFL loss: 0.0218, total loss: 0.0835, anchor loss: 0.0617, VFL train accuracy: 0.9931
2026-04-10 00:06:05,997 - Epoch: 11, 111/274: VFL loss: 0.0217, total loss: 0.0835, anchor loss: 0.0618, VFL train accuracy: 0.9931
2026-04-10 00:06:06,368 - Epoch: 11, 121/274: VFL loss: 0.0213, total loss: 0.0832, anchor loss: 0.0619, VFL train accuracy: 0.9932
2026-04-10 00:06:06,732 - Epoch: 11, 131/274: VFL loss: 0.0217, total loss: 0.0836, anchor loss: 0.0619, VFL train accuracy: 0.9931
2026-04-10 00:06:07,114 - Epoch: 11, 141/274: VFL loss: 0.0226, total loss: 0.0845, anchor loss: 0.0619, VFL train accuracy: 0.9927
2026-04-10 00:06:07,465 - Epoch: 11, 151/274: VFL loss: 0.0226, total loss: 0.0844, anchor loss: 0.0618, VFL train accuracy: 0.9927
2026-04-10 00:06:07,820 - Epoch: 11, 161/274: VFL loss: 0.0229, total loss: 0.0848, anchor loss: 0.0619, VFL train accuracy: 0.9925
2026-04-10 00:06:08,190 - Epoch: 11, 171/274: VFL loss: 0.0224, total loss: 0.0843, anchor loss: 0.0619, VFL train accuracy: 0.9926
2026-04-10 00:06:08,579 - Epoch: 11, 181/274: VFL loss: 0.0223, total loss: 0.0842, anchor loss: 0.0619, VFL train accuracy: 0.9926
2026-04-10 00:06:09,000 - Epoch: 11, 191/274: VFL loss: 0.0225, total loss: 0.0844, anchor loss: 0.0619, VFL train accuracy: 0.9926
2026-04-10 00:06:09,364 - Epoch: 11, 201/274: VFL loss: 0.0226, total loss: 0.0845, anchor loss: 0.0619, VFL train accuracy: 0.9927
2026-04-10 00:06:09,733 - Epoch: 11, 211/274: VFL loss: 0.0227, total loss: 0.0846, anchor loss: 0.0619, VFL train accuracy: 0.9926
2026-04-10 00:06:10,132 - Epoch: 11, 221/274: VFL loss: 0.0230, total loss: 0.0848, anchor loss: 0.0618, VFL train accuracy: 0.9925
2026-04-10 00:06:10,496 - Epoch: 11, 231/274: VFL loss: 0.0232, total loss: 0.0850, anchor loss: 0.0618, VFL train accuracy: 0.9924
2026-04-10 00:06:10,858 - Epoch: 11, 241/274: VFL loss: 0.0234, total loss: 0.0853, anchor loss: 0.0619, VFL train accuracy: 0.9924
2026-04-10 00:06:11,239 - Epoch: 11, 251/274: VFL loss: 0.0236, total loss: 0.0855, anchor loss: 0.0619, VFL train accuracy: 0.9923
2026-04-10 00:06:11,614 - Epoch: 11, 261/274: VFL loss: 0.0239, total loss: 0.0858, anchor loss: 0.0619, VFL train accuracy: 0.9922
2026-04-10 00:06:11,993 - Epoch: 11, 271/274: VFL loss: 0.0245, total loss: 0.0864, anchor loss: 0.0619, VFL train accuracy: 0.9919
2026-04-10 00:06:12,125 - => Recorded Stage 2 client anchor losses for epoch 11 to './results/AVGuard/Fourclient/NUSWIDE/ema_scan/lambda_1.0_ema_0.999\stage2_final_epoch_client_anchor_losses.json': {0: 0.036149, 1: 0.071698, 2: 0.0612, 3: 0.078684}
2026-04-10 00:06:12,135 - => Stage 2 EMA anchor update applied at epoch 11 with momentum 0.9990: updated classes per client {0: 5, 1: 5, 2: 5, 3: 5}
2026-04-10 00:06:12,135 - => Stage 2 Epoch 11 Training Summary: VFL loss: 0.0245, total loss: 0.0865, anchor loss: 0.0620, VFL train accuracy: 0.9919
2026-04-10 00:06:12,136 - => Test ASR...
2026-04-10 00:06:12,244 - =>Add Trigger to Test Data
2026-04-10 00:06:15,449 - Add Trigger to 37064 Bad Samples, 9629 Clean Samples (1.00)
2026-04-10 00:06:27,992 - => Test Epoch: 11, main task samples: 46693, attack samples: 46693, test loss: 0.7911, clean acc: 0.5896, Top-4: 0.9958, ASR: 0.3446, RAC: 0.5180, test target accuracy: 0.8943, stage3 final accuracy: 0.5896, stage3 final target accuracy: 0.5849, stage3 final asr: 0.3446, anchor loss: 0.0767
2026-04-10 00:06:27,992 - => Stage 3 Detection Summary: recall: 0.8029, precision: 0.1714, f1: 0.2824, false positive rate: 0.4358, correction rate: 0.5526
2026-04-10 00:06:27,992 - => Stage 3 Debug (clean): suspicious=20351/46693, correction_applied=20314, prediction_changed=20314, skipped_tied_vote=0, skipped_low_margin=0, skipped_other=37
2026-04-10 00:06:27,992 - => Stage 3 Debug (poison-valid): suspicious=22102/37064, correction_applied=22099, prediction_changed=22099, skipped_tied_vote=0, skipped_low_margin=0, skipped_other=3
2026-04-10 00:06:27,992 - => Stage 3 Debug (attack-success): suspicious=7275/9061, correction_applied=7273, prediction_changed=7273, corrected_to_true=5007
2026-04-10 00:06:28,067 - => End Epoch: 11, early stop epochs: 10, best epoch: 1, best clean acc: 0.5959, best Top-4: 0.9966, best ASR: 0.3630, best RAC: 0.5313, anchor loss: 0.0788
2026-04-10 00:06:28,067 - => Stage 3 Detection Summary: recall: 0.8055, precision: 0.1636, f1: 0.2720, false positive rate: 0.4208, correction rate: 0.5521
2026-04-10 00:06:28,102 - => LFBA current anchor-derived target label: 3
2026-04-10 00:06:28,179 - =>Add Trigger to Train Data
2026-04-10 00:06:28,529 - Add Trigger to 6996 Bad Samples, 62970 Clean Samples (0.10)
2026-04-10 00:06:28,532 - => Start Training for Injecting Backdoor...
2026-04-10 00:06:28,587 - Epoch: 12, 1/274: VFL loss: 0.0167, total loss: 0.0783, anchor loss: 0.0616, VFL train accuracy: 0.9961
2026-04-10 00:06:29,215 - Epoch: 12, 11/274: VFL loss: 0.0336, total loss: 0.0963, anchor loss: 0.0628, VFL train accuracy: 0.9901
2026-04-10 00:06:29,589 - Epoch: 12, 21/274: VFL loss: 0.0304, total loss: 0.0935, anchor loss: 0.0631, VFL train accuracy: 0.9898
2026-04-10 00:06:29,974 - Epoch: 12, 31/274: VFL loss: 0.0325, total loss: 0.0957, anchor loss: 0.0633, VFL train accuracy: 0.9884
2026-04-10 00:06:30,346 - Epoch: 12, 41/274: VFL loss: 0.0303, total loss: 0.0934, anchor loss: 0.0631, VFL train accuracy: 0.9891
2026-04-10 00:06:30,708 - Epoch: 12, 51/274: VFL loss: 0.0288, total loss: 0.0915, anchor loss: 0.0627, VFL train accuracy: 0.9897
2026-04-10 00:06:31,091 - Epoch: 12, 61/274: VFL loss: 0.0278, total loss: 0.0902, anchor loss: 0.0624, VFL train accuracy: 0.9903
2026-04-10 00:06:31,460 - Epoch: 12, 71/274: VFL loss: 0.0281, total loss: 0.0904, anchor loss: 0.0623, VFL train accuracy: 0.9907
2026-04-10 00:06:31,947 - Epoch: 12, 81/274: VFL loss: 0.0277, total loss: 0.0899, anchor loss: 0.0622, VFL train accuracy: 0.9910
2026-04-10 00:06:32,346 - Epoch: 12, 91/274: VFL loss: 0.0272, total loss: 0.0892, anchor loss: 0.0621, VFL train accuracy: 0.9911
2026-04-10 00:06:32,750 - Epoch: 12, 101/274: VFL loss: 0.0272, total loss: 0.0893, anchor loss: 0.0621, VFL train accuracy: 0.9908
2026-04-10 00:06:33,200 - Epoch: 12, 111/274: VFL loss: 0.0269, total loss: 0.0889, anchor loss: 0.0620, VFL train accuracy: 0.9909
2026-04-10 00:06:33,701 - Epoch: 12, 121/274: VFL loss: 0.0263, total loss: 0.0883, anchor loss: 0.0620, VFL train accuracy: 0.9909
2026-04-10 00:06:34,128 - Epoch: 12, 131/274: VFL loss: 0.0270, total loss: 0.0890, anchor loss: 0.0620, VFL train accuracy: 0.9908
2026-04-10 00:06:34,499 - Epoch: 12, 141/274: VFL loss: 0.0286, total loss: 0.0907, anchor loss: 0.0621, VFL train accuracy: 0.9905
2026-04-10 00:06:34,885 - Epoch: 12, 151/274: VFL loss: 0.0289, total loss: 0.0911, anchor loss: 0.0622, VFL train accuracy: 0.9904
2026-04-10 00:06:35,315 - Epoch: 12, 161/274: VFL loss: 0.0297, total loss: 0.0919, anchor loss: 0.0621, VFL train accuracy: 0.9902
2026-04-10 00:06:35,723 - Epoch: 12, 171/274: VFL loss: 0.0300, total loss: 0.0920, anchor loss: 0.0621, VFL train accuracy: 0.9902
2026-04-10 00:06:36,189 - Epoch: 12, 181/274: VFL loss: 0.0298, total loss: 0.0918, anchor loss: 0.0620, VFL train accuracy: 0.9903
2026-04-10 00:06:36,644 - Epoch: 12, 191/274: VFL loss: 0.0299, total loss: 0.0920, anchor loss: 0.0621, VFL train accuracy: 0.9902
2026-04-10 00:06:37,101 - Epoch: 12, 201/274: VFL loss: 0.0300, total loss: 0.0921, anchor loss: 0.0621, VFL train accuracy: 0.9900
2026-04-10 00:06:37,574 - Epoch: 12, 211/274: VFL loss: 0.0301, total loss: 0.0923, anchor loss: 0.0622, VFL train accuracy: 0.9900
2026-04-10 00:06:38,003 - Epoch: 12, 221/274: VFL loss: 0.0302, total loss: 0.0924, anchor loss: 0.0622, VFL train accuracy: 0.9899
2026-04-10 00:06:38,376 - Epoch: 12, 231/274: VFL loss: 0.0302, total loss: 0.0924, anchor loss: 0.0622, VFL train accuracy: 0.9899
2026-04-10 00:06:38,772 - Epoch: 12, 241/274: VFL loss: 0.0302, total loss: 0.0923, anchor loss: 0.0621, VFL train accuracy: 0.9898
2026-04-10 00:06:39,176 - Epoch: 12, 251/274: VFL loss: 0.0308, total loss: 0.0930, anchor loss: 0.0622, VFL train accuracy: 0.9896
2026-04-10 00:06:39,550 - Epoch: 12, 261/274: VFL loss: 0.0309, total loss: 0.0930, anchor loss: 0.0621, VFL train accuracy: 0.9895
2026-04-10 00:06:39,931 - Epoch: 12, 271/274: VFL loss: 0.0309, total loss: 0.0931, anchor loss: 0.0622, VFL train accuracy: 0.9895
2026-04-10 00:06:40,057 - => Recorded Stage 2 client anchor losses for epoch 12 to './results/AVGuard/Fourclient/NUSWIDE/ema_scan/lambda_1.0_ema_0.999\stage2_final_epoch_client_anchor_losses.json': {0: 0.036748, 1: 0.072301, 2: 0.061713, 3: 0.078019}
2026-04-10 00:06:40,068 - => Stage 2 EMA anchor update applied at epoch 12 with momentum 0.9990: updated classes per client {0: 5, 1: 5, 2: 5, 3: 5}
2026-04-10 00:06:40,068 - => Stage 2 Epoch 12 Training Summary: VFL loss: 0.0313, total loss: 0.0935, anchor loss: 0.0622, VFL train accuracy: 0.9894
2026-04-10 00:06:40,068 - => Test ASR...
2026-04-10 00:06:40,171 - =>Add Trigger to Test Data
2026-04-10 00:06:43,558 - Add Trigger to 37064 Bad Samples, 9629 Clean Samples (1.00)
2026-04-10 00:06:56,002 - => Test Epoch: 12, main task samples: 46693, attack samples: 46693, test loss: 0.8087, clean acc: 0.5905, Top-4: 0.9953, ASR: 0.3439, RAC: 0.4757, test target accuracy: 0.8544, stage3 final accuracy: 0.5905, stage3 final target accuracy: 0.5967, stage3 final asr: 0.3439, anchor loss: 0.0776
2026-04-10 00:06:56,003 - => Stage 3 Detection Summary: recall: 0.7361, precision: 0.0688, f1: 0.1259, false positive rate: 0.4433, correction rate: 0.4670
2026-04-10 00:06:56,003 - => Stage 3 Debug (clean): suspicious=20698/46693, correction_applied=20650, prediction_changed=20650, skipped_tied_vote=0, skipped_low_margin=0, skipped_other=48
2026-04-10 00:06:56,003 - => Stage 3 Debug (poison-valid): suspicious=22429/37064, correction_applied=22418, prediction_changed=22418, skipped_tied_vote=0, skipped_low_margin=0, skipped_other=11
2026-04-10 00:06:56,003 - => Stage 3 Debug (attack-success): suspicious=2968/4032, correction_applied=2967, prediction_changed=2967, corrected_to_true=1883
2026-04-10 00:06:56,079 - => End Epoch: 12, early stop epochs: 11, best epoch: 1, best clean acc: 0.5959, best Top-4: 0.9966, best ASR: 0.3630, best RAC: 0.5313, anchor loss: 0.0788
2026-04-10 00:06:56,079 - => Stage 3 Detection Summary: recall: 0.8055, precision: 0.1636, f1: 0.2720, false positive rate: 0.4208, correction rate: 0.5521
2026-04-10 00:06:56,117 - => LFBA current anchor-derived target label: 3
2026-04-10 00:06:56,192 - =>Add Trigger to Train Data
2026-04-10 00:06:56,543 - Add Trigger to 6996 Bad Samples, 62970 Clean Samples (0.10)
2026-04-10 00:06:56,545 - => Start Training for Injecting Backdoor...
2026-04-10 00:06:56,602 - Epoch: 13, 1/274: VFL loss: 0.0078, total loss: 0.0716, anchor loss: 0.0639, VFL train accuracy: 1.0000
2026-04-10 00:06:57,242 - Epoch: 13, 11/274: VFL loss: 0.0211, total loss: 0.0829, anchor loss: 0.0618, VFL train accuracy: 0.9950
2026-04-10 00:06:57,617 - Epoch: 13, 21/274: VFL loss: 0.0252, total loss: 0.0874, anchor loss: 0.0623, VFL train accuracy: 0.9924
2026-04-10 00:06:58,003 - Epoch: 13, 31/274: VFL loss: 0.0248, total loss: 0.0869, anchor loss: 0.0621, VFL train accuracy: 0.9917
2026-04-10 00:06:58,376 - Epoch: 13, 41/274: VFL loss: 0.0250, total loss: 0.0873, anchor loss: 0.0623, VFL train accuracy: 0.9913
2026-04-10 00:06:58,762 - Epoch: 13, 51/274: VFL loss: 0.0242, total loss: 0.0860, anchor loss: 0.0618, VFL train accuracy: 0.9914
2026-04-10 00:06:59,156 - Epoch: 13, 61/274: VFL loss: 0.0230, total loss: 0.0849, anchor loss: 0.0619, VFL train accuracy: 0.9919
2026-04-10 00:06:59,534 - Epoch: 13, 71/274: VFL loss: 0.0227, total loss: 0.0845, anchor loss: 0.0618, VFL train accuracy: 0.9921
2026-04-10 00:06:59,962 - Epoch: 13, 81/274: VFL loss: 0.0236, total loss: 0.0855, anchor loss: 0.0619, VFL train accuracy: 0.9916
2026-04-10 00:07:00,347 - Epoch: 13, 91/274: VFL loss: 0.0244, total loss: 0.0863, anchor loss: 0.0619, VFL train accuracy: 0.9915
2026-04-10 00:07:00,750 - Epoch: 13, 101/274: VFL loss: 0.0244, total loss: 0.0861, anchor loss: 0.0617, VFL train accuracy: 0.9914
2026-04-10 00:07:01,127 - Epoch: 13, 111/274: VFL loss: 0.0245, total loss: 0.0862, anchor loss: 0.0617, VFL train accuracy: 0.9913
2026-04-10 00:07:01,504 - Epoch: 13, 121/274: VFL loss: 0.0243, total loss: 0.0860, anchor loss: 0.0616, VFL train accuracy: 0.9915
2026-04-10 00:07:01,883 - Epoch: 13, 131/274: VFL loss: 0.0243, total loss: 0.0859, anchor loss: 0.0616, VFL train accuracy: 0.9916
2026-04-10 00:07:02,355 - Epoch: 13, 141/274: VFL loss: 0.0238, total loss: 0.0854, anchor loss: 0.0616, VFL train accuracy: 0.9917
2026-04-10 00:07:02,759 - Epoch: 13, 151/274: VFL loss: 0.0236, total loss: 0.0853, anchor loss: 0.0616, VFL train accuracy: 0.9916
2026-04-10 00:07:03,178 - Epoch: 13, 161/274: VFL loss: 0.0237, total loss: 0.0854, anchor loss: 0.0616, VFL train accuracy: 0.9917
2026-04-10 00:07:03,580 - Epoch: 13, 171/274: VFL loss: 0.0235, total loss: 0.0852, anchor loss: 0.0616, VFL train accuracy: 0.9917
2026-04-10 00:07:03,955 - Epoch: 13, 181/274: VFL loss: 0.0241, total loss: 0.0857, anchor loss: 0.0616, VFL train accuracy: 0.9916
2026-04-10 00:07:04,479 - Epoch: 13, 191/274: VFL loss: 0.0245, total loss: 0.0861, anchor loss: 0.0616, VFL train accuracy: 0.9916
2026-04-10 00:07:04,873 - Epoch: 13, 201/274: VFL loss: 0.0250, total loss: 0.0866, anchor loss: 0.0616, VFL train accuracy: 0.9914
2026-04-10 00:07:05,255 - Epoch: 13, 211/274: VFL loss: 0.0255, total loss: 0.0872, anchor loss: 0.0617, VFL train accuracy: 0.9912
2026-04-10 00:07:05,621 - Epoch: 13, 221/274: VFL loss: 0.0261, total loss: 0.0878, anchor loss: 0.0617, VFL train accuracy: 0.9911
2026-04-10 00:07:05,992 - Epoch: 13, 231/274: VFL loss: 0.0262, total loss: 0.0879, anchor loss: 0.0617, VFL train accuracy: 0.9910
2026-04-10 00:07:06,414 - Epoch: 13, 241/274: VFL loss: 0.0264, total loss: 0.0881, anchor loss: 0.0617, VFL train accuracy: 0.9910
2026-04-10 00:07:06,790 - Epoch: 13, 251/274: VFL loss: 0.0272, total loss: 0.0889, anchor loss: 0.0618, VFL train accuracy: 0.9908
2026-04-10 00:07:07,165 - Epoch: 13, 261/274: VFL loss: 0.0277, total loss: 0.0895, anchor loss: 0.0619, VFL train accuracy: 0.9906
2026-04-10 00:07:07,557 - Epoch: 13, 271/274: VFL loss: 0.0279, total loss: 0.0898, anchor loss: 0.0619, VFL train accuracy: 0.9905
2026-04-10 00:07:07,669 - => Recorded Stage 2 client anchor losses for epoch 13 to './results/AVGuard/Fourclient/NUSWIDE/ema_scan/lambda_1.0_ema_0.999\stage2_final_epoch_client_anchor_losses.json': {0: 0.036041, 1: 0.072139, 2: 0.061126, 3: 0.078222}
2026-04-10 00:07:07,677 - => Stage 2 EMA anchor update applied at epoch 13 with momentum 0.9990: updated classes per client {0: 5, 1: 5, 2: 5, 3: 5}
2026-04-10 00:07:07,677 - => Stage 2 Epoch 13 Training Summary: VFL loss: 0.0278, total loss: 0.0896, anchor loss: 0.0619, VFL train accuracy: 0.9906
2026-04-10 00:07:07,677 - => Test ASR...
2026-04-10 00:07:07,778 - =>Add Trigger to Test Data
2026-04-10 00:07:11,032 - Add Trigger to 37064 Bad Samples, 9629 Clean Samples (1.00)
2026-04-10 00:07:23,660 - => Test Epoch: 13, main task samples: 46693, attack samples: 46693, test loss: 0.8134, clean acc: 0.5874, Top-4: 0.9951, ASR: 0.3448, RAC: 0.4691, test target accuracy: 0.8836, stage3 final accuracy: 0.5874, stage3 final target accuracy: 0.5317, stage3 final asr: 0.3448, anchor loss: 0.0770
2026-04-10 00:07:23,660 - => Stage 3 Detection Summary: recall: 0.7759, precision: 0.0847, f1: 0.1528, false positive rate: 0.4511, correction rate: 0.4635
2026-04-10 00:07:23,660 - => Stage 3 Debug (clean): suspicious=21063/46693, correction_applied=21015, prediction_changed=21015, skipped_tied_vote=0, skipped_low_margin=0, skipped_other=48
2026-04-10 00:07:23,661 - => Stage 3 Debug (poison-valid): suspicious=22255/37064, correction_applied=22248, prediction_changed=22248, skipped_tied_vote=0, skipped_low_margin=0, skipped_other=7
2026-04-10 00:07:23,661 - => Stage 3 Debug (attack-success): suspicious=3671/4731, correction_applied=3668, prediction_changed=3668, corrected_to_true=2193
2026-04-10 00:07:23,738 - => End Epoch: 13, early stop epochs: 12, best epoch: 1, best clean acc: 0.5959, best Top-4: 0.9966, best ASR: 0.3630, best RAC: 0.5313, anchor loss: 0.0788
2026-04-10 00:07:23,738 - => Stage 3 Detection Summary: recall: 0.8055, precision: 0.1636, f1: 0.2720, false positive rate: 0.4208, correction rate: 0.5521
2026-04-10 00:07:23,781 - => LFBA current anchor-derived target label: 3
2026-04-10 00:07:23,857 - =>Add Trigger to Train Data
2026-04-10 00:07:24,202 - Add Trigger to 6996 Bad Samples, 62970 Clean Samples (0.10)
2026-04-10 00:07:24,205 - => Start Training for Injecting Backdoor...
2026-04-10 00:07:24,266 - Epoch: 14, 1/274: VFL loss: 0.0110, total loss: 0.0699, anchor loss: 0.0589, VFL train accuracy: 0.9961
2026-04-10 00:07:24,954 - Epoch: 14, 11/274: VFL loss: 0.0176, total loss: 0.0778, anchor loss: 0.0601, VFL train accuracy: 0.9940
2026-04-10 00:07:25,327 - Epoch: 14, 21/274: VFL loss: 0.0195, total loss: 0.0807, anchor loss: 0.0612, VFL train accuracy: 0.9922
2026-04-10 00:07:25,678 - Epoch: 14, 31/274: VFL loss: 0.0179, total loss: 0.0789, anchor loss: 0.0611, VFL train accuracy: 0.9933
2026-04-10 00:07:26,072 - Epoch: 14, 41/274: VFL loss: 0.0201, total loss: 0.0807, anchor loss: 0.0606, VFL train accuracy: 0.9929
2026-04-10 00:07:26,422 - Epoch: 14, 51/274: VFL loss: 0.0200, total loss: 0.0806, anchor loss: 0.0606, VFL train accuracy: 0.9929
2026-04-10 00:07:26,840 - Epoch: 14, 61/274: VFL loss: 0.0194, total loss: 0.0800, anchor loss: 0.0605, VFL train accuracy: 0.9933
2026-04-10 00:07:27,231 - Epoch: 14, 71/274: VFL loss: 0.0195, total loss: 0.0801, anchor loss: 0.0606, VFL train accuracy: 0.9932
2026-04-10 00:07:27,603 - Epoch: 14, 81/274: VFL loss: 0.0191, total loss: 0.0797, anchor loss: 0.0606, VFL train accuracy: 0.9934
2026-04-10 00:07:27,992 - Epoch: 14, 91/274: VFL loss: 0.0186, total loss: 0.0793, anchor loss: 0.0607, VFL train accuracy: 0.9937
2026-04-10 00:07:28,370 - Epoch: 14, 101/274: VFL loss: 0.0181, total loss: 0.0788, anchor loss: 0.0607, VFL train accuracy: 0.9939
2026-04-10 00:07:28,723 - Epoch: 14, 111/274: VFL loss: 0.0183, total loss: 0.0789, anchor loss: 0.0606, VFL train accuracy: 0.9938
2026-04-10 00:07:29,125 - Epoch: 14, 121/274: VFL loss: 0.0181, total loss: 0.0786, anchor loss: 0.0605, VFL train accuracy: 0.9938
2026-04-10 00:07:29,505 - Epoch: 14, 131/274: VFL loss: 0.0185, total loss: 0.0790, anchor loss: 0.0605, VFL train accuracy: 0.9935
2026-04-10 00:07:29,883 - Epoch: 14, 141/274: VFL loss: 0.0189, total loss: 0.0794, anchor loss: 0.0605, VFL train accuracy: 0.9935
2026-04-10 00:07:30,241 - Epoch: 14, 151/274: VFL loss: 0.0191, total loss: 0.0796, anchor loss: 0.0605, VFL train accuracy: 0.9934
2026-04-10 00:07:30,642 - Epoch: 14, 161/274: VFL loss: 0.0193, total loss: 0.0799, anchor loss: 0.0607, VFL train accuracy: 0.9934
2026-04-10 00:07:31,039 - Epoch: 14, 171/274: VFL loss: 0.0190, total loss: 0.0797, anchor loss: 0.0607, VFL train accuracy: 0.9935
2026-04-10 00:07:31,477 - Epoch: 14, 181/274: VFL loss: 0.0190, total loss: 0.0797, anchor loss: 0.0607, VFL train accuracy: 0.9934
2026-04-10 00:07:31,846 - Epoch: 14, 191/274: VFL loss: 0.0191, total loss: 0.0798, anchor loss: 0.0607, VFL train accuracy: 0.9934
2026-04-10 00:07:32,224 - Epoch: 14, 201/274: VFL loss: 0.0191, total loss: 0.0798, anchor loss: 0.0607, VFL train accuracy: 0.9934
2026-04-10 00:07:32,583 - Epoch: 14, 211/274: VFL loss: 0.0191, total loss: 0.0798, anchor loss: 0.0607, VFL train accuracy: 0.9934
2026-04-10 00:07:32,962 - Epoch: 14, 221/274: VFL loss: 0.0190, total loss: 0.0797, anchor loss: 0.0607, VFL train accuracy: 0.9934
2026-04-10 00:07:33,343 - Epoch: 14, 231/274: VFL loss: 0.0189, total loss: 0.0796, anchor loss: 0.0607, VFL train accuracy: 0.9935
2026-04-10 00:07:33,765 - Epoch: 14, 241/274: VFL loss: 0.0193, total loss: 0.0799, anchor loss: 0.0606, VFL train accuracy: 0.9935
2026-04-10 00:07:34,166 - Epoch: 14, 251/274: VFL loss: 0.0194, total loss: 0.0801, anchor loss: 0.0607, VFL train accuracy: 0.9934
2026-04-10 00:07:34,530 - Epoch: 14, 261/274: VFL loss: 0.0193, total loss: 0.0799, anchor loss: 0.0607, VFL train accuracy: 0.9935
2026-04-10 00:07:34,913 - Epoch: 14, 271/274: VFL loss: 0.0192, total loss: 0.0799, anchor loss: 0.0607, VFL train accuracy: 0.9935
2026-04-10 00:07:35,046 - => Recorded Stage 2 client anchor losses for epoch 14 to './results/AVGuard/Fourclient/NUSWIDE/ema_scan/lambda_1.0_ema_0.999\stage2_final_epoch_client_anchor_losses.json': {0: 0.034038, 1: 0.071086, 2: 0.060695, 3: 0.076865}
2026-04-10 00:07:35,057 - => Stage 2 EMA anchor update applied at epoch 14 with momentum 0.9990: updated classes per client {0: 5, 1: 5, 2: 5, 3: 5}
2026-04-10 00:07:35,057 - => Stage 2 Epoch 14 Training Summary: VFL loss: 0.0192, total loss: 0.0799, anchor loss: 0.0607, VFL train accuracy: 0.9935
2026-04-10 00:07:35,058 - => Test ASR...
2026-04-10 00:07:35,165 - =>Add Trigger to Test Data
2026-04-10 00:07:38,523 - Add Trigger to 37064 Bad Samples, 9629 Clean Samples (1.00)
2026-04-10 00:07:50,976 - => Test Epoch: 14, main task samples: 46693, attack samples: 46693, test loss: 0.9228, clean acc: 0.5910, Top-4: 0.9954, ASR: 0.3829, RAC: 0.4818, test target accuracy: 0.8823, stage3 final accuracy: 0.5910, stage3 final target accuracy: 0.5894, stage3 final asr: 0.3829, anchor loss: 0.0755
2026-04-10 00:07:50,977 - => Stage 3 Detection Summary: recall: 0.7099, precision: 0.0870, f1: 0.1550, false positive rate: 0.4301, correction rate: 0.4126
2026-04-10 00:07:50,977 - => Stage 3 Debug (clean): suspicious=20081/46693, correction_applied=20032, prediction_changed=20032, skipped_tied_vote=0, skipped_low_margin=0, skipped_other=49
2026-04-10 00:07:50,977 - => Stage 3 Debug (poison-valid): suspicious=21294/37064, correction_applied=21291, prediction_changed=21291, skipped_tied_vote=0, skipped_low_margin=0, skipped_other=3
2026-04-10 00:07:50,977 - => Stage 3 Debug (attack-success): suspicious=3599/5070, correction_applied=3598, prediction_changed=3598, corrected_to_true=2092
2026-04-10 00:07:51,051 - => End Epoch: 14, early stop epochs: 13, best epoch: 1, best clean acc: 0.5959, best Top-4: 0.9966, best ASR: 0.3630, best RAC: 0.5313, anchor loss: 0.0788
2026-04-10 00:07:51,051 - => Stage 3 Detection Summary: recall: 0.8055, precision: 0.1636, f1: 0.2720, false positive rate: 0.4208, correction rate: 0.5521
2026-04-10 00:07:51,094 - => LFBA current anchor-derived target label: 3
2026-04-10 00:07:51,170 - =>Add Trigger to Train Data
2026-04-10 00:07:51,512 - Add Trigger to 6996 Bad Samples, 62970 Clean Samples (0.10)
2026-04-10 00:07:51,514 - => Start Training for Injecting Backdoor...
2026-04-10 00:07:51,574 - Epoch: 15, 1/274: VFL loss: 0.0105, total loss: 0.0705, anchor loss: 0.0600, VFL train accuracy: 1.0000
2026-04-10 00:07:52,232 - Epoch: 15, 11/274: VFL loss: 0.0126, total loss: 0.0729, anchor loss: 0.0603, VFL train accuracy: 0.9957
2026-04-10 00:07:52,596 - Epoch: 15, 21/274: VFL loss: 0.0117, total loss: 0.0718, anchor loss: 0.0601, VFL train accuracy: 0.9959
2026-04-10 00:07:52,965 - Epoch: 15, 31/274: VFL loss: 0.0126, total loss: 0.0727, anchor loss: 0.0600, VFL train accuracy: 0.9952
2026-04-10 00:07:53,324 - Epoch: 15, 41/274: VFL loss: 0.0127, total loss: 0.0726, anchor loss: 0.0600, VFL train accuracy: 0.9955
2026-04-10 00:07:53,674 - Epoch: 15, 51/274: VFL loss: 0.0129, total loss: 0.0732, anchor loss: 0.0603, VFL train accuracy: 0.9956
2026-04-10 00:07:54,088 - Epoch: 15, 61/274: VFL loss: 0.0129, total loss: 0.0733, anchor loss: 0.0604, VFL train accuracy: 0.9956
2026-04-10 00:07:54,461 - Epoch: 15, 71/274: VFL loss: 0.0121, total loss: 0.0723, anchor loss: 0.0602, VFL train accuracy: 0.9959
2026-04-10 00:07:54,859 - Epoch: 15, 81/274: VFL loss: 0.0120, total loss: 0.0722, anchor loss: 0.0602, VFL train accuracy: 0.9959
2026-04-10 00:07:55,280 - Epoch: 15, 91/274: VFL loss: 0.0115, total loss: 0.0718, anchor loss: 0.0602, VFL train accuracy: 0.9962
2026-04-10 00:07:55,649 - Epoch: 15, 101/274: VFL loss: 0.0116, total loss: 0.0719, anchor loss: 0.0603, VFL train accuracy: 0.9961
2026-04-10 00:07:56,046 - Epoch: 15, 111/274: VFL loss: 0.0116, total loss: 0.0717, anchor loss: 0.0602, VFL train accuracy: 0.9962
2026-04-10 00:07:56,390 - Epoch: 15, 121/274: VFL loss: 0.0116, total loss: 0.0717, anchor loss: 0.0601, VFL train accuracy: 0.9963
2026-04-10 00:07:56,768 - Epoch: 15, 131/274: VFL loss: 0.0122, total loss: 0.0722, anchor loss: 0.0601, VFL train accuracy: 0.9962
2026-04-10 00:07:57,150 - Epoch: 15, 141/274: VFL loss: 0.0121, total loss: 0.0722, anchor loss: 0.0600, VFL train accuracy: 0.9962
2026-04-10 00:07:57,519 - Epoch: 15, 151/274: VFL loss: 0.0120, total loss: 0.0720, anchor loss: 0.0600, VFL train accuracy: 0.9963
2026-04-10 00:07:57,894 - Epoch: 15, 161/274: VFL loss: 0.0117, total loss: 0.0717, anchor loss: 0.0600, VFL train accuracy: 0.9964
2026-04-10 00:07:58,245 - Epoch: 15, 171/274: VFL loss: 0.0116, total loss: 0.0716, anchor loss: 0.0599, VFL train accuracy: 0.9965
2026-04-10 00:07:58,605 - Epoch: 15, 181/274: VFL loss: 0.0118, total loss: 0.0717, anchor loss: 0.0600, VFL train accuracy: 0.9963
2026-04-10 00:07:58,989 - Epoch: 15, 191/274: VFL loss: 0.0120, total loss: 0.0719, anchor loss: 0.0599, VFL train accuracy: 0.9962
2026-04-10 00:07:59,361 - Epoch: 15, 201/274: VFL loss: 0.0125, total loss: 0.0724, anchor loss: 0.0599, VFL train accuracy: 0.9961
2026-04-10 00:07:59,727 - Epoch: 15, 211/274: VFL loss: 0.0126, total loss: 0.0725, anchor loss: 0.0598, VFL train accuracy: 0.9960
2026-04-10 00:08:00,101 - Epoch: 15, 221/274: VFL loss: 0.0127, total loss: 0.0725, anchor loss: 0.0598, VFL train accuracy: 0.9960
2026-04-10 00:08:00,545 - Epoch: 15, 231/274: VFL loss: 0.0131, total loss: 0.0729, anchor loss: 0.0599, VFL train accuracy: 0.9958
2026-04-10 00:08:00,915 - Epoch: 15, 241/274: VFL loss: 0.0131, total loss: 0.0730, anchor loss: 0.0599, VFL train accuracy: 0.9958
2026-04-10 00:08:01,285 - Epoch: 15, 251/274: VFL loss: 0.0133, total loss: 0.0732, anchor loss: 0.0599, VFL train accuracy: 0.9957
2026-04-10 00:08:01,666 - Epoch: 15, 261/274: VFL loss: 0.0133, total loss: 0.0732, anchor loss: 0.0599, VFL train accuracy: 0.9957
2026-04-10 00:08:02,037 - Epoch: 15, 271/274: VFL loss: 0.0135, total loss: 0.0734, anchor loss: 0.0599, VFL train accuracy: 0.9957
2026-04-10 00:08:02,194 - => Recorded Stage 2 client anchor losses for epoch 15 to './results/AVGuard/Fourclient/NUSWIDE/ema_scan/lambda_1.0_ema_0.999\stage2_final_epoch_client_anchor_losses.json': {0: 0.032032, 1: 0.070377, 2: 0.060178, 3: 0.076841}
2026-04-10 00:08:02,204 - => Stage 2 EMA anchor update applied at epoch 15 with momentum 0.9990: updated classes per client {0: 5, 1: 5, 2: 5, 3: 5}
2026-04-10 00:08:02,204 - => Stage 2 Epoch 15 Training Summary: VFL loss: 0.0134, total loss: 0.0733, anchor loss: 0.0598, VFL train accuracy: 0.9957
2026-04-10 00:08:02,204 - => Test ASR...
2026-04-10 00:08:02,307 - =>Add Trigger to Test Data
2026-04-10 00:08:05,771 - Add Trigger to 37064 Bad Samples, 9629 Clean Samples (1.00)
2026-04-10 00:08:18,349 - => Test Epoch: 15, main task samples: 46693, attack samples: 46693, test loss: 0.9522, clean acc: 0.5924, Top-4: 0.9955, ASR: 0.3709, RAC: 0.4721, test target accuracy: 0.8654, stage3 final accuracy: 0.5924, stage3 final target accuracy: 0.5405, stage3 final asr: 0.3709, anchor loss: 0.0756
2026-04-10 00:08:18,349 - => Stage 3 Detection Summary: recall: 0.7695, precision: 0.0829, f1: 0.1496, false positive rate: 0.4381, correction rate: 0.4611
2026-04-10 00:08:18,349 - => Stage 3 Debug (clean): suspicious=20457/46693, correction_applied=20424, prediction_changed=20424, skipped_tied_vote=0, skipped_low_margin=0, skipped_other=33
2026-04-10 00:08:18,349 - => Stage 3 Debug (poison-valid): suspicious=21991/37064, correction_applied=21981, prediction_changed=21981, skipped_tied_vote=0, skipped_low_margin=0, skipped_other=10
2026-04-10 00:08:18,349 - => Stage 3 Debug (attack-success): suspicious=3518/4572, correction_applied=3515, prediction_changed=3515, corrected_to_true=2108
2026-04-10 00:08:18,425 - => End Epoch: 15, early stop epochs: 14, best epoch: 1, best clean acc: 0.5959, best Top-4: 0.9966, best ASR: 0.3630, best RAC: 0.5313, anchor loss: 0.0788
2026-04-10 00:08:18,426 - => Stage 3 Detection Summary: recall: 0.8055, precision: 0.1636, f1: 0.2720, false positive rate: 0.4208, correction rate: 0.5521
2026-04-10 00:08:18,469 - => LFBA current anchor-derived target label: 3
2026-04-10 00:08:18,544 - =>Add Trigger to Train Data
2026-04-10 00:08:18,841 - Add Trigger to 6996 Bad Samples, 62970 Clean Samples (0.10)
2026-04-10 00:08:18,843 - => Start Training for Injecting Backdoor...
2026-04-10 00:08:18,892 - Epoch: 16, 1/274: VFL loss: 0.0046, total loss: 0.0644, anchor loss: 0.0598, VFL train accuracy: 1.0000
2026-04-10 00:08:19,459 - Epoch: 16, 11/274: VFL loss: 0.0107, total loss: 0.0689, anchor loss: 0.0582, VFL train accuracy: 0.9961
2026-04-10 00:08:19,828 - Epoch: 16, 21/274: VFL loss: 0.0102, total loss: 0.0690, anchor loss: 0.0588, VFL train accuracy: 0.9961
2026-04-10 00:08:20,221 - Epoch: 16, 31/274: VFL loss: 0.0093, total loss: 0.0678, anchor loss: 0.0585, VFL train accuracy: 0.9966
2026-04-10 00:08:20,598 - Epoch: 16, 41/274: VFL loss: 0.0097, total loss: 0.0681, anchor loss: 0.0585, VFL train accuracy: 0.9966
2026-04-10 00:08:20,992 - Epoch: 16, 51/274: VFL loss: 0.0097, total loss: 0.0684, anchor loss: 0.0587, VFL train accuracy: 0.9968
2026-04-10 00:08:21,350 - Epoch: 16, 61/274: VFL loss: 0.0097, total loss: 0.0689, anchor loss: 0.0592, VFL train accuracy: 0.9968
2026-04-10 00:08:21,732 - Epoch: 16, 71/274: VFL loss: 0.0098, total loss: 0.0690, anchor loss: 0.0592, VFL train accuracy: 0.9968
2026-04-10 00:08:22,135 - Epoch: 16, 81/274: VFL loss: 0.0115, total loss: 0.0707, anchor loss: 0.0592, VFL train accuracy: 0.9963
2026-04-10 00:08:22,536 - Epoch: 16, 91/274: VFL loss: 0.0113, total loss: 0.0706, anchor loss: 0.0592, VFL train accuracy: 0.9963
2026-04-10 00:08:22,922 - Epoch: 16, 101/274: VFL loss: 0.0110, total loss: 0.0704, anchor loss: 0.0594, VFL train accuracy: 0.9964
2026-04-10 00:08:23,299 - Epoch: 16, 111/274: VFL loss: 0.0110, total loss: 0.0702, anchor loss: 0.0592, VFL train accuracy: 0.9964
2026-04-10 00:08:23,695 - Epoch: 16, 121/274: VFL loss: 0.0111, total loss: 0.0703, anchor loss: 0.0592, VFL train accuracy: 0.9964
2026-04-10 00:08:24,085 - Epoch: 16, 131/274: VFL loss: 0.0117, total loss: 0.0709, anchor loss: 0.0592, VFL train accuracy: 0.9963
2026-04-10 00:08:24,479 - Epoch: 16, 141/274: VFL loss: 0.0118, total loss: 0.0709, anchor loss: 0.0592, VFL train accuracy: 0.9962
2026-04-10 00:08:24,857 - Epoch: 16, 151/274: VFL loss: 0.0125, total loss: 0.0717, anchor loss: 0.0591, VFL train accuracy: 0.9960
2026-04-10 00:08:25,249 - Epoch: 16, 161/274: VFL loss: 0.0134, total loss: 0.0727, anchor loss: 0.0593, VFL train accuracy: 0.9957
2026-04-10 00:08:25,745 - Epoch: 16, 171/274: VFL loss: 0.0137, total loss: 0.0730, anchor loss: 0.0593, VFL train accuracy: 0.9955
2026-04-10 00:08:26,123 - Epoch: 16, 181/274: VFL loss: 0.0138, total loss: 0.0732, anchor loss: 0.0594, VFL train accuracy: 0.9955
2026-04-10 00:08:26,507 - Epoch: 16, 191/274: VFL loss: 0.0137, total loss: 0.0731, anchor loss: 0.0594, VFL train accuracy: 0.9955
2026-04-10 00:08:26,870 - Epoch: 16, 201/274: VFL loss: 0.0142, total loss: 0.0737, anchor loss: 0.0594, VFL train accuracy: 0.9955
2026-04-10 00:08:27,235 - Epoch: 16, 211/274: VFL loss: 0.0147, total loss: 0.0742, anchor loss: 0.0595, VFL train accuracy: 0.9953
2026-04-10 00:08:27,589 - Epoch: 16, 221/274: VFL loss: 0.0148, total loss: 0.0744, anchor loss: 0.0595, VFL train accuracy: 0.9952
2026-04-10 00:08:27,974 - Epoch: 16, 231/274: VFL loss: 0.0154, total loss: 0.0751, anchor loss: 0.0597, VFL train accuracy: 0.9951
2026-04-10 00:08:28,342 - Epoch: 16, 241/274: VFL loss: 0.0158, total loss: 0.0755, anchor loss: 0.0597, VFL train accuracy: 0.9950
2026-04-10 00:08:28,707 - Epoch: 16, 251/274: VFL loss: 0.0165, total loss: 0.0764, anchor loss: 0.0599, VFL train accuracy: 0.9947
2026-04-10 00:08:29,116 - Epoch: 16, 261/274: VFL loss: 0.0171, total loss: 0.0771, anchor loss: 0.0600, VFL train accuracy: 0.9945
2026-04-10 00:08:29,486 - Epoch: 16, 271/274: VFL loss: 0.0177, total loss: 0.0777, anchor loss: 0.0601, VFL train accuracy: 0.9943
2026-04-10 00:08:29,603 - => Recorded Stage 2 client anchor losses for epoch 16 to './results/AVGuard/Fourclient/NUSWIDE/ema_scan/lambda_1.0_ema_0.999\stage2_final_epoch_client_anchor_losses.json': {0: 0.031332, 1: 0.071097, 2: 0.06029, 3: 0.077514}
2026-04-10 00:08:29,614 - => Stage 2 EMA anchor update applied at epoch 16 with momentum 0.9990: updated classes per client {0: 5, 1: 5, 2: 5, 3: 5}
2026-04-10 00:08:29,615 - => Stage 2 Epoch 16 Training Summary: VFL loss: 0.0179, total loss: 0.0779, anchor loss: 0.0601, VFL train accuracy: 0.9942
2026-04-10 00:08:29,615 - => Test ASR...
2026-04-10 00:08:29,717 - =>Add Trigger to Test Data
2026-04-10 00:08:33,083 - Add Trigger to 37064 Bad Samples, 9629 Clean Samples (1.00)
2026-04-10 00:08:45,397 - => Test Epoch: 16, main task samples: 46693, attack samples: 46693, test loss: 0.9926, clean acc: 0.5876, Top-4: 0.9942, ASR: 0.3479, RAC: 0.4608, test target accuracy: 0.8533, stage3 final accuracy: 0.5876, stage3 final target accuracy: 0.5865, stage3 final asr: 0.3479, anchor loss: 0.0767
2026-04-10 00:08:45,397 - => Stage 3 Detection Summary: recall: 0.6624, precision: 0.0438, f1: 0.0822, false positive rate: 0.4465, correction rate: 0.3582
2026-04-10 00:08:45,398 - => Stage 3 Debug (clean): suspicious=20847/46693, correction_applied=20803, prediction_changed=20803, skipped_tied_vote=0, skipped_low_margin=0, skipped_other=44
2026-04-10 00:08:45,398 - => Stage 3 Debug (poison-valid): suspicious=22447/37064, correction_applied=22429, prediction_changed=22429, skipped_tied_vote=0, skipped_low_margin=0, skipped_other=18
2026-04-10 00:08:45,398 - => Stage 3 Debug (attack-success): suspicious=1897/2864, correction_applied=1892, prediction_changed=1892, corrected_to_true=1026
2026-04-10 00:08:45,476 - => End Epoch: 16, early stop epochs: 15, best epoch: 1, best clean acc: 0.5959, best Top-4: 0.9966, best ASR: 0.3630, best RAC: 0.5313, anchor loss: 0.0788
2026-04-10 00:08:45,476 - => Stage 3 Detection Summary: recall: 0.8055, precision: 0.1636, f1: 0.2720, false positive rate: 0.4208, correction rate: 0.5521
2026-04-10 00:08:45,516 - => LFBA current anchor-derived target label: 3
2026-04-10 00:08:45,592 - =>Add Trigger to Train Data
2026-04-10 00:08:45,904 - Add Trigger to 6996 Bad Samples, 62970 Clean Samples (0.10)
2026-04-10 00:08:45,907 - => Start Training for Injecting Backdoor...
2026-04-10 00:08:45,960 - Epoch: 17, 1/274: VFL loss: 0.0175, total loss: 0.0804, anchor loss: 0.0628, VFL train accuracy: 0.9961
2026-04-10 00:08:46,567 - Epoch: 17, 11/274: VFL loss: 0.0243, total loss: 0.0851, anchor loss: 0.0607, VFL train accuracy: 0.9929
2026-04-10 00:08:46,989 - Epoch: 17, 21/274: VFL loss: 0.0262, total loss: 0.0876, anchor loss: 0.0615, VFL train accuracy: 0.9905
2026-04-10 00:08:47,365 - Epoch: 17, 31/274: VFL loss: 0.0309, total loss: 0.0927, anchor loss: 0.0618, VFL train accuracy: 0.9898
2026-04-10 00:08:47,760 - Epoch: 17, 41/274: VFL loss: 0.0291, total loss: 0.0910, anchor loss: 0.0619, VFL train accuracy: 0.9901
2026-04-10 00:08:48,128 - Epoch: 17, 51/274: VFL loss: 0.0282, total loss: 0.0903, anchor loss: 0.0621, VFL train accuracy: 0.9908
2026-04-10 00:08:48,478 - Epoch: 17, 61/274: VFL loss: 0.0271, total loss: 0.0890, anchor loss: 0.0620, VFL train accuracy: 0.9914
2026-04-10 00:08:48,833 - Epoch: 17, 71/274: VFL loss: 0.0266, total loss: 0.0884, anchor loss: 0.0617, VFL train accuracy: 0.9914
2026-04-10 00:08:49,202 - Epoch: 17, 81/274: VFL loss: 0.0270, total loss: 0.0886, anchor loss: 0.0617, VFL train accuracy: 0.9915
2026-04-10 00:08:49,594 - Epoch: 17, 91/274: VFL loss: 0.0264, total loss: 0.0878, anchor loss: 0.0615, VFL train accuracy: 0.9915
2026-04-10 00:08:49,975 - Epoch: 17, 101/274: VFL loss: 0.0255, total loss: 0.0869, anchor loss: 0.0614, VFL train accuracy: 0.9918
2026-04-10 00:08:50,342 - Epoch: 17, 111/274: VFL loss: 0.0248, total loss: 0.0862, anchor loss: 0.0614, VFL train accuracy: 0.9919
2026-04-10 00:08:50,709 - Epoch: 17, 121/274: VFL loss: 0.0237, total loss: 0.0850, anchor loss: 0.0613, VFL train accuracy: 0.9923
2026-04-10 00:08:51,081 - Epoch: 17, 131/274: VFL loss: 0.0228, total loss: 0.0840, anchor loss: 0.0611, VFL train accuracy: 0.9926
2026-04-10 00:08:51,451 - Epoch: 17, 141/274: VFL loss: 0.0233, total loss: 0.0843, anchor loss: 0.0611, VFL train accuracy: 0.9925
2026-04-10 00:08:51,812 - Epoch: 17, 151/274: VFL loss: 0.0232, total loss: 0.0842, anchor loss: 0.0610, VFL train accuracy: 0.9925
2026-04-10 00:08:52,183 - Epoch: 17, 161/274: VFL loss: 0.0230, total loss: 0.0840, anchor loss: 0.0611, VFL train accuracy: 0.9926
2026-04-10 00:08:52,568 - Epoch: 17, 171/274: VFL loss: 0.0227, total loss: 0.0837, anchor loss: 0.0610, VFL train accuracy: 0.9926
2026-04-10 00:08:52,947 - Epoch: 17, 181/274: VFL loss: 0.0231, total loss: 0.0841, anchor loss: 0.0610, VFL train accuracy: 0.9925
2026-04-10 00:08:53,320 - Epoch: 17, 191/274: VFL loss: 0.0228, total loss: 0.0837, anchor loss: 0.0609, VFL train accuracy: 0.9926
2026-04-10 00:08:53,701 - Epoch: 17, 201/274: VFL loss: 0.0228, total loss: 0.0837, anchor loss: 0.0609, VFL train accuracy: 0.9926
2026-04-10 00:08:54,078 - Epoch: 17, 211/274: VFL loss: 0.0235, total loss: 0.0845, anchor loss: 0.0609, VFL train accuracy: 0.9925
2026-04-10 00:08:54,510 - Epoch: 17, 221/274: VFL loss: 0.0237, total loss: 0.0846, anchor loss: 0.0609, VFL train accuracy: 0.9924
2026-04-10 00:08:54,875 - Epoch: 17, 231/274: VFL loss: 0.0236, total loss: 0.0845, anchor loss: 0.0609, VFL train accuracy: 0.9924
2026-04-10 00:08:55,271 - Epoch: 17, 241/274: VFL loss: 0.0238, total loss: 0.0848, anchor loss: 0.0609, VFL train accuracy: 0.9923
2026-04-10 00:08:55,631 - Epoch: 17, 251/274: VFL loss: 0.0236, total loss: 0.0846, anchor loss: 0.0609, VFL train accuracy: 0.9923
2026-04-10 00:08:56,038 - Epoch: 17, 261/274: VFL loss: 0.0233, total loss: 0.0843, anchor loss: 0.0610, VFL train accuracy: 0.9924
2026-04-10 00:08:56,403 - Epoch: 17, 271/274: VFL loss: 0.0234, total loss: 0.0844, anchor loss: 0.0610, VFL train accuracy: 0.9923
2026-04-10 00:08:56,545 - => Recorded Stage 2 client anchor losses for epoch 17 to './results/AVGuard/Fourclient/NUSWIDE/ema_scan/lambda_1.0_ema_0.999\stage2_final_epoch_client_anchor_losses.json': {0: 0.033037, 1: 0.072271, 2: 0.060713, 3: 0.077807}
2026-04-10 00:08:56,555 - => Stage 2 EMA anchor update applied at epoch 17 with momentum 0.9990: updated classes per client {0: 5, 1: 5, 2: 5, 3: 5}
2026-04-10 00:08:56,555 - => Stage 2 Epoch 17 Training Summary: VFL loss: 0.0233, total loss: 0.0842, anchor loss: 0.0609, VFL train accuracy: 0.9924
2026-04-10 00:08:56,556 - => Test ASR...
2026-04-10 00:08:56,659 - =>Add Trigger to Test Data
2026-04-10 00:08:59,799 - Add Trigger to 37064 Bad Samples, 9629 Clean Samples (1.00)
2026-04-10 00:09:12,502 - => Test Epoch: 17, main task samples: 46693, attack samples: 46693, test loss: 0.8889, clean acc: 0.5944, Top-4: 0.9952, ASR: 0.3452, RAC: 0.4622, test target accuracy: 0.8570, stage3 final accuracy: 0.5944, stage3 final target accuracy: 0.5625, stage3 final asr: 0.3452, anchor loss: 0.0759
2026-04-10 00:09:12,503 - => Stage 3 Detection Summary: recall: 0.6970, precision: 0.0547, f1: 0.1014, false positive rate: 0.4383, correction rate: 0.3873
2026-04-10 00:09:12,503 - => Stage 3 Debug (clean): suspicious=20465/46693, correction_applied=20426, prediction_changed=20426, skipped_tied_vote=0, skipped_low_margin=0, skipped_other=39
2026-04-10 00:09:12,503 - => Stage 3 Debug (poison-valid): suspicious=22024/37064, correction_applied=22017, prediction_changed=22017, skipped_tied_vote=0, skipped_low_margin=0, skipped_other=7
2026-04-10 00:09:12,503 - => Stage 3 Debug (attack-success): suspicious=2323/3333, correction_applied=2323, prediction_changed=2323, corrected_to_true=1291
2026-04-10 00:09:12,586 - => End Epoch: 17, early stop epochs: 16, best epoch: 1, best clean acc: 0.5959, best Top-4: 0.9966, best ASR: 0.3630, best RAC: 0.5313, anchor loss: 0.0788
2026-04-10 00:09:12,587 - => Stage 3 Detection Summary: recall: 0.8055, precision: 0.1636, f1: 0.2720, false positive rate: 0.4208, correction rate: 0.5521
2026-04-10 00:09:12,630 - => LFBA current anchor-derived target label: 3
2026-04-10 00:09:12,706 - =>Add Trigger to Train Data
2026-04-10 00:09:13,010 - Add Trigger to 6996 Bad Samples, 62970 Clean Samples (0.10)
2026-04-10 00:09:13,013 - => Start Training for Injecting Backdoor...
2026-04-10 00:09:13,064 - Epoch: 18, 1/274: VFL loss: 0.0033, total loss: 0.0589, anchor loss: 0.0556, VFL train accuracy: 1.0000
2026-04-10 00:09:13,648 - Epoch: 18, 11/274: VFL loss: 0.0150, total loss: 0.0751, anchor loss: 0.0601, VFL train accuracy: 0.9961
2026-04-10 00:09:14,037 - Epoch: 18, 21/274: VFL loss: 0.0138, total loss: 0.0736, anchor loss: 0.0598, VFL train accuracy: 0.9959
2026-04-10 00:09:14,407 - Epoch: 18, 31/274: VFL loss: 0.0133, total loss: 0.0731, anchor loss: 0.0599, VFL train accuracy: 0.9957
2026-04-10 00:09:14,816 - Epoch: 18, 41/274: VFL loss: 0.0132, total loss: 0.0726, anchor loss: 0.0594, VFL train accuracy: 0.9962
2026-04-10 00:09:15,184 - Epoch: 18, 51/274: VFL loss: 0.0140, total loss: 0.0736, anchor loss: 0.0596, VFL train accuracy: 0.9962
2026-04-10 00:09:15,546 - Epoch: 18, 61/274: VFL loss: 0.0141, total loss: 0.0738, anchor loss: 0.0597, VFL train accuracy: 0.9958
2026-04-10 00:09:15,917 - Epoch: 18, 71/274: VFL loss: 0.0138, total loss: 0.0734, anchor loss: 0.0596, VFL train accuracy: 0.9958
2026-04-10 00:09:16,283 - Epoch: 18, 81/274: VFL loss: 0.0137, total loss: 0.0733, anchor loss: 0.0597, VFL train accuracy: 0.9957
2026-04-10 00:09:16,653 - Epoch: 18, 91/274: VFL loss: 0.0134, total loss: 0.0731, anchor loss: 0.0597, VFL train accuracy: 0.9959
2026-04-10 00:09:17,022 - Epoch: 18, 101/274: VFL loss: 0.0134, total loss: 0.0731, anchor loss: 0.0597, VFL train accuracy: 0.9959
2026-04-10 00:09:17,376 - Epoch: 18, 111/274: VFL loss: 0.0145, total loss: 0.0742, anchor loss: 0.0597, VFL train accuracy: 0.9956
2026-04-10 00:09:17,735 - Epoch: 18, 121/274: VFL loss: 0.0149, total loss: 0.0747, anchor loss: 0.0597, VFL train accuracy: 0.9953
2026-04-10 00:09:18,134 - Epoch: 18, 131/274: VFL loss: 0.0153, total loss: 0.0750, anchor loss: 0.0597, VFL train accuracy: 0.9951
2026-04-10 00:09:18,517 - Epoch: 18, 141/274: VFL loss: 0.0159, total loss: 0.0756, anchor loss: 0.0596, VFL train accuracy: 0.9949
2026-04-10 00:09:18,893 - Epoch: 18, 151/274: VFL loss: 0.0167, total loss: 0.0764, anchor loss: 0.0597, VFL train accuracy: 0.9947
2026-04-10 00:09:19,268 - Epoch: 18, 161/274: VFL loss: 0.0171, total loss: 0.0768, anchor loss: 0.0597, VFL train accuracy: 0.9946
2026-04-10 00:09:19,655 - Epoch: 18, 171/274: VFL loss: 0.0175, total loss: 0.0772, anchor loss: 0.0598, VFL train accuracy: 0.9944
2026-04-10 00:09:20,032 - Epoch: 18, 181/274: VFL loss: 0.0173, total loss: 0.0770, anchor loss: 0.0597, VFL train accuracy: 0.9945
2026-04-10 00:09:20,419 - Epoch: 18, 191/274: VFL loss: 0.0172, total loss: 0.0770, anchor loss: 0.0598, VFL train accuracy: 0.9946
2026-04-10 00:09:20,811 - Epoch: 18, 201/274: VFL loss: 0.0175, total loss: 0.0774, anchor loss: 0.0599, VFL train accuracy: 0.9945
2026-04-10 00:09:21,197 - Epoch: 18, 211/274: VFL loss: 0.0177, total loss: 0.0776, anchor loss: 0.0599, VFL train accuracy: 0.9944
2026-04-10 00:09:21,607 - Epoch: 18, 221/274: VFL loss: 0.0180, total loss: 0.0780, anchor loss: 0.0600, VFL train accuracy: 0.9943
2026-04-10 00:09:22,006 - Epoch: 18, 231/274: VFL loss: 0.0184, total loss: 0.0784, anchor loss: 0.0600, VFL train accuracy: 0.9943
2026-04-10 00:09:22,376 - Epoch: 18, 241/274: VFL loss: 0.0185, total loss: 0.0785, anchor loss: 0.0600, VFL train accuracy: 0.9942
2026-04-10 00:09:22,734 - Epoch: 18, 251/274: VFL loss: 0.0186, total loss: 0.0786, anchor loss: 0.0600, VFL train accuracy: 0.9941
2026-04-10 00:09:23,099 - Epoch: 18, 261/274: VFL loss: 0.0187, total loss: 0.0788, anchor loss: 0.0601, VFL train accuracy: 0.9941
2026-04-10 00:09:23,477 - Epoch: 18, 271/274: VFL loss: 0.0185, total loss: 0.0785, anchor loss: 0.0600, VFL train accuracy: 0.9942
2026-04-10 00:09:23,612 - => Recorded Stage 2 client anchor losses for epoch 18 to './results/AVGuard/Fourclient/NUSWIDE/ema_scan/lambda_1.0_ema_0.999\stage2_final_epoch_client_anchor_losses.json': {0: 0.031937, 1: 0.071108, 2: 0.060149, 3: 0.076919}
2026-04-10 00:09:23,620 - => Stage 2 EMA anchor update applied at epoch 18 with momentum 0.9990: updated classes per client {0: 5, 1: 5, 2: 5, 3: 5}
2026-04-10 00:09:23,620 - => Stage 2 Epoch 18 Training Summary: VFL loss: 0.0183, total loss: 0.0784, anchor loss: 0.0600, VFL train accuracy: 0.9942
2026-04-10 00:09:23,620 - => Test ASR...
2026-04-10 00:09:23,723 - =>Add Trigger to Test Data
2026-04-10 00:09:27,059 - Add Trigger to 37064 Bad Samples, 9629 Clean Samples (1.00)
2026-04-10 00:09:39,371 - => Test Epoch: 18, main task samples: 46693, attack samples: 46693, test loss: 0.9669, clean acc: 0.5915, Top-4: 0.9952, ASR: 0.4010, RAC: 0.4581, test target accuracy: 0.8826, stage3 final accuracy: 0.5915, stage3 final target accuracy: 0.5781, stage3 final asr: 0.4010, anchor loss: 0.0759
2026-04-10 00:09:39,371 - => Stage 3 Detection Summary: recall: 0.7118, precision: 0.0750, f1: 0.1356, false positive rate: 0.4441, correction rate: 0.4097
2026-04-10 00:09:39,371 - => Stage 3 Debug (clean): suspicious=20737/46693, correction_applied=20689, prediction_changed=20689, skipped_tied_vote=0, skipped_low_margin=0, skipped_other=48
2026-04-10 00:09:39,371 - => Stage 3 Debug (poison-valid): suspicious=22422/37064, correction_applied=22414, prediction_changed=22414, skipped_tied_vote=0, skipped_low_margin=0, skipped_other=8
2026-04-10 00:09:39,371 - => Stage 3 Debug (attack-success): suspicious=3235/4545, correction_applied=3231, prediction_changed=3231, corrected_to_true=1862
2026-04-10 00:09:39,445 - => End Epoch: 18, early stop epochs: 17, best epoch: 1, best clean acc: 0.5959, best Top-4: 0.9966, best ASR: 0.3630, best RAC: 0.5313, anchor loss: 0.0788
2026-04-10 00:09:39,445 - => Stage 3 Detection Summary: recall: 0.8055, precision: 0.1636, f1: 0.2720, false positive rate: 0.4208, correction rate: 0.5521
2026-04-10 00:09:39,489 - => LFBA current anchor-derived target label: 3
2026-04-10 00:09:39,564 - =>Add Trigger to Train Data
2026-04-10 00:09:39,904 - Add Trigger to 6996 Bad Samples, 62970 Clean Samples (0.10)
2026-04-10 00:09:39,907 - => Start Training for Injecting Backdoor...
2026-04-10 00:09:39,962 - Epoch: 19, 1/274: VFL loss: 0.0031, total loss: 0.0595, anchor loss: 0.0564, VFL train accuracy: 1.0000
2026-04-10 00:09:40,620 - Epoch: 19, 11/274: VFL loss: 0.0169, total loss: 0.0769, anchor loss: 0.0600, VFL train accuracy: 0.9968
2026-04-10 00:09:40,999 - Epoch: 19, 21/274: VFL loss: 0.0134, total loss: 0.0736, anchor loss: 0.0603, VFL train accuracy: 0.9965
2026-04-10 00:09:41,359 - Epoch: 19, 31/274: VFL loss: 0.0138, total loss: 0.0744, anchor loss: 0.0606, VFL train accuracy: 0.9957
2026-04-10 00:09:41,715 - Epoch: 19, 41/274: VFL loss: 0.0153, total loss: 0.0760, anchor loss: 0.0607, VFL train accuracy: 0.9955
2026-04-10 00:09:42,108 - Epoch: 19, 51/274: VFL loss: 0.0151, total loss: 0.0758, anchor loss: 0.0606, VFL train accuracy: 0.9956
2026-04-10 00:09:42,465 - Epoch: 19, 61/274: VFL loss: 0.0138, total loss: 0.0740, anchor loss: 0.0602, VFL train accuracy: 0.9961
2026-04-10 00:09:42,833 - Epoch: 19, 71/274: VFL loss: 0.0132, total loss: 0.0732, anchor loss: 0.0600, VFL train accuracy: 0.9962
2026-04-10 00:09:43,217 - Epoch: 19, 81/274: VFL loss: 0.0126, total loss: 0.0725, anchor loss: 0.0599, VFL train accuracy: 0.9963
2026-04-10 00:09:43,583 - Epoch: 19, 91/274: VFL loss: 0.0119, total loss: 0.0717, anchor loss: 0.0598, VFL train accuracy: 0.9966
2026-04-10 00:09:43,948 - Epoch: 19, 101/274: VFL loss: 0.0119, total loss: 0.0716, anchor loss: 0.0597, VFL train accuracy: 0.9966
2026-04-10 00:09:44,310 - Epoch: 19, 111/274: VFL loss: 0.0116, total loss: 0.0711, anchor loss: 0.0595, VFL train accuracy: 0.9967
2026-04-10 00:09:44,664 - Epoch: 19, 121/274: VFL loss: 0.0117, total loss: 0.0711, anchor loss: 0.0594, VFL train accuracy: 0.9966
2026-04-10 00:09:45,039 - Epoch: 19, 131/274: VFL loss: 0.0115, total loss: 0.0707, anchor loss: 0.0593, VFL train accuracy: 0.9967
2026-04-10 00:09:45,422 - Epoch: 19, 141/274: VFL loss: 0.0112, total loss: 0.0704, anchor loss: 0.0592, VFL train accuracy: 0.9967
2026-04-10 00:09:45,945 - Epoch: 19, 151/274: VFL loss: 0.0125, total loss: 0.0718, anchor loss: 0.0592, VFL train accuracy: 0.9965
2026-04-10 00:09:46,308 - Epoch: 19, 161/274: VFL loss: 0.0124, total loss: 0.0716, anchor loss: 0.0593, VFL train accuracy: 0.9964
2026-04-10 00:09:46,699 - Epoch: 19, 171/274: VFL loss: 0.0122, total loss: 0.0713, anchor loss: 0.0592, VFL train accuracy: 0.9965
2026-04-10 00:09:47,085 - Epoch: 19, 181/274: VFL loss: 0.0121, total loss: 0.0713, anchor loss: 0.0592, VFL train accuracy: 0.9964
2026-04-10 00:09:47,451 - Epoch: 19, 191/274: VFL loss: 0.0124, total loss: 0.0716, anchor loss: 0.0592, VFL train accuracy: 0.9964
2026-04-10 00:09:47,827 - Epoch: 19, 201/274: VFL loss: 0.0123, total loss: 0.0715, anchor loss: 0.0592, VFL train accuracy: 0.9963
2026-04-10 00:09:48,199 - Epoch: 19, 211/274: VFL loss: 0.0125, total loss: 0.0717, anchor loss: 0.0592, VFL train accuracy: 0.9963
2026-04-10 00:09:48,573 - Epoch: 19, 221/274: VFL loss: 0.0130, total loss: 0.0722, anchor loss: 0.0591, VFL train accuracy: 0.9961
2026-04-10 00:09:48,958 - Epoch: 19, 231/274: VFL loss: 0.0134, total loss: 0.0726, anchor loss: 0.0592, VFL train accuracy: 0.9959
2026-04-10 00:09:49,322 - Epoch: 19, 241/274: VFL loss: 0.0136, total loss: 0.0729, anchor loss: 0.0592, VFL train accuracy: 0.9958
2026-04-10 00:09:49,715 - Epoch: 19, 251/274: VFL loss: 0.0135, total loss: 0.0728, anchor loss: 0.0593, VFL train accuracy: 0.9958
2026-04-10 00:09:50,103 - Epoch: 19, 261/274: VFL loss: 0.0134, total loss: 0.0728, anchor loss: 0.0593, VFL train accuracy: 0.9958
2026-04-10 00:09:50,509 - Epoch: 19, 271/274: VFL loss: 0.0135, total loss: 0.0728, anchor loss: 0.0592, VFL train accuracy: 0.9957
2026-04-10 00:09:50,629 - => Recorded Stage 2 client anchor losses for epoch 19 to './results/AVGuard/Fourclient/NUSWIDE/ema_scan/lambda_1.0_ema_0.999\stage2_final_epoch_client_anchor_losses.json': {0: 0.030278, 1: 0.070713, 2: 0.059765, 3: 0.076225}
2026-04-10 00:09:50,637 - => Stage 2 EMA anchor update applied at epoch 19 with momentum 0.9990: updated classes per client {0: 5, 1: 5, 2: 5, 3: 5}
2026-04-10 00:09:50,637 - => Stage 2 Epoch 19 Training Summary: VFL loss: 0.0135, total loss: 0.0727, anchor loss: 0.0593, VFL train accuracy: 0.9957
2026-04-10 00:09:50,637 - => Test ASR...
2026-04-10 00:09:50,739 - =>Add Trigger to Test Data
2026-04-10 00:09:54,091 - Add Trigger to 37064 Bad Samples, 9629 Clean Samples (1.00)
2026-04-10 00:10:06,582 - => Test Epoch: 19, main task samples: 46693, attack samples: 46693, test loss: 1.0510, clean acc: 0.5996, Top-4: 0.9950, ASR: 0.4026, RAC: 0.4669, test target accuracy: 0.8610, stage3 final accuracy: 0.5996, stage3 final target accuracy: 0.6322, stage3 final asr: 0.4026, anchor loss: 0.0751
2026-04-10 00:10:06,582 - => Stage 3 Detection Summary: recall: 0.6261, precision: 0.0460, f1: 0.0857, false positive rate: 0.4358, correction rate: 0.3739
2026-04-10 00:10:06,582 - => Stage 3 Debug (clean): suspicious=20348/46693, correction_applied=20299, prediction_changed=20299, skipped_tied_vote=0, skipped_low_margin=0, skipped_other=49
2026-04-10 00:10:06,583 - => Stage 3 Debug (poison-valid): suspicious=22354/37064, correction_applied=22346, prediction_changed=22346, skipped_tied_vote=0, skipped_low_margin=0, skipped_other=8
2026-04-10 00:10:06,583 - => Stage 3 Debug (attack-success): suspicious=1964/3137, correction_applied=1962, prediction_changed=1962, corrected_to_true=1173
2026-04-10 00:10:06,659 - => End Epoch: 19, early stop epochs: 18, best epoch: 1, best clean acc: 0.5959, best Top-4: 0.9966, best ASR: 0.3630, best RAC: 0.5313, anchor loss: 0.0788
2026-04-10 00:10:06,660 - => Stage 3 Detection Summary: recall: 0.8055, precision: 0.1636, f1: 0.2720, false positive rate: 0.4208, correction rate: 0.5521
2026-04-10 00:10:06,702 - => LFBA current anchor-derived target label: 3
2026-04-10 00:10:06,778 - =>Add Trigger to Train Data
2026-04-10 00:10:07,084 - Add Trigger to 6996 Bad Samples, 62970 Clean Samples (0.10)
2026-04-10 00:10:07,086 - => Start Training for Injecting Backdoor...
2026-04-10 00:10:07,138 - Epoch: 20, 1/274: VFL loss: 0.0070, total loss: 0.0673, anchor loss: 0.0603, VFL train accuracy: 1.0000
2026-04-10 00:10:07,722 - Epoch: 20, 11/274: VFL loss: 0.0073, total loss: 0.0647, anchor loss: 0.0574, VFL train accuracy: 0.9986
2026-04-10 00:10:08,085 - Epoch: 20, 21/274: VFL loss: 0.0085, total loss: 0.0656, anchor loss: 0.0570, VFL train accuracy: 0.9980
2026-04-10 00:10:08,439 - Epoch: 20, 31/274: VFL loss: 0.0079, total loss: 0.0651, anchor loss: 0.0572, VFL train accuracy: 0.9980
2026-04-10 00:10:08,800 - Epoch: 20, 41/274: VFL loss: 0.0078, total loss: 0.0654, anchor loss: 0.0576, VFL train accuracy: 0.9978
2026-04-10 00:10:09,171 - Epoch: 20, 51/274: VFL loss: 0.0082, total loss: 0.0659, anchor loss: 0.0577, VFL train accuracy: 0.9974
2026-04-10 00:10:09,549 - Epoch: 20, 61/274: VFL loss: 0.0085, total loss: 0.0665, anchor loss: 0.0580, VFL train accuracy: 0.9972
2026-04-10 00:10:09,934 - Epoch: 20, 71/274: VFL loss: 0.0089, total loss: 0.0669, anchor loss: 0.0579, VFL train accuracy: 0.9970
2026-04-10 00:10:10,309 - Epoch: 20, 81/274: VFL loss: 0.0094, total loss: 0.0675, anchor loss: 0.0581, VFL train accuracy: 0.9971
2026-04-10 00:10:10,672 - Epoch: 20, 91/274: VFL loss: 0.0093, total loss: 0.0674, anchor loss: 0.0582, VFL train accuracy: 0.9971
2026-04-10 00:10:11,083 - Epoch: 20, 101/274: VFL loss: 0.0088, total loss: 0.0669, anchor loss: 0.0582, VFL train accuracy: 0.9973
2026-04-10 00:10:11,437 - Epoch: 20, 111/274: VFL loss: 0.0090, total loss: 0.0672, anchor loss: 0.0582, VFL train accuracy: 0.9970
2026-04-10 00:10:11,806 - Epoch: 20, 121/274: VFL loss: 0.0101, total loss: 0.0682, anchor loss: 0.0581, VFL train accuracy: 0.9969
2026-04-10 00:10:12,180 - Epoch: 20, 131/274: VFL loss: 0.0100, total loss: 0.0681, anchor loss: 0.0581, VFL train accuracy: 0.9969
2026-04-10 00:10:12,545 - Epoch: 20, 141/274: VFL loss: 0.0100, total loss: 0.0683, anchor loss: 0.0582, VFL train accuracy: 0.9969
2026-04-10 00:10:12,972 - Epoch: 20, 151/274: VFL loss: 0.0105, total loss: 0.0688, anchor loss: 0.0582, VFL train accuracy: 0.9967
2026-04-10 00:10:13,344 - Epoch: 20, 161/274: VFL loss: 0.0104, total loss: 0.0687, anchor loss: 0.0583, VFL train accuracy: 0.9967
2026-04-10 00:10:13,715 - Epoch: 20, 171/274: VFL loss: 0.0104, total loss: 0.0686, anchor loss: 0.0582, VFL train accuracy: 0.9968
2026-04-10 00:10:14,085 - Epoch: 20, 181/274: VFL loss: 0.0106, total loss: 0.0688, anchor loss: 0.0582, VFL train accuracy: 0.9968
2026-04-10 00:10:14,449 - Epoch: 20, 191/274: VFL loss: 0.0106, total loss: 0.0688, anchor loss: 0.0582, VFL train accuracy: 0.9968
2026-04-10 00:10:14,800 - Epoch: 20, 201/274: VFL loss: 0.0107, total loss: 0.0690, anchor loss: 0.0583, VFL train accuracy: 0.9967
2026-04-10 00:10:15,221 - Epoch: 20, 211/274: VFL loss: 0.0105, total loss: 0.0689, anchor loss: 0.0584, VFL train accuracy: 0.9968
2026-04-10 00:10:15,636 - Epoch: 20, 221/274: VFL loss: 0.0104, total loss: 0.0688, anchor loss: 0.0584, VFL train accuracy: 0.9969
2026-04-10 00:10:16,018 - Epoch: 20, 231/274: VFL loss: 0.0103, total loss: 0.0687, anchor loss: 0.0584, VFL train accuracy: 0.9969
2026-04-10 00:10:16,394 - Epoch: 20, 241/274: VFL loss: 0.0106, total loss: 0.0690, anchor loss: 0.0584, VFL train accuracy: 0.9968
2026-04-10 00:10:16,773 - Epoch: 20, 251/274: VFL loss: 0.0111, total loss: 0.0695, anchor loss: 0.0584, VFL train accuracy: 0.9966
2026-04-10 00:10:17,150 - Epoch: 20, 261/274: VFL loss: 0.0113, total loss: 0.0698, anchor loss: 0.0585, VFL train accuracy: 0.9965
2026-04-10 00:10:17,526 - Epoch: 20, 271/274: VFL loss: 0.0115, total loss: 0.0700, anchor loss: 0.0585, VFL train accuracy: 0.9964
2026-04-10 00:10:17,646 - => Recorded Stage 2 client anchor losses for epoch 20 to './results/AVGuard/Fourclient/NUSWIDE/ema_scan/lambda_1.0_ema_0.999\stage2_final_epoch_client_anchor_losses.json': {0: 0.028535, 1: 0.070097, 2: 0.059403, 3: 0.075983}
2026-04-10 00:10:17,655 - => Stage 2 EMA anchor update applied at epoch 20 with momentum 0.9990: updated classes per client {0: 5, 1: 5, 2: 5, 3: 5}
2026-04-10 00:10:17,656 - => Stage 2 Epoch 20 Training Summary: VFL loss: 0.0115, total loss: 0.0700, anchor loss: 0.0585, VFL train accuracy: 0.9964
2026-04-10 00:10:17,656 - => Test ASR...
2026-04-10 00:10:17,757 - =>Add Trigger to Test Data
2026-04-10 00:10:21,030 - Add Trigger to 37064 Bad Samples, 9629 Clean Samples (1.00)
2026-04-10 00:10:33,561 - => Test Epoch: 20, main task samples: 46693, attack samples: 46693, test loss: 1.0877, clean acc: 0.5969, Top-4: 0.9940, ASR: 0.3771, RAC: 0.4661, test target accuracy: 0.8965, stage3 final accuracy: 0.5969, stage3 final target accuracy: 0.5664, stage3 final asr: 0.3771, anchor loss: 0.0752
2026-04-10 00:10:33,561 - => Stage 3 Detection Summary: recall: 0.6712, precision: 0.0658, f1: 0.1199, false positive rate: 0.4347, correction rate: 0.3697
2026-04-10 00:10:33,563 - => Stage 3 Debug (clean): suspicious=20297/46693, correction_applied=20241, prediction_changed=20241, skipped_tied_vote=0, skipped_low_margin=0, skipped_other=56
2026-04-10 00:10:33,563 - => Stage 3 Debug (poison-valid): suspicious=21552/37064, correction_applied=21546, prediction_changed=21546, skipped_tied_vote=0, skipped_low_margin=0, skipped_other=6
2026-04-10 00:10:33,563 - => Stage 3 Debug (attack-success): suspicious=2754/4103, correction_applied=2750, prediction_changed=2750, corrected_to_true=1517
2026-04-10 00:10:33,641 - => End Epoch: 20, early stop epochs: 19, best epoch: 1, best clean acc: 0.5959, best Top-4: 0.9966, best ASR: 0.3630, best RAC: 0.5313, anchor loss: 0.0788
2026-04-10 00:10:33,641 - => Stage 3 Detection Summary: recall: 0.8055, precision: 0.1636, f1: 0.2720, false positive rate: 0.4208, correction rate: 0.5521
2026-04-10 00:10:33,686 - => LFBA current anchor-derived target label: 3
2026-04-10 00:10:33,762 - =>Add Trigger to Train Data
2026-04-10 00:10:34,097 - Add Trigger to 6996 Bad Samples, 62970 Clean Samples (0.10)
2026-04-10 00:10:34,101 - => Start Training for Injecting Backdoor...
2026-04-10 00:10:34,155 - Epoch: 21, 1/274: VFL loss: 0.0083, total loss: 0.0653, anchor loss: 0.0570, VFL train accuracy: 0.9922
2026-04-10 00:10:34,784 - Epoch: 21, 11/274: VFL loss: 0.0123, total loss: 0.0715, anchor loss: 0.0592, VFL train accuracy: 0.9964
2026-04-10 00:10:35,145 - Epoch: 21, 21/274: VFL loss: 0.0131, total loss: 0.0723, anchor loss: 0.0592, VFL train accuracy: 0.9959
2026-04-10 00:10:35,518 - Epoch: 21, 31/274: VFL loss: 0.0114, total loss: 0.0702, anchor loss: 0.0588, VFL train accuracy: 0.9966
2026-04-10 00:10:35,897 - Epoch: 21, 41/274: VFL loss: 0.0094, total loss: 0.0681, anchor loss: 0.0587, VFL train accuracy: 0.9971
2026-04-10 00:10:36,249 - Epoch: 21, 51/274: VFL loss: 0.0084, total loss: 0.0671, anchor loss: 0.0587, VFL train accuracy: 0.9975
2026-04-10 00:10:36,607 - Epoch: 21, 61/274: VFL loss: 0.0080, total loss: 0.0663, anchor loss: 0.0583, VFL train accuracy: 0.9976
2026-04-10 00:10:36,991 - Epoch: 21, 71/274: VFL loss: 0.0075, total loss: 0.0656, anchor loss: 0.0581, VFL train accuracy: 0.9979
2026-04-10 00:10:37,363 - Epoch: 21, 81/274: VFL loss: 0.0068, total loss: 0.0651, anchor loss: 0.0583, VFL train accuracy: 0.9981
2026-04-10 00:10:37,728 - Epoch: 21, 91/274: VFL loss: 0.0064, total loss: 0.0648, anchor loss: 0.0583, VFL train accuracy: 0.9981
2026-04-10 00:10:38,121 - Epoch: 21, 101/274: VFL loss: 0.0065, total loss: 0.0649, anchor loss: 0.0583, VFL train accuracy: 0.9980
2026-04-10 00:10:38,477 - Epoch: 21, 111/274: VFL loss: 0.0063, total loss: 0.0644, anchor loss: 0.0581, VFL train accuracy: 0.9980
2026-04-10 00:10:38,842 - Epoch: 21, 121/274: VFL loss: 0.0063, total loss: 0.0645, anchor loss: 0.0582, VFL train accuracy: 0.9980
2026-04-10 00:10:39,215 - Epoch: 21, 131/274: VFL loss: 0.0061, total loss: 0.0642, anchor loss: 0.0582, VFL train accuracy: 0.9981
2026-04-10 00:10:39,597 - Epoch: 21, 141/274: VFL loss: 0.0060, total loss: 0.0642, anchor loss: 0.0582, VFL train accuracy: 0.9981
2026-04-10 00:10:39,964 - Epoch: 21, 151/274: VFL loss: 0.0061, total loss: 0.0641, anchor loss: 0.0581, VFL train accuracy: 0.9980
2026-04-10 00:10:40,327 - Epoch: 21, 161/274: VFL loss: 0.0059, total loss: 0.0638, anchor loss: 0.0579, VFL train accuracy: 0.9981
2026-04-10 00:10:40,710 - Epoch: 21, 171/274: VFL loss: 0.0057, total loss: 0.0636, anchor loss: 0.0579, VFL train accuracy: 0.9982
2026-04-10 00:10:41,087 - Epoch: 21, 181/274: VFL loss: 0.0056, total loss: 0.0634, anchor loss: 0.0578, VFL train accuracy: 0.9982
2026-04-10 00:10:41,452 - Epoch: 21, 191/274: VFL loss: 0.0054, total loss: 0.0632, anchor loss: 0.0577, VFL train accuracy: 0.9983
2026-04-10 00:10:41,833 - Epoch: 21, 201/274: VFL loss: 0.0053, total loss: 0.0630, anchor loss: 0.0577, VFL train accuracy: 0.9984
2026-04-10 00:10:42,223 - Epoch: 21, 211/274: VFL loss: 0.0052, total loss: 0.0629, anchor loss: 0.0577, VFL train accuracy: 0.9984
2026-04-10 00:10:42,580 - Epoch: 21, 221/274: VFL loss: 0.0051, total loss: 0.0627, anchor loss: 0.0576, VFL train accuracy: 0.9984
2026-04-10 00:10:42,937 - Epoch: 21, 231/274: VFL loss: 0.0050, total loss: 0.0625, anchor loss: 0.0575, VFL train accuracy: 0.9985
2026-04-10 00:10:43,291 - Epoch: 21, 241/274: VFL loss: 0.0049, total loss: 0.0623, anchor loss: 0.0575, VFL train accuracy: 0.9985
2026-04-10 00:10:43,653 - Epoch: 21, 251/274: VFL loss: 0.0049, total loss: 0.0623, anchor loss: 0.0574, VFL train accuracy: 0.9985
2026-04-10 00:10:44,028 - Epoch: 21, 261/274: VFL loss: 0.0048, total loss: 0.0622, anchor loss: 0.0574, VFL train accuracy: 0.9985
2026-04-10 00:10:44,391 - Epoch: 21, 271/274: VFL loss: 0.0048, total loss: 0.0621, anchor loss: 0.0574, VFL train accuracy: 0.9986
2026-04-10 00:10:44,506 - => Recorded Stage 2 client anchor losses for epoch 21 to './results/AVGuard/Fourclient/NUSWIDE/ema_scan/lambda_1.0_ema_0.999\stage2_final_epoch_client_anchor_losses.json': {0: 0.027002, 1: 0.068778, 2: 0.058731, 3: 0.074901}
2026-04-10 00:10:44,518 - => Stage 2 EMA anchor update applied at epoch 21 with momentum 0.9990: updated classes per client {0: 5, 1: 5, 2: 5, 3: 5}
2026-04-10 00:10:44,518 - => Stage 2 Epoch 21 Training Summary: VFL loss: 0.0047, total loss: 0.0621, anchor loss: 0.0573, VFL train accuracy: 0.9986
2026-04-10 00:10:44,518 - => Test ASR...
2026-04-10 00:10:44,624 - =>Add Trigger to Test Data
2026-04-10 00:10:47,969 - Add Trigger to 37064 Bad Samples, 9629 Clean Samples (1.00)
2026-04-10 00:11:00,337 - => Test Epoch: 21, main task samples: 46693, attack samples: 46693, test loss: 1.0029, clean acc: 0.6033, Top-4: 0.9955, ASR: 0.3991, RAC: 0.4714, test target accuracy: 0.8838, stage3 final accuracy: 0.6033, stage3 final target accuracy: 0.6008, stage3 final asr: 0.3991, anchor loss: 0.0734
2026-04-10 00:11:00,338 - => Stage 3 Detection Summary: recall: 0.6554, precision: 0.0575, f1: 0.1058, false positive rate: 0.4271, correction rate: 0.3647
2026-04-10 00:11:00,338 - => Stage 3 Debug (clean): suspicious=19943/46693, correction_applied=19901, prediction_changed=19901, skipped_tied_vote=0, skipped_low_margin=0, skipped_other=42
2026-04-10 00:11:00,338 - => Stage 3 Debug (poison-valid): suspicious=21512/37064, correction_applied=21509, prediction_changed=21509, skipped_tied_vote=0, skipped_low_margin=0, skipped_other=3
2026-04-10 00:11:00,338 - => Stage 3 Debug (attack-success): suspicious=2385/3639, correction_applied=2383, prediction_changed=2383, corrected_to_true=1327
2026-04-10 00:11:00,429 - => End Epoch: 21, early stop epochs: 20, best epoch: 1, best clean acc: 0.5959, best Top-4: 0.9966, best ASR: 0.3630, best RAC: 0.5313, anchor loss: 0.0788
2026-04-10 00:11:00,430 - => Stage 3 Detection Summary: recall: 0.8055, precision: 0.1636, f1: 0.2720, false positive rate: 0.4208, correction rate: 0.5521
2026-04-10 00:11:00,472 - => LFBA current anchor-derived target label: 3
2026-04-10 00:11:00,547 - =>Add Trigger to Train Data
2026-04-10 00:11:00,898 - Add Trigger to 6996 Bad Samples, 62970 Clean Samples (0.10)
2026-04-10 00:11:00,899 - => Start Training for Injecting Backdoor...
2026-04-10 00:11:00,954 - Epoch: 22, 1/274: VFL loss: 0.0006, total loss: 0.0555, anchor loss: 0.0549, VFL train accuracy: 1.0000
2026-04-10 00:11:01,656 - Epoch: 22, 11/274: VFL loss: 0.0014, total loss: 0.0590, anchor loss: 0.0577, VFL train accuracy: 1.0000
2026-04-10 00:11:02,079 - Epoch: 22, 21/274: VFL loss: 0.0015, total loss: 0.0587, anchor loss: 0.0572, VFL train accuracy: 1.0000
2026-04-10 00:11:02,441 - Epoch: 22, 31/274: VFL loss: 0.0015, total loss: 0.0583, anchor loss: 0.0568, VFL train accuracy: 1.0000
2026-04-10 00:11:02,799 - Epoch: 22, 41/274: VFL loss: 0.0015, total loss: 0.0586, anchor loss: 0.0570, VFL train accuracy: 1.0000
2026-04-10 00:11:03,176 - Epoch: 22, 51/274: VFL loss: 0.0016, total loss: 0.0585, anchor loss: 0.0569, VFL train accuracy: 1.0000
2026-04-10 00:11:03,535 - Epoch: 22, 61/274: VFL loss: 0.0016, total loss: 0.0584, anchor loss: 0.0568, VFL train accuracy: 0.9999
2026-04-10 00:11:03,904 - Epoch: 22, 71/274: VFL loss: 0.0016, total loss: 0.0582, anchor loss: 0.0566, VFL train accuracy: 0.9999
2026-04-10 00:11:04,291 - Epoch: 22, 81/274: VFL loss: 0.0016, total loss: 0.0583, anchor loss: 0.0566, VFL train accuracy: 0.9999
2026-04-10 00:11:04,689 - Epoch: 22, 91/274: VFL loss: 0.0017, total loss: 0.0583, anchor loss: 0.0566, VFL train accuracy: 0.9998
2026-04-10 00:11:05,082 - Epoch: 22, 101/274: VFL loss: 0.0018, total loss: 0.0583, anchor loss: 0.0565, VFL train accuracy: 0.9998
2026-04-10 00:11:05,444 - Epoch: 22, 111/274: VFL loss: 0.0017, total loss: 0.0583, anchor loss: 0.0566, VFL train accuracy: 0.9998
2026-04-10 00:11:05,816 - Epoch: 22, 121/274: VFL loss: 0.0019, total loss: 0.0586, anchor loss: 0.0567, VFL train accuracy: 0.9998
2026-04-10 00:11:06,350 - Epoch: 22, 131/274: VFL loss: 0.0019, total loss: 0.0587, anchor loss: 0.0568, VFL train accuracy: 0.9997
2026-04-10 00:11:06,713 - Epoch: 22, 141/274: VFL loss: 0.0019, total loss: 0.0586, anchor loss: 0.0567, VFL train accuracy: 0.9997
2026-04-10 00:11:07,110 - Epoch: 22, 151/274: VFL loss: 0.0018, total loss: 0.0585, anchor loss: 0.0567, VFL train accuracy: 0.9997
2026-04-10 00:11:07,452 - Epoch: 22, 161/274: VFL loss: 0.0018, total loss: 0.0584, anchor loss: 0.0566, VFL train accuracy: 0.9998
2026-04-10 00:11:07,807 - Epoch: 22, 171/274: VFL loss: 0.0017, total loss: 0.0584, anchor loss: 0.0566, VFL train accuracy: 0.9998
2026-04-10 00:11:08,190 - Epoch: 22, 181/274: VFL loss: 0.0017, total loss: 0.0583, anchor loss: 0.0566, VFL train accuracy: 0.9998
2026-04-10 00:11:08,574 - Epoch: 22, 191/274: VFL loss: 0.0017, total loss: 0.0582, anchor loss: 0.0565, VFL train accuracy: 0.9998
2026-04-10 00:11:08,943 - Epoch: 22, 201/274: VFL loss: 0.0017, total loss: 0.0582, anchor loss: 0.0565, VFL train accuracy: 0.9998
2026-04-10 00:11:09,315 - Epoch: 22, 211/274: VFL loss: 0.0017, total loss: 0.0581, anchor loss: 0.0565, VFL train accuracy: 0.9998
2026-04-10 00:11:09,686 - Epoch: 22, 221/274: VFL loss: 0.0017, total loss: 0.0581, anchor loss: 0.0564, VFL train accuracy: 0.9998
2026-04-10 00:11:10,089 - Epoch: 22, 231/274: VFL loss: 0.0016, total loss: 0.0579, anchor loss: 0.0563, VFL train accuracy: 0.9998
2026-04-10 00:11:10,483 - Epoch: 22, 241/274: VFL loss: 0.0016, total loss: 0.0579, anchor loss: 0.0563, VFL train accuracy: 0.9998
2026-04-10 00:11:10,867 - Epoch: 22, 251/274: VFL loss: 0.0016, total loss: 0.0579, anchor loss: 0.0563, VFL train accuracy: 0.9998
2026-04-10 00:11:11,241 - Epoch: 22, 261/274: VFL loss: 0.0016, total loss: 0.0579, anchor loss: 0.0563, VFL train accuracy: 0.9998
2026-04-10 00:11:11,613 - Epoch: 22, 271/274: VFL loss: 0.0016, total loss: 0.0579, anchor loss: 0.0563, VFL train accuracy: 0.9998
2026-04-10 00:11:11,726 - => Recorded Stage 2 client anchor losses for epoch 22 to './results/AVGuard/Fourclient/NUSWIDE/ema_scan/lambda_1.0_ema_0.999\stage2_final_epoch_client_anchor_losses.json': {0: 0.025966, 1: 0.067624, 2: 0.058023, 3: 0.073752}
2026-04-10 00:11:11,740 - => Stage 2 EMA anchor update applied at epoch 22 with momentum 0.9990: updated classes per client {0: 5, 1: 5, 2: 5, 3: 5}
2026-04-10 00:11:11,740 - => Stage 2 Epoch 22 Training Summary: VFL loss: 0.0016, total loss: 0.0580, anchor loss: 0.0564, VFL train accuracy: 0.9998
2026-04-10 00:11:11,740 - => Test ASR...
2026-04-10 00:11:11,847 - =>Add Trigger to Test Data
2026-04-10 00:11:15,208 - Add Trigger to 37064 Bad Samples, 9629 Clean Samples (1.00)
2026-04-10 00:11:27,603 - => Test Epoch: 22, main task samples: 46693, attack samples: 46693, test loss: 1.0275, clean acc: 0.6040, Top-4: 0.9957, ASR: 0.4004, RAC: 0.4724, test target accuracy: 0.8787, stage3 final accuracy: 0.6040, stage3 final target accuracy: 0.5998, stage3 final asr: 0.4004, anchor loss: 0.0729
2026-04-10 00:11:27,603 - => Stage 3 Detection Summary: recall: 0.6513, precision: 0.0542, f1: 0.1000, false positive rate: 0.4252, correction rate: 0.3597
2026-04-10 00:11:27,603 - => Stage 3 Debug (clean): suspicious=19855/46693, correction_applied=19815, prediction_changed=19815, skipped_tied_vote=0, skipped_low_margin=0, skipped_other=40
2026-04-10 00:11:27,603 - => Stage 3 Debug (poison-valid): suspicious=21426/37064, correction_applied=21425, prediction_changed=21425, skipped_tied_vote=0, skipped_low_margin=0, skipped_other=1
2026-04-10 00:11:27,603 - => Stage 3 Debug (attack-success): suspicious=2236/3433, correction_applied=2235, prediction_changed=2235, corrected_to_true=1235
2026-04-10 00:11:27,682 - => End Epoch: 22, early stop epochs: 21, best epoch: 1, best clean acc: 0.5959, best Top-4: 0.9966, best ASR: 0.3630, best RAC: 0.5313, anchor loss: 0.0788
2026-04-10 00:11:27,682 - => Stage 3 Detection Summary: recall: 0.8055, precision: 0.1636, f1: 0.2720, false positive rate: 0.4208, correction rate: 0.5521
2026-04-10 00:11:27,727 - => LFBA current anchor-derived target label: 3
2026-04-10 00:11:27,801 - =>Add Trigger to Train Data
2026-04-10 00:11:28,140 - Add Trigger to 6996 Bad Samples, 62970 Clean Samples (0.10)
2026-04-10 00:11:28,143 - => Start Training for Injecting Backdoor...
2026-04-10 00:11:28,197 - Epoch: 23, 1/274: VFL loss: 0.0026, total loss: 0.0557, anchor loss: 0.0531, VFL train accuracy: 1.0000
2026-04-10 00:11:28,807 - Epoch: 23, 11/274: VFL loss: 0.0009, total loss: 0.0564, anchor loss: 0.0555, VFL train accuracy: 1.0000
2026-04-10 00:11:29,216 - Epoch: 23, 21/274: VFL loss: 0.0009, total loss: 0.0559, anchor loss: 0.0550, VFL train accuracy: 1.0000
2026-04-10 00:11:29,579 - Epoch: 23, 31/274: VFL loss: 0.0010, total loss: 0.0563, anchor loss: 0.0554, VFL train accuracy: 1.0000
2026-04-10 00:11:29,962 - Epoch: 23, 41/274: VFL loss: 0.0009, total loss: 0.0566, anchor loss: 0.0557, VFL train accuracy: 1.0000
2026-04-10 00:11:30,318 - Epoch: 23, 51/274: VFL loss: 0.0009, total loss: 0.0569, anchor loss: 0.0560, VFL train accuracy: 1.0000
2026-04-10 00:11:30,693 - Epoch: 23, 61/274: VFL loss: 0.0011, total loss: 0.0573, anchor loss: 0.0563, VFL train accuracy: 0.9999
2026-04-10 00:11:31,073 - Epoch: 23, 71/274: VFL loss: 0.0011, total loss: 0.0572, anchor loss: 0.0562, VFL train accuracy: 0.9999
2026-04-10 00:11:31,435 - Epoch: 23, 81/274: VFL loss: 0.0010, total loss: 0.0571, anchor loss: 0.0561, VFL train accuracy: 1.0000
2026-04-10 00:11:31,808 - Epoch: 23, 91/274: VFL loss: 0.0010, total loss: 0.0570, anchor loss: 0.0560, VFL train accuracy: 1.0000
2026-04-10 00:11:32,172 - Epoch: 23, 101/274: VFL loss: 0.0011, total loss: 0.0571, anchor loss: 0.0560, VFL train accuracy: 1.0000
2026-04-10 00:11:32,535 - Epoch: 23, 111/274: VFL loss: 0.0011, total loss: 0.0572, anchor loss: 0.0561, VFL train accuracy: 0.9999
2026-04-10 00:11:32,947 - Epoch: 23, 121/274: VFL loss: 0.0011, total loss: 0.0571, anchor loss: 0.0560, VFL train accuracy: 0.9999
2026-04-10 00:11:33,285 - Epoch: 23, 131/274: VFL loss: 0.0011, total loss: 0.0571, anchor loss: 0.0560, VFL train accuracy: 0.9999
2026-04-10 00:11:33,651 - Epoch: 23, 141/274: VFL loss: 0.0011, total loss: 0.0570, anchor loss: 0.0559, VFL train accuracy: 0.9999
2026-04-10 00:11:34,040 - Epoch: 23, 151/274: VFL loss: 0.0011, total loss: 0.0571, anchor loss: 0.0560, VFL train accuracy: 0.9999
2026-04-10 00:11:34,397 - Epoch: 23, 161/274: VFL loss: 0.0011, total loss: 0.0571, anchor loss: 0.0560, VFL train accuracy: 0.9999
2026-04-10 00:11:34,771 - Epoch: 23, 171/274: VFL loss: 0.0011, total loss: 0.0571, anchor loss: 0.0560, VFL train accuracy: 0.9999
2026-04-10 00:11:35,158 - Epoch: 23, 181/274: VFL loss: 0.0011, total loss: 0.0571, anchor loss: 0.0560, VFL train accuracy: 0.9999
2026-04-10 00:11:35,525 - Epoch: 23, 191/274: VFL loss: 0.0011, total loss: 0.0571, anchor loss: 0.0560, VFL train accuracy: 0.9999
2026-04-10 00:11:35,905 - Epoch: 23, 201/274: VFL loss: 0.0011, total loss: 0.0571, anchor loss: 0.0560, VFL train accuracy: 0.9999
2026-04-10 00:11:36,314 - Epoch: 23, 211/274: VFL loss: 0.0011, total loss: 0.0571, anchor loss: 0.0560, VFL train accuracy: 0.9999
2026-04-10 00:11:36,676 - Epoch: 23, 221/274: VFL loss: 0.0011, total loss: 0.0571, anchor loss: 0.0560, VFL train accuracy: 0.9999
2026-04-10 00:11:37,045 - Epoch: 23, 231/274: VFL loss: 0.0011, total loss: 0.0570, anchor loss: 0.0559, VFL train accuracy: 0.9999
2026-04-10 00:11:37,385 - Epoch: 23, 241/274: VFL loss: 0.0011, total loss: 0.0570, anchor loss: 0.0559, VFL train accuracy: 0.9999
2026-04-10 00:11:37,768 - Epoch: 23, 251/274: VFL loss: 0.0011, total loss: 0.0570, anchor loss: 0.0559, VFL train accuracy: 0.9999
2026-04-10 00:11:38,153 - Epoch: 23, 261/274: VFL loss: 0.0011, total loss: 0.0570, anchor loss: 0.0559, VFL train accuracy: 0.9999
2026-04-10 00:11:38,520 - Epoch: 23, 271/274: VFL loss: 0.0011, total loss: 0.0570, anchor loss: 0.0559, VFL train accuracy: 0.9999
2026-04-10 00:11:38,637 - => Recorded Stage 2 client anchor losses for epoch 23 to './results/AVGuard/Fourclient/NUSWIDE/ema_scan/lambda_1.0_ema_0.999\stage2_final_epoch_client_anchor_losses.json': {0: 0.025376, 1: 0.067046, 2: 0.057669, 3: 0.073251}
2026-04-10 00:11:38,651 - => Stage 2 EMA anchor update applied at epoch 23 with momentum 0.9990: updated classes per client {0: 5, 1: 5, 2: 5, 3: 5}
2026-04-10 00:11:38,651 - => Stage 2 Epoch 23 Training Summary: VFL loss: 0.0011, total loss: 0.0569, anchor loss: 0.0558, VFL train accuracy: 0.9999
2026-04-10 00:11:38,652 - => Test ASR...
2026-04-10 00:11:38,753 - =>Add Trigger to Test Data
2026-04-10 00:11:41,884 - Add Trigger to 37064 Bad Samples, 9629 Clean Samples (1.00)
2026-04-10 00:11:54,583 - => Test Epoch: 23, main task samples: 46693, attack samples: 46693, test loss: 1.0498, clean acc: 0.6059, Top-4: 0.9956, ASR: 0.4007, RAC: 0.4729, test target accuracy: 0.8787, stage3 final accuracy: 0.6059, stage3 final target accuracy: 0.6016, stage3 final asr: 0.4007, anchor loss: 0.0726
2026-04-10 00:11:54,583 - => Stage 3 Detection Summary: recall: 0.6532, precision: 0.0549, f1: 0.1013, false positive rate: 0.4238, correction rate: 0.3564
2026-04-10 00:11:54,583 - => Stage 3 Debug (clean): suspicious=19788/46693, correction_applied=19743, prediction_changed=19743, skipped_tied_vote=0, skipped_low_margin=0, skipped_other=45
2026-04-10 00:11:54,584 - => Stage 3 Debug (poison-valid): suspicious=21389/37064, correction_applied=21387, prediction_changed=21387, skipped_tied_vote=0, skipped_low_margin=0, skipped_other=2
2026-04-10 00:11:54,584 - => Stage 3 Debug (attack-success): suspicious=2260/3460, correction_applied=2258, prediction_changed=2258, corrected_to_true=1233
2026-04-10 00:11:54,660 - => End Epoch: 23, early stop epochs: 22, best epoch: 1, best clean acc: 0.5959, best Top-4: 0.9966, best ASR: 0.3630, best RAC: 0.5313, anchor loss: 0.0788
2026-04-10 00:11:54,661 - => Stage 3 Detection Summary: recall: 0.8055, precision: 0.1636, f1: 0.2720, false positive rate: 0.4208, correction rate: 0.5521
2026-04-10 00:11:54,702 - => LFBA current anchor-derived target label: 3
2026-04-10 00:11:54,777 - =>Add Trigger to Train Data
2026-04-10 00:11:55,126 - Add Trigger to 6996 Bad Samples, 62970 Clean Samples (0.10)
2026-04-10 00:11:55,129 - => Start Training for Injecting Backdoor...
2026-04-10 00:11:55,190 - Epoch: 24, 1/274: VFL loss: 0.0003, total loss: 0.0557, anchor loss: 0.0554, VFL train accuracy: 1.0000
2026-04-10 00:11:55,841 - Epoch: 24, 11/274: VFL loss: 0.0010, total loss: 0.0568, anchor loss: 0.0558, VFL train accuracy: 0.9996
2026-04-10 00:11:56,222 - Epoch: 24, 21/274: VFL loss: 0.0010, total loss: 0.0567, anchor loss: 0.0557, VFL train accuracy: 0.9998
2026-04-10 00:11:56,619 - Epoch: 24, 31/274: VFL loss: 0.0009, total loss: 0.0562, anchor loss: 0.0554, VFL train accuracy: 0.9999
2026-04-10 00:11:57,000 - Epoch: 24, 41/274: VFL loss: 0.0008, total loss: 0.0565, anchor loss: 0.0557, VFL train accuracy: 0.9999
2026-04-10 00:11:57,371 - Epoch: 24, 51/274: VFL loss: 0.0008, total loss: 0.0567, anchor loss: 0.0559, VFL train accuracy: 0.9999
2026-04-10 00:11:57,737 - Epoch: 24, 61/274: VFL loss: 0.0011, total loss: 0.0570, anchor loss: 0.0558, VFL train accuracy: 0.9999
2026-04-10 00:11:58,123 - Epoch: 24, 71/274: VFL loss: 0.0011, total loss: 0.0569, anchor loss: 0.0558, VFL train accuracy: 0.9999
2026-04-10 00:11:58,496 - Epoch: 24, 81/274: VFL loss: 0.0011, total loss: 0.0570, anchor loss: 0.0559, VFL train accuracy: 0.9999
2026-04-10 00:11:58,862 - Epoch: 24, 91/274: VFL loss: 0.0011, total loss: 0.0569, anchor loss: 0.0558, VFL train accuracy: 0.9999
2026-04-10 00:11:59,249 - Epoch: 24, 101/274: VFL loss: 0.0011, total loss: 0.0569, anchor loss: 0.0558, VFL train accuracy: 0.9999
2026-04-10 00:11:59,642 - Epoch: 24, 111/274: VFL loss: 0.0010, total loss: 0.0568, anchor loss: 0.0558, VFL train accuracy: 0.9999
2026-04-10 00:12:00,062 - Epoch: 24, 121/274: VFL loss: 0.0010, total loss: 0.0568, anchor loss: 0.0558, VFL train accuracy: 0.9999
2026-04-10 00:12:00,444 - Epoch: 24, 131/274: VFL loss: 0.0010, total loss: 0.0566, anchor loss: 0.0556, VFL train accuracy: 0.9999
2026-04-10 00:12:00,812 - Epoch: 24, 141/274: VFL loss: 0.0010, total loss: 0.0567, anchor loss: 0.0557, VFL train accuracy: 0.9999
2026-04-10 00:12:01,195 - Epoch: 24, 151/274: VFL loss: 0.0010, total loss: 0.0567, anchor loss: 0.0557, VFL train accuracy: 0.9999
2026-04-10 00:12:01,573 - Epoch: 24, 161/274: VFL loss: 0.0010, total loss: 0.0566, anchor loss: 0.0556, VFL train accuracy: 1.0000
2026-04-10 00:12:01,949 - Epoch: 24, 171/274: VFL loss: 0.0009, total loss: 0.0565, anchor loss: 0.0556, VFL train accuracy: 1.0000
2026-04-10 00:12:02,334 - Epoch: 24, 181/274: VFL loss: 0.0009, total loss: 0.0566, anchor loss: 0.0556, VFL train accuracy: 1.0000
2026-04-10 00:12:02,750 - Epoch: 24, 191/274: VFL loss: 0.0010, total loss: 0.0566, anchor loss: 0.0556, VFL train accuracy: 0.9999
2026-04-10 00:12:03,120 - Epoch: 24, 201/274: VFL loss: 0.0010, total loss: 0.0566, anchor loss: 0.0556, VFL train accuracy: 0.9999
2026-04-10 00:12:03,484 - Epoch: 24, 211/274: VFL loss: 0.0010, total loss: 0.0565, anchor loss: 0.0556, VFL train accuracy: 0.9999
2026-04-10 00:12:03,852 - Epoch: 24, 221/274: VFL loss: 0.0009, total loss: 0.0564, anchor loss: 0.0555, VFL train accuracy: 0.9999
2026-04-10 00:12:04,247 - Epoch: 24, 231/274: VFL loss: 0.0009, total loss: 0.0564, anchor loss: 0.0554, VFL train accuracy: 0.9999
2026-04-10 00:12:04,608 - Epoch: 24, 241/274: VFL loss: 0.0009, total loss: 0.0563, anchor loss: 0.0554, VFL train accuracy: 1.0000
2026-04-10 00:12:04,975 - Epoch: 24, 251/274: VFL loss: 0.0009, total loss: 0.0564, anchor loss: 0.0554, VFL train accuracy: 1.0000
2026-04-10 00:12:05,316 - Epoch: 24, 261/274: VFL loss: 0.0009, total loss: 0.0564, anchor loss: 0.0554, VFL train accuracy: 1.0000
2026-04-10 00:12:05,680 - Epoch: 24, 271/274: VFL loss: 0.0009, total loss: 0.0563, anchor loss: 0.0554, VFL train accuracy: 1.0000
2026-04-10 00:12:05,811 - => Recorded Stage 2 client anchor losses for epoch 24 to './results/AVGuard/Fourclient/NUSWIDE/ema_scan/lambda_1.0_ema_0.999\stage2_final_epoch_client_anchor_losses.json': {0: 0.024863, 1: 0.066526, 2: 0.057393, 3: 0.072808}
2026-04-10 00:12:05,821 - => Stage 2 EMA anchor update applied at epoch 24 with momentum 0.9990: updated classes per client {0: 5, 1: 5, 2: 5, 3: 5}
2026-04-10 00:12:05,821 - => Stage 2 Epoch 24 Training Summary: VFL loss: 0.0009, total loss: 0.0563, anchor loss: 0.0554, VFL train accuracy: 1.0000
2026-04-10 00:12:05,821 - => Test ASR...
2026-04-10 00:12:05,924 - =>Add Trigger to Test Data
2026-04-10 00:12:09,054 - Add Trigger to 37064 Bad Samples, 9629 Clean Samples (1.00)
2026-04-10 00:12:21,686 - => Test Epoch: 24, main task samples: 46693, attack samples: 46693, test loss: 1.0712, clean acc: 0.6072, Top-4: 0.9955, ASR: 0.4006, RAC: 0.4745, test target accuracy: 0.8806, stage3 final accuracy: 0.6072, stage3 final target accuracy: 0.6071, stage3 final asr: 0.4006, anchor loss: 0.0723
2026-04-10 00:12:21,686 - => Stage 3 Detection Summary: recall: 0.6460, precision: 0.0551, f1: 0.1015, false positive rate: 0.4213, correction rate: 0.3563
2026-04-10 00:12:21,687 - => Stage 3 Debug (clean): suspicious=19672/46693, correction_applied=19623, prediction_changed=19623, skipped_tied_vote=0, skipped_low_margin=0, skipped_other=49
2026-04-10 00:12:21,687 - => Stage 3 Debug (poison-valid): suspicious=21335/37064, correction_applied=21332, prediction_changed=21332, skipped_tied_vote=0, skipped_low_margin=0, skipped_other=3
2026-04-10 00:12:21,687 - => Stage 3 Debug (attack-success): suspicious=2259/3497, correction_applied=2259, prediction_changed=2259, corrected_to_true=1246
2026-04-10 00:12:21,763 - => End Epoch: 24, early stop epochs: 23, best epoch: 1, best clean acc: 0.5959, best Top-4: 0.9966, best ASR: 0.3630, best RAC: 0.5313, anchor loss: 0.0788
2026-04-10 00:12:21,763 - => Stage 3 Detection Summary: recall: 0.8055, precision: 0.1636, f1: 0.2720, false positive rate: 0.4208, correction rate: 0.5521
2026-04-10 00:12:21,808 - => LFBA current anchor-derived target label: 3
2026-04-10 00:12:21,883 - =>Add Trigger to Train Data
2026-04-10 00:12:22,222 - Add Trigger to 6996 Bad Samples, 62970 Clean Samples (0.10)
2026-04-10 00:12:22,225 - => Start Training for Injecting Backdoor...
2026-04-10 00:12:22,284 - Epoch: 25, 1/274: VFL loss: 0.0005, total loss: 0.0559, anchor loss: 0.0554, VFL train accuracy: 1.0000
2026-04-10 00:12:22,950 - Epoch: 25, 11/274: VFL loss: 0.0008, total loss: 0.0562, anchor loss: 0.0554, VFL train accuracy: 1.0000
2026-04-10 00:12:23,348 - Epoch: 25, 21/274: VFL loss: 0.0017, total loss: 0.0572, anchor loss: 0.0555, VFL train accuracy: 0.9998
2026-04-10 00:12:23,741 - Epoch: 25, 31/274: VFL loss: 0.0014, total loss: 0.0572, anchor loss: 0.0558, VFL train accuracy: 0.9999
2026-04-10 00:12:24,129 - Epoch: 25, 41/274: VFL loss: 0.0012, total loss: 0.0566, anchor loss: 0.0554, VFL train accuracy: 0.9999
2026-04-10 00:12:24,512 - Epoch: 25, 51/274: VFL loss: 0.0011, total loss: 0.0567, anchor loss: 0.0555, VFL train accuracy: 0.9999
2026-04-10 00:12:24,910 - Epoch: 25, 61/274: VFL loss: 0.0011, total loss: 0.0566, anchor loss: 0.0555, VFL train accuracy: 0.9999
2026-04-10 00:12:25,274 - Epoch: 25, 71/274: VFL loss: 0.0010, total loss: 0.0564, anchor loss: 0.0554, VFL train accuracy: 0.9999
2026-04-10 00:12:25,632 - Epoch: 25, 81/274: VFL loss: 0.0010, total loss: 0.0562, anchor loss: 0.0553, VFL train accuracy: 1.0000
2026-04-10 00:12:26,015 - Epoch: 25, 91/274: VFL loss: 0.0010, total loss: 0.0562, anchor loss: 0.0553, VFL train accuracy: 1.0000
2026-04-10 00:12:26,371 - Epoch: 25, 101/274: VFL loss: 0.0009, total loss: 0.0562, anchor loss: 0.0553, VFL train accuracy: 1.0000
2026-04-10 00:12:26,871 - Epoch: 25, 111/274: VFL loss: 0.0009, total loss: 0.0563, anchor loss: 0.0554, VFL train accuracy: 1.0000
2026-04-10 00:12:27,241 - Epoch: 25, 121/274: VFL loss: 0.0009, total loss: 0.0563, anchor loss: 0.0554, VFL train accuracy: 1.0000
2026-04-10 00:12:27,609 - Epoch: 25, 131/274: VFL loss: 0.0008, total loss: 0.0562, anchor loss: 0.0553, VFL train accuracy: 1.0000
2026-04-10 00:12:27,978 - Epoch: 25, 141/274: VFL loss: 0.0008, total loss: 0.0561, anchor loss: 0.0553, VFL train accuracy: 1.0000
2026-04-10 00:12:28,366 - Epoch: 25, 151/274: VFL loss: 0.0008, total loss: 0.0561, anchor loss: 0.0553, VFL train accuracy: 1.0000
2026-04-10 00:12:28,726 - Epoch: 25, 161/274: VFL loss: 0.0009, total loss: 0.0561, anchor loss: 0.0553, VFL train accuracy: 0.9999
2026-04-10 00:12:29,108 - Epoch: 25, 171/274: VFL loss: 0.0009, total loss: 0.0561, anchor loss: 0.0552, VFL train accuracy: 0.9999
2026-04-10 00:12:29,480 - Epoch: 25, 181/274: VFL loss: 0.0009, total loss: 0.0561, anchor loss: 0.0552, VFL train accuracy: 0.9999
2026-04-10 00:12:29,864 - Epoch: 25, 191/274: VFL loss: 0.0008, total loss: 0.0560, anchor loss: 0.0552, VFL train accuracy: 0.9999
2026-04-10 00:12:30,245 - Epoch: 25, 201/274: VFL loss: 0.0008, total loss: 0.0560, anchor loss: 0.0552, VFL train accuracy: 0.9999
2026-04-10 00:12:30,612 - Epoch: 25, 211/274: VFL loss: 0.0008, total loss: 0.0559, anchor loss: 0.0551, VFL train accuracy: 0.9999
2026-04-10 00:12:31,014 - Epoch: 25, 221/274: VFL loss: 0.0008, total loss: 0.0558, anchor loss: 0.0550, VFL train accuracy: 0.9999
2026-04-10 00:12:31,402 - Epoch: 25, 231/274: VFL loss: 0.0008, total loss: 0.0559, anchor loss: 0.0551, VFL train accuracy: 0.9999
2026-04-10 00:12:31,777 - Epoch: 25, 241/274: VFL loss: 0.0008, total loss: 0.0559, anchor loss: 0.0551, VFL train accuracy: 1.0000
2026-04-10 00:12:32,169 - Epoch: 25, 251/274: VFL loss: 0.0008, total loss: 0.0559, anchor loss: 0.0551, VFL train accuracy: 1.0000
2026-04-10 00:12:32,547 - Epoch: 25, 261/274: VFL loss: 0.0008, total loss: 0.0559, anchor loss: 0.0551, VFL train accuracy: 1.0000
2026-04-10 00:12:32,961 - Epoch: 25, 271/274: VFL loss: 0.0008, total loss: 0.0558, anchor loss: 0.0550, VFL train accuracy: 1.0000
2026-04-10 00:12:33,094 - => Recorded Stage 2 client anchor losses for epoch 25 to './results/AVGuard/Fourclient/NUSWIDE/ema_scan/lambda_1.0_ema_0.999\stage2_final_epoch_client_anchor_losses.json': {0: 0.024373, 1: 0.066088, 2: 0.057159, 3: 0.072542}
2026-04-10 00:12:33,105 - => Stage 2 EMA anchor update applied at epoch 25 with momentum 0.9990: updated classes per client {0: 5, 1: 5, 2: 5, 3: 5}
2026-04-10 00:12:33,105 - => Stage 2 Epoch 25 Training Summary: VFL loss: 0.0008, total loss: 0.0558, anchor loss: 0.0551, VFL train accuracy: 1.0000
2026-04-10 00:12:33,105 - => Test ASR...
2026-04-10 00:12:33,207 - =>Add Trigger to Test Data
2026-04-10 00:12:37,028 - Add Trigger to 37064 Bad Samples, 9629 Clean Samples (1.00)
2026-04-10 00:12:49,597 - => Test Epoch: 25, main task samples: 46693, attack samples: 46693, test loss: 1.0921, clean acc: 0.6081, Top-4: 0.9955, ASR: 0.3976, RAC: 0.4744, test target accuracy: 0.8792, stage3 final accuracy: 0.6081, stage3 final target accuracy: 0.6028, stage3 final asr: 0.3976, anchor loss: 0.0720
2026-04-10 00:12:49,597 - => Stage 3 Detection Summary: recall: 0.6418, precision: 0.0529, f1: 0.0977, false positive rate: 0.4208, correction rate: 0.3538
2026-04-10 00:12:49,597 - => Stage 3 Debug (clean): suspicious=19648/46693, correction_applied=19605, prediction_changed=19605, skipped_tied_vote=0, skipped_low_margin=0, skipped_other=43
2026-04-10 00:12:49,597 - => Stage 3 Debug (poison-valid): suspicious=21296/37064, correction_applied=21291, prediction_changed=21291, skipped_tied_vote=0, skipped_low_margin=0, skipped_other=5
2026-04-10 00:12:49,598 - => Stage 3 Debug (attack-success): suspicious=2164/3372, correction_applied=2163, prediction_changed=2163, corrected_to_true=1193
2026-04-10 00:12:49,674 - => End Epoch: 25, early stop epochs: 24, best epoch: 1, best clean acc: 0.5959, best Top-4: 0.9966, best ASR: 0.3630, best RAC: 0.5313, anchor loss: 0.0788
2026-04-10 00:12:49,675 - => Stage 3 Detection Summary: recall: 0.8055, precision: 0.1636, f1: 0.2720, false positive rate: 0.4208, correction rate: 0.5521
2026-04-10 00:12:49,712 - => LFBA current anchor-derived target label: 3
2026-04-10 00:12:49,788 - =>Add Trigger to Train Data
2026-04-10 00:12:50,133 - Add Trigger to 6996 Bad Samples, 62970 Clean Samples (0.10)
2026-04-10 00:12:50,136 - => Start Training for Injecting Backdoor...
2026-04-10 00:12:50,192 - Epoch: 26, 1/274: VFL loss: 0.0007, total loss: 0.0604, anchor loss: 0.0597, VFL train accuracy: 1.0000
2026-04-10 00:12:50,889 - Epoch: 26, 11/274: VFL loss: 0.0005, total loss: 0.0558, anchor loss: 0.0553, VFL train accuracy: 1.0000
2026-04-10 00:12:51,273 - Epoch: 26, 21/274: VFL loss: 0.0005, total loss: 0.0556, anchor loss: 0.0551, VFL train accuracy: 1.0000
2026-04-10 00:12:51,634 - Epoch: 26, 31/274: VFL loss: 0.0005, total loss: 0.0554, anchor loss: 0.0549, VFL train accuracy: 1.0000
2026-04-10 00:12:52,018 - Epoch: 26, 41/274: VFL loss: 0.0005, total loss: 0.0554, anchor loss: 0.0549, VFL train accuracy: 1.0000
2026-04-10 00:12:52,404 - Epoch: 26, 51/274: VFL loss: 0.0005, total loss: 0.0555, anchor loss: 0.0550, VFL train accuracy: 1.0000
2026-04-10 00:12:52,755 - Epoch: 26, 61/274: VFL loss: 0.0005, total loss: 0.0555, anchor loss: 0.0550, VFL train accuracy: 1.0000
2026-04-10 00:12:53,139 - Epoch: 26, 71/274: VFL loss: 0.0005, total loss: 0.0554, anchor loss: 0.0549, VFL train accuracy: 1.0000
2026-04-10 00:12:53,495 - Epoch: 26, 81/274: VFL loss: 0.0005, total loss: 0.0555, anchor loss: 0.0550, VFL train accuracy: 1.0000
2026-04-10 00:12:53,875 - Epoch: 26, 91/274: VFL loss: 0.0005, total loss: 0.0556, anchor loss: 0.0551, VFL train accuracy: 1.0000
2026-04-10 00:12:54,252 - Epoch: 26, 101/274: VFL loss: 0.0005, total loss: 0.0555, anchor loss: 0.0550, VFL train accuracy: 1.0000
2026-04-10 00:12:54,625 - Epoch: 26, 111/274: VFL loss: 0.0005, total loss: 0.0555, anchor loss: 0.0549, VFL train accuracy: 1.0000
2026-04-10 00:12:55,026 - Epoch: 26, 121/274: VFL loss: 0.0006, total loss: 0.0554, anchor loss: 0.0548, VFL train accuracy: 1.0000
2026-04-10 00:12:55,418 - Epoch: 26, 131/274: VFL loss: 0.0006, total loss: 0.0554, anchor loss: 0.0548, VFL train accuracy: 1.0000
2026-04-10 00:12:55,781 - Epoch: 26, 141/274: VFL loss: 0.0006, total loss: 0.0554, anchor loss: 0.0548, VFL train accuracy: 1.0000
2026-04-10 00:12:56,175 - Epoch: 26, 151/274: VFL loss: 0.0006, total loss: 0.0554, anchor loss: 0.0549, VFL train accuracy: 1.0000
2026-04-10 00:12:56,530 - Epoch: 26, 161/274: VFL loss: 0.0006, total loss: 0.0554, anchor loss: 0.0549, VFL train accuracy: 1.0000
2026-04-10 00:12:56,915 - Epoch: 26, 171/274: VFL loss: 0.0006, total loss: 0.0555, anchor loss: 0.0549, VFL train accuracy: 1.0000
2026-04-10 00:12:57,307 - Epoch: 26, 181/274: VFL loss: 0.0006, total loss: 0.0554, anchor loss: 0.0548, VFL train accuracy: 1.0000
2026-04-10 00:12:57,679 - Epoch: 26, 191/274: VFL loss: 0.0006, total loss: 0.0553, anchor loss: 0.0548, VFL train accuracy: 1.0000
2026-04-10 00:12:58,054 - Epoch: 26, 201/274: VFL loss: 0.0006, total loss: 0.0552, anchor loss: 0.0547, VFL train accuracy: 1.0000
2026-04-10 00:12:58,450 - Epoch: 26, 211/274: VFL loss: 0.0006, total loss: 0.0552, anchor loss: 0.0546, VFL train accuracy: 1.0000
2026-04-10 00:12:58,833 - Epoch: 26, 221/274: VFL loss: 0.0006, total loss: 0.0552, anchor loss: 0.0546, VFL train accuracy: 1.0000
2026-04-10 00:12:59,208 - Epoch: 26, 231/274: VFL loss: 0.0006, total loss: 0.0552, anchor loss: 0.0547, VFL train accuracy: 1.0000
2026-04-10 00:12:59,590 - Epoch: 26, 241/274: VFL loss: 0.0006, total loss: 0.0552, anchor loss: 0.0546, VFL train accuracy: 1.0000
2026-04-10 00:12:59,980 - Epoch: 26, 251/274: VFL loss: 0.0006, total loss: 0.0552, anchor loss: 0.0547, VFL train accuracy: 1.0000
2026-04-10 00:13:00,374 - Epoch: 26, 261/274: VFL loss: 0.0006, total loss: 0.0552, anchor loss: 0.0546, VFL train accuracy: 1.0000
2026-04-10 00:13:00,735 - Epoch: 26, 271/274: VFL loss: 0.0006, total loss: 0.0552, anchor loss: 0.0547, VFL train accuracy: 1.0000
2026-04-10 00:13:00,873 - => Recorded Stage 2 client anchor losses for epoch 26 to './results/AVGuard/Fourclient/NUSWIDE/ema_scan/lambda_1.0_ema_0.999\stage2_final_epoch_client_anchor_losses.json': {0: 0.023897, 1: 0.065645, 2: 0.056941, 3: 0.072093}
2026-04-10 00:13:00,885 - => Stage 2 EMA anchor update applied at epoch 26 with momentum 0.9990: updated classes per client {0: 5, 1: 5, 2: 5, 3: 5}
2026-04-10 00:13:00,885 - => Stage 2 Epoch 26 Training Summary: VFL loss: 0.0006, total loss: 0.0552, anchor loss: 0.0546, VFL train accuracy: 1.0000
2026-04-10 00:13:00,885 - => Test ASR...
2026-04-10 00:13:00,989 - =>Add Trigger to Test Data
2026-04-10 00:13:04,519 - Add Trigger to 37064 Bad Samples, 9629 Clean Samples (1.00)
2026-04-10 00:13:17,263 - => Test Epoch: 26, main task samples: 46693, attack samples: 46693, test loss: 1.1154, clean acc: 0.6086, Top-4: 0.9955, ASR: 0.3941, RAC: 0.4767, test target accuracy: 0.8810, stage3 final accuracy: 0.6086, stage3 final target accuracy: 0.6081, stage3 final asr: 0.3941, anchor loss: 0.0717
2026-04-10 00:13:17,263 - => Stage 3 Detection Summary: recall: 0.6327, precision: 0.0522, f1: 0.0965, false positive rate: 0.4192, correction rate: 0.3501
2026-04-10 00:13:17,264 - => Stage 3 Debug (clean): suspicious=19572/46693, correction_applied=19529, prediction_changed=19529, skipped_tied_vote=0, skipped_low_margin=0, skipped_other=43
2026-04-10 00:13:17,264 - => Stage 3 Debug (poison-valid): suspicious=21220/37064, correction_applied=21217, prediction_changed=21217, skipped_tied_vote=0, skipped_low_margin=0, skipped_other=3
2026-04-10 00:13:17,264 - => Stage 3 Debug (attack-success): suspicious=2131/3368, correction_applied=2130, prediction_changed=2130, corrected_to_true=1179
2026-04-10 00:13:17,333 - => End Epoch: 26, early stop epochs: 25, best epoch: 1, best clean acc: 0.5959, best Top-4: 0.9966, best ASR: 0.3630, best RAC: 0.5313, anchor loss: 0.0788
2026-04-10 00:13:17,333 - => Stage 3 Detection Summary: recall: 0.8055, precision: 0.1636, f1: 0.2720, false positive rate: 0.4208, correction rate: 0.5521
2026-04-10 00:13:17,369 - => LFBA current anchor-derived target label: 3
2026-04-10 00:13:17,446 - =>Add Trigger to Train Data
2026-04-10 00:13:17,780 - Add Trigger to 6996 Bad Samples, 62970 Clean Samples (0.10)
2026-04-10 00:13:17,782 - => Start Training for Injecting Backdoor...
2026-04-10 00:13:17,836 - Epoch: 27, 1/274: VFL loss: 0.0005, total loss: 0.0558, anchor loss: 0.0553, VFL train accuracy: 1.0000
2026-04-10 00:13:18,499 - Epoch: 27, 11/274: VFL loss: 0.0004, total loss: 0.0548, anchor loss: 0.0544, VFL train accuracy: 1.0000
2026-04-10 00:13:18,853 - Epoch: 27, 21/274: VFL loss: 0.0004, total loss: 0.0555, anchor loss: 0.0551, VFL train accuracy: 1.0000
2026-04-10 00:13:19,234 - Epoch: 27, 31/274: VFL loss: 0.0004, total loss: 0.0547, anchor loss: 0.0542, VFL train accuracy: 1.0000
2026-04-10 00:13:19,611 - Epoch: 27, 41/274: VFL loss: 0.0004, total loss: 0.0546, anchor loss: 0.0542, VFL train accuracy: 1.0000
2026-04-10 00:13:20,002 - Epoch: 27, 51/274: VFL loss: 0.0005, total loss: 0.0553, anchor loss: 0.0548, VFL train accuracy: 1.0000
2026-04-10 00:13:20,355 - Epoch: 27, 61/274: VFL loss: 0.0005, total loss: 0.0552, anchor loss: 0.0548, VFL train accuracy: 1.0000
2026-04-10 00:13:20,736 - Epoch: 27, 71/274: VFL loss: 0.0005, total loss: 0.0551, anchor loss: 0.0546, VFL train accuracy: 1.0000
2026-04-10 00:13:21,110 - Epoch: 27, 81/274: VFL loss: 0.0005, total loss: 0.0550, anchor loss: 0.0545, VFL train accuracy: 1.0000
2026-04-10 00:13:21,494 - Epoch: 27, 91/274: VFL loss: 0.0005, total loss: 0.0549, anchor loss: 0.0544, VFL train accuracy: 1.0000
2026-04-10 00:13:21,856 - Epoch: 27, 101/274: VFL loss: 0.0005, total loss: 0.0547, anchor loss: 0.0543, VFL train accuracy: 1.0000
2026-04-10 00:13:22,248 - Epoch: 27, 111/274: VFL loss: 0.0005, total loss: 0.0547, anchor loss: 0.0543, VFL train accuracy: 1.0000
2026-04-10 00:13:22,632 - Epoch: 27, 121/274: VFL loss: 0.0005, total loss: 0.0546, anchor loss: 0.0542, VFL train accuracy: 1.0000
2026-04-10 00:13:23,007 - Epoch: 27, 131/274: VFL loss: 0.0005, total loss: 0.0546, anchor loss: 0.0541, VFL train accuracy: 1.0000
2026-04-10 00:13:23,372 - Epoch: 27, 141/274: VFL loss: 0.0004, total loss: 0.0547, anchor loss: 0.0542, VFL train accuracy: 1.0000
2026-04-10 00:13:23,729 - Epoch: 27, 151/274: VFL loss: 0.0004, total loss: 0.0547, anchor loss: 0.0542, VFL train accuracy: 1.0000
2026-04-10 00:13:24,104 - Epoch: 27, 161/274: VFL loss: 0.0005, total loss: 0.0548, anchor loss: 0.0544, VFL train accuracy: 1.0000
2026-04-10 00:13:24,467 - Epoch: 27, 171/274: VFL loss: 0.0005, total loss: 0.0547, anchor loss: 0.0543, VFL train accuracy: 1.0000
2026-04-10 00:13:24,859 - Epoch: 27, 181/274: VFL loss: 0.0004, total loss: 0.0547, anchor loss: 0.0542, VFL train accuracy: 1.0000
2026-04-10 00:13:25,253 - Epoch: 27, 191/274: VFL loss: 0.0005, total loss: 0.0547, anchor loss: 0.0542, VFL train accuracy: 1.0000
2026-04-10 00:13:25,635 - Epoch: 27, 201/274: VFL loss: 0.0005, total loss: 0.0547, anchor loss: 0.0542, VFL train accuracy: 1.0000
2026-04-10 00:13:26,018 - Epoch: 27, 211/274: VFL loss: 0.0005, total loss: 0.0548, anchor loss: 0.0543, VFL train accuracy: 1.0000
2026-04-10 00:13:26,383 - Epoch: 27, 221/274: VFL loss: 0.0005, total loss: 0.0548, anchor loss: 0.0543, VFL train accuracy: 1.0000
2026-04-10 00:13:26,784 - Epoch: 27, 231/274: VFL loss: 0.0005, total loss: 0.0548, anchor loss: 0.0543, VFL train accuracy: 1.0000
2026-04-10 00:13:27,174 - Epoch: 27, 241/274: VFL loss: 0.0005, total loss: 0.0548, anchor loss: 0.0543, VFL train accuracy: 1.0000
2026-04-10 00:13:27,546 - Epoch: 27, 251/274: VFL loss: 0.0005, total loss: 0.0548, anchor loss: 0.0543, VFL train accuracy: 1.0000
2026-04-10 00:13:27,912 - Epoch: 27, 261/274: VFL loss: 0.0005, total loss: 0.0548, anchor loss: 0.0543, VFL train accuracy: 1.0000
2026-04-10 00:13:28,273 - Epoch: 27, 271/274: VFL loss: 0.0005, total loss: 0.0548, anchor loss: 0.0543, VFL train accuracy: 1.0000
2026-04-10 00:13:28,404 - => Recorded Stage 2 client anchor losses for epoch 27 to './results/AVGuard/Fourclient/NUSWIDE/ema_scan/lambda_1.0_ema_0.999\stage2_final_epoch_client_anchor_losses.json': {0: 0.023426, 1: 0.06521, 2: 0.056733, 3: 0.071865}
2026-04-10 00:13:28,419 - => Stage 2 EMA anchor update applied at epoch 27 with momentum 0.9990: updated classes per client {0: 5, 1: 5, 2: 5, 3: 5}
2026-04-10 00:13:28,419 - => Stage 2 Epoch 27 Training Summary: VFL loss: 0.0005, total loss: 0.0548, anchor loss: 0.0543, VFL train accuracy: 1.0000
2026-04-10 00:13:28,420 - => Test ASR...
2026-04-10 00:13:28,523 - =>Add Trigger to Test Data
2026-04-10 00:13:32,000 - Add Trigger to 37064 Bad Samples, 9629 Clean Samples (1.00)
2026-04-10 00:13:44,432 - => Test Epoch: 27, main task samples: 46693, attack samples: 46693, test loss: 1.1357, clean acc: 0.6094, Top-4: 0.9956, ASR: 0.3972, RAC: 0.4780, test target accuracy: 0.8836, stage3 final accuracy: 0.6094, stage3 final target accuracy: 0.6128, stage3 final asr: 0.3972, anchor loss: 0.0715
2026-04-10 00:13:44,432 - => Stage 3 Detection Summary: recall: 0.6264, precision: 0.0525, f1: 0.0969, false positive rate: 0.4176, correction rate: 0.3463
2026-04-10 00:13:44,432 - => Stage 3 Debug (clean): suspicious=19498/46693, correction_applied=19451, prediction_changed=19451, skipped_tied_vote=0, skipped_low_margin=0, skipped_other=47
2026-04-10 00:13:44,432 - => Stage 3 Debug (poison-valid): suspicious=21148/37064, correction_applied=21141, prediction_changed=21141, skipped_tied_vote=0, skipped_low_margin=0, skipped_other=7
2026-04-10 00:13:44,433 - => Stage 3 Debug (attack-success): suspicious=2134/3407, correction_applied=2131, prediction_changed=2131, corrected_to_true=1180
2026-04-10 00:13:44,507 - => End Epoch: 27, early stop epochs: 26, best epoch: 1, best clean acc: 0.5959, best Top-4: 0.9966, best ASR: 0.3630, best RAC: 0.5313, anchor loss: 0.0788
2026-04-10 00:13:44,507 - => Stage 3 Detection Summary: recall: 0.8055, precision: 0.1636, f1: 0.2720, false positive rate: 0.4208, correction rate: 0.5521
2026-04-10 00:13:44,552 - => LFBA current anchor-derived target label: 3
2026-04-10 00:13:44,628 - =>Add Trigger to Train Data
2026-04-10 00:13:44,939 - Add Trigger to 6996 Bad Samples, 62970 Clean Samples (0.10)
2026-04-10 00:13:44,941 - => Start Training for Injecting Backdoor...
2026-04-10 00:13:44,991 - Epoch: 28, 1/274: VFL loss: 0.0007, total loss: 0.0563, anchor loss: 0.0557, VFL train accuracy: 1.0000
2026-04-10 00:13:45,597 - Epoch: 28, 11/274: VFL loss: 0.0005, total loss: 0.0543, anchor loss: 0.0538, VFL train accuracy: 1.0000
2026-04-10 00:13:45,979 - Epoch: 28, 21/274: VFL loss: 0.0004, total loss: 0.0537, anchor loss: 0.0533, VFL train accuracy: 1.0000
2026-04-10 00:13:46,363 - Epoch: 28, 31/274: VFL loss: 0.0004, total loss: 0.0539, anchor loss: 0.0534, VFL train accuracy: 1.0000
2026-04-10 00:13:46,747 - Epoch: 28, 41/274: VFL loss: 0.0005, total loss: 0.0541, anchor loss: 0.0537, VFL train accuracy: 1.0000
2026-04-10 00:13:47,111 - Epoch: 28, 51/274: VFL loss: 0.0004, total loss: 0.0547, anchor loss: 0.0542, VFL train accuracy: 1.0000
2026-04-10 00:13:47,465 - Epoch: 28, 61/274: VFL loss: 0.0005, total loss: 0.0547, anchor loss: 0.0542, VFL train accuracy: 1.0000
2026-04-10 00:13:47,826 - Epoch: 28, 71/274: VFL loss: 0.0005, total loss: 0.0546, anchor loss: 0.0541, VFL train accuracy: 1.0000
2026-04-10 00:13:48,224 - Epoch: 28, 81/274: VFL loss: 0.0004, total loss: 0.0544, anchor loss: 0.0540, VFL train accuracy: 1.0000
2026-04-10 00:13:48,739 - Epoch: 28, 91/274: VFL loss: 0.0004, total loss: 0.0545, anchor loss: 0.0541, VFL train accuracy: 1.0000
2026-04-10 00:13:49,117 - Epoch: 28, 101/274: VFL loss: 0.0005, total loss: 0.0544, anchor loss: 0.0539, VFL train accuracy: 1.0000
2026-04-10 00:13:49,485 - Epoch: 28, 111/274: VFL loss: 0.0004, total loss: 0.0545, anchor loss: 0.0540, VFL train accuracy: 1.0000
2026-04-10 00:13:49,854 - Epoch: 28, 121/274: VFL loss: 0.0004, total loss: 0.0545, anchor loss: 0.0540, VFL train accuracy: 1.0000
2026-04-10 00:13:50,230 - Epoch: 28, 131/274: VFL loss: 0.0005, total loss: 0.0545, anchor loss: 0.0540, VFL train accuracy: 1.0000
2026-04-10 00:13:50,615 - Epoch: 28, 141/274: VFL loss: 0.0005, total loss: 0.0545, anchor loss: 0.0540, VFL train accuracy: 1.0000
2026-04-10 00:13:51,027 - Epoch: 28, 151/274: VFL loss: 0.0005, total loss: 0.0545, anchor loss: 0.0540, VFL train accuracy: 1.0000
2026-04-10 00:13:51,421 - Epoch: 28, 161/274: VFL loss: 0.0005, total loss: 0.0544, anchor loss: 0.0539, VFL train accuracy: 1.0000
2026-04-10 00:13:51,791 - Epoch: 28, 171/274: VFL loss: 0.0005, total loss: 0.0543, anchor loss: 0.0538, VFL train accuracy: 1.0000
2026-04-10 00:13:52,179 - Epoch: 28, 181/274: VFL loss: 0.0005, total loss: 0.0543, anchor loss: 0.0538, VFL train accuracy: 1.0000
2026-04-10 00:13:52,570 - Epoch: 28, 191/274: VFL loss: 0.0005, total loss: 0.0544, anchor loss: 0.0539, VFL train accuracy: 1.0000
2026-04-10 00:13:52,968 - Epoch: 28, 201/274: VFL loss: 0.0005, total loss: 0.0544, anchor loss: 0.0539, VFL train accuracy: 1.0000
2026-04-10 00:13:53,347 - Epoch: 28, 211/274: VFL loss: 0.0005, total loss: 0.0544, anchor loss: 0.0539, VFL train accuracy: 1.0000
2026-04-10 00:13:53,696 - Epoch: 28, 221/274: VFL loss: 0.0005, total loss: 0.0544, anchor loss: 0.0539, VFL train accuracy: 1.0000
2026-04-10 00:13:54,056 - Epoch: 28, 231/274: VFL loss: 0.0005, total loss: 0.0544, anchor loss: 0.0539, VFL train accuracy: 1.0000
2026-04-10 00:13:54,416 - Epoch: 28, 241/274: VFL loss: 0.0005, total loss: 0.0544, anchor loss: 0.0539, VFL train accuracy: 1.0000
2026-04-10 00:13:54,766 - Epoch: 28, 251/274: VFL loss: 0.0005, total loss: 0.0545, anchor loss: 0.0540, VFL train accuracy: 1.0000
2026-04-10 00:13:55,185 - Epoch: 28, 261/274: VFL loss: 0.0005, total loss: 0.0545, anchor loss: 0.0540, VFL train accuracy: 1.0000
2026-04-10 00:13:55,559 - Epoch: 28, 271/274: VFL loss: 0.0005, total loss: 0.0545, anchor loss: 0.0540, VFL train accuracy: 1.0000
2026-04-10 00:13:55,682 - => Recorded Stage 2 client anchor losses for epoch 28 to './results/AVGuard/Fourclient/NUSWIDE/ema_scan/lambda_1.0_ema_0.999\stage2_final_epoch_client_anchor_losses.json': {0: 0.022971, 1: 0.064796, 2: 0.056538, 3: 0.071505}
2026-04-10 00:13:55,690 - => Stage 2 EMA anchor update applied at epoch 28 with momentum 0.9990: updated classes per client {0: 5, 1: 5, 2: 5, 3: 5}
2026-04-10 00:13:55,690 - => Stage 2 Epoch 28 Training Summary: VFL loss: 0.0005, total loss: 0.0545, anchor loss: 0.0540, VFL train accuracy: 1.0000
2026-04-10 00:13:55,691 - => Test ASR...
2026-04-10 00:13:55,792 - =>Add Trigger to Test Data
2026-04-10 00:13:59,028 - Add Trigger to 37064 Bad Samples, 9629 Clean Samples (1.00)
2026-04-10 00:14:11,386 - => Test Epoch: 28, main task samples: 46693, attack samples: 46693, test loss: 1.1550, clean acc: 0.6107, Top-4: 0.9954, ASR: 0.3961, RAC: 0.4779, test target accuracy: 0.8807, stage3 final accuracy: 0.6107, stage3 final target accuracy: 0.6156, stage3 final asr: 0.3961, anchor loss: 0.0712
2026-04-10 00:14:11,386 - => Stage 3 Detection Summary: recall: 0.6225, precision: 0.0506, f1: 0.0936, false positive rate: 0.4172, correction rate: 0.3445
2026-04-10 00:14:11,387 - => Stage 3 Debug (clean): suspicious=19479/46693, correction_applied=19441, prediction_changed=19441, skipped_tied_vote=0, skipped_low_margin=0, skipped_other=38
2026-04-10 00:14:11,387 - => Stage 3 Debug (poison-valid): suspicious=21195/37064, correction_applied=21191, prediction_changed=21191, skipped_tied_vote=0, skipped_low_margin=0, skipped_other=4
2026-04-10 00:14:11,387 - => Stage 3 Debug (attack-success): suspicious=2058/3306, correction_applied=2057, prediction_changed=2057, corrected_to_true=1139
2026-04-10 00:14:11,462 - => End Epoch: 28, early stop epochs: 27, best epoch: 1, best clean acc: 0.5959, best Top-4: 0.9966, best ASR: 0.3630, best RAC: 0.5313, anchor loss: 0.0788
2026-04-10 00:14:11,463 - => Stage 3 Detection Summary: recall: 0.8055, precision: 0.1636, f1: 0.2720, false positive rate: 0.4208, correction rate: 0.5521
2026-04-10 00:14:11,500 - => LFBA current anchor-derived target label: 3
2026-04-10 00:14:11,576 - =>Add Trigger to Train Data
2026-04-10 00:14:11,877 - Add Trigger to 6996 Bad Samples, 62970 Clean Samples (0.10)
2026-04-10 00:14:11,880 - => Start Training for Injecting Backdoor...
2026-04-10 00:14:11,932 - Epoch: 29, 1/274: VFL loss: 0.0005, total loss: 0.0536, anchor loss: 0.0532, VFL train accuracy: 1.0000
2026-04-10 00:14:12,524 - Epoch: 29, 11/274: VFL loss: 0.0004, total loss: 0.0552, anchor loss: 0.0549, VFL train accuracy: 1.0000
2026-04-10 00:14:12,928 - Epoch: 29, 21/274: VFL loss: 0.0004, total loss: 0.0542, anchor loss: 0.0538, VFL train accuracy: 1.0000
2026-04-10 00:14:13,316 - Epoch: 29, 31/274: VFL loss: 0.0003, total loss: 0.0540, anchor loss: 0.0537, VFL train accuracy: 1.0000
2026-04-10 00:14:13,693 - Epoch: 29, 41/274: VFL loss: 0.0009, total loss: 0.0548, anchor loss: 0.0538, VFL train accuracy: 0.9999
2026-04-10 00:14:14,098 - Epoch: 29, 51/274: VFL loss: 0.0008, total loss: 0.0548, anchor loss: 0.0539, VFL train accuracy: 0.9999
2026-04-10 00:14:14,461 - Epoch: 29, 61/274: VFL loss: 0.0008, total loss: 0.0546, anchor loss: 0.0538, VFL train accuracy: 0.9999
2026-04-10 00:14:14,850 - Epoch: 29, 71/274: VFL loss: 0.0007, total loss: 0.0546, anchor loss: 0.0539, VFL train accuracy: 0.9999
2026-04-10 00:14:15,224 - Epoch: 29, 81/274: VFL loss: 0.0007, total loss: 0.0545, anchor loss: 0.0539, VFL train accuracy: 1.0000
2026-04-10 00:14:15,574 - Epoch: 29, 91/274: VFL loss: 0.0006, total loss: 0.0545, anchor loss: 0.0539, VFL train accuracy: 1.0000
2026-04-10 00:14:15,965 - Epoch: 29, 101/274: VFL loss: 0.0007, total loss: 0.0547, anchor loss: 0.0540, VFL train accuracy: 0.9999
2026-04-10 00:14:16,338 - Epoch: 29, 111/274: VFL loss: 0.0007, total loss: 0.0546, anchor loss: 0.0539, VFL train accuracy: 0.9999
2026-04-10 00:14:16,711 - Epoch: 29, 121/274: VFL loss: 0.0007, total loss: 0.0547, anchor loss: 0.0540, VFL train accuracy: 0.9999
2026-04-10 00:14:17,096 - Epoch: 29, 131/274: VFL loss: 0.0007, total loss: 0.0547, anchor loss: 0.0540, VFL train accuracy: 0.9999
2026-04-10 00:14:17,468 - Epoch: 29, 141/274: VFL loss: 0.0007, total loss: 0.0546, anchor loss: 0.0540, VFL train accuracy: 0.9999
2026-04-10 00:14:17,837 - Epoch: 29, 151/274: VFL loss: 0.0006, total loss: 0.0546, anchor loss: 0.0540, VFL train accuracy: 0.9999
2026-04-10 00:14:18,252 - Epoch: 29, 161/274: VFL loss: 0.0007, total loss: 0.0546, anchor loss: 0.0539, VFL train accuracy: 0.9999
2026-04-10 00:14:18,628 - Epoch: 29, 171/274: VFL loss: 0.0007, total loss: 0.0545, anchor loss: 0.0538, VFL train accuracy: 0.9999
2026-04-10 00:14:19,018 - Epoch: 29, 181/274: VFL loss: 0.0007, total loss: 0.0545, anchor loss: 0.0538, VFL train accuracy: 0.9999
2026-04-10 00:14:19,378 - Epoch: 29, 191/274: VFL loss: 0.0007, total loss: 0.0544, anchor loss: 0.0538, VFL train accuracy: 0.9999
2026-04-10 00:14:19,761 - Epoch: 29, 201/274: VFL loss: 0.0007, total loss: 0.0544, anchor loss: 0.0537, VFL train accuracy: 0.9999
2026-04-10 00:14:20,129 - Epoch: 29, 211/274: VFL loss: 0.0006, total loss: 0.0543, anchor loss: 0.0536, VFL train accuracy: 0.9999
2026-04-10 00:14:20,498 - Epoch: 29, 221/274: VFL loss: 0.0006, total loss: 0.0543, anchor loss: 0.0537, VFL train accuracy: 0.9999
2026-04-10 00:14:20,870 - Epoch: 29, 231/274: VFL loss: 0.0006, total loss: 0.0543, anchor loss: 0.0537, VFL train accuracy: 0.9999
2026-04-10 00:14:21,256 - Epoch: 29, 241/274: VFL loss: 0.0006, total loss: 0.0542, anchor loss: 0.0536, VFL train accuracy: 1.0000
2026-04-10 00:14:21,610 - Epoch: 29, 251/274: VFL loss: 0.0006, total loss: 0.0542, anchor loss: 0.0536, VFL train accuracy: 1.0000
2026-04-10 00:14:21,995 - Epoch: 29, 261/274: VFL loss: 0.0006, total loss: 0.0542, anchor loss: 0.0536, VFL train accuracy: 1.0000
2026-04-10 00:14:22,368 - Epoch: 29, 271/274: VFL loss: 0.0006, total loss: 0.0542, anchor loss: 0.0536, VFL train accuracy: 1.0000
2026-04-10 00:14:22,485 - => Recorded Stage 2 client anchor losses for epoch 29 to './results/AVGuard/Fourclient/NUSWIDE/ema_scan/lambda_1.0_ema_0.999\stage2_final_epoch_client_anchor_losses.json': {0: 0.022515, 1: 0.064396, 2: 0.056349, 3: 0.071246}
2026-04-10 00:14:22,494 - => Stage 2 EMA anchor update applied at epoch 29 with momentum 0.9990: updated classes per client {0: 5, 1: 5, 2: 5, 3: 5}
2026-04-10 00:14:22,494 - => Stage 2 Epoch 29 Training Summary: VFL loss: 0.0006, total loss: 0.0542, anchor loss: 0.0536, VFL train accuracy: 1.0000
2026-04-10 00:14:22,494 - => Test ASR...
2026-04-10 00:14:22,595 - =>Add Trigger to Test Data
2026-04-10 00:14:26,063 - Add Trigger to 37064 Bad Samples, 9629 Clean Samples (1.00)
2026-04-10 00:14:38,554 - => Test Epoch: 29, main task samples: 46693, attack samples: 46693, test loss: 1.1739, clean acc: 0.6126, Top-4: 0.9954, ASR: 0.3882, RAC: 0.4782, test target accuracy: 0.8811, stage3 final accuracy: 0.6126, stage3 final target accuracy: 0.6119, stage3 final asr: 0.3882, anchor loss: 0.0710
2026-04-10 00:14:38,554 - => Stage 3 Detection Summary: recall: 0.6074, precision: 0.0464, f1: 0.0862, false positive rate: 0.4154, correction rate: 0.3315
2026-04-10 00:14:38,554 - => Stage 3 Debug (clean): suspicious=19395/46693, correction_applied=19359, prediction_changed=19359, skipped_tied_vote=0, skipped_low_margin=0, skipped_other=36
2026-04-10 00:14:38,554 - => Stage 3 Debug (poison-valid): suspicious=21081/37064, correction_applied=21079, prediction_changed=21079, skipped_tied_vote=0, skipped_low_margin=0, skipped_other=2
2026-04-10 00:14:38,554 - => Stage 3 Debug (attack-success): suspicious=1878/3092, correction_applied=1877, prediction_changed=1877, corrected_to_true=1025
2026-04-10 00:14:38,630 - => End Epoch: 29, early stop epochs: 28, best epoch: 1, best clean acc: 0.5959, best Top-4: 0.9966, best ASR: 0.3630, best RAC: 0.5313, anchor loss: 0.0788
2026-04-10 00:14:38,630 - => Stage 3 Detection Summary: recall: 0.8055, precision: 0.1636, f1: 0.2720, false positive rate: 0.4208, correction rate: 0.5521
2026-04-10 00:14:38,674 - => LFBA current anchor-derived target label: 3
2026-04-10 00:14:38,749 - =>Add Trigger to Train Data
2026-04-10 00:14:39,060 - Add Trigger to 6996 Bad Samples, 62970 Clean Samples (0.10)
2026-04-10 00:14:39,062 - => Start Training for Injecting Backdoor...
2026-04-10 00:14:39,113 - Epoch: 30, 1/274: VFL loss: 0.0002, total loss: 0.0493, anchor loss: 0.0492, VFL train accuracy: 1.0000
2026-04-10 00:14:39,793 - Epoch: 30, 11/274: VFL loss: 0.0003, total loss: 0.0529, anchor loss: 0.0525, VFL train accuracy: 1.0000
2026-04-10 00:14:40,185 - Epoch: 30, 21/274: VFL loss: 0.0004, total loss: 0.0538, anchor loss: 0.0534, VFL train accuracy: 1.0000
2026-04-10 00:14:40,548 - Epoch: 30, 31/274: VFL loss: 0.0004, total loss: 0.0539, anchor loss: 0.0535, VFL train accuracy: 1.0000
2026-04-10 00:14:40,938 - Epoch: 30, 41/274: VFL loss: 0.0004, total loss: 0.0537, anchor loss: 0.0533, VFL train accuracy: 1.0000
2026-04-10 00:14:41,306 - Epoch: 30, 51/274: VFL loss: 0.0004, total loss: 0.0534, anchor loss: 0.0530, VFL train accuracy: 1.0000
2026-04-10 00:14:41,678 - Epoch: 30, 61/274: VFL loss: 0.0004, total loss: 0.0534, anchor loss: 0.0531, VFL train accuracy: 1.0000
2026-04-10 00:14:42,083 - Epoch: 30, 71/274: VFL loss: 0.0003, total loss: 0.0534, anchor loss: 0.0530, VFL train accuracy: 1.0000
2026-04-10 00:14:42,447 - Epoch: 30, 81/274: VFL loss: 0.0003, total loss: 0.0534, anchor loss: 0.0531, VFL train accuracy: 1.0000
2026-04-10 00:14:42,808 - Epoch: 30, 91/274: VFL loss: 0.0003, total loss: 0.0535, anchor loss: 0.0532, VFL train accuracy: 1.0000
2026-04-10 00:14:43,181 - Epoch: 30, 101/274: VFL loss: 0.0003, total loss: 0.0535, anchor loss: 0.0532, VFL train accuracy: 1.0000
2026-04-10 00:14:43,539 - Epoch: 30, 111/274: VFL loss: 0.0003, total loss: 0.0533, anchor loss: 0.0530, VFL train accuracy: 1.0000
2026-04-10 00:14:43,905 - Epoch: 30, 121/274: VFL loss: 0.0003, total loss: 0.0534, anchor loss: 0.0531, VFL train accuracy: 1.0000
2026-04-10 00:14:44,320 - Epoch: 30, 131/274: VFL loss: 0.0003, total loss: 0.0536, anchor loss: 0.0532, VFL train accuracy: 1.0000
2026-04-10 00:14:44,722 - Epoch: 30, 141/274: VFL loss: 0.0003, total loss: 0.0535, anchor loss: 0.0532, VFL train accuracy: 1.0000
2026-04-10 00:14:45,116 - Epoch: 30, 151/274: VFL loss: 0.0003, total loss: 0.0536, anchor loss: 0.0533, VFL train accuracy: 1.0000
2026-04-10 00:14:45,506 - Epoch: 30, 161/274: VFL loss: 0.0003, total loss: 0.0537, anchor loss: 0.0533, VFL train accuracy: 1.0000
2026-04-10 00:14:45,870 - Epoch: 30, 171/274: VFL loss: 0.0004, total loss: 0.0536, anchor loss: 0.0533, VFL train accuracy: 1.0000
2026-04-10 00:14:46,259 - Epoch: 30, 181/274: VFL loss: 0.0004, total loss: 0.0537, anchor loss: 0.0533, VFL train accuracy: 1.0000
2026-04-10 00:14:46,647 - Epoch: 30, 191/274: VFL loss: 0.0004, total loss: 0.0537, anchor loss: 0.0534, VFL train accuracy: 1.0000
2026-04-10 00:14:47,026 - Epoch: 30, 201/274: VFL loss: 0.0004, total loss: 0.0537, anchor loss: 0.0534, VFL train accuracy: 1.0000
2026-04-10 00:14:47,388 - Epoch: 30, 211/274: VFL loss: 0.0004, total loss: 0.0537, anchor loss: 0.0533, VFL train accuracy: 1.0000
2026-04-10 00:14:47,785 - Epoch: 30, 221/274: VFL loss: 0.0004, total loss: 0.0537, anchor loss: 0.0533, VFL train accuracy: 1.0000
2026-04-10 00:14:48,163 - Epoch: 30, 231/274: VFL loss: 0.0004, total loss: 0.0537, anchor loss: 0.0533, VFL train accuracy: 1.0000
2026-04-10 00:14:48,605 - Epoch: 30, 241/274: VFL loss: 0.0004, total loss: 0.0536, anchor loss: 0.0533, VFL train accuracy: 1.0000
2026-04-10 00:14:49,023 - Epoch: 30, 251/274: VFL loss: 0.0004, total loss: 0.0536, anchor loss: 0.0533, VFL train accuracy: 1.0000
2026-04-10 00:14:49,412 - Epoch: 30, 261/274: VFL loss: 0.0004, total loss: 0.0536, anchor loss: 0.0532, VFL train accuracy: 1.0000
2026-04-10 00:14:49,824 - Epoch: 30, 271/274: VFL loss: 0.0004, total loss: 0.0536, anchor loss: 0.0533, VFL train accuracy: 1.0000
2026-04-10 00:14:49,961 - => Recorded Stage 2 client anchor losses for epoch 30 to './results/AVGuard/Fourclient/NUSWIDE/ema_scan/lambda_1.0_ema_0.999\stage2_final_epoch_client_anchor_losses.json': {0: 0.022074, 1: 0.063969, 2: 0.056157, 3: 0.070879}
2026-04-10 00:14:49,967 - => Stage 2 EMA anchor update applied at epoch 30 with momentum 0.9990: updated classes per client {0: 5, 1: 5, 2: 5, 3: 5}
2026-04-10 00:14:49,968 - => Stage 2 Epoch 30 Training Summary: VFL loss: 0.0004, total loss: 0.0536, anchor loss: 0.0533, VFL train accuracy: 1.0000
2026-04-10 00:14:49,968 - => Test ASR...
2026-04-10 00:14:50,075 - =>Add Trigger to Test Data
2026-04-10 00:14:53,515 - Add Trigger to 37064 Bad Samples, 9629 Clean Samples (1.00)
2026-04-10 00:15:06,260 - => Test Epoch: 30, main task samples: 46693, attack samples: 46693, test loss: 1.1947, clean acc: 0.6123, Top-4: 0.9954, ASR: 0.3880, RAC: 0.4789, test target accuracy: 0.8808, stage3 final accuracy: 0.6123, stage3 final target accuracy: 0.6120, stage3 final asr: 0.3880, anchor loss: 0.0708
2026-04-10 00:15:06,261 - => Stage 3 Detection Summary: recall: 0.6063, precision: 0.0460, f1: 0.0855, false positive rate: 0.4150, correction rate: 0.3324
2026-04-10 00:15:06,261 - => Stage 3 Debug (clean): suspicious=19376/46693, correction_applied=19336, prediction_changed=19336, skipped_tied_vote=0, skipped_low_margin=0, skipped_other=40
2026-04-10 00:15:06,261 - => Stage 3 Debug (poison-valid): suspicious=21037/37064, correction_applied=21031, prediction_changed=21031, skipped_tied_vote=0, skipped_low_margin=0, skipped_other=6
2026-04-10 00:15:06,261 - => Stage 3 Debug (attack-success): suspicious=1859/3066, correction_applied=1857, prediction_changed=1857, corrected_to_true=1019
2026-04-10 00:15:06,336 - => End Epoch: 30, early stop epochs: 29, best epoch: 1, best clean acc: 0.5959, best Top-4: 0.9966, best ASR: 0.3630, best RAC: 0.5313, anchor loss: 0.0788
2026-04-10 00:15:06,336 - => Stage 3 Detection Summary: recall: 0.8055, precision: 0.1636, f1: 0.2720, false positive rate: 0.4208, correction rate: 0.5521
2026-04-10 00:15:06,379 - => LFBA current anchor-derived target label: 3
2026-04-10 00:15:06,454 - =>Add Trigger to Train Data
2026-04-10 00:15:06,756 - Add Trigger to 6996 Bad Samples, 62970 Clean Samples (0.10)
2026-04-10 00:15:06,758 - => Start Training for Injecting Backdoor...
2026-04-10 00:15:06,809 - Epoch: 31, 1/274: VFL loss: 0.0003, total loss: 0.0525, anchor loss: 0.0522, VFL train accuracy: 1.0000
2026-04-10 00:15:07,406 - Epoch: 31, 11/274: VFL loss: 0.0003, total loss: 0.0532, anchor loss: 0.0529, VFL train accuracy: 1.0000
2026-04-10 00:15:07,780 - Epoch: 31, 21/274: VFL loss: 0.0004, total loss: 0.0534, anchor loss: 0.0530, VFL train accuracy: 1.0000
2026-04-10 00:15:08,156 - Epoch: 31, 31/274: VFL loss: 0.0003, total loss: 0.0532, anchor loss: 0.0529, VFL train accuracy: 1.0000
2026-04-10 00:15:08,530 - Epoch: 31, 41/274: VFL loss: 0.0003, total loss: 0.0536, anchor loss: 0.0533, VFL train accuracy: 1.0000
2026-04-10 00:15:08,895 - Epoch: 31, 51/274: VFL loss: 0.0003, total loss: 0.0534, anchor loss: 0.0531, VFL train accuracy: 1.0000
2026-04-10 00:15:09,278 - Epoch: 31, 61/274: VFL loss: 0.0003, total loss: 0.0534, anchor loss: 0.0530, VFL train accuracy: 1.0000
2026-04-10 00:15:09,662 - Epoch: 31, 71/274: VFL loss: 0.0003, total loss: 0.0534, anchor loss: 0.0531, VFL train accuracy: 1.0000
2026-04-10 00:15:10,178 - Epoch: 31, 81/274: VFL loss: 0.0003, total loss: 0.0535, anchor loss: 0.0532, VFL train accuracy: 1.0000
2026-04-10 00:15:10,557 - Epoch: 31, 91/274: VFL loss: 0.0003, total loss: 0.0534, anchor loss: 0.0531, VFL train accuracy: 1.0000
2026-04-10 00:15:10,963 - Epoch: 31, 101/274: VFL loss: 0.0003, total loss: 0.0535, anchor loss: 0.0532, VFL train accuracy: 1.0000
2026-04-10 00:15:11,345 - Epoch: 31, 111/274: VFL loss: 0.0003, total loss: 0.0534, anchor loss: 0.0531, VFL train accuracy: 1.0000
2026-04-10 00:15:11,741 - Epoch: 31, 121/274: VFL loss: 0.0003, total loss: 0.0534, anchor loss: 0.0531, VFL train accuracy: 1.0000
2026-04-10 00:15:12,104 - Epoch: 31, 131/274: VFL loss: 0.0003, total loss: 0.0533, anchor loss: 0.0529, VFL train accuracy: 1.0000
2026-04-10 00:15:12,491 - Epoch: 31, 141/274: VFL loss: 0.0003, total loss: 0.0533, anchor loss: 0.0529, VFL train accuracy: 1.0000
2026-04-10 00:15:12,884 - Epoch: 31, 151/274: VFL loss: 0.0003, total loss: 0.0533, anchor loss: 0.0530, VFL train accuracy: 1.0000
2026-04-10 00:15:13,245 - Epoch: 31, 161/274: VFL loss: 0.0003, total loss: 0.0533, anchor loss: 0.0530, VFL train accuracy: 1.0000
2026-04-10 00:15:13,615 - Epoch: 31, 171/274: VFL loss: 0.0003, total loss: 0.0533, anchor loss: 0.0529, VFL train accuracy: 1.0000
2026-04-10 00:15:13,997 - Epoch: 31, 181/274: VFL loss: 0.0003, total loss: 0.0532, anchor loss: 0.0529, VFL train accuracy: 1.0000
2026-04-10 00:15:14,379 - Epoch: 31, 191/274: VFL loss: 0.0003, total loss: 0.0532, anchor loss: 0.0529, VFL train accuracy: 1.0000
2026-04-10 00:15:14,825 - Epoch: 31, 201/274: VFL loss: 0.0003, total loss: 0.0532, anchor loss: 0.0529, VFL train accuracy: 1.0000
2026-04-10 00:15:15,284 - Epoch: 31, 211/274: VFL loss: 0.0003, total loss: 0.0532, anchor loss: 0.0529, VFL train accuracy: 1.0000
2026-04-10 00:15:15,721 - Epoch: 31, 221/274: VFL loss: 0.0003, total loss: 0.0532, anchor loss: 0.0529, VFL train accuracy: 1.0000
2026-04-10 00:15:16,209 - Epoch: 31, 231/274: VFL loss: 0.0004, total loss: 0.0534, anchor loss: 0.0529, VFL train accuracy: 1.0000
2026-04-10 00:15:16,672 - Epoch: 31, 241/274: VFL loss: 0.0004, total loss: 0.0534, anchor loss: 0.0530, VFL train accuracy: 1.0000
2026-04-10 00:15:17,112 - Epoch: 31, 251/274: VFL loss: 0.0004, total loss: 0.0534, anchor loss: 0.0530, VFL train accuracy: 1.0000
2026-04-10 00:15:17,530 - Epoch: 31, 261/274: VFL loss: 0.0004, total loss: 0.0534, anchor loss: 0.0530, VFL train accuracy: 1.0000
2026-04-10 00:15:17,963 - Epoch: 31, 271/274: VFL loss: 0.0004, total loss: 0.0534, anchor loss: 0.0529, VFL train accuracy: 1.0000
2026-04-10 00:15:18,094 - => Recorded Stage 2 client anchor losses for epoch 31 to './results/AVGuard/Fourclient/NUSWIDE/ema_scan/lambda_1.0_ema_0.999\stage2_final_epoch_client_anchor_losses.json': {0: 0.021642, 1: 0.06355, 2: 0.055968, 3: 0.070588}
2026-04-10 00:15:18,102 - => Stage 2 EMA anchor update applied at epoch 31 with momentum 0.9990: updated classes per client {0: 5, 1: 5, 2: 5, 3: 5}
2026-04-10 00:15:18,102 - => Stage 2 Epoch 31 Training Summary: VFL loss: 0.0004, total loss: 0.0533, anchor loss: 0.0529, VFL train accuracy: 1.0000
2026-04-10 00:15:18,102 - => Test ASR...
2026-04-10 00:15:18,208 - =>Add Trigger to Test Data
2026-04-10 00:15:21,968 - Add Trigger to 37064 Bad Samples, 9629 Clean Samples (1.00)
2026-04-10 00:15:34,942 - => Test Epoch: 31, main task samples: 46693, attack samples: 46693, test loss: 1.2147, clean acc: 0.6135, Top-4: 0.9952, ASR: 0.3876, RAC: 0.4815, test target accuracy: 0.8866, stage3 final accuracy: 0.6135, stage3 final target accuracy: 0.6140, stage3 final asr: 0.3876, anchor loss: 0.0706
2026-04-10 00:15:34,942 - => Stage 3 Detection Summary: recall: 0.6200, precision: 0.0512, f1: 0.0946, false positive rate: 0.4142, correction rate: 0.3448
2026-04-10 00:15:34,942 - => Stage 3 Debug (clean): suspicious=19342/46693, correction_applied=19304, prediction_changed=19304, skipped_tied_vote=0, skipped_low_margin=0, skipped_other=38
2026-04-10 00:15:34,942 - => Stage 3 Debug (poison-valid): suspicious=20980/37064, correction_applied=20978, prediction_changed=20978, skipped_tied_vote=0, skipped_low_margin=0, skipped_other=2
2026-04-10 00:15:34,942 - => Stage 3 Debug (attack-success): suspicious=2064/3329, correction_applied=2064, prediction_changed=2064, corrected_to_true=1148
2026-04-10 00:15:35,020 - => End Epoch: 31, early stop epochs: 30, best epoch: 1, best clean acc: 0.5959, best Top-4: 0.9966, best ASR: 0.3630, best RAC: 0.5313, anchor loss: 0.0788
2026-04-10 00:15:35,020 - => Stage 3 Detection Summary: recall: 0.8055, precision: 0.1636, f1: 0.2720, false positive rate: 0.4208, correction rate: 0.5521
2026-04-10 00:15:35,060 - => LFBA current anchor-derived target label: 3
2026-04-10 00:15:35,138 - =>Add Trigger to Train Data
2026-04-10 00:15:35,488 - Add Trigger to 6996 Bad Samples, 62970 Clean Samples (0.10)
2026-04-10 00:15:35,490 - => Start Training for Injecting Backdoor...
2026-04-10 00:15:35,547 - Epoch: 32, 1/274: VFL loss: 0.0006, total loss: 0.0564, anchor loss: 0.0558, VFL train accuracy: 1.0000
2026-04-10 00:15:36,188 - Epoch: 32, 11/274: VFL loss: 0.0002, total loss: 0.0541, anchor loss: 0.0539, VFL train accuracy: 1.0000
2026-04-10 00:15:36,552 - Epoch: 32, 21/274: VFL loss: 0.0002, total loss: 0.0541, anchor loss: 0.0538, VFL train accuracy: 1.0000
2026-04-10 00:15:36,929 - Epoch: 32, 31/274: VFL loss: 0.0003, total loss: 0.0536, anchor loss: 0.0533, VFL train accuracy: 1.0000
2026-04-10 00:15:37,299 - Epoch: 32, 41/274: VFL loss: 0.0003, total loss: 0.0532, anchor loss: 0.0530, VFL train accuracy: 1.0000
2026-04-10 00:15:37,656 - Epoch: 32, 51/274: VFL loss: 0.0003, total loss: 0.0530, anchor loss: 0.0527, VFL train accuracy: 1.0000
2026-04-10 00:15:38,048 - Epoch: 32, 61/274: VFL loss: 0.0003, total loss: 0.0532, anchor loss: 0.0529, VFL train accuracy: 1.0000
2026-04-10 00:15:38,393 - Epoch: 32, 71/274: VFL loss: 0.0003, total loss: 0.0531, anchor loss: 0.0528, VFL train accuracy: 1.0000
2026-04-10 00:15:38,780 - Epoch: 32, 81/274: VFL loss: 0.0003, total loss: 0.0529, anchor loss: 0.0526, VFL train accuracy: 1.0000
2026-04-10 00:15:39,176 - Epoch: 32, 91/274: VFL loss: 0.0003, total loss: 0.0529, anchor loss: 0.0526, VFL train accuracy: 1.0000
2026-04-10 00:15:39,554 - Epoch: 32, 101/274: VFL loss: 0.0003, total loss: 0.0528, anchor loss: 0.0525, VFL train accuracy: 1.0000
2026-04-10 00:15:39,934 - Epoch: 32, 111/274: VFL loss: 0.0003, total loss: 0.0529, anchor loss: 0.0526, VFL train accuracy: 1.0000
2026-04-10 00:15:40,291 - Epoch: 32, 121/274: VFL loss: 0.0003, total loss: 0.0529, anchor loss: 0.0526, VFL train accuracy: 1.0000
2026-04-10 00:15:40,669 - Epoch: 32, 131/274: VFL loss: 0.0003, total loss: 0.0528, anchor loss: 0.0525, VFL train accuracy: 1.0000
2026-04-10 00:15:41,050 - Epoch: 32, 141/274: VFL loss: 0.0003, total loss: 0.0529, anchor loss: 0.0526, VFL train accuracy: 1.0000
2026-04-10 00:15:41,453 - Epoch: 32, 151/274: VFL loss: 0.0003, total loss: 0.0529, anchor loss: 0.0525, VFL train accuracy: 1.0000
2026-04-10 00:15:41,825 - Epoch: 32, 161/274: VFL loss: 0.0003, total loss: 0.0529, anchor loss: 0.0525, VFL train accuracy: 1.0000
2026-04-10 00:15:42,194 - Epoch: 32, 171/274: VFL loss: 0.0003, total loss: 0.0529, anchor loss: 0.0526, VFL train accuracy: 1.0000
2026-04-10 00:15:42,569 - Epoch: 32, 181/274: VFL loss: 0.0003, total loss: 0.0530, anchor loss: 0.0526, VFL train accuracy: 1.0000
2026-04-10 00:15:42,975 - Epoch: 32, 191/274: VFL loss: 0.0003, total loss: 0.0530, anchor loss: 0.0527, VFL train accuracy: 1.0000
2026-04-10 00:15:43,346 - Epoch: 32, 201/274: VFL loss: 0.0003, total loss: 0.0530, anchor loss: 0.0526, VFL train accuracy: 1.0000
2026-04-10 00:15:43,707 - Epoch: 32, 211/274: VFL loss: 0.0003, total loss: 0.0529, anchor loss: 0.0526, VFL train accuracy: 1.0000
2026-04-10 00:15:44,091 - Epoch: 32, 221/274: VFL loss: 0.0003, total loss: 0.0530, anchor loss: 0.0527, VFL train accuracy: 1.0000
2026-04-10 00:15:44,454 - Epoch: 32, 231/274: VFL loss: 0.0003, total loss: 0.0530, anchor loss: 0.0527, VFL train accuracy: 1.0000
2026-04-10 00:15:44,833 - Epoch: 32, 241/274: VFL loss: 0.0003, total loss: 0.0530, anchor loss: 0.0527, VFL train accuracy: 1.0000
2026-04-10 00:15:45,225 - Epoch: 32, 251/274: VFL loss: 0.0003, total loss: 0.0530, anchor loss: 0.0526, VFL train accuracy: 1.0000
2026-04-10 00:15:45,623 - Epoch: 32, 261/274: VFL loss: 0.0003, total loss: 0.0530, anchor loss: 0.0527, VFL train accuracy: 1.0000
2026-04-10 00:15:46,035 - Epoch: 32, 271/274: VFL loss: 0.0003, total loss: 0.0529, anchor loss: 0.0526, VFL train accuracy: 1.0000
2026-04-10 00:15:46,161 - => Recorded Stage 2 client anchor losses for epoch 32 to './results/AVGuard/Fourclient/NUSWIDE/ema_scan/lambda_1.0_ema_0.999\stage2_final_epoch_client_anchor_losses.json': {0: 0.021223, 1: 0.063147, 2: 0.055794, 3: 0.070333}
2026-04-10 00:15:46,170 - => Stage 2 EMA anchor update applied at epoch 32 with momentum 0.9990: updated classes per client {0: 5, 1: 5, 2: 5, 3: 5}
2026-04-10 00:15:46,170 - => Stage 2 Epoch 32 Training Summary: VFL loss: 0.0003, total loss: 0.0529, anchor loss: 0.0526, VFL train accuracy: 1.0000
2026-04-10 00:15:46,170 - => Test ASR...
2026-04-10 00:15:46,273 - =>Add Trigger to Test Data
2026-04-10 00:15:49,670 - Add Trigger to 37064 Bad Samples, 9629 Clean Samples (1.00)
2026-04-10 00:16:02,123 - => Test Epoch: 32, main task samples: 46693, attack samples: 46693, test loss: 1.2405, clean acc: 0.6151, Top-4: 0.9953, ASR: 0.3863, RAC: 0.4816, test target accuracy: 0.8821, stage3 final accuracy: 0.6151, stage3 final target accuracy: 0.6136, stage3 final asr: 0.3863, anchor loss: 0.0704
2026-04-10 00:16:02,123 - => Stage 3 Detection Summary: recall: 0.6120, precision: 0.0472, f1: 0.0876, false positive rate: 0.4128, correction rate: 0.3344
2026-04-10 00:16:02,123 - => Stage 3 Debug (clean): suspicious=19274/46693, correction_applied=19223, prediction_changed=19223, skipped_tied_vote=0, skipped_low_margin=0, skipped_other=51
2026-04-10 00:16:02,123 - => Stage 3 Debug (poison-valid): suspicious=20924/37064, correction_applied=20919, prediction_changed=20919, skipped_tied_vote=0, skipped_low_margin=0, skipped_other=5
2026-04-10 00:16:02,123 - => Stage 3 Debug (attack-success): suspicious=1896/3098, correction_applied=1894, prediction_changed=1894, corrected_to_true=1036
2026-04-10 00:16:02,197 - => End Epoch: 32, early stop epochs: 31, best epoch: 1, best clean acc: 0.5959, best Top-4: 0.9966, best ASR: 0.3630, best RAC: 0.5313, anchor loss: 0.0788
2026-04-10 00:16:02,198 - => Stage 3 Detection Summary: recall: 0.8055, precision: 0.1636, f1: 0.2720, false positive rate: 0.4208, correction rate: 0.5521
2026-04-10 00:16:02,240 - => LFBA current anchor-derived target label: 3
2026-04-10 00:16:02,316 - =>Add Trigger to Train Data
2026-04-10 00:16:02,646 - Add Trigger to 6996 Bad Samples, 62970 Clean Samples (0.10)
2026-04-10 00:16:02,648 - => Start Training for Injecting Backdoor...
2026-04-10 00:16:02,704 - Epoch: 33, 1/274: VFL loss: 0.0004, total loss: 0.0574, anchor loss: 0.0569, VFL train accuracy: 1.0000
2026-04-10 00:16:03,318 - Epoch: 33, 11/274: VFL loss: 0.0003, total loss: 0.0520, anchor loss: 0.0516, VFL train accuracy: 1.0000
2026-04-10 00:16:03,678 - Epoch: 33, 21/274: VFL loss: 0.0003, total loss: 0.0524, anchor loss: 0.0522, VFL train accuracy: 1.0000
2026-04-10 00:16:04,053 - Epoch: 33, 31/274: VFL loss: 0.0003, total loss: 0.0525, anchor loss: 0.0522, VFL train accuracy: 1.0000
2026-04-10 00:16:04,433 - Epoch: 33, 41/274: VFL loss: 0.0003, total loss: 0.0525, anchor loss: 0.0523, VFL train accuracy: 1.0000
2026-04-10 00:16:04,850 - Epoch: 33, 51/274: VFL loss: 0.0003, total loss: 0.0526, anchor loss: 0.0524, VFL train accuracy: 1.0000
2026-04-10 00:16:05,221 - Epoch: 33, 61/274: VFL loss: 0.0003, total loss: 0.0526, anchor loss: 0.0523, VFL train accuracy: 1.0000
2026-04-10 00:16:05,638 - Epoch: 33, 71/274: VFL loss: 0.0003, total loss: 0.0526, anchor loss: 0.0523, VFL train accuracy: 1.0000
2026-04-10 00:16:06,035 - Epoch: 33, 81/274: VFL loss: 0.0005, total loss: 0.0529, anchor loss: 0.0524, VFL train accuracy: 1.0000
2026-04-10 00:16:06,398 - Epoch: 33, 91/274: VFL loss: 0.0005, total loss: 0.0530, anchor loss: 0.0525, VFL train accuracy: 1.0000
2026-04-10 00:16:06,747 - Epoch: 33, 101/274: VFL loss: 0.0004, total loss: 0.0530, anchor loss: 0.0526, VFL train accuracy: 1.0000
2026-04-10 00:16:07,149 - Epoch: 33, 111/274: VFL loss: 0.0004, total loss: 0.0530, anchor loss: 0.0525, VFL train accuracy: 1.0000
2026-04-10 00:16:07,576 - Epoch: 33, 121/274: VFL loss: 0.0004, total loss: 0.0529, anchor loss: 0.0525, VFL train accuracy: 1.0000
2026-04-10 00:16:07,977 - Epoch: 33, 131/274: VFL loss: 0.0004, total loss: 0.0529, anchor loss: 0.0525, VFL train accuracy: 1.0000
2026-04-10 00:16:08,367 - Epoch: 33, 141/274: VFL loss: 0.0004, total loss: 0.0529, anchor loss: 0.0525, VFL train accuracy: 1.0000
2026-04-10 00:16:08,769 - Epoch: 33, 151/274: VFL loss: 0.0004, total loss: 0.0529, anchor loss: 0.0525, VFL train accuracy: 1.0000
2026-04-10 00:16:09,150 - Epoch: 33, 161/274: VFL loss: 0.0004, total loss: 0.0528, anchor loss: 0.0525, VFL train accuracy: 1.0000
2026-04-10 00:16:09,531 - Epoch: 33, 171/274: VFL loss: 0.0004, total loss: 0.0528, anchor loss: 0.0524, VFL train accuracy: 1.0000
2026-04-10 00:16:09,930 - Epoch: 33, 181/274: VFL loss: 0.0004, total loss: 0.0528, anchor loss: 0.0524, VFL train accuracy: 1.0000
2026-04-10 00:16:10,303 - Epoch: 33, 191/274: VFL loss: 0.0004, total loss: 0.0528, anchor loss: 0.0524, VFL train accuracy: 1.0000
2026-04-10 00:16:10,678 - Epoch: 33, 201/274: VFL loss: 0.0004, total loss: 0.0528, anchor loss: 0.0524, VFL train accuracy: 1.0000
2026-04-10 00:16:11,087 - Epoch: 33, 211/274: VFL loss: 0.0004, total loss: 0.0528, anchor loss: 0.0524, VFL train accuracy: 1.0000
2026-04-10 00:16:11,443 - Epoch: 33, 221/274: VFL loss: 0.0004, total loss: 0.0527, anchor loss: 0.0524, VFL train accuracy: 1.0000
2026-04-10 00:16:11,848 - Epoch: 33, 231/274: VFL loss: 0.0004, total loss: 0.0528, anchor loss: 0.0524, VFL train accuracy: 1.0000
2026-04-10 00:16:12,230 - Epoch: 33, 241/274: VFL loss: 0.0004, total loss: 0.0527, anchor loss: 0.0524, VFL train accuracy: 1.0000
2026-04-10 00:16:12,614 - Epoch: 33, 251/274: VFL loss: 0.0004, total loss: 0.0527, anchor loss: 0.0524, VFL train accuracy: 1.0000
2026-04-10 00:16:13,026 - Epoch: 33, 261/274: VFL loss: 0.0004, total loss: 0.0527, anchor loss: 0.0524, VFL train accuracy: 1.0000
2026-04-10 00:16:13,397 - Epoch: 33, 271/274: VFL loss: 0.0004, total loss: 0.0527, anchor loss: 0.0523, VFL train accuracy: 1.0000
2026-04-10 00:16:13,512 - => Recorded Stage 2 client anchor losses for epoch 33 to './results/AVGuard/Fourclient/NUSWIDE/ema_scan/lambda_1.0_ema_0.999\stage2_final_epoch_client_anchor_losses.json': {0: 0.020817, 1: 0.062722, 2: 0.055606, 3: 0.069989}
2026-04-10 00:16:13,524 - => Stage 2 EMA anchor update applied at epoch 33 with momentum 0.9990: updated classes per client {0: 5, 1: 5, 2: 5, 3: 5}
2026-04-10 00:16:13,525 - => Stage 2 Epoch 33 Training Summary: VFL loss: 0.0004, total loss: 0.0526, anchor loss: 0.0523, VFL train accuracy: 1.0000
2026-04-10 00:16:13,525 - => Test ASR...
2026-04-10 00:16:13,636 - =>Add Trigger to Test Data
2026-04-10 00:16:17,046 - Add Trigger to 37064 Bad Samples, 9629 Clean Samples (1.00)
2026-04-10 00:16:29,578 - => Test Epoch: 33, main task samples: 46693, attack samples: 46693, test loss: 1.2658, clean acc: 0.6156, Top-4: 0.9952, ASR: 0.3847, RAC: 0.4831, test target accuracy: 0.8819, stage3 final accuracy: 0.6156, stage3 final target accuracy: 0.6143, stage3 final asr: 0.3847, anchor loss: 0.0702
2026-04-10 00:16:29,580 - => Stage 3 Detection Summary: recall: 0.6156, precision: 0.0487, f1: 0.0902, false positive rate: 0.4116, correction rate: 0.3399
2026-04-10 00:16:29,580 - => Stage 3 Debug (clean): suspicious=19221/46693, correction_applied=19175, prediction_changed=19175, skipped_tied_vote=0, skipped_low_margin=0, skipped_other=46
2026-04-10 00:16:29,580 - => Stage 3 Debug (poison-valid): suspicious=20909/37064, correction_applied=20905, prediction_changed=20905, skipped_tied_vote=0, skipped_low_margin=0, skipped_other=4
2026-04-10 00:16:29,580 - => Stage 3 Debug (attack-success): suspicious=1954/3174, correction_applied=1953, prediction_changed=1953, corrected_to_true=1079
2026-04-10 00:16:29,659 - => End Epoch: 33, early stop epochs: 32, best epoch: 1, best clean acc: 0.5959, best Top-4: 0.9966, best ASR: 0.3630, best RAC: 0.5313, anchor loss: 0.0788
2026-04-10 00:16:29,659 - => Stage 3 Detection Summary: recall: 0.8055, precision: 0.1636, f1: 0.2720, false positive rate: 0.4208, correction rate: 0.5521
2026-04-10 00:16:29,701 - => LFBA current anchor-derived target label: 3
2026-04-10 00:16:29,776 - =>Add Trigger to Train Data
2026-04-10 00:16:30,158 - Add Trigger to 6996 Bad Samples, 62970 Clean Samples (0.10)
2026-04-10 00:16:30,161 - => Start Training for Injecting Backdoor...
2026-04-10 00:16:30,218 - Epoch: 34, 1/274: VFL loss: 0.0003, total loss: 0.0508, anchor loss: 0.0504, VFL train accuracy: 1.0000
2026-04-10 00:16:30,876 - Epoch: 34, 11/274: VFL loss: 0.0002, total loss: 0.0515, anchor loss: 0.0513, VFL train accuracy: 1.0000
2026-04-10 00:16:31,286 - Epoch: 34, 21/274: VFL loss: 0.0002, total loss: 0.0522, anchor loss: 0.0519, VFL train accuracy: 1.0000
2026-04-10 00:16:31,648 - Epoch: 34, 31/274: VFL loss: 0.0003, total loss: 0.0522, anchor loss: 0.0520, VFL train accuracy: 1.0000
2026-04-10 00:16:32,040 - Epoch: 34, 41/274: VFL loss: 0.0002, total loss: 0.0523, anchor loss: 0.0520, VFL train accuracy: 1.0000
2026-04-10 00:16:32,432 - Epoch: 34, 51/274: VFL loss: 0.0002, total loss: 0.0522, anchor loss: 0.0520, VFL train accuracy: 1.0000
2026-04-10 00:16:32,935 - Epoch: 34, 61/274: VFL loss: 0.0004, total loss: 0.0526, anchor loss: 0.0522, VFL train accuracy: 0.9999
2026-04-10 00:16:33,302 - Epoch: 34, 71/274: VFL loss: 0.0004, total loss: 0.0525, anchor loss: 0.0521, VFL train accuracy: 0.9999
2026-04-10 00:16:33,660 - Epoch: 34, 81/274: VFL loss: 0.0003, total loss: 0.0525, anchor loss: 0.0522, VFL train accuracy: 1.0000
2026-04-10 00:16:34,037 - Epoch: 34, 91/274: VFL loss: 0.0003, total loss: 0.0525, anchor loss: 0.0522, VFL train accuracy: 1.0000
2026-04-10 00:16:34,421 - Epoch: 34, 101/274: VFL loss: 0.0003, total loss: 0.0525, anchor loss: 0.0521, VFL train accuracy: 1.0000
2026-04-10 00:16:34,803 - Epoch: 34, 111/274: VFL loss: 0.0003, total loss: 0.0524, anchor loss: 0.0521, VFL train accuracy: 1.0000
2026-04-10 00:16:35,205 - Epoch: 34, 121/274: VFL loss: 0.0003, total loss: 0.0524, anchor loss: 0.0521, VFL train accuracy: 1.0000
2026-04-10 00:16:35,578 - Epoch: 34, 131/274: VFL loss: 0.0003, total loss: 0.0524, anchor loss: 0.0521, VFL train accuracy: 1.0000
2026-04-10 00:16:35,961 - Epoch: 34, 141/274: VFL loss: 0.0003, total loss: 0.0524, anchor loss: 0.0521, VFL train accuracy: 1.0000
2026-04-10 00:16:36,342 - Epoch: 34, 151/274: VFL loss: 0.0003, total loss: 0.0524, anchor loss: 0.0521, VFL train accuracy: 1.0000
2026-04-10 00:16:36,722 - Epoch: 34, 161/274: VFL loss: 0.0003, total loss: 0.0524, anchor loss: 0.0521, VFL train accuracy: 1.0000
2026-04-10 00:16:37,106 - Epoch: 34, 171/274: VFL loss: 0.0003, total loss: 0.0524, anchor loss: 0.0521, VFL train accuracy: 1.0000
2026-04-10 00:16:37,476 - Epoch: 34, 181/274: VFL loss: 0.0003, total loss: 0.0524, anchor loss: 0.0521, VFL train accuracy: 1.0000
2026-04-10 00:16:37,853 - Epoch: 34, 191/274: VFL loss: 0.0003, total loss: 0.0523, anchor loss: 0.0520, VFL train accuracy: 1.0000
2026-04-10 00:16:38,232 - Epoch: 34, 201/274: VFL loss: 0.0003, total loss: 0.0523, anchor loss: 0.0520, VFL train accuracy: 1.0000
2026-04-10 00:16:38,606 - Epoch: 34, 211/274: VFL loss: 0.0003, total loss: 0.0523, anchor loss: 0.0520, VFL train accuracy: 1.0000
2026-04-10 00:16:38,992 - Epoch: 34, 221/274: VFL loss: 0.0003, total loss: 0.0523, anchor loss: 0.0520, VFL train accuracy: 1.0000
2026-04-10 00:16:39,357 - Epoch: 34, 231/274: VFL loss: 0.0003, total loss: 0.0523, anchor loss: 0.0520, VFL train accuracy: 1.0000
2026-04-10 00:16:39,743 - Epoch: 34, 241/274: VFL loss: 0.0003, total loss: 0.0523, anchor loss: 0.0520, VFL train accuracy: 1.0000
2026-04-10 00:16:40,135 - Epoch: 34, 251/274: VFL loss: 0.0003, total loss: 0.0524, anchor loss: 0.0520, VFL train accuracy: 1.0000
2026-04-10 00:16:40,508 - Epoch: 34, 261/274: VFL loss: 0.0003, total loss: 0.0523, anchor loss: 0.0520, VFL train accuracy: 1.0000
2026-04-10 00:16:40,862 - Epoch: 34, 271/274: VFL loss: 0.0004, total loss: 0.0524, anchor loss: 0.0520, VFL train accuracy: 1.0000
2026-04-10 00:16:41,001 - => Recorded Stage 2 client anchor losses for epoch 34 to './results/AVGuard/Fourclient/NUSWIDE/ema_scan/lambda_1.0_ema_0.999\stage2_final_epoch_client_anchor_losses.json': {0: 0.020418, 1: 0.062326, 2: 0.055432, 3: 0.069779}
2026-04-10 00:16:41,011 - => Stage 2 EMA anchor update applied at epoch 34 with momentum 0.9990: updated classes per client {0: 5, 1: 5, 2: 5, 3: 5}
2026-04-10 00:16:41,011 - => Stage 2 Epoch 34 Training Summary: VFL loss: 0.0004, total loss: 0.0524, anchor loss: 0.0520, VFL train accuracy: 1.0000
2026-04-10 00:16:41,011 - => Test ASR...
2026-04-10 00:16:41,123 - =>Add Trigger to Test Data
2026-04-10 00:16:44,551 - Add Trigger to 37064 Bad Samples, 9629 Clean Samples (1.00)
2026-04-10 00:16:56,884 - => Test Epoch: 34, main task samples: 46693, attack samples: 46693, test loss: 1.2909, clean acc: 0.6161, Top-4: 0.9951, ASR: 0.3785, RAC: 0.4825, test target accuracy: 0.8858, stage3 final accuracy: 0.6161, stage3 final target accuracy: 0.6107, stage3 final asr: 0.3785, anchor loss: 0.0701
2026-04-10 00:16:56,884 - => Stage 3 Detection Summary: recall: 0.6151, precision: 0.0494, f1: 0.0915, false positive rate: 0.4119, correction rate: 0.3359
2026-04-10 00:16:56,884 - => Stage 3 Debug (clean): suspicious=19232/46693, correction_applied=19194, prediction_changed=19194, skipped_tied_vote=0, skipped_low_margin=0, skipped_other=38
2026-04-10 00:16:56,885 - => Stage 3 Debug (poison-valid): suspicious=20907/37064, correction_applied=20903, prediction_changed=20903, skipped_tied_vote=0, skipped_low_margin=0, skipped_other=4
2026-04-10 00:16:56,885 - => Stage 3 Debug (attack-success): suspicious=1983/3224, correction_applied=1982, prediction_changed=1982, corrected_to_true=1083
2026-04-10 00:16:56,962 - => End Epoch: 34, early stop epochs: 33, best epoch: 1, best clean acc: 0.5959, best Top-4: 0.9966, best ASR: 0.3630, best RAC: 0.5313, anchor loss: 0.0788
2026-04-10 00:16:56,963 - => Stage 3 Detection Summary: recall: 0.8055, precision: 0.1636, f1: 0.2720, false positive rate: 0.4208, correction rate: 0.5521
2026-04-10 00:16:57,008 - => LFBA current anchor-derived target label: 3
2026-04-10 00:16:57,082 - =>Add Trigger to Train Data
2026-04-10 00:16:57,438 - Add Trigger to 6996 Bad Samples, 62970 Clean Samples (0.10)
2026-04-10 00:16:57,441 - => Start Training for Injecting Backdoor...
2026-04-10 00:16:57,500 - Epoch: 35, 1/274: VFL loss: 0.0001, total loss: 0.0512, anchor loss: 0.0510, VFL train accuracy: 1.0000
2026-04-10 00:16:58,228 - Epoch: 35, 11/274: VFL loss: 0.0003, total loss: 0.0506, anchor loss: 0.0503, VFL train accuracy: 1.0000
2026-04-10 00:16:58,605 - Epoch: 35, 21/274: VFL loss: 0.0003, total loss: 0.0508, anchor loss: 0.0505, VFL train accuracy: 1.0000
2026-04-10 00:16:58,982 - Epoch: 35, 31/274: VFL loss: 0.0003, total loss: 0.0512, anchor loss: 0.0509, VFL train accuracy: 1.0000
2026-04-10 00:16:59,361 - Epoch: 35, 41/274: VFL loss: 0.0003, total loss: 0.0513, anchor loss: 0.0511, VFL train accuracy: 1.0000
2026-04-10 00:16:59,797 - Epoch: 35, 51/274: VFL loss: 0.0003, total loss: 0.0514, anchor loss: 0.0512, VFL train accuracy: 1.0000
2026-04-10 00:17:00,199 - Epoch: 35, 61/274: VFL loss: 0.0003, total loss: 0.0515, anchor loss: 0.0513, VFL train accuracy: 1.0000
2026-04-10 00:17:00,590 - Epoch: 35, 71/274: VFL loss: 0.0003, total loss: 0.0517, anchor loss: 0.0515, VFL train accuracy: 1.0000
2026-04-10 00:17:01,001 - Epoch: 35, 81/274: VFL loss: 0.0003, total loss: 0.0517, anchor loss: 0.0515, VFL train accuracy: 1.0000
2026-04-10 00:17:01,379 - Epoch: 35, 91/274: VFL loss: 0.0003, total loss: 0.0517, anchor loss: 0.0515, VFL train accuracy: 1.0000
2026-04-10 00:17:01,754 - Epoch: 35, 101/274: VFL loss: 0.0003, total loss: 0.0517, anchor loss: 0.0515, VFL train accuracy: 1.0000
2026-04-10 00:17:02,128 - Epoch: 35, 111/274: VFL loss: 0.0003, total loss: 0.0518, anchor loss: 0.0515, VFL train accuracy: 1.0000
2026-04-10 00:17:02,506 - Epoch: 35, 121/274: VFL loss: 0.0003, total loss: 0.0518, anchor loss: 0.0516, VFL train accuracy: 1.0000
2026-04-10 00:17:02,853 - Epoch: 35, 131/274: VFL loss: 0.0003, total loss: 0.0518, anchor loss: 0.0516, VFL train accuracy: 1.0000
2026-04-10 00:17:03,239 - Epoch: 35, 141/274: VFL loss: 0.0004, total loss: 0.0519, anchor loss: 0.0515, VFL train accuracy: 1.0000
2026-04-10 00:17:03,590 - Epoch: 35, 151/274: VFL loss: 0.0004, total loss: 0.0518, anchor loss: 0.0515, VFL train accuracy: 1.0000
2026-04-10 00:17:03,980 - Epoch: 35, 161/274: VFL loss: 0.0004, total loss: 0.0518, anchor loss: 0.0515, VFL train accuracy: 1.0000
2026-04-10 00:17:04,335 - Epoch: 35, 171/274: VFL loss: 0.0004, total loss: 0.0519, anchor loss: 0.0516, VFL train accuracy: 1.0000
2026-04-10 00:17:04,704 - Epoch: 35, 181/274: VFL loss: 0.0004, total loss: 0.0520, anchor loss: 0.0517, VFL train accuracy: 1.0000
2026-04-10 00:17:05,144 - Epoch: 35, 191/274: VFL loss: 0.0003, total loss: 0.0520, anchor loss: 0.0516, VFL train accuracy: 1.0000
2026-04-10 00:17:05,533 - Epoch: 35, 201/274: VFL loss: 0.0003, total loss: 0.0520, anchor loss: 0.0516, VFL train accuracy: 1.0000
2026-04-10 00:17:05,902 - Epoch: 35, 211/274: VFL loss: 0.0003, total loss: 0.0520, anchor loss: 0.0516, VFL train accuracy: 1.0000
2026-04-10 00:17:06,287 - Epoch: 35, 221/274: VFL loss: 0.0003, total loss: 0.0519, anchor loss: 0.0516, VFL train accuracy: 1.0000
2026-04-10 00:17:06,665 - Epoch: 35, 231/274: VFL loss: 0.0003, total loss: 0.0520, anchor loss: 0.0516, VFL train accuracy: 1.0000
2026-04-10 00:17:07,040 - Epoch: 35, 241/274: VFL loss: 0.0003, total loss: 0.0520, anchor loss: 0.0517, VFL train accuracy: 1.0000
2026-04-10 00:17:07,389 - Epoch: 35, 251/274: VFL loss: 0.0003, total loss: 0.0520, anchor loss: 0.0517, VFL train accuracy: 1.0000
2026-04-10 00:17:07,767 - Epoch: 35, 261/274: VFL loss: 0.0003, total loss: 0.0520, anchor loss: 0.0517, VFL train accuracy: 1.0000
2026-04-10 00:17:08,124 - Epoch: 35, 271/274: VFL loss: 0.0003, total loss: 0.0520, anchor loss: 0.0517, VFL train accuracy: 1.0000
2026-04-10 00:17:08,248 - => Recorded Stage 2 client anchor losses for epoch 35 to './results/AVGuard/Fourclient/NUSWIDE/ema_scan/lambda_1.0_ema_0.999\stage2_final_epoch_client_anchor_losses.json': {0: 0.020023, 1: 0.061968, 2: 0.055264, 3: 0.069458}
2026-04-10 00:17:08,261 - => Stage 2 EMA anchor update applied at epoch 35 with momentum 0.9990: updated classes per client {0: 5, 1: 5, 2: 5, 3: 5}
2026-04-10 00:17:08,261 - => Stage 2 Epoch 35 Training Summary: VFL loss: 0.0003, total loss: 0.0520, anchor loss: 0.0517, VFL train accuracy: 1.0000
2026-04-10 00:17:08,261 - => Test ASR...
2026-04-10 00:17:08,362 - =>Add Trigger to Test Data
2026-04-10 00:17:11,661 - Add Trigger to 37064 Bad Samples, 9629 Clean Samples (1.00)
2026-04-10 00:17:24,244 - => Test Epoch: 35, main task samples: 46693, attack samples: 46693, test loss: 1.3083, clean acc: 0.6162, Top-4: 0.9950, ASR: 0.3826, RAC: 0.4821, test target accuracy: 0.8799, stage3 final accuracy: 0.6162, stage3 final target accuracy: 0.6126, stage3 final asr: 0.3826, anchor loss: 0.0699
2026-04-10 00:17:24,244 - => Stage 3 Detection Summary: recall: 0.6000, precision: 0.0453, f1: 0.0842, false positive rate: 0.4116, correction rate: 0.3289
2026-04-10 00:17:24,244 - => Stage 3 Debug (clean): suspicious=19221/46693, correction_applied=19190, prediction_changed=19190, skipped_tied_vote=0, skipped_low_margin=0, skipped_other=31
2026-04-10 00:17:24,244 - => Stage 3 Debug (poison-valid): suspicious=20884/37064, correction_applied=20882, prediction_changed=20882, skipped_tied_vote=0, skipped_low_margin=0, skipped_other=2
2026-04-10 00:17:24,245 - => Stage 3 Debug (attack-success): suspicious=1815/3025, correction_applied=1815, prediction_changed=1815, corrected_to_true=995
2026-04-10 00:17:24,328 - => End Epoch: 35, early stop epochs: 34, best epoch: 1, best clean acc: 0.5959, best Top-4: 0.9966, best ASR: 0.3630, best RAC: 0.5313, anchor loss: 0.0788
2026-04-10 00:17:24,328 - => Stage 3 Detection Summary: recall: 0.8055, precision: 0.1636, f1: 0.2720, false positive rate: 0.4208, correction rate: 0.5521
2026-04-10 00:17:24,374 - => LFBA current anchor-derived target label: 3
2026-04-10 00:17:24,449 - =>Add Trigger to Train Data
2026-04-10 00:17:24,750 - Add Trigger to 6996 Bad Samples, 62970 Clean Samples (0.10)
2026-04-10 00:17:24,752 - => Start Training for Injecting Backdoor...
2026-04-10 00:17:24,800 - Epoch: 36, 1/274: VFL loss: 0.0002, total loss: 0.0495, anchor loss: 0.0494, VFL train accuracy: 1.0000
2026-04-10 00:17:25,380 - Epoch: 36, 11/274: VFL loss: 0.0002, total loss: 0.0519, anchor loss: 0.0517, VFL train accuracy: 1.0000
2026-04-10 00:17:25,732 - Epoch: 36, 21/274: VFL loss: 0.0002, total loss: 0.0518, anchor loss: 0.0516, VFL train accuracy: 1.0000
2026-04-10 00:17:26,120 - Epoch: 36, 31/274: VFL loss: 0.0002, total loss: 0.0519, anchor loss: 0.0517, VFL train accuracy: 1.0000
2026-04-10 00:17:26,492 - Epoch: 36, 41/274: VFL loss: 0.0002, total loss: 0.0517, anchor loss: 0.0515, VFL train accuracy: 1.0000
2026-04-10 00:17:26,868 - Epoch: 36, 51/274: VFL loss: 0.0002, total loss: 0.0519, anchor loss: 0.0516, VFL train accuracy: 1.0000
2026-04-10 00:17:27,246 - Epoch: 36, 61/274: VFL loss: 0.0002, total loss: 0.0517, anchor loss: 0.0515, VFL train accuracy: 1.0000
2026-04-10 00:17:27,641 - Epoch: 36, 71/274: VFL loss: 0.0002, total loss: 0.0518, anchor loss: 0.0516, VFL train accuracy: 1.0000
2026-04-10 00:17:28,032 - Epoch: 36, 81/274: VFL loss: 0.0002, total loss: 0.0517, anchor loss: 0.0514, VFL train accuracy: 1.0000
2026-04-10 00:17:28,410 - Epoch: 36, 91/274: VFL loss: 0.0002, total loss: 0.0516, anchor loss: 0.0514, VFL train accuracy: 1.0000
2026-04-10 00:17:28,774 - Epoch: 36, 101/274: VFL loss: 0.0002, total loss: 0.0515, anchor loss: 0.0513, VFL train accuracy: 1.0000
2026-04-10 00:17:29,129 - Epoch: 36, 111/274: VFL loss: 0.0002, total loss: 0.0514, anchor loss: 0.0512, VFL train accuracy: 1.0000
2026-04-10 00:17:29,494 - Epoch: 36, 121/274: VFL loss: 0.0002, total loss: 0.0514, anchor loss: 0.0512, VFL train accuracy: 1.0000
2026-04-10 00:17:29,852 - Epoch: 36, 131/274: VFL loss: 0.0002, total loss: 0.0515, anchor loss: 0.0512, VFL train accuracy: 1.0000
2026-04-10 00:17:30,237 - Epoch: 36, 141/274: VFL loss: 0.0002, total loss: 0.0515, anchor loss: 0.0513, VFL train accuracy: 1.0000
2026-04-10 00:17:30,599 - Epoch: 36, 151/274: VFL loss: 0.0002, total loss: 0.0515, anchor loss: 0.0513, VFL train accuracy: 1.0000
2026-04-10 00:17:30,967 - Epoch: 36, 161/274: VFL loss: 0.0002, total loss: 0.0514, anchor loss: 0.0512, VFL train accuracy: 1.0000
2026-04-10 00:17:31,334 - Epoch: 36, 171/274: VFL loss: 0.0002, total loss: 0.0515, anchor loss: 0.0513, VFL train accuracy: 1.0000
2026-04-10 00:17:31,693 - Epoch: 36, 181/274: VFL loss: 0.0002, total loss: 0.0515, anchor loss: 0.0513, VFL train accuracy: 1.0000
2026-04-10 00:17:32,056 - Epoch: 36, 191/274: VFL loss: 0.0002, total loss: 0.0515, anchor loss: 0.0513, VFL train accuracy: 1.0000
2026-04-10 00:17:32,424 - Epoch: 36, 201/274: VFL loss: 0.0002, total loss: 0.0516, anchor loss: 0.0514, VFL train accuracy: 1.0000
2026-04-10 00:17:32,801 - Epoch: 36, 211/274: VFL loss: 0.0002, total loss: 0.0516, anchor loss: 0.0514, VFL train accuracy: 1.0000
2026-04-10 00:17:33,169 - Epoch: 36, 221/274: VFL loss: 0.0003, total loss: 0.0516, anchor loss: 0.0514, VFL train accuracy: 1.0000
2026-04-10 00:17:33,540 - Epoch: 36, 231/274: VFL loss: 0.0003, total loss: 0.0516, anchor loss: 0.0514, VFL train accuracy: 1.0000
2026-04-10 00:17:33,911 - Epoch: 36, 241/274: VFL loss: 0.0003, total loss: 0.0516, anchor loss: 0.0514, VFL train accuracy: 1.0000
2026-04-10 00:17:34,273 - Epoch: 36, 251/274: VFL loss: 0.0003, total loss: 0.0516, anchor loss: 0.0514, VFL train accuracy: 1.0000
2026-04-10 00:17:34,641 - Epoch: 36, 261/274: VFL loss: 0.0003, total loss: 0.0516, anchor loss: 0.0513, VFL train accuracy: 1.0000
2026-04-10 00:17:35,024 - Epoch: 36, 271/274: VFL loss: 0.0003, total loss: 0.0516, anchor loss: 0.0513, VFL train accuracy: 1.0000
2026-04-10 00:17:35,151 - => Recorded Stage 2 client anchor losses for epoch 36 to './results/AVGuard/Fourclient/NUSWIDE/ema_scan/lambda_1.0_ema_0.999\stage2_final_epoch_client_anchor_losses.json': {0: 0.019626, 1: 0.061515, 2: 0.055094, 3: 0.069082}
2026-04-10 00:17:35,160 - => Stage 2 EMA anchor update applied at epoch 36 with momentum 0.9990: updated classes per client {0: 5, 1: 5, 2: 5, 3: 5}
2026-04-10 00:17:35,160 - => Stage 2 Epoch 36 Training Summary: VFL loss: 0.0003, total loss: 0.0516, anchor loss: 0.0513, VFL train accuracy: 1.0000
2026-04-10 00:17:35,160 - => Test ASR...
2026-04-10 00:17:35,263 - =>Add Trigger to Test Data
2026-04-10 00:17:38,533 - Add Trigger to 37064 Bad Samples, 9629 Clean Samples (1.00)
2026-04-10 00:17:50,920 - => Test Epoch: 36, main task samples: 46693, attack samples: 46693, test loss: 1.3346, clean acc: 0.6177, Top-4: 0.9949, ASR: 0.3731, RAC: 0.4835, test target accuracy: 0.8798, stage3 final accuracy: 0.6177, stage3 final target accuracy: 0.6115, stage3 final asr: 0.3731, anchor loss: 0.0697
2026-04-10 00:17:50,920 - => Stage 3 Detection Summary: recall: 0.5901, precision: 0.0429, f1: 0.0800, false positive rate: 0.4095, correction rate: 0.3182
2026-04-10 00:17:50,920 - => Stage 3 Debug (clean): suspicious=19121/46693, correction_applied=19090, prediction_changed=19090, skipped_tied_vote=0, skipped_low_margin=0, skipped_other=31
2026-04-10 00:17:50,920 - => Stage 3 Debug (poison-valid): suspicious=20781/37064, correction_applied=20776, prediction_changed=20776, skipped_tied_vote=0, skipped_low_margin=0, skipped_other=5
2026-04-10 00:17:50,921 - => Stage 3 Debug (attack-success): suspicious=1712/2901, correction_applied=1710, prediction_changed=1710, corrected_to_true=923
2026-04-10 00:17:50,998 - => End Epoch: 36, early stop epochs: 35, best epoch: 1, best clean acc: 0.5959, best Top-4: 0.9966, best ASR: 0.3630, best RAC: 0.5313, anchor loss: 0.0788
2026-04-10 00:17:50,998 - => Stage 3 Detection Summary: recall: 0.8055, precision: 0.1636, f1: 0.2720, false positive rate: 0.4208, correction rate: 0.5521
2026-04-10 00:17:51,041 - => LFBA current anchor-derived target label: 3
2026-04-10 00:17:51,116 - =>Add Trigger to Train Data
2026-04-10 00:17:51,422 - Add Trigger to 6996 Bad Samples, 62970 Clean Samples (0.10)
2026-04-10 00:17:51,425 - => Start Training for Injecting Backdoor...
2026-04-10 00:17:51,473 - Epoch: 37, 1/274: VFL loss: 0.0001, total loss: 0.0508, anchor loss: 0.0507, VFL train accuracy: 1.0000
2026-04-10 00:17:52,095 - Epoch: 37, 11/274: VFL loss: 0.0002, total loss: 0.0507, anchor loss: 0.0506, VFL train accuracy: 1.0000
2026-04-10 00:17:52,444 - Epoch: 37, 21/274: VFL loss: 0.0002, total loss: 0.0506, anchor loss: 0.0505, VFL train accuracy: 1.0000
2026-04-10 00:17:52,793 - Epoch: 37, 31/274: VFL loss: 0.0002, total loss: 0.0507, anchor loss: 0.0505, VFL train accuracy: 1.0000
2026-04-10 00:17:53,164 - Epoch: 37, 41/274: VFL loss: 0.0002, total loss: 0.0506, anchor loss: 0.0504, VFL train accuracy: 1.0000
2026-04-10 00:17:53,658 - Epoch: 37, 51/274: VFL loss: 0.0002, total loss: 0.0511, anchor loss: 0.0509, VFL train accuracy: 1.0000
2026-04-10 00:17:54,046 - Epoch: 37, 61/274: VFL loss: 0.0002, total loss: 0.0510, anchor loss: 0.0508, VFL train accuracy: 1.0000
2026-04-10 00:17:54,398 - Epoch: 37, 71/274: VFL loss: 0.0002, total loss: 0.0511, anchor loss: 0.0510, VFL train accuracy: 1.0000
2026-04-10 00:17:54,767 - Epoch: 37, 81/274: VFL loss: 0.0002, total loss: 0.0511, anchor loss: 0.0509, VFL train accuracy: 1.0000
2026-04-10 00:17:55,164 - Epoch: 37, 91/274: VFL loss: 0.0002, total loss: 0.0512, anchor loss: 0.0509, VFL train accuracy: 1.0000
2026-04-10 00:17:55,513 - Epoch: 37, 101/274: VFL loss: 0.0002, total loss: 0.0512, anchor loss: 0.0510, VFL train accuracy: 1.0000
2026-04-10 00:17:55,872 - Epoch: 37, 111/274: VFL loss: 0.0002, total loss: 0.0511, anchor loss: 0.0509, VFL train accuracy: 1.0000
2026-04-10 00:17:56,234 - Epoch: 37, 121/274: VFL loss: 0.0002, total loss: 0.0511, anchor loss: 0.0509, VFL train accuracy: 1.0000
2026-04-10 00:17:56,612 - Epoch: 37, 131/274: VFL loss: 0.0002, total loss: 0.0511, anchor loss: 0.0509, VFL train accuracy: 1.0000
2026-04-10 00:17:56,983 - Epoch: 37, 141/274: VFL loss: 0.0002, total loss: 0.0512, anchor loss: 0.0510, VFL train accuracy: 1.0000
2026-04-10 00:17:57,338 - Epoch: 37, 151/274: VFL loss: 0.0002, total loss: 0.0512, anchor loss: 0.0509, VFL train accuracy: 1.0000
2026-04-10 00:17:57,692 - Epoch: 37, 161/274: VFL loss: 0.0002, total loss: 0.0512, anchor loss: 0.0510, VFL train accuracy: 1.0000
2026-04-10 00:17:58,068 - Epoch: 37, 171/274: VFL loss: 0.0002, total loss: 0.0512, anchor loss: 0.0510, VFL train accuracy: 1.0000
2026-04-10 00:17:58,463 - Epoch: 37, 181/274: VFL loss: 0.0002, total loss: 0.0512, anchor loss: 0.0510, VFL train accuracy: 1.0000
2026-04-10 00:17:58,894 - Epoch: 37, 191/274: VFL loss: 0.0002, total loss: 0.0512, anchor loss: 0.0510, VFL train accuracy: 1.0000
2026-04-10 00:17:59,268 - Epoch: 37, 201/274: VFL loss: 0.0002, total loss: 0.0513, anchor loss: 0.0510, VFL train accuracy: 1.0000
2026-04-10 00:17:59,637 - Epoch: 37, 211/274: VFL loss: 0.0002, total loss: 0.0513, anchor loss: 0.0511, VFL train accuracy: 1.0000
2026-04-10 00:18:00,037 - Epoch: 37, 221/274: VFL loss: 0.0002, total loss: 0.0513, anchor loss: 0.0510, VFL train accuracy: 1.0000
2026-04-10 00:18:00,420 - Epoch: 37, 231/274: VFL loss: 0.0002, total loss: 0.0512, anchor loss: 0.0510, VFL train accuracy: 1.0000
2026-04-10 00:18:00,795 - Epoch: 37, 241/274: VFL loss: 0.0002, total loss: 0.0513, anchor loss: 0.0510, VFL train accuracy: 1.0000
2026-04-10 00:18:01,175 - Epoch: 37, 251/274: VFL loss: 0.0002, total loss: 0.0513, anchor loss: 0.0511, VFL train accuracy: 1.0000
2026-04-10 00:18:01,557 - Epoch: 37, 261/274: VFL loss: 0.0002, total loss: 0.0513, anchor loss: 0.0510, VFL train accuracy: 1.0000
2026-04-10 00:18:01,937 - Epoch: 37, 271/274: VFL loss: 0.0002, total loss: 0.0513, anchor loss: 0.0510, VFL train accuracy: 1.0000
2026-04-10 00:18:02,066 - => Recorded Stage 2 client anchor losses for epoch 37 to './results/AVGuard/Fourclient/NUSWIDE/ema_scan/lambda_1.0_ema_0.999\stage2_final_epoch_client_anchor_losses.json': {0: 0.019259, 1: 0.061083, 2: 0.054918, 3: 0.068802}
2026-04-10 00:18:02,074 - => Stage 2 EMA anchor update applied at epoch 37 with momentum 0.9990: updated classes per client {0: 5, 1: 5, 2: 5, 3: 5}
2026-04-10 00:18:02,074 - => Stage 2 Epoch 37 Training Summary: VFL loss: 0.0002, total loss: 0.0513, anchor loss: 0.0510, VFL train accuracy: 1.0000
2026-04-10 00:18:02,074 - => Test ASR...
2026-04-10 00:18:02,176 - =>Add Trigger to Test Data
2026-04-10 00:18:05,333 - Add Trigger to 37064 Bad Samples, 9629 Clean Samples (1.00)
2026-04-10 00:18:17,739 - => Test Epoch: 37, main task samples: 46693, attack samples: 46693, test loss: 1.3602, clean acc: 0.6180, Top-4: 0.9948, ASR: 0.3900, RAC: 0.4847, test target accuracy: 0.8814, stage3 final accuracy: 0.6180, stage3 final target accuracy: 0.6224, stage3 final asr: 0.3900, anchor loss: 0.0696
2026-04-10 00:18:17,739 - => Stage 3 Detection Summary: recall: 0.6073, precision: 0.0480, f1: 0.0889, false positive rate: 0.4091, correction rate: 0.3325
2026-04-10 00:18:17,740 - => Stage 3 Debug (clean): suspicious=19102/46693, correction_applied=19068, prediction_changed=19068, skipped_tied_vote=0, skipped_low_margin=0, skipped_other=34
2026-04-10 00:18:17,740 - => Stage 3 Debug (poison-valid): suspicious=20834/37064, correction_applied=20831, prediction_changed=20831, skipped_tied_vote=0, skipped_low_margin=0, skipped_other=3
2026-04-10 00:18:17,740 - => Stage 3 Debug (attack-success): suspicious=1916/3155, correction_applied=1913, prediction_changed=1913, corrected_to_true=1049
2026-04-10 00:18:17,817 - => End Epoch: 37, early stop epochs: 36, best epoch: 1, best clean acc: 0.5959, best Top-4: 0.9966, best ASR: 0.3630, best RAC: 0.5313, anchor loss: 0.0788
2026-04-10 00:18:17,817 - => Stage 3 Detection Summary: recall: 0.8055, precision: 0.1636, f1: 0.2720, false positive rate: 0.4208, correction rate: 0.5521
2026-04-10 00:18:17,857 - => LFBA current anchor-derived target label: 3
2026-04-10 00:18:17,934 - =>Add Trigger to Train Data
2026-04-10 00:18:18,236 - Add Trigger to 6996 Bad Samples, 62970 Clean Samples (0.10)
2026-04-10 00:18:18,238 - => Start Training for Injecting Backdoor...
2026-04-10 00:18:18,286 - Epoch: 38, 1/274: VFL loss: 0.0001, total loss: 0.0570, anchor loss: 0.0568, VFL train accuracy: 1.0000
2026-04-10 00:18:18,871 - Epoch: 38, 11/274: VFL loss: 0.0002, total loss: 0.0528, anchor loss: 0.0526, VFL train accuracy: 1.0000
2026-04-10 00:18:19,244 - Epoch: 38, 21/274: VFL loss: 0.0002, total loss: 0.0519, anchor loss: 0.0516, VFL train accuracy: 1.0000
2026-04-10 00:18:19,602 - Epoch: 38, 31/274: VFL loss: 0.0002, total loss: 0.0512, anchor loss: 0.0509, VFL train accuracy: 1.0000
2026-04-10 00:18:19,970 - Epoch: 38, 41/274: VFL loss: 0.0002, total loss: 0.0514, anchor loss: 0.0512, VFL train accuracy: 1.0000
2026-04-10 00:18:20,328 - Epoch: 38, 51/274: VFL loss: 0.0002, total loss: 0.0514, anchor loss: 0.0512, VFL train accuracy: 1.0000
2026-04-10 00:18:20,711 - Epoch: 38, 61/274: VFL loss: 0.0002, total loss: 0.0513, anchor loss: 0.0510, VFL train accuracy: 1.0000
2026-04-10 00:18:21,097 - Epoch: 38, 71/274: VFL loss: 0.0002, total loss: 0.0512, anchor loss: 0.0510, VFL train accuracy: 1.0000
2026-04-10 00:18:21,452 - Epoch: 38, 81/274: VFL loss: 0.0002, total loss: 0.0509, anchor loss: 0.0507, VFL train accuracy: 1.0000
2026-04-10 00:18:21,814 - Epoch: 38, 91/274: VFL loss: 0.0002, total loss: 0.0510, anchor loss: 0.0508, VFL train accuracy: 1.0000
2026-04-10 00:18:22,205 - Epoch: 38, 101/274: VFL loss: 0.0002, total loss: 0.0512, anchor loss: 0.0510, VFL train accuracy: 1.0000
2026-04-10 00:18:22,563 - Epoch: 38, 111/274: VFL loss: 0.0002, total loss: 0.0511, anchor loss: 0.0509, VFL train accuracy: 1.0000
2026-04-10 00:18:22,952 - Epoch: 38, 121/274: VFL loss: 0.0002, total loss: 0.0511, anchor loss: 0.0509, VFL train accuracy: 1.0000
2026-04-10 00:18:23,307 - Epoch: 38, 131/274: VFL loss: 0.0002, total loss: 0.0511, anchor loss: 0.0509, VFL train accuracy: 1.0000
2026-04-10 00:18:23,672 - Epoch: 38, 141/274: VFL loss: 0.0002, total loss: 0.0511, anchor loss: 0.0509, VFL train accuracy: 1.0000
2026-04-10 00:18:24,057 - Epoch: 38, 151/274: VFL loss: 0.0002, total loss: 0.0512, anchor loss: 0.0509, VFL train accuracy: 1.0000
2026-04-10 00:18:24,433 - Epoch: 38, 161/274: VFL loss: 0.0002, total loss: 0.0511, anchor loss: 0.0509, VFL train accuracy: 1.0000
2026-04-10 00:18:24,821 - Epoch: 38, 171/274: VFL loss: 0.0002, total loss: 0.0511, anchor loss: 0.0508, VFL train accuracy: 1.0000
2026-04-10 00:18:25,208 - Epoch: 38, 181/274: VFL loss: 0.0002, total loss: 0.0510, anchor loss: 0.0508, VFL train accuracy: 1.0000
2026-04-10 00:18:25,566 - Epoch: 38, 191/274: VFL loss: 0.0002, total loss: 0.0511, anchor loss: 0.0509, VFL train accuracy: 1.0000
2026-04-10 00:18:25,936 - Epoch: 38, 201/274: VFL loss: 0.0002, total loss: 0.0510, anchor loss: 0.0508, VFL train accuracy: 1.0000
2026-04-10 00:18:26,327 - Epoch: 38, 211/274: VFL loss: 0.0002, total loss: 0.0510, anchor loss: 0.0508, VFL train accuracy: 1.0000
2026-04-10 00:18:26,683 - Epoch: 38, 221/274: VFL loss: 0.0002, total loss: 0.0510, anchor loss: 0.0508, VFL train accuracy: 1.0000
2026-04-10 00:18:27,054 - Epoch: 38, 231/274: VFL loss: 0.0002, total loss: 0.0510, anchor loss: 0.0508, VFL train accuracy: 1.0000
2026-04-10 00:18:27,434 - Epoch: 38, 241/274: VFL loss: 0.0002, total loss: 0.0510, anchor loss: 0.0508, VFL train accuracy: 1.0000
2026-04-10 00:18:27,787 - Epoch: 38, 251/274: VFL loss: 0.0002, total loss: 0.0510, anchor loss: 0.0508, VFL train accuracy: 1.0000
2026-04-10 00:18:28,153 - Epoch: 38, 261/274: VFL loss: 0.0002, total loss: 0.0510, anchor loss: 0.0507, VFL train accuracy: 1.0000
2026-04-10 00:18:28,527 - Epoch: 38, 271/274: VFL loss: 0.0002, total loss: 0.0510, anchor loss: 0.0507, VFL train accuracy: 1.0000
2026-04-10 00:18:28,643 - => Recorded Stage 2 client anchor losses for epoch 38 to './results/AVGuard/Fourclient/NUSWIDE/ema_scan/lambda_1.0_ema_0.999\stage2_final_epoch_client_anchor_losses.json': {0: 0.018891, 1: 0.060668, 2: 0.054749, 3: 0.068523}
2026-04-10 00:18:28,652 - => Stage 2 EMA anchor update applied at epoch 38 with momentum 0.9990: updated classes per client {0: 5, 1: 5, 2: 5, 3: 5}
2026-04-10 00:18:28,652 - => Stage 2 Epoch 38 Training Summary: VFL loss: 0.0002, total loss: 0.0509, anchor loss: 0.0507, VFL train accuracy: 1.0000
2026-04-10 00:18:28,654 - => Test ASR...
2026-04-10 00:18:28,757 - =>Add Trigger to Test Data
2026-04-10 00:18:32,065 - Add Trigger to 37064 Bad Samples, 9629 Clean Samples (1.00)
2026-04-10 00:18:44,432 - => Test Epoch: 38, main task samples: 46693, attack samples: 46693, test loss: 1.3798, clean acc: 0.6190, Top-4: 0.9945, ASR: 0.3820, RAC: 0.4848, test target accuracy: 0.8779, stage3 final accuracy: 0.6190, stage3 final target accuracy: 0.6217, stage3 final asr: 0.3820, anchor loss: 0.0695
2026-04-10 00:18:44,432 - => Stage 3 Detection Summary: recall: 0.5923, precision: 0.0448, f1: 0.0833, false positive rate: 0.4095, correction rate: 0.3208
2026-04-10 00:18:44,432 - => Stage 3 Debug (clean): suspicious=19121/46693, correction_applied=19081, prediction_changed=19081, skipped_tied_vote=0, skipped_low_margin=0, skipped_other=40
2026-04-10 00:18:44,432 - => Stage 3 Debug (poison-valid): suspicious=20787/37064, correction_applied=20781, prediction_changed=20781, skipped_tied_vote=0, skipped_low_margin=0, skipped_other=6
2026-04-10 00:18:44,432 - => Stage 3 Debug (attack-success): suspicious=1787/3017, correction_applied=1782, prediction_changed=1782, corrected_to_true=968
2026-04-10 00:18:44,518 - => End Epoch: 38, early stop epochs: 37, best epoch: 1, best clean acc: 0.5959, best Top-4: 0.9966, best ASR: 0.3630, best RAC: 0.5313, anchor loss: 0.0788
2026-04-10 00:18:44,518 - => Stage 3 Detection Summary: recall: 0.8055, precision: 0.1636, f1: 0.2720, false positive rate: 0.4208, correction rate: 0.5521
2026-04-10 00:18:44,560 - => LFBA current anchor-derived target label: 3
2026-04-10 00:18:44,637 - =>Add Trigger to Train Data
2026-04-10 00:18:44,999 - Add Trigger to 6996 Bad Samples, 62970 Clean Samples (0.10)
2026-04-10 00:18:45,001 - => Start Training for Injecting Backdoor...
2026-04-10 00:18:45,056 - Epoch: 39, 1/274: VFL loss: 0.0002, total loss: 0.0506, anchor loss: 0.0505, VFL train accuracy: 1.0000
2026-04-10 00:18:45,676 - Epoch: 39, 11/274: VFL loss: 0.0012, total loss: 0.0503, anchor loss: 0.0490, VFL train accuracy: 0.9996
2026-04-10 00:18:46,062 - Epoch: 39, 21/274: VFL loss: 0.0008, total loss: 0.0510, anchor loss: 0.0502, VFL train accuracy: 0.9998
2026-04-10 00:18:46,443 - Epoch: 39, 31/274: VFL loss: 0.0006, total loss: 0.0507, anchor loss: 0.0501, VFL train accuracy: 0.9999
2026-04-10 00:18:46,802 - Epoch: 39, 41/274: VFL loss: 0.0008, total loss: 0.0508, anchor loss: 0.0501, VFL train accuracy: 0.9998
2026-04-10 00:18:47,190 - Epoch: 39, 51/274: VFL loss: 0.0009, total loss: 0.0509, anchor loss: 0.0500, VFL train accuracy: 0.9998
2026-04-10 00:18:47,555 - Epoch: 39, 61/274: VFL loss: 0.0008, total loss: 0.0506, anchor loss: 0.0499, VFL train accuracy: 0.9998
2026-04-10 00:18:47,917 - Epoch: 39, 71/274: VFL loss: 0.0007, total loss: 0.0508, anchor loss: 0.0501, VFL train accuracy: 0.9998
2026-04-10 00:18:48,274 - Epoch: 39, 81/274: VFL loss: 0.0006, total loss: 0.0509, anchor loss: 0.0503, VFL train accuracy: 0.9999
2026-04-10 00:18:48,646 - Epoch: 39, 91/274: VFL loss: 0.0006, total loss: 0.0508, anchor loss: 0.0502, VFL train accuracy: 0.9999
2026-04-10 00:18:49,018 - Epoch: 39, 101/274: VFL loss: 0.0006, total loss: 0.0509, anchor loss: 0.0503, VFL train accuracy: 0.9999
2026-04-10 00:18:49,392 - Epoch: 39, 111/274: VFL loss: 0.0005, total loss: 0.0508, anchor loss: 0.0502, VFL train accuracy: 0.9999
2026-04-10 00:18:49,777 - Epoch: 39, 121/274: VFL loss: 0.0005, total loss: 0.0507, anchor loss: 0.0502, VFL train accuracy: 0.9999
2026-04-10 00:18:50,151 - Epoch: 39, 131/274: VFL loss: 0.0005, total loss: 0.0507, anchor loss: 0.0503, VFL train accuracy: 0.9999
2026-04-10 00:18:50,524 - Epoch: 39, 141/274: VFL loss: 0.0005, total loss: 0.0508, anchor loss: 0.0503, VFL train accuracy: 0.9999
2026-04-10 00:18:50,887 - Epoch: 39, 151/274: VFL loss: 0.0004, total loss: 0.0506, anchor loss: 0.0502, VFL train accuracy: 0.9999
2026-04-10 00:18:51,254 - Epoch: 39, 161/274: VFL loss: 0.0004, total loss: 0.0507, anchor loss: 0.0502, VFL train accuracy: 0.9999
2026-04-10 00:18:51,625 - Epoch: 39, 171/274: VFL loss: 0.0004, total loss: 0.0506, anchor loss: 0.0502, VFL train accuracy: 0.9999
2026-04-10 00:18:51,996 - Epoch: 39, 181/274: VFL loss: 0.0004, total loss: 0.0506, anchor loss: 0.0502, VFL train accuracy: 0.9999
2026-04-10 00:18:52,358 - Epoch: 39, 191/274: VFL loss: 0.0004, total loss: 0.0507, anchor loss: 0.0503, VFL train accuracy: 0.9999
2026-04-10 00:18:52,723 - Epoch: 39, 201/274: VFL loss: 0.0004, total loss: 0.0506, anchor loss: 0.0503, VFL train accuracy: 0.9999
2026-04-10 00:18:53,104 - Epoch: 39, 211/274: VFL loss: 0.0004, total loss: 0.0506, anchor loss: 0.0503, VFL train accuracy: 0.9999
2026-04-10 00:18:53,483 - Epoch: 39, 221/274: VFL loss: 0.0004, total loss: 0.0507, anchor loss: 0.0503, VFL train accuracy: 0.9999
2026-04-10 00:18:53,855 - Epoch: 39, 231/274: VFL loss: 0.0004, total loss: 0.0507, anchor loss: 0.0503, VFL train accuracy: 0.9999
2026-04-10 00:18:54,239 - Epoch: 39, 241/274: VFL loss: 0.0004, total loss: 0.0508, anchor loss: 0.0504, VFL train accuracy: 1.0000
2026-04-10 00:18:54,603 - Epoch: 39, 251/274: VFL loss: 0.0004, total loss: 0.0507, anchor loss: 0.0504, VFL train accuracy: 1.0000
2026-04-10 00:18:54,962 - Epoch: 39, 261/274: VFL loss: 0.0003, total loss: 0.0507, anchor loss: 0.0504, VFL train accuracy: 1.0000
2026-04-10 00:18:55,326 - Epoch: 39, 271/274: VFL loss: 0.0003, total loss: 0.0508, anchor loss: 0.0504, VFL train accuracy: 1.0000
2026-04-10 00:18:55,442 - => Recorded Stage 2 client anchor losses for epoch 39 to './results/AVGuard/Fourclient/NUSWIDE/ema_scan/lambda_1.0_ema_0.999\stage2_final_epoch_client_anchor_losses.json': {0: 0.018568, 1: 0.060338, 2: 0.05461, 3: 0.068325}
2026-04-10 00:18:55,451 - => Stage 2 EMA anchor update applied at epoch 39 with momentum 0.9990: updated classes per client {0: 5, 1: 5, 2: 5, 3: 5}
2026-04-10 00:18:55,451 - => Stage 2 Epoch 39 Training Summary: VFL loss: 0.0003, total loss: 0.0508, anchor loss: 0.0505, VFL train accuracy: 1.0000
2026-04-10 00:18:55,451 - => Test ASR...
2026-04-10 00:18:55,553 - =>Add Trigger to Test Data
2026-04-10 00:18:58,885 - Add Trigger to 37064 Bad Samples, 9629 Clean Samples (1.00)
2026-04-10 00:19:11,247 - => Test Epoch: 39, main task samples: 46693, attack samples: 46693, test loss: 1.4156, clean acc: 0.6197, Top-4: 0.9946, ASR: 0.3743, RAC: 0.4848, test target accuracy: 0.8768, stage3 final accuracy: 0.6197, stage3 final target accuracy: 0.6209, stage3 final asr: 0.3743, anchor loss: 0.0694
2026-04-10 00:19:11,248 - => Stage 3 Detection Summary: recall: 0.5714, precision: 0.0399, f1: 0.0746, false positive rate: 0.4089, correction rate: 0.3110
2026-04-10 00:19:11,248 - => Stage 3 Debug (clean): suspicious=19092/46693, correction_applied=19063, prediction_changed=19063, skipped_tied_vote=0, skipped_low_margin=0, skipped_other=29
2026-04-10 00:19:11,248 - => Stage 3 Debug (poison-valid): suspicious=20802/37064, correction_applied=20799, prediction_changed=20799, skipped_tied_vote=0, skipped_low_margin=0, skipped_other=3
2026-04-10 00:19:11,248 - => Stage 3 Debug (attack-success): suspicious=1593/2788, correction_applied=1591, prediction_changed=1591, corrected_to_true=867
2026-04-10 00:19:11,324 - => End Epoch: 39, early stop epochs: 38, best epoch: 1, best clean acc: 0.5959, best Top-4: 0.9966, best ASR: 0.3630, best RAC: 0.5313, anchor loss: 0.0788
2026-04-10 00:19:11,324 - => Stage 3 Detection Summary: recall: 0.8055, precision: 0.1636, f1: 0.2720, false positive rate: 0.4208, correction rate: 0.5521
2026-04-10 00:19:11,361 - => LFBA current anchor-derived target label: 3
2026-04-10 00:19:11,435 - =>Add Trigger to Train Data
2026-04-10 00:19:11,770 - Add Trigger to 6996 Bad Samples, 62970 Clean Samples (0.10)
2026-04-10 00:19:11,774 - => Start Training for Injecting Backdoor...
2026-04-10 00:19:11,828 - Epoch: 40, 1/274: VFL loss: 0.0000, total loss: 0.0526, anchor loss: 0.0525, VFL train accuracy: 1.0000
2026-04-10 00:19:12,464 - Epoch: 40, 11/274: VFL loss: 0.0001, total loss: 0.0509, anchor loss: 0.0508, VFL train accuracy: 1.0000
2026-04-10 00:19:12,847 - Epoch: 40, 21/274: VFL loss: 0.0001, total loss: 0.0507, anchor loss: 0.0506, VFL train accuracy: 1.0000
2026-04-10 00:19:13,391 - Epoch: 40, 31/274: VFL loss: 0.0001, total loss: 0.0506, anchor loss: 0.0505, VFL train accuracy: 1.0000
2026-04-10 00:19:13,804 - Epoch: 40, 41/274: VFL loss: 0.0002, total loss: 0.0505, anchor loss: 0.0504, VFL train accuracy: 1.0000
2026-04-10 00:19:14,183 - Epoch: 40, 51/274: VFL loss: 0.0002, total loss: 0.0503, anchor loss: 0.0501, VFL train accuracy: 1.0000
2026-04-10 00:19:14,547 - Epoch: 40, 61/274: VFL loss: 0.0002, total loss: 0.0505, anchor loss: 0.0503, VFL train accuracy: 1.0000
2026-04-10 00:19:14,930 - Epoch: 40, 71/274: VFL loss: 0.0002, total loss: 0.0506, anchor loss: 0.0505, VFL train accuracy: 1.0000
2026-04-10 00:19:15,303 - Epoch: 40, 81/274: VFL loss: 0.0002, total loss: 0.0506, anchor loss: 0.0504, VFL train accuracy: 1.0000
2026-04-10 00:19:15,648 - Epoch: 40, 91/274: VFL loss: 0.0002, total loss: 0.0505, anchor loss: 0.0503, VFL train accuracy: 1.0000
2026-04-10 00:19:16,045 - Epoch: 40, 101/274: VFL loss: 0.0002, total loss: 0.0505, anchor loss: 0.0504, VFL train accuracy: 1.0000
2026-04-10 00:19:16,420 - Epoch: 40, 111/274: VFL loss: 0.0002, total loss: 0.0505, anchor loss: 0.0504, VFL train accuracy: 1.0000
2026-04-10 00:19:16,800 - Epoch: 40, 121/274: VFL loss: 0.0002, total loss: 0.0505, anchor loss: 0.0503, VFL train accuracy: 1.0000
2026-04-10 00:19:17,188 - Epoch: 40, 131/274: VFL loss: 0.0002, total loss: 0.0504, anchor loss: 0.0503, VFL train accuracy: 1.0000
2026-04-10 00:19:17,580 - Epoch: 40, 141/274: VFL loss: 0.0002, total loss: 0.0504, anchor loss: 0.0502, VFL train accuracy: 1.0000
2026-04-10 00:19:17,961 - Epoch: 40, 151/274: VFL loss: 0.0002, total loss: 0.0504, anchor loss: 0.0502, VFL train accuracy: 1.0000
2026-04-10 00:19:18,343 - Epoch: 40, 161/274: VFL loss: 0.0002, total loss: 0.0504, anchor loss: 0.0502, VFL train accuracy: 1.0000
2026-04-10 00:19:18,714 - Epoch: 40, 171/274: VFL loss: 0.0002, total loss: 0.0504, anchor loss: 0.0502, VFL train accuracy: 1.0000
2026-04-10 00:19:19,101 - Epoch: 40, 181/274: VFL loss: 0.0002, total loss: 0.0503, anchor loss: 0.0502, VFL train accuracy: 1.0000
2026-04-10 00:19:19,475 - Epoch: 40, 191/274: VFL loss: 0.0002, total loss: 0.0503, anchor loss: 0.0502, VFL train accuracy: 1.0000
2026-04-10 00:19:19,858 - Epoch: 40, 201/274: VFL loss: 0.0002, total loss: 0.0504, anchor loss: 0.0502, VFL train accuracy: 1.0000
2026-04-10 00:19:20,250 - Epoch: 40, 211/274: VFL loss: 0.0002, total loss: 0.0503, anchor loss: 0.0501, VFL train accuracy: 1.0000
2026-04-10 00:19:20,633 - Epoch: 40, 221/274: VFL loss: 0.0002, total loss: 0.0503, anchor loss: 0.0501, VFL train accuracy: 1.0000
2026-04-10 00:19:21,008 - Epoch: 40, 231/274: VFL loss: 0.0002, total loss: 0.0502, anchor loss: 0.0501, VFL train accuracy: 1.0000
2026-04-10 00:19:21,405 - Epoch: 40, 241/274: VFL loss: 0.0002, total loss: 0.0502, anchor loss: 0.0501, VFL train accuracy: 1.0000
2026-04-10 00:19:21,763 - Epoch: 40, 251/274: VFL loss: 0.0002, total loss: 0.0502, anchor loss: 0.0501, VFL train accuracy: 1.0000
2026-04-10 00:19:22,133 - Epoch: 40, 261/274: VFL loss: 0.0002, total loss: 0.0502, anchor loss: 0.0501, VFL train accuracy: 1.0000
2026-04-10 00:19:22,524 - Epoch: 40, 271/274: VFL loss: 0.0002, total loss: 0.0503, anchor loss: 0.0501, VFL train accuracy: 1.0000
2026-04-10 00:19:22,650 - => Recorded Stage 2 client anchor losses for epoch 40 to './results/AVGuard/Fourclient/NUSWIDE/ema_scan/lambda_1.0_ema_0.999\stage2_final_epoch_client_anchor_losses.json': {0: 0.01823, 1: 0.059837, 2: 0.054438, 3: 0.067874}
2026-04-10 00:19:22,658 - => Stage 2 EMA anchor update applied at epoch 40 with momentum 0.9990: updated classes per client {0: 5, 1: 5, 2: 5, 3: 5}
2026-04-10 00:19:22,658 - => Stage 2 Epoch 40 Training Summary: VFL loss: 0.0002, total loss: 0.0503, anchor loss: 0.0501, VFL train accuracy: 1.0000
2026-04-10 00:19:22,659 - => Test ASR...
2026-04-10 00:19:22,765 - =>Add Trigger to Test Data
2026-04-10 00:19:26,184 - Add Trigger to 37064 Bad Samples, 9629 Clean Samples (1.00)
2026-04-10 00:19:38,376 - => Test Epoch: 40, main task samples: 46693, attack samples: 46693, test loss: 1.4424, clean acc: 0.6200, Top-4: 0.9947, ASR: 0.3773, RAC: 0.4859, test target accuracy: 0.8815, stage3 final accuracy: 0.6200, stage3 final target accuracy: 0.6228, stage3 final asr: 0.3773, anchor loss: 0.0692
2026-04-10 00:19:38,376 - => Stage 3 Detection Summary: recall: 0.5857, precision: 0.0439, f1: 0.0817, false positive rate: 0.4073, correction rate: 0.3185
2026-04-10 00:19:38,376 - => Stage 3 Debug (clean): suspicious=19019/46693, correction_applied=18991, prediction_changed=18991, skipped_tied_vote=0, skipped_low_margin=0, skipped_other=28
2026-04-10 00:19:38,376 - => Stage 3 Debug (poison-valid): suspicious=20742/37064, correction_applied=20737, prediction_changed=20737, skipped_tied_vote=0, skipped_low_margin=0, skipped_other=5
2026-04-10 00:19:38,376 - => Stage 3 Debug (attack-success): suspicious=1747/2983, correction_applied=1744, prediction_changed=1744, corrected_to_true=950
2026-04-10 00:19:38,452 - => End Epoch: 40, early stop epochs: 39, best epoch: 1, best clean acc: 0.5959, best Top-4: 0.9966, best ASR: 0.3630, best RAC: 0.5313, anchor loss: 0.0788
2026-04-10 00:19:38,452 - => Stage 3 Detection Summary: recall: 0.8055, precision: 0.1636, f1: 0.2720, false positive rate: 0.4208, correction rate: 0.5521
2026-04-10 00:19:38,491 - => LFBA current anchor-derived target label: 3
2026-04-10 00:19:38,567 - =>Add Trigger to Train Data
2026-04-10 00:19:38,922 - Add Trigger to 6996 Bad Samples, 62970 Clean Samples (0.10)
2026-04-10 00:19:38,925 - => Start Training for Injecting Backdoor...
2026-04-10 00:19:38,981 - Epoch: 41, 1/274: VFL loss: 0.0002, total loss: 0.0445, anchor loss: 0.0443, VFL train accuracy: 1.0000
2026-04-10 00:19:39,632 - Epoch: 41, 11/274: VFL loss: 0.0002, total loss: 0.0506, anchor loss: 0.0505, VFL train accuracy: 1.0000
2026-04-10 00:19:40,018 - Epoch: 41, 21/274: VFL loss: 0.0010, total loss: 0.0507, anchor loss: 0.0497, VFL train accuracy: 0.9998
2026-04-10 00:19:40,373 - Epoch: 41, 31/274: VFL loss: 0.0007, total loss: 0.0499, anchor loss: 0.0492, VFL train accuracy: 0.9999
2026-04-10 00:19:40,734 - Epoch: 41, 41/274: VFL loss: 0.0006, total loss: 0.0500, anchor loss: 0.0494, VFL train accuracy: 0.9999
2026-04-10 00:19:41,109 - Epoch: 41, 51/274: VFL loss: 0.0005, total loss: 0.0501, anchor loss: 0.0496, VFL train accuracy: 0.9999
2026-04-10 00:19:41,498 - Epoch: 41, 61/274: VFL loss: 0.0004, total loss: 0.0501, anchor loss: 0.0497, VFL train accuracy: 0.9999
2026-04-10 00:19:41,870 - Epoch: 41, 71/274: VFL loss: 0.0004, total loss: 0.0501, anchor loss: 0.0497, VFL train accuracy: 0.9999
2026-04-10 00:19:42,278 - Epoch: 41, 81/274: VFL loss: 0.0004, total loss: 0.0501, anchor loss: 0.0498, VFL train accuracy: 1.0000
2026-04-10 00:19:42,638 - Epoch: 41, 91/274: VFL loss: 0.0004, total loss: 0.0501, anchor loss: 0.0497, VFL train accuracy: 1.0000
2026-04-10 00:19:43,052 - Epoch: 41, 101/274: VFL loss: 0.0003, total loss: 0.0500, anchor loss: 0.0496, VFL train accuracy: 1.0000
2026-04-10 00:19:43,409 - Epoch: 41, 111/274: VFL loss: 0.0003, total loss: 0.0500, anchor loss: 0.0497, VFL train accuracy: 1.0000
2026-04-10 00:19:43,800 - Epoch: 41, 121/274: VFL loss: 0.0003, total loss: 0.0498, anchor loss: 0.0495, VFL train accuracy: 1.0000
2026-04-10 00:19:44,190 - Epoch: 41, 131/274: VFL loss: 0.0003, total loss: 0.0499, anchor loss: 0.0496, VFL train accuracy: 1.0000
2026-04-10 00:19:44,566 - Epoch: 41, 141/274: VFL loss: 0.0003, total loss: 0.0499, anchor loss: 0.0496, VFL train accuracy: 1.0000
2026-04-10 00:19:44,960 - Epoch: 41, 151/274: VFL loss: 0.0003, total loss: 0.0499, anchor loss: 0.0497, VFL train accuracy: 1.0000
2026-04-10 00:19:45,335 - Epoch: 41, 161/274: VFL loss: 0.0003, total loss: 0.0500, anchor loss: 0.0497, VFL train accuracy: 1.0000
2026-04-10 00:19:45,694 - Epoch: 41, 171/274: VFL loss: 0.0003, total loss: 0.0500, anchor loss: 0.0498, VFL train accuracy: 1.0000
2026-04-10 00:19:46,092 - Epoch: 41, 181/274: VFL loss: 0.0003, total loss: 0.0500, anchor loss: 0.0497, VFL train accuracy: 1.0000
2026-04-10 00:19:46,452 - Epoch: 41, 191/274: VFL loss: 0.0003, total loss: 0.0499, anchor loss: 0.0497, VFL train accuracy: 1.0000
2026-04-10 00:19:46,840 - Epoch: 41, 201/274: VFL loss: 0.0003, total loss: 0.0499, anchor loss: 0.0497, VFL train accuracy: 1.0000
2026-04-10 00:19:47,202 - Epoch: 41, 211/274: VFL loss: 0.0003, total loss: 0.0499, anchor loss: 0.0496, VFL train accuracy: 1.0000
2026-04-10 00:19:47,576 - Epoch: 41, 221/274: VFL loss: 0.0003, total loss: 0.0500, anchor loss: 0.0497, VFL train accuracy: 1.0000
2026-04-10 00:19:47,956 - Epoch: 41, 231/274: VFL loss: 0.0002, total loss: 0.0500, anchor loss: 0.0497, VFL train accuracy: 1.0000
2026-04-10 00:19:48,364 - Epoch: 41, 241/274: VFL loss: 0.0002, total loss: 0.0499, anchor loss: 0.0497, VFL train accuracy: 1.0000
2026-04-10 00:19:48,743 - Epoch: 41, 251/274: VFL loss: 0.0002, total loss: 0.0499, anchor loss: 0.0497, VFL train accuracy: 1.0000
2026-04-10 00:19:49,105 - Epoch: 41, 261/274: VFL loss: 0.0002, total loss: 0.0499, anchor loss: 0.0497, VFL train accuracy: 1.0000
2026-04-10 00:19:49,484 - Epoch: 41, 271/274: VFL loss: 0.0002, total loss: 0.0499, anchor loss: 0.0497, VFL train accuracy: 1.0000
2026-04-10 00:19:49,603 - => Recorded Stage 2 client anchor losses for epoch 41 to './results/AVGuard/Fourclient/NUSWIDE/ema_scan/lambda_1.0_ema_0.999\stage2_final_epoch_client_anchor_losses.json': {0: 0.017786, 1: 0.059345, 2: 0.054184, 3: 0.067517}
2026-04-10 00:19:49,614 - => Stage 2 EMA anchor update applied at epoch 41 with momentum 0.9990: updated classes per client {0: 5, 1: 5, 2: 5, 3: 5}
2026-04-10 00:19:49,614 - => Stage 2 Epoch 41 Training Summary: VFL loss: 0.0002, total loss: 0.0499, anchor loss: 0.0497, VFL train accuracy: 1.0000
2026-04-10 00:19:49,614 - => Test ASR...
2026-04-10 00:19:49,716 - =>Add Trigger to Test Data
2026-04-10 00:19:53,137 - Add Trigger to 37064 Bad Samples, 9629 Clean Samples (1.00)
2026-04-10 00:20:05,591 - => Test Epoch: 41, main task samples: 46693, attack samples: 46693, test loss: 1.4481, clean acc: 0.6204, Top-4: 0.9947, ASR: 0.3747, RAC: 0.4864, test target accuracy: 0.8813, stage3 final accuracy: 0.6204, stage3 final target accuracy: 0.6218, stage3 final asr: 0.3747, anchor loss: 0.0691
2026-04-10 00:20:05,591 - => Stage 3 Detection Summary: recall: 0.5908, precision: 0.0442, f1: 0.0822, false positive rate: 0.4071, correction rate: 0.3220
2026-04-10 00:20:05,591 - => Stage 3 Debug (clean): suspicious=19011/46693, correction_applied=18981, prediction_changed=18981, skipped_tied_vote=0, skipped_low_margin=0, skipped_other=30
2026-04-10 00:20:05,591 - => Stage 3 Debug (poison-valid): suspicious=20748/37064, correction_applied=20744, prediction_changed=20744, skipped_tied_vote=0, skipped_low_margin=0, skipped_other=4
2026-04-10 00:20:05,591 - => Stage 3 Debug (attack-success): suspicious=1756/2972, correction_applied=1754, prediction_changed=1754, corrected_to_true=957
2026-04-10 00:20:05,674 - => End Epoch: 41, early stop epochs: 40, best epoch: 1, best clean acc: 0.5959, best Top-4: 0.9966, best ASR: 0.3630, best RAC: 0.5313, anchor loss: 0.0788
2026-04-10 00:20:05,675 - => Stage 3 Detection Summary: recall: 0.8055, precision: 0.1636, f1: 0.2720, false positive rate: 0.4208, correction rate: 0.5521
2026-04-10 00:20:05,720 - => LFBA current anchor-derived target label: 3
2026-04-10 00:20:05,795 - =>Add Trigger to Train Data
2026-04-10 00:20:06,147 - Add Trigger to 6996 Bad Samples, 62970 Clean Samples (0.10)
2026-04-10 00:20:06,151 - => Start Training for Injecting Backdoor...
2026-04-10 00:20:06,211 - Epoch: 42, 1/274: VFL loss: 0.0001, total loss: 0.0559, anchor loss: 0.0558, VFL train accuracy: 1.0000
2026-04-10 00:20:06,956 - Epoch: 42, 11/274: VFL loss: 0.0002, total loss: 0.0504, anchor loss: 0.0503, VFL train accuracy: 1.0000
2026-04-10 00:20:07,325 - Epoch: 42, 21/274: VFL loss: 0.0001, total loss: 0.0495, anchor loss: 0.0494, VFL train accuracy: 1.0000
2026-04-10 00:20:07,690 - Epoch: 42, 31/274: VFL loss: 0.0001, total loss: 0.0493, anchor loss: 0.0491, VFL train accuracy: 1.0000
2026-04-10 00:20:08,066 - Epoch: 42, 41/274: VFL loss: 0.0001, total loss: 0.0497, anchor loss: 0.0496, VFL train accuracy: 1.0000
2026-04-10 00:20:08,451 - Epoch: 42, 51/274: VFL loss: 0.0001, total loss: 0.0495, anchor loss: 0.0494, VFL train accuracy: 1.0000
2026-04-10 00:20:08,819 - Epoch: 42, 61/274: VFL loss: 0.0001, total loss: 0.0496, anchor loss: 0.0495, VFL train accuracy: 1.0000
2026-04-10 00:20:09,182 - Epoch: 42, 71/274: VFL loss: 0.0001, total loss: 0.0496, anchor loss: 0.0495, VFL train accuracy: 1.0000
2026-04-10 00:20:09,556 - Epoch: 42, 81/274: VFL loss: 0.0001, total loss: 0.0498, anchor loss: 0.0497, VFL train accuracy: 1.0000
2026-04-10 00:20:09,972 - Epoch: 42, 91/274: VFL loss: 0.0001, total loss: 0.0499, anchor loss: 0.0497, VFL train accuracy: 1.0000
2026-04-10 00:20:10,347 - Epoch: 42, 101/274: VFL loss: 0.0001, total loss: 0.0498, anchor loss: 0.0497, VFL train accuracy: 1.0000
2026-04-10 00:20:10,713 - Epoch: 42, 111/274: VFL loss: 0.0001, total loss: 0.0499, anchor loss: 0.0498, VFL train accuracy: 1.0000
2026-04-10 00:20:11,082 - Epoch: 42, 121/274: VFL loss: 0.0001, total loss: 0.0498, anchor loss: 0.0497, VFL train accuracy: 1.0000
2026-04-10 00:20:11,471 - Epoch: 42, 131/274: VFL loss: 0.0001, total loss: 0.0497, anchor loss: 0.0496, VFL train accuracy: 1.0000
2026-04-10 00:20:11,838 - Epoch: 42, 141/274: VFL loss: 0.0001, total loss: 0.0497, anchor loss: 0.0496, VFL train accuracy: 1.0000
2026-04-10 00:20:12,208 - Epoch: 42, 151/274: VFL loss: 0.0001, total loss: 0.0498, anchor loss: 0.0496, VFL train accuracy: 1.0000
2026-04-10 00:20:12,595 - Epoch: 42, 161/274: VFL loss: 0.0001, total loss: 0.0497, anchor loss: 0.0496, VFL train accuracy: 1.0000
2026-04-10 00:20:13,028 - Epoch: 42, 171/274: VFL loss: 0.0001, total loss: 0.0497, anchor loss: 0.0496, VFL train accuracy: 1.0000
2026-04-10 00:20:13,392 - Epoch: 42, 181/274: VFL loss: 0.0001, total loss: 0.0497, anchor loss: 0.0496, VFL train accuracy: 1.0000
2026-04-10 00:20:13,768 - Epoch: 42, 191/274: VFL loss: 0.0001, total loss: 0.0497, anchor loss: 0.0496, VFL train accuracy: 1.0000
2026-04-10 00:20:14,147 - Epoch: 42, 201/274: VFL loss: 0.0001, total loss: 0.0497, anchor loss: 0.0496, VFL train accuracy: 1.0000
2026-04-10 00:20:14,502 - Epoch: 42, 211/274: VFL loss: 0.0001, total loss: 0.0497, anchor loss: 0.0496, VFL train accuracy: 1.0000
2026-04-10 00:20:14,884 - Epoch: 42, 221/274: VFL loss: 0.0001, total loss: 0.0497, anchor loss: 0.0496, VFL train accuracy: 1.0000
2026-04-10 00:20:15,273 - Epoch: 42, 231/274: VFL loss: 0.0001, total loss: 0.0497, anchor loss: 0.0496, VFL train accuracy: 1.0000
2026-04-10 00:20:15,644 - Epoch: 42, 241/274: VFL loss: 0.0001, total loss: 0.0497, anchor loss: 0.0496, VFL train accuracy: 1.0000
2026-04-10 00:20:16,026 - Epoch: 42, 251/274: VFL loss: 0.0001, total loss: 0.0497, anchor loss: 0.0496, VFL train accuracy: 1.0000
2026-04-10 00:20:16,370 - Epoch: 42, 261/274: VFL loss: 0.0001, total loss: 0.0497, anchor loss: 0.0496, VFL train accuracy: 1.0000
2026-04-10 00:20:16,732 - Epoch: 42, 271/274: VFL loss: 0.0001, total loss: 0.0497, anchor loss: 0.0496, VFL train accuracy: 1.0000
2026-04-10 00:20:16,859 - => Recorded Stage 2 client anchor losses for epoch 42 to './results/AVGuard/Fourclient/NUSWIDE/ema_scan/lambda_1.0_ema_0.999\stage2_final_epoch_client_anchor_losses.json': {0: 0.017739, 1: 0.059227, 2: 0.054101, 3: 0.067383}
2026-04-10 00:20:16,871 - => Stage 2 EMA anchor update applied at epoch 42 with momentum 0.9990: updated classes per client {0: 5, 1: 5, 2: 5, 3: 5}
2026-04-10 00:20:16,871 - => Stage 2 Epoch 42 Training Summary: VFL loss: 0.0001, total loss: 0.0498, anchor loss: 0.0496, VFL train accuracy: 1.0000
2026-04-10 00:20:16,871 - => Test ASR...
2026-04-10 00:20:16,973 - =>Add Trigger to Test Data
2026-04-10 00:20:20,162 - Add Trigger to 37064 Bad Samples, 9629 Clean Samples (1.00)
2026-04-10 00:20:32,668 - => Test Epoch: 42, main task samples: 46693, attack samples: 46693, test loss: 1.4499, clean acc: 0.6205, Top-4: 0.9947, ASR: 0.3751, RAC: 0.4863, test target accuracy: 0.8803, stage3 final accuracy: 0.6205, stage3 final target accuracy: 0.6226, stage3 final asr: 0.3751, anchor loss: 0.0691
2026-04-10 00:20:32,668 - => Stage 3 Detection Summary: recall: 0.5855, precision: 0.0429, f1: 0.0799, false positive rate: 0.4068, correction rate: 0.3177
2026-04-10 00:20:32,668 - => Stage 3 Debug (clean): suspicious=18997/46693, correction_applied=18969, prediction_changed=18969, skipped_tied_vote=0, skipped_low_margin=0, skipped_other=28
2026-04-10 00:20:32,669 - => Stage 3 Debug (poison-valid): suspicious=20745/37064, correction_applied=20743, prediction_changed=20743, skipped_tied_vote=0, skipped_low_margin=0, skipped_other=2
2026-04-10 00:20:32,669 - => Stage 3 Debug (attack-success): suspicious=1705/2912, correction_applied=1704, prediction_changed=1704, corrected_to_true=925
2026-04-10 00:20:32,749 - => End Epoch: 42, early stop epochs: 41, best epoch: 1, best clean acc: 0.5959, best Top-4: 0.9966, best ASR: 0.3630, best RAC: 0.5313, anchor loss: 0.0788
2026-04-10 00:20:32,749 - => Stage 3 Detection Summary: recall: 0.8055, precision: 0.1636, f1: 0.2720, false positive rate: 0.4208, correction rate: 0.5521
2026-04-10 00:20:32,790 - => LFBA current anchor-derived target label: 3
2026-04-10 00:20:32,866 - =>Add Trigger to Train Data
2026-04-10 00:20:33,198 - Add Trigger to 6996 Bad Samples, 62970 Clean Samples (0.10)
2026-04-10 00:20:33,201 - => Start Training for Injecting Backdoor...
2026-04-10 00:20:33,260 - Epoch: 43, 1/274: VFL loss: 0.0004, total loss: 0.0517, anchor loss: 0.0513, VFL train accuracy: 1.0000
2026-04-10 00:20:33,910 - Epoch: 43, 11/274: VFL loss: 0.0002, total loss: 0.0502, anchor loss: 0.0500, VFL train accuracy: 1.0000
2026-04-10 00:20:34,302 - Epoch: 43, 21/274: VFL loss: 0.0002, total loss: 0.0503, anchor loss: 0.0500, VFL train accuracy: 1.0000
2026-04-10 00:20:34,662 - Epoch: 43, 31/274: VFL loss: 0.0002, total loss: 0.0502, anchor loss: 0.0500, VFL train accuracy: 1.0000
2026-04-10 00:20:35,059 - Epoch: 43, 41/274: VFL loss: 0.0002, total loss: 0.0505, anchor loss: 0.0503, VFL train accuracy: 1.0000
2026-04-10 00:20:35,436 - Epoch: 43, 51/274: VFL loss: 0.0002, total loss: 0.0502, anchor loss: 0.0500, VFL train accuracy: 1.0000
2026-04-10 00:20:35,796 - Epoch: 43, 61/274: VFL loss: 0.0002, total loss: 0.0502, anchor loss: 0.0500, VFL train accuracy: 1.0000
2026-04-10 00:20:36,154 - Epoch: 43, 71/274: VFL loss: 0.0002, total loss: 0.0500, anchor loss: 0.0499, VFL train accuracy: 1.0000
2026-04-10 00:20:36,568 - Epoch: 43, 81/274: VFL loss: 0.0002, total loss: 0.0499, anchor loss: 0.0497, VFL train accuracy: 1.0000
2026-04-10 00:20:36,942 - Epoch: 43, 91/274: VFL loss: 0.0002, total loss: 0.0499, anchor loss: 0.0497, VFL train accuracy: 1.0000
2026-04-10 00:20:37,307 - Epoch: 43, 101/274: VFL loss: 0.0002, total loss: 0.0498, anchor loss: 0.0496, VFL train accuracy: 1.0000
2026-04-10 00:20:37,654 - Epoch: 43, 111/274: VFL loss: 0.0002, total loss: 0.0497, anchor loss: 0.0495, VFL train accuracy: 1.0000
2026-04-10 00:20:38,029 - Epoch: 43, 121/274: VFL loss: 0.0001, total loss: 0.0497, anchor loss: 0.0496, VFL train accuracy: 1.0000
2026-04-10 00:20:38,396 - Epoch: 43, 131/274: VFL loss: 0.0002, total loss: 0.0499, anchor loss: 0.0497, VFL train accuracy: 1.0000
2026-04-10 00:20:38,750 - Epoch: 43, 141/274: VFL loss: 0.0002, total loss: 0.0499, anchor loss: 0.0498, VFL train accuracy: 1.0000
2026-04-10 00:20:39,132 - Epoch: 43, 151/274: VFL loss: 0.0001, total loss: 0.0500, anchor loss: 0.0498, VFL train accuracy: 1.0000
2026-04-10 00:20:39,475 - Epoch: 43, 161/274: VFL loss: 0.0001, total loss: 0.0499, anchor loss: 0.0498, VFL train accuracy: 1.0000
2026-04-10 00:20:39,863 - Epoch: 43, 171/274: VFL loss: 0.0001, total loss: 0.0499, anchor loss: 0.0498, VFL train accuracy: 1.0000
2026-04-10 00:20:40,225 - Epoch: 43, 181/274: VFL loss: 0.0001, total loss: 0.0499, anchor loss: 0.0497, VFL train accuracy: 1.0000
2026-04-10 00:20:40,594 - Epoch: 43, 191/274: VFL loss: 0.0001, total loss: 0.0499, anchor loss: 0.0497, VFL train accuracy: 1.0000
2026-04-10 00:20:40,967 - Epoch: 43, 201/274: VFL loss: 0.0002, total loss: 0.0499, anchor loss: 0.0497, VFL train accuracy: 1.0000
2026-04-10 00:20:41,324 - Epoch: 43, 211/274: VFL loss: 0.0002, total loss: 0.0498, anchor loss: 0.0496, VFL train accuracy: 1.0000
2026-04-10 00:20:41,698 - Epoch: 43, 221/274: VFL loss: 0.0002, total loss: 0.0497, anchor loss: 0.0496, VFL train accuracy: 1.0000
2026-04-10 00:20:42,121 - Epoch: 43, 231/274: VFL loss: 0.0002, total loss: 0.0497, anchor loss: 0.0495, VFL train accuracy: 1.0000
2026-04-10 00:20:42,493 - Epoch: 43, 241/274: VFL loss: 0.0002, total loss: 0.0498, anchor loss: 0.0496, VFL train accuracy: 1.0000
2026-04-10 00:20:42,876 - Epoch: 43, 251/274: VFL loss: 0.0002, total loss: 0.0497, anchor loss: 0.0495, VFL train accuracy: 1.0000
2026-04-10 00:20:43,315 - Epoch: 43, 261/274: VFL loss: 0.0002, total loss: 0.0497, anchor loss: 0.0496, VFL train accuracy: 1.0000
2026-04-10 00:20:43,688 - Epoch: 43, 271/274: VFL loss: 0.0002, total loss: 0.0497, anchor loss: 0.0495, VFL train accuracy: 1.0000
2026-04-10 00:20:43,812 - => Recorded Stage 2 client anchor losses for epoch 43 to './results/AVGuard/Fourclient/NUSWIDE/ema_scan/lambda_1.0_ema_0.999\stage2_final_epoch_client_anchor_losses.json': {0: 0.017695, 1: 0.059118, 2: 0.054022, 3: 0.067286}
2026-04-10 00:20:43,821 - => Stage 2 EMA anchor update applied at epoch 43 with momentum 0.9990: updated classes per client {0: 5, 1: 5, 2: 5, 3: 5}
2026-04-10 00:20:43,822 - => Stage 2 Epoch 43 Training Summary: VFL loss: 0.0002, total loss: 0.0497, anchor loss: 0.0495, VFL train accuracy: 1.0000
2026-04-10 00:20:43,822 - => Test ASR...
2026-04-10 00:20:43,925 - =>Add Trigger to Test Data
2026-04-10 00:20:47,462 - Add Trigger to 37064 Bad Samples, 9629 Clean Samples (1.00)
2026-04-10 00:20:59,895 - => Test Epoch: 43, main task samples: 46693, attack samples: 46693, test loss: 1.4533, clean acc: 0.6206, Top-4: 0.9948, ASR: 0.3752, RAC: 0.4872, test target accuracy: 0.8811, stage3 final accuracy: 0.6206, stage3 final target accuracy: 0.6235, stage3 final asr: 0.3752, anchor loss: 0.0690
2026-04-10 00:20:59,896 - => Stage 3 Detection Summary: recall: 0.5885, precision: 0.0441, f1: 0.0821, false positive rate: 0.4063, correction rate: 0.3188
2026-04-10 00:20:59,896 - => Stage 3 Debug (clean): suspicious=18972/46693, correction_applied=18946, prediction_changed=18946, skipped_tied_vote=0, skipped_low_margin=0, skipped_other=26
2026-04-10 00:20:59,896 - => Stage 3 Debug (poison-valid): suspicious=20716/37064, correction_applied=20715, prediction_changed=20715, skipped_tied_vote=0, skipped_low_margin=0, skipped_other=1
2026-04-10 00:20:59,896 - => Stage 3 Debug (attack-success): suspicious=1752/2977, correction_applied=1752, prediction_changed=1752, corrected_to_true=949
2026-04-10 00:20:59,980 - => End Epoch: 43, early stop epochs: 42, best epoch: 1, best clean acc: 0.5959, best Top-4: 0.9966, best ASR: 0.3630, best RAC: 0.5313, anchor loss: 0.0788
2026-04-10 00:20:59,981 - => Stage 3 Detection Summary: recall: 0.8055, precision: 0.1636, f1: 0.2720, false positive rate: 0.4208, correction rate: 0.5521
2026-04-10 00:21:00,023 - => LFBA current anchor-derived target label: 3
2026-04-10 00:21:00,098 - =>Add Trigger to Train Data
2026-04-10 00:21:00,452 - Add Trigger to 6996 Bad Samples, 62970 Clean Samples (0.10)
2026-04-10 00:21:00,455 - => Start Training for Injecting Backdoor...
2026-04-10 00:21:00,511 - Epoch: 44, 1/274: VFL loss: 0.0003, total loss: 0.0457, anchor loss: 0.0454, VFL train accuracy: 1.0000
2026-04-10 00:21:01,194 - Epoch: 44, 11/274: VFL loss: 0.0001, total loss: 0.0494, anchor loss: 0.0493, VFL train accuracy: 1.0000
2026-04-10 00:21:01,556 - Epoch: 44, 21/274: VFL loss: 0.0001, total loss: 0.0494, anchor loss: 0.0493, VFL train accuracy: 1.0000
2026-04-10 00:21:01,934 - Epoch: 44, 31/274: VFL loss: 0.0001, total loss: 0.0495, anchor loss: 0.0494, VFL train accuracy: 1.0000
2026-04-10 00:21:02,356 - Epoch: 44, 41/274: VFL loss: 0.0001, total loss: 0.0498, anchor loss: 0.0496, VFL train accuracy: 1.0000
2026-04-10 00:21:02,742 - Epoch: 44, 51/274: VFL loss: 0.0001, total loss: 0.0496, anchor loss: 0.0495, VFL train accuracy: 1.0000
2026-04-10 00:21:03,116 - Epoch: 44, 61/274: VFL loss: 0.0001, total loss: 0.0495, anchor loss: 0.0493, VFL train accuracy: 1.0000
2026-04-10 00:21:03,478 - Epoch: 44, 71/274: VFL loss: 0.0001, total loss: 0.0494, anchor loss: 0.0493, VFL train accuracy: 1.0000
2026-04-10 00:21:03,837 - Epoch: 44, 81/274: VFL loss: 0.0001, total loss: 0.0494, anchor loss: 0.0493, VFL train accuracy: 1.0000
2026-04-10 00:21:04,207 - Epoch: 44, 91/274: VFL loss: 0.0001, total loss: 0.0496, anchor loss: 0.0494, VFL train accuracy: 1.0000
2026-04-10 00:21:04,573 - Epoch: 44, 101/274: VFL loss: 0.0001, total loss: 0.0496, anchor loss: 0.0494, VFL train accuracy: 1.0000
2026-04-10 00:21:04,937 - Epoch: 44, 111/274: VFL loss: 0.0001, total loss: 0.0497, anchor loss: 0.0496, VFL train accuracy: 1.0000
2026-04-10 00:21:05,292 - Epoch: 44, 121/274: VFL loss: 0.0001, total loss: 0.0497, anchor loss: 0.0496, VFL train accuracy: 1.0000
2026-04-10 00:21:05,664 - Epoch: 44, 131/274: VFL loss: 0.0001, total loss: 0.0497, anchor loss: 0.0496, VFL train accuracy: 1.0000
2026-04-10 00:21:06,046 - Epoch: 44, 141/274: VFL loss: 0.0001, total loss: 0.0496, anchor loss: 0.0495, VFL train accuracy: 1.0000
2026-04-10 00:21:06,418 - Epoch: 44, 151/274: VFL loss: 0.0001, total loss: 0.0495, anchor loss: 0.0494, VFL train accuracy: 1.0000
2026-04-10 00:21:06,778 - Epoch: 44, 161/274: VFL loss: 0.0001, total loss: 0.0496, anchor loss: 0.0495, VFL train accuracy: 1.0000
2026-04-10 00:21:07,212 - Epoch: 44, 171/274: VFL loss: 0.0001, total loss: 0.0496, anchor loss: 0.0494, VFL train accuracy: 1.0000
2026-04-10 00:21:07,586 - Epoch: 44, 181/274: VFL loss: 0.0001, total loss: 0.0496, anchor loss: 0.0495, VFL train accuracy: 1.0000
2026-04-10 00:21:07,952 - Epoch: 44, 191/274: VFL loss: 0.0001, total loss: 0.0497, anchor loss: 0.0495, VFL train accuracy: 1.0000
2026-04-10 00:21:08,332 - Epoch: 44, 201/274: VFL loss: 0.0001, total loss: 0.0497, anchor loss: 0.0495, VFL train accuracy: 1.0000
2026-04-10 00:21:08,687 - Epoch: 44, 211/274: VFL loss: 0.0001, total loss: 0.0497, anchor loss: 0.0496, VFL train accuracy: 1.0000
2026-04-10 00:21:09,055 - Epoch: 44, 221/274: VFL loss: 0.0001, total loss: 0.0496, anchor loss: 0.0494, VFL train accuracy: 1.0000
2026-04-10 00:21:09,416 - Epoch: 44, 231/274: VFL loss: 0.0001, total loss: 0.0496, anchor loss: 0.0494, VFL train accuracy: 1.0000
2026-04-10 00:21:09,795 - Epoch: 44, 241/274: VFL loss: 0.0001, total loss: 0.0496, anchor loss: 0.0494, VFL train accuracy: 1.0000
2026-04-10 00:21:10,165 - Epoch: 44, 251/274: VFL loss: 0.0001, total loss: 0.0496, anchor loss: 0.0494, VFL train accuracy: 1.0000
2026-04-10 00:21:10,525 - Epoch: 44, 261/274: VFL loss: 0.0001, total loss: 0.0496, anchor loss: 0.0495, VFL train accuracy: 1.0000
2026-04-10 00:21:10,893 - Epoch: 44, 271/274: VFL loss: 0.0001, total loss: 0.0496, anchor loss: 0.0495, VFL train accuracy: 1.0000
2026-04-10 00:21:11,028 - => Recorded Stage 2 client anchor losses for epoch 44 to './results/AVGuard/Fourclient/NUSWIDE/ema_scan/lambda_1.0_ema_0.999\stage2_final_epoch_client_anchor_losses.json': {0: 0.017649, 1: 0.059012, 2: 0.053946, 3: 0.067201}
2026-04-10 00:21:11,037 - => Stage 2 EMA anchor update applied at epoch 44 with momentum 0.9990: updated classes per client {0: 5, 1: 5, 2: 5, 3: 5}
2026-04-10 00:21:11,038 - => Stage 2 Epoch 44 Training Summary: VFL loss: 0.0001, total loss: 0.0496, anchor loss: 0.0494, VFL train accuracy: 1.0000
2026-04-10 00:21:11,038 - => Test ASR...
2026-04-10 00:21:11,147 - =>Add Trigger to Test Data
2026-04-10 00:21:14,338 - Add Trigger to 37064 Bad Samples, 9629 Clean Samples (1.00)
2026-04-10 00:21:26,942 - => Test Epoch: 44, main task samples: 46693, attack samples: 46693, test loss: 1.4567, clean acc: 0.6206, Top-4: 0.9947, ASR: 0.3740, RAC: 0.4871, test target accuracy: 0.8800, stage3 final accuracy: 0.6206, stage3 final target accuracy: 0.6217, stage3 final asr: 0.3740, anchor loss: 0.0689
2026-04-10 00:21:26,942 - => Stage 3 Detection Summary: recall: 0.5892, precision: 0.0430, f1: 0.0801, false positive rate: 0.4067, correction rate: 0.3186
2026-04-10 00:21:26,943 - => Stage 3 Debug (clean): suspicious=18992/46693, correction_applied=18962, prediction_changed=18962, skipped_tied_vote=0, skipped_low_margin=0, skipped_other=30
2026-04-10 00:21:26,943 - => Stage 3 Debug (poison-valid): suspicious=20727/37064, correction_applied=20725, prediction_changed=20725, skipped_tied_vote=0, skipped_low_margin=0, skipped_other=2
2026-04-10 00:21:26,943 - => Stage 3 Debug (attack-success): suspicious=1707/2897, correction_applied=1706, prediction_changed=1706, corrected_to_true=923
2026-04-10 00:21:27,017 - => End Epoch: 44, early stop epochs: 43, best epoch: 1, best clean acc: 0.5959, best Top-4: 0.9966, best ASR: 0.3630, best RAC: 0.5313, anchor loss: 0.0788
2026-04-10 00:21:27,017 - => Stage 3 Detection Summary: recall: 0.8055, precision: 0.1636, f1: 0.2720, false positive rate: 0.4208, correction rate: 0.5521
2026-04-10 00:21:27,062 - => LFBA current anchor-derived target label: 3
2026-04-10 00:21:27,138 - =>Add Trigger to Train Data
2026-04-10 00:21:27,487 - Add Trigger to 6996 Bad Samples, 62970 Clean Samples (0.10)
2026-04-10 00:21:27,490 - => Start Training for Injecting Backdoor...
2026-04-10 00:21:27,550 - Epoch: 45, 1/274: VFL loss: 0.0001, total loss: 0.0472, anchor loss: 0.0471, VFL train accuracy: 1.0000
2026-04-10 00:21:28,184 - Epoch: 45, 11/274: VFL loss: 0.0002, total loss: 0.0501, anchor loss: 0.0499, VFL train accuracy: 1.0000
2026-04-10 00:21:28,534 - Epoch: 45, 21/274: VFL loss: 0.0002, total loss: 0.0500, anchor loss: 0.0498, VFL train accuracy: 1.0000
2026-04-10 00:21:28,897 - Epoch: 45, 31/274: VFL loss: 0.0002, total loss: 0.0496, anchor loss: 0.0495, VFL train accuracy: 1.0000
2026-04-10 00:21:29,258 - Epoch: 45, 41/274: VFL loss: 0.0002, total loss: 0.0495, anchor loss: 0.0493, VFL train accuracy: 0.9999
2026-04-10 00:21:29,614 - Epoch: 45, 51/274: VFL loss: 0.0002, total loss: 0.0494, anchor loss: 0.0491, VFL train accuracy: 0.9999
2026-04-10 00:21:30,014 - Epoch: 45, 61/274: VFL loss: 0.0002, total loss: 0.0495, anchor loss: 0.0492, VFL train accuracy: 0.9999
2026-04-10 00:21:30,375 - Epoch: 45, 71/274: VFL loss: 0.0002, total loss: 0.0497, anchor loss: 0.0495, VFL train accuracy: 0.9999
2026-04-10 00:21:30,761 - Epoch: 45, 81/274: VFL loss: 0.0002, total loss: 0.0495, anchor loss: 0.0494, VFL train accuracy: 1.0000
2026-04-10 00:21:31,133 - Epoch: 45, 91/274: VFL loss: 0.0002, total loss: 0.0493, anchor loss: 0.0491, VFL train accuracy: 1.0000
2026-04-10 00:21:31,522 - Epoch: 45, 101/274: VFL loss: 0.0002, total loss: 0.0493, anchor loss: 0.0491, VFL train accuracy: 1.0000
2026-04-10 00:21:31,883 - Epoch: 45, 111/274: VFL loss: 0.0002, total loss: 0.0493, anchor loss: 0.0491, VFL train accuracy: 1.0000
2026-04-10 00:21:32,253 - Epoch: 45, 121/274: VFL loss: 0.0002, total loss: 0.0493, anchor loss: 0.0491, VFL train accuracy: 1.0000
2026-04-10 00:21:32,614 - Epoch: 45, 131/274: VFL loss: 0.0002, total loss: 0.0494, anchor loss: 0.0492, VFL train accuracy: 1.0000
2026-04-10 00:21:32,996 - Epoch: 45, 141/274: VFL loss: 0.0002, total loss: 0.0494, anchor loss: 0.0492, VFL train accuracy: 1.0000
2026-04-10 00:21:33,357 - Epoch: 45, 151/274: VFL loss: 0.0002, total loss: 0.0494, anchor loss: 0.0493, VFL train accuracy: 1.0000
2026-04-10 00:21:33,716 - Epoch: 45, 161/274: VFL loss: 0.0002, total loss: 0.0495, anchor loss: 0.0493, VFL train accuracy: 1.0000
2026-04-10 00:21:34,088 - Epoch: 45, 171/274: VFL loss: 0.0002, total loss: 0.0495, anchor loss: 0.0493, VFL train accuracy: 1.0000
2026-04-10 00:21:34,450 - Epoch: 45, 181/274: VFL loss: 0.0002, total loss: 0.0494, anchor loss: 0.0492, VFL train accuracy: 1.0000
2026-04-10 00:21:34,835 - Epoch: 45, 191/274: VFL loss: 0.0002, total loss: 0.0495, anchor loss: 0.0494, VFL train accuracy: 1.0000
2026-04-10 00:21:35,216 - Epoch: 45, 201/274: VFL loss: 0.0002, total loss: 0.0495, anchor loss: 0.0493, VFL train accuracy: 1.0000
2026-04-10 00:21:35,587 - Epoch: 45, 211/274: VFL loss: 0.0002, total loss: 0.0495, anchor loss: 0.0494, VFL train accuracy: 1.0000
2026-04-10 00:21:35,966 - Epoch: 45, 221/274: VFL loss: 0.0002, total loss: 0.0495, anchor loss: 0.0494, VFL train accuracy: 1.0000
2026-04-10 00:21:36,318 - Epoch: 45, 231/274: VFL loss: 0.0002, total loss: 0.0495, anchor loss: 0.0494, VFL train accuracy: 1.0000
2026-04-10 00:21:36,713 - Epoch: 45, 241/274: VFL loss: 0.0002, total loss: 0.0496, anchor loss: 0.0494, VFL train accuracy: 1.0000
2026-04-10 00:21:37,093 - Epoch: 45, 251/274: VFL loss: 0.0002, total loss: 0.0496, anchor loss: 0.0494, VFL train accuracy: 1.0000
2026-04-10 00:21:37,458 - Epoch: 45, 261/274: VFL loss: 0.0002, total loss: 0.0495, anchor loss: 0.0494, VFL train accuracy: 1.0000
2026-04-10 00:21:37,821 - Epoch: 45, 271/274: VFL loss: 0.0002, total loss: 0.0495, anchor loss: 0.0494, VFL train accuracy: 1.0000
2026-04-10 00:21:37,949 - => Recorded Stage 2 client anchor losses for epoch 45 to './results/AVGuard/Fourclient/NUSWIDE/ema_scan/lambda_1.0_ema_0.999\stage2_final_epoch_client_anchor_losses.json': {0: 0.017603, 1: 0.058904, 2: 0.053871, 3: 0.067129}
2026-04-10 00:21:37,963 - => Stage 2 EMA anchor update applied at epoch 45 with momentum 0.9990: updated classes per client {0: 5, 1: 5, 2: 5, 3: 5}
2026-04-10 00:21:37,963 - => Stage 2 Epoch 45 Training Summary: VFL loss: 0.0002, total loss: 0.0495, anchor loss: 0.0494, VFL train accuracy: 1.0000
2026-04-10 00:21:37,963 - => Test ASR...
2026-04-10 00:21:38,064 - =>Add Trigger to Test Data
2026-04-10 00:21:41,439 - Add Trigger to 37064 Bad Samples, 9629 Clean Samples (1.00)
2026-04-10 00:21:53,997 - => Test Epoch: 45, main task samples: 46693, attack samples: 46693, test loss: 1.4606, clean acc: 0.6203, Top-4: 0.9947, ASR: 0.3749, RAC: 0.4866, test target accuracy: 0.8800, stage3 final accuracy: 0.6203, stage3 final target accuracy: 0.6229, stage3 final asr: 0.3749, anchor loss: 0.0689
2026-04-10 00:21:53,997 - => Stage 3 Detection Summary: recall: 0.5878, precision: 0.0429, f1: 0.0800, false positive rate: 0.4070, correction rate: 0.3161
2026-04-10 00:21:53,997 - => Stage 3 Debug (clean): suspicious=19004/46693, correction_applied=18979, prediction_changed=18979, skipped_tied_vote=0, skipped_low_margin=0, skipped_other=25
2026-04-10 00:21:53,997 - => Stage 3 Debug (poison-valid): suspicious=20750/37064, correction_applied=20744, prediction_changed=20744, skipped_tied_vote=0, skipped_low_margin=0, skipped_other=6
2026-04-10 00:21:53,997 - => Stage 3 Debug (attack-success): suspicious=1707/2904, correction_applied=1702, prediction_changed=1702, corrected_to_true=918
2026-04-10 00:21:54,076 - => End Epoch: 45, early stop epochs: 44, best epoch: 1, best clean acc: 0.5959, best Top-4: 0.9966, best ASR: 0.3630, best RAC: 0.5313, anchor loss: 0.0788
2026-04-10 00:21:54,077 - => Stage 3 Detection Summary: recall: 0.8055, precision: 0.1636, f1: 0.2720, false positive rate: 0.4208, correction rate: 0.5521
2026-04-10 00:21:54,116 - => LFBA current anchor-derived target label: 3
2026-04-10 00:21:54,192 - =>Add Trigger to Train Data
2026-04-10 00:21:54,542 - Add Trigger to 6996 Bad Samples, 62970 Clean Samples (0.10)
2026-04-10 00:21:54,544 - => Start Training for Injecting Backdoor...
2026-04-10 00:21:54,603 - Epoch: 46, 1/274: VFL loss: 0.0001, total loss: 0.0512, anchor loss: 0.0511, VFL train accuracy: 1.0000
2026-04-10 00:21:55,316 - Epoch: 46, 11/274: VFL loss: 0.0001, total loss: 0.0491, anchor loss: 0.0489, VFL train accuracy: 1.0000
2026-04-10 00:21:55,697 - Epoch: 46, 21/274: VFL loss: 0.0001, total loss: 0.0493, anchor loss: 0.0491, VFL train accuracy: 1.0000
2026-04-10 00:21:56,063 - Epoch: 46, 31/274: VFL loss: 0.0001, total loss: 0.0491, anchor loss: 0.0489, VFL train accuracy: 1.0000
2026-04-10 00:21:56,424 - Epoch: 46, 41/274: VFL loss: 0.0001, total loss: 0.0490, anchor loss: 0.0489, VFL train accuracy: 1.0000
2026-04-10 00:21:56,778 - Epoch: 46, 51/274: VFL loss: 0.0001, total loss: 0.0490, anchor loss: 0.0489, VFL train accuracy: 1.0000
2026-04-10 00:21:57,150 - Epoch: 46, 61/274: VFL loss: 0.0001, total loss: 0.0491, anchor loss: 0.0489, VFL train accuracy: 1.0000
2026-04-10 00:21:57,534 - Epoch: 46, 71/274: VFL loss: 0.0001, total loss: 0.0491, anchor loss: 0.0489, VFL train accuracy: 1.0000
2026-04-10 00:21:57,889 - Epoch: 46, 81/274: VFL loss: 0.0001, total loss: 0.0490, anchor loss: 0.0488, VFL train accuracy: 1.0000
2026-04-10 00:21:58,262 - Epoch: 46, 91/274: VFL loss: 0.0001, total loss: 0.0490, anchor loss: 0.0488, VFL train accuracy: 1.0000
2026-04-10 00:21:58,644 - Epoch: 46, 101/274: VFL loss: 0.0001, total loss: 0.0491, anchor loss: 0.0490, VFL train accuracy: 1.0000
2026-04-10 00:21:59,007 - Epoch: 46, 111/274: VFL loss: 0.0001, total loss: 0.0492, anchor loss: 0.0491, VFL train accuracy: 1.0000
2026-04-10 00:21:59,384 - Epoch: 46, 121/274: VFL loss: 0.0001, total loss: 0.0492, anchor loss: 0.0490, VFL train accuracy: 1.0000
2026-04-10 00:21:59,765 - Epoch: 46, 131/274: VFL loss: 0.0001, total loss: 0.0493, anchor loss: 0.0491, VFL train accuracy: 1.0000
2026-04-10 00:22:00,157 - Epoch: 46, 141/274: VFL loss: 0.0001, total loss: 0.0492, anchor loss: 0.0491, VFL train accuracy: 1.0000
2026-04-10 00:22:00,531 - Epoch: 46, 151/274: VFL loss: 0.0001, total loss: 0.0492, anchor loss: 0.0491, VFL train accuracy: 1.0000
2026-04-10 00:22:00,892 - Epoch: 46, 161/274: VFL loss: 0.0001, total loss: 0.0494, anchor loss: 0.0492, VFL train accuracy: 1.0000
2026-04-10 00:22:01,272 - Epoch: 46, 171/274: VFL loss: 0.0001, total loss: 0.0494, anchor loss: 0.0493, VFL train accuracy: 1.0000
2026-04-10 00:22:01,650 - Epoch: 46, 181/274: VFL loss: 0.0001, total loss: 0.0494, anchor loss: 0.0493, VFL train accuracy: 1.0000
2026-04-10 00:22:02,016 - Epoch: 46, 191/274: VFL loss: 0.0001, total loss: 0.0495, anchor loss: 0.0493, VFL train accuracy: 1.0000
2026-04-10 00:22:02,382 - Epoch: 46, 201/274: VFL loss: 0.0001, total loss: 0.0494, anchor loss: 0.0493, VFL train accuracy: 1.0000
2026-04-10 00:22:02,737 - Epoch: 46, 211/274: VFL loss: 0.0001, total loss: 0.0494, anchor loss: 0.0493, VFL train accuracy: 1.0000
2026-04-10 00:22:03,135 - Epoch: 46, 221/274: VFL loss: 0.0001, total loss: 0.0493, anchor loss: 0.0492, VFL train accuracy: 1.0000
2026-04-10 00:22:03,520 - Epoch: 46, 231/274: VFL loss: 0.0001, total loss: 0.0494, anchor loss: 0.0493, VFL train accuracy: 1.0000
2026-04-10 00:22:03,872 - Epoch: 46, 241/274: VFL loss: 0.0001, total loss: 0.0494, anchor loss: 0.0493, VFL train accuracy: 1.0000
2026-04-10 00:22:04,233 - Epoch: 46, 251/274: VFL loss: 0.0001, total loss: 0.0494, anchor loss: 0.0493, VFL train accuracy: 1.0000
2026-04-10 00:22:04,630 - Epoch: 46, 261/274: VFL loss: 0.0001, total loss: 0.0494, anchor loss: 0.0493, VFL train accuracy: 1.0000
2026-04-10 00:22:05,025 - Epoch: 46, 271/274: VFL loss: 0.0001, total loss: 0.0494, anchor loss: 0.0493, VFL train accuracy: 1.0000
2026-04-10 00:22:05,146 - => Recorded Stage 2 client anchor losses for epoch 46 to './results/AVGuard/Fourclient/NUSWIDE/ema_scan/lambda_1.0_ema_0.999\stage2_final_epoch_client_anchor_losses.json': {0: 0.017554, 1: 0.058798, 2: 0.053797, 3: 0.067007}
2026-04-10 00:22:05,154 - => Stage 2 EMA anchor update applied at epoch 46 with momentum 0.9990: updated classes per client {0: 5, 1: 5, 2: 5, 3: 5}
2026-04-10 00:22:05,154 - => Stage 2 Epoch 46 Training Summary: VFL loss: 0.0001, total loss: 0.0494, anchor loss: 0.0493, VFL train accuracy: 1.0000
2026-04-10 00:22:05,154 - => Test ASR...
2026-04-10 00:22:05,257 - =>Add Trigger to Test Data
2026-04-10 00:22:08,846 - Add Trigger to 37064 Bad Samples, 9629 Clean Samples (1.00)
2026-04-10 00:22:21,324 - => Test Epoch: 46, main task samples: 46693, attack samples: 46693, test loss: 1.4658, clean acc: 0.6203, Top-4: 0.9947, ASR: 0.3735, RAC: 0.4870, test target accuracy: 0.8799, stage3 final accuracy: 0.6203, stage3 final target accuracy: 0.6234, stage3 final asr: 0.3735, anchor loss: 0.0688
2026-04-10 00:22:21,324 - => Stage 3 Detection Summary: recall: 0.5864, precision: 0.0428, f1: 0.0797, false positive rate: 0.4063, correction rate: 0.3155
2026-04-10 00:22:21,324 - => Stage 3 Debug (clean): suspicious=18972/46693, correction_applied=18949, prediction_changed=18949, skipped_tied_vote=0, skipped_low_margin=0, skipped_other=23
2026-04-10 00:22:21,325 - => Stage 3 Debug (poison-valid): suspicious=20723/37064, correction_applied=20720, prediction_changed=20720, skipped_tied_vote=0, skipped_low_margin=0, skipped_other=3
2026-04-10 00:22:21,325 - => Stage 3 Debug (attack-success): suspicious=1697/2894, correction_applied=1695, prediction_changed=1695, corrected_to_true=913
2026-04-10 00:22:21,403 - => End Epoch: 46, early stop epochs: 45, best epoch: 1, best clean acc: 0.5959, best Top-4: 0.9966, best ASR: 0.3630, best RAC: 0.5313, anchor loss: 0.0788
2026-04-10 00:22:21,403 - => Stage 3 Detection Summary: recall: 0.8055, precision: 0.1636, f1: 0.2720, false positive rate: 0.4208, correction rate: 0.5521
2026-04-10 00:22:21,439 - => LFBA current anchor-derived target label: 3
2026-04-10 00:22:21,515 - =>Add Trigger to Train Data
2026-04-10 00:22:21,872 - Add Trigger to 6996 Bad Samples, 62970 Clean Samples (0.10)
2026-04-10 00:22:21,875 - => Start Training for Injecting Backdoor...
2026-04-10 00:22:21,935 - Epoch: 47, 1/274: VFL loss: 0.0001, total loss: 0.0477, anchor loss: 0.0476, VFL train accuracy: 1.0000
2026-04-10 00:22:22,663 - Epoch: 47, 11/274: VFL loss: 0.0001, total loss: 0.0506, anchor loss: 0.0505, VFL train accuracy: 1.0000
2026-04-10 00:22:23,094 - Epoch: 47, 21/274: VFL loss: 0.0003, total loss: 0.0503, anchor loss: 0.0500, VFL train accuracy: 0.9998
2026-04-10 00:22:23,482 - Epoch: 47, 31/274: VFL loss: 0.0002, total loss: 0.0495, anchor loss: 0.0493, VFL train accuracy: 0.9999
2026-04-10 00:22:23,883 - Epoch: 47, 41/274: VFL loss: 0.0002, total loss: 0.0496, anchor loss: 0.0494, VFL train accuracy: 0.9999
2026-04-10 00:22:24,268 - Epoch: 47, 51/274: VFL loss: 0.0002, total loss: 0.0495, anchor loss: 0.0493, VFL train accuracy: 0.9999
2026-04-10 00:22:24,652 - Epoch: 47, 61/274: VFL loss: 0.0002, total loss: 0.0495, anchor loss: 0.0494, VFL train accuracy: 0.9999
2026-04-10 00:22:25,038 - Epoch: 47, 71/274: VFL loss: 0.0002, total loss: 0.0497, anchor loss: 0.0495, VFL train accuracy: 0.9999
2026-04-10 00:22:25,394 - Epoch: 47, 81/274: VFL loss: 0.0002, total loss: 0.0495, anchor loss: 0.0493, VFL train accuracy: 1.0000
2026-04-10 00:22:25,748 - Epoch: 47, 91/274: VFL loss: 0.0002, total loss: 0.0494, anchor loss: 0.0492, VFL train accuracy: 1.0000
2026-04-10 00:22:26,127 - Epoch: 47, 101/274: VFL loss: 0.0002, total loss: 0.0494, anchor loss: 0.0493, VFL train accuracy: 1.0000
2026-04-10 00:22:26,468 - Epoch: 47, 111/274: VFL loss: 0.0002, total loss: 0.0494, anchor loss: 0.0493, VFL train accuracy: 1.0000
2026-04-10 00:22:26,858 - Epoch: 47, 121/274: VFL loss: 0.0001, total loss: 0.0494, anchor loss: 0.0492, VFL train accuracy: 1.0000
2026-04-10 00:22:27,228 - Epoch: 47, 131/274: VFL loss: 0.0001, total loss: 0.0495, anchor loss: 0.0493, VFL train accuracy: 1.0000
2026-04-10 00:22:27,604 - Epoch: 47, 141/274: VFL loss: 0.0001, total loss: 0.0494, anchor loss: 0.0493, VFL train accuracy: 1.0000
2026-04-10 00:22:28,001 - Epoch: 47, 151/274: VFL loss: 0.0002, total loss: 0.0494, anchor loss: 0.0493, VFL train accuracy: 1.0000
2026-04-10 00:22:28,414 - Epoch: 47, 161/274: VFL loss: 0.0001, total loss: 0.0493, anchor loss: 0.0492, VFL train accuracy: 1.0000
2026-04-10 00:22:28,769 - Epoch: 47, 171/274: VFL loss: 0.0001, total loss: 0.0493, anchor loss: 0.0492, VFL train accuracy: 1.0000
2026-04-10 00:22:29,139 - Epoch: 47, 181/274: VFL loss: 0.0001, total loss: 0.0494, anchor loss: 0.0492, VFL train accuracy: 1.0000
2026-04-10 00:22:29,502 - Epoch: 47, 191/274: VFL loss: 0.0001, total loss: 0.0494, anchor loss: 0.0493, VFL train accuracy: 1.0000
2026-04-10 00:22:29,853 - Epoch: 47, 201/274: VFL loss: 0.0001, total loss: 0.0494, anchor loss: 0.0492, VFL train accuracy: 1.0000
2026-04-10 00:22:30,235 - Epoch: 47, 211/274: VFL loss: 0.0001, total loss: 0.0494, anchor loss: 0.0493, VFL train accuracy: 1.0000
2026-04-10 00:22:30,601 - Epoch: 47, 221/274: VFL loss: 0.0001, total loss: 0.0495, anchor loss: 0.0493, VFL train accuracy: 1.0000
2026-04-10 00:22:30,974 - Epoch: 47, 231/274: VFL loss: 0.0001, total loss: 0.0494, anchor loss: 0.0493, VFL train accuracy: 1.0000
2026-04-10 00:22:31,333 - Epoch: 47, 241/274: VFL loss: 0.0001, total loss: 0.0494, anchor loss: 0.0492, VFL train accuracy: 1.0000
2026-04-10 00:22:31,692 - Epoch: 47, 251/274: VFL loss: 0.0001, total loss: 0.0494, anchor loss: 0.0492, VFL train accuracy: 1.0000
2026-04-10 00:22:32,084 - Epoch: 47, 261/274: VFL loss: 0.0001, total loss: 0.0494, anchor loss: 0.0492, VFL train accuracy: 1.0000
2026-04-10 00:22:32,443 - Epoch: 47, 271/274: VFL loss: 0.0001, total loss: 0.0494, anchor loss: 0.0492, VFL train accuracy: 1.0000
2026-04-10 00:22:32,570 - => Recorded Stage 2 client anchor losses for epoch 47 to './results/AVGuard/Fourclient/NUSWIDE/ema_scan/lambda_1.0_ema_0.999\stage2_final_epoch_client_anchor_losses.json': {0: 0.017503, 1: 0.058686, 2: 0.053719, 3: 0.066936}
2026-04-10 00:22:32,581 - => Stage 2 EMA anchor update applied at epoch 47 with momentum 0.9990: updated classes per client {0: 5, 1: 5, 2: 5, 3: 5}
2026-04-10 00:22:32,582 - => Stage 2 Epoch 47 Training Summary: VFL loss: 0.0001, total loss: 0.0494, anchor loss: 0.0492, VFL train accuracy: 1.0000
2026-04-10 00:22:32,582 - => Test ASR...
2026-04-10 00:22:32,683 - =>Add Trigger to Test Data
2026-04-10 00:22:36,321 - Add Trigger to 37064 Bad Samples, 9629 Clean Samples (1.00)
2026-04-10 00:22:48,905 - => Test Epoch: 47, main task samples: 46693, attack samples: 46693, test loss: 1.4695, clean acc: 0.6205, Top-4: 0.9947, ASR: 0.3738, RAC: 0.4866, test target accuracy: 0.8806, stage3 final accuracy: 0.6205, stage3 final target accuracy: 0.6232, stage3 final asr: 0.3738, anchor loss: 0.0687
2026-04-10 00:22:48,906 - => Stage 3 Detection Summary: recall: 0.5859, precision: 0.0430, f1: 0.0802, false positive rate: 0.4066, correction rate: 0.3168
2026-04-10 00:22:48,906 - => Stage 3 Debug (clean): suspicious=18984/46693, correction_applied=18961, prediction_changed=18961, skipped_tied_vote=0, skipped_low_margin=0, skipped_other=23
2026-04-10 00:22:48,906 - => Stage 3 Debug (poison-valid): suspicious=20739/37064, correction_applied=20736, prediction_changed=20736, skipped_tied_vote=0, skipped_low_margin=0, skipped_other=3
2026-04-10 00:22:48,908 - => Stage 3 Debug (attack-success): suspicious=1709/2917, correction_applied=1707, prediction_changed=1707, corrected_to_true=924
2026-04-10 00:22:48,986 - => End Epoch: 47, early stop epochs: 46, best epoch: 1, best clean acc: 0.5959, best Top-4: 0.9966, best ASR: 0.3630, best RAC: 0.5313, anchor loss: 0.0788
2026-04-10 00:22:48,986 - => Stage 3 Detection Summary: recall: 0.8055, precision: 0.1636, f1: 0.2720, false positive rate: 0.4208, correction rate: 0.5521
2026-04-10 00:22:49,031 - => LFBA current anchor-derived target label: 3
2026-04-10 00:22:49,106 - =>Add Trigger to Train Data
2026-04-10 00:22:49,452 - Add Trigger to 6996 Bad Samples, 62970 Clean Samples (0.10)
2026-04-10 00:22:49,455 - => Start Training for Injecting Backdoor...
2026-04-10 00:22:49,515 - Epoch: 48, 1/274: VFL loss: 0.0001, total loss: 0.0501, anchor loss: 0.0500, VFL train accuracy: 1.0000
2026-04-10 00:22:50,174 - Epoch: 48, 11/274: VFL loss: 0.0001, total loss: 0.0496, anchor loss: 0.0495, VFL train accuracy: 1.0000
2026-04-10 00:22:50,560 - Epoch: 48, 21/274: VFL loss: 0.0001, total loss: 0.0494, anchor loss: 0.0493, VFL train accuracy: 1.0000
2026-04-10 00:22:50,929 - Epoch: 48, 31/274: VFL loss: 0.0001, total loss: 0.0496, anchor loss: 0.0494, VFL train accuracy: 1.0000
2026-04-10 00:22:51,301 - Epoch: 48, 41/274: VFL loss: 0.0001, total loss: 0.0492, anchor loss: 0.0491, VFL train accuracy: 1.0000
2026-04-10 00:22:51,669 - Epoch: 48, 51/274: VFL loss: 0.0001, total loss: 0.0492, anchor loss: 0.0491, VFL train accuracy: 1.0000
2026-04-10 00:22:52,049 - Epoch: 48, 61/274: VFL loss: 0.0001, total loss: 0.0491, anchor loss: 0.0490, VFL train accuracy: 1.0000
2026-04-10 00:22:52,420 - Epoch: 48, 71/274: VFL loss: 0.0001, total loss: 0.0491, anchor loss: 0.0490, VFL train accuracy: 1.0000
2026-04-10 00:22:52,768 - Epoch: 48, 81/274: VFL loss: 0.0001, total loss: 0.0492, anchor loss: 0.0491, VFL train accuracy: 1.0000
2026-04-10 00:22:53,133 - Epoch: 48, 91/274: VFL loss: 0.0001, total loss: 0.0491, anchor loss: 0.0489, VFL train accuracy: 1.0000
2026-04-10 00:22:53,501 - Epoch: 48, 101/274: VFL loss: 0.0001, total loss: 0.0491, anchor loss: 0.0489, VFL train accuracy: 1.0000
2026-04-10 00:22:53,873 - Epoch: 48, 111/274: VFL loss: 0.0001, total loss: 0.0492, anchor loss: 0.0490, VFL train accuracy: 1.0000
2026-04-10 00:22:54,222 - Epoch: 48, 121/274: VFL loss: 0.0001, total loss: 0.0492, anchor loss: 0.0490, VFL train accuracy: 1.0000
2026-04-10 00:22:54,584 - Epoch: 48, 131/274: VFL loss: 0.0001, total loss: 0.0492, anchor loss: 0.0491, VFL train accuracy: 1.0000
2026-04-10 00:22:55,002 - Epoch: 48, 141/274: VFL loss: 0.0001, total loss: 0.0493, anchor loss: 0.0491, VFL train accuracy: 1.0000
2026-04-10 00:22:55,397 - Epoch: 48, 151/274: VFL loss: 0.0001, total loss: 0.0493, anchor loss: 0.0492, VFL train accuracy: 1.0000
2026-04-10 00:22:55,766 - Epoch: 48, 161/274: VFL loss: 0.0001, total loss: 0.0493, anchor loss: 0.0492, VFL train accuracy: 1.0000
2026-04-10 00:22:56,126 - Epoch: 48, 171/274: VFL loss: 0.0001, total loss: 0.0493, anchor loss: 0.0492, VFL train accuracy: 1.0000
2026-04-10 00:22:56,486 - Epoch: 48, 181/274: VFL loss: 0.0001, total loss: 0.0493, anchor loss: 0.0491, VFL train accuracy: 1.0000
2026-04-10 00:22:56,841 - Epoch: 48, 191/274: VFL loss: 0.0001, total loss: 0.0492, anchor loss: 0.0491, VFL train accuracy: 1.0000
2026-04-10 00:22:57,213 - Epoch: 48, 201/274: VFL loss: 0.0001, total loss: 0.0492, anchor loss: 0.0491, VFL train accuracy: 1.0000
2026-04-10 00:22:57,584 - Epoch: 48, 211/274: VFL loss: 0.0001, total loss: 0.0493, anchor loss: 0.0492, VFL train accuracy: 1.0000
2026-04-10 00:22:57,982 - Epoch: 48, 221/274: VFL loss: 0.0001, total loss: 0.0493, anchor loss: 0.0491, VFL train accuracy: 1.0000
2026-04-10 00:22:58,340 - Epoch: 48, 231/274: VFL loss: 0.0001, total loss: 0.0493, anchor loss: 0.0492, VFL train accuracy: 1.0000
2026-04-10 00:22:58,713 - Epoch: 48, 241/274: VFL loss: 0.0001, total loss: 0.0493, anchor loss: 0.0491, VFL train accuracy: 1.0000
2026-04-10 00:22:59,085 - Epoch: 48, 251/274: VFL loss: 0.0001, total loss: 0.0492, anchor loss: 0.0491, VFL train accuracy: 1.0000
2026-04-10 00:22:59,450 - Epoch: 48, 261/274: VFL loss: 0.0001, total loss: 0.0493, anchor loss: 0.0491, VFL train accuracy: 1.0000
2026-04-10 00:22:59,815 - Epoch: 48, 271/274: VFL loss: 0.0001, total loss: 0.0493, anchor loss: 0.0491, VFL train accuracy: 1.0000
2026-04-10 00:22:59,956 - => Recorded Stage 2 client anchor losses for epoch 48 to './results/AVGuard/Fourclient/NUSWIDE/ema_scan/lambda_1.0_ema_0.999\stage2_final_epoch_client_anchor_losses.json': {0: 0.017451, 1: 0.058575, 2: 0.053645, 3: 0.066802}
2026-04-10 00:22:59,966 - => Stage 2 EMA anchor update applied at epoch 48 with momentum 0.9990: updated classes per client {0: 5, 1: 5, 2: 5, 3: 5}
2026-04-10 00:22:59,967 - => Stage 2 Epoch 48 Training Summary: VFL loss: 0.0001, total loss: 0.0492, anchor loss: 0.0491, VFL train accuracy: 1.0000
2026-04-10 00:22:59,967 - => Test ASR...
2026-04-10 00:23:00,071 - =>Add Trigger to Test Data
2026-04-10 00:23:03,390 - Add Trigger to 37064 Bad Samples, 9629 Clean Samples (1.00)
2026-04-10 00:23:15,812 - => Test Epoch: 48, main task samples: 46693, attack samples: 46693, test loss: 1.4755, clean acc: 0.6202, Top-4: 0.9946, ASR: 0.3721, RAC: 0.4870, test target accuracy: 0.8793, stage3 final accuracy: 0.6202, stage3 final target accuracy: 0.6220, stage3 final asr: 0.3721, anchor loss: 0.0687
2026-04-10 00:23:15,812 - => Stage 3 Detection Summary: recall: 0.5834, precision: 0.0420, f1: 0.0783, false positive rate: 0.4064, correction rate: 0.3129
2026-04-10 00:23:15,812 - => Stage 3 Debug (clean): suspicious=18974/46693, correction_applied=18946, prediction_changed=18946, skipped_tied_vote=0, skipped_low_margin=0, skipped_other=28
2026-04-10 00:23:15,812 - => Stage 3 Debug (poison-valid): suspicious=20715/37064, correction_applied=20710, prediction_changed=20710, skipped_tied_vote=0, skipped_low_margin=0, skipped_other=5
2026-04-10 00:23:15,812 - => Stage 3 Debug (attack-success): suspicious=1665/2854, correction_applied=1661, prediction_changed=1661, corrected_to_true=893
2026-04-10 00:23:15,897 - => End Epoch: 48, early stop epochs: 47, best epoch: 1, best clean acc: 0.5959, best Top-4: 0.9966, best ASR: 0.3630, best RAC: 0.5313, anchor loss: 0.0788
2026-04-10 00:23:15,898 - => Stage 3 Detection Summary: recall: 0.8055, precision: 0.1636, f1: 0.2720, false positive rate: 0.4208, correction rate: 0.5521
2026-04-10 00:23:15,940 - => LFBA current anchor-derived target label: 3
2026-04-10 00:23:16,017 - =>Add Trigger to Train Data
2026-04-10 00:23:16,386 - Add Trigger to 6996 Bad Samples, 62970 Clean Samples (0.10)
2026-04-10 00:23:16,389 - => Start Training for Injecting Backdoor...
2026-04-10 00:23:16,444 - Epoch: 49, 1/274: VFL loss: 0.0002, total loss: 0.0504, anchor loss: 0.0502, VFL train accuracy: 1.0000
2026-04-10 00:23:17,123 - Epoch: 49, 11/274: VFL loss: 0.0001, total loss: 0.0492, anchor loss: 0.0491, VFL train accuracy: 1.0000
2026-04-10 00:23:17,478 - Epoch: 49, 21/274: VFL loss: 0.0001, total loss: 0.0491, anchor loss: 0.0490, VFL train accuracy: 1.0000
2026-04-10 00:23:17,850 - Epoch: 49, 31/274: VFL loss: 0.0001, total loss: 0.0492, anchor loss: 0.0491, VFL train accuracy: 1.0000
2026-04-10 00:23:18,230 - Epoch: 49, 41/274: VFL loss: 0.0001, total loss: 0.0497, anchor loss: 0.0495, VFL train accuracy: 1.0000
2026-04-10 00:23:18,596 - Epoch: 49, 51/274: VFL loss: 0.0001, total loss: 0.0494, anchor loss: 0.0492, VFL train accuracy: 1.0000
2026-04-10 00:23:18,978 - Epoch: 49, 61/274: VFL loss: 0.0001, total loss: 0.0493, anchor loss: 0.0492, VFL train accuracy: 1.0000
2026-04-10 00:23:19,352 - Epoch: 49, 71/274: VFL loss: 0.0001, total loss: 0.0495, anchor loss: 0.0494, VFL train accuracy: 1.0000
2026-04-10 00:23:19,720 - Epoch: 49, 81/274: VFL loss: 0.0001, total loss: 0.0494, anchor loss: 0.0492, VFL train accuracy: 1.0000
2026-04-10 00:23:20,109 - Epoch: 49, 91/274: VFL loss: 0.0001, total loss: 0.0493, anchor loss: 0.0492, VFL train accuracy: 1.0000
2026-04-10 00:23:20,480 - Epoch: 49, 101/274: VFL loss: 0.0001, total loss: 0.0493, anchor loss: 0.0492, VFL train accuracy: 1.0000
2026-04-10 00:23:20,838 - Epoch: 49, 111/274: VFL loss: 0.0001, total loss: 0.0494, anchor loss: 0.0492, VFL train accuracy: 1.0000
2026-04-10 00:23:21,242 - Epoch: 49, 121/274: VFL loss: 0.0001, total loss: 0.0493, anchor loss: 0.0492, VFL train accuracy: 1.0000
2026-04-10 00:23:21,622 - Epoch: 49, 131/274: VFL loss: 0.0001, total loss: 0.0493, anchor loss: 0.0492, VFL train accuracy: 1.0000
2026-04-10 00:23:22,016 - Epoch: 49, 141/274: VFL loss: 0.0001, total loss: 0.0492, anchor loss: 0.0491, VFL train accuracy: 1.0000
2026-04-10 00:23:22,366 - Epoch: 49, 151/274: VFL loss: 0.0001, total loss: 0.0491, anchor loss: 0.0489, VFL train accuracy: 1.0000
2026-04-10 00:23:22,741 - Epoch: 49, 161/274: VFL loss: 0.0001, total loss: 0.0491, anchor loss: 0.0489, VFL train accuracy: 1.0000
2026-04-10 00:23:23,117 - Epoch: 49, 171/274: VFL loss: 0.0001, total loss: 0.0491, anchor loss: 0.0490, VFL train accuracy: 1.0000
2026-04-10 00:23:23,498 - Epoch: 49, 181/274: VFL loss: 0.0002, total loss: 0.0492, anchor loss: 0.0490, VFL train accuracy: 1.0000
2026-04-10 00:23:23,903 - Epoch: 49, 191/274: VFL loss: 0.0002, total loss: 0.0492, anchor loss: 0.0490, VFL train accuracy: 1.0000
2026-04-10 00:23:24,270 - Epoch: 49, 201/274: VFL loss: 0.0002, total loss: 0.0492, anchor loss: 0.0490, VFL train accuracy: 1.0000
2026-04-10 00:23:24,644 - Epoch: 49, 211/274: VFL loss: 0.0002, total loss: 0.0492, anchor loss: 0.0491, VFL train accuracy: 1.0000
2026-04-10 00:23:25,035 - Epoch: 49, 221/274: VFL loss: 0.0001, total loss: 0.0492, anchor loss: 0.0491, VFL train accuracy: 1.0000
2026-04-10 00:23:25,406 - Epoch: 49, 231/274: VFL loss: 0.0001, total loss: 0.0492, anchor loss: 0.0491, VFL train accuracy: 1.0000
2026-04-10 00:23:25,783 - Epoch: 49, 241/274: VFL loss: 0.0001, total loss: 0.0492, anchor loss: 0.0491, VFL train accuracy: 1.0000
2026-04-10 00:23:26,181 - Epoch: 49, 251/274: VFL loss: 0.0001, total loss: 0.0492, anchor loss: 0.0490, VFL train accuracy: 1.0000
2026-04-10 00:23:26,551 - Epoch: 49, 261/274: VFL loss: 0.0001, total loss: 0.0491, anchor loss: 0.0490, VFL train accuracy: 1.0000
2026-04-10 00:23:26,937 - Epoch: 49, 271/274: VFL loss: 0.0001, total loss: 0.0492, anchor loss: 0.0490, VFL train accuracy: 1.0000
2026-04-10 00:23:27,051 - => Recorded Stage 2 client anchor losses for epoch 49 to './results/AVGuard/Fourclient/NUSWIDE/ema_scan/lambda_1.0_ema_0.999\stage2_final_epoch_client_anchor_losses.json': {0: 0.017397, 1: 0.058466, 2: 0.053571, 3: 0.066707}
2026-04-10 00:23:27,058 - => Stage 2 EMA anchor update applied at epoch 49 with momentum 0.9990: updated classes per client {0: 5, 1: 5, 2: 5, 3: 5}
2026-04-10 00:23:27,058 - => Stage 2 Epoch 49 Training Summary: VFL loss: 0.0001, total loss: 0.0492, anchor loss: 0.0491, VFL train accuracy: 1.0000
2026-04-10 00:23:27,060 - => Test ASR...
2026-04-10 00:23:27,162 - =>Add Trigger to Test Data
2026-04-10 00:23:30,590 - Add Trigger to 37064 Bad Samples, 9629 Clean Samples (1.00)
2026-04-10 00:23:42,765 - => Test Epoch: 49, main task samples: 46693, attack samples: 46693, test loss: 1.4815, clean acc: 0.6205, Top-4: 0.9946, ASR: 0.3723, RAC: 0.4873, test target accuracy: 0.8806, stage3 final accuracy: 0.6205, stage3 final target accuracy: 0.6227, stage3 final asr: 0.3723, anchor loss: 0.0686
2026-04-10 00:23:42,765 - => Stage 3 Detection Summary: recall: 0.5873, precision: 0.0431, f1: 0.0803, false positive rate: 0.4064, correction rate: 0.3177
2026-04-10 00:23:42,765 - => Stage 3 Debug (clean): suspicious=18975/46693, correction_applied=18949, prediction_changed=18949, skipped_tied_vote=0, skipped_low_margin=0, skipped_other=26
2026-04-10 00:23:42,766 - => Stage 3 Debug (poison-valid): suspicious=20727/37064, correction_applied=20722, prediction_changed=20722, skipped_tied_vote=0, skipped_low_margin=0, skipped_other=5
2026-04-10 00:23:42,766 - => Stage 3 Debug (attack-success): suspicious=1712/2915, correction_applied=1708, prediction_changed=1708, corrected_to_true=926
2026-04-10 00:23:42,845 - => End Epoch: 49, early stop epochs: 48, best epoch: 1, best clean acc: 0.5959, best Top-4: 0.9966, best ASR: 0.3630, best RAC: 0.5313, anchor loss: 0.0788
2026-04-10 00:23:42,845 - => Stage 3 Detection Summary: recall: 0.8055, precision: 0.1636, f1: 0.2720, false positive rate: 0.4208, correction rate: 0.5521
2026-04-10 00:23:42,883 - => LFBA current anchor-derived target label: 3
2026-04-10 00:23:42,961 - =>Add Trigger to Train Data
2026-04-10 00:23:43,345 - Add Trigger to 6996 Bad Samples, 62970 Clean Samples (0.10)
2026-04-10 00:23:43,348 - => Start Training for Injecting Backdoor...
2026-04-10 00:23:43,404 - Epoch: 50, 1/274: VFL loss: 0.0001, total loss: 0.0510, anchor loss: 0.0509, VFL train accuracy: 1.0000
2026-04-10 00:23:44,100 - Epoch: 50, 11/274: VFL loss: 0.0001, total loss: 0.0502, anchor loss: 0.0501, VFL train accuracy: 1.0000
2026-04-10 00:23:44,477 - Epoch: 50, 21/274: VFL loss: 0.0001, total loss: 0.0502, anchor loss: 0.0501, VFL train accuracy: 1.0000
2026-04-10 00:23:44,847 - Epoch: 50, 31/274: VFL loss: 0.0001, total loss: 0.0494, anchor loss: 0.0493, VFL train accuracy: 1.0000
2026-04-10 00:23:45,260 - Epoch: 50, 41/274: VFL loss: 0.0001, total loss: 0.0492, anchor loss: 0.0491, VFL train accuracy: 1.0000
2026-04-10 00:23:45,623 - Epoch: 50, 51/274: VFL loss: 0.0001, total loss: 0.0492, anchor loss: 0.0491, VFL train accuracy: 1.0000
2026-04-10 00:23:45,992 - Epoch: 50, 61/274: VFL loss: 0.0001, total loss: 0.0491, anchor loss: 0.0490, VFL train accuracy: 1.0000
2026-04-10 00:23:46,346 - Epoch: 50, 71/274: VFL loss: 0.0001, total loss: 0.0490, anchor loss: 0.0489, VFL train accuracy: 1.0000
2026-04-10 00:23:46,693 - Epoch: 50, 81/274: VFL loss: 0.0001, total loss: 0.0490, anchor loss: 0.0489, VFL train accuracy: 1.0000
2026-04-10 00:23:47,082 - Epoch: 50, 91/274: VFL loss: 0.0001, total loss: 0.0491, anchor loss: 0.0490, VFL train accuracy: 1.0000
2026-04-10 00:23:47,444 - Epoch: 50, 101/274: VFL loss: 0.0001, total loss: 0.0490, anchor loss: 0.0489, VFL train accuracy: 1.0000
2026-04-10 00:23:47,842 - Epoch: 50, 111/274: VFL loss: 0.0001, total loss: 0.0492, anchor loss: 0.0490, VFL train accuracy: 1.0000
2026-04-10 00:23:48,208 - Epoch: 50, 121/274: VFL loss: 0.0001, total loss: 0.0492, anchor loss: 0.0491, VFL train accuracy: 1.0000
2026-04-10 00:23:48,577 - Epoch: 50, 131/274: VFL loss: 0.0001, total loss: 0.0493, anchor loss: 0.0492, VFL train accuracy: 1.0000
2026-04-10 00:23:48,956 - Epoch: 50, 141/274: VFL loss: 0.0001, total loss: 0.0492, anchor loss: 0.0491, VFL train accuracy: 1.0000
2026-04-10 00:23:49,308 - Epoch: 50, 151/274: VFL loss: 0.0001, total loss: 0.0493, anchor loss: 0.0491, VFL train accuracy: 1.0000
2026-04-10 00:23:49,666 - Epoch: 50, 161/274: VFL loss: 0.0001, total loss: 0.0493, anchor loss: 0.0491, VFL train accuracy: 1.0000
2026-04-10 00:23:50,042 - Epoch: 50, 171/274: VFL loss: 0.0001, total loss: 0.0492, anchor loss: 0.0491, VFL train accuracy: 1.0000
2026-04-10 00:23:50,408 - Epoch: 50, 181/274: VFL loss: 0.0001, total loss: 0.0491, anchor loss: 0.0490, VFL train accuracy: 1.0000
2026-04-10 00:23:50,787 - Epoch: 50, 191/274: VFL loss: 0.0001, total loss: 0.0491, anchor loss: 0.0490, VFL train accuracy: 1.0000
2026-04-10 00:23:51,175 - Epoch: 50, 201/274: VFL loss: 0.0001, total loss: 0.0491, anchor loss: 0.0490, VFL train accuracy: 1.0000
2026-04-10 00:23:51,556 - Epoch: 50, 211/274: VFL loss: 0.0001, total loss: 0.0491, anchor loss: 0.0490, VFL train accuracy: 1.0000
2026-04-10 00:23:51,922 - Epoch: 50, 221/274: VFL loss: 0.0001, total loss: 0.0491, anchor loss: 0.0490, VFL train accuracy: 1.0000
2026-04-10 00:23:52,293 - Epoch: 50, 231/274: VFL loss: 0.0001, total loss: 0.0490, anchor loss: 0.0489, VFL train accuracy: 1.0000
2026-04-10 00:23:52,654 - Epoch: 50, 241/274: VFL loss: 0.0001, total loss: 0.0491, anchor loss: 0.0490, VFL train accuracy: 1.0000
2026-04-10 00:23:53,024 - Epoch: 50, 251/274: VFL loss: 0.0001, total loss: 0.0491, anchor loss: 0.0490, VFL train accuracy: 1.0000
2026-04-10 00:23:53,506 - Epoch: 50, 261/274: VFL loss: 0.0001, total loss: 0.0491, anchor loss: 0.0490, VFL train accuracy: 1.0000
2026-04-10 00:23:53,855 - Epoch: 50, 271/274: VFL loss: 0.0001, total loss: 0.0491, anchor loss: 0.0490, VFL train accuracy: 1.0000
2026-04-10 00:23:53,981 - => Recorded Stage 2 client anchor losses for epoch 50 to './results/AVGuard/Fourclient/NUSWIDE/ema_scan/lambda_1.0_ema_0.999\stage2_final_epoch_client_anchor_losses.json': {0: 0.017343, 1: 0.058356, 2: 0.053496, 3: 0.066629}
2026-04-10 00:23:53,988 - => Stage 2 EMA anchor update applied at epoch 50 with momentum 0.9990: updated classes per client {0: 5, 1: 5, 2: 5, 3: 5}
2026-04-10 00:23:53,990 - => Stage 2 Epoch 50 Training Summary: VFL loss: 0.0001, total loss: 0.0491, anchor loss: 0.0490, VFL train accuracy: 1.0000
2026-04-10 00:23:53,990 - => Test ASR...
2026-04-10 00:23:54,092 - =>Add Trigger to Test Data
2026-04-10 00:23:57,245 - Add Trigger to 37064 Bad Samples, 9629 Clean Samples (1.00)
2026-04-10 00:24:09,774 - => Test Epoch: 50, main task samples: 46693, attack samples: 46693, test loss: 1.4894, clean acc: 0.6210, Top-4: 0.9946, ASR: 0.3722, RAC: 0.4875, test target accuracy: 0.8805, stage3 final accuracy: 0.6210, stage3 final target accuracy: 0.6241, stage3 final asr: 0.3722, anchor loss: 0.0686
2026-04-10 00:24:09,774 - => Stage 3 Detection Summary: recall: 0.5849, precision: 0.0427, f1: 0.0796, false positive rate: 0.4059, correction rate: 0.3180
2026-04-10 00:24:09,774 - => Stage 3 Debug (clean): suspicious=18955/46693, correction_applied=18925, prediction_changed=18925, skipped_tied_vote=0, skipped_low_margin=0, skipped_other=30
2026-04-10 00:24:09,774 - => Stage 3 Debug (poison-valid): suspicious=20724/37064, correction_applied=20720, prediction_changed=20720, skipped_tied_vote=0, skipped_low_margin=0, skipped_other=4
2026-04-10 00:24:09,774 - => Stage 3 Debug (attack-success): suspicious=1694/2896, correction_applied=1691, prediction_changed=1691, corrected_to_true=921
2026-04-10 00:24:09,854 - => End Epoch: 50, early stop epochs: 49, best epoch: 1, best clean acc: 0.5959, best Top-4: 0.9966, best ASR: 0.3630, best RAC: 0.5313, anchor loss: 0.0788
2026-04-10 00:24:09,854 - => Stage 3 Detection Summary: recall: 0.8055, precision: 0.1636, f1: 0.2720, false positive rate: 0.4208, correction rate: 0.5521
