2026-04-20 23:16:19,414 - Namespace(config='', data_dir='./dataset/data_raw/', dataset='NUSWIDE', device=0, results_dir='results/AVGuard/stage3_gamma_sensitivity_3clients_noema_bounded_q/NUSWIDE_3clients_noema_bounded_q_gamma_1.0', seed=100, epoch=50, batch_size=256, client_num=3, pretrained_checkpoint='results/AVGuard/stage3_gamma_sensitivity_3clients_noema_bounded_q/NUSWIDE_3clients_noema_bounded_q_gamma_1.0\\latest_checkpoint.pth.tar', test_checkpoint=None, resume_latest=True, lr=0.001, start_epoch=0, print_steps=10, early_stop=0, attack='LFBA', target_label=None, poison_rate=0.1, poison_dimensions=10, trigger_feature_clip=1.0, attack_client_num=2, feature_extractor='', select_rate=0.3, lfba_poison_source='gradient', random_select=False, poison_all=False, anchor_idx=33930, pretrain_stage=0, mode='train', defense='anchor', defense_scheme='AVGuard', enable_stage1=True, force_stage1_retrain=False, enable_anchor_loss=True, lambda_anchor=0.5, lambda_stage1_anchor=0.3, anchor_pretrain_epochs=20, anchor_pretrain_early_stop=5, anchor_pretrain_min_delta=0.0001, anchor_scale=16.0, anchor_margin=0.2, anchor_bank_path='./results/AVGuard/NUSWIDE_anchor_stage1_3clients/anchor_bank.pt', anchor_stage1_dir='./results/AVGuard/NUSWIDE_anchor_stage1_3clients/anchor_stage1', anchor_ema_momentum=1.0, anchor_ema_update_freq=1, stage3_enable_joint_weighted_voting=True, stage3_enable_static_reliability=True, gamma=1.0, stage3_confidence_mode='bounded_relative_gap', theta_supp=0.15, enable_conservative_correction=False, tau_corr=0.0, top_k=4, stage3_debug_batches=0, stage3_debug_max_samples=8, original_dataset='NUSWIDE', attack_target_label=None, anchor_margin_auto_adjusted=False, requested_anchor_margin=0.2)
2026-04-20 23:16:19,415 - => Defense scheme: AVGuard
2026-04-20 23:16:19,415 - => LFBA poison-set source: gradient
2026-04-20 23:16:19,415 - => Python executable: D:\Code\Miniconda\envs\backdoor\python.exe
2026-04-20 23:16:19,415 - => Torch version: 2.5.1+cu121, compiled CUDA: 12.1, cuda available: True, visible GPU count: 1
2026-04-20 23:16:19,415 - => Using GPU cuda:0 (NVIDIA GeForce RTX 4060 Laptop GPU)
2026-04-20 23:16:19,415 - => Preparing data...
2026-04-20 23:16:57,292 - => NUSWIDE total feature dim: 1634, client_num: 3, local output dims: [60, 24, 16]
2026-04-20 23:16:57,292 - => NUSWIDE fixed feature order: [CH | CM55 | CORR | EDH | WT | Tags1k]
2026-04-20 23:16:57,292 - => NUSWIDE split: client0 = TEXT[1000]
2026-04-20 23:16:57,292 - => NUSWIDE split: client1 = CH + CM55 + EDH [362]
2026-04-20 23:16:57,292 - => NUSWIDE split: client2 = CORR + WT [272]
2026-04-20 23:16:57,292 - => NUSWIDE attacker client: client2
2026-04-20 23:16:57,422 - => Resolved LFBA attack target label=3 from training anchor_idx=33930
2026-04-20 23:16:57,572 - => No checkpoint found at 'results/AVGuard/stage3_gamma_sensitivity_3clients_noema_bounded_q/NUSWIDE_3clients_noema_bounded_q_gamma_1.0\latest_checkpoint.pth.tar'
2026-04-20 23:16:57,598 - => Loading stage1 local models and anchors from './results/AVGuard/NUSWIDE_anchor_stage1_3clients/anchor_stage1/stage1_artifact.pt'
2026-04-20 23:16:57,800 - => Stage 3 is ready; it will use Stage 1 client reliability from the loaded anchor state when available. Stage 2 client anchor-loss stats are optional diagnostics.
2026-04-20 23:16:57,860 - =>Add Trigger to Test Data
2026-04-20 23:16:59,991 - Add Trigger to 37064 Bad Samples, 9629 Clean Samples (1.00)
2026-04-20 23:16:59,992 - => Start Training with LFBA...
2026-04-20 23:16:59,992 - => Enter Stage 2: joint VFL training starts from stage1 passive local backbones with frozen anchor heads
2026-04-20 23:16:59,992 - => Stage 2 anchor loss enabled: True
2026-04-20 23:16:59,992 - => Stage 2 loss form: total_loss=(1-lambda_anchor)*CE + lambda_anchor*anchor_loss with lambda_anchor=0.5000
2026-04-20 23:16:59,992 - => Stage 2 EMA anchor calibration disabled: momentum=1.0000 makes anchor updates a no-op, update_freq=1 epoch(s)
2026-04-20 23:16:59,992 - => Stage 2 latest checkpoint path: 'results/AVGuard/stage3_gamma_sensitivity_3clients_noema_bounded_q/NUSWIDE_3clients_noema_bounded_q_gamma_1.0\latest_checkpoint.pth.tar'
2026-04-20 23:16:59,993 - => Stage 2 best checkpoint path: 'results/AVGuard/stage3_gamma_sensitivity_3clients_noema_bounded_q/NUSWIDE_3clients_noema_bounded_q_gamma_1.0\best_checkpoint.pth.tar'
2026-04-20 23:16:59,993 - => Stage 2 best checkpoint compatibility alias path: 'results/AVGuard/stage3_gamma_sensitivity_3clients_noema_bounded_q/NUSWIDE_3clients_noema_bounded_q_gamma_1.0\best_clean_checkpoint.pth.tar'
2026-04-20 23:16:59,993 - => Stage 2 best checkpoint metric: mean(clean_acc, detection_recall, correction_rate)
2026-04-20 23:16:59,993 - => Stage 3 confidence mode for q_i: bounded_relative_gap
2026-04-20 23:17:00,000 - => Start Training for Injecting Backdoor...
2026-04-20 23:17:00,666 - Epoch: 1, 1/274: VFL loss: 1.6118, total loss: 0.8434, anchor loss: 0.0751, VFL train accuracy: 0.2656
2026-04-20 23:17:01,026 - Epoch: 1, 11/274: VFL loss: 1.2342, total loss: 0.6531, anchor loss: 0.0721, VFL train accuracy: 0.5909
2026-04-20 23:17:01,268 - Epoch: 1, 21/274: VFL loss: 0.9477, total loss: 0.5143, anchor loss: 0.0809, VFL train accuracy: 0.6888
2026-04-20 23:17:01,533 - Epoch: 1, 31/274: VFL loss: 0.7756, total loss: 0.4299, anchor loss: 0.0841, VFL train accuracy: 0.7487
2026-04-20 23:17:01,803 - Epoch: 1, 41/274: VFL loss: 0.6841, total loss: 0.3845, anchor loss: 0.0848, VFL train accuracy: 0.7805
2026-04-20 23:17:02,063 - Epoch: 1, 51/274: VFL loss: 0.6186, total loss: 0.3519, anchor loss: 0.0851, VFL train accuracy: 0.8019
2026-04-20 23:17:02,308 - Epoch: 1, 61/274: VFL loss: 0.5747, total loss: 0.3298, anchor loss: 0.0849, VFL train accuracy: 0.8154
2026-04-20 23:17:02,551 - Epoch: 1, 71/274: VFL loss: 0.5395, total loss: 0.3118, anchor loss: 0.0841, VFL train accuracy: 0.8277
2026-04-20 23:17:02,812 - Epoch: 1, 81/274: VFL loss: 0.5147, total loss: 0.2991, anchor loss: 0.0835, VFL train accuracy: 0.8356
2026-04-20 23:17:03,056 - Epoch: 1, 91/274: VFL loss: 0.4918, total loss: 0.2875, anchor loss: 0.0832, VFL train accuracy: 0.8425
2026-04-20 23:17:03,316 - Epoch: 1, 101/274: VFL loss: 0.4738, total loss: 0.2783, anchor loss: 0.0827, VFL train accuracy: 0.8491
2026-04-20 23:17:03,578 - Epoch: 1, 111/274: VFL loss: 0.4595, total loss: 0.2710, anchor loss: 0.0825, VFL train accuracy: 0.8540
2026-04-20 23:17:03,831 - Epoch: 1, 121/274: VFL loss: 0.4459, total loss: 0.2640, anchor loss: 0.0821, VFL train accuracy: 0.8582
2026-04-20 23:17:04,088 - Epoch: 1, 131/274: VFL loss: 0.4326, total loss: 0.2572, anchor loss: 0.0818, VFL train accuracy: 0.8624
2026-04-20 23:17:04,355 - Epoch: 1, 141/274: VFL loss: 0.4205, total loss: 0.2510, anchor loss: 0.0815, VFL train accuracy: 0.8660
2026-04-20 23:17:04,588 - Epoch: 1, 151/274: VFL loss: 0.4123, total loss: 0.2468, anchor loss: 0.0814, VFL train accuracy: 0.8687
2026-04-20 23:17:04,823 - Epoch: 1, 161/274: VFL loss: 0.4044, total loss: 0.2428, anchor loss: 0.0812, VFL train accuracy: 0.8710
2026-04-20 23:17:05,072 - Epoch: 1, 171/274: VFL loss: 0.3977, total loss: 0.2394, anchor loss: 0.0810, VFL train accuracy: 0.8734
2026-04-20 23:17:05,337 - Epoch: 1, 181/274: VFL loss: 0.3911, total loss: 0.2360, anchor loss: 0.0809, VFL train accuracy: 0.8756
2026-04-20 23:17:05,594 - Epoch: 1, 191/274: VFL loss: 0.3866, total loss: 0.2337, anchor loss: 0.0808, VFL train accuracy: 0.8771
2026-04-20 23:17:05,852 - Epoch: 1, 201/274: VFL loss: 0.3815, total loss: 0.2311, anchor loss: 0.0806, VFL train accuracy: 0.8787
2026-04-20 23:17:06,099 - Epoch: 1, 211/274: VFL loss: 0.3770, total loss: 0.2288, anchor loss: 0.0806, VFL train accuracy: 0.8799
2026-04-20 23:17:06,355 - Epoch: 1, 221/274: VFL loss: 0.3739, total loss: 0.2272, anchor loss: 0.0805, VFL train accuracy: 0.8809
2026-04-20 23:17:06,602 - Epoch: 1, 231/274: VFL loss: 0.3683, total loss: 0.2242, anchor loss: 0.0802, VFL train accuracy: 0.8827
2026-04-20 23:17:06,851 - Epoch: 1, 241/274: VFL loss: 0.3646, total loss: 0.2223, anchor loss: 0.0801, VFL train accuracy: 0.8836
2026-04-20 23:17:07,074 - Epoch: 1, 251/274: VFL loss: 0.3609, total loss: 0.2204, anchor loss: 0.0799, VFL train accuracy: 0.8846
2026-04-20 23:17:07,326 - Epoch: 1, 261/274: VFL loss: 0.3581, total loss: 0.2190, anchor loss: 0.0798, VFL train accuracy: 0.8855
2026-04-20 23:17:07,574 - Epoch: 1, 271/274: VFL loss: 0.3555, total loss: 0.2176, anchor loss: 0.0797, VFL train accuracy: 0.8862
2026-04-20 23:17:07,648 - => Recorded Stage 2 client anchor losses for epoch 1 to 'results/AVGuard/stage3_gamma_sensitivity_3clients_noema_bounded_q/NUSWIDE_3clients_noema_bounded_q_gamma_1.0\stage2_final_epoch_client_anchor_losses.json': {0: 0.065786, 1: 0.087045, 2: 0.086207}
2026-04-20 23:17:07,676 - => Stage 2 EMA anchor update skipped at epoch 1 because momentum=1.0000 disables EMA; eligible classes per client {0: 5, 1: 5, 2: 5}
2026-04-20 23:17:07,676 - => Stage 2 Epoch 1 Training Summary: VFL loss: 0.3544, total loss: 0.2170, anchor loss: 0.0797, VFL train accuracy: 0.8865
2026-04-20 23:17:07,676 - => Test ASR...
2026-04-20 23:17:07,825 - =>Add Trigger to Test Data
2026-04-20 23:17:09,722 - Add Trigger to 37064 Bad Samples, 9629 Clean Samples (1.00)
2026-04-20 23:17:22,625 - => Test Epoch: 1, main task samples: 46693, attack samples: 46693, test loss: 0.3383, clean acc: 0.7673, Top-4: 0.9965, ASR: 0.2678, RAC: 0.6693, test target accuracy: 0.8996, stage3 final accuracy: 0.7673, stage3 final target accuracy: 0.7524, stage3 final asr: 0.2678, anchor loss: 0.0830
2026-04-20 23:17:22,625 - => Stage 3 Detection Summary: recall: 0.6904, precision: 0.2858, f1: 0.4042, false positive rate: 0.2121, correction rate: 0.4961
2026-04-20 23:17:22,625 - => Stage 3 Debug (clean): suspicious=9903/46693, correction_applied=9867, prediction_changed=9867, skipped_tied_vote=0, skipped_low_margin=0, skipped_other=36
2026-04-20 23:17:22,626 - => Stage 3 Debug (poison-valid): suspicious=14659/37064, correction_applied=14657, prediction_changed=14657, skipped_tied_vote=0, skipped_low_margin=0, skipped_other=2
2026-04-20 23:17:22,626 - => Stage 3 Debug (attack-success): suspicious=7019/10167, correction_applied=7017, prediction_changed=7017, corrected_to_true=5044
2026-04-20 23:17:22,627 - => Stage 2 checkpoint score: mean(clean_acc=0.7673, recall=0.6904, correction_rate=0.4961) = 0.6513
2026-04-20 23:17:22,627 - => Save best checkpoint model...
2026-04-20 23:17:22,742 - => End Epoch: 1, early stop epochs: 0, best epoch: 1, best clean acc: 0.7673, best Top-4: 0.9965, best ASR: 0.2678, best RAC: 0.6693, anchor loss: 0.0830, best checkpoint score: 0.6513
2026-04-20 23:17:22,742 - => Stage 3 Detection Summary: recall: 0.6904, precision: 0.2858, f1: 0.4042, false positive rate: 0.2121, correction rate: 0.4961
2026-04-20 23:17:22,767 - => Rebuilt LFBA poison set from cached gradients: anchor label=3, poison samples=6996, same-label poison samples=1524, consistent rate=0.2178
2026-04-20 23:17:22,789 - => LFBA current anchor-derived target label: 3
2026-04-20 23:17:22,876 - =>Add Trigger to Train Data
2026-04-20 23:17:23,171 - Add Trigger to 6996 Bad Samples, 62970 Clean Samples (0.10)
2026-04-20 23:17:23,175 - => Start Training for Injecting Backdoor...
2026-04-20 23:17:23,204 - Epoch: 2, 1/274: VFL loss: 0.2647, total loss: 0.1699, anchor loss: 0.0752, VFL train accuracy: 0.9258
2026-04-20 23:17:23,631 - Epoch: 2, 11/274: VFL loss: 0.2244, total loss: 0.1496, anchor loss: 0.0748, VFL train accuracy: 0.9297
2026-04-20 23:17:23,881 - Epoch: 2, 21/274: VFL loss: 0.2220, total loss: 0.1484, anchor loss: 0.0749, VFL train accuracy: 0.9286
2026-04-20 23:17:24,131 - Epoch: 2, 31/274: VFL loss: 0.2232, total loss: 0.1489, anchor loss: 0.0747, VFL train accuracy: 0.9298
2026-04-20 23:17:24,362 - Epoch: 2, 41/274: VFL loss: 0.2176, total loss: 0.1458, anchor loss: 0.0740, VFL train accuracy: 0.9309
2026-04-20 23:17:24,617 - Epoch: 2, 51/274: VFL loss: 0.2153, total loss: 0.1446, anchor loss: 0.0738, VFL train accuracy: 0.9315
2026-04-20 23:17:24,860 - Epoch: 2, 61/274: VFL loss: 0.2141, total loss: 0.1438, anchor loss: 0.0734, VFL train accuracy: 0.9308
2026-04-20 23:17:25,098 - Epoch: 2, 71/274: VFL loss: 0.2126, total loss: 0.1429, anchor loss: 0.0732, VFL train accuracy: 0.9312
2026-04-20 23:17:25,331 - Epoch: 2, 81/274: VFL loss: 0.2101, total loss: 0.1417, anchor loss: 0.0732, VFL train accuracy: 0.9319
2026-04-20 23:17:25,578 - Epoch: 2, 91/274: VFL loss: 0.2106, total loss: 0.1420, anchor loss: 0.0735, VFL train accuracy: 0.9318
2026-04-20 23:17:25,819 - Epoch: 2, 101/274: VFL loss: 0.2100, total loss: 0.1416, anchor loss: 0.0732, VFL train accuracy: 0.9325
2026-04-20 23:17:26,055 - Epoch: 2, 111/274: VFL loss: 0.2109, total loss: 0.1421, anchor loss: 0.0732, VFL train accuracy: 0.9323
2026-04-20 23:17:26,315 - Epoch: 2, 121/274: VFL loss: 0.2108, total loss: 0.1421, anchor loss: 0.0734, VFL train accuracy: 0.9322
2026-04-20 23:17:26,569 - Epoch: 2, 131/274: VFL loss: 0.2117, total loss: 0.1426, anchor loss: 0.0736, VFL train accuracy: 0.9317
2026-04-20 23:17:26,793 - Epoch: 2, 141/274: VFL loss: 0.2125, total loss: 0.1432, anchor loss: 0.0739, VFL train accuracy: 0.9317
2026-04-20 23:17:27,032 - Epoch: 2, 151/274: VFL loss: 0.2125, total loss: 0.1432, anchor loss: 0.0738, VFL train accuracy: 0.9318
2026-04-20 23:17:27,273 - Epoch: 2, 161/274: VFL loss: 0.2131, total loss: 0.1434, anchor loss: 0.0737, VFL train accuracy: 0.9315
2026-04-20 23:17:27,508 - Epoch: 2, 171/274: VFL loss: 0.2134, total loss: 0.1437, anchor loss: 0.0739, VFL train accuracy: 0.9314
2026-04-20 23:17:27,751 - Epoch: 2, 181/274: VFL loss: 0.2146, total loss: 0.1443, anchor loss: 0.0740, VFL train accuracy: 0.9309
2026-04-20 23:17:27,991 - Epoch: 2, 191/274: VFL loss: 0.2146, total loss: 0.1443, anchor loss: 0.0741, VFL train accuracy: 0.9309
2026-04-20 23:17:28,255 - Epoch: 2, 201/274: VFL loss: 0.2140, total loss: 0.1441, anchor loss: 0.0741, VFL train accuracy: 0.9311
2026-04-20 23:17:28,496 - Epoch: 2, 211/274: VFL loss: 0.2142, total loss: 0.1441, anchor loss: 0.0741, VFL train accuracy: 0.9310
2026-04-20 23:17:28,742 - Epoch: 2, 221/274: VFL loss: 0.2156, total loss: 0.1449, anchor loss: 0.0742, VFL train accuracy: 0.9301
2026-04-20 23:17:28,997 - Epoch: 2, 231/274: VFL loss: 0.2155, total loss: 0.1449, anchor loss: 0.0742, VFL train accuracy: 0.9298
2026-04-20 23:17:29,259 - Epoch: 2, 241/274: VFL loss: 0.2151, total loss: 0.1447, anchor loss: 0.0742, VFL train accuracy: 0.9299
2026-04-20 23:17:29,538 - Epoch: 2, 251/274: VFL loss: 0.2167, total loss: 0.1455, anchor loss: 0.0743, VFL train accuracy: 0.9294
2026-04-20 23:17:29,818 - Epoch: 2, 261/274: VFL loss: 0.2168, total loss: 0.1455, anchor loss: 0.0743, VFL train accuracy: 0.9294
2026-04-20 23:17:30,065 - Epoch: 2, 271/274: VFL loss: 0.2173, total loss: 0.1458, anchor loss: 0.0743, VFL train accuracy: 0.9292
2026-04-20 23:17:30,149 - => Recorded Stage 2 client anchor losses for epoch 2 to 'results/AVGuard/stage3_gamma_sensitivity_3clients_noema_bounded_q/NUSWIDE_3clients_noema_bounded_q_gamma_1.0\stage2_final_epoch_client_anchor_losses.json': {0: 0.057419, 1: 0.075666, 2: 0.08977}
2026-04-20 23:17:30,154 - => Stage 2 EMA anchor update skipped at epoch 2 because momentum=1.0000 disables EMA; eligible classes per client {0: 5, 1: 5, 2: 5}
2026-04-20 23:17:30,154 - => Stage 2 Epoch 2 Training Summary: VFL loss: 0.2174, total loss: 0.1458, anchor loss: 0.0743, VFL train accuracy: 0.9291
2026-04-20 23:17:30,154 - => Test ASR...
2026-04-20 23:17:30,272 - =>Add Trigger to Test Data
2026-04-20 23:17:32,325 - Add Trigger to 37064 Bad Samples, 9629 Clean Samples (1.00)
2026-04-20 23:17:44,707 - => Test Epoch: 2, main task samples: 46693, attack samples: 46693, test loss: 0.3351, clean acc: 0.7630, Top-4: 0.9967, ASR: 0.0428, RAC: 0.6916, test target accuracy: 0.9032, stage3 final accuracy: 0.7630, stage3 final target accuracy: 0.7509, stage3 final asr: 0.0428, anchor loss: 0.0826
2026-04-20 23:17:44,708 - => Stage 3 Detection Summary: recall: 0.6461, precision: 0.0163, f1: 0.0318, false positive rate: 0.2123, correction rate: 0.2518
2026-04-20 23:17:44,708 - => Stage 3 Debug (clean): suspicious=9913/46693, correction_applied=9860, prediction_changed=9860, skipped_tied_vote=0, skipped_low_margin=0, skipped_other=53
2026-04-20 23:17:44,708 - => Stage 3 Debug (poison-valid): suspicious=12622/37064, correction_applied=12616, prediction_changed=12616, skipped_tied_vote=0, skipped_low_margin=0, skipped_other=6
2026-04-20 23:17:44,709 - => Stage 3 Debug (attack-success): suspicious=367/568, correction_applied=367, prediction_changed=367, corrected_to_true=143
2026-04-20 23:17:44,709 - => Stage 2 checkpoint score: mean(clean_acc=0.7630, recall=0.6461, correction_rate=0.2518) = 0.5536
2026-04-20 23:17:44,744 - => End Epoch: 2, early stop epochs: 1, best epoch: 1, best clean acc: 0.7673, best Top-4: 0.9965, best ASR: 0.2678, best RAC: 0.6693, anchor loss: 0.0830, best checkpoint score: 0.6513
2026-04-20 23:17:44,744 - => Stage 3 Detection Summary: recall: 0.6904, precision: 0.2858, f1: 0.4042, false positive rate: 0.2121, correction rate: 0.4961
2026-04-20 23:17:44,772 - => LFBA current anchor-derived target label: 3
2026-04-20 23:17:44,859 - =>Add Trigger to Train Data
2026-04-20 23:17:45,141 - Add Trigger to 6996 Bad Samples, 62970 Clean Samples (0.10)
2026-04-20 23:17:45,145 - => Start Training for Injecting Backdoor...
2026-04-20 23:17:45,175 - Epoch: 3, 1/274: VFL loss: 0.1608, total loss: 0.1161, anchor loss: 0.0714, VFL train accuracy: 0.9453
2026-04-20 23:17:45,558 - Epoch: 3, 11/274: VFL loss: 0.1543, total loss: 0.1131, anchor loss: 0.0720, VFL train accuracy: 0.9482
2026-04-20 23:17:45,787 - Epoch: 3, 21/274: VFL loss: 0.1478, total loss: 0.1096, anchor loss: 0.0715, VFL train accuracy: 0.9539
2026-04-20 23:17:46,010 - Epoch: 3, 31/274: VFL loss: 0.1468, total loss: 0.1095, anchor loss: 0.0721, VFL train accuracy: 0.9534
2026-04-20 23:17:46,226 - Epoch: 3, 41/274: VFL loss: 0.1430, total loss: 0.1073, anchor loss: 0.0716, VFL train accuracy: 0.9546
2026-04-20 23:17:46,455 - Epoch: 3, 51/274: VFL loss: 0.1466, total loss: 0.1092, anchor loss: 0.0719, VFL train accuracy: 0.9541
2026-04-20 23:17:46,691 - Epoch: 3, 61/274: VFL loss: 0.1480, total loss: 0.1100, anchor loss: 0.0720, VFL train accuracy: 0.9534
2026-04-20 23:17:46,914 - Epoch: 3, 71/274: VFL loss: 0.1490, total loss: 0.1104, anchor loss: 0.0717, VFL train accuracy: 0.9527
2026-04-20 23:17:47,153 - Epoch: 3, 81/274: VFL loss: 0.1505, total loss: 0.1110, anchor loss: 0.0715, VFL train accuracy: 0.9520
2026-04-20 23:17:47,396 - Epoch: 3, 91/274: VFL loss: 0.1538, total loss: 0.1127, anchor loss: 0.0716, VFL train accuracy: 0.9503
2026-04-20 23:17:47,630 - Epoch: 3, 101/274: VFL loss: 0.1541, total loss: 0.1128, anchor loss: 0.0716, VFL train accuracy: 0.9503
2026-04-20 23:17:47,863 - Epoch: 3, 111/274: VFL loss: 0.1538, total loss: 0.1127, anchor loss: 0.0717, VFL train accuracy: 0.9502
2026-04-20 23:17:48,083 - Epoch: 3, 121/274: VFL loss: 0.1547, total loss: 0.1132, anchor loss: 0.0717, VFL train accuracy: 0.9502
2026-04-20 23:17:48,312 - Epoch: 3, 131/274: VFL loss: 0.1547, total loss: 0.1132, anchor loss: 0.0717, VFL train accuracy: 0.9498
2026-04-20 23:17:48,526 - Epoch: 3, 141/274: VFL loss: 0.1556, total loss: 0.1136, anchor loss: 0.0717, VFL train accuracy: 0.9492
2026-04-20 23:17:48,750 - Epoch: 3, 151/274: VFL loss: 0.1567, total loss: 0.1142, anchor loss: 0.0718, VFL train accuracy: 0.9489
2026-04-20 23:17:48,980 - Epoch: 3, 161/274: VFL loss: 0.1569, total loss: 0.1143, anchor loss: 0.0717, VFL train accuracy: 0.9486
2026-04-20 23:17:49,201 - Epoch: 3, 171/274: VFL loss: 0.1583, total loss: 0.1151, anchor loss: 0.0719, VFL train accuracy: 0.9483
2026-04-20 23:17:49,424 - Epoch: 3, 181/274: VFL loss: 0.1581, total loss: 0.1150, anchor loss: 0.0719, VFL train accuracy: 0.9484
2026-04-20 23:17:49,672 - Epoch: 3, 191/274: VFL loss: 0.1591, total loss: 0.1156, anchor loss: 0.0721, VFL train accuracy: 0.9481
2026-04-20 23:17:49,918 - Epoch: 3, 201/274: VFL loss: 0.1602, total loss: 0.1162, anchor loss: 0.0721, VFL train accuracy: 0.9475
2026-04-20 23:17:50,159 - Epoch: 3, 211/274: VFL loss: 0.1601, total loss: 0.1161, anchor loss: 0.0721, VFL train accuracy: 0.9475
2026-04-20 23:17:50,381 - Epoch: 3, 221/274: VFL loss: 0.1603, total loss: 0.1163, anchor loss: 0.0722, VFL train accuracy: 0.9475
2026-04-20 23:17:50,611 - Epoch: 3, 231/274: VFL loss: 0.1604, total loss: 0.1163, anchor loss: 0.0722, VFL train accuracy: 0.9474
2026-04-20 23:17:50,842 - Epoch: 3, 241/274: VFL loss: 0.1609, total loss: 0.1166, anchor loss: 0.0723, VFL train accuracy: 0.9472
2026-04-20 23:17:51,075 - Epoch: 3, 251/274: VFL loss: 0.1618, total loss: 0.1170, anchor loss: 0.0722, VFL train accuracy: 0.9470
2026-04-20 23:17:51,283 - Epoch: 3, 261/274: VFL loss: 0.1618, total loss: 0.1170, anchor loss: 0.0722, VFL train accuracy: 0.9470
2026-04-20 23:17:51,508 - Epoch: 3, 271/274: VFL loss: 0.1628, total loss: 0.1175, anchor loss: 0.0723, VFL train accuracy: 0.9465
2026-04-20 23:17:51,587 - => Recorded Stage 2 client anchor losses for epoch 3 to 'results/AVGuard/stage3_gamma_sensitivity_3clients_noema_bounded_q/NUSWIDE_3clients_noema_bounded_q_gamma_1.0\stage2_final_epoch_client_anchor_losses.json': {0: 0.053175, 1: 0.074285, 2: 0.089436}
2026-04-20 23:17:51,590 - => Stage 2 EMA anchor update skipped at epoch 3 because momentum=1.0000 disables EMA; eligible classes per client {0: 5, 1: 5, 2: 5}
2026-04-20 23:17:51,590 - => Stage 2 Epoch 3 Training Summary: VFL loss: 0.1628, total loss: 0.1176, anchor loss: 0.0723, VFL train accuracy: 0.9466
2026-04-20 23:17:51,590 - => Test ASR...
2026-04-20 23:17:51,708 - =>Add Trigger to Test Data
2026-04-20 23:17:53,457 - Add Trigger to 37064 Bad Samples, 9629 Clean Samples (1.00)
2026-04-20 23:18:06,962 - => Test Epoch: 3, main task samples: 46693, attack samples: 46693, test loss: 0.3653, clean acc: 0.7662, Top-4: 0.9969, ASR: 0.0546, RAC: 0.6774, test target accuracy: 0.8653, stage3 final accuracy: 0.7662, stage3 final target accuracy: 0.7303, stage3 final asr: 0.0546, anchor loss: 0.0840
2026-04-20 23:18:06,962 - => Stage 3 Detection Summary: recall: 0.5993, precision: 0.0077, f1: 0.0152, false positive rate: 0.2199, correction rate: 0.2616
2026-04-20 23:18:06,962 - => Stage 3 Debug (clean): suspicious=10266/46693, correction_applied=10228, prediction_changed=10228, skipped_tied_vote=0, skipped_low_margin=0, skipped_other=38
2026-04-20 23:18:06,962 - => Stage 3 Debug (poison-valid): suspicious=13225/37064, correction_applied=13208, prediction_changed=13208, skipped_tied_vote=0, skipped_low_margin=0, skipped_other=17
2026-04-20 23:18:06,963 - => Stage 3 Debug (attack-success): suspicious=181/302, correction_applied=180, prediction_changed=180, corrected_to_true=79
2026-04-20 23:18:06,963 - => Stage 2 checkpoint score: mean(clean_acc=0.7662, recall=0.5993, correction_rate=0.2616) = 0.5424
2026-04-20 23:18:07,000 - => End Epoch: 3, early stop epochs: 2, best epoch: 1, best clean acc: 0.7673, best Top-4: 0.9965, best ASR: 0.2678, best RAC: 0.6693, anchor loss: 0.0830, best checkpoint score: 0.6513
2026-04-20 23:18:07,000 - => Stage 3 Detection Summary: recall: 0.6904, precision: 0.2858, f1: 0.4042, false positive rate: 0.2121, correction rate: 0.4961
2026-04-20 23:18:07,029 - => LFBA current anchor-derived target label: 3
2026-04-20 23:18:07,115 - =>Add Trigger to Train Data
2026-04-20 23:18:07,380 - Add Trigger to 6996 Bad Samples, 62970 Clean Samples (0.10)
2026-04-20 23:18:07,384 - => Start Training for Injecting Backdoor...
2026-04-20 23:18:07,420 - Epoch: 4, 1/274: VFL loss: 0.0723, total loss: 0.0711, anchor loss: 0.0699, VFL train accuracy: 0.9766
2026-04-20 23:18:07,852 - Epoch: 4, 11/274: VFL loss: 0.1006, total loss: 0.0850, anchor loss: 0.0693, VFL train accuracy: 0.9709
2026-04-20 23:18:08,098 - Epoch: 4, 21/274: VFL loss: 0.1112, total loss: 0.0903, anchor loss: 0.0693, VFL train accuracy: 0.9669
2026-04-20 23:18:08,348 - Epoch: 4, 31/274: VFL loss: 0.1090, total loss: 0.0892, anchor loss: 0.0694, VFL train accuracy: 0.9675
2026-04-20 23:18:08,599 - Epoch: 4, 41/274: VFL loss: 0.1044, total loss: 0.0867, anchor loss: 0.0690, VFL train accuracy: 0.9697
2026-04-20 23:18:08,852 - Epoch: 4, 51/274: VFL loss: 0.1038, total loss: 0.0864, anchor loss: 0.0691, VFL train accuracy: 0.9691
2026-04-20 23:18:09,092 - Epoch: 4, 61/274: VFL loss: 0.1045, total loss: 0.0868, anchor loss: 0.0691, VFL train accuracy: 0.9686
2026-04-20 23:18:09,340 - Epoch: 4, 71/274: VFL loss: 0.1033, total loss: 0.0861, anchor loss: 0.0690, VFL train accuracy: 0.9685
2026-04-20 23:18:09,586 - Epoch: 4, 81/274: VFL loss: 0.1021, total loss: 0.0854, anchor loss: 0.0687, VFL train accuracy: 0.9688
2026-04-20 23:18:09,830 - Epoch: 4, 91/274: VFL loss: 0.1002, total loss: 0.0845, anchor loss: 0.0689, VFL train accuracy: 0.9693
2026-04-20 23:18:10,071 - Epoch: 4, 101/274: VFL loss: 0.0998, total loss: 0.0843, anchor loss: 0.0688, VFL train accuracy: 0.9694
2026-04-20 23:18:10,307 - Epoch: 4, 111/274: VFL loss: 0.1014, total loss: 0.0851, anchor loss: 0.0689, VFL train accuracy: 0.9690
2026-04-20 23:18:10,541 - Epoch: 4, 121/274: VFL loss: 0.1006, total loss: 0.0847, anchor loss: 0.0688, VFL train accuracy: 0.9691
2026-04-20 23:18:10,805 - Epoch: 4, 131/274: VFL loss: 0.1027, total loss: 0.0858, anchor loss: 0.0688, VFL train accuracy: 0.9687
2026-04-20 23:18:11,046 - Epoch: 4, 141/274: VFL loss: 0.1038, total loss: 0.0864, anchor loss: 0.0690, VFL train accuracy: 0.9682
2026-04-20 23:18:11,296 - Epoch: 4, 151/274: VFL loss: 0.1036, total loss: 0.0863, anchor loss: 0.0689, VFL train accuracy: 0.9681
2026-04-20 23:18:11,541 - Epoch: 4, 161/274: VFL loss: 0.1037, total loss: 0.0863, anchor loss: 0.0690, VFL train accuracy: 0.9680
2026-04-20 23:18:11,798 - Epoch: 4, 171/274: VFL loss: 0.1043, total loss: 0.0866, anchor loss: 0.0690, VFL train accuracy: 0.9678
2026-04-20 23:18:12,048 - Epoch: 4, 181/274: VFL loss: 0.1059, total loss: 0.0875, anchor loss: 0.0691, VFL train accuracy: 0.9672
2026-04-20 23:18:12,288 - Epoch: 4, 191/274: VFL loss: 0.1067, total loss: 0.0880, anchor loss: 0.0692, VFL train accuracy: 0.9666
2026-04-20 23:18:12,546 - Epoch: 4, 201/274: VFL loss: 0.1076, total loss: 0.0884, anchor loss: 0.0693, VFL train accuracy: 0.9662
2026-04-20 23:18:12,816 - Epoch: 4, 211/274: VFL loss: 0.1080, total loss: 0.0887, anchor loss: 0.0693, VFL train accuracy: 0.9659
2026-04-20 23:18:13,072 - Epoch: 4, 221/274: VFL loss: 0.1084, total loss: 0.0888, anchor loss: 0.0693, VFL train accuracy: 0.9657
2026-04-20 23:18:13,329 - Epoch: 4, 231/274: VFL loss: 0.1103, total loss: 0.0898, anchor loss: 0.0694, VFL train accuracy: 0.9653
2026-04-20 23:18:13,593 - Epoch: 4, 241/274: VFL loss: 0.1111, total loss: 0.0903, anchor loss: 0.0695, VFL train accuracy: 0.9648
2026-04-20 23:18:13,849 - Epoch: 4, 251/274: VFL loss: 0.1118, total loss: 0.0906, anchor loss: 0.0695, VFL train accuracy: 0.9645
2026-04-20 23:18:14,100 - Epoch: 4, 261/274: VFL loss: 0.1126, total loss: 0.0911, anchor loss: 0.0695, VFL train accuracy: 0.9641
2026-04-20 23:18:14,478 - Epoch: 4, 271/274: VFL loss: 0.1128, total loss: 0.0911, anchor loss: 0.0695, VFL train accuracy: 0.9642
2026-04-20 23:18:14,555 - => Recorded Stage 2 client anchor losses for epoch 4 to 'results/AVGuard/stage3_gamma_sensitivity_3clients_noema_bounded_q/NUSWIDE_3clients_noema_bounded_q_gamma_1.0\stage2_final_epoch_client_anchor_losses.json': {0: 0.049022, 1: 0.072836, 2: 0.086609}
2026-04-20 23:18:14,557 - => Stage 2 EMA anchor update skipped at epoch 4 because momentum=1.0000 disables EMA; eligible classes per client {0: 5, 1: 5, 2: 5}
2026-04-20 23:18:14,557 - => Stage 2 Epoch 4 Training Summary: VFL loss: 0.1128, total loss: 0.0911, anchor loss: 0.0695, VFL train accuracy: 0.9642
2026-04-20 23:18:14,557 - => Test ASR...
2026-04-20 23:18:14,682 - =>Add Trigger to Test Data
2026-04-20 23:18:16,561 - Add Trigger to 37064 Bad Samples, 9629 Clean Samples (1.00)
2026-04-20 23:18:29,500 - => Test Epoch: 4, main task samples: 46693, attack samples: 46693, test loss: 0.4136, clean acc: 0.7596, Top-4: 0.9965, ASR: 0.0810, RAC: 0.6682, test target accuracy: 0.9126, stage3 final accuracy: 0.7596, stage3 final target accuracy: 0.7475, stage3 final asr: 0.0810, anchor loss: 0.0843
2026-04-20 23:18:29,500 - => Stage 3 Detection Summary: recall: 0.6323, precision: 0.0238, f1: 0.0459, false positive rate: 0.2175, correction rate: 0.3083
2026-04-20 23:18:29,500 - => Stage 3 Debug (clean): suspicious=10154/46693, correction_applied=10120, prediction_changed=10120, skipped_tied_vote=0, skipped_low_margin=0, skipped_other=34
2026-04-20 23:18:29,500 - => Stage 3 Debug (poison-valid): suspicious=13555/37064, correction_applied=13511, prediction_changed=13511, skipped_tied_vote=0, skipped_low_margin=0, skipped_other=44
2026-04-20 23:18:29,500 - => Stage 3 Debug (attack-success): suspicious=564/892, correction_applied=563, prediction_changed=563, corrected_to_true=275
2026-04-20 23:18:29,500 - => Stage 2 checkpoint score: mean(clean_acc=0.7596, recall=0.6323, correction_rate=0.3083) = 0.5667
2026-04-20 23:18:29,538 - => End Epoch: 4, early stop epochs: 3, best epoch: 1, best clean acc: 0.7673, best Top-4: 0.9965, best ASR: 0.2678, best RAC: 0.6693, anchor loss: 0.0830, best checkpoint score: 0.6513
2026-04-20 23:18:29,538 - => Stage 3 Detection Summary: recall: 0.6904, precision: 0.2858, f1: 0.4042, false positive rate: 0.2121, correction rate: 0.4961
2026-04-20 23:18:29,572 - => LFBA current anchor-derived target label: 3
2026-04-20 23:18:29,667 - =>Add Trigger to Train Data
2026-04-20 23:18:30,037 - Add Trigger to 6996 Bad Samples, 62970 Clean Samples (0.10)
2026-04-20 23:18:30,042 - => Start Training for Injecting Backdoor...
2026-04-20 23:18:30,082 - Epoch: 5, 1/274: VFL loss: 0.0802, total loss: 0.0751, anchor loss: 0.0700, VFL train accuracy: 0.9727
2026-04-20 23:18:30,538 - Epoch: 5, 11/274: VFL loss: 0.0728, total loss: 0.0701, anchor loss: 0.0674, VFL train accuracy: 0.9769
2026-04-20 23:18:30,796 - Epoch: 5, 21/274: VFL loss: 0.0702, total loss: 0.0691, anchor loss: 0.0679, VFL train accuracy: 0.9784
2026-04-20 23:18:31,057 - Epoch: 5, 31/274: VFL loss: 0.0699, total loss: 0.0689, anchor loss: 0.0678, VFL train accuracy: 0.9788
2026-04-20 23:18:31,310 - Epoch: 5, 41/274: VFL loss: 0.0715, total loss: 0.0696, anchor loss: 0.0677, VFL train accuracy: 0.9783
2026-04-20 23:18:31,540 - Epoch: 5, 51/274: VFL loss: 0.0685, total loss: 0.0680, anchor loss: 0.0676, VFL train accuracy: 0.9788
2026-04-20 23:18:31,777 - Epoch: 5, 61/274: VFL loss: 0.0698, total loss: 0.0688, anchor loss: 0.0678, VFL train accuracy: 0.9782
2026-04-20 23:18:32,012 - Epoch: 5, 71/274: VFL loss: 0.0695, total loss: 0.0686, anchor loss: 0.0677, VFL train accuracy: 0.9788
2026-04-20 23:18:32,258 - Epoch: 5, 81/274: VFL loss: 0.0701, total loss: 0.0689, anchor loss: 0.0677, VFL train accuracy: 0.9784
2026-04-20 23:18:32,492 - Epoch: 5, 91/274: VFL loss: 0.0695, total loss: 0.0685, anchor loss: 0.0675, VFL train accuracy: 0.9786
2026-04-20 23:18:32,744 - Epoch: 5, 101/274: VFL loss: 0.0716, total loss: 0.0696, anchor loss: 0.0675, VFL train accuracy: 0.9778
2026-04-20 23:18:32,978 - Epoch: 5, 111/274: VFL loss: 0.0724, total loss: 0.0699, anchor loss: 0.0675, VFL train accuracy: 0.9774
2026-04-20 23:18:33,213 - Epoch: 5, 121/274: VFL loss: 0.0723, total loss: 0.0700, anchor loss: 0.0676, VFL train accuracy: 0.9775
2026-04-20 23:18:33,450 - Epoch: 5, 131/274: VFL loss: 0.0732, total loss: 0.0704, anchor loss: 0.0677, VFL train accuracy: 0.9770
2026-04-20 23:18:33,696 - Epoch: 5, 141/274: VFL loss: 0.0726, total loss: 0.0702, anchor loss: 0.0677, VFL train accuracy: 0.9770
2026-04-20 23:18:33,933 - Epoch: 5, 151/274: VFL loss: 0.0743, total loss: 0.0710, anchor loss: 0.0678, VFL train accuracy: 0.9767
2026-04-20 23:18:34,167 - Epoch: 5, 161/274: VFL loss: 0.0741, total loss: 0.0709, anchor loss: 0.0678, VFL train accuracy: 0.9768
2026-04-20 23:18:34,396 - Epoch: 5, 171/274: VFL loss: 0.0741, total loss: 0.0709, anchor loss: 0.0677, VFL train accuracy: 0.9766
2026-04-20 23:18:34,636 - Epoch: 5, 181/274: VFL loss: 0.0749, total loss: 0.0713, anchor loss: 0.0677, VFL train accuracy: 0.9764
2026-04-20 23:18:34,863 - Epoch: 5, 191/274: VFL loss: 0.0746, total loss: 0.0712, anchor loss: 0.0677, VFL train accuracy: 0.9763
2026-04-20 23:18:35,082 - Epoch: 5, 201/274: VFL loss: 0.0749, total loss: 0.0713, anchor loss: 0.0677, VFL train accuracy: 0.9761
2026-04-20 23:18:35,311 - Epoch: 5, 211/274: VFL loss: 0.0759, total loss: 0.0719, anchor loss: 0.0678, VFL train accuracy: 0.9758
2026-04-20 23:18:35,561 - Epoch: 5, 221/274: VFL loss: 0.0768, total loss: 0.0723, anchor loss: 0.0677, VFL train accuracy: 0.9754
2026-04-20 23:18:35,784 - Epoch: 5, 231/274: VFL loss: 0.0773, total loss: 0.0725, anchor loss: 0.0678, VFL train accuracy: 0.9751
2026-04-20 23:18:36,007 - Epoch: 5, 241/274: VFL loss: 0.0778, total loss: 0.0728, anchor loss: 0.0679, VFL train accuracy: 0.9749
2026-04-20 23:18:36,243 - Epoch: 5, 251/274: VFL loss: 0.0784, total loss: 0.0732, anchor loss: 0.0680, VFL train accuracy: 0.9746
2026-04-20 23:18:36,464 - Epoch: 5, 261/274: VFL loss: 0.0787, total loss: 0.0733, anchor loss: 0.0680, VFL train accuracy: 0.9744
2026-04-20 23:18:36,699 - Epoch: 5, 271/274: VFL loss: 0.0790, total loss: 0.0735, anchor loss: 0.0680, VFL train accuracy: 0.9743
2026-04-20 23:18:36,779 - => Recorded Stage 2 client anchor losses for epoch 5 to 'results/AVGuard/stage3_gamma_sensitivity_3clients_noema_bounded_q/NUSWIDE_3clients_noema_bounded_q_gamma_1.0\stage2_final_epoch_client_anchor_losses.json': {0: 0.044999, 1: 0.072347, 2: 0.086558}
2026-04-20 23:18:36,784 - => Stage 2 EMA anchor update skipped at epoch 5 because momentum=1.0000 disables EMA; eligible classes per client {0: 5, 1: 5, 2: 5}
2026-04-20 23:18:36,784 - => Stage 2 Epoch 5 Training Summary: VFL loss: 0.0793, total loss: 0.0736, anchor loss: 0.0680, VFL train accuracy: 0.9742
2026-04-20 23:18:36,784 - => Test ASR...
2026-04-20 23:18:36,904 - =>Add Trigger to Test Data
2026-04-20 23:18:38,793 - Add Trigger to 37064 Bad Samples, 9629 Clean Samples (1.00)
2026-04-20 23:18:50,264 - => Test Epoch: 5, main task samples: 46693, attack samples: 46693, test loss: 0.4793, clean acc: 0.7592, Top-4: 0.9966, ASR: 0.0757, RAC: 0.6680, test target accuracy: 0.8805, stage3 final accuracy: 0.7592, stage3 final target accuracy: 0.7113, stage3 final asr: 0.0757, anchor loss: 0.0847
2026-04-20 23:18:50,264 - => Stage 3 Detection Summary: recall: 0.5892, precision: 0.0146, f1: 0.0286, false positive rate: 0.2211, correction rate: 0.2593
2026-04-20 23:18:50,264 - => Stage 3 Debug (clean): suspicious=10322/46693, correction_applied=10289, prediction_changed=10289, skipped_tied_vote=0, skipped_low_margin=0, skipped_other=33
2026-04-20 23:18:50,264 - => Stage 3 Debug (poison-valid): suspicious=13580/37064, correction_applied=13542, prediction_changed=13542, skipped_tied_vote=0, skipped_low_margin=0, skipped_other=38
2026-04-20 23:18:50,264 - => Stage 3 Debug (attack-success): suspicious=350/594, correction_applied=348, prediction_changed=348, corrected_to_true=154
2026-04-20 23:18:50,265 - => Stage 2 checkpoint score: mean(clean_acc=0.7592, recall=0.5892, correction_rate=0.2593) = 0.5359
2026-04-20 23:18:50,308 - => End Epoch: 5, early stop epochs: 4, best epoch: 1, best clean acc: 0.7673, best Top-4: 0.9965, best ASR: 0.2678, best RAC: 0.6693, anchor loss: 0.0830, best checkpoint score: 0.6513
2026-04-20 23:18:50,308 - => Stage 3 Detection Summary: recall: 0.6904, precision: 0.2858, f1: 0.4042, false positive rate: 0.2121, correction rate: 0.4961
2026-04-20 23:18:50,336 - => LFBA current anchor-derived target label: 3
2026-04-20 23:18:50,426 - =>Add Trigger to Train Data
2026-04-20 23:18:50,729 - Add Trigger to 6996 Bad Samples, 62970 Clean Samples (0.10)
2026-04-20 23:18:50,733 - => Start Training for Injecting Backdoor...
2026-04-20 23:18:50,766 - Epoch: 6, 1/274: VFL loss: 0.0302, total loss: 0.0456, anchor loss: 0.0611, VFL train accuracy: 0.9883
2026-04-20 23:18:51,202 - Epoch: 6, 11/274: VFL loss: 0.0592, total loss: 0.0610, anchor loss: 0.0627, VFL train accuracy: 0.9840
2026-04-20 23:18:51,445 - Epoch: 6, 21/274: VFL loss: 0.0530, total loss: 0.0587, anchor loss: 0.0643, VFL train accuracy: 0.9840
2026-04-20 23:18:51,700 - Epoch: 6, 31/274: VFL loss: 0.0516, total loss: 0.0583, anchor loss: 0.0649, VFL train accuracy: 0.9837
2026-04-20 23:18:51,955 - Epoch: 6, 41/274: VFL loss: 0.0499, total loss: 0.0575, anchor loss: 0.0651, VFL train accuracy: 0.9840
2026-04-20 23:18:52,201 - Epoch: 6, 51/274: VFL loss: 0.0489, total loss: 0.0572, anchor loss: 0.0655, VFL train accuracy: 0.9848
2026-04-20 23:18:52,457 - Epoch: 6, 61/274: VFL loss: 0.0519, total loss: 0.0588, anchor loss: 0.0657, VFL train accuracy: 0.9840
2026-04-20 23:18:52,713 - Epoch: 6, 71/274: VFL loss: 0.0505, total loss: 0.0581, anchor loss: 0.0656, VFL train accuracy: 0.9843
2026-04-20 23:18:52,960 - Epoch: 6, 81/274: VFL loss: 0.0503, total loss: 0.0579, anchor loss: 0.0656, VFL train accuracy: 0.9841
2026-04-20 23:18:53,212 - Epoch: 6, 91/274: VFL loss: 0.0506, total loss: 0.0581, anchor loss: 0.0657, VFL train accuracy: 0.9839
2026-04-20 23:18:53,461 - Epoch: 6, 101/274: VFL loss: 0.0512, total loss: 0.0584, anchor loss: 0.0656, VFL train accuracy: 0.9838
2026-04-20 23:18:53,712 - Epoch: 6, 111/274: VFL loss: 0.0516, total loss: 0.0587, anchor loss: 0.0657, VFL train accuracy: 0.9835
2026-04-20 23:18:53,980 - Epoch: 6, 121/274: VFL loss: 0.0517, total loss: 0.0586, anchor loss: 0.0655, VFL train accuracy: 0.9832
2026-04-20 23:18:54,219 - Epoch: 6, 131/274: VFL loss: 0.0522, total loss: 0.0589, anchor loss: 0.0656, VFL train accuracy: 0.9832
2026-04-20 23:18:54,473 - Epoch: 6, 141/274: VFL loss: 0.0526, total loss: 0.0590, anchor loss: 0.0655, VFL train accuracy: 0.9830
2026-04-20 23:18:54,697 - Epoch: 6, 151/274: VFL loss: 0.0529, total loss: 0.0593, anchor loss: 0.0656, VFL train accuracy: 0.9831
2026-04-20 23:18:54,920 - Epoch: 6, 161/274: VFL loss: 0.0531, total loss: 0.0593, anchor loss: 0.0656, VFL train accuracy: 0.9827
2026-04-20 23:18:55,167 - Epoch: 6, 171/274: VFL loss: 0.0536, total loss: 0.0596, anchor loss: 0.0656, VFL train accuracy: 0.9826
2026-04-20 23:18:55,411 - Epoch: 6, 181/274: VFL loss: 0.0538, total loss: 0.0598, anchor loss: 0.0658, VFL train accuracy: 0.9825
2026-04-20 23:18:55,655 - Epoch: 6, 191/274: VFL loss: 0.0541, total loss: 0.0600, anchor loss: 0.0659, VFL train accuracy: 0.9822
2026-04-20 23:18:55,824 - Epoch: 6, 201/274: VFL loss: 0.0540, total loss: 0.0600, anchor loss: 0.0659, VFL train accuracy: 0.9822
2026-04-20 23:18:55,984 - Epoch: 6, 211/274: VFL loss: 0.0541, total loss: 0.0600, anchor loss: 0.0660, VFL train accuracy: 0.9822
2026-04-20 23:18:56,147 - Epoch: 6, 221/274: VFL loss: 0.0543, total loss: 0.0602, anchor loss: 0.0660, VFL train accuracy: 0.9821
2026-04-20 23:18:56,338 - Epoch: 6, 231/274: VFL loss: 0.0554, total loss: 0.0608, anchor loss: 0.0661, VFL train accuracy: 0.9817
2026-04-20 23:18:56,528 - Epoch: 6, 241/274: VFL loss: 0.0563, total loss: 0.0612, anchor loss: 0.0661, VFL train accuracy: 0.9816
2026-04-20 23:18:56,729 - Epoch: 6, 251/274: VFL loss: 0.0565, total loss: 0.0613, anchor loss: 0.0662, VFL train accuracy: 0.9814
2026-04-20 23:18:56,925 - Epoch: 6, 261/274: VFL loss: 0.0568, total loss: 0.0615, anchor loss: 0.0662, VFL train accuracy: 0.9814
2026-04-20 23:18:57,120 - Epoch: 6, 271/274: VFL loss: 0.0575, total loss: 0.0619, anchor loss: 0.0662, VFL train accuracy: 0.9811
2026-04-20 23:18:57,188 - => Recorded Stage 2 client anchor losses for epoch 6 to 'results/AVGuard/stage3_gamma_sensitivity_3clients_noema_bounded_q/NUSWIDE_3clients_noema_bounded_q_gamma_1.0\stage2_final_epoch_client_anchor_losses.json': {0: 0.042208, 1: 0.071672, 2: 0.084962}
2026-04-20 23:18:57,189 - => Stage 2 EMA anchor update skipped at epoch 6 because momentum=1.0000 disables EMA; eligible classes per client {0: 5, 1: 5, 2: 5}
2026-04-20 23:18:57,190 - => Stage 2 Epoch 6 Training Summary: VFL loss: 0.0577, total loss: 0.0620, anchor loss: 0.0663, VFL train accuracy: 0.9810
2026-04-20 23:18:57,190 - => Test ASR...
2026-04-20 23:18:57,301 - =>Add Trigger to Test Data
2026-04-20 23:18:59,007 - Add Trigger to 37064 Bad Samples, 9629 Clean Samples (1.00)
2026-04-20 23:19:06,104 - => Test Epoch: 6, main task samples: 46693, attack samples: 46693, test loss: 0.5321, clean acc: 0.7522, Top-4: 0.9950, ASR: 0.0512, RAC: 0.6836, test target accuracy: 0.8668, stage3 final accuracy: 0.7522, stage3 final target accuracy: 0.7391, stage3 final asr: 0.0512, anchor loss: 0.0849
2026-04-20 23:19:06,104 - => Stage 3 Detection Summary: recall: 0.6076, precision: 0.0106, f1: 0.0208, false positive rate: 0.2326, correction rate: 0.2671
2026-04-20 23:19:06,104 - => Stage 3 Debug (clean): suspicious=10860/46693, correction_applied=10833, prediction_changed=10833, skipped_tied_vote=0, skipped_low_margin=0, skipped_other=27
2026-04-20 23:19:06,104 - => Stage 3 Debug (poison-valid): suspicious=13401/37064, correction_applied=13390, prediction_changed=13390, skipped_tied_vote=0, skipped_low_margin=0, skipped_other=11
2026-04-20 23:19:06,104 - => Stage 3 Debug (attack-success): suspicious=257/423, correction_applied=255, prediction_changed=255, corrected_to_true=113
2026-04-20 23:19:06,104 - => Stage 2 checkpoint score: mean(clean_acc=0.7522, recall=0.6076, correction_rate=0.2671) = 0.5423
2026-04-20 23:19:06,151 - => End Epoch: 6, early stop epochs: 5, best epoch: 1, best clean acc: 0.7673, best Top-4: 0.9965, best ASR: 0.2678, best RAC: 0.6693, anchor loss: 0.0830, best checkpoint score: 0.6513
2026-04-20 23:19:06,152 - => Stage 3 Detection Summary: recall: 0.6904, precision: 0.2858, f1: 0.4042, false positive rate: 0.2121, correction rate: 0.4961
2026-04-20 23:19:06,178 - => LFBA current anchor-derived target label: 3
2026-04-20 23:19:06,381 - =>Add Trigger to Train Data
2026-04-20 23:19:07,365 - Add Trigger to 6996 Bad Samples, 62970 Clean Samples (0.10)
2026-04-20 23:19:07,368 - => Start Training for Injecting Backdoor...
2026-04-20 23:19:07,503 - Epoch: 7, 1/274: VFL loss: 0.0507, total loss: 0.0587, anchor loss: 0.0666, VFL train accuracy: 0.9844
2026-04-20 23:19:08,137 - Epoch: 7, 11/274: VFL loss: 0.0482, total loss: 0.0570, anchor loss: 0.0658, VFL train accuracy: 0.9865
2026-04-20 23:19:08,311 - Epoch: 7, 21/274: VFL loss: 0.0423, total loss: 0.0533, anchor loss: 0.0643, VFL train accuracy: 0.9875
2026-04-20 23:19:08,493 - Epoch: 7, 31/274: VFL loss: 0.0392, total loss: 0.0520, anchor loss: 0.0647, VFL train accuracy: 0.9888
2026-04-20 23:19:08,727 - Epoch: 7, 41/274: VFL loss: 0.0382, total loss: 0.0514, anchor loss: 0.0647, VFL train accuracy: 0.9889
2026-04-20 23:19:08,979 - Epoch: 7, 51/274: VFL loss: 0.0367, total loss: 0.0507, anchor loss: 0.0647, VFL train accuracy: 0.9891
2026-04-20 23:19:09,214 - Epoch: 7, 61/274: VFL loss: 0.0389, total loss: 0.0518, anchor loss: 0.0646, VFL train accuracy: 0.9886
2026-04-20 23:19:09,424 - Epoch: 7, 71/274: VFL loss: 0.0400, total loss: 0.0524, anchor loss: 0.0647, VFL train accuracy: 0.9883
2026-04-20 23:19:09,626 - Epoch: 7, 81/274: VFL loss: 0.0394, total loss: 0.0520, anchor loss: 0.0646, VFL train accuracy: 0.9883
2026-04-20 23:19:09,818 - Epoch: 7, 91/274: VFL loss: 0.0397, total loss: 0.0523, anchor loss: 0.0649, VFL train accuracy: 0.9879
2026-04-20 23:19:10,022 - Epoch: 7, 101/274: VFL loss: 0.0402, total loss: 0.0526, anchor loss: 0.0649, VFL train accuracy: 0.9877
2026-04-20 23:19:10,208 - Epoch: 7, 111/274: VFL loss: 0.0400, total loss: 0.0525, anchor loss: 0.0649, VFL train accuracy: 0.9875
2026-04-20 23:19:10,417 - Epoch: 7, 121/274: VFL loss: 0.0400, total loss: 0.0524, anchor loss: 0.0648, VFL train accuracy: 0.9876
2026-04-20 23:19:10,604 - Epoch: 7, 131/274: VFL loss: 0.0399, total loss: 0.0524, anchor loss: 0.0648, VFL train accuracy: 0.9874
2026-04-20 23:19:10,797 - Epoch: 7, 141/274: VFL loss: 0.0400, total loss: 0.0524, anchor loss: 0.0649, VFL train accuracy: 0.9874
2026-04-20 23:19:11,002 - Epoch: 7, 151/274: VFL loss: 0.0396, total loss: 0.0522, anchor loss: 0.0648, VFL train accuracy: 0.9874
2026-04-20 23:19:11,260 - Epoch: 7, 161/274: VFL loss: 0.0394, total loss: 0.0521, anchor loss: 0.0648, VFL train accuracy: 0.9874
2026-04-20 23:19:11,507 - Epoch: 7, 171/274: VFL loss: 0.0394, total loss: 0.0521, anchor loss: 0.0648, VFL train accuracy: 0.9873
2026-04-20 23:19:11,839 - Epoch: 7, 181/274: VFL loss: 0.0397, total loss: 0.0523, anchor loss: 0.0649, VFL train accuracy: 0.9871
2026-04-20 23:19:12,130 - Epoch: 7, 191/274: VFL loss: 0.0401, total loss: 0.0525, anchor loss: 0.0650, VFL train accuracy: 0.9869
2026-04-20 23:19:12,371 - Epoch: 7, 201/274: VFL loss: 0.0411, total loss: 0.0531, anchor loss: 0.0650, VFL train accuracy: 0.9867
2026-04-20 23:19:12,605 - Epoch: 7, 211/274: VFL loss: 0.0415, total loss: 0.0532, anchor loss: 0.0650, VFL train accuracy: 0.9865
2026-04-20 23:19:12,957 - Epoch: 7, 221/274: VFL loss: 0.0423, total loss: 0.0537, anchor loss: 0.0651, VFL train accuracy: 0.9862
2026-04-20 23:19:13,249 - Epoch: 7, 231/274: VFL loss: 0.0434, total loss: 0.0543, anchor loss: 0.0651, VFL train accuracy: 0.9858
2026-04-20 23:19:13,484 - Epoch: 7, 241/274: VFL loss: 0.0440, total loss: 0.0546, anchor loss: 0.0653, VFL train accuracy: 0.9856
2026-04-20 23:19:13,705 - Epoch: 7, 251/274: VFL loss: 0.0441, total loss: 0.0547, anchor loss: 0.0653, VFL train accuracy: 0.9856
2026-04-20 23:19:14,188 - Epoch: 7, 261/274: VFL loss: 0.0442, total loss: 0.0548, anchor loss: 0.0654, VFL train accuracy: 0.9855
2026-04-20 23:19:14,457 - Epoch: 7, 271/274: VFL loss: 0.0442, total loss: 0.0548, anchor loss: 0.0653, VFL train accuracy: 0.9855
2026-04-20 23:19:14,537 - => Recorded Stage 2 client anchor losses for epoch 7 to 'results/AVGuard/stage3_gamma_sensitivity_3clients_noema_bounded_q/NUSWIDE_3clients_noema_bounded_q_gamma_1.0\stage2_final_epoch_client_anchor_losses.json': {0: 0.039114, 1: 0.07149, 2: 0.085421}
2026-04-20 23:19:14,538 - => Stage 2 EMA anchor update skipped at epoch 7 because momentum=1.0000 disables EMA; eligible classes per client {0: 5, 1: 5, 2: 5}
2026-04-20 23:19:14,538 - => Stage 2 Epoch 7 Training Summary: VFL loss: 0.0448, total loss: 0.0551, anchor loss: 0.0654, VFL train accuracy: 0.9855
2026-04-20 23:19:14,538 - => Test ASR...
2026-04-20 23:19:14,811 - =>Add Trigger to Test Data
2026-04-20 23:19:17,175 - Add Trigger to 37064 Bad Samples, 9629 Clean Samples (1.00)
2026-04-20 23:19:25,737 - => Test Epoch: 7, main task samples: 46693, attack samples: 46693, test loss: 0.6053, clean acc: 0.7647, Top-4: 0.9954, ASR: 0.0624, RAC: 0.6765, test target accuracy: 0.8719, stage3 final accuracy: 0.7647, stage3 final target accuracy: 0.7385, stage3 final asr: 0.0624, anchor loss: 0.0846
2026-04-20 23:19:25,737 - => Stage 3 Detection Summary: recall: 0.6610, precision: 0.0161, f1: 0.0315, false positive rate: 0.2260, correction rate: 0.3101
2026-04-20 23:19:25,737 - => Stage 3 Debug (clean): suspicious=10551/46693, correction_applied=10519, prediction_changed=10519, skipped_tied_vote=0, skipped_low_margin=0, skipped_other=32
2026-04-20 23:19:25,737 - => Stage 3 Debug (poison-valid): suspicious=13523/37064, correction_applied=13512, prediction_changed=13512, skipped_tied_vote=0, skipped_low_margin=0, skipped_other=11
2026-04-20 23:19:25,737 - => Stage 3 Debug (attack-success): suspicious=388/587, correction_applied=388, prediction_changed=388, corrected_to_true=182
2026-04-20 23:19:25,738 - => Stage 2 checkpoint score: mean(clean_acc=0.7647, recall=0.6610, correction_rate=0.3101) = 0.5786
2026-04-20 23:19:25,786 - => End Epoch: 7, early stop epochs: 6, best epoch: 1, best clean acc: 0.7673, best Top-4: 0.9965, best ASR: 0.2678, best RAC: 0.6693, anchor loss: 0.0830, best checkpoint score: 0.6513
2026-04-20 23:19:25,786 - => Stage 3 Detection Summary: recall: 0.6904, precision: 0.2858, f1: 0.4042, false positive rate: 0.2121, correction rate: 0.4961
2026-04-20 23:19:25,829 - => LFBA current anchor-derived target label: 3
2026-04-20 23:19:25,952 - =>Add Trigger to Train Data
2026-04-20 23:19:26,285 - Add Trigger to 6996 Bad Samples, 62970 Clean Samples (0.10)
2026-04-20 23:19:26,288 - => Start Training for Injecting Backdoor...
2026-04-20 23:19:26,310 - Epoch: 8, 1/274: VFL loss: 0.0408, total loss: 0.0510, anchor loss: 0.0612, VFL train accuracy: 0.9844
2026-04-20 23:19:26,649 - Epoch: 8, 11/274: VFL loss: 0.0363, total loss: 0.0501, anchor loss: 0.0639, VFL train accuracy: 0.9893
2026-04-20 23:19:26,826 - Epoch: 8, 21/274: VFL loss: 0.0328, total loss: 0.0486, anchor loss: 0.0645, VFL train accuracy: 0.9901
2026-04-20 23:19:26,990 - Epoch: 8, 31/274: VFL loss: 0.0302, total loss: 0.0472, anchor loss: 0.0642, VFL train accuracy: 0.9908
2026-04-20 23:19:27,162 - Epoch: 8, 41/274: VFL loss: 0.0304, total loss: 0.0471, anchor loss: 0.0639, VFL train accuracy: 0.9909
2026-04-20 23:19:27,338 - Epoch: 8, 51/274: VFL loss: 0.0306, total loss: 0.0471, anchor loss: 0.0636, VFL train accuracy: 0.9909
2026-04-20 23:19:27,509 - Epoch: 8, 61/274: VFL loss: 0.0304, total loss: 0.0470, anchor loss: 0.0636, VFL train accuracy: 0.9910
2026-04-20 23:19:27,720 - Epoch: 8, 71/274: VFL loss: 0.0307, total loss: 0.0471, anchor loss: 0.0635, VFL train accuracy: 0.9910
2026-04-20 23:19:28,037 - Epoch: 8, 81/274: VFL loss: 0.0305, total loss: 0.0470, anchor loss: 0.0635, VFL train accuracy: 0.9911
2026-04-20 23:19:28,642 - Epoch: 8, 91/274: VFL loss: 0.0316, total loss: 0.0476, anchor loss: 0.0636, VFL train accuracy: 0.9909
2026-04-20 23:19:29,121 - Epoch: 8, 101/274: VFL loss: 0.0312, total loss: 0.0475, anchor loss: 0.0638, VFL train accuracy: 0.9908
2026-04-20 23:19:29,490 - Epoch: 8, 111/274: VFL loss: 0.0306, total loss: 0.0472, anchor loss: 0.0637, VFL train accuracy: 0.9908
2026-04-20 23:19:29,900 - Epoch: 8, 121/274: VFL loss: 0.0310, total loss: 0.0473, anchor loss: 0.0636, VFL train accuracy: 0.9905
2026-04-20 23:19:30,314 - Epoch: 8, 131/274: VFL loss: 0.0319, total loss: 0.0478, anchor loss: 0.0636, VFL train accuracy: 0.9905
2026-04-20 23:19:30,699 - Epoch: 8, 141/274: VFL loss: 0.0324, total loss: 0.0480, anchor loss: 0.0637, VFL train accuracy: 0.9902
2026-04-20 23:19:31,132 - Epoch: 8, 151/274: VFL loss: 0.0322, total loss: 0.0480, anchor loss: 0.0637, VFL train accuracy: 0.9901
2026-04-20 23:19:31,605 - Epoch: 8, 161/274: VFL loss: 0.0317, total loss: 0.0478, anchor loss: 0.0638, VFL train accuracy: 0.9903
2026-04-20 23:19:32,077 - Epoch: 8, 171/274: VFL loss: 0.0317, total loss: 0.0478, anchor loss: 0.0638, VFL train accuracy: 0.9904
2026-04-20 23:19:32,584 - Epoch: 8, 181/274: VFL loss: 0.0314, total loss: 0.0475, anchor loss: 0.0636, VFL train accuracy: 0.9905
2026-04-20 23:19:33,028 - Epoch: 8, 191/274: VFL loss: 0.0314, total loss: 0.0476, anchor loss: 0.0637, VFL train accuracy: 0.9904
2026-04-20 23:19:33,449 - Epoch: 8, 201/274: VFL loss: 0.0316, total loss: 0.0477, anchor loss: 0.0638, VFL train accuracy: 0.9903
2026-04-20 23:19:33,895 - Epoch: 8, 211/274: VFL loss: 0.0320, total loss: 0.0480, anchor loss: 0.0639, VFL train accuracy: 0.9901
2026-04-20 23:19:34,351 - Epoch: 8, 221/274: VFL loss: 0.0323, total loss: 0.0482, anchor loss: 0.0640, VFL train accuracy: 0.9899
2026-04-20 23:19:34,847 - Epoch: 8, 231/274: VFL loss: 0.0324, total loss: 0.0482, anchor loss: 0.0639, VFL train accuracy: 0.9897
2026-04-20 23:19:35,309 - Epoch: 8, 241/274: VFL loss: 0.0323, total loss: 0.0481, anchor loss: 0.0640, VFL train accuracy: 0.9897
2026-04-20 23:19:35,805 - Epoch: 8, 251/274: VFL loss: 0.0324, total loss: 0.0482, anchor loss: 0.0640, VFL train accuracy: 0.9896
2026-04-20 23:19:36,207 - Epoch: 8, 261/274: VFL loss: 0.0329, total loss: 0.0485, anchor loss: 0.0640, VFL train accuracy: 0.9894
2026-04-20 23:19:36,607 - Epoch: 8, 271/274: VFL loss: 0.0339, total loss: 0.0489, anchor loss: 0.0640, VFL train accuracy: 0.9890
2026-04-20 23:19:36,742 - => Recorded Stage 2 client anchor losses for epoch 8 to 'results/AVGuard/stage3_gamma_sensitivity_3clients_noema_bounded_q/NUSWIDE_3clients_noema_bounded_q_gamma_1.0\stage2_final_epoch_client_anchor_losses.json': {0: 0.037401, 1: 0.070528, 2: 0.083947}
2026-04-20 23:19:36,745 - => Stage 2 EMA anchor update skipped at epoch 8 because momentum=1.0000 disables EMA; eligible classes per client {0: 5, 1: 5, 2: 5}
2026-04-20 23:19:36,745 - => Stage 2 Epoch 8 Training Summary: VFL loss: 0.0339, total loss: 0.0489, anchor loss: 0.0640, VFL train accuracy: 0.9891
2026-04-20 23:19:36,745 - => Test ASR...
2026-04-20 23:19:37,760 - =>Add Trigger to Test Data
2026-04-20 23:19:43,646 - Add Trigger to 37064 Bad Samples, 9629 Clean Samples (1.00)
2026-04-20 23:19:59,375 - => Test Epoch: 8, main task samples: 46693, attack samples: 46693, test loss: 0.6332, clean acc: 0.7621, Top-4: 0.9954, ASR: 0.0517, RAC: 0.6770, test target accuracy: 0.8857, stage3 final accuracy: 0.7621, stage3 final target accuracy: 0.7208, stage3 final asr: 0.0517, anchor loss: 0.0844
2026-04-20 23:19:59,377 - => Stage 3 Detection Summary: recall: 0.6492, precision: 0.0165, f1: 0.0322, false positive rate: 0.2227, correction rate: 0.2530
2026-04-20 23:19:59,377 - => Stage 3 Debug (clean): suspicious=10397/46693, correction_applied=10368, prediction_changed=10368, skipped_tied_vote=0, skipped_low_margin=0, skipped_other=29
2026-04-20 23:19:59,377 - => Stage 3 Debug (poison-valid): suspicious=12950/37064, correction_applied=12944, prediction_changed=12944, skipped_tied_vote=0, skipped_low_margin=0, skipped_other=6
2026-04-20 23:19:59,377 - => Stage 3 Debug (attack-success): suspicious=385/593, correction_applied=385, prediction_changed=385, corrected_to_true=150
2026-04-20 23:19:59,380 - => Stage 2 checkpoint score: mean(clean_acc=0.7621, recall=0.6492, correction_rate=0.2530) = 0.5548
2026-04-20 23:19:59,479 - => End Epoch: 8, early stop epochs: 7, best epoch: 1, best clean acc: 0.7673, best Top-4: 0.9965, best ASR: 0.2678, best RAC: 0.6693, anchor loss: 0.0830, best checkpoint score: 0.6513
2026-04-20 23:19:59,479 - => Stage 3 Detection Summary: recall: 0.6904, precision: 0.2858, f1: 0.4042, false positive rate: 0.2121, correction rate: 0.4961
2026-04-20 23:19:59,549 - => LFBA current anchor-derived target label: 3
2026-04-20 23:19:59,781 - =>Add Trigger to Train Data
2026-04-20 23:20:00,201 - Add Trigger to 6996 Bad Samples, 62970 Clean Samples (0.10)
2026-04-20 23:20:00,204 - => Start Training for Injecting Backdoor...
2026-04-20 23:20:00,316 - Epoch: 9, 1/274: VFL loss: 0.0048, total loss: 0.0306, anchor loss: 0.0565, VFL train accuracy: 1.0000
2026-04-20 23:20:01,062 - Epoch: 9, 11/274: VFL loss: 0.0287, total loss: 0.0462, anchor loss: 0.0638, VFL train accuracy: 0.9915
2026-04-20 23:20:01,488 - Epoch: 9, 21/274: VFL loss: 0.0229, total loss: 0.0430, anchor loss: 0.0631, VFL train accuracy: 0.9933
2026-04-20 23:20:01,910 - Epoch: 9, 31/274: VFL loss: 0.0230, total loss: 0.0428, anchor loss: 0.0626, VFL train accuracy: 0.9926
2026-04-20 23:20:02,304 - Epoch: 9, 41/274: VFL loss: 0.0241, total loss: 0.0433, anchor loss: 0.0625, VFL train accuracy: 0.9923
2026-04-20 23:20:02,728 - Epoch: 9, 51/274: VFL loss: 0.0260, total loss: 0.0444, anchor loss: 0.0628, VFL train accuracy: 0.9915
2026-04-20 23:20:03,148 - Epoch: 9, 61/274: VFL loss: 0.0251, total loss: 0.0441, anchor loss: 0.0631, VFL train accuracy: 0.9919
2026-04-20 23:20:03,509 - Epoch: 9, 71/274: VFL loss: 0.0248, total loss: 0.0440, anchor loss: 0.0631, VFL train accuracy: 0.9918
2026-04-20 23:20:03,873 - Epoch: 9, 81/274: VFL loss: 0.0248, total loss: 0.0439, anchor loss: 0.0630, VFL train accuracy: 0.9919
2026-04-20 23:20:04,228 - Epoch: 9, 91/274: VFL loss: 0.0249, total loss: 0.0440, anchor loss: 0.0630, VFL train accuracy: 0.9920
2026-04-20 23:20:04,603 - Epoch: 9, 101/274: VFL loss: 0.0249, total loss: 0.0439, anchor loss: 0.0630, VFL train accuracy: 0.9922
2026-04-20 23:20:04,999 - Epoch: 9, 111/274: VFL loss: 0.0248, total loss: 0.0439, anchor loss: 0.0630, VFL train accuracy: 0.9920
2026-04-20 23:20:05,352 - Epoch: 9, 121/274: VFL loss: 0.0252, total loss: 0.0442, anchor loss: 0.0631, VFL train accuracy: 0.9919
2026-04-20 23:20:05,720 - Epoch: 9, 131/274: VFL loss: 0.0253, total loss: 0.0442, anchor loss: 0.0632, VFL train accuracy: 0.9918
2026-04-20 23:20:06,093 - Epoch: 9, 141/274: VFL loss: 0.0261, total loss: 0.0447, anchor loss: 0.0633, VFL train accuracy: 0.9915
2026-04-20 23:20:06,412 - Epoch: 9, 151/274: VFL loss: 0.0265, total loss: 0.0449, anchor loss: 0.0633, VFL train accuracy: 0.9914
2026-04-20 23:20:06,743 - Epoch: 9, 161/274: VFL loss: 0.0266, total loss: 0.0450, anchor loss: 0.0633, VFL train accuracy: 0.9914
2026-04-20 23:20:07,069 - Epoch: 9, 171/274: VFL loss: 0.0266, total loss: 0.0450, anchor loss: 0.0635, VFL train accuracy: 0.9913
2026-04-20 23:20:07,413 - Epoch: 9, 181/274: VFL loss: 0.0272, total loss: 0.0454, anchor loss: 0.0635, VFL train accuracy: 0.9909
2026-04-20 23:20:07,759 - Epoch: 9, 191/274: VFL loss: 0.0275, total loss: 0.0455, anchor loss: 0.0636, VFL train accuracy: 0.9908
2026-04-20 23:20:08,077 - Epoch: 9, 201/274: VFL loss: 0.0276, total loss: 0.0456, anchor loss: 0.0637, VFL train accuracy: 0.9907
2026-04-20 23:20:08,436 - Epoch: 9, 211/274: VFL loss: 0.0277, total loss: 0.0457, anchor loss: 0.0637, VFL train accuracy: 0.9907
2026-04-20 23:20:08,758 - Epoch: 9, 221/274: VFL loss: 0.0283, total loss: 0.0461, anchor loss: 0.0638, VFL train accuracy: 0.9905
2026-04-20 23:20:09,073 - Epoch: 9, 231/274: VFL loss: 0.0291, total loss: 0.0465, anchor loss: 0.0640, VFL train accuracy: 0.9903
2026-04-20 23:20:09,412 - Epoch: 9, 241/274: VFL loss: 0.0297, total loss: 0.0468, anchor loss: 0.0640, VFL train accuracy: 0.9901
2026-04-20 23:20:09,770 - Epoch: 9, 251/274: VFL loss: 0.0301, total loss: 0.0471, anchor loss: 0.0640, VFL train accuracy: 0.9899
2026-04-20 23:20:10,089 - Epoch: 9, 261/274: VFL loss: 0.0308, total loss: 0.0474, anchor loss: 0.0640, VFL train accuracy: 0.9896
2026-04-20 23:20:10,425 - Epoch: 9, 271/274: VFL loss: 0.0314, total loss: 0.0477, anchor loss: 0.0641, VFL train accuracy: 0.9894
2026-04-20 23:20:10,532 - => Recorded Stage 2 client anchor losses for epoch 9 to 'results/AVGuard/stage3_gamma_sensitivity_3clients_noema_bounded_q/NUSWIDE_3clients_noema_bounded_q_gamma_1.0\stage2_final_epoch_client_anchor_losses.json': {0: 0.036378, 1: 0.07146, 2: 0.084332}
2026-04-20 23:20:10,533 - => Stage 2 EMA anchor update skipped at epoch 9 because momentum=1.0000 disables EMA; eligible classes per client {0: 5, 1: 5, 2: 5}
2026-04-20 23:20:10,533 - => Stage 2 Epoch 9 Training Summary: VFL loss: 0.0318, total loss: 0.0479, anchor loss: 0.0641, VFL train accuracy: 0.9894
2026-04-20 23:20:10,533 - => Test ASR...
2026-04-20 23:20:10,650 - =>Add Trigger to Test Data
2026-04-20 23:20:14,591 - Add Trigger to 37064 Bad Samples, 9629 Clean Samples (1.00)
2026-04-20 23:20:27,390 - => Test Epoch: 9, main task samples: 46693, attack samples: 46693, test loss: 0.6847, clean acc: 0.7608, Top-4: 0.9950, ASR: 0.0523, RAC: 0.6799, test target accuracy: 0.8661, stage3 final accuracy: 0.7608, stage3 final target accuracy: 0.7392, stage3 final asr: 0.0523, anchor loss: 0.0845
2026-04-20 23:20:27,390 - => Stage 3 Detection Summary: recall: 0.6209, precision: 0.0141, f1: 0.0275, false positive rate: 0.2193, correction rate: 0.2689
2026-04-20 23:20:27,390 - => Stage 3 Debug (clean): suspicious=10240/46693, correction_applied=10206, prediction_changed=10206, skipped_tied_vote=0, skipped_low_margin=0, skipped_other=34
2026-04-20 23:20:27,390 - => Stage 3 Debug (poison-valid): suspicious=12555/37064, correction_applied=12548, prediction_changed=12548, skipped_tied_vote=0, skipped_low_margin=0, skipped_other=7
2026-04-20 23:20:27,391 - => Stage 3 Debug (attack-success): suspicious=321/517, correction_applied=321, prediction_changed=321, corrected_to_true=139
2026-04-20 23:20:27,391 - => Stage 2 checkpoint score: mean(clean_acc=0.7608, recall=0.6209, correction_rate=0.2689) = 0.5502
2026-04-20 23:20:27,480 - => End Epoch: 9, early stop epochs: 8, best epoch: 1, best clean acc: 0.7673, best Top-4: 0.9965, best ASR: 0.2678, best RAC: 0.6693, anchor loss: 0.0830, best checkpoint score: 0.6513
2026-04-20 23:20:27,480 - => Stage 3 Detection Summary: recall: 0.6904, precision: 0.2858, f1: 0.4042, false positive rate: 0.2121, correction rate: 0.4961
2026-04-20 23:20:27,516 - => LFBA current anchor-derived target label: 3
2026-04-20 23:20:27,596 - =>Add Trigger to Train Data
2026-04-20 23:20:27,998 - Add Trigger to 6996 Bad Samples, 62970 Clean Samples (0.10)
2026-04-20 23:20:28,003 - => Start Training for Injecting Backdoor...
2026-04-20 23:20:28,061 - Epoch: 10, 1/274: VFL loss: 0.0362, total loss: 0.0516, anchor loss: 0.0670, VFL train accuracy: 0.9844
2026-04-20 23:20:28,761 - Epoch: 10, 11/274: VFL loss: 0.0287, total loss: 0.0468, anchor loss: 0.0650, VFL train accuracy: 0.9890
2026-04-20 23:20:29,164 - Epoch: 10, 21/274: VFL loss: 0.0273, total loss: 0.0458, anchor loss: 0.0642, VFL train accuracy: 0.9887
2026-04-20 23:20:29,545 - Epoch: 10, 31/274: VFL loss: 0.0281, total loss: 0.0463, anchor loss: 0.0645, VFL train accuracy: 0.9889
2026-04-20 23:20:29,938 - Epoch: 10, 41/274: VFL loss: 0.0271, total loss: 0.0456, anchor loss: 0.0642, VFL train accuracy: 0.9897
2026-04-20 23:20:30,311 - Epoch: 10, 51/274: VFL loss: 0.0273, total loss: 0.0456, anchor loss: 0.0638, VFL train accuracy: 0.9901
2026-04-20 23:20:30,700 - Epoch: 10, 61/274: VFL loss: 0.0270, total loss: 0.0454, anchor loss: 0.0638, VFL train accuracy: 0.9901
2026-04-20 23:20:31,052 - Epoch: 10, 71/274: VFL loss: 0.0270, total loss: 0.0453, anchor loss: 0.0637, VFL train accuracy: 0.9904
2026-04-20 23:20:31,401 - Epoch: 10, 81/274: VFL loss: 0.0266, total loss: 0.0452, anchor loss: 0.0638, VFL train accuracy: 0.9905
2026-04-20 23:20:31,723 - Epoch: 10, 91/274: VFL loss: 0.0264, total loss: 0.0449, anchor loss: 0.0635, VFL train accuracy: 0.9906
2026-04-20 23:20:32,057 - Epoch: 10, 101/274: VFL loss: 0.0259, total loss: 0.0447, anchor loss: 0.0635, VFL train accuracy: 0.9907
2026-04-20 23:20:32,445 - Epoch: 10, 111/274: VFL loss: 0.0259, total loss: 0.0446, anchor loss: 0.0632, VFL train accuracy: 0.9908
2026-04-20 23:20:32,780 - Epoch: 10, 121/274: VFL loss: 0.0265, total loss: 0.0449, anchor loss: 0.0632, VFL train accuracy: 0.9906
2026-04-20 23:20:33,108 - Epoch: 10, 131/274: VFL loss: 0.0269, total loss: 0.0450, anchor loss: 0.0632, VFL train accuracy: 0.9905
2026-04-20 23:20:33,474 - Epoch: 10, 141/274: VFL loss: 0.0276, total loss: 0.0453, anchor loss: 0.0631, VFL train accuracy: 0.9904
2026-04-20 23:20:33,851 - Epoch: 10, 151/274: VFL loss: 0.0274, total loss: 0.0452, anchor loss: 0.0631, VFL train accuracy: 0.9904
2026-04-20 23:20:34,194 - Epoch: 10, 161/274: VFL loss: 0.0278, total loss: 0.0455, anchor loss: 0.0633, VFL train accuracy: 0.9903
2026-04-20 23:20:34,555 - Epoch: 10, 171/274: VFL loss: 0.0285, total loss: 0.0459, anchor loss: 0.0634, VFL train accuracy: 0.9900
2026-04-20 23:20:34,921 - Epoch: 10, 181/274: VFL loss: 0.0281, total loss: 0.0457, anchor loss: 0.0634, VFL train accuracy: 0.9902
2026-04-20 23:20:35,300 - Epoch: 10, 191/274: VFL loss: 0.0283, total loss: 0.0458, anchor loss: 0.0633, VFL train accuracy: 0.9900
2026-04-20 23:20:35,675 - Epoch: 10, 201/274: VFL loss: 0.0289, total loss: 0.0460, anchor loss: 0.0632, VFL train accuracy: 0.9898
2026-04-20 23:20:36,062 - Epoch: 10, 211/274: VFL loss: 0.0290, total loss: 0.0461, anchor loss: 0.0632, VFL train accuracy: 0.9897
2026-04-20 23:20:36,424 - Epoch: 10, 221/274: VFL loss: 0.0291, total loss: 0.0462, anchor loss: 0.0633, VFL train accuracy: 0.9896
2026-04-20 23:20:36,823 - Epoch: 10, 231/274: VFL loss: 0.0292, total loss: 0.0463, anchor loss: 0.0633, VFL train accuracy: 0.9896
2026-04-20 23:20:37,373 - Epoch: 10, 241/274: VFL loss: 0.0297, total loss: 0.0466, anchor loss: 0.0634, VFL train accuracy: 0.9893
2026-04-20 23:20:37,743 - Epoch: 10, 251/274: VFL loss: 0.0298, total loss: 0.0466, anchor loss: 0.0633, VFL train accuracy: 0.9893
2026-04-20 23:20:38,108 - Epoch: 10, 261/274: VFL loss: 0.0301, total loss: 0.0468, anchor loss: 0.0634, VFL train accuracy: 0.9893
2026-04-20 23:20:38,466 - Epoch: 10, 271/274: VFL loss: 0.0305, total loss: 0.0470, anchor loss: 0.0634, VFL train accuracy: 0.9891
2026-04-20 23:20:38,584 - => Recorded Stage 2 client anchor losses for epoch 10 to 'results/AVGuard/stage3_gamma_sensitivity_3clients_noema_bounded_q/NUSWIDE_3clients_noema_bounded_q_gamma_1.0\stage2_final_epoch_client_anchor_losses.json': {0: 0.035571, 1: 0.07074, 2: 0.084047}
2026-04-20 23:20:38,585 - => Stage 2 EMA anchor update skipped at epoch 10 because momentum=1.0000 disables EMA; eligible classes per client {0: 5, 1: 5, 2: 5}
2026-04-20 23:20:38,587 - => Stage 2 Epoch 10 Training Summary: VFL loss: 0.0306, total loss: 0.0470, anchor loss: 0.0635, VFL train accuracy: 0.9891
2026-04-20 23:20:38,587 - => Test ASR...
2026-04-20 23:20:38,710 - =>Add Trigger to Test Data
2026-04-20 23:20:43,227 - Add Trigger to 37064 Bad Samples, 9629 Clean Samples (1.00)
2026-04-20 23:20:55,908 - => Test Epoch: 10, main task samples: 46693, attack samples: 46693, test loss: 0.7517, clean acc: 0.7604, Top-4: 0.9949, ASR: 0.0678, RAC: 0.6834, test target accuracy: 0.8874, stage3 final accuracy: 0.7604, stage3 final target accuracy: 0.7551, stage3 final asr: 0.0678, anchor loss: 0.0844
2026-04-20 23:20:55,909 - => Stage 3 Detection Summary: recall: 0.6861, precision: 0.0264, f1: 0.0509, false positive rate: 0.2264, correction rate: 0.3604
2026-04-20 23:20:55,909 - => Stage 3 Debug (clean): suspicious=10571/46693, correction_applied=10554, prediction_changed=10554, skipped_tied_vote=0, skipped_low_margin=0, skipped_other=17
2026-04-20 23:20:55,909 - => Stage 3 Debug (poison-valid): suspicious=13435/37064, correction_applied=13421, prediction_changed=13421, skipped_tied_vote=0, skipped_low_margin=0, skipped_other=14
2026-04-20 23:20:55,909 - => Stage 3 Debug (attack-success): suspicious=634/924, correction_applied=633, prediction_changed=633, corrected_to_true=333
2026-04-20 23:20:55,910 - => Stage 2 checkpoint score: mean(clean_acc=0.7604, recall=0.6861, correction_rate=0.3604) = 0.6023
2026-04-20 23:20:55,974 - => End Epoch: 10, early stop epochs: 9, best epoch: 1, best clean acc: 0.7673, best Top-4: 0.9965, best ASR: 0.2678, best RAC: 0.6693, anchor loss: 0.0830, best checkpoint score: 0.6513
2026-04-20 23:20:55,974 - => Stage 3 Detection Summary: recall: 0.6904, precision: 0.2858, f1: 0.4042, false positive rate: 0.2121, correction rate: 0.4961
2026-04-20 23:20:56,018 - => LFBA current anchor-derived target label: 3
2026-04-20 23:20:56,101 - =>Add Trigger to Train Data
2026-04-20 23:20:56,467 - Add Trigger to 6996 Bad Samples, 62970 Clean Samples (0.10)
2026-04-20 23:20:56,471 - => Start Training for Injecting Backdoor...
2026-04-20 23:20:56,519 - Epoch: 11, 1/274: VFL loss: 0.0403, total loss: 0.0518, anchor loss: 0.0633, VFL train accuracy: 0.9766
2026-04-20 23:20:57,180 - Epoch: 11, 11/274: VFL loss: 0.0254, total loss: 0.0437, anchor loss: 0.0619, VFL train accuracy: 0.9911
2026-04-20 23:20:57,591 - Epoch: 11, 21/274: VFL loss: 0.0246, total loss: 0.0439, anchor loss: 0.0632, VFL train accuracy: 0.9916
2026-04-20 23:20:58,043 - Epoch: 11, 31/274: VFL loss: 0.0216, total loss: 0.0422, anchor loss: 0.0629, VFL train accuracy: 0.9924
2026-04-20 23:20:58,490 - Epoch: 11, 41/274: VFL loss: 0.0215, total loss: 0.0422, anchor loss: 0.0629, VFL train accuracy: 0.9928
2026-04-20 23:20:58,928 - Epoch: 11, 51/274: VFL loss: 0.0212, total loss: 0.0419, anchor loss: 0.0625, VFL train accuracy: 0.9930
2026-04-20 23:20:59,361 - Epoch: 11, 61/274: VFL loss: 0.0211, total loss: 0.0418, anchor loss: 0.0626, VFL train accuracy: 0.9931
2026-04-20 23:20:59,748 - Epoch: 11, 71/274: VFL loss: 0.0205, total loss: 0.0415, anchor loss: 0.0625, VFL train accuracy: 0.9932
2026-04-20 23:21:00,066 - Epoch: 11, 81/274: VFL loss: 0.0205, total loss: 0.0415, anchor loss: 0.0625, VFL train accuracy: 0.9931
2026-04-20 23:21:00,396 - Epoch: 11, 91/274: VFL loss: 0.0200, total loss: 0.0412, anchor loss: 0.0623, VFL train accuracy: 0.9933
2026-04-20 23:21:00,723 - Epoch: 11, 101/274: VFL loss: 0.0199, total loss: 0.0410, anchor loss: 0.0621, VFL train accuracy: 0.9933
2026-04-20 23:21:01,060 - Epoch: 11, 111/274: VFL loss: 0.0196, total loss: 0.0408, anchor loss: 0.0619, VFL train accuracy: 0.9933
2026-04-20 23:21:01,403 - Epoch: 11, 121/274: VFL loss: 0.0195, total loss: 0.0407, anchor loss: 0.0619, VFL train accuracy: 0.9933
2026-04-20 23:21:01,732 - Epoch: 11, 131/274: VFL loss: 0.0192, total loss: 0.0405, anchor loss: 0.0619, VFL train accuracy: 0.9934
2026-04-20 23:21:02,083 - Epoch: 11, 141/274: VFL loss: 0.0197, total loss: 0.0407, anchor loss: 0.0618, VFL train accuracy: 0.9934
2026-04-20 23:21:02,464 - Epoch: 11, 151/274: VFL loss: 0.0197, total loss: 0.0408, anchor loss: 0.0618, VFL train accuracy: 0.9934
2026-04-20 23:21:02,797 - Epoch: 11, 161/274: VFL loss: 0.0202, total loss: 0.0410, anchor loss: 0.0619, VFL train accuracy: 0.9932
2026-04-20 23:21:03,137 - Epoch: 11, 171/274: VFL loss: 0.0208, total loss: 0.0415, anchor loss: 0.0621, VFL train accuracy: 0.9931
2026-04-20 23:21:03,483 - Epoch: 11, 181/274: VFL loss: 0.0206, total loss: 0.0413, anchor loss: 0.0621, VFL train accuracy: 0.9931
2026-04-20 23:21:03,795 - Epoch: 11, 191/274: VFL loss: 0.0210, total loss: 0.0416, anchor loss: 0.0621, VFL train accuracy: 0.9930
2026-04-20 23:21:04,111 - Epoch: 11, 201/274: VFL loss: 0.0213, total loss: 0.0417, anchor loss: 0.0621, VFL train accuracy: 0.9928
2026-04-20 23:21:04,476 - Epoch: 11, 211/274: VFL loss: 0.0216, total loss: 0.0419, anchor loss: 0.0621, VFL train accuracy: 0.9927
2026-04-20 23:21:04,812 - Epoch: 11, 221/274: VFL loss: 0.0217, total loss: 0.0419, anchor loss: 0.0622, VFL train accuracy: 0.9926
2026-04-20 23:21:05,127 - Epoch: 11, 231/274: VFL loss: 0.0216, total loss: 0.0419, anchor loss: 0.0621, VFL train accuracy: 0.9927
2026-04-20 23:21:05,527 - Epoch: 11, 241/274: VFL loss: 0.0220, total loss: 0.0421, anchor loss: 0.0622, VFL train accuracy: 0.9925
2026-04-20 23:21:05,851 - Epoch: 11, 251/274: VFL loss: 0.0222, total loss: 0.0422, anchor loss: 0.0622, VFL train accuracy: 0.9924
2026-04-20 23:21:06,167 - Epoch: 11, 261/274: VFL loss: 0.0225, total loss: 0.0424, anchor loss: 0.0623, VFL train accuracy: 0.9923
2026-04-20 23:21:06,515 - Epoch: 11, 271/274: VFL loss: 0.0232, total loss: 0.0428, anchor loss: 0.0624, VFL train accuracy: 0.9921
2026-04-20 23:21:06,686 - => Recorded Stage 2 client anchor losses for epoch 11 to 'results/AVGuard/stage3_gamma_sensitivity_3clients_noema_bounded_q/NUSWIDE_3clients_noema_bounded_q_gamma_1.0\stage2_final_epoch_client_anchor_losses.json': {0: 0.033844, 1: 0.07028, 2: 0.082918}
2026-04-20 23:21:06,689 - => Stage 2 EMA anchor update skipped at epoch 11 because momentum=1.0000 disables EMA; eligible classes per client {0: 5, 1: 5, 2: 5}
2026-04-20 23:21:06,689 - => Stage 2 Epoch 11 Training Summary: VFL loss: 0.0235, total loss: 0.0429, anchor loss: 0.0624, VFL train accuracy: 0.9921
2026-04-20 23:21:06,691 - => Test ASR...
2026-04-20 23:21:06,805 - =>Add Trigger to Test Data
2026-04-20 23:21:10,238 - Add Trigger to 37064 Bad Samples, 9629 Clean Samples (1.00)
2026-04-20 23:21:22,446 - => Test Epoch: 11, main task samples: 46693, attack samples: 46693, test loss: 0.7632, clean acc: 0.7621, Top-4: 0.9960, ASR: 0.0643, RAC: 0.6879, test target accuracy: 0.8564, stage3 final accuracy: 0.7621, stage3 final target accuracy: 0.7546, stage3 final asr: 0.0643, anchor loss: 0.0837
2026-04-20 23:21:22,446 - => Stage 3 Detection Summary: recall: 0.5344, precision: 0.0058, f1: 0.0115, false positive rate: 0.2232, correction rate: 0.2519
2026-04-20 23:21:22,446 - => Stage 3 Debug (clean): suspicious=10420/46693, correction_applied=10398, prediction_changed=10398, skipped_tied_vote=0, skipped_low_margin=0, skipped_other=22
2026-04-20 23:21:22,446 - => Stage 3 Debug (poison-valid): suspicious=13633/37064, correction_applied=13605, prediction_changed=13605, skipped_tied_vote=0, skipped_low_margin=0, skipped_other=28
2026-04-20 23:21:22,447 - => Stage 3 Debug (attack-success): suspicious=140/262, correction_applied=140, prediction_changed=140, corrected_to_true=66
2026-04-20 23:21:22,447 - => Stage 2 checkpoint score: mean(clean_acc=0.7621, recall=0.5344, correction_rate=0.2519) = 0.5161
2026-04-20 23:21:22,525 - => End Epoch: 11, early stop epochs: 10, best epoch: 1, best clean acc: 0.7673, best Top-4: 0.9965, best ASR: 0.2678, best RAC: 0.6693, anchor loss: 0.0830, best checkpoint score: 0.6513
2026-04-20 23:21:22,525 - => Stage 3 Detection Summary: recall: 0.6904, precision: 0.2858, f1: 0.4042, false positive rate: 0.2121, correction rate: 0.4961
2026-04-20 23:21:22,564 - => LFBA current anchor-derived target label: 3
2026-04-20 23:21:22,648 - =>Add Trigger to Train Data
2026-04-20 23:21:23,004 - Add Trigger to 6996 Bad Samples, 62970 Clean Samples (0.10)
2026-04-20 23:21:23,008 - => Start Training for Injecting Backdoor...
2026-04-20 23:21:23,056 - Epoch: 12, 1/274: VFL loss: 0.0229, total loss: 0.0455, anchor loss: 0.0682, VFL train accuracy: 0.9961
2026-04-20 23:21:23,682 - Epoch: 12, 11/274: VFL loss: 0.0180, total loss: 0.0402, anchor loss: 0.0624, VFL train accuracy: 0.9950
2026-04-20 23:21:24,083 - Epoch: 12, 21/274: VFL loss: 0.0180, total loss: 0.0399, anchor loss: 0.0618, VFL train accuracy: 0.9937
2026-04-20 23:21:24,437 - Epoch: 12, 31/274: VFL loss: 0.0207, total loss: 0.0413, anchor loss: 0.0619, VFL train accuracy: 0.9928
2026-04-20 23:21:24,765 - Epoch: 12, 41/274: VFL loss: 0.0192, total loss: 0.0405, anchor loss: 0.0618, VFL train accuracy: 0.9934
2026-04-20 23:21:25,098 - Epoch: 12, 51/274: VFL loss: 0.0186, total loss: 0.0403, anchor loss: 0.0619, VFL train accuracy: 0.9938
2026-04-20 23:21:25,426 - Epoch: 12, 61/274: VFL loss: 0.0185, total loss: 0.0402, anchor loss: 0.0620, VFL train accuracy: 0.9939
2026-04-20 23:21:25,754 - Epoch: 12, 71/274: VFL loss: 0.0176, total loss: 0.0398, anchor loss: 0.0619, VFL train accuracy: 0.9941
2026-04-20 23:21:26,088 - Epoch: 12, 81/274: VFL loss: 0.0182, total loss: 0.0402, anchor loss: 0.0622, VFL train accuracy: 0.9938
2026-04-20 23:21:26,436 - Epoch: 12, 91/274: VFL loss: 0.0183, total loss: 0.0401, anchor loss: 0.0620, VFL train accuracy: 0.9939
2026-04-20 23:21:26,774 - Epoch: 12, 101/274: VFL loss: 0.0188, total loss: 0.0404, anchor loss: 0.0620, VFL train accuracy: 0.9937
2026-04-20 23:21:27,126 - Epoch: 12, 111/274: VFL loss: 0.0185, total loss: 0.0403, anchor loss: 0.0621, VFL train accuracy: 0.9937
2026-04-20 23:21:27,433 - Epoch: 12, 121/274: VFL loss: 0.0191, total loss: 0.0406, anchor loss: 0.0620, VFL train accuracy: 0.9937
2026-04-20 23:21:27,767 - Epoch: 12, 131/274: VFL loss: 0.0195, total loss: 0.0408, anchor loss: 0.0620, VFL train accuracy: 0.9935
2026-04-20 23:21:28,075 - Epoch: 12, 141/274: VFL loss: 0.0198, total loss: 0.0409, anchor loss: 0.0619, VFL train accuracy: 0.9934
2026-04-20 23:21:28,400 - Epoch: 12, 151/274: VFL loss: 0.0195, total loss: 0.0407, anchor loss: 0.0619, VFL train accuracy: 0.9935
2026-04-20 23:21:28,730 - Epoch: 12, 161/274: VFL loss: 0.0193, total loss: 0.0406, anchor loss: 0.0619, VFL train accuracy: 0.9935
2026-04-20 23:21:29,056 - Epoch: 12, 171/274: VFL loss: 0.0192, total loss: 0.0405, anchor loss: 0.0618, VFL train accuracy: 0.9935
2026-04-20 23:21:29,389 - Epoch: 12, 181/274: VFL loss: 0.0193, total loss: 0.0406, anchor loss: 0.0618, VFL train accuracy: 0.9934
2026-04-20 23:21:29,712 - Epoch: 12, 191/274: VFL loss: 0.0194, total loss: 0.0406, anchor loss: 0.0618, VFL train accuracy: 0.9934
2026-04-20 23:21:30,064 - Epoch: 12, 201/274: VFL loss: 0.0198, total loss: 0.0408, anchor loss: 0.0618, VFL train accuracy: 0.9931
2026-04-20 23:21:30,375 - Epoch: 12, 211/274: VFL loss: 0.0199, total loss: 0.0408, anchor loss: 0.0618, VFL train accuracy: 0.9930
2026-04-20 23:21:30,715 - Epoch: 12, 221/274: VFL loss: 0.0199, total loss: 0.0408, anchor loss: 0.0617, VFL train accuracy: 0.9930
2026-04-20 23:21:31,045 - Epoch: 12, 231/274: VFL loss: 0.0200, total loss: 0.0409, anchor loss: 0.0618, VFL train accuracy: 0.9929
2026-04-20 23:21:31,393 - Epoch: 12, 241/274: VFL loss: 0.0205, total loss: 0.0412, anchor loss: 0.0619, VFL train accuracy: 0.9928
2026-04-20 23:21:31,730 - Epoch: 12, 251/274: VFL loss: 0.0206, total loss: 0.0412, anchor loss: 0.0619, VFL train accuracy: 0.9927
2026-04-20 23:21:32,052 - Epoch: 12, 261/274: VFL loss: 0.0207, total loss: 0.0413, anchor loss: 0.0619, VFL train accuracy: 0.9927
2026-04-20 23:21:32,374 - Epoch: 12, 271/274: VFL loss: 0.0209, total loss: 0.0414, anchor loss: 0.0619, VFL train accuracy: 0.9927
2026-04-20 23:21:32,476 - => Recorded Stage 2 client anchor losses for epoch 12 to 'results/AVGuard/stage3_gamma_sensitivity_3clients_noema_bounded_q/NUSWIDE_3clients_noema_bounded_q_gamma_1.0\stage2_final_epoch_client_anchor_losses.json': {0: 0.033394, 1: 0.069674, 2: 0.082645}
2026-04-20 23:21:32,478 - => Stage 2 EMA anchor update skipped at epoch 12 because momentum=1.0000 disables EMA; eligible classes per client {0: 5, 1: 5, 2: 5}
2026-04-20 23:21:32,478 - => Stage 2 Epoch 12 Training Summary: VFL loss: 0.0209, total loss: 0.0414, anchor loss: 0.0619, VFL train accuracy: 0.9927
2026-04-20 23:21:32,478 - => Test ASR...
2026-04-20 23:21:32,588 - =>Add Trigger to Test Data
2026-04-20 23:21:36,122 - Add Trigger to 37064 Bad Samples, 9629 Clean Samples (1.00)
2026-04-20 23:21:47,410 - => Test Epoch: 12, main task samples: 46693, attack samples: 46693, test loss: 0.8644, clean acc: 0.7643, Top-4: 0.9957, ASR: 0.0622, RAC: 0.6766, test target accuracy: 0.8799, stage3 final accuracy: 0.7643, stage3 final target accuracy: 0.7285, stage3 final asr: 0.0622, anchor loss: 0.0834
2026-04-20 23:21:47,411 - => Stage 3 Detection Summary: recall: 0.6783, precision: 0.0199, f1: 0.0387, false positive rate: 0.2277, correction rate: 0.3399
2026-04-20 23:21:47,411 - => Stage 3 Debug (clean): suspicious=10633/46693, correction_applied=10602, prediction_changed=10602, skipped_tied_vote=0, skipped_low_margin=0, skipped_other=31
2026-04-20 23:21:47,411 - => Stage 3 Debug (poison-valid): suspicious=13748/37064, correction_applied=13728, prediction_changed=13728, skipped_tied_vote=0, skipped_low_margin=0, skipped_other=20
2026-04-20 23:21:47,411 - => Stage 3 Debug (attack-success): suspicious=485/715, correction_applied=485, prediction_changed=485, corrected_to_true=243
2026-04-20 23:21:47,412 - => Stage 2 checkpoint score: mean(clean_acc=0.7643, recall=0.6783, correction_rate=0.3399) = 0.5942
2026-04-20 23:21:47,473 - => End Epoch: 12, early stop epochs: 11, best epoch: 1, best clean acc: 0.7673, best Top-4: 0.9965, best ASR: 0.2678, best RAC: 0.6693, anchor loss: 0.0830, best checkpoint score: 0.6513
2026-04-20 23:21:47,473 - => Stage 3 Detection Summary: recall: 0.6904, precision: 0.2858, f1: 0.4042, false positive rate: 0.2121, correction rate: 0.4961
2026-04-20 23:21:47,510 - => LFBA current anchor-derived target label: 3
2026-04-20 23:21:47,595 - =>Add Trigger to Train Data
2026-04-20 23:21:47,903 - Add Trigger to 6996 Bad Samples, 62970 Clean Samples (0.10)
2026-04-20 23:21:47,906 - => Start Training for Injecting Backdoor...
2026-04-20 23:21:47,972 - Epoch: 13, 1/274: VFL loss: 0.0132, total loss: 0.0349, anchor loss: 0.0566, VFL train accuracy: 0.9961
2026-04-20 23:21:48,505 - Epoch: 13, 11/274: VFL loss: 0.0130, total loss: 0.0369, anchor loss: 0.0608, VFL train accuracy: 0.9957
2026-04-20 23:21:48,823 - Epoch: 13, 21/274: VFL loss: 0.0132, total loss: 0.0365, anchor loss: 0.0598, VFL train accuracy: 0.9950
2026-04-20 23:21:49,133 - Epoch: 13, 31/274: VFL loss: 0.0138, total loss: 0.0366, anchor loss: 0.0595, VFL train accuracy: 0.9942
2026-04-20 23:21:49,472 - Epoch: 13, 41/274: VFL loss: 0.0145, total loss: 0.0371, anchor loss: 0.0598, VFL train accuracy: 0.9940
2026-04-20 23:21:49,815 - Epoch: 13, 51/274: VFL loss: 0.0146, total loss: 0.0372, anchor loss: 0.0599, VFL train accuracy: 0.9940
2026-04-20 23:21:50,128 - Epoch: 13, 61/274: VFL loss: 0.0142, total loss: 0.0369, anchor loss: 0.0597, VFL train accuracy: 0.9943
2026-04-20 23:21:50,435 - Epoch: 13, 71/274: VFL loss: 0.0141, total loss: 0.0369, anchor loss: 0.0597, VFL train accuracy: 0.9944
2026-04-20 23:21:50,765 - Epoch: 13, 81/274: VFL loss: 0.0141, total loss: 0.0368, anchor loss: 0.0596, VFL train accuracy: 0.9946
2026-04-20 23:21:51,068 - Epoch: 13, 91/274: VFL loss: 0.0143, total loss: 0.0370, anchor loss: 0.0597, VFL train accuracy: 0.9946
2026-04-20 23:21:51,392 - Epoch: 13, 101/274: VFL loss: 0.0145, total loss: 0.0372, anchor loss: 0.0598, VFL train accuracy: 0.9945
2026-04-20 23:21:51,724 - Epoch: 13, 111/274: VFL loss: 0.0143, total loss: 0.0371, anchor loss: 0.0598, VFL train accuracy: 0.9947
2026-04-20 23:21:52,038 - Epoch: 13, 121/274: VFL loss: 0.0142, total loss: 0.0370, anchor loss: 0.0598, VFL train accuracy: 0.9948
2026-04-20 23:21:52,366 - Epoch: 13, 131/274: VFL loss: 0.0147, total loss: 0.0373, anchor loss: 0.0599, VFL train accuracy: 0.9947
2026-04-20 23:21:52,684 - Epoch: 13, 141/274: VFL loss: 0.0151, total loss: 0.0375, anchor loss: 0.0600, VFL train accuracy: 0.9947
2026-04-20 23:21:53,004 - Epoch: 13, 151/274: VFL loss: 0.0152, total loss: 0.0376, anchor loss: 0.0600, VFL train accuracy: 0.9946
2026-04-20 23:21:53,322 - Epoch: 13, 161/274: VFL loss: 0.0152, total loss: 0.0377, anchor loss: 0.0601, VFL train accuracy: 0.9946
2026-04-20 23:21:53,628 - Epoch: 13, 171/274: VFL loss: 0.0157, total loss: 0.0379, anchor loss: 0.0602, VFL train accuracy: 0.9944
2026-04-20 23:21:53,933 - Epoch: 13, 181/274: VFL loss: 0.0159, total loss: 0.0380, anchor loss: 0.0602, VFL train accuracy: 0.9943
2026-04-20 23:21:54,263 - Epoch: 13, 191/274: VFL loss: 0.0161, total loss: 0.0382, anchor loss: 0.0603, VFL train accuracy: 0.9943
2026-04-20 23:21:54,584 - Epoch: 13, 201/274: VFL loss: 0.0161, total loss: 0.0382, anchor loss: 0.0602, VFL train accuracy: 0.9943
2026-04-20 23:21:54,923 - Epoch: 13, 211/274: VFL loss: 0.0163, total loss: 0.0383, anchor loss: 0.0603, VFL train accuracy: 0.9943
2026-04-20 23:21:55,225 - Epoch: 13, 221/274: VFL loss: 0.0164, total loss: 0.0384, anchor loss: 0.0604, VFL train accuracy: 0.9943
2026-04-20 23:21:55,699 - Epoch: 13, 231/274: VFL loss: 0.0167, total loss: 0.0386, anchor loss: 0.0605, VFL train accuracy: 0.9943
2026-04-20 23:21:56,015 - Epoch: 13, 241/274: VFL loss: 0.0166, total loss: 0.0385, anchor loss: 0.0605, VFL train accuracy: 0.9943
2026-04-20 23:21:56,325 - Epoch: 13, 251/274: VFL loss: 0.0167, total loss: 0.0386, anchor loss: 0.0605, VFL train accuracy: 0.9943
2026-04-20 23:21:56,657 - Epoch: 13, 261/274: VFL loss: 0.0169, total loss: 0.0387, anchor loss: 0.0605, VFL train accuracy: 0.9942
2026-04-20 23:21:56,972 - Epoch: 13, 271/274: VFL loss: 0.0173, total loss: 0.0389, anchor loss: 0.0606, VFL train accuracy: 0.9940
2026-04-20 23:21:57,081 - => Recorded Stage 2 client anchor losses for epoch 13 to 'results/AVGuard/stage3_gamma_sensitivity_3clients_noema_bounded_q/NUSWIDE_3clients_noema_bounded_q_gamma_1.0\stage2_final_epoch_client_anchor_losses.json': {0: 0.031411, 1: 0.069007, 2: 0.081283}
2026-04-20 23:21:57,084 - => Stage 2 EMA anchor update skipped at epoch 13 because momentum=1.0000 disables EMA; eligible classes per client {0: 5, 1: 5, 2: 5}
2026-04-20 23:21:57,084 - => Stage 2 Epoch 13 Training Summary: VFL loss: 0.0174, total loss: 0.0390, anchor loss: 0.0606, VFL train accuracy: 0.9940
2026-04-20 23:21:57,084 - => Test ASR...
2026-04-20 23:21:57,195 - =>Add Trigger to Test Data
2026-04-20 23:22:00,680 - Add Trigger to 37064 Bad Samples, 9629 Clean Samples (1.00)
2026-04-20 23:22:12,545 - => Test Epoch: 13, main task samples: 46693, attack samples: 46693, test loss: 0.9032, clean acc: 0.7620, Top-4: 0.9952, ASR: 0.0689, RAC: 0.6743, test target accuracy: 0.8669, stage3 final accuracy: 0.7620, stage3 final target accuracy: 0.7414, stage3 final asr: 0.0689, anchor loss: 0.0838
2026-04-20 23:22:12,545 - => Stage 3 Detection Summary: recall: 0.6647, precision: 0.0192, f1: 0.0373, false positive rate: 0.2217, correction rate: 0.3323
2026-04-20 23:22:12,545 - => Stage 3 Debug (clean): suspicious=10352/46693, correction_applied=10323, prediction_changed=10323, skipped_tied_vote=0, skipped_low_margin=0, skipped_other=29
2026-04-20 23:22:12,545 - => Stage 3 Debug (poison-valid): suspicious=13004/37064, correction_applied=12966, prediction_changed=12966, skipped_tied_vote=0, skipped_low_margin=0, skipped_other=38
2026-04-20 23:22:12,545 - => Stage 3 Debug (attack-success): suspicious=448/674, correction_applied=447, prediction_changed=447, corrected_to_true=224
2026-04-20 23:22:12,545 - => Stage 2 checkpoint score: mean(clean_acc=0.7620, recall=0.6647, correction_rate=0.3323) = 0.5864
2026-04-20 23:22:12,613 - => End Epoch: 13, early stop epochs: 12, best epoch: 1, best clean acc: 0.7673, best Top-4: 0.9965, best ASR: 0.2678, best RAC: 0.6693, anchor loss: 0.0830, best checkpoint score: 0.6513
2026-04-20 23:22:12,614 - => Stage 3 Detection Summary: recall: 0.6904, precision: 0.2858, f1: 0.4042, false positive rate: 0.2121, correction rate: 0.4961
2026-04-20 23:22:12,651 - => LFBA current anchor-derived target label: 3
2026-04-20 23:22:12,735 - =>Add Trigger to Train Data
2026-04-20 23:22:13,039 - Add Trigger to 6996 Bad Samples, 62970 Clean Samples (0.10)
2026-04-20 23:22:13,042 - => Start Training for Injecting Backdoor...
2026-04-20 23:22:13,087 - Epoch: 14, 1/274: VFL loss: 0.0064, total loss: 0.0366, anchor loss: 0.0668, VFL train accuracy: 0.9961
2026-04-20 23:22:13,635 - Epoch: 14, 11/274: VFL loss: 0.0113, total loss: 0.0354, anchor loss: 0.0596, VFL train accuracy: 0.9968
2026-04-20 23:22:13,937 - Epoch: 14, 21/274: VFL loss: 0.0107, total loss: 0.0351, anchor loss: 0.0596, VFL train accuracy: 0.9967
2026-04-20 23:22:14,256 - Epoch: 14, 31/274: VFL loss: 0.0118, total loss: 0.0354, anchor loss: 0.0590, VFL train accuracy: 0.9962
2026-04-20 23:22:14,576 - Epoch: 14, 41/274: VFL loss: 0.0114, total loss: 0.0355, anchor loss: 0.0595, VFL train accuracy: 0.9961
2026-04-20 23:22:14,920 - Epoch: 14, 51/274: VFL loss: 0.0118, total loss: 0.0358, anchor loss: 0.0597, VFL train accuracy: 0.9962
2026-04-20 23:22:15,283 - Epoch: 14, 61/274: VFL loss: 0.0116, total loss: 0.0356, anchor loss: 0.0595, VFL train accuracy: 0.9963
2026-04-20 23:22:15,593 - Epoch: 14, 71/274: VFL loss: 0.0111, total loss: 0.0353, anchor loss: 0.0596, VFL train accuracy: 0.9965
2026-04-20 23:22:15,942 - Epoch: 14, 81/274: VFL loss: 0.0107, total loss: 0.0350, anchor loss: 0.0593, VFL train accuracy: 0.9967
2026-04-20 23:22:16,263 - Epoch: 14, 91/274: VFL loss: 0.0105, total loss: 0.0349, anchor loss: 0.0592, VFL train accuracy: 0.9967
2026-04-20 23:22:16,583 - Epoch: 14, 101/274: VFL loss: 0.0101, total loss: 0.0346, anchor loss: 0.0591, VFL train accuracy: 0.9969
2026-04-20 23:22:16,913 - Epoch: 14, 111/274: VFL loss: 0.0105, total loss: 0.0348, anchor loss: 0.0591, VFL train accuracy: 0.9967
2026-04-20 23:22:17,240 - Epoch: 14, 121/274: VFL loss: 0.0109, total loss: 0.0349, anchor loss: 0.0589, VFL train accuracy: 0.9967
2026-04-20 23:22:17,573 - Epoch: 14, 131/274: VFL loss: 0.0109, total loss: 0.0349, anchor loss: 0.0588, VFL train accuracy: 0.9966
2026-04-20 23:22:17,890 - Epoch: 14, 141/274: VFL loss: 0.0109, total loss: 0.0349, anchor loss: 0.0589, VFL train accuracy: 0.9966
2026-04-20 23:22:18,197 - Epoch: 14, 151/274: VFL loss: 0.0110, total loss: 0.0350, anchor loss: 0.0590, VFL train accuracy: 0.9966
2026-04-20 23:22:18,504 - Epoch: 14, 161/274: VFL loss: 0.0113, total loss: 0.0351, anchor loss: 0.0590, VFL train accuracy: 0.9966
2026-04-20 23:22:18,832 - Epoch: 14, 171/274: VFL loss: 0.0114, total loss: 0.0352, anchor loss: 0.0590, VFL train accuracy: 0.9965
2026-04-20 23:22:19,137 - Epoch: 14, 181/274: VFL loss: 0.0114, total loss: 0.0352, anchor loss: 0.0591, VFL train accuracy: 0.9965
2026-04-20 23:22:19,440 - Epoch: 14, 191/274: VFL loss: 0.0116, total loss: 0.0354, anchor loss: 0.0592, VFL train accuracy: 0.9964
2026-04-20 23:22:19,783 - Epoch: 14, 201/274: VFL loss: 0.0120, total loss: 0.0356, anchor loss: 0.0592, VFL train accuracy: 0.9962
2026-04-20 23:22:20,096 - Epoch: 14, 211/274: VFL loss: 0.0125, total loss: 0.0359, anchor loss: 0.0592, VFL train accuracy: 0.9960
2026-04-20 23:22:20,410 - Epoch: 14, 221/274: VFL loss: 0.0127, total loss: 0.0360, anchor loss: 0.0593, VFL train accuracy: 0.9960
2026-04-20 23:22:20,735 - Epoch: 14, 231/274: VFL loss: 0.0129, total loss: 0.0361, anchor loss: 0.0593, VFL train accuracy: 0.9959
2026-04-20 23:22:21,075 - Epoch: 14, 241/274: VFL loss: 0.0132, total loss: 0.0363, anchor loss: 0.0594, VFL train accuracy: 0.9958
2026-04-20 23:22:21,395 - Epoch: 14, 251/274: VFL loss: 0.0134, total loss: 0.0364, anchor loss: 0.0594, VFL train accuracy: 0.9957
2026-04-20 23:22:21,730 - Epoch: 14, 261/274: VFL loss: 0.0138, total loss: 0.0367, anchor loss: 0.0596, VFL train accuracy: 0.9955
2026-04-20 23:22:22,048 - Epoch: 14, 271/274: VFL loss: 0.0141, total loss: 0.0368, anchor loss: 0.0596, VFL train accuracy: 0.9954
2026-04-20 23:22:22,157 - => Recorded Stage 2 client anchor losses for epoch 14 to 'results/AVGuard/stage3_gamma_sensitivity_3clients_noema_bounded_q/NUSWIDE_3clients_noema_bounded_q_gamma_1.0\stage2_final_epoch_client_anchor_losses.json': {0: 0.029957, 1: 0.068421, 2: 0.080518}
2026-04-20 23:22:22,160 - => Stage 2 EMA anchor update skipped at epoch 14 because momentum=1.0000 disables EMA; eligible classes per client {0: 5, 1: 5, 2: 5}
2026-04-20 23:22:22,160 - => Stage 2 Epoch 14 Training Summary: VFL loss: 0.0142, total loss: 0.0369, anchor loss: 0.0596, VFL train accuracy: 0.9953
2026-04-20 23:22:22,160 - => Test ASR...
2026-04-20 23:22:22,268 - =>Add Trigger to Test Data
2026-04-20 23:22:25,815 - Add Trigger to 37064 Bad Samples, 9629 Clean Samples (1.00)
2026-04-20 23:22:37,199 - => Test Epoch: 14, main task samples: 46693, attack samples: 46693, test loss: 0.8733, clean acc: 0.7622, Top-4: 0.9954, ASR: 0.0664, RAC: 0.6704, test target accuracy: 0.8689, stage3 final accuracy: 0.7622, stage3 final target accuracy: 0.7297, stage3 final asr: 0.0664, anchor loss: 0.0835
2026-04-20 23:22:37,199 - => Stage 3 Detection Summary: recall: 0.6456, precision: 0.0164, f1: 0.0319, false positive rate: 0.2237, correction rate: 0.3261
2026-04-20 23:22:37,199 - => Stage 3 Debug (clean): suspicious=10445/46693, correction_applied=10427, prediction_changed=10427, skipped_tied_vote=0, skipped_low_margin=0, skipped_other=18
2026-04-20 23:22:37,199 - => Stage 3 Debug (poison-valid): suspicious=13272/37064, correction_applied=13236, prediction_changed=13236, skipped_tied_vote=0, skipped_low_margin=0, skipped_other=36
2026-04-20 23:22:37,199 - => Stage 3 Debug (attack-success): suspicious=388/601, correction_applied=388, prediction_changed=388, corrected_to_true=196
2026-04-20 23:22:37,199 - => Stage 2 checkpoint score: mean(clean_acc=0.7622, recall=0.6456, correction_rate=0.3261) = 0.5780
2026-04-20 23:22:37,269 - => End Epoch: 14, early stop epochs: 13, best epoch: 1, best clean acc: 0.7673, best Top-4: 0.9965, best ASR: 0.2678, best RAC: 0.6693, anchor loss: 0.0830, best checkpoint score: 0.6513
2026-04-20 23:22:37,269 - => Stage 3 Detection Summary: recall: 0.6904, precision: 0.2858, f1: 0.4042, false positive rate: 0.2121, correction rate: 0.4961
2026-04-20 23:22:37,308 - => LFBA current anchor-derived target label: 3
2026-04-20 23:22:37,387 - =>Add Trigger to Train Data
2026-04-20 23:22:37,695 - Add Trigger to 6996 Bad Samples, 62970 Clean Samples (0.10)
2026-04-20 23:22:37,698 - => Start Training for Injecting Backdoor...
2026-04-20 23:22:37,746 - Epoch: 15, 1/274: VFL loss: 0.0135, total loss: 0.0386, anchor loss: 0.0637, VFL train accuracy: 0.9961
2026-04-20 23:22:38,274 - Epoch: 15, 11/274: VFL loss: 0.0163, total loss: 0.0382, anchor loss: 0.0602, VFL train accuracy: 0.9954
2026-04-20 23:22:38,594 - Epoch: 15, 21/274: VFL loss: 0.0172, total loss: 0.0390, anchor loss: 0.0609, VFL train accuracy: 0.9952
2026-04-20 23:22:38,918 - Epoch: 15, 31/274: VFL loss: 0.0189, total loss: 0.0398, anchor loss: 0.0607, VFL train accuracy: 0.9942
2026-04-20 23:22:39,245 - Epoch: 15, 41/274: VFL loss: 0.0191, total loss: 0.0401, anchor loss: 0.0610, VFL train accuracy: 0.9942
2026-04-20 23:22:39,570 - Epoch: 15, 51/274: VFL loss: 0.0179, total loss: 0.0393, anchor loss: 0.0607, VFL train accuracy: 0.9946
2026-04-20 23:22:39,909 - Epoch: 15, 61/274: VFL loss: 0.0170, total loss: 0.0388, anchor loss: 0.0605, VFL train accuracy: 0.9946
2026-04-20 23:22:40,242 - Epoch: 15, 71/274: VFL loss: 0.0164, total loss: 0.0383, anchor loss: 0.0602, VFL train accuracy: 0.9946
2026-04-20 23:22:40,573 - Epoch: 15, 81/274: VFL loss: 0.0165, total loss: 0.0382, anchor loss: 0.0599, VFL train accuracy: 0.9946
2026-04-20 23:22:40,925 - Epoch: 15, 91/274: VFL loss: 0.0164, total loss: 0.0380, anchor loss: 0.0596, VFL train accuracy: 0.9945
2026-04-20 23:22:41,239 - Epoch: 15, 101/274: VFL loss: 0.0164, total loss: 0.0381, anchor loss: 0.0597, VFL train accuracy: 0.9945
2026-04-20 23:22:41,573 - Epoch: 15, 111/274: VFL loss: 0.0160, total loss: 0.0379, anchor loss: 0.0599, VFL train accuracy: 0.9946
2026-04-20 23:22:41,907 - Epoch: 15, 121/274: VFL loss: 0.0164, total loss: 0.0382, anchor loss: 0.0599, VFL train accuracy: 0.9947
2026-04-20 23:22:42,229 - Epoch: 15, 131/274: VFL loss: 0.0172, total loss: 0.0386, anchor loss: 0.0600, VFL train accuracy: 0.9945
2026-04-20 23:22:42,531 - Epoch: 15, 141/274: VFL loss: 0.0179, total loss: 0.0389, anchor loss: 0.0599, VFL train accuracy: 0.9942
2026-04-20 23:22:42,844 - Epoch: 15, 151/274: VFL loss: 0.0179, total loss: 0.0390, anchor loss: 0.0600, VFL train accuracy: 0.9943
2026-04-20 23:22:43,162 - Epoch: 15, 161/274: VFL loss: 0.0182, total loss: 0.0391, anchor loss: 0.0600, VFL train accuracy: 0.9942
2026-04-20 23:22:43,484 - Epoch: 15, 171/274: VFL loss: 0.0187, total loss: 0.0394, anchor loss: 0.0601, VFL train accuracy: 0.9941
2026-04-20 23:22:43,814 - Epoch: 15, 181/274: VFL loss: 0.0194, total loss: 0.0398, anchor loss: 0.0602, VFL train accuracy: 0.9939
2026-04-20 23:22:44,126 - Epoch: 15, 191/274: VFL loss: 0.0200, total loss: 0.0402, anchor loss: 0.0603, VFL train accuracy: 0.9936
2026-04-20 23:22:44,453 - Epoch: 15, 201/274: VFL loss: 0.0200, total loss: 0.0403, anchor loss: 0.0605, VFL train accuracy: 0.9936
2026-04-20 23:22:44,779 - Epoch: 15, 211/274: VFL loss: 0.0200, total loss: 0.0403, anchor loss: 0.0605, VFL train accuracy: 0.9935
2026-04-20 23:22:45,099 - Epoch: 15, 221/274: VFL loss: 0.0202, total loss: 0.0403, anchor loss: 0.0605, VFL train accuracy: 0.9936
2026-04-20 23:22:45,429 - Epoch: 15, 231/274: VFL loss: 0.0203, total loss: 0.0404, anchor loss: 0.0605, VFL train accuracy: 0.9935
2026-04-20 23:22:45,770 - Epoch: 15, 241/274: VFL loss: 0.0206, total loss: 0.0405, anchor loss: 0.0605, VFL train accuracy: 0.9934
2026-04-20 23:22:46,098 - Epoch: 15, 251/274: VFL loss: 0.0210, total loss: 0.0408, anchor loss: 0.0606, VFL train accuracy: 0.9932
2026-04-20 23:22:46,419 - Epoch: 15, 261/274: VFL loss: 0.0213, total loss: 0.0410, anchor loss: 0.0607, VFL train accuracy: 0.9931
2026-04-20 23:22:46,755 - Epoch: 15, 271/274: VFL loss: 0.0219, total loss: 0.0413, anchor loss: 0.0607, VFL train accuracy: 0.9928
2026-04-20 23:22:46,862 - => Recorded Stage 2 client anchor losses for epoch 15 to 'results/AVGuard/stage3_gamma_sensitivity_3clients_noema_bounded_q/NUSWIDE_3clients_noema_bounded_q_gamma_1.0\stage2_final_epoch_client_anchor_losses.json': {0: 0.030725, 1: 0.069901, 2: 0.08165}
2026-04-20 23:22:46,864 - => Stage 2 EMA anchor update skipped at epoch 15 because momentum=1.0000 disables EMA; eligible classes per client {0: 5, 1: 5, 2: 5}
2026-04-20 23:22:46,864 - => Stage 2 Epoch 15 Training Summary: VFL loss: 0.0219, total loss: 0.0413, anchor loss: 0.0608, VFL train accuracy: 0.9928
2026-04-20 23:22:46,864 - => Test ASR...
2026-04-20 23:22:46,969 - =>Add Trigger to Test Data
2026-04-20 23:22:50,110 - Add Trigger to 37064 Bad Samples, 9629 Clean Samples (1.00)
2026-04-20 23:23:01,467 - => Test Epoch: 15, main task samples: 46693, attack samples: 46693, test loss: 0.8287, clean acc: 0.7576, Top-4: 0.9952, ASR: 0.0785, RAC: 0.6750, test target accuracy: 0.8857, stage3 final accuracy: 0.7576, stage3 final target accuracy: 0.7702, stage3 final asr: 0.0785, anchor loss: 0.0846
2026-04-20 23:23:01,467 - => Stage 3 Detection Summary: recall: 0.6062, precision: 0.0171, f1: 0.0332, false positive rate: 0.2222, correction rate: 0.2897
2026-04-20 23:23:01,467 - => Stage 3 Debug (clean): suspicious=10375/46693, correction_applied=10351, prediction_changed=10351, skipped_tied_vote=0, skipped_low_margin=0, skipped_other=24
2026-04-20 23:23:01,467 - => Stage 3 Debug (poison-valid): suspicious=13543/37064, correction_applied=13522, prediction_changed=13522, skipped_tied_vote=0, skipped_low_margin=0, skipped_other=21
2026-04-20 23:23:01,468 - => Stage 3 Debug (attack-success): suspicious=408/673, correction_applied=408, prediction_changed=408, corrected_to_true=195
2026-04-20 23:23:01,468 - => Stage 2 checkpoint score: mean(clean_acc=0.7576, recall=0.6062, correction_rate=0.2897) = 0.5512
2026-04-20 23:23:01,542 - => End Epoch: 15, early stop epochs: 14, best epoch: 1, best clean acc: 0.7673, best Top-4: 0.9965, best ASR: 0.2678, best RAC: 0.6693, anchor loss: 0.0830, best checkpoint score: 0.6513
2026-04-20 23:23:01,542 - => Stage 3 Detection Summary: recall: 0.6904, precision: 0.2858, f1: 0.4042, false positive rate: 0.2121, correction rate: 0.4961
2026-04-20 23:23:01,579 - => LFBA current anchor-derived target label: 3
2026-04-20 23:23:01,657 - =>Add Trigger to Train Data
2026-04-20 23:23:01,963 - Add Trigger to 6996 Bad Samples, 62970 Clean Samples (0.10)
2026-04-20 23:23:01,966 - => Start Training for Injecting Backdoor...
2026-04-20 23:23:02,012 - Epoch: 16, 1/274: VFL loss: 0.0265, total loss: 0.0408, anchor loss: 0.0552, VFL train accuracy: 0.9883
2026-04-20 23:23:02,549 - Epoch: 16, 11/274: VFL loss: 0.0162, total loss: 0.0372, anchor loss: 0.0581, VFL train accuracy: 0.9954
2026-04-20 23:23:02,866 - Epoch: 16, 21/274: VFL loss: 0.0158, total loss: 0.0372, anchor loss: 0.0586, VFL train accuracy: 0.9950
2026-04-20 23:23:03,217 - Epoch: 16, 31/274: VFL loss: 0.0159, total loss: 0.0377, anchor loss: 0.0594, VFL train accuracy: 0.9946
2026-04-20 23:23:03,553 - Epoch: 16, 41/274: VFL loss: 0.0158, total loss: 0.0378, anchor loss: 0.0599, VFL train accuracy: 0.9945
2026-04-20 23:23:03,878 - Epoch: 16, 51/274: VFL loss: 0.0174, total loss: 0.0385, anchor loss: 0.0596, VFL train accuracy: 0.9947
2026-04-20 23:23:04,219 - Epoch: 16, 61/274: VFL loss: 0.0166, total loss: 0.0381, anchor loss: 0.0596, VFL train accuracy: 0.9949
2026-04-20 23:23:04,545 - Epoch: 16, 71/274: VFL loss: 0.0172, total loss: 0.0385, anchor loss: 0.0597, VFL train accuracy: 0.9947
2026-04-20 23:23:04,899 - Epoch: 16, 81/274: VFL loss: 0.0174, total loss: 0.0385, anchor loss: 0.0597, VFL train accuracy: 0.9947
2026-04-20 23:23:05,227 - Epoch: 16, 91/274: VFL loss: 0.0179, total loss: 0.0389, anchor loss: 0.0598, VFL train accuracy: 0.9945
2026-04-20 23:23:05,561 - Epoch: 16, 101/274: VFL loss: 0.0176, total loss: 0.0387, anchor loss: 0.0598, VFL train accuracy: 0.9947
2026-04-20 23:23:05,914 - Epoch: 16, 111/274: VFL loss: 0.0171, total loss: 0.0385, anchor loss: 0.0599, VFL train accuracy: 0.9948
2026-04-20 23:23:06,226 - Epoch: 16, 121/274: VFL loss: 0.0168, total loss: 0.0384, anchor loss: 0.0600, VFL train accuracy: 0.9949
2026-04-20 23:23:06,538 - Epoch: 16, 131/274: VFL loss: 0.0166, total loss: 0.0382, anchor loss: 0.0599, VFL train accuracy: 0.9950
2026-04-20 23:23:06,867 - Epoch: 16, 141/274: VFL loss: 0.0171, total loss: 0.0384, anchor loss: 0.0597, VFL train accuracy: 0.9950
2026-04-20 23:23:07,202 - Epoch: 16, 151/274: VFL loss: 0.0173, total loss: 0.0385, anchor loss: 0.0596, VFL train accuracy: 0.9950
2026-04-20 23:23:07,526 - Epoch: 16, 161/274: VFL loss: 0.0172, total loss: 0.0384, anchor loss: 0.0596, VFL train accuracy: 0.9951
2026-04-20 23:23:07,854 - Epoch: 16, 171/274: VFL loss: 0.0173, total loss: 0.0384, anchor loss: 0.0596, VFL train accuracy: 0.9951
2026-04-20 23:23:08,170 - Epoch: 16, 181/274: VFL loss: 0.0173, total loss: 0.0385, anchor loss: 0.0596, VFL train accuracy: 0.9951
2026-04-20 23:23:08,516 - Epoch: 16, 191/274: VFL loss: 0.0171, total loss: 0.0384, anchor loss: 0.0597, VFL train accuracy: 0.9951
2026-04-20 23:23:08,880 - Epoch: 16, 201/274: VFL loss: 0.0173, total loss: 0.0385, anchor loss: 0.0597, VFL train accuracy: 0.9951
2026-04-20 23:23:09,342 - Epoch: 16, 211/274: VFL loss: 0.0175, total loss: 0.0386, anchor loss: 0.0597, VFL train accuracy: 0.9951
2026-04-20 23:23:09,713 - Epoch: 16, 221/274: VFL loss: 0.0174, total loss: 0.0385, anchor loss: 0.0596, VFL train accuracy: 0.9951
2026-04-20 23:23:10,038 - Epoch: 16, 231/274: VFL loss: 0.0171, total loss: 0.0384, anchor loss: 0.0597, VFL train accuracy: 0.9951
2026-04-20 23:23:10,355 - Epoch: 16, 241/274: VFL loss: 0.0170, total loss: 0.0384, anchor loss: 0.0597, VFL train accuracy: 0.9951
2026-04-20 23:23:10,711 - Epoch: 16, 251/274: VFL loss: 0.0168, total loss: 0.0382, anchor loss: 0.0596, VFL train accuracy: 0.9951
2026-04-20 23:23:11,043 - Epoch: 16, 261/274: VFL loss: 0.0171, total loss: 0.0384, anchor loss: 0.0597, VFL train accuracy: 0.9950
2026-04-20 23:23:11,369 - Epoch: 16, 271/274: VFL loss: 0.0173, total loss: 0.0385, anchor loss: 0.0597, VFL train accuracy: 0.9949
2026-04-20 23:23:11,476 - => Recorded Stage 2 client anchor losses for epoch 16 to 'results/AVGuard/stage3_gamma_sensitivity_3clients_noema_bounded_q/NUSWIDE_3clients_noema_bounded_q_gamma_1.0\stage2_final_epoch_client_anchor_losses.json': {0: 0.029773, 1: 0.06826, 2: 0.081041}
2026-04-20 23:23:11,477 - => Stage 2 EMA anchor update skipped at epoch 16 because momentum=1.0000 disables EMA; eligible classes per client {0: 5, 1: 5, 2: 5}
2026-04-20 23:23:11,477 - => Stage 2 Epoch 16 Training Summary: VFL loss: 0.0174, total loss: 0.0385, anchor loss: 0.0597, VFL train accuracy: 0.9948
2026-04-20 23:23:11,477 - => Test ASR...
2026-04-20 23:23:11,586 - =>Add Trigger to Test Data
2026-04-20 23:23:15,908 - Add Trigger to 37064 Bad Samples, 9629 Clean Samples (1.00)
2026-04-20 23:23:28,743 - => Test Epoch: 16, main task samples: 46693, attack samples: 46693, test loss: 0.8965, clean acc: 0.7684, Top-4: 0.9949, ASR: 0.0608, RAC: 0.6774, test target accuracy: 0.8605, stage3 final accuracy: 0.7684, stage3 final target accuracy: 0.7315, stage3 final asr: 0.0608, anchor loss: 0.0833
2026-04-20 23:23:28,743 - => Stage 3 Detection Summary: recall: 0.5810, precision: 0.0077, f1: 0.0152, false positive rate: 0.2258, correction rate: 0.2571
2026-04-20 23:23:28,743 - => Stage 3 Debug (clean): suspicious=10545/46693, correction_applied=10513, prediction_changed=10513, skipped_tied_vote=0, skipped_low_margin=0, skipped_other=32
2026-04-20 23:23:28,743 - => Stage 3 Debug (poison-valid): suspicious=13267/37064, correction_applied=13252, prediction_changed=13252, skipped_tied_vote=0, skipped_low_margin=0, skipped_other=15
2026-04-20 23:23:28,743 - => Stage 3 Debug (attack-success): suspicious=183/315, correction_applied=183, prediction_changed=183, corrected_to_true=81
2026-04-20 23:23:28,744 - => Stage 2 checkpoint score: mean(clean_acc=0.7684, recall=0.5810, correction_rate=0.2571) = 0.5355
2026-04-20 23:23:28,820 - => End Epoch: 16, early stop epochs: 15, best epoch: 1, best clean acc: 0.7673, best Top-4: 0.9965, best ASR: 0.2678, best RAC: 0.6693, anchor loss: 0.0830, best checkpoint score: 0.6513
2026-04-20 23:23:28,820 - => Stage 3 Detection Summary: recall: 0.6904, precision: 0.2858, f1: 0.4042, false positive rate: 0.2121, correction rate: 0.4961
2026-04-20 23:23:28,861 - => LFBA current anchor-derived target label: 3
2026-04-20 23:23:29,162 - =>Add Trigger to Train Data
2026-04-20 23:23:29,764 - Add Trigger to 6996 Bad Samples, 62970 Clean Samples (0.10)
2026-04-20 23:23:29,769 - => Start Training for Injecting Backdoor...
2026-04-20 23:23:29,817 - Epoch: 17, 1/274: VFL loss: 0.0050, total loss: 0.0331, anchor loss: 0.0612, VFL train accuracy: 1.0000
2026-04-20 23:23:30,501 - Epoch: 17, 11/274: VFL loss: 0.0094, total loss: 0.0343, anchor loss: 0.0591, VFL train accuracy: 0.9968
2026-04-20 23:23:30,869 - Epoch: 17, 21/274: VFL loss: 0.0093, total loss: 0.0337, anchor loss: 0.0581, VFL train accuracy: 0.9970
2026-04-20 23:23:31,238 - Epoch: 17, 31/274: VFL loss: 0.0089, total loss: 0.0335, anchor loss: 0.0581, VFL train accuracy: 0.9972
2026-04-20 23:23:31,611 - Epoch: 17, 41/274: VFL loss: 0.0119, total loss: 0.0352, anchor loss: 0.0584, VFL train accuracy: 0.9964
2026-04-20 23:23:31,981 - Epoch: 17, 51/274: VFL loss: 0.0117, total loss: 0.0351, anchor loss: 0.0585, VFL train accuracy: 0.9964
2026-04-20 23:23:32,342 - Epoch: 17, 61/274: VFL loss: 0.0119, total loss: 0.0353, anchor loss: 0.0587, VFL train accuracy: 0.9964
2026-04-20 23:23:32,706 - Epoch: 17, 71/274: VFL loss: 0.0116, total loss: 0.0352, anchor loss: 0.0587, VFL train accuracy: 0.9965
2026-04-20 23:23:33,060 - Epoch: 17, 81/274: VFL loss: 0.0113, total loss: 0.0350, anchor loss: 0.0586, VFL train accuracy: 0.9965
2026-04-20 23:23:33,384 - Epoch: 17, 91/274: VFL loss: 0.0114, total loss: 0.0351, anchor loss: 0.0587, VFL train accuracy: 0.9965
2026-04-20 23:23:33,735 - Epoch: 17, 101/274: VFL loss: 0.0112, total loss: 0.0349, anchor loss: 0.0587, VFL train accuracy: 0.9965
2026-04-20 23:23:34,069 - Epoch: 17, 111/274: VFL loss: 0.0112, total loss: 0.0350, anchor loss: 0.0587, VFL train accuracy: 0.9965
2026-04-20 23:23:34,393 - Epoch: 17, 121/274: VFL loss: 0.0110, total loss: 0.0348, anchor loss: 0.0586, VFL train accuracy: 0.9965
2026-04-20 23:23:34,743 - Epoch: 17, 131/274: VFL loss: 0.0107, total loss: 0.0347, anchor loss: 0.0587, VFL train accuracy: 0.9965
2026-04-20 23:23:35,080 - Epoch: 17, 141/274: VFL loss: 0.0107, total loss: 0.0346, anchor loss: 0.0586, VFL train accuracy: 0.9966
2026-04-20 23:23:35,402 - Epoch: 17, 151/274: VFL loss: 0.0103, total loss: 0.0344, anchor loss: 0.0584, VFL train accuracy: 0.9967
2026-04-20 23:23:35,784 - Epoch: 17, 161/274: VFL loss: 0.0101, total loss: 0.0342, anchor loss: 0.0583, VFL train accuracy: 0.9967
2026-04-20 23:23:36,164 - Epoch: 17, 171/274: VFL loss: 0.0105, total loss: 0.0344, anchor loss: 0.0583, VFL train accuracy: 0.9965
2026-04-20 23:23:36,489 - Epoch: 17, 181/274: VFL loss: 0.0111, total loss: 0.0347, anchor loss: 0.0584, VFL train accuracy: 0.9962
2026-04-20 23:23:36,830 - Epoch: 17, 191/274: VFL loss: 0.0110, total loss: 0.0347, anchor loss: 0.0583, VFL train accuracy: 0.9962
2026-04-20 23:23:37,181 - Epoch: 17, 201/274: VFL loss: 0.0111, total loss: 0.0348, anchor loss: 0.0584, VFL train accuracy: 0.9963
2026-04-20 23:23:37,527 - Epoch: 17, 211/274: VFL loss: 0.0112, total loss: 0.0348, anchor loss: 0.0584, VFL train accuracy: 0.9961
2026-04-20 23:23:37,860 - Epoch: 17, 221/274: VFL loss: 0.0113, total loss: 0.0349, anchor loss: 0.0585, VFL train accuracy: 0.9961
2026-04-20 23:23:38,188 - Epoch: 17, 231/274: VFL loss: 0.0115, total loss: 0.0350, anchor loss: 0.0585, VFL train accuracy: 0.9960
2026-04-20 23:23:38,529 - Epoch: 17, 241/274: VFL loss: 0.0117, total loss: 0.0351, anchor loss: 0.0585, VFL train accuracy: 0.9960
2026-04-20 23:23:38,873 - Epoch: 17, 251/274: VFL loss: 0.0121, total loss: 0.0353, anchor loss: 0.0586, VFL train accuracy: 0.9959
2026-04-20 23:23:39,205 - Epoch: 17, 261/274: VFL loss: 0.0120, total loss: 0.0353, anchor loss: 0.0586, VFL train accuracy: 0.9959
2026-04-20 23:23:39,529 - Epoch: 17, 271/274: VFL loss: 0.0122, total loss: 0.0354, anchor loss: 0.0586, VFL train accuracy: 0.9958
2026-04-20 23:23:39,646 - => Recorded Stage 2 client anchor losses for epoch 17 to 'results/AVGuard/stage3_gamma_sensitivity_3clients_noema_bounded_q/NUSWIDE_3clients_noema_bounded_q_gamma_1.0\stage2_final_epoch_client_anchor_losses.json': {0: 0.028183, 1: 0.067492, 2: 0.080228}
2026-04-20 23:23:39,651 - => Stage 2 EMA anchor update skipped at epoch 17 because momentum=1.0000 disables EMA; eligible classes per client {0: 5, 1: 5, 2: 5}
2026-04-20 23:23:39,651 - => Stage 2 Epoch 17 Training Summary: VFL loss: 0.0121, total loss: 0.0354, anchor loss: 0.0586, VFL train accuracy: 0.9959
2026-04-20 23:23:39,651 - => Test ASR...
2026-04-20 23:23:39,761 - =>Add Trigger to Test Data
2026-04-20 23:23:43,580 - Add Trigger to 37064 Bad Samples, 9629 Clean Samples (1.00)
2026-04-20 23:23:55,368 - => Test Epoch: 17, main task samples: 46693, attack samples: 46693, test loss: 0.9181, clean acc: 0.7649, Top-4: 0.9956, ASR: 0.0846, RAC: 0.6637, test target accuracy: 0.8729, stage3 final accuracy: 0.7649, stage3 final target accuracy: 0.7337, stage3 final asr: 0.0846, anchor loss: 0.0829
2026-04-20 23:23:55,368 - => Stage 3 Detection Summary: recall: 0.6116, precision: 0.0142, f1: 0.0277, false positive rate: 0.2223, correction rate: 0.2865
2026-04-20 23:23:55,368 - => Stage 3 Debug (clean): suspicious=10382/46693, correction_applied=10368, prediction_changed=10368, skipped_tied_vote=0, skipped_low_margin=0, skipped_other=14
2026-04-20 23:23:55,368 - => Stage 3 Debug (poison-valid): suspicious=14146/37064, correction_applied=14058, prediction_changed=14058, skipped_tied_vote=0, skipped_low_margin=0, skipped_other=88
2026-04-20 23:23:55,368 - => Stage 3 Debug (attack-success): suspicious=348/569, correction_applied=348, prediction_changed=348, corrected_to_true=163
2026-04-20 23:23:55,368 - => Stage 2 checkpoint score: mean(clean_acc=0.7649, recall=0.6116, correction_rate=0.2865) = 0.5543
2026-04-20 23:23:55,443 - => End Epoch: 17, early stop epochs: 16, best epoch: 1, best clean acc: 0.7673, best Top-4: 0.9965, best ASR: 0.2678, best RAC: 0.6693, anchor loss: 0.0830, best checkpoint score: 0.6513
2026-04-20 23:23:55,443 - => Stage 3 Detection Summary: recall: 0.6904, precision: 0.2858, f1: 0.4042, false positive rate: 0.2121, correction rate: 0.4961
2026-04-20 23:23:55,486 - => LFBA current anchor-derived target label: 3
2026-04-20 23:23:55,563 - =>Add Trigger to Train Data
2026-04-20 23:23:55,923 - Add Trigger to 6996 Bad Samples, 62970 Clean Samples (0.10)
2026-04-20 23:23:55,928 - => Start Training for Injecting Backdoor...
2026-04-20 23:23:55,979 - Epoch: 18, 1/274: VFL loss: 0.0024, total loss: 0.0270, anchor loss: 0.0516, VFL train accuracy: 1.0000
2026-04-20 23:23:56,604 - Epoch: 18, 11/274: VFL loss: 0.0065, total loss: 0.0325, anchor loss: 0.0585, VFL train accuracy: 0.9986
2026-04-20 23:23:56,978 - Epoch: 18, 21/274: VFL loss: 0.0079, total loss: 0.0330, anchor loss: 0.0581, VFL train accuracy: 0.9981
2026-04-20 23:23:57,308 - Epoch: 18, 31/274: VFL loss: 0.0081, total loss: 0.0332, anchor loss: 0.0582, VFL train accuracy: 0.9976
2026-04-20 23:23:57,626 - Epoch: 18, 41/274: VFL loss: 0.0085, total loss: 0.0333, anchor loss: 0.0581, VFL train accuracy: 0.9974
2026-04-20 23:23:57,953 - Epoch: 18, 51/274: VFL loss: 0.0079, total loss: 0.0329, anchor loss: 0.0579, VFL train accuracy: 0.9976
2026-04-20 23:23:58,260 - Epoch: 18, 61/274: VFL loss: 0.0083, total loss: 0.0332, anchor loss: 0.0581, VFL train accuracy: 0.9976
2026-04-20 23:23:58,586 - Epoch: 18, 71/274: VFL loss: 0.0088, total loss: 0.0333, anchor loss: 0.0579, VFL train accuracy: 0.9974
2026-04-20 23:23:58,907 - Epoch: 18, 81/274: VFL loss: 0.0088, total loss: 0.0333, anchor loss: 0.0578, VFL train accuracy: 0.9974
2026-04-20 23:23:59,230 - Epoch: 18, 91/274: VFL loss: 0.0084, total loss: 0.0331, anchor loss: 0.0578, VFL train accuracy: 0.9975
2026-04-20 23:23:59,547 - Epoch: 18, 101/274: VFL loss: 0.0084, total loss: 0.0330, anchor loss: 0.0577, VFL train accuracy: 0.9973
2026-04-20 23:23:59,884 - Epoch: 18, 111/274: VFL loss: 0.0087, total loss: 0.0332, anchor loss: 0.0577, VFL train accuracy: 0.9973
2026-04-20 23:24:00,215 - Epoch: 18, 121/274: VFL loss: 0.0086, total loss: 0.0332, anchor loss: 0.0577, VFL train accuracy: 0.9974
2026-04-20 23:24:00,543 - Epoch: 18, 131/274: VFL loss: 0.0084, total loss: 0.0330, anchor loss: 0.0576, VFL train accuracy: 0.9974
2026-04-20 23:24:00,858 - Epoch: 18, 141/274: VFL loss: 0.0083, total loss: 0.0329, anchor loss: 0.0574, VFL train accuracy: 0.9975
2026-04-20 23:24:01,182 - Epoch: 18, 151/274: VFL loss: 0.0080, total loss: 0.0327, anchor loss: 0.0574, VFL train accuracy: 0.9976
2026-04-20 23:24:01,503 - Epoch: 18, 161/274: VFL loss: 0.0078, total loss: 0.0326, anchor loss: 0.0574, VFL train accuracy: 0.9976
2026-04-20 23:24:01,832 - Epoch: 18, 171/274: VFL loss: 0.0079, total loss: 0.0326, anchor loss: 0.0574, VFL train accuracy: 0.9977
2026-04-20 23:24:02,183 - Epoch: 18, 181/274: VFL loss: 0.0080, total loss: 0.0327, anchor loss: 0.0574, VFL train accuracy: 0.9976
2026-04-20 23:24:02,489 - Epoch: 18, 191/274: VFL loss: 0.0080, total loss: 0.0327, anchor loss: 0.0575, VFL train accuracy: 0.9976
2026-04-20 23:24:02,801 - Epoch: 18, 201/274: VFL loss: 0.0080, total loss: 0.0327, anchor loss: 0.0575, VFL train accuracy: 0.9976
2026-04-20 23:24:03,102 - Epoch: 18, 211/274: VFL loss: 0.0082, total loss: 0.0329, anchor loss: 0.0575, VFL train accuracy: 0.9976
2026-04-20 23:24:03,432 - Epoch: 18, 221/274: VFL loss: 0.0081, total loss: 0.0328, anchor loss: 0.0575, VFL train accuracy: 0.9977
2026-04-20 23:24:03,762 - Epoch: 18, 231/274: VFL loss: 0.0082, total loss: 0.0329, anchor loss: 0.0575, VFL train accuracy: 0.9976
2026-04-20 23:24:04,095 - Epoch: 18, 241/274: VFL loss: 0.0082, total loss: 0.0329, anchor loss: 0.0575, VFL train accuracy: 0.9976
2026-04-20 23:24:04,432 - Epoch: 18, 251/274: VFL loss: 0.0086, total loss: 0.0331, anchor loss: 0.0575, VFL train accuracy: 0.9976
2026-04-20 23:24:04,835 - Epoch: 18, 261/274: VFL loss: 0.0088, total loss: 0.0332, anchor loss: 0.0575, VFL train accuracy: 0.9974
2026-04-20 23:24:05,195 - Epoch: 18, 271/274: VFL loss: 0.0090, total loss: 0.0333, anchor loss: 0.0576, VFL train accuracy: 0.9974
2026-04-20 23:24:05,295 - => Recorded Stage 2 client anchor losses for epoch 18 to 'results/AVGuard/stage3_gamma_sensitivity_3clients_noema_bounded_q/NUSWIDE_3clients_noema_bounded_q_gamma_1.0\stage2_final_epoch_client_anchor_losses.json': {0: 0.026783, 1: 0.066785, 2: 0.079109}
2026-04-20 23:24:05,297 - => Stage 2 EMA anchor update skipped at epoch 18 because momentum=1.0000 disables EMA; eligible classes per client {0: 5, 1: 5, 2: 5}
2026-04-20 23:24:05,297 - => Stage 2 Epoch 18 Training Summary: VFL loss: 0.0090, total loss: 0.0333, anchor loss: 0.0576, VFL train accuracy: 0.9974
2026-04-20 23:24:05,297 - => Test ASR...
2026-04-20 23:24:05,404 - =>Add Trigger to Test Data
2026-04-20 23:24:09,094 - Add Trigger to 37064 Bad Samples, 9629 Clean Samples (1.00)
2026-04-20 23:24:20,550 - => Test Epoch: 18, main task samples: 46693, attack samples: 46693, test loss: 1.0909, clean acc: 0.7635, Top-4: 0.9952, ASR: 0.0789, RAC: 0.6733, test target accuracy: 0.9003, stage3 final accuracy: 0.7635, stage3 final target accuracy: 0.7706, stage3 final asr: 0.0789, anchor loss: 0.0828
2026-04-20 23:24:20,551 - => Stage 3 Detection Summary: recall: 0.6044, precision: 0.0199, f1: 0.0385, false positive rate: 0.2239, correction rate: 0.2766
2026-04-20 23:24:20,551 - => Stage 3 Debug (clean): suspicious=10455/46693, correction_applied=10436, prediction_changed=10436, skipped_tied_vote=0, skipped_low_margin=0, skipped_other=19
2026-04-20 23:24:20,551 - => Stage 3 Debug (poison-valid): suspicious=13254/37064, correction_applied=13239, prediction_changed=13239, skipped_tied_vote=0, skipped_low_margin=0, skipped_other=15
2026-04-20 23:24:20,551 - => Stage 3 Debug (attack-success): suspicious=472/781, correction_applied=471, prediction_changed=471, corrected_to_true=216
2026-04-20 23:24:20,552 - => Stage 2 checkpoint score: mean(clean_acc=0.7635, recall=0.6044, correction_rate=0.2766) = 0.5481
2026-04-20 23:24:20,622 - => End Epoch: 18, early stop epochs: 17, best epoch: 1, best clean acc: 0.7673, best Top-4: 0.9965, best ASR: 0.2678, best RAC: 0.6693, anchor loss: 0.0830, best checkpoint score: 0.6513
2026-04-20 23:24:20,622 - => Stage 3 Detection Summary: recall: 0.6904, precision: 0.2858, f1: 0.4042, false positive rate: 0.2121, correction rate: 0.4961
2026-04-20 23:24:20,660 - => LFBA current anchor-derived target label: 3
2026-04-20 23:24:20,735 - =>Add Trigger to Train Data
2026-04-20 23:24:21,068 - Add Trigger to 6996 Bad Samples, 62970 Clean Samples (0.10)
2026-04-20 23:24:21,070 - => Start Training for Injecting Backdoor...
2026-04-20 23:24:21,117 - Epoch: 19, 1/274: VFL loss: 0.0007, total loss: 0.0282, anchor loss: 0.0556, VFL train accuracy: 1.0000
2026-04-20 23:24:21,760 - Epoch: 19, 11/274: VFL loss: 0.0066, total loss: 0.0324, anchor loss: 0.0581, VFL train accuracy: 0.9975
2026-04-20 23:24:22,115 - Epoch: 19, 21/274: VFL loss: 0.0074, total loss: 0.0327, anchor loss: 0.0580, VFL train accuracy: 0.9970
2026-04-20 23:24:22,488 - Epoch: 19, 31/274: VFL loss: 0.0106, total loss: 0.0342, anchor loss: 0.0579, VFL train accuracy: 0.9968
2026-04-20 23:24:22,870 - Epoch: 19, 41/274: VFL loss: 0.0108, total loss: 0.0344, anchor loss: 0.0580, VFL train accuracy: 0.9967
2026-04-20 23:24:23,182 - Epoch: 19, 51/274: VFL loss: 0.0108, total loss: 0.0344, anchor loss: 0.0580, VFL train accuracy: 0.9966
2026-04-20 23:24:23,491 - Epoch: 19, 61/274: VFL loss: 0.0112, total loss: 0.0345, anchor loss: 0.0578, VFL train accuracy: 0.9965
2026-04-20 23:24:23,799 - Epoch: 19, 71/274: VFL loss: 0.0113, total loss: 0.0346, anchor loss: 0.0579, VFL train accuracy: 0.9964
2026-04-20 23:24:24,105 - Epoch: 19, 81/274: VFL loss: 0.0124, total loss: 0.0352, anchor loss: 0.0580, VFL train accuracy: 0.9964
2026-04-20 23:24:24,422 - Epoch: 19, 91/274: VFL loss: 0.0120, total loss: 0.0349, anchor loss: 0.0578, VFL train accuracy: 0.9963
2026-04-20 23:24:24,746 - Epoch: 19, 101/274: VFL loss: 0.0123, total loss: 0.0351, anchor loss: 0.0580, VFL train accuracy: 0.9962
2026-04-20 23:24:25,065 - Epoch: 19, 111/274: VFL loss: 0.0125, total loss: 0.0353, anchor loss: 0.0580, VFL train accuracy: 0.9962
2026-04-20 23:24:25,369 - Epoch: 19, 121/274: VFL loss: 0.0124, total loss: 0.0353, anchor loss: 0.0581, VFL train accuracy: 0.9962
2026-04-20 23:24:25,699 - Epoch: 19, 131/274: VFL loss: 0.0119, total loss: 0.0350, anchor loss: 0.0582, VFL train accuracy: 0.9962
2026-04-20 23:24:26,014 - Epoch: 19, 141/274: VFL loss: 0.0118, total loss: 0.0349, anchor loss: 0.0581, VFL train accuracy: 0.9963
2026-04-20 23:24:26,322 - Epoch: 19, 151/274: VFL loss: 0.0114, total loss: 0.0347, anchor loss: 0.0579, VFL train accuracy: 0.9964
2026-04-20 23:24:26,645 - Epoch: 19, 161/274: VFL loss: 0.0111, total loss: 0.0345, anchor loss: 0.0579, VFL train accuracy: 0.9965
2026-04-20 23:24:26,944 - Epoch: 19, 171/274: VFL loss: 0.0111, total loss: 0.0346, anchor loss: 0.0580, VFL train accuracy: 0.9964
2026-04-20 23:24:27,266 - Epoch: 19, 181/274: VFL loss: 0.0116, total loss: 0.0348, anchor loss: 0.0580, VFL train accuracy: 0.9964
2026-04-20 23:24:27,564 - Epoch: 19, 191/274: VFL loss: 0.0117, total loss: 0.0349, anchor loss: 0.0580, VFL train accuracy: 0.9963
2026-04-20 23:24:28,019 - Epoch: 19, 201/274: VFL loss: 0.0121, total loss: 0.0351, anchor loss: 0.0581, VFL train accuracy: 0.9961
2026-04-20 23:24:28,339 - Epoch: 19, 211/274: VFL loss: 0.0124, total loss: 0.0352, anchor loss: 0.0581, VFL train accuracy: 0.9960
2026-04-20 23:24:28,676 - Epoch: 19, 221/274: VFL loss: 0.0124, total loss: 0.0353, anchor loss: 0.0582, VFL train accuracy: 0.9959
2026-04-20 23:24:29,005 - Epoch: 19, 231/274: VFL loss: 0.0129, total loss: 0.0356, anchor loss: 0.0583, VFL train accuracy: 0.9958
2026-04-20 23:24:29,363 - Epoch: 19, 241/274: VFL loss: 0.0132, total loss: 0.0358, anchor loss: 0.0584, VFL train accuracy: 0.9957
2026-04-20 23:24:29,699 - Epoch: 19, 251/274: VFL loss: 0.0137, total loss: 0.0361, anchor loss: 0.0585, VFL train accuracy: 0.9955
2026-04-20 23:24:30,025 - Epoch: 19, 261/274: VFL loss: 0.0140, total loss: 0.0363, anchor loss: 0.0586, VFL train accuracy: 0.9954
2026-04-20 23:24:30,353 - Epoch: 19, 271/274: VFL loss: 0.0145, total loss: 0.0366, anchor loss: 0.0587, VFL train accuracy: 0.9952
2026-04-20 23:24:30,461 - => Recorded Stage 2 client anchor losses for epoch 19 to 'results/AVGuard/stage3_gamma_sensitivity_3clients_noema_bounded_q/NUSWIDE_3clients_noema_bounded_q_gamma_1.0\stage2_final_epoch_client_anchor_losses.json': {0: 0.026821, 1: 0.068967, 2: 0.080247}
2026-04-20 23:24:30,465 - => Stage 2 EMA anchor update skipped at epoch 19 because momentum=1.0000 disables EMA; eligible classes per client {0: 5, 1: 5, 2: 5}
2026-04-20 23:24:30,465 - => Stage 2 Epoch 19 Training Summary: VFL loss: 0.0146, total loss: 0.0366, anchor loss: 0.0587, VFL train accuracy: 0.9952
2026-04-20 23:24:30,465 - => Test ASR...
2026-04-20 23:24:30,568 - =>Add Trigger to Test Data
2026-04-20 23:24:33,945 - Add Trigger to 37064 Bad Samples, 9629 Clean Samples (1.00)
2026-04-20 23:24:45,425 - => Test Epoch: 19, main task samples: 46693, attack samples: 46693, test loss: 1.0394, clean acc: 0.7591, Top-4: 0.9954, ASR: 0.0699, RAC: 0.6586, test target accuracy: 0.8659, stage3 final accuracy: 0.7591, stage3 final target accuracy: 0.7490, stage3 final asr: 0.0699, anchor loss: 0.0841
2026-04-20 23:24:45,425 - => Stage 3 Detection Summary: recall: 0.5827, precision: 0.0132, f1: 0.0258, false positive rate: 0.2238, correction rate: 0.2610
2026-04-20 23:24:45,426 - => Stage 3 Debug (clean): suspicious=10449/46693, correction_applied=10418, prediction_changed=10418, skipped_tied_vote=0, skipped_low_margin=0, skipped_other=31
2026-04-20 23:24:45,426 - => Stage 3 Debug (poison-valid): suspicious=13541/37064, correction_applied=13525, prediction_changed=13525, skipped_tied_vote=0, skipped_low_margin=0, skipped_other=16
2026-04-20 23:24:45,426 - => Stage 3 Debug (attack-success): suspicious=317/544, correction_applied=317, prediction_changed=317, corrected_to_true=142
2026-04-20 23:24:45,426 - => Stage 2 checkpoint score: mean(clean_acc=0.7591, recall=0.5827, correction_rate=0.2610) = 0.5343
2026-04-20 23:24:45,502 - => End Epoch: 19, early stop epochs: 18, best epoch: 1, best clean acc: 0.7673, best Top-4: 0.9965, best ASR: 0.2678, best RAC: 0.6693, anchor loss: 0.0830, best checkpoint score: 0.6513
2026-04-20 23:24:45,502 - => Stage 3 Detection Summary: recall: 0.6904, precision: 0.2858, f1: 0.4042, false positive rate: 0.2121, correction rate: 0.4961
2026-04-20 23:24:45,544 - => LFBA current anchor-derived target label: 3
2026-04-20 23:24:45,624 - =>Add Trigger to Train Data
2026-04-20 23:24:45,938 - Add Trigger to 6996 Bad Samples, 62970 Clean Samples (0.10)
2026-04-20 23:24:45,942 - => Start Training for Injecting Backdoor...
2026-04-20 23:24:45,990 - Epoch: 20, 1/274: VFL loss: 0.0125, total loss: 0.0358, anchor loss: 0.0592, VFL train accuracy: 0.9922
2026-04-20 23:24:46,653 - Epoch: 20, 11/274: VFL loss: 0.0151, total loss: 0.0367, anchor loss: 0.0582, VFL train accuracy: 0.9943
2026-04-20 23:24:47,029 - Epoch: 20, 21/274: VFL loss: 0.0116, total loss: 0.0352, anchor loss: 0.0587, VFL train accuracy: 0.9952
2026-04-20 23:24:47,334 - Epoch: 20, 31/274: VFL loss: 0.0112, total loss: 0.0353, anchor loss: 0.0593, VFL train accuracy: 0.9951
2026-04-20 23:24:47,646 - Epoch: 20, 41/274: VFL loss: 0.0111, total loss: 0.0350, anchor loss: 0.0589, VFL train accuracy: 0.9955
2026-04-20 23:24:47,950 - Epoch: 20, 51/274: VFL loss: 0.0133, total loss: 0.0361, anchor loss: 0.0589, VFL train accuracy: 0.9958
2026-04-20 23:24:48,260 - Epoch: 20, 61/274: VFL loss: 0.0139, total loss: 0.0363, anchor loss: 0.0587, VFL train accuracy: 0.9956
2026-04-20 23:24:48,569 - Epoch: 20, 71/274: VFL loss: 0.0138, total loss: 0.0362, anchor loss: 0.0586, VFL train accuracy: 0.9956
2026-04-20 23:24:48,883 - Epoch: 20, 81/274: VFL loss: 0.0148, total loss: 0.0367, anchor loss: 0.0586, VFL train accuracy: 0.9955
2026-04-20 23:24:49,182 - Epoch: 20, 91/274: VFL loss: 0.0150, total loss: 0.0368, anchor loss: 0.0585, VFL train accuracy: 0.9953
2026-04-20 23:24:49,521 - Epoch: 20, 101/274: VFL loss: 0.0150, total loss: 0.0367, anchor loss: 0.0584, VFL train accuracy: 0.9954
2026-04-20 23:24:49,820 - Epoch: 20, 111/274: VFL loss: 0.0152, total loss: 0.0367, anchor loss: 0.0583, VFL train accuracy: 0.9955
2026-04-20 23:24:50,103 - Epoch: 20, 121/274: VFL loss: 0.0151, total loss: 0.0368, anchor loss: 0.0584, VFL train accuracy: 0.9954
2026-04-20 23:24:50,395 - Epoch: 20, 131/274: VFL loss: 0.0150, total loss: 0.0367, anchor loss: 0.0584, VFL train accuracy: 0.9956
2026-04-20 23:24:50,732 - Epoch: 20, 141/274: VFL loss: 0.0156, total loss: 0.0370, anchor loss: 0.0585, VFL train accuracy: 0.9953
2026-04-20 23:24:51,051 - Epoch: 20, 151/274: VFL loss: 0.0154, total loss: 0.0370, anchor loss: 0.0586, VFL train accuracy: 0.9953
2026-04-20 23:24:51,378 - Epoch: 20, 161/274: VFL loss: 0.0151, total loss: 0.0368, anchor loss: 0.0585, VFL train accuracy: 0.9954
2026-04-20 23:24:51,715 - Epoch: 20, 171/274: VFL loss: 0.0149, total loss: 0.0367, anchor loss: 0.0585, VFL train accuracy: 0.9955
2026-04-20 23:24:52,041 - Epoch: 20, 181/274: VFL loss: 0.0147, total loss: 0.0366, anchor loss: 0.0585, VFL train accuracy: 0.9956
2026-04-20 23:24:52,358 - Epoch: 20, 191/274: VFL loss: 0.0144, total loss: 0.0365, anchor loss: 0.0585, VFL train accuracy: 0.9956
2026-04-20 23:24:52,685 - Epoch: 20, 201/274: VFL loss: 0.0145, total loss: 0.0365, anchor loss: 0.0584, VFL train accuracy: 0.9956
2026-04-20 23:24:53,006 - Epoch: 20, 211/274: VFL loss: 0.0146, total loss: 0.0366, anchor loss: 0.0586, VFL train accuracy: 0.9955
2026-04-20 23:24:53,325 - Epoch: 20, 221/274: VFL loss: 0.0146, total loss: 0.0366, anchor loss: 0.0587, VFL train accuracy: 0.9955
2026-04-20 23:24:53,642 - Epoch: 20, 231/274: VFL loss: 0.0147, total loss: 0.0367, anchor loss: 0.0588, VFL train accuracy: 0.9955
2026-04-20 23:24:53,962 - Epoch: 20, 241/274: VFL loss: 0.0145, total loss: 0.0366, anchor loss: 0.0587, VFL train accuracy: 0.9955
2026-04-20 23:24:54,274 - Epoch: 20, 251/274: VFL loss: 0.0145, total loss: 0.0366, anchor loss: 0.0587, VFL train accuracy: 0.9955
2026-04-20 23:24:54,610 - Epoch: 20, 261/274: VFL loss: 0.0144, total loss: 0.0366, anchor loss: 0.0587, VFL train accuracy: 0.9955
2026-04-20 23:24:54,978 - Epoch: 20, 271/274: VFL loss: 0.0145, total loss: 0.0366, anchor loss: 0.0587, VFL train accuracy: 0.9954
2026-04-20 23:24:55,092 - => Recorded Stage 2 client anchor losses for epoch 20 to 'results/AVGuard/stage3_gamma_sensitivity_3clients_noema_bounded_q/NUSWIDE_3clients_noema_bounded_q_gamma_1.0\stage2_final_epoch_client_anchor_losses.json': {0: 0.026916, 1: 0.06826, 2: 0.081046}
2026-04-20 23:24:55,094 - => Stage 2 EMA anchor update skipped at epoch 20 because momentum=1.0000 disables EMA; eligible classes per client {0: 5, 1: 5, 2: 5}
2026-04-20 23:24:55,094 - => Stage 2 Epoch 20 Training Summary: VFL loss: 0.0145, total loss: 0.0367, anchor loss: 0.0588, VFL train accuracy: 0.9954
2026-04-20 23:24:55,094 - => Test ASR...
2026-04-20 23:24:55,202 - =>Add Trigger to Test Data
2026-04-20 23:24:58,673 - Add Trigger to 37064 Bad Samples, 9629 Clean Samples (1.00)
2026-04-20 23:25:10,180 - => Test Epoch: 20, main task samples: 46693, attack samples: 46693, test loss: 1.0426, clean acc: 0.7617, Top-4: 0.9952, ASR: 0.0672, RAC: 0.6704, test target accuracy: 0.8755, stage3 final accuracy: 0.7617, stage3 final target accuracy: 0.7094, stage3 final asr: 0.0672, anchor loss: 0.0837
2026-04-20 23:25:10,180 - => Stage 3 Detection Summary: recall: 0.6503, precision: 0.0171, f1: 0.0334, false positive rate: 0.2280, correction rate: 0.3228
2026-04-20 23:25:10,180 - => Stage 3 Debug (clean): suspicious=10645/46693, correction_applied=10624, prediction_changed=10624, skipped_tied_vote=0, skipped_low_margin=0, skipped_other=21
2026-04-20 23:25:10,181 - => Stage 3 Debug (poison-valid): suspicious=13369/37064, correction_applied=13320, prediction_changed=13320, skipped_tied_vote=0, skipped_low_margin=0, skipped_other=49
2026-04-20 23:25:10,181 - => Stage 3 Debug (attack-success): suspicious=411/632, correction_applied=411, prediction_changed=411, corrected_to_true=204
2026-04-20 23:25:10,181 - => Stage 2 checkpoint score: mean(clean_acc=0.7617, recall=0.6503, correction_rate=0.3228) = 0.5783
2026-04-20 23:25:10,274 - => End Epoch: 20, early stop epochs: 19, best epoch: 1, best clean acc: 0.7673, best Top-4: 0.9965, best ASR: 0.2678, best RAC: 0.6693, anchor loss: 0.0830, best checkpoint score: 0.6513
2026-04-20 23:25:10,274 - => Stage 3 Detection Summary: recall: 0.6904, precision: 0.2858, f1: 0.4042, false positive rate: 0.2121, correction rate: 0.4961
2026-04-20 23:25:10,315 - => LFBA current anchor-derived target label: 3
2026-04-20 23:25:10,392 - =>Add Trigger to Train Data
2026-04-20 23:25:10,738 - Add Trigger to 6996 Bad Samples, 62970 Clean Samples (0.10)
2026-04-20 23:25:10,742 - => Start Training for Injecting Backdoor...
2026-04-20 23:25:10,795 - Epoch: 21, 1/274: VFL loss: 0.0026, total loss: 0.0332, anchor loss: 0.0637, VFL train accuracy: 1.0000
2026-04-20 23:25:11,411 - Epoch: 21, 11/274: VFL loss: 0.0053, total loss: 0.0327, anchor loss: 0.0600, VFL train accuracy: 0.9986
2026-04-20 23:25:11,742 - Epoch: 21, 21/274: VFL loss: 0.0067, total loss: 0.0333, anchor loss: 0.0598, VFL train accuracy: 0.9983
2026-04-20 23:25:12,037 - Epoch: 21, 31/274: VFL loss: 0.0098, total loss: 0.0347, anchor loss: 0.0595, VFL train accuracy: 0.9980
2026-04-20 23:25:12,331 - Epoch: 21, 41/274: VFL loss: 0.0088, total loss: 0.0338, anchor loss: 0.0588, VFL train accuracy: 0.9983
2026-04-20 23:25:12,626 - Epoch: 21, 51/274: VFL loss: 0.0084, total loss: 0.0335, anchor loss: 0.0586, VFL train accuracy: 0.9983
2026-04-20 23:25:12,908 - Epoch: 21, 61/274: VFL loss: 0.0078, total loss: 0.0331, anchor loss: 0.0584, VFL train accuracy: 0.9983
2026-04-20 23:25:13,197 - Epoch: 21, 71/274: VFL loss: 0.0072, total loss: 0.0327, anchor loss: 0.0581, VFL train accuracy: 0.9984
2026-04-20 23:25:13,523 - Epoch: 21, 81/274: VFL loss: 0.0069, total loss: 0.0325, anchor loss: 0.0580, VFL train accuracy: 0.9985
2026-04-20 23:25:13,842 - Epoch: 21, 91/274: VFL loss: 0.0068, total loss: 0.0323, anchor loss: 0.0578, VFL train accuracy: 0.9984
2026-04-20 23:25:14,144 - Epoch: 21, 101/274: VFL loss: 0.0064, total loss: 0.0320, anchor loss: 0.0575, VFL train accuracy: 0.9985
2026-04-20 23:25:14,459 - Epoch: 21, 111/274: VFL loss: 0.0064, total loss: 0.0318, anchor loss: 0.0572, VFL train accuracy: 0.9984
2026-04-20 23:25:14,780 - Epoch: 21, 121/274: VFL loss: 0.0062, total loss: 0.0317, anchor loss: 0.0571, VFL train accuracy: 0.9984
2026-04-20 23:25:15,098 - Epoch: 21, 131/274: VFL loss: 0.0060, total loss: 0.0315, anchor loss: 0.0569, VFL train accuracy: 0.9984
2026-04-20 23:25:15,385 - Epoch: 21, 141/274: VFL loss: 0.0061, total loss: 0.0315, anchor loss: 0.0568, VFL train accuracy: 0.9984
2026-04-20 23:25:15,704 - Epoch: 21, 151/274: VFL loss: 0.0061, total loss: 0.0314, anchor loss: 0.0568, VFL train accuracy: 0.9983
2026-04-20 23:25:16,013 - Epoch: 21, 161/274: VFL loss: 0.0061, total loss: 0.0314, anchor loss: 0.0567, VFL train accuracy: 0.9983
2026-04-20 23:25:16,304 - Epoch: 21, 171/274: VFL loss: 0.0062, total loss: 0.0315, anchor loss: 0.0567, VFL train accuracy: 0.9983
2026-04-20 23:25:16,609 - Epoch: 21, 181/274: VFL loss: 0.0060, total loss: 0.0313, anchor loss: 0.0566, VFL train accuracy: 0.9983
2026-04-20 23:25:16,890 - Epoch: 21, 191/274: VFL loss: 0.0059, total loss: 0.0313, anchor loss: 0.0566, VFL train accuracy: 0.9983
2026-04-20 23:25:17,222 - Epoch: 21, 201/274: VFL loss: 0.0058, total loss: 0.0311, anchor loss: 0.0564, VFL train accuracy: 0.9983
2026-04-20 23:25:17,609 - Epoch: 21, 211/274: VFL loss: 0.0056, total loss: 0.0310, anchor loss: 0.0564, VFL train accuracy: 0.9984
2026-04-20 23:25:18,006 - Epoch: 21, 221/274: VFL loss: 0.0054, total loss: 0.0309, anchor loss: 0.0563, VFL train accuracy: 0.9984
2026-04-20 23:25:18,401 - Epoch: 21, 231/274: VFL loss: 0.0053, total loss: 0.0308, anchor loss: 0.0563, VFL train accuracy: 0.9985
2026-04-20 23:25:18,758 - Epoch: 21, 241/274: VFL loss: 0.0052, total loss: 0.0307, anchor loss: 0.0562, VFL train accuracy: 0.9985
2026-04-20 23:25:19,127 - Epoch: 21, 251/274: VFL loss: 0.0051, total loss: 0.0306, anchor loss: 0.0561, VFL train accuracy: 0.9985
2026-04-20 23:25:19,480 - Epoch: 21, 261/274: VFL loss: 0.0050, total loss: 0.0305, anchor loss: 0.0560, VFL train accuracy: 0.9985
2026-04-20 23:25:19,815 - Epoch: 21, 271/274: VFL loss: 0.0049, total loss: 0.0305, anchor loss: 0.0561, VFL train accuracy: 0.9986
2026-04-20 23:25:19,919 - => Recorded Stage 2 client anchor losses for epoch 21 to 'results/AVGuard/stage3_gamma_sensitivity_3clients_noema_bounded_q/NUSWIDE_3clients_noema_bounded_q_gamma_1.0\stage2_final_epoch_client_anchor_losses.json': {0: 0.024626, 1: 0.065342, 2: 0.078175}
2026-04-20 23:25:19,922 - => Stage 2 EMA anchor update skipped at epoch 21 because momentum=1.0000 disables EMA; eligible classes per client {0: 5, 1: 5, 2: 5}
2026-04-20 23:25:19,922 - => Stage 2 Epoch 21 Training Summary: VFL loss: 0.0049, total loss: 0.0305, anchor loss: 0.0560, VFL train accuracy: 0.9986
2026-04-20 23:25:19,922 - => Test ASR...
2026-04-20 23:25:20,033 - =>Add Trigger to Test Data
2026-04-20 23:25:23,606 - Add Trigger to 37064 Bad Samples, 9629 Clean Samples (1.00)
2026-04-20 23:25:35,223 - => Test Epoch: 21, main task samples: 46693, attack samples: 46693, test loss: 1.0048, clean acc: 0.7689, Top-4: 0.9954, ASR: 0.0743, RAC: 0.6804, test target accuracy: 0.8921, stage3 final accuracy: 0.7689, stage3 final target accuracy: 0.7483, stage3 final asr: 0.0743, anchor loss: 0.0809
2026-04-20 23:25:35,223 - => Stage 3 Detection Summary: recall: 0.6411, precision: 0.0210, f1: 0.0407, false positive rate: 0.2169, correction rate: 0.3272
2026-04-20 23:25:35,223 - => Stage 3 Debug (clean): suspicious=10126/46693, correction_applied=10107, prediction_changed=10107, skipped_tied_vote=0, skipped_low_margin=0, skipped_other=19
2026-04-20 23:25:35,223 - => Stage 3 Debug (poison-valid): suspicious=12924/37064, correction_applied=12878, prediction_changed=12878, skipped_tied_vote=0, skipped_low_margin=0, skipped_other=46
2026-04-20 23:25:35,223 - => Stage 3 Debug (attack-success): suspicious=484/755, correction_applied=484, prediction_changed=484, corrected_to_true=247
2026-04-20 23:25:35,224 - => Stage 2 checkpoint score: mean(clean_acc=0.7689, recall=0.6411, correction_rate=0.3272) = 0.5790
2026-04-20 23:25:35,298 - => End Epoch: 21, early stop epochs: 20, best epoch: 1, best clean acc: 0.7673, best Top-4: 0.9965, best ASR: 0.2678, best RAC: 0.6693, anchor loss: 0.0830, best checkpoint score: 0.6513
2026-04-20 23:25:35,298 - => Stage 3 Detection Summary: recall: 0.6904, precision: 0.2858, f1: 0.4042, false positive rate: 0.2121, correction rate: 0.4961
2026-04-20 23:25:35,341 - => LFBA current anchor-derived target label: 3
2026-04-20 23:25:35,416 - =>Add Trigger to Train Data
2026-04-20 23:25:35,784 - Add Trigger to 6996 Bad Samples, 62970 Clean Samples (0.10)
2026-04-20 23:25:35,788 - => Start Training for Injecting Backdoor...
2026-04-20 23:25:35,839 - Epoch: 22, 1/274: VFL loss: 0.0012, total loss: 0.0254, anchor loss: 0.0496, VFL train accuracy: 1.0000
2026-04-20 23:25:36,458 - Epoch: 22, 11/274: VFL loss: 0.0008, total loss: 0.0277, anchor loss: 0.0547, VFL train accuracy: 1.0000
2026-04-20 23:25:36,796 - Epoch: 22, 21/274: VFL loss: 0.0009, total loss: 0.0278, anchor loss: 0.0548, VFL train accuracy: 1.0000
2026-04-20 23:25:37,152 - Epoch: 22, 31/274: VFL loss: 0.0010, total loss: 0.0278, anchor loss: 0.0546, VFL train accuracy: 1.0000
2026-04-20 23:25:37,484 - Epoch: 22, 41/274: VFL loss: 0.0020, total loss: 0.0284, anchor loss: 0.0548, VFL train accuracy: 0.9999
2026-04-20 23:25:37,809 - Epoch: 22, 51/274: VFL loss: 0.0018, total loss: 0.0283, anchor loss: 0.0548, VFL train accuracy: 0.9999
2026-04-20 23:25:38,121 - Epoch: 22, 61/274: VFL loss: 0.0018, total loss: 0.0283, anchor loss: 0.0549, VFL train accuracy: 0.9999
2026-04-20 23:25:38,432 - Epoch: 22, 71/274: VFL loss: 0.0017, total loss: 0.0282, anchor loss: 0.0547, VFL train accuracy: 0.9999
2026-04-20 23:25:38,771 - Epoch: 22, 81/274: VFL loss: 0.0016, total loss: 0.0280, anchor loss: 0.0545, VFL train accuracy: 1.0000
2026-04-20 23:25:39,079 - Epoch: 22, 91/274: VFL loss: 0.0018, total loss: 0.0283, anchor loss: 0.0547, VFL train accuracy: 0.9999
2026-04-20 23:25:39,398 - Epoch: 22, 101/274: VFL loss: 0.0017, total loss: 0.0282, anchor loss: 0.0547, VFL train accuracy: 0.9999
2026-04-20 23:25:39,721 - Epoch: 22, 111/274: VFL loss: 0.0017, total loss: 0.0282, anchor loss: 0.0547, VFL train accuracy: 0.9999
2026-04-20 23:25:40,042 - Epoch: 22, 121/274: VFL loss: 0.0017, total loss: 0.0281, anchor loss: 0.0545, VFL train accuracy: 0.9999
2026-04-20 23:25:40,357 - Epoch: 22, 131/274: VFL loss: 0.0017, total loss: 0.0281, anchor loss: 0.0545, VFL train accuracy: 0.9999
2026-04-20 23:25:40,682 - Epoch: 22, 141/274: VFL loss: 0.0018, total loss: 0.0282, anchor loss: 0.0545, VFL train accuracy: 0.9998
2026-04-20 23:25:41,008 - Epoch: 22, 151/274: VFL loss: 0.0018, total loss: 0.0281, anchor loss: 0.0545, VFL train accuracy: 0.9998
2026-04-20 23:25:41,327 - Epoch: 22, 161/274: VFL loss: 0.0017, total loss: 0.0280, anchor loss: 0.0543, VFL train accuracy: 0.9998
2026-04-20 23:25:41,647 - Epoch: 22, 171/274: VFL loss: 0.0017, total loss: 0.0280, anchor loss: 0.0543, VFL train accuracy: 0.9998
2026-04-20 23:25:42,111 - Epoch: 22, 181/274: VFL loss: 0.0017, total loss: 0.0280, anchor loss: 0.0542, VFL train accuracy: 0.9998
2026-04-20 23:25:42,441 - Epoch: 22, 191/274: VFL loss: 0.0017, total loss: 0.0280, anchor loss: 0.0543, VFL train accuracy: 0.9998
2026-04-20 23:25:42,770 - Epoch: 22, 201/274: VFL loss: 0.0017, total loss: 0.0280, anchor loss: 0.0543, VFL train accuracy: 0.9998
2026-04-20 23:25:43,098 - Epoch: 22, 211/274: VFL loss: 0.0017, total loss: 0.0280, anchor loss: 0.0543, VFL train accuracy: 0.9998
2026-04-20 23:25:43,458 - Epoch: 22, 221/274: VFL loss: 0.0017, total loss: 0.0280, anchor loss: 0.0543, VFL train accuracy: 0.9998
2026-04-20 23:25:43,827 - Epoch: 22, 231/274: VFL loss: 0.0016, total loss: 0.0280, anchor loss: 0.0543, VFL train accuracy: 0.9998
2026-04-20 23:25:44,121 - Epoch: 22, 241/274: VFL loss: 0.0016, total loss: 0.0279, anchor loss: 0.0543, VFL train accuracy: 0.9998
2026-04-20 23:25:44,469 - Epoch: 22, 251/274: VFL loss: 0.0016, total loss: 0.0279, anchor loss: 0.0542, VFL train accuracy: 0.9998
2026-04-20 23:25:44,833 - Epoch: 22, 261/274: VFL loss: 0.0015, total loss: 0.0279, anchor loss: 0.0542, VFL train accuracy: 0.9998
2026-04-20 23:25:45,169 - Epoch: 22, 271/274: VFL loss: 0.0015, total loss: 0.0279, anchor loss: 0.0543, VFL train accuracy: 0.9998
2026-04-20 23:25:45,278 - => Recorded Stage 2 client anchor losses for epoch 22 to 'results/AVGuard/stage3_gamma_sensitivity_3clients_noema_bounded_q/NUSWIDE_3clients_noema_bounded_q_gamma_1.0\stage2_final_epoch_client_anchor_losses.json': {0: 0.023606, 1: 0.063707, 2: 0.075391}
2026-04-20 23:25:45,280 - => Stage 2 EMA anchor update skipped at epoch 22 because momentum=1.0000 disables EMA; eligible classes per client {0: 5, 1: 5, 2: 5}
2026-04-20 23:25:45,280 - => Stage 2 Epoch 22 Training Summary: VFL loss: 0.0015, total loss: 0.0279, anchor loss: 0.0542, VFL train accuracy: 0.9998
2026-04-20 23:25:45,281 - => Test ASR...
2026-04-20 23:25:45,385 - =>Add Trigger to Test Data
2026-04-20 23:25:49,358 - Add Trigger to 37064 Bad Samples, 9629 Clean Samples (1.00)
2026-04-20 23:26:02,780 - => Test Epoch: 22, main task samples: 46693, attack samples: 46693, test loss: 1.0203, clean acc: 0.7708, Top-4: 0.9955, ASR: 0.0655, RAC: 0.6837, test target accuracy: 0.8846, stage3 final accuracy: 0.7708, stage3 final target accuracy: 0.7456, stage3 final asr: 0.0655, anchor loss: 0.0803
2026-04-20 23:26:02,780 - => Stage 3 Detection Summary: recall: 0.6439, precision: 0.0216, f1: 0.0418, false positive rate: 0.2164, correction rate: 0.3285
2026-04-20 23:26:02,780 - => Stage 3 Debug (clean): suspicious=10103/46693, correction_applied=10077, prediction_changed=10077, skipped_tied_vote=0, skipped_low_margin=0, skipped_other=26
2026-04-20 23:26:02,782 - => Stage 3 Debug (poison-valid): suspicious=12565/37064, correction_applied=12550, prediction_changed=12550, skipped_tied_vote=0, skipped_low_margin=0, skipped_other=15
2026-04-20 23:26:02,782 - => Stage 3 Debug (attack-success): suspicious=490/761, correction_applied=490, prediction_changed=490, corrected_to_true=250
2026-04-20 23:26:02,782 - => Stage 2 checkpoint score: mean(clean_acc=0.7708, recall=0.6439, correction_rate=0.3285) = 0.5811
2026-04-20 23:26:02,845 - => End Epoch: 22, early stop epochs: 21, best epoch: 1, best clean acc: 0.7673, best Top-4: 0.9965, best ASR: 0.2678, best RAC: 0.6693, anchor loss: 0.0830, best checkpoint score: 0.6513
2026-04-20 23:26:02,845 - => Stage 3 Detection Summary: recall: 0.6904, precision: 0.2858, f1: 0.4042, false positive rate: 0.2121, correction rate: 0.4961
2026-04-20 23:26:02,889 - => LFBA current anchor-derived target label: 3
2026-04-20 23:26:02,982 - =>Add Trigger to Train Data
2026-04-20 23:26:03,542 - Add Trigger to 6996 Bad Samples, 62970 Clean Samples (0.10)
2026-04-20 23:26:03,544 - => Start Training for Injecting Backdoor...
2026-04-20 23:26:03,590 - Epoch: 23, 1/274: VFL loss: 0.0003, total loss: 0.0277, anchor loss: 0.0552, VFL train accuracy: 1.0000
2026-04-20 23:26:04,281 - Epoch: 23, 11/274: VFL loss: 0.0008, total loss: 0.0268, anchor loss: 0.0528, VFL train accuracy: 1.0000
2026-04-20 23:26:04,691 - Epoch: 23, 21/274: VFL loss: 0.0006, total loss: 0.0266, anchor loss: 0.0526, VFL train accuracy: 1.0000
2026-04-20 23:26:05,117 - Epoch: 23, 31/274: VFL loss: 0.0016, total loss: 0.0275, anchor loss: 0.0535, VFL train accuracy: 0.9999
2026-04-20 23:26:05,517 - Epoch: 23, 41/274: VFL loss: 0.0013, total loss: 0.0274, anchor loss: 0.0534, VFL train accuracy: 0.9999
2026-04-20 23:26:05,929 - Epoch: 23, 51/274: VFL loss: 0.0012, total loss: 0.0273, anchor loss: 0.0534, VFL train accuracy: 0.9999
2026-04-20 23:26:06,331 - Epoch: 23, 61/274: VFL loss: 0.0012, total loss: 0.0272, anchor loss: 0.0532, VFL train accuracy: 0.9999
2026-04-20 23:26:06,701 - Epoch: 23, 71/274: VFL loss: 0.0011, total loss: 0.0270, anchor loss: 0.0529, VFL train accuracy: 0.9999
2026-04-20 23:26:07,095 - Epoch: 23, 81/274: VFL loss: 0.0011, total loss: 0.0272, anchor loss: 0.0533, VFL train accuracy: 1.0000
2026-04-20 23:26:07,474 - Epoch: 23, 91/274: VFL loss: 0.0011, total loss: 0.0273, anchor loss: 0.0536, VFL train accuracy: 1.0000
2026-04-20 23:26:07,858 - Epoch: 23, 101/274: VFL loss: 0.0010, total loss: 0.0273, anchor loss: 0.0535, VFL train accuracy: 1.0000
2026-04-20 23:26:08,238 - Epoch: 23, 111/274: VFL loss: 0.0010, total loss: 0.0273, anchor loss: 0.0537, VFL train accuracy: 1.0000
2026-04-20 23:26:08,626 - Epoch: 23, 121/274: VFL loss: 0.0010, total loss: 0.0273, anchor loss: 0.0536, VFL train accuracy: 1.0000
2026-04-20 23:26:09,005 - Epoch: 23, 131/274: VFL loss: 0.0010, total loss: 0.0273, anchor loss: 0.0536, VFL train accuracy: 0.9999
2026-04-20 23:26:09,390 - Epoch: 23, 141/274: VFL loss: 0.0010, total loss: 0.0273, anchor loss: 0.0535, VFL train accuracy: 0.9999
2026-04-20 23:26:09,782 - Epoch: 23, 151/274: VFL loss: 0.0010, total loss: 0.0272, anchor loss: 0.0534, VFL train accuracy: 0.9999
2026-04-20 23:26:10,182 - Epoch: 23, 161/274: VFL loss: 0.0010, total loss: 0.0272, anchor loss: 0.0534, VFL train accuracy: 1.0000
2026-04-20 23:26:10,580 - Epoch: 23, 171/274: VFL loss: 0.0010, total loss: 0.0272, anchor loss: 0.0534, VFL train accuracy: 1.0000
2026-04-20 23:26:11,011 - Epoch: 23, 181/274: VFL loss: 0.0010, total loss: 0.0272, anchor loss: 0.0534, VFL train accuracy: 1.0000
2026-04-20 23:26:11,432 - Epoch: 23, 191/274: VFL loss: 0.0010, total loss: 0.0272, anchor loss: 0.0534, VFL train accuracy: 0.9999
2026-04-20 23:26:11,867 - Epoch: 23, 201/274: VFL loss: 0.0010, total loss: 0.0272, anchor loss: 0.0534, VFL train accuracy: 0.9999
2026-04-20 23:26:12,239 - Epoch: 23, 211/274: VFL loss: 0.0009, total loss: 0.0271, anchor loss: 0.0533, VFL train accuracy: 0.9999
2026-04-20 23:26:12,608 - Epoch: 23, 221/274: VFL loss: 0.0009, total loss: 0.0272, anchor loss: 0.0534, VFL train accuracy: 0.9999
2026-04-20 23:26:12,973 - Epoch: 23, 231/274: VFL loss: 0.0009, total loss: 0.0272, anchor loss: 0.0534, VFL train accuracy: 0.9999
2026-04-20 23:26:13,336 - Epoch: 23, 241/274: VFL loss: 0.0009, total loss: 0.0272, anchor loss: 0.0535, VFL train accuracy: 1.0000
2026-04-20 23:26:13,697 - Epoch: 23, 251/274: VFL loss: 0.0009, total loss: 0.0272, anchor loss: 0.0535, VFL train accuracy: 0.9999
2026-04-20 23:26:14,073 - Epoch: 23, 261/274: VFL loss: 0.0009, total loss: 0.0272, anchor loss: 0.0535, VFL train accuracy: 0.9999
2026-04-20 23:26:14,472 - Epoch: 23, 271/274: VFL loss: 0.0009, total loss: 0.0272, anchor loss: 0.0535, VFL train accuracy: 0.9999
2026-04-20 23:26:14,600 - => Recorded Stage 2 client anchor losses for epoch 23 to 'results/AVGuard/stage3_gamma_sensitivity_3clients_noema_bounded_q/NUSWIDE_3clients_noema_bounded_q_gamma_1.0\stage2_final_epoch_client_anchor_losses.json': {0: 0.023045, 1: 0.062985, 2: 0.074426}
2026-04-20 23:26:14,603 - => Stage 2 EMA anchor update skipped at epoch 23 because momentum=1.0000 disables EMA; eligible classes per client {0: 5, 1: 5, 2: 5}
2026-04-20 23:26:14,603 - => Stage 2 Epoch 23 Training Summary: VFL loss: 0.0009, total loss: 0.0272, anchor loss: 0.0535, VFL train accuracy: 0.9999
2026-04-20 23:26:14,603 - => Test ASR...
2026-04-20 23:26:15,073 - =>Add Trigger to Test Data
2026-04-20 23:26:19,709 - Add Trigger to 37064 Bad Samples, 9629 Clean Samples (1.00)
2026-04-20 23:26:35,106 - => Test Epoch: 23, main task samples: 46693, attack samples: 46693, test loss: 1.0429, clean acc: 0.7730, Top-4: 0.9954, ASR: 0.0635, RAC: 0.6864, test target accuracy: 0.8846, stage3 final accuracy: 0.7730, stage3 final target accuracy: 0.7477, stage3 final asr: 0.0635, anchor loss: 0.0800
2026-04-20 23:26:35,106 - => Stage 3 Detection Summary: recall: 0.6501, precision: 0.0228, f1: 0.0440, false positive rate: 0.2147, correction rate: 0.3321
2026-04-20 23:26:35,107 - => Stage 3 Debug (clean): suspicious=10025/46693, correction_applied=10007, prediction_changed=10007, skipped_tied_vote=0, skipped_low_margin=0, skipped_other=18
2026-04-20 23:26:35,107 - => Stage 3 Debug (poison-valid): suspicious=12414/37064, correction_applied=12404, prediction_changed=12404, skipped_tied_vote=0, skipped_low_margin=0, skipped_other=10
2026-04-20 23:26:35,107 - => Stage 3 Debug (attack-success): suspicious=511/786, correction_applied=511, prediction_changed=511, corrected_to_true=261
2026-04-20 23:26:35,108 - => Stage 2 checkpoint score: mean(clean_acc=0.7730, recall=0.6501, correction_rate=0.3321) = 0.5851
2026-04-20 23:26:35,199 - => End Epoch: 23, early stop epochs: 22, best epoch: 1, best clean acc: 0.7673, best Top-4: 0.9965, best ASR: 0.2678, best RAC: 0.6693, anchor loss: 0.0830, best checkpoint score: 0.6513
2026-04-20 23:26:35,199 - => Stage 3 Detection Summary: recall: 0.6904, precision: 0.2858, f1: 0.4042, false positive rate: 0.2121, correction rate: 0.4961
2026-04-20 23:26:35,267 - => LFBA current anchor-derived target label: 3
2026-04-20 23:26:35,385 - =>Add Trigger to Train Data
2026-04-20 23:26:35,964 - Add Trigger to 6996 Bad Samples, 62970 Clean Samples (0.10)
2026-04-20 23:26:35,969 - => Start Training for Injecting Backdoor...
2026-04-20 23:26:36,018 - Epoch: 24, 1/274: VFL loss: 0.0001, total loss: 0.0273, anchor loss: 0.0544, VFL train accuracy: 1.0000
2026-04-20 23:26:36,647 - Epoch: 24, 11/274: VFL loss: 0.0004, total loss: 0.0266, anchor loss: 0.0528, VFL train accuracy: 1.0000
2026-04-20 23:26:37,037 - Epoch: 24, 21/274: VFL loss: 0.0004, total loss: 0.0267, anchor loss: 0.0529, VFL train accuracy: 1.0000
2026-04-20 23:26:37,454 - Epoch: 24, 31/274: VFL loss: 0.0005, total loss: 0.0266, anchor loss: 0.0527, VFL train accuracy: 1.0000
2026-04-20 23:26:37,861 - Epoch: 24, 41/274: VFL loss: 0.0006, total loss: 0.0267, anchor loss: 0.0529, VFL train accuracy: 1.0000
2026-04-20 23:26:38,273 - Epoch: 24, 51/274: VFL loss: 0.0005, total loss: 0.0266, anchor loss: 0.0527, VFL train accuracy: 1.0000
2026-04-20 23:26:38,663 - Epoch: 24, 61/274: VFL loss: 0.0006, total loss: 0.0265, anchor loss: 0.0524, VFL train accuracy: 1.0000
2026-04-20 23:26:39,037 - Epoch: 24, 71/274: VFL loss: 0.0006, total loss: 0.0267, anchor loss: 0.0527, VFL train accuracy: 1.0000
2026-04-20 23:26:39,420 - Epoch: 24, 81/274: VFL loss: 0.0006, total loss: 0.0266, anchor loss: 0.0527, VFL train accuracy: 1.0000
2026-04-20 23:26:39,787 - Epoch: 24, 91/274: VFL loss: 0.0006, total loss: 0.0266, anchor loss: 0.0527, VFL train accuracy: 1.0000
2026-04-20 23:26:40,168 - Epoch: 24, 101/274: VFL loss: 0.0006, total loss: 0.0266, anchor loss: 0.0526, VFL train accuracy: 1.0000
2026-04-20 23:26:40,593 - Epoch: 24, 111/274: VFL loss: 0.0006, total loss: 0.0265, anchor loss: 0.0525, VFL train accuracy: 1.0000
2026-04-20 23:26:40,998 - Epoch: 24, 121/274: VFL loss: 0.0006, total loss: 0.0265, anchor loss: 0.0525, VFL train accuracy: 1.0000
2026-04-20 23:26:41,412 - Epoch: 24, 131/274: VFL loss: 0.0006, total loss: 0.0266, anchor loss: 0.0525, VFL train accuracy: 1.0000
2026-04-20 23:26:41,848 - Epoch: 24, 141/274: VFL loss: 0.0006, total loss: 0.0266, anchor loss: 0.0525, VFL train accuracy: 1.0000
2026-04-20 23:26:42,245 - Epoch: 24, 151/274: VFL loss: 0.0006, total loss: 0.0266, anchor loss: 0.0526, VFL train accuracy: 1.0000
2026-04-20 23:26:42,630 - Epoch: 24, 161/274: VFL loss: 0.0006, total loss: 0.0267, anchor loss: 0.0527, VFL train accuracy: 1.0000
2026-04-20 23:26:43,034 - Epoch: 24, 171/274: VFL loss: 0.0007, total loss: 0.0267, anchor loss: 0.0527, VFL train accuracy: 1.0000
2026-04-20 23:26:43,503 - Epoch: 24, 181/274: VFL loss: 0.0007, total loss: 0.0267, anchor loss: 0.0528, VFL train accuracy: 1.0000
2026-04-20 23:26:43,937 - Epoch: 24, 191/274: VFL loss: 0.0006, total loss: 0.0267, anchor loss: 0.0528, VFL train accuracy: 1.0000
2026-04-20 23:26:44,329 - Epoch: 24, 201/274: VFL loss: 0.0006, total loss: 0.0267, anchor loss: 0.0527, VFL train accuracy: 1.0000
2026-04-20 23:26:44,696 - Epoch: 24, 211/274: VFL loss: 0.0006, total loss: 0.0267, anchor loss: 0.0528, VFL train accuracy: 1.0000
2026-04-20 23:26:45,137 - Epoch: 24, 221/274: VFL loss: 0.0006, total loss: 0.0267, anchor loss: 0.0528, VFL train accuracy: 1.0000
2026-04-20 23:26:45,509 - Epoch: 24, 231/274: VFL loss: 0.0006, total loss: 0.0267, anchor loss: 0.0528, VFL train accuracy: 1.0000
2026-04-20 23:26:45,885 - Epoch: 24, 241/274: VFL loss: 0.0006, total loss: 0.0267, anchor loss: 0.0528, VFL train accuracy: 1.0000
2026-04-20 23:26:46,270 - Epoch: 24, 251/274: VFL loss: 0.0006, total loss: 0.0268, anchor loss: 0.0529, VFL train accuracy: 1.0000
2026-04-20 23:26:46,654 - Epoch: 24, 261/274: VFL loss: 0.0006, total loss: 0.0268, anchor loss: 0.0529, VFL train accuracy: 1.0000
2026-04-20 23:26:47,041 - Epoch: 24, 271/274: VFL loss: 0.0006, total loss: 0.0267, anchor loss: 0.0529, VFL train accuracy: 1.0000
2026-04-20 23:26:47,166 - => Recorded Stage 2 client anchor losses for epoch 24 to 'results/AVGuard/stage3_gamma_sensitivity_3clients_noema_bounded_q/NUSWIDE_3clients_noema_bounded_q_gamma_1.0\stage2_final_epoch_client_anchor_losses.json': {0: 0.022559, 1: 0.062421, 2: 0.073654}
2026-04-20 23:26:47,170 - => Stage 2 EMA anchor update skipped at epoch 24 because momentum=1.0000 disables EMA; eligible classes per client {0: 5, 1: 5, 2: 5}
2026-04-20 23:26:47,170 - => Stage 2 Epoch 24 Training Summary: VFL loss: 0.0006, total loss: 0.0268, anchor loss: 0.0529, VFL train accuracy: 1.0000
2026-04-20 23:26:47,171 - => Test ASR...
2026-04-20 23:26:47,560 - =>Add Trigger to Test Data
2026-04-20 23:26:52,427 - Add Trigger to 37064 Bad Samples, 9629 Clean Samples (1.00)
2026-04-20 23:27:05,702 - => Test Epoch: 24, main task samples: 46693, attack samples: 46693, test loss: 1.0666, clean acc: 0.7736, Top-4: 0.9955, ASR: 0.0647, RAC: 0.6874, test target accuracy: 0.8864, stage3 final accuracy: 0.7736, stage3 final target accuracy: 0.7520, stage3 final asr: 0.0647, anchor loss: 0.0797
2026-04-20 23:27:05,703 - => Stage 3 Detection Summary: recall: 0.6589, precision: 0.0239, f1: 0.0461, false positive rate: 0.2134, correction rate: 0.3387
2026-04-20 23:27:05,703 - => Stage 3 Debug (clean): suspicious=9964/46693, correction_applied=9939, prediction_changed=9939, skipped_tied_vote=0, skipped_low_margin=0, skipped_other=25
2026-04-20 23:27:05,703 - => Stage 3 Debug (poison-valid): suspicious=12411/37064, correction_applied=12394, prediction_changed=12394, skipped_tied_vote=0, skipped_low_margin=0, skipped_other=17
2026-04-20 23:27:05,703 - => Stage 3 Debug (attack-success): suspicious=535/812, correction_applied=535, prediction_changed=535, corrected_to_true=275
2026-04-20 23:27:05,704 - => Stage 2 checkpoint score: mean(clean_acc=0.7736, recall=0.6589, correction_rate=0.3387) = 0.5904
2026-04-20 23:27:05,741 - => End Epoch: 24, early stop epochs: 23, best epoch: 1, best clean acc: 0.7673, best Top-4: 0.9965, best ASR: 0.2678, best RAC: 0.6693, anchor loss: 0.0830, best checkpoint score: 0.6513
2026-04-20 23:27:05,741 - => Stage 3 Detection Summary: recall: 0.6904, precision: 0.2858, f1: 0.4042, false positive rate: 0.2121, correction rate: 0.4961
2026-04-20 23:27:05,774 - => LFBA current anchor-derived target label: 3
2026-04-20 23:27:06,061 - =>Add Trigger to Train Data
2026-04-20 23:27:07,377 - Add Trigger to 6996 Bad Samples, 62970 Clean Samples (0.10)
2026-04-20 23:27:07,382 - => Start Training for Injecting Backdoor...
2026-04-20 23:27:07,533 - Epoch: 25, 1/274: VFL loss: 0.0002, total loss: 0.0266, anchor loss: 0.0531, VFL train accuracy: 1.0000
2026-04-20 23:27:07,972 - Epoch: 25, 11/274: VFL loss: 0.0004, total loss: 0.0270, anchor loss: 0.0536, VFL train accuracy: 1.0000
2026-04-20 23:27:08,212 - Epoch: 25, 21/274: VFL loss: 0.0005, total loss: 0.0263, anchor loss: 0.0522, VFL train accuracy: 1.0000
2026-04-20 23:27:08,437 - Epoch: 25, 31/274: VFL loss: 0.0005, total loss: 0.0266, anchor loss: 0.0528, VFL train accuracy: 1.0000
2026-04-20 23:27:08,685 - Epoch: 25, 41/274: VFL loss: 0.0004, total loss: 0.0267, anchor loss: 0.0531, VFL train accuracy: 1.0000
2026-04-20 23:27:08,949 - Epoch: 25, 51/274: VFL loss: 0.0004, total loss: 0.0266, anchor loss: 0.0528, VFL train accuracy: 1.0000
2026-04-20 23:27:09,213 - Epoch: 25, 61/274: VFL loss: 0.0004, total loss: 0.0264, anchor loss: 0.0525, VFL train accuracy: 1.0000
2026-04-20 23:27:09,468 - Epoch: 25, 71/274: VFL loss: 0.0004, total loss: 0.0265, anchor loss: 0.0525, VFL train accuracy: 1.0000
2026-04-20 23:27:09,740 - Epoch: 25, 81/274: VFL loss: 0.0004, total loss: 0.0263, anchor loss: 0.0521, VFL train accuracy: 1.0000
2026-04-20 23:27:10,015 - Epoch: 25, 91/274: VFL loss: 0.0004, total loss: 0.0263, anchor loss: 0.0522, VFL train accuracy: 1.0000
2026-04-20 23:27:10,282 - Epoch: 25, 101/274: VFL loss: 0.0005, total loss: 0.0263, anchor loss: 0.0522, VFL train accuracy: 1.0000
2026-04-20 23:27:10,532 - Epoch: 25, 111/274: VFL loss: 0.0004, total loss: 0.0264, anchor loss: 0.0523, VFL train accuracy: 1.0000
2026-04-20 23:27:10,817 - Epoch: 25, 121/274: VFL loss: 0.0005, total loss: 0.0264, anchor loss: 0.0523, VFL train accuracy: 1.0000
2026-04-20 23:27:11,053 - Epoch: 25, 131/274: VFL loss: 0.0005, total loss: 0.0264, anchor loss: 0.0524, VFL train accuracy: 1.0000
2026-04-20 23:27:11,283 - Epoch: 25, 141/274: VFL loss: 0.0005, total loss: 0.0265, anchor loss: 0.0524, VFL train accuracy: 1.0000
2026-04-20 23:27:11,509 - Epoch: 25, 151/274: VFL loss: 0.0006, total loss: 0.0265, anchor loss: 0.0524, VFL train accuracy: 0.9999
2026-04-20 23:27:11,745 - Epoch: 25, 161/274: VFL loss: 0.0006, total loss: 0.0265, anchor loss: 0.0524, VFL train accuracy: 1.0000
2026-04-20 23:27:12,387 - Epoch: 25, 171/274: VFL loss: 0.0006, total loss: 0.0265, anchor loss: 0.0524, VFL train accuracy: 1.0000
2026-04-20 23:27:12,601 - Epoch: 25, 181/274: VFL loss: 0.0006, total loss: 0.0265, anchor loss: 0.0524, VFL train accuracy: 1.0000
2026-04-20 23:27:12,826 - Epoch: 25, 191/274: VFL loss: 0.0006, total loss: 0.0265, anchor loss: 0.0524, VFL train accuracy: 1.0000
2026-04-20 23:27:13,043 - Epoch: 25, 201/274: VFL loss: 0.0006, total loss: 0.0265, anchor loss: 0.0524, VFL train accuracy: 1.0000
2026-04-20 23:27:13,275 - Epoch: 25, 211/274: VFL loss: 0.0006, total loss: 0.0264, anchor loss: 0.0523, VFL train accuracy: 1.0000
2026-04-20 23:27:13,489 - Epoch: 25, 221/274: VFL loss: 0.0006, total loss: 0.0264, anchor loss: 0.0523, VFL train accuracy: 1.0000
2026-04-20 23:27:13,729 - Epoch: 25, 231/274: VFL loss: 0.0006, total loss: 0.0264, anchor loss: 0.0523, VFL train accuracy: 1.0000
2026-04-20 23:27:13,952 - Epoch: 25, 241/274: VFL loss: 0.0006, total loss: 0.0264, anchor loss: 0.0523, VFL train accuracy: 1.0000
2026-04-20 23:27:14,166 - Epoch: 25, 251/274: VFL loss: 0.0006, total loss: 0.0265, anchor loss: 0.0523, VFL train accuracy: 1.0000
2026-04-20 23:27:14,393 - Epoch: 25, 261/274: VFL loss: 0.0006, total loss: 0.0265, anchor loss: 0.0524, VFL train accuracy: 1.0000
2026-04-20 23:27:14,650 - Epoch: 25, 271/274: VFL loss: 0.0006, total loss: 0.0265, anchor loss: 0.0523, VFL train accuracy: 1.0000
2026-04-20 23:27:14,726 - => Recorded Stage 2 client anchor losses for epoch 25 to 'results/AVGuard/stage3_gamma_sensitivity_3clients_noema_bounded_q/NUSWIDE_3clients_noema_bounded_q_gamma_1.0\stage2_final_epoch_client_anchor_losses.json': {0: 0.022114, 1: 0.061912, 2: 0.07302}
2026-04-20 23:27:14,728 - => Stage 2 EMA anchor update skipped at epoch 25 because momentum=1.0000 disables EMA; eligible classes per client {0: 5, 1: 5, 2: 5}
2026-04-20 23:27:14,728 - => Stage 2 Epoch 25 Training Summary: VFL loss: 0.0006, total loss: 0.0265, anchor loss: 0.0523, VFL train accuracy: 1.0000
2026-04-20 23:27:14,728 - => Test ASR...
2026-04-20 23:27:14,966 - =>Add Trigger to Test Data
2026-04-20 23:27:17,472 - Add Trigger to 37064 Bad Samples, 9629 Clean Samples (1.00)
2026-04-20 23:27:26,371 - => Test Epoch: 25, main task samples: 46693, attack samples: 46693, test loss: 1.0813, clean acc: 0.7744, Top-4: 0.9954, ASR: 0.0625, RAC: 0.6893, test target accuracy: 0.8861, stage3 final accuracy: 0.7744, stage3 final target accuracy: 0.7521, stage3 final asr: 0.0625, anchor loss: 0.0794
2026-04-20 23:27:26,371 - => Stage 3 Detection Summary: recall: 0.6552, precision: 0.0232, f1: 0.0448, false positive rate: 0.2131, correction rate: 0.3321
2026-04-20 23:27:26,371 - => Stage 3 Debug (clean): suspicious=9948/46693, correction_applied=9924, prediction_changed=9924, skipped_tied_vote=0, skipped_low_margin=0, skipped_other=24
2026-04-20 23:27:26,371 - => Stage 3 Debug (poison-valid): suspicious=12276/37064, correction_applied=12268, prediction_changed=12268, skipped_tied_vote=0, skipped_low_margin=0, skipped_other=8
2026-04-20 23:27:26,371 - => Stage 3 Debug (attack-success): suspicious=515/786, correction_applied=515, prediction_changed=515, corrected_to_true=261
2026-04-20 23:27:26,372 - => Stage 2 checkpoint score: mean(clean_acc=0.7744, recall=0.6552, correction_rate=0.3321) = 0.5872
2026-04-20 23:27:26,427 - => End Epoch: 25, early stop epochs: 24, best epoch: 1, best clean acc: 0.7673, best Top-4: 0.9965, best ASR: 0.2678, best RAC: 0.6693, anchor loss: 0.0830, best checkpoint score: 0.6513
2026-04-20 23:27:26,427 - => Stage 3 Detection Summary: recall: 0.6904, precision: 0.2858, f1: 0.4042, false positive rate: 0.2121, correction rate: 0.4961
2026-04-20 23:27:26,475 - => LFBA current anchor-derived target label: 3
2026-04-20 23:27:26,559 - =>Add Trigger to Train Data
2026-04-20 23:27:26,860 - Add Trigger to 6996 Bad Samples, 62970 Clean Samples (0.10)
2026-04-20 23:27:26,864 - => Start Training for Injecting Backdoor...
2026-04-20 23:27:26,892 - Epoch: 26, 1/274: VFL loss: 0.0002, total loss: 0.0258, anchor loss: 0.0515, VFL train accuracy: 1.0000
2026-04-20 23:27:27,329 - Epoch: 26, 11/274: VFL loss: 0.0004, total loss: 0.0262, anchor loss: 0.0521, VFL train accuracy: 1.0000
2026-04-20 23:27:27,588 - Epoch: 26, 21/274: VFL loss: 0.0004, total loss: 0.0265, anchor loss: 0.0526, VFL train accuracy: 1.0000
2026-04-20 23:27:27,847 - Epoch: 26, 31/274: VFL loss: 0.0004, total loss: 0.0266, anchor loss: 0.0528, VFL train accuracy: 1.0000
2026-04-20 23:27:28,077 - Epoch: 26, 41/274: VFL loss: 0.0005, total loss: 0.0264, anchor loss: 0.0523, VFL train accuracy: 1.0000
2026-04-20 23:27:28,287 - Epoch: 26, 51/274: VFL loss: 0.0004, total loss: 0.0264, anchor loss: 0.0524, VFL train accuracy: 1.0000
2026-04-20 23:27:28,485 - Epoch: 26, 61/274: VFL loss: 0.0005, total loss: 0.0265, anchor loss: 0.0525, VFL train accuracy: 1.0000
2026-04-20 23:27:28,689 - Epoch: 26, 71/274: VFL loss: 0.0005, total loss: 0.0264, anchor loss: 0.0523, VFL train accuracy: 1.0000
2026-04-20 23:27:28,889 - Epoch: 26, 81/274: VFL loss: 0.0004, total loss: 0.0262, anchor loss: 0.0520, VFL train accuracy: 1.0000
2026-04-20 23:27:29,118 - Epoch: 26, 91/274: VFL loss: 0.0004, total loss: 0.0262, anchor loss: 0.0520, VFL train accuracy: 1.0000
2026-04-20 23:27:29,313 - Epoch: 26, 101/274: VFL loss: 0.0005, total loss: 0.0262, anchor loss: 0.0520, VFL train accuracy: 1.0000
2026-04-20 23:27:29,516 - Epoch: 26, 111/274: VFL loss: 0.0005, total loss: 0.0262, anchor loss: 0.0519, VFL train accuracy: 1.0000
2026-04-20 23:27:29,717 - Epoch: 26, 121/274: VFL loss: 0.0005, total loss: 0.0262, anchor loss: 0.0519, VFL train accuracy: 1.0000
2026-04-20 23:27:29,924 - Epoch: 26, 131/274: VFL loss: 0.0004, total loss: 0.0262, anchor loss: 0.0519, VFL train accuracy: 1.0000
2026-04-20 23:27:30,139 - Epoch: 26, 141/274: VFL loss: 0.0004, total loss: 0.0262, anchor loss: 0.0519, VFL train accuracy: 1.0000
2026-04-20 23:27:30,363 - Epoch: 26, 151/274: VFL loss: 0.0004, total loss: 0.0261, anchor loss: 0.0518, VFL train accuracy: 1.0000
2026-04-20 23:27:30,571 - Epoch: 26, 161/274: VFL loss: 0.0004, total loss: 0.0262, anchor loss: 0.0519, VFL train accuracy: 1.0000
2026-04-20 23:27:30,770 - Epoch: 26, 171/274: VFL loss: 0.0004, total loss: 0.0262, anchor loss: 0.0520, VFL train accuracy: 1.0000
2026-04-20 23:27:30,975 - Epoch: 26, 181/274: VFL loss: 0.0004, total loss: 0.0262, anchor loss: 0.0520, VFL train accuracy: 1.0000
2026-04-20 23:27:31,181 - Epoch: 26, 191/274: VFL loss: 0.0004, total loss: 0.0262, anchor loss: 0.0520, VFL train accuracy: 1.0000
2026-04-20 23:27:31,380 - Epoch: 26, 201/274: VFL loss: 0.0004, total loss: 0.0262, anchor loss: 0.0519, VFL train accuracy: 1.0000
2026-04-20 23:27:31,591 - Epoch: 26, 211/274: VFL loss: 0.0004, total loss: 0.0263, anchor loss: 0.0521, VFL train accuracy: 1.0000
2026-04-20 23:27:31,813 - Epoch: 26, 221/274: VFL loss: 0.0004, total loss: 0.0262, anchor loss: 0.0520, VFL train accuracy: 1.0000
2026-04-20 23:27:32,034 - Epoch: 26, 231/274: VFL loss: 0.0004, total loss: 0.0262, anchor loss: 0.0520, VFL train accuracy: 1.0000
2026-04-20 23:27:32,253 - Epoch: 26, 241/274: VFL loss: 0.0004, total loss: 0.0262, anchor loss: 0.0520, VFL train accuracy: 1.0000
2026-04-20 23:27:32,464 - Epoch: 26, 251/274: VFL loss: 0.0004, total loss: 0.0262, anchor loss: 0.0520, VFL train accuracy: 1.0000
2026-04-20 23:27:32,677 - Epoch: 26, 261/274: VFL loss: 0.0004, total loss: 0.0262, anchor loss: 0.0519, VFL train accuracy: 1.0000
2026-04-20 23:27:32,877 - Epoch: 26, 271/274: VFL loss: 0.0004, total loss: 0.0262, anchor loss: 0.0519, VFL train accuracy: 1.0000
2026-04-20 23:27:32,944 - => Recorded Stage 2 client anchor losses for epoch 26 to 'results/AVGuard/stage3_gamma_sensitivity_3clients_noema_bounded_q/NUSWIDE_3clients_noema_bounded_q_gamma_1.0\stage2_final_epoch_client_anchor_losses.json': {0: 0.021694, 1: 0.061401, 2: 0.07254}
2026-04-20 23:27:32,945 - => Stage 2 EMA anchor update skipped at epoch 26 because momentum=1.0000 disables EMA; eligible classes per client {0: 5, 1: 5, 2: 5}
2026-04-20 23:27:32,945 - => Stage 2 Epoch 26 Training Summary: VFL loss: 0.0004, total loss: 0.0261, anchor loss: 0.0519, VFL train accuracy: 1.0000
2026-04-20 23:27:32,946 - => Test ASR...
2026-04-20 23:27:33,068 - =>Add Trigger to Test Data
2026-04-20 23:27:35,648 - Add Trigger to 37064 Bad Samples, 9629 Clean Samples (1.00)
2026-04-20 23:27:44,546 - => Test Epoch: 26, main task samples: 46693, attack samples: 46693, test loss: 1.0981, clean acc: 0.7749, Top-4: 0.9954, ASR: 0.0642, RAC: 0.6899, test target accuracy: 0.8863, stage3 final accuracy: 0.7749, stage3 final target accuracy: 0.7523, stage3 final asr: 0.0642, anchor loss: 0.0792
2026-04-20 23:27:44,547 - => Stage 3 Detection Summary: recall: 0.6540, precision: 0.0232, f1: 0.0449, false positive rate: 0.2120, correction rate: 0.3384
2026-04-20 23:27:44,547 - => Stage 3 Debug (clean): suspicious=9901/46693, correction_applied=9876, prediction_changed=9876, skipped_tied_vote=0, skipped_low_margin=0, skipped_other=25
2026-04-20 23:27:44,547 - => Stage 3 Debug (poison-valid): suspicious=12306/37064, correction_applied=12293, prediction_changed=12293, skipped_tied_vote=0, skipped_low_margin=0, skipped_other=13
2026-04-20 23:27:44,547 - => Stage 3 Debug (attack-success): suspicious=516/789, correction_applied=516, prediction_changed=516, corrected_to_true=267
2026-04-20 23:27:44,547 - => Stage 2 checkpoint score: mean(clean_acc=0.7749, recall=0.6540, correction_rate=0.3384) = 0.5891
2026-04-20 23:27:44,584 - => End Epoch: 26, early stop epochs: 25, best epoch: 1, best clean acc: 0.7673, best Top-4: 0.9965, best ASR: 0.2678, best RAC: 0.6693, anchor loss: 0.0830, best checkpoint score: 0.6513
2026-04-20 23:27:44,584 - => Stage 3 Detection Summary: recall: 0.6904, precision: 0.2858, f1: 0.4042, false positive rate: 0.2121, correction rate: 0.4961
2026-04-20 23:27:44,612 - => LFBA current anchor-derived target label: 3
2026-04-20 23:27:44,819 - =>Add Trigger to Train Data
2026-04-20 23:27:45,175 - Add Trigger to 6996 Bad Samples, 62970 Clean Samples (0.10)
2026-04-20 23:27:45,179 - => Start Training for Injecting Backdoor...
2026-04-20 23:27:45,211 - Epoch: 27, 1/274: VFL loss: 0.0006, total loss: 0.0290, anchor loss: 0.0573, VFL train accuracy: 1.0000
2026-04-20 23:27:45,648 - Epoch: 27, 11/274: VFL loss: 0.0004, total loss: 0.0271, anchor loss: 0.0538, VFL train accuracy: 1.0000
2026-04-20 23:27:45,894 - Epoch: 27, 21/274: VFL loss: 0.0004, total loss: 0.0264, anchor loss: 0.0524, VFL train accuracy: 1.0000
2026-04-20 23:27:46,122 - Epoch: 27, 31/274: VFL loss: 0.0004, total loss: 0.0264, anchor loss: 0.0524, VFL train accuracy: 1.0000
2026-04-20 23:27:46,360 - Epoch: 27, 41/274: VFL loss: 0.0003, total loss: 0.0262, anchor loss: 0.0521, VFL train accuracy: 1.0000
2026-04-20 23:27:46,584 - Epoch: 27, 51/274: VFL loss: 0.0003, total loss: 0.0260, anchor loss: 0.0516, VFL train accuracy: 1.0000
2026-04-20 23:27:46,811 - Epoch: 27, 61/274: VFL loss: 0.0003, total loss: 0.0260, anchor loss: 0.0516, VFL train accuracy: 1.0000
2026-04-20 23:27:47,017 - Epoch: 27, 71/274: VFL loss: 0.0003, total loss: 0.0260, anchor loss: 0.0516, VFL train accuracy: 1.0000
2026-04-20 23:27:47,236 - Epoch: 27, 81/274: VFL loss: 0.0003, total loss: 0.0259, anchor loss: 0.0515, VFL train accuracy: 1.0000
2026-04-20 23:27:47,447 - Epoch: 27, 91/274: VFL loss: 0.0003, total loss: 0.0259, anchor loss: 0.0515, VFL train accuracy: 1.0000
2026-04-20 23:27:47,653 - Epoch: 27, 101/274: VFL loss: 0.0003, total loss: 0.0259, anchor loss: 0.0514, VFL train accuracy: 1.0000
2026-04-20 23:27:47,864 - Epoch: 27, 111/274: VFL loss: 0.0003, total loss: 0.0259, anchor loss: 0.0515, VFL train accuracy: 1.0000
2026-04-20 23:27:48,076 - Epoch: 27, 121/274: VFL loss: 0.0003, total loss: 0.0260, anchor loss: 0.0516, VFL train accuracy: 1.0000
2026-04-20 23:27:48,289 - Epoch: 27, 131/274: VFL loss: 0.0004, total loss: 0.0259, anchor loss: 0.0514, VFL train accuracy: 1.0000
2026-04-20 23:27:48,501 - Epoch: 27, 141/274: VFL loss: 0.0004, total loss: 0.0259, anchor loss: 0.0515, VFL train accuracy: 1.0000
2026-04-20 23:27:48,728 - Epoch: 27, 151/274: VFL loss: 0.0004, total loss: 0.0259, anchor loss: 0.0514, VFL train accuracy: 1.0000
2026-04-20 23:27:48,944 - Epoch: 27, 161/274: VFL loss: 0.0004, total loss: 0.0259, anchor loss: 0.0514, VFL train accuracy: 1.0000
2026-04-20 23:27:49,163 - Epoch: 27, 171/274: VFL loss: 0.0004, total loss: 0.0259, anchor loss: 0.0515, VFL train accuracy: 1.0000
2026-04-20 23:27:49,407 - Epoch: 27, 181/274: VFL loss: 0.0004, total loss: 0.0259, anchor loss: 0.0515, VFL train accuracy: 1.0000
2026-04-20 23:27:49,614 - Epoch: 27, 191/274: VFL loss: 0.0004, total loss: 0.0259, anchor loss: 0.0515, VFL train accuracy: 1.0000
2026-04-20 23:27:49,819 - Epoch: 27, 201/274: VFL loss: 0.0004, total loss: 0.0259, anchor loss: 0.0515, VFL train accuracy: 1.0000
2026-04-20 23:27:50,025 - Epoch: 27, 211/274: VFL loss: 0.0004, total loss: 0.0259, anchor loss: 0.0514, VFL train accuracy: 1.0000
2026-04-20 23:27:50,233 - Epoch: 27, 221/274: VFL loss: 0.0004, total loss: 0.0259, anchor loss: 0.0514, VFL train accuracy: 1.0000
2026-04-20 23:27:50,441 - Epoch: 27, 231/274: VFL loss: 0.0004, total loss: 0.0259, anchor loss: 0.0514, VFL train accuracy: 1.0000
2026-04-20 23:27:50,652 - Epoch: 27, 241/274: VFL loss: 0.0004, total loss: 0.0259, anchor loss: 0.0515, VFL train accuracy: 1.0000
2026-04-20 23:27:50,852 - Epoch: 27, 251/274: VFL loss: 0.0004, total loss: 0.0259, anchor loss: 0.0515, VFL train accuracy: 1.0000
2026-04-20 23:27:51,063 - Epoch: 27, 261/274: VFL loss: 0.0004, total loss: 0.0259, anchor loss: 0.0514, VFL train accuracy: 1.0000
2026-04-20 23:27:51,267 - Epoch: 27, 271/274: VFL loss: 0.0004, total loss: 0.0259, anchor loss: 0.0514, VFL train accuracy: 1.0000
2026-04-20 23:27:51,337 - => Recorded Stage 2 client anchor losses for epoch 27 to 'results/AVGuard/stage3_gamma_sensitivity_3clients_noema_bounded_q/NUSWIDE_3clients_noema_bounded_q_gamma_1.0\stage2_final_epoch_client_anchor_losses.json': {0: 0.021287, 1: 0.060895, 2: 0.072089}
2026-04-20 23:27:51,338 - => Stage 2 EMA anchor update skipped at epoch 27 because momentum=1.0000 disables EMA; eligible classes per client {0: 5, 1: 5, 2: 5}
2026-04-20 23:27:51,338 - => Stage 2 Epoch 27 Training Summary: VFL loss: 0.0004, total loss: 0.0259, anchor loss: 0.0514, VFL train accuracy: 1.0000
2026-04-20 23:27:51,338 - => Test ASR...
2026-04-20 23:27:51,455 - =>Add Trigger to Test Data
2026-04-20 23:27:53,944 - Add Trigger to 37064 Bad Samples, 9629 Clean Samples (1.00)
2026-04-20 23:28:02,109 - => Test Epoch: 27, main task samples: 46693, attack samples: 46693, test loss: 1.1115, clean acc: 0.7767, Top-4: 0.9952, ASR: 0.0628, RAC: 0.6922, test target accuracy: 0.8862, stage3 final accuracy: 0.7767, stage3 final target accuracy: 0.7557, stage3 final asr: 0.0628, anchor loss: 0.0790
2026-04-20 23:28:02,109 - => Stage 3 Detection Summary: recall: 0.6587, precision: 0.0237, f1: 0.0457, false positive rate: 0.2106, correction rate: 0.3287
2026-04-20 23:28:02,109 - => Stage 3 Debug (clean): suspicious=9832/46693, correction_applied=9805, prediction_changed=9805, skipped_tied_vote=0, skipped_low_margin=0, skipped_other=27
2026-04-20 23:28:02,109 - => Stage 3 Debug (poison-valid): suspicious=12196/37064, correction_applied=12186, prediction_changed=12186, skipped_tied_vote=0, skipped_low_margin=0, skipped_other=10
2026-04-20 23:28:02,109 - => Stage 3 Debug (attack-success): suspicious=521/791, correction_applied=521, prediction_changed=521, corrected_to_true=260
2026-04-20 23:28:02,111 - => Stage 2 checkpoint score: mean(clean_acc=0.7767, recall=0.6587, correction_rate=0.3287) = 0.5880
2026-04-20 23:28:02,154 - => End Epoch: 27, early stop epochs: 26, best epoch: 1, best clean acc: 0.7673, best Top-4: 0.9965, best ASR: 0.2678, best RAC: 0.6693, anchor loss: 0.0830, best checkpoint score: 0.6513
2026-04-20 23:28:02,155 - => Stage 3 Detection Summary: recall: 0.6904, precision: 0.2858, f1: 0.4042, false positive rate: 0.2121, correction rate: 0.4961
2026-04-20 23:28:02,179 - => LFBA current anchor-derived target label: 3
2026-04-20 23:28:02,286 - =>Add Trigger to Train Data
2026-04-20 23:28:02,618 - Add Trigger to 6996 Bad Samples, 62970 Clean Samples (0.10)
2026-04-20 23:28:02,619 - => Start Training for Injecting Backdoor...
2026-04-20 23:28:02,653 - Epoch: 28, 1/274: VFL loss: 0.0003, total loss: 0.0277, anchor loss: 0.0552, VFL train accuracy: 1.0000
2026-04-20 23:28:03,120 - Epoch: 28, 11/274: VFL loss: 0.0002, total loss: 0.0259, anchor loss: 0.0516, VFL train accuracy: 1.0000
2026-04-20 23:28:03,347 - Epoch: 28, 21/274: VFL loss: 0.0003, total loss: 0.0256, anchor loss: 0.0510, VFL train accuracy: 1.0000
2026-04-20 23:28:03,567 - Epoch: 28, 31/274: VFL loss: 0.0003, total loss: 0.0259, anchor loss: 0.0515, VFL train accuracy: 1.0000
2026-04-20 23:28:03,784 - Epoch: 28, 41/274: VFL loss: 0.0003, total loss: 0.0259, anchor loss: 0.0516, VFL train accuracy: 1.0000
2026-04-20 23:28:03,997 - Epoch: 28, 51/274: VFL loss: 0.0003, total loss: 0.0258, anchor loss: 0.0513, VFL train accuracy: 1.0000
2026-04-20 23:28:04,199 - Epoch: 28, 61/274: VFL loss: 0.0003, total loss: 0.0257, anchor loss: 0.0512, VFL train accuracy: 1.0000
2026-04-20 23:28:04,401 - Epoch: 28, 71/274: VFL loss: 0.0003, total loss: 0.0257, anchor loss: 0.0512, VFL train accuracy: 1.0000
2026-04-20 23:28:04,612 - Epoch: 28, 81/274: VFL loss: 0.0003, total loss: 0.0256, anchor loss: 0.0510, VFL train accuracy: 1.0000
2026-04-20 23:28:04,806 - Epoch: 28, 91/274: VFL loss: 0.0003, total loss: 0.0255, anchor loss: 0.0508, VFL train accuracy: 1.0000
2026-04-20 23:28:05,002 - Epoch: 28, 101/274: VFL loss: 0.0003, total loss: 0.0255, anchor loss: 0.0508, VFL train accuracy: 1.0000
2026-04-20 23:28:05,202 - Epoch: 28, 111/274: VFL loss: 0.0003, total loss: 0.0256, anchor loss: 0.0509, VFL train accuracy: 1.0000
2026-04-20 23:28:05,422 - Epoch: 28, 121/274: VFL loss: 0.0003, total loss: 0.0256, anchor loss: 0.0508, VFL train accuracy: 1.0000
2026-04-20 23:28:05,628 - Epoch: 28, 131/274: VFL loss: 0.0003, total loss: 0.0256, anchor loss: 0.0509, VFL train accuracy: 1.0000
2026-04-20 23:28:05,822 - Epoch: 28, 141/274: VFL loss: 0.0003, total loss: 0.0256, anchor loss: 0.0509, VFL train accuracy: 1.0000
2026-04-20 23:28:06,165 - Epoch: 28, 151/274: VFL loss: 0.0003, total loss: 0.0256, anchor loss: 0.0510, VFL train accuracy: 1.0000
2026-04-20 23:28:06,379 - Epoch: 28, 161/274: VFL loss: 0.0003, total loss: 0.0256, anchor loss: 0.0509, VFL train accuracy: 1.0000
2026-04-20 23:28:06,579 - Epoch: 28, 171/274: VFL loss: 0.0003, total loss: 0.0256, anchor loss: 0.0508, VFL train accuracy: 1.0000
2026-04-20 23:28:06,782 - Epoch: 28, 181/274: VFL loss: 0.0003, total loss: 0.0256, anchor loss: 0.0509, VFL train accuracy: 1.0000
2026-04-20 23:28:06,983 - Epoch: 28, 191/274: VFL loss: 0.0003, total loss: 0.0256, anchor loss: 0.0508, VFL train accuracy: 1.0000
2026-04-20 23:28:07,192 - Epoch: 28, 201/274: VFL loss: 0.0003, total loss: 0.0256, anchor loss: 0.0508, VFL train accuracy: 1.0000
2026-04-20 23:28:07,403 - Epoch: 28, 211/274: VFL loss: 0.0003, total loss: 0.0256, anchor loss: 0.0508, VFL train accuracy: 1.0000
2026-04-20 23:28:07,606 - Epoch: 28, 221/274: VFL loss: 0.0003, total loss: 0.0255, anchor loss: 0.0508, VFL train accuracy: 1.0000
2026-04-20 23:28:07,812 - Epoch: 28, 231/274: VFL loss: 0.0003, total loss: 0.0255, anchor loss: 0.0507, VFL train accuracy: 1.0000
2026-04-20 23:28:08,053 - Epoch: 28, 241/274: VFL loss: 0.0003, total loss: 0.0256, anchor loss: 0.0508, VFL train accuracy: 1.0000
2026-04-20 23:28:08,243 - Epoch: 28, 251/274: VFL loss: 0.0003, total loss: 0.0256, anchor loss: 0.0508, VFL train accuracy: 1.0000
2026-04-20 23:28:08,431 - Epoch: 28, 261/274: VFL loss: 0.0003, total loss: 0.0256, anchor loss: 0.0509, VFL train accuracy: 1.0000
2026-04-20 23:28:08,623 - Epoch: 28, 271/274: VFL loss: 0.0003, total loss: 0.0256, anchor loss: 0.0509, VFL train accuracy: 1.0000
2026-04-20 23:28:08,698 - => Recorded Stage 2 client anchor losses for epoch 28 to 'results/AVGuard/stage3_gamma_sensitivity_3clients_noema_bounded_q/NUSWIDE_3clients_noema_bounded_q_gamma_1.0\stage2_final_epoch_client_anchor_losses.json': {0: 0.020899, 1: 0.060396, 2: 0.071447}
2026-04-20 23:28:08,701 - => Stage 2 EMA anchor update skipped at epoch 28 because momentum=1.0000 disables EMA; eligible classes per client {0: 5, 1: 5, 2: 5}
2026-04-20 23:28:08,701 - => Stage 2 Epoch 28 Training Summary: VFL loss: 0.0003, total loss: 0.0256, anchor loss: 0.0509, VFL train accuracy: 1.0000
2026-04-20 23:28:08,701 - => Test ASR...
2026-04-20 23:28:08,826 - =>Add Trigger to Test Data
2026-04-20 23:28:11,569 - Add Trigger to 37064 Bad Samples, 9629 Clean Samples (1.00)
2026-04-20 23:28:20,339 - => Test Epoch: 28, main task samples: 46693, attack samples: 46693, test loss: 1.1295, clean acc: 0.7772, Top-4: 0.9953, ASR: 0.0639, RAC: 0.6941, test target accuracy: 0.8889, stage3 final accuracy: 0.7772, stage3 final target accuracy: 0.7599, stage3 final asr: 0.0639, anchor loss: 0.0789
2026-04-20 23:28:20,339 - => Stage 3 Detection Summary: recall: 0.6509, precision: 0.0239, f1: 0.0461, false positive rate: 0.2097, correction rate: 0.3255
2026-04-20 23:28:20,339 - => Stage 3 Debug (clean): suspicious=9792/46693, correction_applied=9760, prediction_changed=9760, skipped_tied_vote=0, skipped_low_margin=0, skipped_other=32
2026-04-20 23:28:20,339 - => Stage 3 Debug (poison-valid): suspicious=12137/37064, correction_applied=12125, prediction_changed=12125, skipped_tied_vote=0, skipped_low_margin=0, skipped_other=12
2026-04-20 23:28:20,339 - => Stage 3 Debug (attack-success): suspicious=524/805, correction_applied=524, prediction_changed=524, corrected_to_true=262
2026-04-20 23:28:20,339 - => Stage 2 checkpoint score: mean(clean_acc=0.7772, recall=0.6509, correction_rate=0.3255) = 0.5845
2026-04-20 23:28:20,398 - => End Epoch: 28, early stop epochs: 27, best epoch: 1, best clean acc: 0.7673, best Top-4: 0.9965, best ASR: 0.2678, best RAC: 0.6693, anchor loss: 0.0830, best checkpoint score: 0.6513
2026-04-20 23:28:20,398 - => Stage 3 Detection Summary: recall: 0.6904, precision: 0.2858, f1: 0.4042, false positive rate: 0.2121, correction rate: 0.4961
2026-04-20 23:28:20,424 - => LFBA current anchor-derived target label: 3
2026-04-20 23:28:20,581 - =>Add Trigger to Train Data
2026-04-20 23:28:20,929 - Add Trigger to 6996 Bad Samples, 62970 Clean Samples (0.10)
2026-04-20 23:28:20,933 - => Start Training for Injecting Backdoor...
2026-04-20 23:28:20,963 - Epoch: 29, 1/274: VFL loss: 0.0001, total loss: 0.0258, anchor loss: 0.0514, VFL train accuracy: 1.0000
2026-04-20 23:28:21,364 - Epoch: 29, 11/274: VFL loss: 0.0002, total loss: 0.0255, anchor loss: 0.0508, VFL train accuracy: 1.0000
2026-04-20 23:28:21,575 - Epoch: 29, 21/274: VFL loss: 0.0002, total loss: 0.0253, anchor loss: 0.0504, VFL train accuracy: 1.0000
2026-04-20 23:28:21,807 - Epoch: 29, 31/274: VFL loss: 0.0003, total loss: 0.0252, anchor loss: 0.0502, VFL train accuracy: 1.0000
2026-04-20 23:28:22,011 - Epoch: 29, 41/274: VFL loss: 0.0003, total loss: 0.0252, anchor loss: 0.0501, VFL train accuracy: 1.0000
2026-04-20 23:28:22,219 - Epoch: 29, 51/274: VFL loss: 0.0003, total loss: 0.0253, anchor loss: 0.0503, VFL train accuracy: 1.0000
2026-04-20 23:28:22,414 - Epoch: 29, 61/274: VFL loss: 0.0003, total loss: 0.0252, anchor loss: 0.0501, VFL train accuracy: 1.0000
2026-04-20 23:28:22,612 - Epoch: 29, 71/274: VFL loss: 0.0003, total loss: 0.0252, anchor loss: 0.0502, VFL train accuracy: 1.0000
2026-04-20 23:28:22,812 - Epoch: 29, 81/274: VFL loss: 0.0003, total loss: 0.0253, anchor loss: 0.0503, VFL train accuracy: 1.0000
2026-04-20 23:28:23,005 - Epoch: 29, 91/274: VFL loss: 0.0003, total loss: 0.0254, anchor loss: 0.0505, VFL train accuracy: 1.0000
2026-04-20 23:28:23,216 - Epoch: 29, 101/274: VFL loss: 0.0003, total loss: 0.0254, anchor loss: 0.0505, VFL train accuracy: 1.0000
2026-04-20 23:28:23,412 - Epoch: 29, 111/274: VFL loss: 0.0003, total loss: 0.0255, anchor loss: 0.0508, VFL train accuracy: 1.0000
2026-04-20 23:28:23,606 - Epoch: 29, 121/274: VFL loss: 0.0003, total loss: 0.0255, anchor loss: 0.0507, VFL train accuracy: 1.0000
2026-04-20 23:28:23,800 - Epoch: 29, 131/274: VFL loss: 0.0003, total loss: 0.0255, anchor loss: 0.0507, VFL train accuracy: 1.0000
2026-04-20 23:28:24,000 - Epoch: 29, 141/274: VFL loss: 0.0003, total loss: 0.0255, anchor loss: 0.0506, VFL train accuracy: 1.0000
2026-04-20 23:28:24,200 - Epoch: 29, 151/274: VFL loss: 0.0003, total loss: 0.0254, anchor loss: 0.0506, VFL train accuracy: 1.0000
2026-04-20 23:28:24,401 - Epoch: 29, 161/274: VFL loss: 0.0003, total loss: 0.0254, anchor loss: 0.0505, VFL train accuracy: 1.0000
2026-04-20 23:28:24,610 - Epoch: 29, 171/274: VFL loss: 0.0003, total loss: 0.0254, anchor loss: 0.0505, VFL train accuracy: 1.0000
2026-04-20 23:28:24,813 - Epoch: 29, 181/274: VFL loss: 0.0003, total loss: 0.0254, anchor loss: 0.0505, VFL train accuracy: 1.0000
2026-04-20 23:28:25,021 - Epoch: 29, 191/274: VFL loss: 0.0003, total loss: 0.0254, anchor loss: 0.0505, VFL train accuracy: 1.0000
2026-04-20 23:28:25,228 - Epoch: 29, 201/274: VFL loss: 0.0003, total loss: 0.0254, anchor loss: 0.0505, VFL train accuracy: 1.0000
2026-04-20 23:28:25,433 - Epoch: 29, 211/274: VFL loss: 0.0003, total loss: 0.0254, anchor loss: 0.0505, VFL train accuracy: 1.0000
2026-04-20 23:28:25,644 - Epoch: 29, 221/274: VFL loss: 0.0003, total loss: 0.0254, anchor loss: 0.0505, VFL train accuracy: 1.0000
2026-04-20 23:28:25,847 - Epoch: 29, 231/274: VFL loss: 0.0003, total loss: 0.0254, anchor loss: 0.0505, VFL train accuracy: 1.0000
2026-04-20 23:28:26,059 - Epoch: 29, 241/274: VFL loss: 0.0003, total loss: 0.0254, anchor loss: 0.0505, VFL train accuracy: 1.0000
2026-04-20 23:28:26,288 - Epoch: 29, 251/274: VFL loss: 0.0003, total loss: 0.0254, anchor loss: 0.0505, VFL train accuracy: 1.0000
2026-04-20 23:28:26,532 - Epoch: 29, 261/274: VFL loss: 0.0003, total loss: 0.0254, anchor loss: 0.0505, VFL train accuracy: 1.0000
2026-04-20 23:28:26,766 - Epoch: 29, 271/274: VFL loss: 0.0003, total loss: 0.0254, anchor loss: 0.0505, VFL train accuracy: 1.0000
2026-04-20 23:28:26,837 - => Recorded Stage 2 client anchor losses for epoch 29 to 'results/AVGuard/stage3_gamma_sensitivity_3clients_noema_bounded_q/NUSWIDE_3clients_noema_bounded_q_gamma_1.0\stage2_final_epoch_client_anchor_losses.json': {0: 0.020522, 1: 0.059898, 2: 0.071184}
2026-04-20 23:28:26,840 - => Stage 2 EMA anchor update skipped at epoch 29 because momentum=1.0000 disables EMA; eligible classes per client {0: 5, 1: 5, 2: 5}
2026-04-20 23:28:26,840 - => Stage 2 Epoch 29 Training Summary: VFL loss: 0.0003, total loss: 0.0254, anchor loss: 0.0506, VFL train accuracy: 1.0000
2026-04-20 23:28:26,840 - => Test ASR...
2026-04-20 23:28:27,094 - =>Add Trigger to Test Data
2026-04-20 23:28:29,664 - Add Trigger to 37064 Bad Samples, 9629 Clean Samples (1.00)
2026-04-20 23:28:38,035 - => Test Epoch: 29, main task samples: 46693, attack samples: 46693, test loss: 1.1434, clean acc: 0.7783, Top-4: 0.9953, ASR: 0.0638, RAC: 0.6943, test target accuracy: 0.8873, stage3 final accuracy: 0.7783, stage3 final target accuracy: 0.7575, stage3 final asr: 0.0638, anchor loss: 0.0787
2026-04-20 23:28:38,035 - => Stage 3 Detection Summary: recall: 0.6541, precision: 0.0239, f1: 0.0461, false positive rate: 0.2084, correction rate: 0.3271
2026-04-20 23:28:38,035 - => Stage 3 Debug (clean): suspicious=9730/46693, correction_applied=9707, prediction_changed=9707, skipped_tied_vote=0, skipped_low_margin=0, skipped_other=23
2026-04-20 23:28:38,036 - => Stage 3 Debug (poison-valid): suspicious=12096/37064, correction_applied=12078, prediction_changed=12078, skipped_tied_vote=0, skipped_low_margin=0, skipped_other=18
2026-04-20 23:28:38,036 - => Stage 3 Debug (attack-success): suspicious=522/798, correction_applied=522, prediction_changed=522, corrected_to_true=261
2026-04-20 23:28:38,036 - => Stage 2 checkpoint score: mean(clean_acc=0.7783, recall=0.6541, correction_rate=0.3271) = 0.5865
2026-04-20 23:28:38,075 - => End Epoch: 29, early stop epochs: 28, best epoch: 1, best clean acc: 0.7673, best Top-4: 0.9965, best ASR: 0.2678, best RAC: 0.6693, anchor loss: 0.0830, best checkpoint score: 0.6513
2026-04-20 23:28:38,075 - => Stage 3 Detection Summary: recall: 0.6904, precision: 0.2858, f1: 0.4042, false positive rate: 0.2121, correction rate: 0.4961
2026-04-20 23:28:38,100 - => LFBA current anchor-derived target label: 3
2026-04-20 23:28:38,211 - =>Add Trigger to Train Data
2026-04-20 23:28:38,566 - Add Trigger to 6996 Bad Samples, 62970 Clean Samples (0.10)
2026-04-20 23:28:38,571 - => Start Training for Injecting Backdoor...
2026-04-20 23:28:38,603 - Epoch: 30, 1/274: VFL loss: 0.0002, total loss: 0.0272, anchor loss: 0.0541, VFL train accuracy: 1.0000
2026-04-20 23:28:39,012 - Epoch: 30, 11/274: VFL loss: 0.0002, total loss: 0.0259, anchor loss: 0.0516, VFL train accuracy: 1.0000
2026-04-20 23:28:39,233 - Epoch: 30, 21/274: VFL loss: 0.0002, total loss: 0.0257, anchor loss: 0.0512, VFL train accuracy: 1.0000
2026-04-20 23:28:39,442 - Epoch: 30, 31/274: VFL loss: 0.0003, total loss: 0.0255, anchor loss: 0.0508, VFL train accuracy: 1.0000
2026-04-20 23:28:39,687 - Epoch: 30, 41/274: VFL loss: 0.0003, total loss: 0.0254, anchor loss: 0.0505, VFL train accuracy: 1.0000
2026-04-20 23:28:39,912 - Epoch: 30, 51/274: VFL loss: 0.0003, total loss: 0.0254, anchor loss: 0.0505, VFL train accuracy: 1.0000
2026-04-20 23:28:40,140 - Epoch: 30, 61/274: VFL loss: 0.0003, total loss: 0.0255, anchor loss: 0.0506, VFL train accuracy: 1.0000
2026-04-20 23:28:40,358 - Epoch: 30, 71/274: VFL loss: 0.0003, total loss: 0.0255, anchor loss: 0.0507, VFL train accuracy: 1.0000
2026-04-20 23:28:40,587 - Epoch: 30, 81/274: VFL loss: 0.0003, total loss: 0.0254, anchor loss: 0.0505, VFL train accuracy: 1.0000
2026-04-20 23:28:40,824 - Epoch: 30, 91/274: VFL loss: 0.0003, total loss: 0.0253, anchor loss: 0.0504, VFL train accuracy: 1.0000
2026-04-20 23:28:41,073 - Epoch: 30, 101/274: VFL loss: 0.0003, total loss: 0.0253, anchor loss: 0.0503, VFL train accuracy: 1.0000
2026-04-20 23:28:41,301 - Epoch: 30, 111/274: VFL loss: 0.0003, total loss: 0.0253, anchor loss: 0.0503, VFL train accuracy: 1.0000
2026-04-20 23:28:41,519 - Epoch: 30, 121/274: VFL loss: 0.0003, total loss: 0.0253, anchor loss: 0.0504, VFL train accuracy: 1.0000
2026-04-20 23:28:41,739 - Epoch: 30, 131/274: VFL loss: 0.0003, total loss: 0.0253, anchor loss: 0.0504, VFL train accuracy: 1.0000
2026-04-20 23:28:41,969 - Epoch: 30, 141/274: VFL loss: 0.0003, total loss: 0.0254, anchor loss: 0.0505, VFL train accuracy: 1.0000
2026-04-20 23:28:42,197 - Epoch: 30, 151/274: VFL loss: 0.0004, total loss: 0.0254, anchor loss: 0.0505, VFL train accuracy: 1.0000
2026-04-20 23:28:42,421 - Epoch: 30, 161/274: VFL loss: 0.0004, total loss: 0.0254, anchor loss: 0.0504, VFL train accuracy: 1.0000
2026-04-20 23:28:42,650 - Epoch: 30, 171/274: VFL loss: 0.0004, total loss: 0.0254, anchor loss: 0.0503, VFL train accuracy: 1.0000
2026-04-20 23:28:42,865 - Epoch: 30, 181/274: VFL loss: 0.0004, total loss: 0.0254, anchor loss: 0.0503, VFL train accuracy: 1.0000
2026-04-20 23:28:43,088 - Epoch: 30, 191/274: VFL loss: 0.0004, total loss: 0.0253, anchor loss: 0.0503, VFL train accuracy: 1.0000
2026-04-20 23:28:43,314 - Epoch: 30, 201/274: VFL loss: 0.0004, total loss: 0.0253, anchor loss: 0.0503, VFL train accuracy: 1.0000
2026-04-20 23:28:43,526 - Epoch: 30, 211/274: VFL loss: 0.0004, total loss: 0.0253, anchor loss: 0.0502, VFL train accuracy: 1.0000
2026-04-20 23:28:43,759 - Epoch: 30, 221/274: VFL loss: 0.0004, total loss: 0.0253, anchor loss: 0.0502, VFL train accuracy: 1.0000
2026-04-20 23:28:43,979 - Epoch: 30, 231/274: VFL loss: 0.0004, total loss: 0.0253, anchor loss: 0.0501, VFL train accuracy: 1.0000
2026-04-20 23:28:44,193 - Epoch: 30, 241/274: VFL loss: 0.0004, total loss: 0.0252, anchor loss: 0.0501, VFL train accuracy: 1.0000
2026-04-20 23:28:44,409 - Epoch: 30, 251/274: VFL loss: 0.0004, total loss: 0.0253, anchor loss: 0.0501, VFL train accuracy: 1.0000
2026-04-20 23:28:44,623 - Epoch: 30, 261/274: VFL loss: 0.0004, total loss: 0.0252, anchor loss: 0.0501, VFL train accuracy: 1.0000
2026-04-20 23:28:44,858 - Epoch: 30, 271/274: VFL loss: 0.0004, total loss: 0.0252, anchor loss: 0.0501, VFL train accuracy: 1.0000
2026-04-20 23:28:44,929 - => Recorded Stage 2 client anchor losses for epoch 30 to 'results/AVGuard/stage3_gamma_sensitivity_3clients_noema_bounded_q/NUSWIDE_3clients_noema_bounded_q_gamma_1.0\stage2_final_epoch_client_anchor_losses.json': {0: 0.020158, 1: 0.059428, 2: 0.070611}
2026-04-20 23:28:44,932 - => Stage 2 EMA anchor update skipped at epoch 30 because momentum=1.0000 disables EMA; eligible classes per client {0: 5, 1: 5, 2: 5}
2026-04-20 23:28:44,932 - => Stage 2 Epoch 30 Training Summary: VFL loss: 0.0004, total loss: 0.0252, anchor loss: 0.0501, VFL train accuracy: 1.0000
2026-04-20 23:28:44,932 - => Test ASR...
2026-04-20 23:28:45,073 - =>Add Trigger to Test Data
2026-04-20 23:28:47,587 - Add Trigger to 37064 Bad Samples, 9629 Clean Samples (1.00)
2026-04-20 23:28:55,531 - => Test Epoch: 30, main task samples: 46693, attack samples: 46693, test loss: 1.1588, clean acc: 0.7783, Top-4: 0.9952, ASR: 0.0636, RAC: 0.6950, test target accuracy: 0.8875, stage3 final accuracy: 0.7783, stage3 final target accuracy: 0.7562, stage3 final asr: 0.0636, anchor loss: 0.0786
2026-04-20 23:28:55,532 - => Stage 3 Detection Summary: recall: 0.6515, precision: 0.0236, f1: 0.0455, false positive rate: 0.2086, correction rate: 0.3181
2026-04-20 23:28:55,532 - => Stage 3 Debug (clean): suspicious=9739/46693, correction_applied=9718, prediction_changed=9718, skipped_tied_vote=0, skipped_low_margin=0, skipped_other=21
2026-04-20 23:28:55,532 - => Stage 3 Debug (poison-valid): suspicious=12042/37064, correction_applied=12030, prediction_changed=12030, skipped_tied_vote=0, skipped_low_margin=0, skipped_other=12
2026-04-20 23:28:55,532 - => Stage 3 Debug (attack-success): suspicious=514/789, correction_applied=514, prediction_changed=514, corrected_to_true=251
2026-04-20 23:28:55,532 - => Stage 2 checkpoint score: mean(clean_acc=0.7783, recall=0.6515, correction_rate=0.3181) = 0.5826
2026-04-20 23:28:55,569 - => End Epoch: 30, early stop epochs: 29, best epoch: 1, best clean acc: 0.7673, best Top-4: 0.9965, best ASR: 0.2678, best RAC: 0.6693, anchor loss: 0.0830, best checkpoint score: 0.6513
2026-04-20 23:28:55,570 - => Stage 3 Detection Summary: recall: 0.6904, precision: 0.2858, f1: 0.4042, false positive rate: 0.2121, correction rate: 0.4961
2026-04-20 23:28:55,597 - => LFBA current anchor-derived target label: 3
2026-04-20 23:28:55,688 - =>Add Trigger to Train Data
2026-04-20 23:28:55,951 - Add Trigger to 6996 Bad Samples, 62970 Clean Samples (0.10)
2026-04-20 23:28:55,954 - => Start Training for Injecting Backdoor...
2026-04-20 23:28:55,989 - Epoch: 31, 1/274: VFL loss: 0.0005, total loss: 0.0281, anchor loss: 0.0557, VFL train accuracy: 1.0000
2026-04-20 23:28:56,429 - Epoch: 31, 11/274: VFL loss: 0.0002, total loss: 0.0250, anchor loss: 0.0498, VFL train accuracy: 1.0000
2026-04-20 23:28:56,677 - Epoch: 31, 21/274: VFL loss: 0.0002, total loss: 0.0248, anchor loss: 0.0494, VFL train accuracy: 1.0000
2026-04-20 23:28:56,901 - Epoch: 31, 31/274: VFL loss: 0.0003, total loss: 0.0251, anchor loss: 0.0498, VFL train accuracy: 1.0000
2026-04-20 23:28:57,120 - Epoch: 31, 41/274: VFL loss: 0.0003, total loss: 0.0251, anchor loss: 0.0499, VFL train accuracy: 1.0000
2026-04-20 23:28:57,360 - Epoch: 31, 51/274: VFL loss: 0.0003, total loss: 0.0249, anchor loss: 0.0495, VFL train accuracy: 1.0000
2026-04-20 23:28:57,597 - Epoch: 31, 61/274: VFL loss: 0.0003, total loss: 0.0248, anchor loss: 0.0493, VFL train accuracy: 1.0000
2026-04-20 23:28:57,803 - Epoch: 31, 71/274: VFL loss: 0.0003, total loss: 0.0249, anchor loss: 0.0495, VFL train accuracy: 1.0000
2026-04-20 23:28:58,002 - Epoch: 31, 81/274: VFL loss: 0.0003, total loss: 0.0249, anchor loss: 0.0496, VFL train accuracy: 1.0000
2026-04-20 23:28:58,193 - Epoch: 31, 91/274: VFL loss: 0.0003, total loss: 0.0249, anchor loss: 0.0496, VFL train accuracy: 1.0000
2026-04-20 23:28:58,393 - Epoch: 31, 101/274: VFL loss: 0.0003, total loss: 0.0249, anchor loss: 0.0496, VFL train accuracy: 1.0000
2026-04-20 23:28:58,593 - Epoch: 31, 111/274: VFL loss: 0.0003, total loss: 0.0250, anchor loss: 0.0498, VFL train accuracy: 1.0000
2026-04-20 23:28:58,786 - Epoch: 31, 121/274: VFL loss: 0.0003, total loss: 0.0250, anchor loss: 0.0497, VFL train accuracy: 1.0000
2026-04-20 23:28:58,984 - Epoch: 31, 131/274: VFL loss: 0.0003, total loss: 0.0250, anchor loss: 0.0497, VFL train accuracy: 1.0000
2026-04-20 23:28:59,323 - Epoch: 31, 141/274: VFL loss: 0.0003, total loss: 0.0249, anchor loss: 0.0495, VFL train accuracy: 1.0000
2026-04-20 23:28:59,525 - Epoch: 31, 151/274: VFL loss: 0.0003, total loss: 0.0249, anchor loss: 0.0495, VFL train accuracy: 1.0000
2026-04-20 23:28:59,727 - Epoch: 31, 161/274: VFL loss: 0.0003, total loss: 0.0249, anchor loss: 0.0495, VFL train accuracy: 1.0000
2026-04-20 23:28:59,935 - Epoch: 31, 171/274: VFL loss: 0.0003, total loss: 0.0249, anchor loss: 0.0495, VFL train accuracy: 1.0000
2026-04-20 23:29:00,144 - Epoch: 31, 181/274: VFL loss: 0.0003, total loss: 0.0249, anchor loss: 0.0495, VFL train accuracy: 1.0000
2026-04-20 23:29:00,351 - Epoch: 31, 191/274: VFL loss: 0.0003, total loss: 0.0249, anchor loss: 0.0496, VFL train accuracy: 1.0000
2026-04-20 23:29:00,562 - Epoch: 31, 201/274: VFL loss: 0.0003, total loss: 0.0249, anchor loss: 0.0496, VFL train accuracy: 1.0000
2026-04-20 23:29:00,791 - Epoch: 31, 211/274: VFL loss: 0.0003, total loss: 0.0249, anchor loss: 0.0496, VFL train accuracy: 1.0000
2026-04-20 23:29:01,005 - Epoch: 31, 221/274: VFL loss: 0.0003, total loss: 0.0249, anchor loss: 0.0496, VFL train accuracy: 1.0000
2026-04-20 23:29:01,215 - Epoch: 31, 231/274: VFL loss: 0.0003, total loss: 0.0249, anchor loss: 0.0496, VFL train accuracy: 1.0000
2026-04-20 23:29:01,428 - Epoch: 31, 241/274: VFL loss: 0.0003, total loss: 0.0249, anchor loss: 0.0496, VFL train accuracy: 1.0000
2026-04-20 23:29:01,668 - Epoch: 31, 251/274: VFL loss: 0.0003, total loss: 0.0249, anchor loss: 0.0496, VFL train accuracy: 1.0000
2026-04-20 23:29:01,892 - Epoch: 31, 261/274: VFL loss: 0.0003, total loss: 0.0249, anchor loss: 0.0496, VFL train accuracy: 1.0000
2026-04-20 23:29:02,094 - Epoch: 31, 271/274: VFL loss: 0.0003, total loss: 0.0250, anchor loss: 0.0497, VFL train accuracy: 1.0000
2026-04-20 23:29:02,168 - => Recorded Stage 2 client anchor losses for epoch 31 to 'results/AVGuard/stage3_gamma_sensitivity_3clients_noema_bounded_q/NUSWIDE_3clients_noema_bounded_q_gamma_1.0\stage2_final_epoch_client_anchor_losses.json': {0: 0.019808, 1: 0.058903, 2: 0.070309}
2026-04-20 23:29:02,169 - => Stage 2 EMA anchor update skipped at epoch 31 because momentum=1.0000 disables EMA; eligible classes per client {0: 5, 1: 5, 2: 5}
2026-04-20 23:29:02,170 - => Stage 2 Epoch 31 Training Summary: VFL loss: 0.0003, total loss: 0.0250, anchor loss: 0.0497, VFL train accuracy: 1.0000
2026-04-20 23:29:02,170 - => Test ASR...
2026-04-20 23:29:02,288 - =>Add Trigger to Test Data
2026-04-20 23:29:04,425 - Add Trigger to 37064 Bad Samples, 9629 Clean Samples (1.00)
2026-04-20 23:29:12,172 - => Test Epoch: 31, main task samples: 46693, attack samples: 46693, test loss: 1.1757, clean acc: 0.7790, Top-4: 0.9951, ASR: 0.0618, RAC: 0.6965, test target accuracy: 0.8880, stage3 final accuracy: 0.7790, stage3 final target accuracy: 0.7598, stage3 final asr: 0.0618, anchor loss: 0.0785
2026-04-20 23:29:12,172 - => Stage 3 Detection Summary: recall: 0.6522, precision: 0.0241, f1: 0.0466, false positive rate: 0.2082, correction rate: 0.3217
2026-04-20 23:29:12,172 - => Stage 3 Debug (clean): suspicious=9720/46693, correction_applied=9700, prediction_changed=9700, skipped_tied_vote=0, skipped_low_margin=0, skipped_other=20
2026-04-20 23:29:12,172 - => Stage 3 Debug (poison-valid): suspicious=12022/37064, correction_applied=12017, prediction_changed=12017, skipped_tied_vote=0, skipped_low_margin=0, skipped_other=5
2026-04-20 23:29:12,172 - => Stage 3 Debug (attack-success): suspicious=525/805, correction_applied=525, prediction_changed=525, corrected_to_true=259
2026-04-20 23:29:12,172 - => Stage 2 checkpoint score: mean(clean_acc=0.7790, recall=0.6522, correction_rate=0.3217) = 0.5843
2026-04-20 23:29:12,213 - => End Epoch: 31, early stop epochs: 30, best epoch: 1, best clean acc: 0.7673, best Top-4: 0.9965, best ASR: 0.2678, best RAC: 0.6693, anchor loss: 0.0830, best checkpoint score: 0.6513
2026-04-20 23:29:12,213 - => Stage 3 Detection Summary: recall: 0.6904, precision: 0.2858, f1: 0.4042, false positive rate: 0.2121, correction rate: 0.4961
2026-04-20 23:29:12,242 - => LFBA current anchor-derived target label: 3
2026-04-20 23:29:12,325 - =>Add Trigger to Train Data
2026-04-20 23:29:12,567 - Add Trigger to 6996 Bad Samples, 62970 Clean Samples (0.10)
2026-04-20 23:29:12,571 - => Start Training for Injecting Backdoor...
2026-04-20 23:29:12,603 - Epoch: 32, 1/274: VFL loss: 0.0003, total loss: 0.0278, anchor loss: 0.0552, VFL train accuracy: 1.0000
2026-04-20 23:29:13,035 - Epoch: 32, 11/274: VFL loss: 0.0002, total loss: 0.0259, anchor loss: 0.0516, VFL train accuracy: 1.0000
2026-04-20 23:29:13,277 - Epoch: 32, 21/274: VFL loss: 0.0002, total loss: 0.0253, anchor loss: 0.0504, VFL train accuracy: 1.0000
2026-04-20 23:29:13,474 - Epoch: 32, 31/274: VFL loss: 0.0002, total loss: 0.0252, anchor loss: 0.0502, VFL train accuracy: 1.0000
2026-04-20 23:29:13,681 - Epoch: 32, 41/274: VFL loss: 0.0002, total loss: 0.0252, anchor loss: 0.0501, VFL train accuracy: 1.0000
2026-04-20 23:29:13,879 - Epoch: 32, 51/274: VFL loss: 0.0002, total loss: 0.0252, anchor loss: 0.0501, VFL train accuracy: 1.0000
2026-04-20 23:29:14,086 - Epoch: 32, 61/274: VFL loss: 0.0002, total loss: 0.0250, anchor loss: 0.0498, VFL train accuracy: 1.0000
2026-04-20 23:29:14,289 - Epoch: 32, 71/274: VFL loss: 0.0002, total loss: 0.0249, anchor loss: 0.0496, VFL train accuracy: 1.0000
2026-04-20 23:29:14,483 - Epoch: 32, 81/274: VFL loss: 0.0002, total loss: 0.0248, anchor loss: 0.0494, VFL train accuracy: 1.0000
2026-04-20 23:29:14,693 - Epoch: 32, 91/274: VFL loss: 0.0002, total loss: 0.0249, anchor loss: 0.0496, VFL train accuracy: 1.0000
2026-04-20 23:29:14,896 - Epoch: 32, 101/274: VFL loss: 0.0002, total loss: 0.0249, anchor loss: 0.0496, VFL train accuracy: 1.0000
2026-04-20 23:29:15,096 - Epoch: 32, 111/274: VFL loss: 0.0002, total loss: 0.0249, anchor loss: 0.0495, VFL train accuracy: 1.0000
2026-04-20 23:29:15,306 - Epoch: 32, 121/274: VFL loss: 0.0002, total loss: 0.0249, anchor loss: 0.0496, VFL train accuracy: 1.0000
2026-04-20 23:29:15,514 - Epoch: 32, 131/274: VFL loss: 0.0002, total loss: 0.0249, anchor loss: 0.0496, VFL train accuracy: 1.0000
2026-04-20 23:29:15,743 - Epoch: 32, 141/274: VFL loss: 0.0002, total loss: 0.0249, anchor loss: 0.0495, VFL train accuracy: 1.0000
2026-04-20 23:29:15,961 - Epoch: 32, 151/274: VFL loss: 0.0002, total loss: 0.0249, anchor loss: 0.0495, VFL train accuracy: 1.0000
2026-04-20 23:29:16,150 - Epoch: 32, 161/274: VFL loss: 0.0002, total loss: 0.0249, anchor loss: 0.0495, VFL train accuracy: 1.0000
2026-04-20 23:29:16,360 - Epoch: 32, 171/274: VFL loss: 0.0002, total loss: 0.0248, anchor loss: 0.0494, VFL train accuracy: 1.0000
2026-04-20 23:29:16,569 - Epoch: 32, 181/274: VFL loss: 0.0002, total loss: 0.0248, anchor loss: 0.0494, VFL train accuracy: 1.0000
2026-04-20 23:29:16,774 - Epoch: 32, 191/274: VFL loss: 0.0002, total loss: 0.0248, anchor loss: 0.0494, VFL train accuracy: 1.0000
2026-04-20 23:29:16,975 - Epoch: 32, 201/274: VFL loss: 0.0002, total loss: 0.0247, anchor loss: 0.0493, VFL train accuracy: 1.0000
2026-04-20 23:29:17,168 - Epoch: 32, 211/274: VFL loss: 0.0002, total loss: 0.0247, anchor loss: 0.0492, VFL train accuracy: 1.0000
2026-04-20 23:29:17,392 - Epoch: 32, 221/274: VFL loss: 0.0002, total loss: 0.0247, anchor loss: 0.0492, VFL train accuracy: 1.0000
2026-04-20 23:29:17,609 - Epoch: 32, 231/274: VFL loss: 0.0002, total loss: 0.0248, anchor loss: 0.0493, VFL train accuracy: 1.0000
2026-04-20 23:29:17,808 - Epoch: 32, 241/274: VFL loss: 0.0002, total loss: 0.0247, anchor loss: 0.0492, VFL train accuracy: 1.0000
2026-04-20 23:29:18,009 - Epoch: 32, 251/274: VFL loss: 0.0002, total loss: 0.0247, anchor loss: 0.0492, VFL train accuracy: 1.0000
2026-04-20 23:29:18,228 - Epoch: 32, 261/274: VFL loss: 0.0002, total loss: 0.0247, anchor loss: 0.0493, VFL train accuracy: 1.0000
2026-04-20 23:29:18,420 - Epoch: 32, 271/274: VFL loss: 0.0002, total loss: 0.0247, anchor loss: 0.0492, VFL train accuracy: 1.0000
2026-04-20 23:29:18,482 - => Recorded Stage 2 client anchor losses for epoch 32 to 'results/AVGuard/stage3_gamma_sensitivity_3clients_noema_bounded_q/NUSWIDE_3clients_noema_bounded_q_gamma_1.0\stage2_final_epoch_client_anchor_losses.json': {0: 0.019466, 1: 0.058375, 2: 0.069781}
2026-04-20 23:29:18,483 - => Stage 2 EMA anchor update skipped at epoch 32 because momentum=1.0000 disables EMA; eligible classes per client {0: 5, 1: 5, 2: 5}
2026-04-20 23:29:18,483 - => Stage 2 Epoch 32 Training Summary: VFL loss: 0.0002, total loss: 0.0247, anchor loss: 0.0492, VFL train accuracy: 1.0000
2026-04-20 23:29:18,483 - => Test ASR...
2026-04-20 23:29:18,604 - =>Add Trigger to Test Data
2026-04-20 23:29:21,003 - Add Trigger to 37064 Bad Samples, 9629 Clean Samples (1.00)
2026-04-20 23:29:28,779 - => Test Epoch: 32, main task samples: 46693, attack samples: 46693, test loss: 1.1891, clean acc: 0.7799, Top-4: 0.9950, ASR: 0.0589, RAC: 0.6973, test target accuracy: 0.8875, stage3 final accuracy: 0.7799, stage3 final target accuracy: 0.7557, stage3 final asr: 0.0589, anchor loss: 0.0784
2026-04-20 23:29:28,780 - => Stage 3 Detection Summary: recall: 0.6634, precision: 0.0250, f1: 0.0482, false positive rate: 0.2078, correction rate: 0.3243
2026-04-20 23:29:28,780 - => Stage 3 Debug (clean): suspicious=9703/46693, correction_applied=9688, prediction_changed=9688, skipped_tied_vote=0, skipped_low_margin=0, skipped_other=15
2026-04-20 23:29:28,780 - => Stage 3 Debug (poison-valid): suspicious=11889/37064, correction_applied=11885, prediction_changed=11885, skipped_tied_vote=0, skipped_low_margin=0, skipped_other=4
2026-04-20 23:29:28,780 - => Stage 3 Debug (attack-success): suspicious=540/814, correction_applied=540, prediction_changed=540, corrected_to_true=264
2026-04-20 23:29:28,780 - => Stage 2 checkpoint score: mean(clean_acc=0.7799, recall=0.6634, correction_rate=0.3243) = 0.5892
2026-04-20 23:29:28,817 - => End Epoch: 32, early stop epochs: 31, best epoch: 1, best clean acc: 0.7673, best Top-4: 0.9965, best ASR: 0.2678, best RAC: 0.6693, anchor loss: 0.0830, best checkpoint score: 0.6513
2026-04-20 23:29:28,817 - => Stage 3 Detection Summary: recall: 0.6904, precision: 0.2858, f1: 0.4042, false positive rate: 0.2121, correction rate: 0.4961
2026-04-20 23:29:28,840 - => LFBA current anchor-derived target label: 3
2026-04-20 23:29:28,925 - =>Add Trigger to Train Data
2026-04-20 23:29:29,167 - Add Trigger to 6996 Bad Samples, 62970 Clean Samples (0.10)
2026-04-20 23:29:29,171 - => Start Training for Injecting Backdoor...
2026-04-20 23:29:29,199 - Epoch: 33, 1/274: VFL loss: 0.0001, total loss: 0.0222, anchor loss: 0.0444, VFL train accuracy: 1.0000
2026-04-20 23:29:29,636 - Epoch: 33, 11/274: VFL loss: 0.0002, total loss: 0.0240, anchor loss: 0.0479, VFL train accuracy: 1.0000
2026-04-20 23:29:29,892 - Epoch: 33, 21/274: VFL loss: 0.0002, total loss: 0.0247, anchor loss: 0.0493, VFL train accuracy: 1.0000
2026-04-20 23:29:30,117 - Epoch: 33, 31/274: VFL loss: 0.0002, total loss: 0.0246, anchor loss: 0.0489, VFL train accuracy: 1.0000
2026-04-20 23:29:30,319 - Epoch: 33, 41/274: VFL loss: 0.0003, total loss: 0.0248, anchor loss: 0.0493, VFL train accuracy: 1.0000
2026-04-20 23:29:30,525 - Epoch: 33, 51/274: VFL loss: 0.0003, total loss: 0.0246, anchor loss: 0.0489, VFL train accuracy: 1.0000
2026-04-20 23:29:30,733 - Epoch: 33, 61/274: VFL loss: 0.0003, total loss: 0.0247, anchor loss: 0.0492, VFL train accuracy: 1.0000
2026-04-20 23:29:30,934 - Epoch: 33, 71/274: VFL loss: 0.0002, total loss: 0.0247, anchor loss: 0.0491, VFL train accuracy: 1.0000
2026-04-20 23:29:31,138 - Epoch: 33, 81/274: VFL loss: 0.0002, total loss: 0.0246, anchor loss: 0.0490, VFL train accuracy: 1.0000
2026-04-20 23:29:31,348 - Epoch: 33, 91/274: VFL loss: 0.0002, total loss: 0.0245, anchor loss: 0.0489, VFL train accuracy: 1.0000
2026-04-20 23:29:31,556 - Epoch: 33, 101/274: VFL loss: 0.0002, total loss: 0.0245, anchor loss: 0.0487, VFL train accuracy: 1.0000
2026-04-20 23:29:31,766 - Epoch: 33, 111/274: VFL loss: 0.0002, total loss: 0.0245, anchor loss: 0.0488, VFL train accuracy: 1.0000
2026-04-20 23:29:31,984 - Epoch: 33, 121/274: VFL loss: 0.0002, total loss: 0.0245, anchor loss: 0.0489, VFL train accuracy: 1.0000
2026-04-20 23:29:32,188 - Epoch: 33, 131/274: VFL loss: 0.0002, total loss: 0.0245, anchor loss: 0.0487, VFL train accuracy: 1.0000
2026-04-20 23:29:32,386 - Epoch: 33, 141/274: VFL loss: 0.0002, total loss: 0.0245, anchor loss: 0.0487, VFL train accuracy: 1.0000
2026-04-20 23:29:32,673 - Epoch: 33, 151/274: VFL loss: 0.0002, total loss: 0.0245, anchor loss: 0.0488, VFL train accuracy: 1.0000
2026-04-20 23:29:33,011 - Epoch: 33, 161/274: VFL loss: 0.0002, total loss: 0.0245, anchor loss: 0.0488, VFL train accuracy: 1.0000
2026-04-20 23:29:33,337 - Epoch: 33, 171/274: VFL loss: 0.0002, total loss: 0.0245, anchor loss: 0.0488, VFL train accuracy: 1.0000
2026-04-20 23:29:33,683 - Epoch: 33, 181/274: VFL loss: 0.0002, total loss: 0.0245, anchor loss: 0.0488, VFL train accuracy: 1.0000
2026-04-20 23:29:34,016 - Epoch: 33, 191/274: VFL loss: 0.0002, total loss: 0.0245, anchor loss: 0.0487, VFL train accuracy: 1.0000
2026-04-20 23:29:34,359 - Epoch: 33, 201/274: VFL loss: 0.0002, total loss: 0.0245, anchor loss: 0.0488, VFL train accuracy: 1.0000
2026-04-20 23:29:34,694 - Epoch: 33, 211/274: VFL loss: 0.0002, total loss: 0.0245, anchor loss: 0.0489, VFL train accuracy: 1.0000
2026-04-20 23:29:35,030 - Epoch: 33, 221/274: VFL loss: 0.0002, total loss: 0.0246, anchor loss: 0.0489, VFL train accuracy: 1.0000
2026-04-20 23:29:35,367 - Epoch: 33, 231/274: VFL loss: 0.0002, total loss: 0.0246, anchor loss: 0.0489, VFL train accuracy: 1.0000
2026-04-20 23:29:35,723 - Epoch: 33, 241/274: VFL loss: 0.0002, total loss: 0.0245, anchor loss: 0.0489, VFL train accuracy: 1.0000
2026-04-20 23:29:36,073 - Epoch: 33, 251/274: VFL loss: 0.0002, total loss: 0.0245, anchor loss: 0.0489, VFL train accuracy: 1.0000
2026-04-20 23:29:36,396 - Epoch: 33, 261/274: VFL loss: 0.0002, total loss: 0.0245, anchor loss: 0.0488, VFL train accuracy: 1.0000
2026-04-20 23:29:36,731 - Epoch: 33, 271/274: VFL loss: 0.0002, total loss: 0.0245, anchor loss: 0.0489, VFL train accuracy: 1.0000
2026-04-20 23:29:36,847 - => Recorded Stage 2 client anchor losses for epoch 33 to 'results/AVGuard/stage3_gamma_sensitivity_3clients_noema_bounded_q/NUSWIDE_3clients_noema_bounded_q_gamma_1.0\stage2_final_epoch_client_anchor_losses.json': {0: 0.019141, 1: 0.057852, 2: 0.069565}
2026-04-20 23:29:36,848 - => Stage 2 EMA anchor update skipped at epoch 33 because momentum=1.0000 disables EMA; eligible classes per client {0: 5, 1: 5, 2: 5}
2026-04-20 23:29:36,848 - => Stage 2 Epoch 33 Training Summary: VFL loss: 0.0002, total loss: 0.0245, anchor loss: 0.0489, VFL train accuracy: 1.0000
2026-04-20 23:29:36,848 - => Test ASR...
2026-04-20 23:29:36,966 - =>Add Trigger to Test Data
2026-04-20 23:29:41,608 - Add Trigger to 37064 Bad Samples, 9629 Clean Samples (1.00)
2026-04-20 23:29:54,817 - => Test Epoch: 33, main task samples: 46693, attack samples: 46693, test loss: 1.2101, clean acc: 0.7795, Top-4: 0.9950, ASR: 0.0639, RAC: 0.6964, test target accuracy: 0.8900, stage3 final accuracy: 0.7795, stage3 final target accuracy: 0.7595, stage3 final asr: 0.0639, anchor loss: 0.0783
2026-04-20 23:29:54,817 - => Stage 3 Detection Summary: recall: 0.6619, precision: 0.0253, f1: 0.0488, false positive rate: 0.2077, correction rate: 0.3213
2026-04-20 23:29:54,818 - => Stage 3 Debug (clean): suspicious=9700/46693, correction_applied=9679, prediction_changed=9679, skipped_tied_vote=0, skipped_low_margin=0, skipped_other=21
2026-04-20 23:29:54,818 - => Stage 3 Debug (poison-valid): suspicious=12003/37064, correction_applied=11994, prediction_changed=11994, skipped_tied_vote=0, skipped_low_margin=0, skipped_other=9
2026-04-20 23:29:54,818 - => Stage 3 Debug (attack-success): suspicious=550/831, correction_applied=550, prediction_changed=550, corrected_to_true=267
2026-04-20 23:29:54,819 - => Stage 2 checkpoint score: mean(clean_acc=0.7795, recall=0.6619, correction_rate=0.3213) = 0.5875
2026-04-20 23:29:54,898 - => End Epoch: 33, early stop epochs: 32, best epoch: 1, best clean acc: 0.7673, best Top-4: 0.9965, best ASR: 0.2678, best RAC: 0.6693, anchor loss: 0.0830, best checkpoint score: 0.6513
2026-04-20 23:29:54,898 - => Stage 3 Detection Summary: recall: 0.6904, precision: 0.2858, f1: 0.4042, false positive rate: 0.2121, correction rate: 0.4961
2026-04-20 23:29:54,944 - => LFBA current anchor-derived target label: 3
2026-04-20 23:29:55,067 - =>Add Trigger to Train Data
2026-04-20 23:29:55,709 - Add Trigger to 6996 Bad Samples, 62970 Clean Samples (0.10)
2026-04-20 23:29:55,714 - => Start Training for Injecting Backdoor...
2026-04-20 23:29:55,775 - Epoch: 34, 1/274: VFL loss: 0.0001, total loss: 0.0259, anchor loss: 0.0518, VFL train accuracy: 1.0000
2026-04-20 23:29:56,614 - Epoch: 34, 11/274: VFL loss: 0.0002, total loss: 0.0245, anchor loss: 0.0487, VFL train accuracy: 1.0000
2026-04-20 23:29:57,024 - Epoch: 34, 21/274: VFL loss: 0.0002, total loss: 0.0248, anchor loss: 0.0495, VFL train accuracy: 1.0000
2026-04-20 23:29:57,420 - Epoch: 34, 31/274: VFL loss: 0.0002, total loss: 0.0246, anchor loss: 0.0489, VFL train accuracy: 1.0000
2026-04-20 23:29:57,815 - Epoch: 34, 41/274: VFL loss: 0.0002, total loss: 0.0246, anchor loss: 0.0491, VFL train accuracy: 1.0000
2026-04-20 23:29:58,185 - Epoch: 34, 51/274: VFL loss: 0.0002, total loss: 0.0247, anchor loss: 0.0492, VFL train accuracy: 1.0000
2026-04-20 23:29:58,580 - Epoch: 34, 61/274: VFL loss: 0.0002, total loss: 0.0246, anchor loss: 0.0491, VFL train accuracy: 1.0000
2026-04-20 23:29:58,973 - Epoch: 34, 71/274: VFL loss: 0.0002, total loss: 0.0247, anchor loss: 0.0492, VFL train accuracy: 1.0000
2026-04-20 23:29:59,375 - Epoch: 34, 81/274: VFL loss: 0.0002, total loss: 0.0246, anchor loss: 0.0491, VFL train accuracy: 1.0000
2026-04-20 23:29:59,752 - Epoch: 34, 91/274: VFL loss: 0.0002, total loss: 0.0245, anchor loss: 0.0488, VFL train accuracy: 1.0000
2026-04-20 23:30:00,136 - Epoch: 34, 101/274: VFL loss: 0.0002, total loss: 0.0244, anchor loss: 0.0486, VFL train accuracy: 1.0000
2026-04-20 23:30:00,514 - Epoch: 34, 111/274: VFL loss: 0.0002, total loss: 0.0243, anchor loss: 0.0484, VFL train accuracy: 1.0000
2026-04-20 23:30:01,108 - Epoch: 34, 121/274: VFL loss: 0.0002, total loss: 0.0243, anchor loss: 0.0485, VFL train accuracy: 1.0000
2026-04-20 23:30:01,549 - Epoch: 34, 131/274: VFL loss: 0.0002, total loss: 0.0243, anchor loss: 0.0483, VFL train accuracy: 1.0000
2026-04-20 23:30:01,982 - Epoch: 34, 141/274: VFL loss: 0.0002, total loss: 0.0243, anchor loss: 0.0483, VFL train accuracy: 1.0000
2026-04-20 23:30:02,399 - Epoch: 34, 151/274: VFL loss: 0.0002, total loss: 0.0243, anchor loss: 0.0483, VFL train accuracy: 1.0000
2026-04-20 23:30:02,805 - Epoch: 34, 161/274: VFL loss: 0.0002, total loss: 0.0242, anchor loss: 0.0482, VFL train accuracy: 1.0000
2026-04-20 23:30:03,209 - Epoch: 34, 171/274: VFL loss: 0.0002, total loss: 0.0242, anchor loss: 0.0482, VFL train accuracy: 1.0000
2026-04-20 23:30:03,604 - Epoch: 34, 181/274: VFL loss: 0.0002, total loss: 0.0242, anchor loss: 0.0483, VFL train accuracy: 1.0000
2026-04-20 23:30:04,004 - Epoch: 34, 191/274: VFL loss: 0.0002, total loss: 0.0243, anchor loss: 0.0484, VFL train accuracy: 1.0000
2026-04-20 23:30:04,481 - Epoch: 34, 201/274: VFL loss: 0.0002, total loss: 0.0243, anchor loss: 0.0484, VFL train accuracy: 1.0000
2026-04-20 23:30:04,992 - Epoch: 34, 211/274: VFL loss: 0.0002, total loss: 0.0242, anchor loss: 0.0483, VFL train accuracy: 1.0000
2026-04-20 23:30:05,372 - Epoch: 34, 221/274: VFL loss: 0.0002, total loss: 0.0242, anchor loss: 0.0482, VFL train accuracy: 1.0000
2026-04-20 23:30:05,781 - Epoch: 34, 231/274: VFL loss: 0.0002, total loss: 0.0242, anchor loss: 0.0483, VFL train accuracy: 1.0000
2026-04-20 23:30:06,174 - Epoch: 34, 241/274: VFL loss: 0.0002, total loss: 0.0242, anchor loss: 0.0482, VFL train accuracy: 1.0000
2026-04-20 23:30:06,588 - Epoch: 34, 251/274: VFL loss: 0.0002, total loss: 0.0242, anchor loss: 0.0483, VFL train accuracy: 1.0000
2026-04-20 23:30:07,052 - Epoch: 34, 261/274: VFL loss: 0.0002, total loss: 0.0243, anchor loss: 0.0483, VFL train accuracy: 1.0000
2026-04-20 23:30:07,475 - Epoch: 34, 271/274: VFL loss: 0.0002, total loss: 0.0243, anchor loss: 0.0484, VFL train accuracy: 1.0000
2026-04-20 23:30:07,598 - => Recorded Stage 2 client anchor losses for epoch 34 to 'results/AVGuard/stage3_gamma_sensitivity_3clients_noema_bounded_q/NUSWIDE_3clients_noema_bounded_q_gamma_1.0\stage2_final_epoch_client_anchor_losses.json': {0: 0.018822, 1: 0.057293, 2: 0.069116}
2026-04-20 23:30:07,600 - => Stage 2 EMA anchor update skipped at epoch 34 because momentum=1.0000 disables EMA; eligible classes per client {0: 5, 1: 5, 2: 5}
2026-04-20 23:30:07,600 - => Stage 2 Epoch 34 Training Summary: VFL loss: 0.0002, total loss: 0.0243, anchor loss: 0.0484, VFL train accuracy: 1.0000
2026-04-20 23:30:07,600 - => Test ASR...
2026-04-20 23:30:07,919 - =>Add Trigger to Test Data
2026-04-20 23:30:12,410 - Add Trigger to 37064 Bad Samples, 9629 Clean Samples (1.00)
2026-04-20 23:30:26,375 - => Test Epoch: 34, main task samples: 46693, attack samples: 46693, test loss: 1.2294, clean acc: 0.7798, Top-4: 0.9949, ASR: 0.0621, RAC: 0.6981, test target accuracy: 0.8887, stage3 final accuracy: 0.7798, stage3 final target accuracy: 0.7609, stage3 final asr: 0.0621, anchor loss: 0.0782
2026-04-20 23:30:26,375 - => Stage 3 Detection Summary: recall: 0.6577, precision: 0.0249, f1: 0.0480, false positive rate: 0.2069, correction rate: 0.3276
2026-04-20 23:30:26,376 - => Stage 3 Debug (clean): suspicious=9660/46693, correction_applied=9643, prediction_changed=9643, skipped_tied_vote=0, skipped_low_margin=0, skipped_other=17
2026-04-20 23:30:26,376 - => Stage 3 Debug (poison-valid): suspicious=11874/37064, correction_applied=11860, prediction_changed=11860, skipped_tied_vote=0, skipped_low_margin=0, skipped_other=14
2026-04-20 23:30:26,376 - => Stage 3 Debug (attack-success): suspicious=536/815, correction_applied=536, prediction_changed=536, corrected_to_true=267
2026-04-20 23:30:26,376 - => Stage 2 checkpoint score: mean(clean_acc=0.7798, recall=0.6577, correction_rate=0.3276) = 0.5884
2026-04-20 23:30:26,439 - => End Epoch: 34, early stop epochs: 33, best epoch: 1, best clean acc: 0.7673, best Top-4: 0.9965, best ASR: 0.2678, best RAC: 0.6693, anchor loss: 0.0830, best checkpoint score: 0.6513
2026-04-20 23:30:26,439 - => Stage 3 Detection Summary: recall: 0.6904, precision: 0.2858, f1: 0.4042, false positive rate: 0.2121, correction rate: 0.4961
2026-04-20 23:30:26,482 - => LFBA current anchor-derived target label: 3
2026-04-20 23:30:26,569 - =>Add Trigger to Train Data
2026-04-20 23:30:27,104 - Add Trigger to 6996 Bad Samples, 62970 Clean Samples (0.10)
2026-04-20 23:30:27,109 - => Start Training for Injecting Backdoor...
2026-04-20 23:30:27,163 - Epoch: 35, 1/274: VFL loss: 0.0004, total loss: 0.0253, anchor loss: 0.0501, VFL train accuracy: 1.0000
2026-04-20 23:30:27,806 - Epoch: 35, 11/274: VFL loss: 0.0002, total loss: 0.0249, anchor loss: 0.0495, VFL train accuracy: 1.0000
2026-04-20 23:30:28,205 - Epoch: 35, 21/274: VFL loss: 0.0002, total loss: 0.0248, anchor loss: 0.0494, VFL train accuracy: 1.0000
2026-04-20 23:30:28,584 - Epoch: 35, 31/274: VFL loss: 0.0002, total loss: 0.0245, anchor loss: 0.0488, VFL train accuracy: 1.0000
2026-04-20 23:30:28,933 - Epoch: 35, 41/274: VFL loss: 0.0002, total loss: 0.0246, anchor loss: 0.0491, VFL train accuracy: 1.0000
2026-04-20 23:30:29,276 - Epoch: 35, 51/274: VFL loss: 0.0002, total loss: 0.0246, anchor loss: 0.0490, VFL train accuracy: 1.0000
2026-04-20 23:30:29,626 - Epoch: 35, 61/274: VFL loss: 0.0002, total loss: 0.0245, anchor loss: 0.0488, VFL train accuracy: 1.0000
2026-04-20 23:30:29,982 - Epoch: 35, 71/274: VFL loss: 0.0002, total loss: 0.0244, anchor loss: 0.0486, VFL train accuracy: 1.0000
2026-04-20 23:30:30,337 - Epoch: 35, 81/274: VFL loss: 0.0002, total loss: 0.0244, anchor loss: 0.0487, VFL train accuracy: 1.0000
2026-04-20 23:30:30,687 - Epoch: 35, 91/274: VFL loss: 0.0002, total loss: 0.0244, anchor loss: 0.0486, VFL train accuracy: 1.0000
2026-04-20 23:30:31,025 - Epoch: 35, 101/274: VFL loss: 0.0002, total loss: 0.0243, anchor loss: 0.0485, VFL train accuracy: 1.0000
2026-04-20 23:30:31,371 - Epoch: 35, 111/274: VFL loss: 0.0002, total loss: 0.0243, anchor loss: 0.0485, VFL train accuracy: 1.0000
2026-04-20 23:30:31,713 - Epoch: 35, 121/274: VFL loss: 0.0002, total loss: 0.0242, anchor loss: 0.0483, VFL train accuracy: 1.0000
2026-04-20 23:30:32,054 - Epoch: 35, 131/274: VFL loss: 0.0002, total loss: 0.0242, anchor loss: 0.0481, VFL train accuracy: 1.0000
2026-04-20 23:30:32,413 - Epoch: 35, 141/274: VFL loss: 0.0002, total loss: 0.0241, anchor loss: 0.0481, VFL train accuracy: 1.0000
2026-04-20 23:30:32,774 - Epoch: 35, 151/274: VFL loss: 0.0002, total loss: 0.0241, anchor loss: 0.0480, VFL train accuracy: 1.0000
2026-04-20 23:30:33,118 - Epoch: 35, 161/274: VFL loss: 0.0002, total loss: 0.0241, anchor loss: 0.0480, VFL train accuracy: 1.0000
2026-04-20 23:30:33,467 - Epoch: 35, 171/274: VFL loss: 0.0002, total loss: 0.0241, anchor loss: 0.0479, VFL train accuracy: 1.0000
2026-04-20 23:30:33,814 - Epoch: 35, 181/274: VFL loss: 0.0002, total loss: 0.0241, anchor loss: 0.0480, VFL train accuracy: 1.0000
2026-04-20 23:30:34,161 - Epoch: 35, 191/274: VFL loss: 0.0002, total loss: 0.0241, anchor loss: 0.0479, VFL train accuracy: 1.0000
2026-04-20 23:30:34,507 - Epoch: 35, 201/274: VFL loss: 0.0002, total loss: 0.0241, anchor loss: 0.0479, VFL train accuracy: 1.0000
2026-04-20 23:30:34,863 - Epoch: 35, 211/274: VFL loss: 0.0002, total loss: 0.0241, anchor loss: 0.0480, VFL train accuracy: 1.0000
2026-04-20 23:30:35,219 - Epoch: 35, 221/274: VFL loss: 0.0002, total loss: 0.0241, anchor loss: 0.0480, VFL train accuracy: 1.0000
2026-04-20 23:30:35,564 - Epoch: 35, 231/274: VFL loss: 0.0002, total loss: 0.0241, anchor loss: 0.0479, VFL train accuracy: 1.0000
2026-04-20 23:30:35,911 - Epoch: 35, 241/274: VFL loss: 0.0002, total loss: 0.0241, anchor loss: 0.0479, VFL train accuracy: 1.0000
2026-04-20 23:30:36,244 - Epoch: 35, 251/274: VFL loss: 0.0002, total loss: 0.0241, anchor loss: 0.0480, VFL train accuracy: 1.0000
2026-04-20 23:30:36,590 - Epoch: 35, 261/274: VFL loss: 0.0002, total loss: 0.0241, anchor loss: 0.0480, VFL train accuracy: 1.0000
2026-04-20 23:30:36,915 - Epoch: 35, 271/274: VFL loss: 0.0002, total loss: 0.0241, anchor loss: 0.0480, VFL train accuracy: 1.0000
2026-04-20 23:30:37,027 - => Recorded Stage 2 client anchor losses for epoch 35 to 'results/AVGuard/stage3_gamma_sensitivity_3clients_noema_bounded_q/NUSWIDE_3clients_noema_bounded_q_gamma_1.0\stage2_final_epoch_client_anchor_losses.json': {0: 0.018522, 1: 0.056734, 2: 0.068724}
2026-04-20 23:30:37,028 - => Stage 2 EMA anchor update skipped at epoch 35 because momentum=1.0000 disables EMA; eligible classes per client {0: 5, 1: 5, 2: 5}
2026-04-20 23:30:37,028 - => Stage 2 Epoch 35 Training Summary: VFL loss: 0.0002, total loss: 0.0241, anchor loss: 0.0480, VFL train accuracy: 1.0000
2026-04-20 23:30:37,028 - => Test ASR...
2026-04-20 23:30:37,144 - =>Add Trigger to Test Data
2026-04-20 23:30:40,971 - Add Trigger to 37064 Bad Samples, 9629 Clean Samples (1.00)
2026-04-20 23:30:48,841 - => Test Epoch: 35, main task samples: 46693, attack samples: 46693, test loss: 1.2460, clean acc: 0.7804, Top-4: 0.9948, ASR: 0.0598, RAC: 0.6989, test target accuracy: 0.8892, stage3 final accuracy: 0.7804, stage3 final target accuracy: 0.7622, stage3 final asr: 0.0598, anchor loss: 0.0781
2026-04-20 23:30:48,841 - => Stage 3 Detection Summary: recall: 0.6512, precision: 0.0247, f1: 0.0477, false positive rate: 0.2064, correction rate: 0.3244
2026-04-20 23:30:48,841 - => Stage 3 Debug (clean): suspicious=9638/46693, correction_applied=9625, prediction_changed=9625, skipped_tied_vote=0, skipped_low_margin=0, skipped_other=13
2026-04-20 23:30:48,841 - => Stage 3 Debug (poison-valid): suspicious=11866/37064, correction_applied=11858, prediction_changed=11858, skipped_tied_vote=0, skipped_low_margin=0, skipped_other=8
2026-04-20 23:30:48,841 - => Stage 3 Debug (attack-success): suspicious=532/817, correction_applied=532, prediction_changed=532, corrected_to_true=265
2026-04-20 23:30:48,841 - => Stage 2 checkpoint score: mean(clean_acc=0.7804, recall=0.6512, correction_rate=0.3244) = 0.5853
2026-04-20 23:30:48,879 - => End Epoch: 35, early stop epochs: 34, best epoch: 1, best clean acc: 0.7673, best Top-4: 0.9965, best ASR: 0.2678, best RAC: 0.6693, anchor loss: 0.0830, best checkpoint score: 0.6513
2026-04-20 23:30:48,879 - => Stage 3 Detection Summary: recall: 0.6904, precision: 0.2858, f1: 0.4042, false positive rate: 0.2121, correction rate: 0.4961
2026-04-20 23:30:48,905 - => LFBA current anchor-derived target label: 3
2026-04-20 23:30:48,993 - =>Add Trigger to Train Data
2026-04-20 23:30:49,225 - Add Trigger to 6996 Bad Samples, 62970 Clean Samples (0.10)
2026-04-20 23:30:49,228 - => Start Training for Injecting Backdoor...
2026-04-20 23:30:49,258 - Epoch: 36, 1/274: VFL loss: 0.0001, total loss: 0.0249, anchor loss: 0.0496, VFL train accuracy: 1.0000
2026-04-20 23:30:49,643 - Epoch: 36, 11/274: VFL loss: 0.0001, total loss: 0.0238, anchor loss: 0.0475, VFL train accuracy: 1.0000
2026-04-20 23:30:49,867 - Epoch: 36, 21/274: VFL loss: 0.0001, total loss: 0.0240, anchor loss: 0.0479, VFL train accuracy: 1.0000
2026-04-20 23:30:50,089 - Epoch: 36, 31/274: VFL loss: 0.0002, total loss: 0.0243, anchor loss: 0.0484, VFL train accuracy: 1.0000
2026-04-20 23:30:50,308 - Epoch: 36, 41/274: VFL loss: 0.0002, total loss: 0.0238, anchor loss: 0.0474, VFL train accuracy: 1.0000
2026-04-20 23:30:50,524 - Epoch: 36, 51/274: VFL loss: 0.0002, total loss: 0.0237, anchor loss: 0.0472, VFL train accuracy: 1.0000
2026-04-20 23:30:50,742 - Epoch: 36, 61/274: VFL loss: 0.0002, total loss: 0.0238, anchor loss: 0.0474, VFL train accuracy: 1.0000
2026-04-20 23:30:50,958 - Epoch: 36, 71/274: VFL loss: 0.0002, total loss: 0.0239, anchor loss: 0.0476, VFL train accuracy: 1.0000
2026-04-20 23:30:51,178 - Epoch: 36, 81/274: VFL loss: 0.0002, total loss: 0.0239, anchor loss: 0.0476, VFL train accuracy: 1.0000
2026-04-20 23:30:51,389 - Epoch: 36, 91/274: VFL loss: 0.0002, total loss: 0.0239, anchor loss: 0.0475, VFL train accuracy: 1.0000
2026-04-20 23:30:51,590 - Epoch: 36, 101/274: VFL loss: 0.0002, total loss: 0.0239, anchor loss: 0.0477, VFL train accuracy: 1.0000
2026-04-20 23:30:51,783 - Epoch: 36, 111/274: VFL loss: 0.0002, total loss: 0.0239, anchor loss: 0.0477, VFL train accuracy: 1.0000
2026-04-20 23:30:51,976 - Epoch: 36, 121/274: VFL loss: 0.0002, total loss: 0.0239, anchor loss: 0.0476, VFL train accuracy: 1.0000
2026-04-20 23:30:52,165 - Epoch: 36, 131/274: VFL loss: 0.0002, total loss: 0.0239, anchor loss: 0.0476, VFL train accuracy: 1.0000
2026-04-20 23:30:52,357 - Epoch: 36, 141/274: VFL loss: 0.0002, total loss: 0.0238, anchor loss: 0.0475, VFL train accuracy: 1.0000
2026-04-20 23:30:52,542 - Epoch: 36, 151/274: VFL loss: 0.0002, total loss: 0.0238, anchor loss: 0.0475, VFL train accuracy: 1.0000
2026-04-20 23:30:52,741 - Epoch: 36, 161/274: VFL loss: 0.0002, total loss: 0.0238, anchor loss: 0.0474, VFL train accuracy: 1.0000
2026-04-20 23:30:52,937 - Epoch: 36, 171/274: VFL loss: 0.0002, total loss: 0.0238, anchor loss: 0.0474, VFL train accuracy: 1.0000
2026-04-20 23:30:53,142 - Epoch: 36, 181/274: VFL loss: 0.0002, total loss: 0.0238, anchor loss: 0.0475, VFL train accuracy: 1.0000
2026-04-20 23:30:53,339 - Epoch: 36, 191/274: VFL loss: 0.0002, total loss: 0.0239, anchor loss: 0.0476, VFL train accuracy: 1.0000
2026-04-20 23:30:53,539 - Epoch: 36, 201/274: VFL loss: 0.0002, total loss: 0.0239, anchor loss: 0.0476, VFL train accuracy: 1.0000
2026-04-20 23:30:53,741 - Epoch: 36, 211/274: VFL loss: 0.0002, total loss: 0.0239, anchor loss: 0.0476, VFL train accuracy: 1.0000
2026-04-20 23:30:53,941 - Epoch: 36, 221/274: VFL loss: 0.0002, total loss: 0.0239, anchor loss: 0.0476, VFL train accuracy: 1.0000
2026-04-20 23:30:54,137 - Epoch: 36, 231/274: VFL loss: 0.0002, total loss: 0.0239, anchor loss: 0.0476, VFL train accuracy: 1.0000
2026-04-20 23:30:54,339 - Epoch: 36, 241/274: VFL loss: 0.0002, total loss: 0.0239, anchor loss: 0.0476, VFL train accuracy: 1.0000
2026-04-20 23:30:54,528 - Epoch: 36, 251/274: VFL loss: 0.0002, total loss: 0.0239, anchor loss: 0.0476, VFL train accuracy: 1.0000
2026-04-20 23:30:54,742 - Epoch: 36, 261/274: VFL loss: 0.0002, total loss: 0.0239, anchor loss: 0.0476, VFL train accuracy: 1.0000
2026-04-20 23:30:54,938 - Epoch: 36, 271/274: VFL loss: 0.0002, total loss: 0.0239, anchor loss: 0.0476, VFL train accuracy: 1.0000
2026-04-20 23:30:55,007 - => Recorded Stage 2 client anchor losses for epoch 36 to 'results/AVGuard/stage3_gamma_sensitivity_3clients_noema_bounded_q/NUSWIDE_3clients_noema_bounded_q_gamma_1.0\stage2_final_epoch_client_anchor_losses.json': {0: 0.018221, 1: 0.056186, 2: 0.068361}
2026-04-20 23:30:55,008 - => Stage 2 EMA anchor update skipped at epoch 36 because momentum=1.0000 disables EMA; eligible classes per client {0: 5, 1: 5, 2: 5}
2026-04-20 23:30:55,008 - => Stage 2 Epoch 36 Training Summary: VFL loss: 0.0002, total loss: 0.0239, anchor loss: 0.0476, VFL train accuracy: 1.0000
2026-04-20 23:30:55,008 - => Test ASR...
2026-04-20 23:30:55,118 - =>Add Trigger to Test Data
2026-04-20 23:30:57,176 - Add Trigger to 37064 Bad Samples, 9629 Clean Samples (1.00)
2026-04-20 23:31:04,857 - => Test Epoch: 36, main task samples: 46693, attack samples: 46693, test loss: 1.2730, clean acc: 0.7803, Top-4: 0.9950, ASR: 0.0609, RAC: 0.6990, test target accuracy: 0.8873, stage3 final accuracy: 0.7803, stage3 final target accuracy: 0.7574, stage3 final asr: 0.0609, anchor loss: 0.0782
2026-04-20 23:31:04,858 - => Stage 3 Detection Summary: recall: 0.6555, precision: 0.0244, f1: 0.0471, false positive rate: 0.2069, correction rate: 0.3458
2026-04-20 23:31:04,858 - => Stage 3 Debug (clean): suspicious=9663/46693, correction_applied=9649, prediction_changed=9649, skipped_tied_vote=0, skipped_low_margin=0, skipped_other=14
2026-04-20 23:31:04,858 - => Stage 3 Debug (poison-valid): suspicious=11929/37064, correction_applied=11919, prediction_changed=11919, skipped_tied_vote=0, skipped_low_margin=0, skipped_other=10
2026-04-20 23:31:04,858 - => Stage 3 Debug (attack-success): suspicious=527/804, correction_applied=526, prediction_changed=526, corrected_to_true=278
2026-04-20 23:31:04,858 - => Stage 2 checkpoint score: mean(clean_acc=0.7803, recall=0.6555, correction_rate=0.3458) = 0.5939
2026-04-20 23:31:04,898 - => End Epoch: 36, early stop epochs: 35, best epoch: 1, best clean acc: 0.7673, best Top-4: 0.9965, best ASR: 0.2678, best RAC: 0.6693, anchor loss: 0.0830, best checkpoint score: 0.6513
2026-04-20 23:31:04,898 - => Stage 3 Detection Summary: recall: 0.6904, precision: 0.2858, f1: 0.4042, false positive rate: 0.2121, correction rate: 0.4961
2026-04-20 23:31:04,922 - => LFBA current anchor-derived target label: 3
2026-04-20 23:31:05,005 - =>Add Trigger to Train Data
2026-04-20 23:31:05,223 - Add Trigger to 6996 Bad Samples, 62970 Clean Samples (0.10)
2026-04-20 23:31:05,226 - => Start Training for Injecting Backdoor...
2026-04-20 23:31:05,252 - Epoch: 37, 1/274: VFL loss: 0.0001, total loss: 0.0236, anchor loss: 0.0470, VFL train accuracy: 1.0000
2026-04-20 23:31:05,635 - Epoch: 37, 11/274: VFL loss: 0.0001, total loss: 0.0239, anchor loss: 0.0476, VFL train accuracy: 1.0000
2026-04-20 23:31:05,828 - Epoch: 37, 21/274: VFL loss: 0.0001, total loss: 0.0239, anchor loss: 0.0477, VFL train accuracy: 1.0000
2026-04-20 23:31:06,039 - Epoch: 37, 31/274: VFL loss: 0.0002, total loss: 0.0239, anchor loss: 0.0477, VFL train accuracy: 1.0000
2026-04-20 23:31:06,230 - Epoch: 37, 41/274: VFL loss: 0.0002, total loss: 0.0239, anchor loss: 0.0476, VFL train accuracy: 1.0000
2026-04-20 23:31:06,423 - Epoch: 37, 51/274: VFL loss: 0.0001, total loss: 0.0238, anchor loss: 0.0475, VFL train accuracy: 1.0000
2026-04-20 23:31:06,613 - Epoch: 37, 61/274: VFL loss: 0.0001, total loss: 0.0237, anchor loss: 0.0472, VFL train accuracy: 1.0000
2026-04-20 23:31:06,806 - Epoch: 37, 71/274: VFL loss: 0.0001, total loss: 0.0237, anchor loss: 0.0472, VFL train accuracy: 1.0000
2026-04-20 23:31:06,999 - Epoch: 37, 81/274: VFL loss: 0.0002, total loss: 0.0237, anchor loss: 0.0473, VFL train accuracy: 1.0000
2026-04-20 23:31:07,200 - Epoch: 37, 91/274: VFL loss: 0.0002, total loss: 0.0237, anchor loss: 0.0472, VFL train accuracy: 1.0000
2026-04-20 23:31:07,405 - Epoch: 37, 101/274: VFL loss: 0.0001, total loss: 0.0237, anchor loss: 0.0472, VFL train accuracy: 1.0000
2026-04-20 23:31:07,746 - Epoch: 37, 111/274: VFL loss: 0.0001, total loss: 0.0236, anchor loss: 0.0471, VFL train accuracy: 1.0000
2026-04-20 23:31:07,949 - Epoch: 37, 121/274: VFL loss: 0.0002, total loss: 0.0236, anchor loss: 0.0471, VFL train accuracy: 1.0000
2026-04-20 23:31:08,143 - Epoch: 37, 131/274: VFL loss: 0.0001, total loss: 0.0237, anchor loss: 0.0472, VFL train accuracy: 1.0000
2026-04-20 23:31:08,338 - Epoch: 37, 141/274: VFL loss: 0.0001, total loss: 0.0237, anchor loss: 0.0472, VFL train accuracy: 1.0000
2026-04-20 23:31:08,532 - Epoch: 37, 151/274: VFL loss: 0.0001, total loss: 0.0237, anchor loss: 0.0473, VFL train accuracy: 1.0000
2026-04-20 23:31:08,747 - Epoch: 37, 161/274: VFL loss: 0.0001, total loss: 0.0236, anchor loss: 0.0472, VFL train accuracy: 1.0000
2026-04-20 23:31:08,949 - Epoch: 37, 171/274: VFL loss: 0.0001, total loss: 0.0237, anchor loss: 0.0472, VFL train accuracy: 1.0000
2026-04-20 23:31:09,153 - Epoch: 37, 181/274: VFL loss: 0.0001, total loss: 0.0236, anchor loss: 0.0471, VFL train accuracy: 1.0000
2026-04-20 23:31:09,351 - Epoch: 37, 191/274: VFL loss: 0.0001, total loss: 0.0236, anchor loss: 0.0470, VFL train accuracy: 1.0000
2026-04-20 23:31:09,558 - Epoch: 37, 201/274: VFL loss: 0.0001, total loss: 0.0236, anchor loss: 0.0471, VFL train accuracy: 1.0000
2026-04-20 23:31:09,765 - Epoch: 37, 211/274: VFL loss: 0.0001, total loss: 0.0236, anchor loss: 0.0471, VFL train accuracy: 1.0000
2026-04-20 23:31:09,967 - Epoch: 37, 221/274: VFL loss: 0.0002, total loss: 0.0237, anchor loss: 0.0472, VFL train accuracy: 1.0000
2026-04-20 23:31:10,167 - Epoch: 37, 231/274: VFL loss: 0.0002, total loss: 0.0237, anchor loss: 0.0472, VFL train accuracy: 1.0000
2026-04-20 23:31:10,371 - Epoch: 37, 241/274: VFL loss: 0.0002, total loss: 0.0237, anchor loss: 0.0473, VFL train accuracy: 1.0000
2026-04-20 23:31:10,576 - Epoch: 37, 251/274: VFL loss: 0.0002, total loss: 0.0237, anchor loss: 0.0472, VFL train accuracy: 1.0000
2026-04-20 23:31:10,782 - Epoch: 37, 261/274: VFL loss: 0.0002, total loss: 0.0237, anchor loss: 0.0472, VFL train accuracy: 1.0000
2026-04-20 23:31:10,975 - Epoch: 37, 271/274: VFL loss: 0.0002, total loss: 0.0237, anchor loss: 0.0472, VFL train accuracy: 1.0000
2026-04-20 23:31:11,038 - => Recorded Stage 2 client anchor losses for epoch 37 to 'results/AVGuard/stage3_gamma_sensitivity_3clients_noema_bounded_q/NUSWIDE_3clients_noema_bounded_q_gamma_1.0\stage2_final_epoch_client_anchor_losses.json': {0: 0.01795, 1: 0.055602, 2: 0.068141}
2026-04-20 23:31:11,040 - => Stage 2 EMA anchor update skipped at epoch 37 because momentum=1.0000 disables EMA; eligible classes per client {0: 5, 1: 5, 2: 5}
2026-04-20 23:31:11,040 - => Stage 2 Epoch 37 Training Summary: VFL loss: 0.0002, total loss: 0.0237, anchor loss: 0.0473, VFL train accuracy: 1.0000
2026-04-20 23:31:11,040 - => Test ASR...
2026-04-20 23:31:11,148 - =>Add Trigger to Test Data
2026-04-20 23:31:13,338 - Add Trigger to 37064 Bad Samples, 9629 Clean Samples (1.00)
2026-04-20 23:31:21,065 - => Test Epoch: 37, main task samples: 46693, attack samples: 46693, test loss: 1.2829, clean acc: 0.7809, Top-4: 0.9948, ASR: 0.0635, RAC: 0.6973, test target accuracy: 0.8853, stage3 final accuracy: 0.7809, stage3 final target accuracy: 0.7545, stage3 final asr: 0.0635, anchor loss: 0.0781
2026-04-20 23:31:21,066 - => Stage 3 Detection Summary: recall: 0.6473, precision: 0.0237, f1: 0.0457, false positive rate: 0.2074, correction rate: 0.3502
2026-04-20 23:31:21,066 - => Stage 3 Debug (clean): suspicious=9683/46693, correction_applied=9671, prediction_changed=9671, skipped_tied_vote=0, skipped_low_margin=0, skipped_other=12
2026-04-20 23:31:21,066 - => Stage 3 Debug (poison-valid): suspicious=11945/37064, correction_applied=11935, prediction_changed=11935, skipped_tied_vote=0, skipped_low_margin=0, skipped_other=10
2026-04-20 23:31:21,066 - => Stage 3 Debug (attack-success): suspicious=512/791, correction_applied=511, prediction_changed=511, corrected_to_true=277
2026-04-20 23:31:21,066 - => Stage 2 checkpoint score: mean(clean_acc=0.7809, recall=0.6473, correction_rate=0.3502) = 0.5928
2026-04-20 23:31:21,111 - => End Epoch: 37, early stop epochs: 36, best epoch: 1, best clean acc: 0.7673, best Top-4: 0.9965, best ASR: 0.2678, best RAC: 0.6693, anchor loss: 0.0830, best checkpoint score: 0.6513
2026-04-20 23:31:21,111 - => Stage 3 Detection Summary: recall: 0.6904, precision: 0.2858, f1: 0.4042, false positive rate: 0.2121, correction rate: 0.4961
2026-04-20 23:31:21,137 - => LFBA current anchor-derived target label: 3
2026-04-20 23:31:21,218 - =>Add Trigger to Train Data
2026-04-20 23:31:21,450 - Add Trigger to 6996 Bad Samples, 62970 Clean Samples (0.10)
2026-04-20 23:31:21,453 - => Start Training for Injecting Backdoor...
2026-04-20 23:31:21,483 - Epoch: 38, 1/274: VFL loss: 0.0001, total loss: 0.0230, anchor loss: 0.0458, VFL train accuracy: 1.0000
2026-04-20 23:31:21,879 - Epoch: 38, 11/274: VFL loss: 0.0001, total loss: 0.0236, anchor loss: 0.0471, VFL train accuracy: 1.0000
2026-04-20 23:31:22,101 - Epoch: 38, 21/274: VFL loss: 0.0001, total loss: 0.0232, anchor loss: 0.0464, VFL train accuracy: 1.0000
2026-04-20 23:31:22,334 - Epoch: 38, 31/274: VFL loss: 0.0001, total loss: 0.0235, anchor loss: 0.0468, VFL train accuracy: 1.0000
2026-04-20 23:31:22,562 - Epoch: 38, 41/274: VFL loss: 0.0001, total loss: 0.0234, anchor loss: 0.0467, VFL train accuracy: 1.0000
2026-04-20 23:31:22,775 - Epoch: 38, 51/274: VFL loss: 0.0001, total loss: 0.0235, anchor loss: 0.0468, VFL train accuracy: 1.0000
2026-04-20 23:31:22,970 - Epoch: 38, 61/274: VFL loss: 0.0001, total loss: 0.0235, anchor loss: 0.0469, VFL train accuracy: 1.0000
2026-04-20 23:31:23,169 - Epoch: 38, 71/274: VFL loss: 0.0001, total loss: 0.0236, anchor loss: 0.0470, VFL train accuracy: 1.0000
2026-04-20 23:31:23,366 - Epoch: 38, 81/274: VFL loss: 0.0001, total loss: 0.0235, anchor loss: 0.0469, VFL train accuracy: 1.0000
2026-04-20 23:31:23,570 - Epoch: 38, 91/274: VFL loss: 0.0001, total loss: 0.0235, anchor loss: 0.0469, VFL train accuracy: 1.0000
2026-04-20 23:31:23,772 - Epoch: 38, 101/274: VFL loss: 0.0001, total loss: 0.0235, anchor loss: 0.0469, VFL train accuracy: 1.0000
2026-04-20 23:31:23,975 - Epoch: 38, 111/274: VFL loss: 0.0001, total loss: 0.0235, anchor loss: 0.0469, VFL train accuracy: 1.0000
2026-04-20 23:31:24,176 - Epoch: 38, 121/274: VFL loss: 0.0001, total loss: 0.0235, anchor loss: 0.0469, VFL train accuracy: 1.0000
2026-04-20 23:31:24,369 - Epoch: 38, 131/274: VFL loss: 0.0001, total loss: 0.0235, anchor loss: 0.0468, VFL train accuracy: 1.0000
2026-04-20 23:31:24,569 - Epoch: 38, 141/274: VFL loss: 0.0001, total loss: 0.0235, anchor loss: 0.0469, VFL train accuracy: 1.0000
2026-04-20 23:31:24,781 - Epoch: 38, 151/274: VFL loss: 0.0001, total loss: 0.0235, anchor loss: 0.0469, VFL train accuracy: 1.0000
2026-04-20 23:31:24,986 - Epoch: 38, 161/274: VFL loss: 0.0001, total loss: 0.0235, anchor loss: 0.0468, VFL train accuracy: 1.0000
2026-04-20 23:31:25,185 - Epoch: 38, 171/274: VFL loss: 0.0001, total loss: 0.0235, anchor loss: 0.0468, VFL train accuracy: 1.0000
2026-04-20 23:31:25,386 - Epoch: 38, 181/274: VFL loss: 0.0001, total loss: 0.0234, anchor loss: 0.0467, VFL train accuracy: 1.0000
2026-04-20 23:31:25,594 - Epoch: 38, 191/274: VFL loss: 0.0001, total loss: 0.0234, anchor loss: 0.0467, VFL train accuracy: 1.0000
2026-04-20 23:31:25,811 - Epoch: 38, 201/274: VFL loss: 0.0001, total loss: 0.0235, anchor loss: 0.0468, VFL train accuracy: 1.0000
2026-04-20 23:31:26,009 - Epoch: 38, 211/274: VFL loss: 0.0001, total loss: 0.0235, anchor loss: 0.0468, VFL train accuracy: 1.0000
2026-04-20 23:31:26,212 - Epoch: 38, 221/274: VFL loss: 0.0001, total loss: 0.0235, anchor loss: 0.0468, VFL train accuracy: 1.0000
2026-04-20 23:31:26,414 - Epoch: 38, 231/274: VFL loss: 0.0001, total loss: 0.0235, anchor loss: 0.0468, VFL train accuracy: 1.0000
2026-04-20 23:31:26,606 - Epoch: 38, 241/274: VFL loss: 0.0001, total loss: 0.0234, anchor loss: 0.0467, VFL train accuracy: 1.0000
2026-04-20 23:31:26,802 - Epoch: 38, 251/274: VFL loss: 0.0001, total loss: 0.0234, anchor loss: 0.0467, VFL train accuracy: 1.0000
2026-04-20 23:31:27,005 - Epoch: 38, 261/274: VFL loss: 0.0002, total loss: 0.0235, anchor loss: 0.0468, VFL train accuracy: 1.0000
2026-04-20 23:31:27,201 - Epoch: 38, 271/274: VFL loss: 0.0002, total loss: 0.0235, anchor loss: 0.0468, VFL train accuracy: 1.0000
2026-04-20 23:31:27,263 - => Recorded Stage 2 client anchor losses for epoch 38 to 'results/AVGuard/stage3_gamma_sensitivity_3clients_noema_bounded_q/NUSWIDE_3clients_noema_bounded_q_gamma_1.0\stage2_final_epoch_client_anchor_losses.json': {0: 0.017677, 1: 0.055015, 2: 0.067692}
2026-04-20 23:31:27,265 - => Stage 2 EMA anchor update skipped at epoch 38 because momentum=1.0000 disables EMA; eligible classes per client {0: 5, 1: 5, 2: 5}
2026-04-20 23:31:27,265 - => Stage 2 Epoch 38 Training Summary: VFL loss: 0.0002, total loss: 0.0235, anchor loss: 0.0468, VFL train accuracy: 1.0000
2026-04-20 23:31:27,265 - => Test ASR...
2026-04-20 23:31:27,374 - =>Add Trigger to Test Data
2026-04-20 23:31:29,496 - Add Trigger to 37064 Bad Samples, 9629 Clean Samples (1.00)
2026-04-20 23:31:37,336 - => Test Epoch: 38, main task samples: 46693, attack samples: 46693, test loss: 1.3091, clean acc: 0.7816, Top-4: 0.9948, ASR: 0.0620, RAC: 0.6996, test target accuracy: 0.8894, stage3 final accuracy: 0.7816, stage3 final target accuracy: 0.7600, stage3 final asr: 0.0620, anchor loss: 0.0781
2026-04-20 23:31:37,336 - => Stage 3 Detection Summary: recall: 0.6522, precision: 0.0251, f1: 0.0484, false positive rate: 0.2056, correction rate: 0.3442
2026-04-20 23:31:37,336 - => Stage 3 Debug (clean): suspicious=9602/46693, correction_applied=9589, prediction_changed=9589, skipped_tied_vote=0, skipped_low_margin=0, skipped_other=13
2026-04-20 23:31:37,336 - => Stage 3 Debug (poison-valid): suspicious=11870/37064, correction_applied=11860, prediction_changed=11860, skipped_tied_vote=0, skipped_low_margin=0, skipped_other=10
2026-04-20 23:31:37,336 - => Stage 3 Debug (attack-success): suspicious=540/828, correction_applied=539, prediction_changed=539, corrected_to_true=285
2026-04-20 23:31:37,336 - => Stage 2 checkpoint score: mean(clean_acc=0.7816, recall=0.6522, correction_rate=0.3442) = 0.5927
2026-04-20 23:31:37,373 - => End Epoch: 38, early stop epochs: 37, best epoch: 1, best clean acc: 0.7673, best Top-4: 0.9965, best ASR: 0.2678, best RAC: 0.6693, anchor loss: 0.0830, best checkpoint score: 0.6513
2026-04-20 23:31:37,373 - => Stage 3 Detection Summary: recall: 0.6904, precision: 0.2858, f1: 0.4042, false positive rate: 0.2121, correction rate: 0.4961
2026-04-20 23:31:37,398 - => LFBA current anchor-derived target label: 3
2026-04-20 23:31:37,478 - =>Add Trigger to Train Data
2026-04-20 23:31:37,697 - Add Trigger to 6996 Bad Samples, 62970 Clean Samples (0.10)
2026-04-20 23:31:37,700 - => Start Training for Injecting Backdoor...
2026-04-20 23:31:37,734 - Epoch: 39, 1/274: VFL loss: 0.0002, total loss: 0.0255, anchor loss: 0.0509, VFL train accuracy: 1.0000
2026-04-20 23:31:38,124 - Epoch: 39, 11/274: VFL loss: 0.0002, total loss: 0.0231, anchor loss: 0.0461, VFL train accuracy: 1.0000
2026-04-20 23:31:38,358 - Epoch: 39, 21/274: VFL loss: 0.0001, total loss: 0.0232, anchor loss: 0.0462, VFL train accuracy: 1.0000
2026-04-20 23:31:38,590 - Epoch: 39, 31/274: VFL loss: 0.0001, total loss: 0.0232, anchor loss: 0.0462, VFL train accuracy: 1.0000
2026-04-20 23:31:38,801 - Epoch: 39, 41/274: VFL loss: 0.0001, total loss: 0.0231, anchor loss: 0.0460, VFL train accuracy: 1.0000
2026-04-20 23:31:38,999 - Epoch: 39, 51/274: VFL loss: 0.0001, total loss: 0.0234, anchor loss: 0.0466, VFL train accuracy: 1.0000
2026-04-20 23:31:39,202 - Epoch: 39, 61/274: VFL loss: 0.0001, total loss: 0.0234, anchor loss: 0.0466, VFL train accuracy: 1.0000
2026-04-20 23:31:39,400 - Epoch: 39, 71/274: VFL loss: 0.0001, total loss: 0.0233, anchor loss: 0.0465, VFL train accuracy: 1.0000
2026-04-20 23:31:39,600 - Epoch: 39, 81/274: VFL loss: 0.0001, total loss: 0.0232, anchor loss: 0.0463, VFL train accuracy: 1.0000
2026-04-20 23:31:39,803 - Epoch: 39, 91/274: VFL loss: 0.0001, total loss: 0.0232, anchor loss: 0.0462, VFL train accuracy: 1.0000
2026-04-20 23:31:40,013 - Epoch: 39, 101/274: VFL loss: 0.0001, total loss: 0.0232, anchor loss: 0.0463, VFL train accuracy: 1.0000
2026-04-20 23:31:40,214 - Epoch: 39, 111/274: VFL loss: 0.0001, total loss: 0.0232, anchor loss: 0.0463, VFL train accuracy: 1.0000
2026-04-20 23:31:40,415 - Epoch: 39, 121/274: VFL loss: 0.0001, total loss: 0.0232, anchor loss: 0.0463, VFL train accuracy: 1.0000
2026-04-20 23:31:40,623 - Epoch: 39, 131/274: VFL loss: 0.0001, total loss: 0.0232, anchor loss: 0.0463, VFL train accuracy: 1.0000
2026-04-20 23:31:40,825 - Epoch: 39, 141/274: VFL loss: 0.0001, total loss: 0.0232, anchor loss: 0.0463, VFL train accuracy: 1.0000
2026-04-20 23:31:41,021 - Epoch: 39, 151/274: VFL loss: 0.0001, total loss: 0.0233, anchor loss: 0.0464, VFL train accuracy: 1.0000
2026-04-20 23:31:41,224 - Epoch: 39, 161/274: VFL loss: 0.0001, total loss: 0.0233, anchor loss: 0.0464, VFL train accuracy: 1.0000
2026-04-20 23:31:41,418 - Epoch: 39, 171/274: VFL loss: 0.0001, total loss: 0.0233, anchor loss: 0.0464, VFL train accuracy: 1.0000
2026-04-20 23:31:41,626 - Epoch: 39, 181/274: VFL loss: 0.0001, total loss: 0.0232, anchor loss: 0.0463, VFL train accuracy: 1.0000
2026-04-20 23:31:41,830 - Epoch: 39, 191/274: VFL loss: 0.0001, total loss: 0.0233, anchor loss: 0.0464, VFL train accuracy: 1.0000
2026-04-20 23:31:42,030 - Epoch: 39, 201/274: VFL loss: 0.0001, total loss: 0.0232, anchor loss: 0.0463, VFL train accuracy: 1.0000
2026-04-20 23:31:42,224 - Epoch: 39, 211/274: VFL loss: 0.0001, total loss: 0.0232, anchor loss: 0.0463, VFL train accuracy: 1.0000
2026-04-20 23:31:42,424 - Epoch: 39, 221/274: VFL loss: 0.0001, total loss: 0.0232, anchor loss: 0.0464, VFL train accuracy: 1.0000
2026-04-20 23:31:42,629 - Epoch: 39, 231/274: VFL loss: 0.0001, total loss: 0.0233, anchor loss: 0.0464, VFL train accuracy: 1.0000
2026-04-20 23:31:42,834 - Epoch: 39, 241/274: VFL loss: 0.0001, total loss: 0.0232, anchor loss: 0.0463, VFL train accuracy: 1.0000
2026-04-20 23:31:43,039 - Epoch: 39, 251/274: VFL loss: 0.0001, total loss: 0.0232, anchor loss: 0.0463, VFL train accuracy: 1.0000
2026-04-20 23:31:43,248 - Epoch: 39, 261/274: VFL loss: 0.0001, total loss: 0.0233, anchor loss: 0.0464, VFL train accuracy: 1.0000
2026-04-20 23:31:43,443 - Epoch: 39, 271/274: VFL loss: 0.0001, total loss: 0.0233, anchor loss: 0.0464, VFL train accuracy: 1.0000
2026-04-20 23:31:43,512 - => Recorded Stage 2 client anchor losses for epoch 39 to 'results/AVGuard/stage3_gamma_sensitivity_3clients_noema_bounded_q/NUSWIDE_3clients_noema_bounded_q_gamma_1.0\stage2_final_epoch_client_anchor_losses.json': {0: 0.017439, 1: 0.054419, 2: 0.06743}
2026-04-20 23:31:43,513 - => Stage 2 EMA anchor update skipped at epoch 39 because momentum=1.0000 disables EMA; eligible classes per client {0: 5, 1: 5, 2: 5}
2026-04-20 23:31:43,513 - => Stage 2 Epoch 39 Training Summary: VFL loss: 0.0001, total loss: 0.0233, anchor loss: 0.0465, VFL train accuracy: 1.0000
2026-04-20 23:31:43,514 - => Test ASR...
2026-04-20 23:31:43,621 - =>Add Trigger to Test Data
2026-04-20 23:31:45,723 - Add Trigger to 37064 Bad Samples, 9629 Clean Samples (1.00)
2026-04-20 23:31:53,655 - => Test Epoch: 39, main task samples: 46693, attack samples: 46693, test loss: 1.3429, clean acc: 0.7817, Top-4: 0.9948, ASR: 0.0635, RAC: 0.6997, test target accuracy: 0.8843, stage3 final accuracy: 0.7817, stage3 final target accuracy: 0.7616, stage3 final asr: 0.0635, anchor loss: 0.0781
2026-04-20 23:31:53,657 - => Stage 3 Detection Summary: recall: 0.6368, precision: 0.0232, f1: 0.0447, false positive rate: 0.2059, correction rate: 0.3504
2026-04-20 23:31:53,657 - => Stage 3 Debug (clean): suspicious=9612/46693, correction_applied=9600, prediction_changed=9600, skipped_tied_vote=0, skipped_low_margin=0, skipped_other=12
2026-04-20 23:31:53,657 - => Stage 3 Debug (poison-valid): suspicious=11891/37064, correction_applied=11879, prediction_changed=11879, skipped_tied_vote=0, skipped_low_margin=0, skipped_other=12
2026-04-20 23:31:53,657 - => Stage 3 Debug (attack-success): suspicious=498/782, correction_applied=498, prediction_changed=498, corrected_to_true=274
2026-04-20 23:31:53,657 - => Stage 2 checkpoint score: mean(clean_acc=0.7817, recall=0.6368, correction_rate=0.3504) = 0.5896
2026-04-20 23:31:53,697 - => End Epoch: 39, early stop epochs: 38, best epoch: 1, best clean acc: 0.7673, best Top-4: 0.9965, best ASR: 0.2678, best RAC: 0.6693, anchor loss: 0.0830, best checkpoint score: 0.6513
2026-04-20 23:31:53,697 - => Stage 3 Detection Summary: recall: 0.6904, precision: 0.2858, f1: 0.4042, false positive rate: 0.2121, correction rate: 0.4961
2026-04-20 23:31:53,723 - => LFBA current anchor-derived target label: 3
2026-04-20 23:31:53,804 - =>Add Trigger to Train Data
2026-04-20 23:31:54,074 - Add Trigger to 6996 Bad Samples, 62970 Clean Samples (0.10)
2026-04-20 23:31:54,078 - => Start Training for Injecting Backdoor...
2026-04-20 23:31:54,108 - Epoch: 40, 1/274: VFL loss: 0.0000, total loss: 0.0246, anchor loss: 0.0492, VFL train accuracy: 1.0000
2026-04-20 23:31:54,490 - Epoch: 40, 11/274: VFL loss: 0.0001, total loss: 0.0221, anchor loss: 0.0440, VFL train accuracy: 1.0000
2026-04-20 23:31:54,688 - Epoch: 40, 21/274: VFL loss: 0.0001, total loss: 0.0222, anchor loss: 0.0443, VFL train accuracy: 1.0000
2026-04-20 23:31:54,892 - Epoch: 40, 31/274: VFL loss: 0.0001, total loss: 0.0225, anchor loss: 0.0449, VFL train accuracy: 1.0000
2026-04-20 23:31:55,092 - Epoch: 40, 41/274: VFL loss: 0.0001, total loss: 0.0226, anchor loss: 0.0451, VFL train accuracy: 1.0000
2026-04-20 23:31:55,287 - Epoch: 40, 51/274: VFL loss: 0.0001, total loss: 0.0226, anchor loss: 0.0451, VFL train accuracy: 1.0000
2026-04-20 23:31:55,486 - Epoch: 40, 61/274: VFL loss: 0.0001, total loss: 0.0227, anchor loss: 0.0452, VFL train accuracy: 1.0000
2026-04-20 23:31:55,690 - Epoch: 40, 71/274: VFL loss: 0.0001, total loss: 0.0227, anchor loss: 0.0453, VFL train accuracy: 1.0000
2026-04-20 23:31:55,889 - Epoch: 40, 81/274: VFL loss: 0.0001, total loss: 0.0228, anchor loss: 0.0454, VFL train accuracy: 1.0000
2026-04-20 23:31:56,223 - Epoch: 40, 91/274: VFL loss: 0.0001, total loss: 0.0228, anchor loss: 0.0456, VFL train accuracy: 1.0000
2026-04-20 23:31:56,426 - Epoch: 40, 101/274: VFL loss: 0.0001, total loss: 0.0229, anchor loss: 0.0456, VFL train accuracy: 1.0000
2026-04-20 23:31:56,624 - Epoch: 40, 111/274: VFL loss: 0.0001, total loss: 0.0229, anchor loss: 0.0457, VFL train accuracy: 1.0000
2026-04-20 23:31:56,829 - Epoch: 40, 121/274: VFL loss: 0.0001, total loss: 0.0229, anchor loss: 0.0457, VFL train accuracy: 1.0000
2026-04-20 23:31:57,022 - Epoch: 40, 131/274: VFL loss: 0.0001, total loss: 0.0230, anchor loss: 0.0458, VFL train accuracy: 1.0000
2026-04-20 23:31:57,224 - Epoch: 40, 141/274: VFL loss: 0.0001, total loss: 0.0229, anchor loss: 0.0457, VFL train accuracy: 1.0000
2026-04-20 23:31:57,419 - Epoch: 40, 151/274: VFL loss: 0.0001, total loss: 0.0230, anchor loss: 0.0458, VFL train accuracy: 1.0000
2026-04-20 23:31:57,622 - Epoch: 40, 161/274: VFL loss: 0.0001, total loss: 0.0230, anchor loss: 0.0458, VFL train accuracy: 1.0000
2026-04-20 23:31:57,824 - Epoch: 40, 171/274: VFL loss: 0.0001, total loss: 0.0230, anchor loss: 0.0460, VFL train accuracy: 1.0000
2026-04-20 23:31:58,023 - Epoch: 40, 181/274: VFL loss: 0.0001, total loss: 0.0230, anchor loss: 0.0460, VFL train accuracy: 1.0000
2026-04-20 23:31:58,227 - Epoch: 40, 191/274: VFL loss: 0.0001, total loss: 0.0231, anchor loss: 0.0461, VFL train accuracy: 1.0000
2026-04-20 23:31:58,443 - Epoch: 40, 201/274: VFL loss: 0.0001, total loss: 0.0231, anchor loss: 0.0461, VFL train accuracy: 1.0000
2026-04-20 23:31:58,648 - Epoch: 40, 211/274: VFL loss: 0.0001, total loss: 0.0231, anchor loss: 0.0460, VFL train accuracy: 1.0000
2026-04-20 23:31:58,843 - Epoch: 40, 221/274: VFL loss: 0.0001, total loss: 0.0231, anchor loss: 0.0460, VFL train accuracy: 1.0000
2026-04-20 23:31:59,052 - Epoch: 40, 231/274: VFL loss: 0.0001, total loss: 0.0231, anchor loss: 0.0460, VFL train accuracy: 1.0000
2026-04-20 23:31:59,261 - Epoch: 40, 241/274: VFL loss: 0.0001, total loss: 0.0231, anchor loss: 0.0460, VFL train accuracy: 1.0000
2026-04-20 23:31:59,462 - Epoch: 40, 251/274: VFL loss: 0.0001, total loss: 0.0231, anchor loss: 0.0460, VFL train accuracy: 1.0000
2026-04-20 23:31:59,659 - Epoch: 40, 261/274: VFL loss: 0.0001, total loss: 0.0230, anchor loss: 0.0460, VFL train accuracy: 1.0000
2026-04-20 23:31:59,856 - Epoch: 40, 271/274: VFL loss: 0.0001, total loss: 0.0231, anchor loss: 0.0460, VFL train accuracy: 1.0000
2026-04-20 23:31:59,921 - => Recorded Stage 2 client anchor losses for epoch 40 to 'results/AVGuard/stage3_gamma_sensitivity_3clients_noema_bounded_q/NUSWIDE_3clients_noema_bounded_q_gamma_1.0\stage2_final_epoch_client_anchor_losses.json': {0: 0.017208, 1: 0.053827, 2: 0.067051}
2026-04-20 23:31:59,923 - => Stage 2 EMA anchor update skipped at epoch 40 because momentum=1.0000 disables EMA; eligible classes per client {0: 5, 1: 5, 2: 5}
2026-04-20 23:31:59,923 - => Stage 2 Epoch 40 Training Summary: VFL loss: 0.0001, total loss: 0.0231, anchor loss: 0.0460, VFL train accuracy: 1.0000
2026-04-20 23:31:59,923 - => Test ASR...
2026-04-20 23:32:00,037 - =>Add Trigger to Test Data
2026-04-20 23:32:02,342 - Add Trigger to 37064 Bad Samples, 9629 Clean Samples (1.00)
2026-04-20 23:32:10,090 - => Test Epoch: 40, main task samples: 46693, attack samples: 46693, test loss: 1.3691, clean acc: 0.7823, Top-4: 0.9946, ASR: 0.0616, RAC: 0.7014, test target accuracy: 0.8873, stage3 final accuracy: 0.7823, stage3 final target accuracy: 0.7628, stage3 final asr: 0.0616, anchor loss: 0.0781
2026-04-20 23:32:10,091 - => Stage 3 Detection Summary: recall: 0.6496, precision: 0.0254, f1: 0.0488, false positive rate: 0.2058, correction rate: 0.3433
2026-04-20 23:32:10,091 - => Stage 3 Debug (clean): suspicious=9610/46693, correction_applied=9587, prediction_changed=9587, skipped_tied_vote=0, skipped_low_margin=0, skipped_other=23
2026-04-20 23:32:10,091 - => Stage 3 Debug (poison-valid): suspicious=11878/37064, correction_applied=11868, prediction_changed=11868, skipped_tied_vote=0, skipped_low_margin=0, skipped_other=10
2026-04-20 23:32:10,091 - => Stage 3 Debug (attack-success): suspicious=545/839, correction_applied=545, prediction_changed=545, corrected_to_true=288
2026-04-20 23:32:10,091 - => Stage 2 checkpoint score: mean(clean_acc=0.7823, recall=0.6496, correction_rate=0.3433) = 0.5917
2026-04-20 23:32:10,127 - => End Epoch: 40, early stop epochs: 39, best epoch: 1, best clean acc: 0.7673, best Top-4: 0.9965, best ASR: 0.2678, best RAC: 0.6693, anchor loss: 0.0830, best checkpoint score: 0.6513
2026-04-20 23:32:10,127 - => Stage 3 Detection Summary: recall: 0.6904, precision: 0.2858, f1: 0.4042, false positive rate: 0.2121, correction rate: 0.4961
2026-04-20 23:32:10,153 - => LFBA current anchor-derived target label: 3
2026-04-20 23:32:10,232 - =>Add Trigger to Train Data
2026-04-20 23:32:10,465 - Add Trigger to 6996 Bad Samples, 62970 Clean Samples (0.10)
2026-04-20 23:32:10,468 - => Start Training for Injecting Backdoor...
2026-04-20 23:32:10,496 - Epoch: 41, 1/274: VFL loss: 0.0002, total loss: 0.0227, anchor loss: 0.0452, VFL train accuracy: 1.0000
2026-04-20 23:32:10,890 - Epoch: 41, 11/274: VFL loss: 0.0001, total loss: 0.0226, anchor loss: 0.0450, VFL train accuracy: 1.0000
2026-04-20 23:32:11,108 - Epoch: 41, 21/274: VFL loss: 0.0001, total loss: 0.0227, anchor loss: 0.0453, VFL train accuracy: 1.0000
2026-04-20 23:32:11,324 - Epoch: 41, 31/274: VFL loss: 0.0001, total loss: 0.0227, anchor loss: 0.0453, VFL train accuracy: 1.0000
2026-04-20 23:32:11,550 - Epoch: 41, 41/274: VFL loss: 0.0001, total loss: 0.0225, anchor loss: 0.0449, VFL train accuracy: 1.0000
2026-04-20 23:32:11,761 - Epoch: 41, 51/274: VFL loss: 0.0001, total loss: 0.0225, anchor loss: 0.0448, VFL train accuracy: 1.0000
2026-04-20 23:32:11,965 - Epoch: 41, 61/274: VFL loss: 0.0001, total loss: 0.0225, anchor loss: 0.0448, VFL train accuracy: 1.0000
2026-04-20 23:32:12,177 - Epoch: 41, 71/274: VFL loss: 0.0001, total loss: 0.0225, anchor loss: 0.0448, VFL train accuracy: 1.0000
2026-04-20 23:32:12,384 - Epoch: 41, 81/274: VFL loss: 0.0001, total loss: 0.0225, anchor loss: 0.0449, VFL train accuracy: 1.0000
2026-04-20 23:32:12,584 - Epoch: 41, 91/274: VFL loss: 0.0001, total loss: 0.0227, anchor loss: 0.0452, VFL train accuracy: 1.0000
2026-04-20 23:32:12,795 - Epoch: 41, 101/274: VFL loss: 0.0001, total loss: 0.0227, anchor loss: 0.0453, VFL train accuracy: 1.0000
2026-04-20 23:32:13,002 - Epoch: 41, 111/274: VFL loss: 0.0001, total loss: 0.0227, anchor loss: 0.0454, VFL train accuracy: 1.0000
2026-04-20 23:32:13,196 - Epoch: 41, 121/274: VFL loss: 0.0001, total loss: 0.0228, anchor loss: 0.0454, VFL train accuracy: 1.0000
2026-04-20 23:32:13,395 - Epoch: 41, 131/274: VFL loss: 0.0001, total loss: 0.0227, anchor loss: 0.0453, VFL train accuracy: 1.0000
2026-04-20 23:32:13,601 - Epoch: 41, 141/274: VFL loss: 0.0001, total loss: 0.0227, anchor loss: 0.0453, VFL train accuracy: 1.0000
2026-04-20 23:32:13,799 - Epoch: 41, 151/274: VFL loss: 0.0001, total loss: 0.0228, anchor loss: 0.0454, VFL train accuracy: 1.0000
2026-04-20 23:32:14,003 - Epoch: 41, 161/274: VFL loss: 0.0001, total loss: 0.0228, anchor loss: 0.0454, VFL train accuracy: 1.0000
2026-04-20 23:32:14,206 - Epoch: 41, 171/274: VFL loss: 0.0001, total loss: 0.0228, anchor loss: 0.0454, VFL train accuracy: 1.0000
2026-04-20 23:32:14,404 - Epoch: 41, 181/274: VFL loss: 0.0001, total loss: 0.0228, anchor loss: 0.0455, VFL train accuracy: 1.0000
2026-04-20 23:32:14,613 - Epoch: 41, 191/274: VFL loss: 0.0001, total loss: 0.0228, anchor loss: 0.0454, VFL train accuracy: 1.0000
2026-04-20 23:32:14,814 - Epoch: 41, 201/274: VFL loss: 0.0001, total loss: 0.0227, anchor loss: 0.0454, VFL train accuracy: 1.0000
2026-04-20 23:32:15,031 - Epoch: 41, 211/274: VFL loss: 0.0001, total loss: 0.0227, anchor loss: 0.0453, VFL train accuracy: 1.0000
2026-04-20 23:32:15,239 - Epoch: 41, 221/274: VFL loss: 0.0001, total loss: 0.0227, anchor loss: 0.0453, VFL train accuracy: 1.0000
2026-04-20 23:32:15,448 - Epoch: 41, 231/274: VFL loss: 0.0001, total loss: 0.0227, anchor loss: 0.0453, VFL train accuracy: 1.0000
2026-04-20 23:32:15,660 - Epoch: 41, 241/274: VFL loss: 0.0001, total loss: 0.0227, anchor loss: 0.0453, VFL train accuracy: 1.0000
2026-04-20 23:32:15,867 - Epoch: 41, 251/274: VFL loss: 0.0001, total loss: 0.0227, anchor loss: 0.0454, VFL train accuracy: 1.0000
2026-04-20 23:32:16,074 - Epoch: 41, 261/274: VFL loss: 0.0001, total loss: 0.0227, anchor loss: 0.0453, VFL train accuracy: 1.0000
2026-04-20 23:32:16,287 - Epoch: 41, 271/274: VFL loss: 0.0001, total loss: 0.0227, anchor loss: 0.0453, VFL train accuracy: 1.0000
2026-04-20 23:32:16,357 - => Recorded Stage 2 client anchor losses for epoch 41 to 'results/AVGuard/stage3_gamma_sensitivity_3clients_noema_bounded_q/NUSWIDE_3clients_noema_bounded_q_gamma_1.0\stage2_final_epoch_client_anchor_losses.json': {0: 0.016796, 1: 0.052937, 2: 0.066336}
2026-04-20 23:32:16,358 - => Stage 2 EMA anchor update skipped at epoch 41 because momentum=1.0000 disables EMA; eligible classes per client {0: 5, 1: 5, 2: 5}
2026-04-20 23:32:16,358 - => Stage 2 Epoch 41 Training Summary: VFL loss: 0.0001, total loss: 0.0227, anchor loss: 0.0454, VFL train accuracy: 1.0000
2026-04-20 23:32:16,358 - => Test ASR...
2026-04-20 23:32:16,465 - =>Add Trigger to Test Data
2026-04-20 23:32:18,664 - Add Trigger to 37064 Bad Samples, 9629 Clean Samples (1.00)
2026-04-20 23:32:26,675 - => Test Epoch: 41, main task samples: 46693, attack samples: 46693, test loss: 1.3700, clean acc: 0.7822, Top-4: 0.9946, ASR: 0.0614, RAC: 0.7012, test target accuracy: 0.8873, stage3 final accuracy: 0.7822, stage3 final target accuracy: 0.7632, stage3 final asr: 0.0614, anchor loss: 0.0781
2026-04-20 23:32:26,675 - => Stage 3 Detection Summary: recall: 0.6530, precision: 0.0251, f1: 0.0484, false positive rate: 0.2060, correction rate: 0.3567
2026-04-20 23:32:26,675 - => Stage 3 Debug (clean): suspicious=9621/46693, correction_applied=9599, prediction_changed=9599, skipped_tied_vote=0, skipped_low_margin=0, skipped_other=22
2026-04-20 23:32:26,675 - => Stage 3 Debug (poison-valid): suspicious=11855/37064, correction_applied=11846, prediction_changed=11846, skipped_tied_vote=0, skipped_low_margin=0, skipped_other=9
2026-04-20 23:32:26,675 - => Stage 3 Debug (attack-success): suspicious=540/827, correction_applied=540, prediction_changed=540, corrected_to_true=295
2026-04-20 23:32:26,676 - => Stage 2 checkpoint score: mean(clean_acc=0.7822, recall=0.6530, correction_rate=0.3567) = 0.5973
2026-04-20 23:32:26,713 - => End Epoch: 41, early stop epochs: 40, best epoch: 1, best clean acc: 0.7673, best Top-4: 0.9965, best ASR: 0.2678, best RAC: 0.6693, anchor loss: 0.0830, best checkpoint score: 0.6513
2026-04-20 23:32:26,713 - => Stage 3 Detection Summary: recall: 0.6904, precision: 0.2858, f1: 0.4042, false positive rate: 0.2121, correction rate: 0.4961
2026-04-20 23:32:26,738 - => LFBA current anchor-derived target label: 3
2026-04-20 23:32:26,819 - =>Add Trigger to Train Data
2026-04-20 23:32:27,046 - Add Trigger to 6996 Bad Samples, 62970 Clean Samples (0.10)
2026-04-20 23:32:27,049 - => Start Training for Injecting Backdoor...
2026-04-20 23:32:27,081 - Epoch: 42, 1/274: VFL loss: 0.0001, total loss: 0.0241, anchor loss: 0.0481, VFL train accuracy: 1.0000
2026-04-20 23:32:27,457 - Epoch: 42, 11/274: VFL loss: 0.0001, total loss: 0.0232, anchor loss: 0.0464, VFL train accuracy: 1.0000
2026-04-20 23:32:27,657 - Epoch: 42, 21/274: VFL loss: 0.0001, total loss: 0.0230, anchor loss: 0.0459, VFL train accuracy: 1.0000
2026-04-20 23:32:27,858 - Epoch: 42, 31/274: VFL loss: 0.0001, total loss: 0.0229, anchor loss: 0.0457, VFL train accuracy: 1.0000
2026-04-20 23:32:28,063 - Epoch: 42, 41/274: VFL loss: 0.0001, total loss: 0.0229, anchor loss: 0.0457, VFL train accuracy: 1.0000
2026-04-20 23:32:28,262 - Epoch: 42, 51/274: VFL loss: 0.0001, total loss: 0.0228, anchor loss: 0.0456, VFL train accuracy: 1.0000
2026-04-20 23:32:28,456 - Epoch: 42, 61/274: VFL loss: 0.0001, total loss: 0.0230, anchor loss: 0.0459, VFL train accuracy: 1.0000
2026-04-20 23:32:28,651 - Epoch: 42, 71/274: VFL loss: 0.0001, total loss: 0.0230, anchor loss: 0.0459, VFL train accuracy: 1.0000
2026-04-20 23:32:28,849 - Epoch: 42, 81/274: VFL loss: 0.0001, total loss: 0.0228, anchor loss: 0.0456, VFL train accuracy: 1.0000
2026-04-20 23:32:29,051 - Epoch: 42, 91/274: VFL loss: 0.0001, total loss: 0.0228, anchor loss: 0.0456, VFL train accuracy: 1.0000
2026-04-20 23:32:29,244 - Epoch: 42, 101/274: VFL loss: 0.0001, total loss: 0.0228, anchor loss: 0.0455, VFL train accuracy: 1.0000
2026-04-20 23:32:29,451 - Epoch: 42, 111/274: VFL loss: 0.0001, total loss: 0.0227, anchor loss: 0.0454, VFL train accuracy: 1.0000
2026-04-20 23:32:29,664 - Epoch: 42, 121/274: VFL loss: 0.0001, total loss: 0.0228, anchor loss: 0.0455, VFL train accuracy: 1.0000
2026-04-20 23:32:29,861 - Epoch: 42, 131/274: VFL loss: 0.0001, total loss: 0.0228, anchor loss: 0.0455, VFL train accuracy: 1.0000
2026-04-20 23:32:30,065 - Epoch: 42, 141/274: VFL loss: 0.0001, total loss: 0.0228, anchor loss: 0.0455, VFL train accuracy: 1.0000
2026-04-20 23:32:30,271 - Epoch: 42, 151/274: VFL loss: 0.0001, total loss: 0.0229, anchor loss: 0.0457, VFL train accuracy: 1.0000
2026-04-20 23:32:30,477 - Epoch: 42, 161/274: VFL loss: 0.0001, total loss: 0.0228, anchor loss: 0.0456, VFL train accuracy: 1.0000
2026-04-20 23:32:30,692 - Epoch: 42, 171/274: VFL loss: 0.0001, total loss: 0.0228, anchor loss: 0.0456, VFL train accuracy: 1.0000
2026-04-20 23:32:30,897 - Epoch: 42, 181/274: VFL loss: 0.0001, total loss: 0.0228, anchor loss: 0.0455, VFL train accuracy: 1.0000
2026-04-20 23:32:31,107 - Epoch: 42, 191/274: VFL loss: 0.0001, total loss: 0.0228, anchor loss: 0.0455, VFL train accuracy: 1.0000
2026-04-20 23:32:31,310 - Epoch: 42, 201/274: VFL loss: 0.0001, total loss: 0.0228, anchor loss: 0.0454, VFL train accuracy: 1.0000
2026-04-20 23:32:31,512 - Epoch: 42, 211/274: VFL loss: 0.0001, total loss: 0.0227, anchor loss: 0.0454, VFL train accuracy: 1.0000
2026-04-20 23:32:31,718 - Epoch: 42, 221/274: VFL loss: 0.0001, total loss: 0.0228, anchor loss: 0.0454, VFL train accuracy: 1.0000
2026-04-20 23:32:31,930 - Epoch: 42, 231/274: VFL loss: 0.0001, total loss: 0.0227, anchor loss: 0.0453, VFL train accuracy: 1.0000
2026-04-20 23:32:32,130 - Epoch: 42, 241/274: VFL loss: 0.0001, total loss: 0.0227, anchor loss: 0.0453, VFL train accuracy: 1.0000
2026-04-20 23:32:32,335 - Epoch: 42, 251/274: VFL loss: 0.0001, total loss: 0.0226, anchor loss: 0.0452, VFL train accuracy: 1.0000
2026-04-20 23:32:32,534 - Epoch: 42, 261/274: VFL loss: 0.0001, total loss: 0.0227, anchor loss: 0.0452, VFL train accuracy: 1.0000
2026-04-20 23:32:32,744 - Epoch: 42, 271/274: VFL loss: 0.0001, total loss: 0.0227, anchor loss: 0.0453, VFL train accuracy: 1.0000
2026-04-20 23:32:32,815 - => Recorded Stage 2 client anchor losses for epoch 42 to 'results/AVGuard/stage3_gamma_sensitivity_3clients_noema_bounded_q/NUSWIDE_3clients_noema_bounded_q_gamma_1.0\stage2_final_epoch_client_anchor_losses.json': {0: 0.016759, 1: 0.052834, 2: 0.066281}
2026-04-20 23:32:32,817 - => Stage 2 EMA anchor update skipped at epoch 42 because momentum=1.0000 disables EMA; eligible classes per client {0: 5, 1: 5, 2: 5}
2026-04-20 23:32:32,817 - => Stage 2 Epoch 42 Training Summary: VFL loss: 0.0001, total loss: 0.0227, anchor loss: 0.0453, VFL train accuracy: 1.0000
2026-04-20 23:32:32,818 - => Test ASR...
2026-04-20 23:32:32,924 - =>Add Trigger to Test Data
2026-04-20 23:32:35,070 - Add Trigger to 37064 Bad Samples, 9629 Clean Samples (1.00)
2026-04-20 23:32:43,049 - => Test Epoch: 42, main task samples: 46693, attack samples: 46693, test loss: 1.3720, clean acc: 0.7821, Top-4: 0.9946, ASR: 0.0616, RAC: 0.7007, test target accuracy: 0.8873, stage3 final accuracy: 0.7821, stage3 final target accuracy: 0.7632, stage3 final asr: 0.0616, anchor loss: 0.0781
2026-04-20 23:32:43,049 - => Stage 3 Detection Summary: recall: 0.6509, precision: 0.0250, f1: 0.0482, false positive rate: 0.2058, correction rate: 0.3564
2026-04-20 23:32:43,049 - => Stage 3 Debug (clean): suspicious=9608/46693, correction_applied=9584, prediction_changed=9584, skipped_tied_vote=0, skipped_low_margin=0, skipped_other=24
2026-04-20 23:32:43,049 - => Stage 3 Debug (poison-valid): suspicious=11848/37064, correction_applied=11840, prediction_changed=11840, skipped_tied_vote=0, skipped_low_margin=0, skipped_other=8
2026-04-20 23:32:43,049 - => Stage 3 Debug (attack-success): suspicious=537/825, correction_applied=537, prediction_changed=537, corrected_to_true=294
2026-04-20 23:32:43,050 - => Stage 2 checkpoint score: mean(clean_acc=0.7821, recall=0.6509, correction_rate=0.3564) = 0.5965
2026-04-20 23:32:43,091 - => End Epoch: 42, early stop epochs: 41, best epoch: 1, best clean acc: 0.7673, best Top-4: 0.9965, best ASR: 0.2678, best RAC: 0.6693, anchor loss: 0.0830, best checkpoint score: 0.6513
2026-04-20 23:32:43,092 - => Stage 3 Detection Summary: recall: 0.6904, precision: 0.2858, f1: 0.4042, false positive rate: 0.2121, correction rate: 0.4961
2026-04-20 23:32:43,117 - => LFBA current anchor-derived target label: 3
2026-04-20 23:32:43,210 - =>Add Trigger to Train Data
2026-04-20 23:32:43,440 - Add Trigger to 6996 Bad Samples, 62970 Clean Samples (0.10)
2026-04-20 23:32:43,443 - => Start Training for Injecting Backdoor...
2026-04-20 23:32:43,476 - Epoch: 43, 1/274: VFL loss: 0.0004, total loss: 0.0223, anchor loss: 0.0442, VFL train accuracy: 1.0000
2026-04-20 23:32:43,867 - Epoch: 43, 11/274: VFL loss: 0.0001, total loss: 0.0228, anchor loss: 0.0455, VFL train accuracy: 1.0000
2026-04-20 23:32:44,173 - Epoch: 43, 21/274: VFL loss: 0.0001, total loss: 0.0232, anchor loss: 0.0463, VFL train accuracy: 1.0000
2026-04-20 23:32:44,412 - Epoch: 43, 31/274: VFL loss: 0.0001, total loss: 0.0230, anchor loss: 0.0458, VFL train accuracy: 1.0000
2026-04-20 23:32:44,640 - Epoch: 43, 41/274: VFL loss: 0.0001, total loss: 0.0227, anchor loss: 0.0454, VFL train accuracy: 1.0000
2026-04-20 23:32:44,858 - Epoch: 43, 51/274: VFL loss: 0.0001, total loss: 0.0228, anchor loss: 0.0455, VFL train accuracy: 1.0000
2026-04-20 23:32:45,061 - Epoch: 43, 61/274: VFL loss: 0.0001, total loss: 0.0228, anchor loss: 0.0456, VFL train accuracy: 1.0000
2026-04-20 23:32:45,261 - Epoch: 43, 71/274: VFL loss: 0.0001, total loss: 0.0229, anchor loss: 0.0457, VFL train accuracy: 1.0000
2026-04-20 23:32:45,599 - Epoch: 43, 81/274: VFL loss: 0.0001, total loss: 0.0229, anchor loss: 0.0457, VFL train accuracy: 1.0000
2026-04-20 23:32:45,798 - Epoch: 43, 91/274: VFL loss: 0.0001, total loss: 0.0229, anchor loss: 0.0457, VFL train accuracy: 1.0000
2026-04-20 23:32:45,995 - Epoch: 43, 101/274: VFL loss: 0.0001, total loss: 0.0229, anchor loss: 0.0456, VFL train accuracy: 1.0000
2026-04-20 23:32:46,194 - Epoch: 43, 111/274: VFL loss: 0.0001, total loss: 0.0228, anchor loss: 0.0456, VFL train accuracy: 1.0000
2026-04-20 23:32:46,402 - Epoch: 43, 121/274: VFL loss: 0.0001, total loss: 0.0228, anchor loss: 0.0454, VFL train accuracy: 1.0000
2026-04-20 23:32:46,600 - Epoch: 43, 131/274: VFL loss: 0.0001, total loss: 0.0227, anchor loss: 0.0453, VFL train accuracy: 1.0000
2026-04-20 23:32:46,799 - Epoch: 43, 141/274: VFL loss: 0.0001, total loss: 0.0227, anchor loss: 0.0453, VFL train accuracy: 1.0000
2026-04-20 23:32:47,012 - Epoch: 43, 151/274: VFL loss: 0.0001, total loss: 0.0227, anchor loss: 0.0454, VFL train accuracy: 1.0000
2026-04-20 23:32:47,216 - Epoch: 43, 161/274: VFL loss: 0.0001, total loss: 0.0227, anchor loss: 0.0454, VFL train accuracy: 1.0000
2026-04-20 23:32:47,414 - Epoch: 43, 171/274: VFL loss: 0.0001, total loss: 0.0227, anchor loss: 0.0454, VFL train accuracy: 1.0000
2026-04-20 23:32:47,619 - Epoch: 43, 181/274: VFL loss: 0.0001, total loss: 0.0227, anchor loss: 0.0453, VFL train accuracy: 1.0000
2026-04-20 23:32:47,825 - Epoch: 43, 191/274: VFL loss: 0.0001, total loss: 0.0227, anchor loss: 0.0453, VFL train accuracy: 1.0000
2026-04-20 23:32:48,030 - Epoch: 43, 201/274: VFL loss: 0.0001, total loss: 0.0227, anchor loss: 0.0452, VFL train accuracy: 1.0000
2026-04-20 23:32:48,227 - Epoch: 43, 211/274: VFL loss: 0.0001, total loss: 0.0227, anchor loss: 0.0452, VFL train accuracy: 1.0000
2026-04-20 23:32:48,423 - Epoch: 43, 221/274: VFL loss: 0.0001, total loss: 0.0226, anchor loss: 0.0451, VFL train accuracy: 1.0000
2026-04-20 23:32:48,624 - Epoch: 43, 231/274: VFL loss: 0.0001, total loss: 0.0226, anchor loss: 0.0451, VFL train accuracy: 1.0000
2026-04-20 23:32:48,833 - Epoch: 43, 241/274: VFL loss: 0.0001, total loss: 0.0226, anchor loss: 0.0452, VFL train accuracy: 1.0000
2026-04-20 23:32:49,034 - Epoch: 43, 251/274: VFL loss: 0.0001, total loss: 0.0226, anchor loss: 0.0452, VFL train accuracy: 1.0000
2026-04-20 23:32:49,230 - Epoch: 43, 261/274: VFL loss: 0.0001, total loss: 0.0226, anchor loss: 0.0452, VFL train accuracy: 1.0000
2026-04-20 23:32:49,436 - Epoch: 43, 271/274: VFL loss: 0.0001, total loss: 0.0227, anchor loss: 0.0452, VFL train accuracy: 1.0000
2026-04-20 23:32:49,508 - => Recorded Stage 2 client anchor losses for epoch 43 to 'results/AVGuard/stage3_gamma_sensitivity_3clients_noema_bounded_q/NUSWIDE_3clients_noema_bounded_q_gamma_1.0\stage2_final_epoch_client_anchor_losses.json': {0: 0.016727, 1: 0.052753, 2: 0.06622}
2026-04-20 23:32:49,509 - => Stage 2 EMA anchor update skipped at epoch 43 because momentum=1.0000 disables EMA; eligible classes per client {0: 5, 1: 5, 2: 5}
2026-04-20 23:32:49,510 - => Stage 2 Epoch 43 Training Summary: VFL loss: 0.0001, total loss: 0.0227, anchor loss: 0.0453, VFL train accuracy: 1.0000
2026-04-20 23:32:49,510 - => Test ASR...
2026-04-20 23:32:49,619 - =>Add Trigger to Test Data
2026-04-20 23:32:51,670 - Add Trigger to 37064 Bad Samples, 9629 Clean Samples (1.00)
2026-04-20 23:32:59,440 - => Test Epoch: 43, main task samples: 46693, attack samples: 46693, test loss: 1.3754, clean acc: 0.7820, Top-4: 0.9946, ASR: 0.0611, RAC: 0.7009, test target accuracy: 0.8870, stage3 final accuracy: 0.7820, stage3 final target accuracy: 0.7626, stage3 final asr: 0.0611, anchor loss: 0.0781
2026-04-20 23:32:59,440 - => Stage 3 Detection Summary: recall: 0.6529, precision: 0.0251, f1: 0.0483, false positive rate: 0.2059, correction rate: 0.3568
2026-04-20 23:32:59,440 - => Stage 3 Debug (clean): suspicious=9612/46693, correction_applied=9587, prediction_changed=9587, skipped_tied_vote=0, skipped_low_margin=0, skipped_other=25
2026-04-20 23:32:59,440 - => Stage 3 Debug (poison-valid): suspicious=11840/37064, correction_applied=11832, prediction_changed=11832, skipped_tied_vote=0, skipped_low_margin=0, skipped_other=8
2026-04-20 23:32:59,440 - => Stage 3 Debug (attack-success): suspicious=538/824, correction_applied=538, prediction_changed=538, corrected_to_true=294
2026-04-20 23:32:59,440 - => Stage 2 checkpoint score: mean(clean_acc=0.7820, recall=0.6529, correction_rate=0.3568) = 0.5972
2026-04-20 23:32:59,482 - => End Epoch: 43, early stop epochs: 42, best epoch: 1, best clean acc: 0.7673, best Top-4: 0.9965, best ASR: 0.2678, best RAC: 0.6693, anchor loss: 0.0830, best checkpoint score: 0.6513
2026-04-20 23:32:59,482 - => Stage 3 Detection Summary: recall: 0.6904, precision: 0.2858, f1: 0.4042, false positive rate: 0.2121, correction rate: 0.4961
2026-04-20 23:32:59,511 - => LFBA current anchor-derived target label: 3
2026-04-20 23:32:59,590 - =>Add Trigger to Train Data
2026-04-20 23:32:59,813 - Add Trigger to 6996 Bad Samples, 62970 Clean Samples (0.10)
2026-04-20 23:32:59,816 - => Start Training for Injecting Backdoor...
2026-04-20 23:32:59,845 - Epoch: 44, 1/274: VFL loss: 0.0001, total loss: 0.0203, anchor loss: 0.0406, VFL train accuracy: 1.0000
2026-04-20 23:33:00,218 - Epoch: 44, 11/274: VFL loss: 0.0001, total loss: 0.0218, anchor loss: 0.0435, VFL train accuracy: 1.0000
2026-04-20 23:33:00,427 - Epoch: 44, 21/274: VFL loss: 0.0001, total loss: 0.0223, anchor loss: 0.0445, VFL train accuracy: 1.0000
2026-04-20 23:33:00,633 - Epoch: 44, 31/274: VFL loss: 0.0001, total loss: 0.0224, anchor loss: 0.0447, VFL train accuracy: 1.0000
2026-04-20 23:33:00,827 - Epoch: 44, 41/274: VFL loss: 0.0001, total loss: 0.0222, anchor loss: 0.0443, VFL train accuracy: 1.0000
2026-04-20 23:33:01,040 - Epoch: 44, 51/274: VFL loss: 0.0001, total loss: 0.0224, anchor loss: 0.0446, VFL train accuracy: 1.0000
2026-04-20 23:33:01,243 - Epoch: 44, 61/274: VFL loss: 0.0001, total loss: 0.0224, anchor loss: 0.0448, VFL train accuracy: 1.0000
2026-04-20 23:33:01,443 - Epoch: 44, 71/274: VFL loss: 0.0001, total loss: 0.0225, anchor loss: 0.0449, VFL train accuracy: 1.0000
2026-04-20 23:33:01,652 - Epoch: 44, 81/274: VFL loss: 0.0001, total loss: 0.0223, anchor loss: 0.0446, VFL train accuracy: 1.0000
2026-04-20 23:33:01,848 - Epoch: 44, 91/274: VFL loss: 0.0001, total loss: 0.0224, anchor loss: 0.0447, VFL train accuracy: 1.0000
2026-04-20 23:33:02,056 - Epoch: 44, 101/274: VFL loss: 0.0001, total loss: 0.0226, anchor loss: 0.0450, VFL train accuracy: 1.0000
2026-04-20 23:33:02,265 - Epoch: 44, 111/274: VFL loss: 0.0001, total loss: 0.0226, anchor loss: 0.0451, VFL train accuracy: 1.0000
2026-04-20 23:33:02,480 - Epoch: 44, 121/274: VFL loss: 0.0001, total loss: 0.0225, anchor loss: 0.0449, VFL train accuracy: 1.0000
2026-04-20 23:33:02,692 - Epoch: 44, 131/274: VFL loss: 0.0001, total loss: 0.0225, anchor loss: 0.0450, VFL train accuracy: 1.0000
2026-04-20 23:33:02,909 - Epoch: 44, 141/274: VFL loss: 0.0001, total loss: 0.0225, anchor loss: 0.0449, VFL train accuracy: 1.0000
2026-04-20 23:33:03,109 - Epoch: 44, 151/274: VFL loss: 0.0001, total loss: 0.0225, anchor loss: 0.0449, VFL train accuracy: 1.0000
2026-04-20 23:33:03,292 - Epoch: 44, 161/274: VFL loss: 0.0001, total loss: 0.0225, anchor loss: 0.0450, VFL train accuracy: 1.0000
2026-04-20 23:33:03,492 - Epoch: 44, 171/274: VFL loss: 0.0001, total loss: 0.0225, anchor loss: 0.0449, VFL train accuracy: 1.0000
2026-04-20 23:33:03,687 - Epoch: 44, 181/274: VFL loss: 0.0001, total loss: 0.0225, anchor loss: 0.0449, VFL train accuracy: 1.0000
2026-04-20 23:33:03,894 - Epoch: 44, 191/274: VFL loss: 0.0001, total loss: 0.0226, anchor loss: 0.0450, VFL train accuracy: 1.0000
2026-04-20 23:33:04,090 - Epoch: 44, 201/274: VFL loss: 0.0001, total loss: 0.0226, anchor loss: 0.0450, VFL train accuracy: 1.0000
2026-04-20 23:33:04,287 - Epoch: 44, 211/274: VFL loss: 0.0001, total loss: 0.0226, anchor loss: 0.0451, VFL train accuracy: 1.0000
2026-04-20 23:33:04,488 - Epoch: 44, 221/274: VFL loss: 0.0001, total loss: 0.0226, anchor loss: 0.0451, VFL train accuracy: 1.0000
2026-04-20 23:33:04,688 - Epoch: 44, 231/274: VFL loss: 0.0001, total loss: 0.0226, anchor loss: 0.0451, VFL train accuracy: 1.0000
2026-04-20 23:33:04,882 - Epoch: 44, 241/274: VFL loss: 0.0001, total loss: 0.0226, anchor loss: 0.0451, VFL train accuracy: 1.0000
2026-04-20 23:33:05,088 - Epoch: 44, 251/274: VFL loss: 0.0001, total loss: 0.0226, anchor loss: 0.0451, VFL train accuracy: 1.0000
2026-04-20 23:33:05,297 - Epoch: 44, 261/274: VFL loss: 0.0001, total loss: 0.0226, anchor loss: 0.0452, VFL train accuracy: 1.0000
2026-04-20 23:33:05,498 - Epoch: 44, 271/274: VFL loss: 0.0001, total loss: 0.0226, anchor loss: 0.0452, VFL train accuracy: 1.0000
2026-04-20 23:33:05,565 - => Recorded Stage 2 client anchor losses for epoch 44 to 'results/AVGuard/stage3_gamma_sensitivity_3clients_noema_bounded_q/NUSWIDE_3clients_noema_bounded_q_gamma_1.0\stage2_final_epoch_client_anchor_losses.json': {0: 0.016695, 1: 0.05268, 2: 0.066082}
2026-04-20 23:33:05,567 - => Stage 2 EMA anchor update skipped at epoch 44 because momentum=1.0000 disables EMA; eligible classes per client {0: 5, 1: 5, 2: 5}
2026-04-20 23:33:05,567 - => Stage 2 Epoch 44 Training Summary: VFL loss: 0.0001, total loss: 0.0226, anchor loss: 0.0451, VFL train accuracy: 1.0000
2026-04-20 23:33:05,567 - => Test ASR...
2026-04-20 23:33:05,682 - =>Add Trigger to Test Data
2026-04-20 23:33:07,797 - Add Trigger to 37064 Bad Samples, 9629 Clean Samples (1.00)
2026-04-20 23:33:15,531 - => Test Epoch: 44, main task samples: 46693, attack samples: 46693, test loss: 1.3798, clean acc: 0.7822, Top-4: 0.9946, ASR: 0.0610, RAC: 0.7008, test target accuracy: 0.8871, stage3 final accuracy: 0.7822, stage3 final target accuracy: 0.7630, stage3 final asr: 0.0610, anchor loss: 0.0781
2026-04-20 23:33:15,532 - => Stage 3 Detection Summary: recall: 0.6522, precision: 0.0252, f1: 0.0485, false positive rate: 0.2056, correction rate: 0.3575
2026-04-20 23:33:15,532 - => Stage 3 Debug (clean): suspicious=9598/46693, correction_applied=9577, prediction_changed=9577, skipped_tied_vote=0, skipped_low_margin=0, skipped_other=21
2026-04-20 23:33:15,532 - => Stage 3 Debug (poison-valid): suspicious=11841/37064, correction_applied=11833, prediction_changed=11833, skipped_tied_vote=0, skipped_low_margin=0, skipped_other=8
2026-04-20 23:33:15,532 - => Stage 3 Debug (attack-success): suspicious=540/828, correction_applied=540, prediction_changed=540, corrected_to_true=296
2026-04-20 23:33:15,532 - => Stage 2 checkpoint score: mean(clean_acc=0.7822, recall=0.6522, correction_rate=0.3575) = 0.5973
2026-04-20 23:33:15,566 - => End Epoch: 44, early stop epochs: 43, best epoch: 1, best clean acc: 0.7673, best Top-4: 0.9965, best ASR: 0.2678, best RAC: 0.6693, anchor loss: 0.0830, best checkpoint score: 0.6513
2026-04-20 23:33:15,566 - => Stage 3 Detection Summary: recall: 0.6904, precision: 0.2858, f1: 0.4042, false positive rate: 0.2121, correction rate: 0.4961
2026-04-20 23:33:15,594 - => LFBA current anchor-derived target label: 3
2026-04-20 23:33:15,676 - =>Add Trigger to Train Data
2026-04-20 23:33:15,909 - Add Trigger to 6996 Bad Samples, 62970 Clean Samples (0.10)
2026-04-20 23:33:15,913 - => Start Training for Injecting Backdoor...
2026-04-20 23:33:15,945 - Epoch: 45, 1/274: VFL loss: 0.0000, total loss: 0.0232, anchor loss: 0.0465, VFL train accuracy: 1.0000
2026-04-20 23:33:16,328 - Epoch: 45, 11/274: VFL loss: 0.0001, total loss: 0.0224, anchor loss: 0.0447, VFL train accuracy: 1.0000
2026-04-20 23:33:16,552 - Epoch: 45, 21/274: VFL loss: 0.0001, total loss: 0.0221, anchor loss: 0.0440, VFL train accuracy: 1.0000
2026-04-20 23:33:16,765 - Epoch: 45, 31/274: VFL loss: 0.0001, total loss: 0.0225, anchor loss: 0.0449, VFL train accuracy: 1.0000
2026-04-20 23:33:16,967 - Epoch: 45, 41/274: VFL loss: 0.0001, total loss: 0.0222, anchor loss: 0.0444, VFL train accuracy: 1.0000
2026-04-20 23:33:17,176 - Epoch: 45, 51/274: VFL loss: 0.0001, total loss: 0.0224, anchor loss: 0.0447, VFL train accuracy: 1.0000
2026-04-20 23:33:17,384 - Epoch: 45, 61/274: VFL loss: 0.0001, total loss: 0.0223, anchor loss: 0.0446, VFL train accuracy: 1.0000
2026-04-20 23:33:17,579 - Epoch: 45, 71/274: VFL loss: 0.0001, total loss: 0.0224, anchor loss: 0.0447, VFL train accuracy: 1.0000
2026-04-20 23:33:17,789 - Epoch: 45, 81/274: VFL loss: 0.0001, total loss: 0.0224, anchor loss: 0.0447, VFL train accuracy: 1.0000
2026-04-20 23:33:17,988 - Epoch: 45, 91/274: VFL loss: 0.0001, total loss: 0.0224, anchor loss: 0.0447, VFL train accuracy: 1.0000
2026-04-20 23:33:18,195 - Epoch: 45, 101/274: VFL loss: 0.0001, total loss: 0.0224, anchor loss: 0.0447, VFL train accuracy: 1.0000
2026-04-20 23:33:18,397 - Epoch: 45, 111/274: VFL loss: 0.0001, total loss: 0.0224, anchor loss: 0.0447, VFL train accuracy: 1.0000
2026-04-20 23:33:18,598 - Epoch: 45, 121/274: VFL loss: 0.0001, total loss: 0.0224, anchor loss: 0.0448, VFL train accuracy: 1.0000
2026-04-20 23:33:18,792 - Epoch: 45, 131/274: VFL loss: 0.0001, total loss: 0.0226, anchor loss: 0.0450, VFL train accuracy: 1.0000
2026-04-20 23:33:18,988 - Epoch: 45, 141/274: VFL loss: 0.0001, total loss: 0.0225, anchor loss: 0.0449, VFL train accuracy: 1.0000
2026-04-20 23:33:19,190 - Epoch: 45, 151/274: VFL loss: 0.0001, total loss: 0.0225, anchor loss: 0.0449, VFL train accuracy: 1.0000
2026-04-20 23:33:19,387 - Epoch: 45, 161/274: VFL loss: 0.0001, total loss: 0.0225, anchor loss: 0.0450, VFL train accuracy: 1.0000
2026-04-20 23:33:19,595 - Epoch: 45, 171/274: VFL loss: 0.0001, total loss: 0.0226, anchor loss: 0.0451, VFL train accuracy: 1.0000
2026-04-20 23:33:19,800 - Epoch: 45, 181/274: VFL loss: 0.0001, total loss: 0.0226, anchor loss: 0.0451, VFL train accuracy: 1.0000
2026-04-20 23:33:20,005 - Epoch: 45, 191/274: VFL loss: 0.0001, total loss: 0.0226, anchor loss: 0.0450, VFL train accuracy: 1.0000
2026-04-20 23:33:20,203 - Epoch: 45, 201/274: VFL loss: 0.0001, total loss: 0.0225, anchor loss: 0.0450, VFL train accuracy: 1.0000
2026-04-20 23:33:20,404 - Epoch: 45, 211/274: VFL loss: 0.0001, total loss: 0.0225, anchor loss: 0.0450, VFL train accuracy: 1.0000
2026-04-20 23:33:20,611 - Epoch: 45, 221/274: VFL loss: 0.0001, total loss: 0.0226, anchor loss: 0.0450, VFL train accuracy: 1.0000
2026-04-20 23:33:20,818 - Epoch: 45, 231/274: VFL loss: 0.0001, total loss: 0.0226, anchor loss: 0.0451, VFL train accuracy: 1.0000
2026-04-20 23:33:21,025 - Epoch: 45, 241/274: VFL loss: 0.0001, total loss: 0.0226, anchor loss: 0.0451, VFL train accuracy: 1.0000
2026-04-20 23:33:21,229 - Epoch: 45, 251/274: VFL loss: 0.0001, total loss: 0.0226, anchor loss: 0.0452, VFL train accuracy: 1.0000
2026-04-20 23:33:21,429 - Epoch: 45, 261/274: VFL loss: 0.0001, total loss: 0.0226, anchor loss: 0.0452, VFL train accuracy: 1.0000
2026-04-20 23:33:21,649 - Epoch: 45, 271/274: VFL loss: 0.0001, total loss: 0.0226, anchor loss: 0.0452, VFL train accuracy: 1.0000
2026-04-20 23:33:21,716 - => Recorded Stage 2 client anchor losses for epoch 45 to 'results/AVGuard/stage3_gamma_sensitivity_3clients_noema_bounded_q/NUSWIDE_3clients_noema_bounded_q_gamma_1.0\stage2_final_epoch_client_anchor_losses.json': {0: 0.016663, 1: 0.052602, 2: 0.066149}
2026-04-20 23:33:21,717 - => Stage 2 EMA anchor update skipped at epoch 45 because momentum=1.0000 disables EMA; eligible classes per client {0: 5, 1: 5, 2: 5}
2026-04-20 23:33:21,718 - => Stage 2 Epoch 45 Training Summary: VFL loss: 0.0001, total loss: 0.0226, anchor loss: 0.0451, VFL train accuracy: 1.0000
2026-04-20 23:33:21,718 - => Test ASR...
2026-04-20 23:33:21,828 - =>Add Trigger to Test Data
2026-04-20 23:33:23,901 - Add Trigger to 37064 Bad Samples, 9629 Clean Samples (1.00)
2026-04-20 23:33:31,516 - => Test Epoch: 45, main task samples: 46693, attack samples: 46693, test loss: 1.3840, clean acc: 0.7823, Top-4: 0.9946, ASR: 0.0615, RAC: 0.7009, test target accuracy: 0.8870, stage3 final accuracy: 0.7823, stage3 final target accuracy: 0.7643, stage3 final asr: 0.0615, anchor loss: 0.0781
2026-04-20 23:33:31,517 - => Stage 3 Detection Summary: recall: 0.6486, precision: 0.0250, f1: 0.0482, false positive rate: 0.2058, correction rate: 0.3551
2026-04-20 23:33:31,517 - => Stage 3 Debug (clean): suspicious=9609/46693, correction_applied=9590, prediction_changed=9590, skipped_tied_vote=0, skipped_low_margin=0, skipped_other=19
2026-04-20 23:33:31,517 - => Stage 3 Debug (poison-valid): suspicious=11844/37064, correction_applied=11836, prediction_changed=11836, skipped_tied_vote=0, skipped_low_margin=0, skipped_other=8
2026-04-20 23:33:31,517 - => Stage 3 Debug (attack-success): suspicious=537/828, correction_applied=537, prediction_changed=537, corrected_to_true=294
2026-04-20 23:33:31,517 - => Stage 2 checkpoint score: mean(clean_acc=0.7823, recall=0.6486, correction_rate=0.3551) = 0.5953
2026-04-20 23:33:31,558 - => End Epoch: 45, early stop epochs: 44, best epoch: 1, best clean acc: 0.7673, best Top-4: 0.9965, best ASR: 0.2678, best RAC: 0.6693, anchor loss: 0.0830, best checkpoint score: 0.6513
2026-04-20 23:33:31,558 - => Stage 3 Detection Summary: recall: 0.6904, precision: 0.2858, f1: 0.4042, false positive rate: 0.2121, correction rate: 0.4961
2026-04-20 23:33:31,585 - => LFBA current anchor-derived target label: 3
2026-04-20 23:33:31,663 - =>Add Trigger to Train Data
2026-04-20 23:33:31,877 - Add Trigger to 6996 Bad Samples, 62970 Clean Samples (0.10)
2026-04-20 23:33:31,881 - => Start Training for Injecting Backdoor...
2026-04-20 23:33:31,909 - Epoch: 46, 1/274: VFL loss: 0.0000, total loss: 0.0235, anchor loss: 0.0470, VFL train accuracy: 1.0000
2026-04-20 23:33:32,293 - Epoch: 46, 11/274: VFL loss: 0.0001, total loss: 0.0232, anchor loss: 0.0462, VFL train accuracy: 1.0000
2026-04-20 23:33:32,518 - Epoch: 46, 21/274: VFL loss: 0.0001, total loss: 0.0230, anchor loss: 0.0459, VFL train accuracy: 1.0000
2026-04-20 23:33:32,724 - Epoch: 46, 31/274: VFL loss: 0.0001, total loss: 0.0231, anchor loss: 0.0461, VFL train accuracy: 1.0000
2026-04-20 23:33:32,922 - Epoch: 46, 41/274: VFL loss: 0.0001, total loss: 0.0230, anchor loss: 0.0460, VFL train accuracy: 1.0000
2026-04-20 23:33:33,127 - Epoch: 46, 51/274: VFL loss: 0.0001, total loss: 0.0228, anchor loss: 0.0455, VFL train accuracy: 1.0000
2026-04-20 23:33:33,462 - Epoch: 46, 61/274: VFL loss: 0.0001, total loss: 0.0228, anchor loss: 0.0454, VFL train accuracy: 1.0000
2026-04-20 23:33:33,670 - Epoch: 46, 71/274: VFL loss: 0.0001, total loss: 0.0227, anchor loss: 0.0453, VFL train accuracy: 1.0000
2026-04-20 23:33:33,866 - Epoch: 46, 81/274: VFL loss: 0.0001, total loss: 0.0226, anchor loss: 0.0452, VFL train accuracy: 1.0000
2026-04-20 23:33:34,067 - Epoch: 46, 91/274: VFL loss: 0.0001, total loss: 0.0226, anchor loss: 0.0451, VFL train accuracy: 1.0000
2026-04-20 23:33:34,269 - Epoch: 46, 101/274: VFL loss: 0.0001, total loss: 0.0226, anchor loss: 0.0450, VFL train accuracy: 1.0000
2026-04-20 23:33:34,471 - Epoch: 46, 111/274: VFL loss: 0.0001, total loss: 0.0225, anchor loss: 0.0449, VFL train accuracy: 1.0000
2026-04-20 23:33:34,678 - Epoch: 46, 121/274: VFL loss: 0.0001, total loss: 0.0225, anchor loss: 0.0449, VFL train accuracy: 1.0000
2026-04-20 23:33:34,884 - Epoch: 46, 131/274: VFL loss: 0.0001, total loss: 0.0225, anchor loss: 0.0450, VFL train accuracy: 1.0000
2026-04-20 23:33:35,091 - Epoch: 46, 141/274: VFL loss: 0.0001, total loss: 0.0227, anchor loss: 0.0452, VFL train accuracy: 1.0000
2026-04-20 23:33:35,292 - Epoch: 46, 151/274: VFL loss: 0.0001, total loss: 0.0226, anchor loss: 0.0451, VFL train accuracy: 1.0000
2026-04-20 23:33:35,499 - Epoch: 46, 161/274: VFL loss: 0.0001, total loss: 0.0226, anchor loss: 0.0451, VFL train accuracy: 1.0000
2026-04-20 23:33:35,695 - Epoch: 46, 171/274: VFL loss: 0.0001, total loss: 0.0225, anchor loss: 0.0450, VFL train accuracy: 1.0000
2026-04-20 23:33:35,904 - Epoch: 46, 181/274: VFL loss: 0.0001, total loss: 0.0225, anchor loss: 0.0450, VFL train accuracy: 1.0000
2026-04-20 23:33:36,103 - Epoch: 46, 191/274: VFL loss: 0.0001, total loss: 0.0225, anchor loss: 0.0450, VFL train accuracy: 1.0000
2026-04-20 23:33:36,306 - Epoch: 46, 201/274: VFL loss: 0.0001, total loss: 0.0225, anchor loss: 0.0449, VFL train accuracy: 1.0000
2026-04-20 23:33:36,510 - Epoch: 46, 211/274: VFL loss: 0.0001, total loss: 0.0225, anchor loss: 0.0449, VFL train accuracy: 1.0000
2026-04-20 23:33:36,714 - Epoch: 46, 221/274: VFL loss: 0.0001, total loss: 0.0225, anchor loss: 0.0449, VFL train accuracy: 1.0000
2026-04-20 23:33:36,927 - Epoch: 46, 231/274: VFL loss: 0.0001, total loss: 0.0225, anchor loss: 0.0449, VFL train accuracy: 1.0000
2026-04-20 23:33:37,138 - Epoch: 46, 241/274: VFL loss: 0.0001, total loss: 0.0225, anchor loss: 0.0449, VFL train accuracy: 1.0000
2026-04-20 23:33:37,342 - Epoch: 46, 251/274: VFL loss: 0.0001, total loss: 0.0225, anchor loss: 0.0449, VFL train accuracy: 1.0000
2026-04-20 23:33:37,546 - Epoch: 46, 261/274: VFL loss: 0.0001, total loss: 0.0225, anchor loss: 0.0450, VFL train accuracy: 1.0000
2026-04-20 23:33:37,755 - Epoch: 46, 271/274: VFL loss: 0.0001, total loss: 0.0225, anchor loss: 0.0450, VFL train accuracy: 1.0000
2026-04-20 23:33:37,827 - => Recorded Stage 2 client anchor losses for epoch 46 to 'results/AVGuard/stage3_gamma_sensitivity_3clients_noema_bounded_q/NUSWIDE_3clients_noema_bounded_q_gamma_1.0\stage2_final_epoch_client_anchor_losses.json': {0: 0.01663, 1: 0.052524, 2: 0.065963}
2026-04-20 23:33:37,829 - => Stage 2 EMA anchor update skipped at epoch 46 because momentum=1.0000 disables EMA; eligible classes per client {0: 5, 1: 5, 2: 5}
2026-04-20 23:33:37,829 - => Stage 2 Epoch 46 Training Summary: VFL loss: 0.0001, total loss: 0.0226, anchor loss: 0.0450, VFL train accuracy: 1.0000
2026-04-20 23:33:37,829 - => Test ASR...
2026-04-20 23:33:37,936 - =>Add Trigger to Test Data
2026-04-20 23:33:40,100 - Add Trigger to 37064 Bad Samples, 9629 Clean Samples (1.00)
2026-04-20 23:33:47,811 - => Test Epoch: 46, main task samples: 46693, attack samples: 46693, test loss: 1.3892, clean acc: 0.7823, Top-4: 0.9945, ASR: 0.0609, RAC: 0.7006, test target accuracy: 0.8867, stage3 final accuracy: 0.7823, stage3 final target accuracy: 0.7625, stage3 final asr: 0.0609, anchor loss: 0.0781
2026-04-20 23:33:47,812 - => Stage 3 Detection Summary: recall: 0.6498, precision: 0.0251, f1: 0.0483, false positive rate: 0.2056, correction rate: 0.3539
2026-04-20 23:33:47,812 - => Stage 3 Debug (clean): suspicious=9602/46693, correction_applied=9583, prediction_changed=9583, skipped_tied_vote=0, skipped_low_margin=0, skipped_other=19
2026-04-20 23:33:47,812 - => Stage 3 Debug (poison-valid): suspicious=11840/37064, correction_applied=11831, prediction_changed=11831, skipped_tied_vote=0, skipped_low_margin=0, skipped_other=9
2026-04-20 23:33:47,812 - => Stage 3 Debug (attack-success): suspicious=538/828, correction_applied=538, prediction_changed=538, corrected_to_true=293
2026-04-20 23:33:47,812 - => Stage 2 checkpoint score: mean(clean_acc=0.7823, recall=0.6498, correction_rate=0.3539) = 0.5953
2026-04-20 23:33:47,852 - => End Epoch: 46, early stop epochs: 45, best epoch: 1, best clean acc: 0.7673, best Top-4: 0.9965, best ASR: 0.2678, best RAC: 0.6693, anchor loss: 0.0830, best checkpoint score: 0.6513
2026-04-20 23:33:47,853 - => Stage 3 Detection Summary: recall: 0.6904, precision: 0.2858, f1: 0.4042, false positive rate: 0.2121, correction rate: 0.4961
2026-04-20 23:33:47,879 - => LFBA current anchor-derived target label: 3
2026-04-20 23:33:47,959 - =>Add Trigger to Train Data
2026-04-20 23:33:48,180 - Add Trigger to 6996 Bad Samples, 62970 Clean Samples (0.10)
2026-04-20 23:33:48,184 - => Start Training for Injecting Backdoor...
2026-04-20 23:33:48,219 - Epoch: 47, 1/274: VFL loss: 0.0000, total loss: 0.0221, anchor loss: 0.0441, VFL train accuracy: 1.0000
2026-04-20 23:33:48,588 - Epoch: 47, 11/274: VFL loss: 0.0001, total loss: 0.0227, anchor loss: 0.0452, VFL train accuracy: 1.0000
2026-04-20 23:33:48,823 - Epoch: 47, 21/274: VFL loss: 0.0001, total loss: 0.0227, anchor loss: 0.0453, VFL train accuracy: 1.0000
2026-04-20 23:33:49,029 - Epoch: 47, 31/274: VFL loss: 0.0001, total loss: 0.0227, anchor loss: 0.0452, VFL train accuracy: 1.0000
2026-04-20 23:33:49,234 - Epoch: 47, 41/274: VFL loss: 0.0001, total loss: 0.0225, anchor loss: 0.0450, VFL train accuracy: 1.0000
2026-04-20 23:33:49,431 - Epoch: 47, 51/274: VFL loss: 0.0001, total loss: 0.0226, anchor loss: 0.0450, VFL train accuracy: 1.0000
2026-04-20 23:33:49,626 - Epoch: 47, 61/274: VFL loss: 0.0001, total loss: 0.0225, anchor loss: 0.0449, VFL train accuracy: 1.0000
2026-04-20 23:33:49,831 - Epoch: 47, 71/274: VFL loss: 0.0001, total loss: 0.0226, anchor loss: 0.0451, VFL train accuracy: 1.0000
2026-04-20 23:33:50,036 - Epoch: 47, 81/274: VFL loss: 0.0001, total loss: 0.0226, anchor loss: 0.0450, VFL train accuracy: 1.0000
2026-04-20 23:33:50,242 - Epoch: 47, 91/274: VFL loss: 0.0001, total loss: 0.0226, anchor loss: 0.0450, VFL train accuracy: 1.0000
2026-04-20 23:33:50,440 - Epoch: 47, 101/274: VFL loss: 0.0001, total loss: 0.0226, anchor loss: 0.0452, VFL train accuracy: 1.0000
2026-04-20 23:33:50,646 - Epoch: 47, 111/274: VFL loss: 0.0001, total loss: 0.0226, anchor loss: 0.0450, VFL train accuracy: 1.0000
2026-04-20 23:33:50,870 - Epoch: 47, 121/274: VFL loss: 0.0001, total loss: 0.0225, anchor loss: 0.0449, VFL train accuracy: 1.0000
2026-04-20 23:33:51,082 - Epoch: 47, 131/274: VFL loss: 0.0001, total loss: 0.0225, anchor loss: 0.0448, VFL train accuracy: 1.0000
2026-04-20 23:33:51,285 - Epoch: 47, 141/274: VFL loss: 0.0001, total loss: 0.0225, anchor loss: 0.0449, VFL train accuracy: 1.0000
2026-04-20 23:33:51,480 - Epoch: 47, 151/274: VFL loss: 0.0001, total loss: 0.0225, anchor loss: 0.0450, VFL train accuracy: 1.0000
2026-04-20 23:33:51,679 - Epoch: 47, 161/274: VFL loss: 0.0001, total loss: 0.0225, anchor loss: 0.0450, VFL train accuracy: 1.0000
2026-04-20 23:33:51,880 - Epoch: 47, 171/274: VFL loss: 0.0001, total loss: 0.0226, anchor loss: 0.0451, VFL train accuracy: 1.0000
2026-04-20 23:33:52,090 - Epoch: 47, 181/274: VFL loss: 0.0001, total loss: 0.0226, anchor loss: 0.0450, VFL train accuracy: 1.0000
2026-04-20 23:33:52,297 - Epoch: 47, 191/274: VFL loss: 0.0001, total loss: 0.0226, anchor loss: 0.0450, VFL train accuracy: 1.0000
2026-04-20 23:33:52,499 - Epoch: 47, 201/274: VFL loss: 0.0001, total loss: 0.0226, anchor loss: 0.0450, VFL train accuracy: 1.0000
2026-04-20 23:33:52,697 - Epoch: 47, 211/274: VFL loss: 0.0001, total loss: 0.0225, anchor loss: 0.0450, VFL train accuracy: 1.0000
2026-04-20 23:33:52,892 - Epoch: 47, 221/274: VFL loss: 0.0001, total loss: 0.0225, anchor loss: 0.0449, VFL train accuracy: 1.0000
2026-04-20 23:33:53,089 - Epoch: 47, 231/274: VFL loss: 0.0001, total loss: 0.0225, anchor loss: 0.0450, VFL train accuracy: 1.0000
2026-04-20 23:33:53,289 - Epoch: 47, 241/274: VFL loss: 0.0001, total loss: 0.0226, anchor loss: 0.0450, VFL train accuracy: 1.0000
2026-04-20 23:33:53,491 - Epoch: 47, 251/274: VFL loss: 0.0001, total loss: 0.0226, anchor loss: 0.0450, VFL train accuracy: 1.0000
2026-04-20 23:33:53,686 - Epoch: 47, 261/274: VFL loss: 0.0001, total loss: 0.0226, anchor loss: 0.0450, VFL train accuracy: 1.0000
2026-04-20 23:33:53,888 - Epoch: 47, 271/274: VFL loss: 0.0001, total loss: 0.0225, anchor loss: 0.0450, VFL train accuracy: 1.0000
2026-04-20 23:33:53,955 - => Recorded Stage 2 client anchor losses for epoch 47 to 'results/AVGuard/stage3_gamma_sensitivity_3clients_noema_bounded_q/NUSWIDE_3clients_noema_bounded_q_gamma_1.0\stage2_final_epoch_client_anchor_losses.json': {0: 0.016593, 1: 0.052448, 2: 0.066027}
2026-04-20 23:33:53,955 - => Stage 2 EMA anchor update skipped at epoch 47 because momentum=1.0000 disables EMA; eligible classes per client {0: 5, 1: 5, 2: 5}
2026-04-20 23:33:53,955 - => Stage 2 Epoch 47 Training Summary: VFL loss: 0.0001, total loss: 0.0226, anchor loss: 0.0450, VFL train accuracy: 1.0000
2026-04-20 23:33:53,955 - => Test ASR...
2026-04-20 23:33:54,062 - =>Add Trigger to Test Data
2026-04-20 23:33:56,195 - Add Trigger to 37064 Bad Samples, 9629 Clean Samples (1.00)
2026-04-20 23:34:04,199 - => Test Epoch: 47, main task samples: 46693, attack samples: 46693, test loss: 1.3943, clean acc: 0.7824, Top-4: 0.9945, ASR: 0.0614, RAC: 0.7005, test target accuracy: 0.8870, stage3 final accuracy: 0.7824, stage3 final target accuracy: 0.7637, stage3 final asr: 0.0614, anchor loss: 0.0781
2026-04-20 23:34:04,201 - => Stage 3 Detection Summary: recall: 0.6497, precision: 0.0250, f1: 0.0481, false positive rate: 0.2053, correction rate: 0.3564
2026-04-20 23:34:04,201 - => Stage 3 Debug (clean): suspicious=9587/46693, correction_applied=9567, prediction_changed=9567, skipped_tied_vote=0, skipped_low_margin=0, skipped_other=20
2026-04-20 23:34:04,201 - => Stage 3 Debug (poison-valid): suspicious=11855/37064, correction_applied=11846, prediction_changed=11846, skipped_tied_vote=0, skipped_low_margin=0, skipped_other=9
2026-04-20 23:34:04,201 - => Stage 3 Debug (attack-success): suspicious=536/825, correction_applied=536, prediction_changed=536, corrected_to_true=294
2026-04-20 23:34:04,201 - => Stage 2 checkpoint score: mean(clean_acc=0.7824, recall=0.6497, correction_rate=0.3564) = 0.5961
2026-04-20 23:34:04,239 - => End Epoch: 47, early stop epochs: 46, best epoch: 1, best clean acc: 0.7673, best Top-4: 0.9965, best ASR: 0.2678, best RAC: 0.6693, anchor loss: 0.0830, best checkpoint score: 0.6513
2026-04-20 23:34:04,239 - => Stage 3 Detection Summary: recall: 0.6904, precision: 0.2858, f1: 0.4042, false positive rate: 0.2121, correction rate: 0.4961
2026-04-20 23:34:04,263 - => LFBA current anchor-derived target label: 3
2026-04-20 23:34:04,344 - =>Add Trigger to Train Data
2026-04-20 23:34:04,565 - Add Trigger to 6996 Bad Samples, 62970 Clean Samples (0.10)
2026-04-20 23:34:04,568 - => Start Training for Injecting Backdoor...
2026-04-20 23:34:04,596 - Epoch: 48, 1/274: VFL loss: 0.0001, total loss: 0.0229, anchor loss: 0.0457, VFL train accuracy: 1.0000
2026-04-20 23:34:04,951 - Epoch: 48, 11/274: VFL loss: 0.0001, total loss: 0.0228, anchor loss: 0.0455, VFL train accuracy: 1.0000
2026-04-20 23:34:05,164 - Epoch: 48, 21/274: VFL loss: 0.0001, total loss: 0.0223, anchor loss: 0.0444, VFL train accuracy: 1.0000
2026-04-20 23:34:05,365 - Epoch: 48, 31/274: VFL loss: 0.0001, total loss: 0.0223, anchor loss: 0.0445, VFL train accuracy: 1.0000
2026-04-20 23:34:05,562 - Epoch: 48, 41/274: VFL loss: 0.0006, total loss: 0.0227, anchor loss: 0.0448, VFL train accuracy: 0.9999
2026-04-20 23:34:05,767 - Epoch: 48, 51/274: VFL loss: 0.0005, total loss: 0.0228, anchor loss: 0.0450, VFL train accuracy: 0.9999
2026-04-20 23:34:05,972 - Epoch: 48, 61/274: VFL loss: 0.0005, total loss: 0.0227, anchor loss: 0.0449, VFL train accuracy: 0.9999
2026-04-20 23:34:06,173 - Epoch: 48, 71/274: VFL loss: 0.0004, total loss: 0.0227, anchor loss: 0.0450, VFL train accuracy: 0.9999
2026-04-20 23:34:06,372 - Epoch: 48, 81/274: VFL loss: 0.0004, total loss: 0.0226, anchor loss: 0.0449, VFL train accuracy: 1.0000
2026-04-20 23:34:06,566 - Epoch: 48, 91/274: VFL loss: 0.0003, total loss: 0.0227, anchor loss: 0.0450, VFL train accuracy: 1.0000
2026-04-20 23:34:06,768 - Epoch: 48, 101/274: VFL loss: 0.0003, total loss: 0.0227, anchor loss: 0.0452, VFL train accuracy: 1.0000
2026-04-20 23:34:06,967 - Epoch: 48, 111/274: VFL loss: 0.0003, total loss: 0.0227, anchor loss: 0.0452, VFL train accuracy: 1.0000
2026-04-20 23:34:07,179 - Epoch: 48, 121/274: VFL loss: 0.0003, total loss: 0.0227, anchor loss: 0.0452, VFL train accuracy: 1.0000
2026-04-20 23:34:07,383 - Epoch: 48, 131/274: VFL loss: 0.0003, total loss: 0.0227, anchor loss: 0.0450, VFL train accuracy: 1.0000
2026-04-20 23:34:07,585 - Epoch: 48, 141/274: VFL loss: 0.0002, total loss: 0.0226, anchor loss: 0.0450, VFL train accuracy: 1.0000
2026-04-20 23:34:07,788 - Epoch: 48, 151/274: VFL loss: 0.0002, total loss: 0.0226, anchor loss: 0.0449, VFL train accuracy: 1.0000
2026-04-20 23:34:07,988 - Epoch: 48, 161/274: VFL loss: 0.0002, total loss: 0.0226, anchor loss: 0.0450, VFL train accuracy: 1.0000
2026-04-20 23:34:08,203 - Epoch: 48, 171/274: VFL loss: 0.0002, total loss: 0.0227, anchor loss: 0.0451, VFL train accuracy: 1.0000
2026-04-20 23:34:08,410 - Epoch: 48, 181/274: VFL loss: 0.0002, total loss: 0.0226, anchor loss: 0.0450, VFL train accuracy: 1.0000
2026-04-20 23:34:08,628 - Epoch: 48, 191/274: VFL loss: 0.0002, total loss: 0.0226, anchor loss: 0.0450, VFL train accuracy: 1.0000
2026-04-20 23:34:08,828 - Epoch: 48, 201/274: VFL loss: 0.0002, total loss: 0.0226, anchor loss: 0.0450, VFL train accuracy: 1.0000
2026-04-20 23:34:09,030 - Epoch: 48, 211/274: VFL loss: 0.0002, total loss: 0.0226, anchor loss: 0.0450, VFL train accuracy: 1.0000
2026-04-20 23:34:09,229 - Epoch: 48, 221/274: VFL loss: 0.0002, total loss: 0.0226, anchor loss: 0.0450, VFL train accuracy: 1.0000
2026-04-20 23:34:09,422 - Epoch: 48, 231/274: VFL loss: 0.0002, total loss: 0.0226, anchor loss: 0.0450, VFL train accuracy: 1.0000
2026-04-20 23:34:09,632 - Epoch: 48, 241/274: VFL loss: 0.0002, total loss: 0.0225, anchor loss: 0.0449, VFL train accuracy: 1.0000
2026-04-20 23:34:09,826 - Epoch: 48, 251/274: VFL loss: 0.0002, total loss: 0.0225, anchor loss: 0.0449, VFL train accuracy: 1.0000
2026-04-20 23:34:10,038 - Epoch: 48, 261/274: VFL loss: 0.0002, total loss: 0.0225, anchor loss: 0.0449, VFL train accuracy: 1.0000
2026-04-20 23:34:10,235 - Epoch: 48, 271/274: VFL loss: 0.0002, total loss: 0.0226, anchor loss: 0.0450, VFL train accuracy: 1.0000
2026-04-20 23:34:10,302 - => Recorded Stage 2 client anchor losses for epoch 48 to 'results/AVGuard/stage3_gamma_sensitivity_3clients_noema_bounded_q/NUSWIDE_3clients_noema_bounded_q_gamma_1.0\stage2_final_epoch_client_anchor_losses.json': {0: 0.01656, 1: 0.05237, 2: 0.066006}
2026-04-20 23:34:10,303 - => Stage 2 EMA anchor update skipped at epoch 48 because momentum=1.0000 disables EMA; eligible classes per client {0: 5, 1: 5, 2: 5}
2026-04-20 23:34:10,303 - => Stage 2 Epoch 48 Training Summary: VFL loss: 0.0002, total loss: 0.0226, anchor loss: 0.0450, VFL train accuracy: 1.0000
2026-04-20 23:34:10,304 - => Test ASR...
2026-04-20 23:34:10,408 - =>Add Trigger to Test Data
2026-04-20 23:34:12,608 - Add Trigger to 37064 Bad Samples, 9629 Clean Samples (1.00)
2026-04-20 23:34:20,488 - => Test Epoch: 48, main task samples: 46693, attack samples: 46693, test loss: 1.4001, clean acc: 0.7825, Top-4: 0.9945, ASR: 0.0609, RAC: 0.7009, test target accuracy: 0.8858, stage3 final accuracy: 0.7825, stage3 final target accuracy: 0.7634, stage3 final asr: 0.0609, anchor loss: 0.0781
2026-04-20 23:34:20,489 - => Stage 3 Detection Summary: recall: 0.6523, precision: 0.0248, f1: 0.0477, false positive rate: 0.2056, correction rate: 0.3575
2026-04-20 23:34:20,489 - => Stage 3 Debug (clean): suspicious=9598/46693, correction_applied=9580, prediction_changed=9580, skipped_tied_vote=0, skipped_low_margin=0, skipped_other=18
2026-04-20 23:34:20,489 - => Stage 3 Debug (poison-valid): suspicious=11831/37064, correction_applied=11824, prediction_changed=11824, skipped_tied_vote=0, skipped_low_margin=0, skipped_other=7
2026-04-20 23:34:20,489 - => Stage 3 Debug (attack-success): suspicious=531/814, correction_applied=531, prediction_changed=531, corrected_to_true=291
2026-04-20 23:34:20,489 - => Stage 2 checkpoint score: mean(clean_acc=0.7825, recall=0.6523, correction_rate=0.3575) = 0.5974
2026-04-20 23:34:20,524 - => End Epoch: 48, early stop epochs: 47, best epoch: 1, best clean acc: 0.7673, best Top-4: 0.9965, best ASR: 0.2678, best RAC: 0.6693, anchor loss: 0.0830, best checkpoint score: 0.6513
2026-04-20 23:34:20,524 - => Stage 3 Detection Summary: recall: 0.6904, precision: 0.2858, f1: 0.4042, false positive rate: 0.2121, correction rate: 0.4961
2026-04-20 23:34:20,547 - => LFBA current anchor-derived target label: 3
2026-04-20 23:34:20,628 - =>Add Trigger to Train Data
2026-04-20 23:34:20,856 - Add Trigger to 6996 Bad Samples, 62970 Clean Samples (0.10)
2026-04-20 23:34:20,858 - => Start Training for Injecting Backdoor...
2026-04-20 23:34:20,890 - Epoch: 49, 1/274: VFL loss: 0.0001, total loss: 0.0235, anchor loss: 0.0468, VFL train accuracy: 1.0000
2026-04-20 23:34:21,263 - Epoch: 49, 11/274: VFL loss: 0.0001, total loss: 0.0230, anchor loss: 0.0459, VFL train accuracy: 1.0000
2026-04-20 23:34:21,463 - Epoch: 49, 21/274: VFL loss: 0.0001, total loss: 0.0226, anchor loss: 0.0452, VFL train accuracy: 1.0000
2026-04-20 23:34:21,675 - Epoch: 49, 31/274: VFL loss: 0.0001, total loss: 0.0226, anchor loss: 0.0452, VFL train accuracy: 1.0000
2026-04-20 23:34:21,878 - Epoch: 49, 41/274: VFL loss: 0.0001, total loss: 0.0225, anchor loss: 0.0449, VFL train accuracy: 1.0000
2026-04-20 23:34:22,216 - Epoch: 49, 51/274: VFL loss: 0.0001, total loss: 0.0226, anchor loss: 0.0451, VFL train accuracy: 1.0000
2026-04-20 23:34:22,427 - Epoch: 49, 61/274: VFL loss: 0.0001, total loss: 0.0226, anchor loss: 0.0451, VFL train accuracy: 1.0000
2026-04-20 23:34:22,634 - Epoch: 49, 71/274: VFL loss: 0.0001, total loss: 0.0225, anchor loss: 0.0450, VFL train accuracy: 1.0000
2026-04-20 23:34:22,840 - Epoch: 49, 81/274: VFL loss: 0.0001, total loss: 0.0225, anchor loss: 0.0449, VFL train accuracy: 1.0000
2026-04-20 23:34:23,043 - Epoch: 49, 91/274: VFL loss: 0.0001, total loss: 0.0224, anchor loss: 0.0448, VFL train accuracy: 1.0000
2026-04-20 23:34:23,250 - Epoch: 49, 101/274: VFL loss: 0.0001, total loss: 0.0225, anchor loss: 0.0450, VFL train accuracy: 1.0000
2026-04-20 23:34:23,458 - Epoch: 49, 111/274: VFL loss: 0.0001, total loss: 0.0225, anchor loss: 0.0449, VFL train accuracy: 1.0000
2026-04-20 23:34:23,668 - Epoch: 49, 121/274: VFL loss: 0.0001, total loss: 0.0225, anchor loss: 0.0449, VFL train accuracy: 1.0000
2026-04-20 23:34:23,875 - Epoch: 49, 131/274: VFL loss: 0.0001, total loss: 0.0225, anchor loss: 0.0449, VFL train accuracy: 1.0000
2026-04-20 23:34:24,075 - Epoch: 49, 141/274: VFL loss: 0.0001, total loss: 0.0225, anchor loss: 0.0450, VFL train accuracy: 1.0000
2026-04-20 23:34:24,275 - Epoch: 49, 151/274: VFL loss: 0.0001, total loss: 0.0225, anchor loss: 0.0449, VFL train accuracy: 1.0000
2026-04-20 23:34:24,481 - Epoch: 49, 161/274: VFL loss: 0.0001, total loss: 0.0225, anchor loss: 0.0449, VFL train accuracy: 1.0000
2026-04-20 23:34:24,693 - Epoch: 49, 171/274: VFL loss: 0.0001, total loss: 0.0225, anchor loss: 0.0449, VFL train accuracy: 1.0000
2026-04-20 23:34:24,903 - Epoch: 49, 181/274: VFL loss: 0.0001, total loss: 0.0224, anchor loss: 0.0448, VFL train accuracy: 1.0000
2026-04-20 23:34:25,108 - Epoch: 49, 191/274: VFL loss: 0.0001, total loss: 0.0224, anchor loss: 0.0448, VFL train accuracy: 1.0000
2026-04-20 23:34:25,306 - Epoch: 49, 201/274: VFL loss: 0.0001, total loss: 0.0225, anchor loss: 0.0448, VFL train accuracy: 1.0000
2026-04-20 23:34:25,510 - Epoch: 49, 211/274: VFL loss: 0.0001, total loss: 0.0225, anchor loss: 0.0449, VFL train accuracy: 1.0000
2026-04-20 23:34:25,718 - Epoch: 49, 221/274: VFL loss: 0.0001, total loss: 0.0225, anchor loss: 0.0450, VFL train accuracy: 1.0000
2026-04-20 23:34:25,917 - Epoch: 49, 231/274: VFL loss: 0.0001, total loss: 0.0225, anchor loss: 0.0450, VFL train accuracy: 1.0000
2026-04-20 23:34:26,124 - Epoch: 49, 241/274: VFL loss: 0.0001, total loss: 0.0225, anchor loss: 0.0450, VFL train accuracy: 1.0000
2026-04-20 23:34:26,329 - Epoch: 49, 251/274: VFL loss: 0.0001, total loss: 0.0225, anchor loss: 0.0449, VFL train accuracy: 1.0000
2026-04-20 23:34:26,535 - Epoch: 49, 261/274: VFL loss: 0.0001, total loss: 0.0225, anchor loss: 0.0449, VFL train accuracy: 1.0000
2026-04-20 23:34:26,735 - Epoch: 49, 271/274: VFL loss: 0.0001, total loss: 0.0225, anchor loss: 0.0449, VFL train accuracy: 1.0000
2026-04-20 23:34:26,805 - => Recorded Stage 2 client anchor losses for epoch 49 to 'results/AVGuard/stage3_gamma_sensitivity_3clients_noema_bounded_q/NUSWIDE_3clients_noema_bounded_q_gamma_1.0\stage2_final_epoch_client_anchor_losses.json': {0: 0.016524, 1: 0.052292, 2: 0.065918}
2026-04-20 23:34:26,807 - => Stage 2 EMA anchor update skipped at epoch 49 because momentum=1.0000 disables EMA; eligible classes per client {0: 5, 1: 5, 2: 5}
2026-04-20 23:34:26,807 - => Stage 2 Epoch 49 Training Summary: VFL loss: 0.0001, total loss: 0.0225, anchor loss: 0.0449, VFL train accuracy: 1.0000
2026-04-20 23:34:26,809 - => Test ASR...
2026-04-20 23:34:26,916 - =>Add Trigger to Test Data
2026-04-20 23:34:29,113 - Add Trigger to 37064 Bad Samples, 9629 Clean Samples (1.00)
2026-04-20 23:34:37,057 - => Test Epoch: 49, main task samples: 46693, attack samples: 46693, test loss: 1.4061, clean acc: 0.7826, Top-4: 0.9944, ASR: 0.0611, RAC: 0.7010, test target accuracy: 0.8868, stage3 final accuracy: 0.7826, stage3 final target accuracy: 0.7651, stage3 final asr: 0.0611, anchor loss: 0.0781
2026-04-20 23:34:37,057 - => Stage 3 Detection Summary: recall: 0.6508, precision: 0.0249, f1: 0.0479, false positive rate: 0.2057, correction rate: 0.3516
2026-04-20 23:34:37,057 - => Stage 3 Debug (clean): suspicious=9603/46693, correction_applied=9585, prediction_changed=9585, skipped_tied_vote=0, skipped_low_margin=0, skipped_other=18
2026-04-20 23:34:37,057 - => Stage 3 Debug (poison-valid): suspicious=11844/37064, correction_applied=11838, prediction_changed=11838, skipped_tied_vote=0, skipped_low_margin=0, skipped_other=6
2026-04-20 23:34:37,058 - => Stage 3 Debug (attack-success): suspicious=533/819, correction_applied=533, prediction_changed=533, corrected_to_true=288
2026-04-20 23:34:37,058 - => Stage 2 checkpoint score: mean(clean_acc=0.7826, recall=0.6508, correction_rate=0.3516) = 0.5950
2026-04-20 23:34:37,097 - => End Epoch: 49, early stop epochs: 48, best epoch: 1, best clean acc: 0.7673, best Top-4: 0.9965, best ASR: 0.2678, best RAC: 0.6693, anchor loss: 0.0830, best checkpoint score: 0.6513
2026-04-20 23:34:37,097 - => Stage 3 Detection Summary: recall: 0.6904, precision: 0.2858, f1: 0.4042, false positive rate: 0.2121, correction rate: 0.4961
2026-04-20 23:34:37,125 - => LFBA current anchor-derived target label: 3
2026-04-20 23:34:37,205 - =>Add Trigger to Train Data
2026-04-20 23:34:37,419 - Add Trigger to 6996 Bad Samples, 62970 Clean Samples (0.10)
2026-04-20 23:34:37,422 - => Start Training for Injecting Backdoor...
2026-04-20 23:34:37,453 - Epoch: 50, 1/274: VFL loss: 0.0002, total loss: 0.0210, anchor loss: 0.0419, VFL train accuracy: 1.0000
2026-04-20 23:34:37,833 - Epoch: 50, 11/274: VFL loss: 0.0001, total loss: 0.0222, anchor loss: 0.0444, VFL train accuracy: 1.0000
2026-04-20 23:34:38,052 - Epoch: 50, 21/274: VFL loss: 0.0001, total loss: 0.0220, anchor loss: 0.0440, VFL train accuracy: 1.0000
2026-04-20 23:34:38,268 - Epoch: 50, 31/274: VFL loss: 0.0001, total loss: 0.0222, anchor loss: 0.0444, VFL train accuracy: 1.0000
2026-04-20 23:34:38,475 - Epoch: 50, 41/274: VFL loss: 0.0001, total loss: 0.0224, anchor loss: 0.0447, VFL train accuracy: 1.0000
2026-04-20 23:34:38,677 - Epoch: 50, 51/274: VFL loss: 0.0001, total loss: 0.0224, anchor loss: 0.0447, VFL train accuracy: 1.0000
2026-04-20 23:34:38,898 - Epoch: 50, 61/274: VFL loss: 0.0001, total loss: 0.0225, anchor loss: 0.0450, VFL train accuracy: 1.0000
2026-04-20 23:34:39,105 - Epoch: 50, 71/274: VFL loss: 0.0001, total loss: 0.0224, anchor loss: 0.0448, VFL train accuracy: 1.0000
2026-04-20 23:34:39,301 - Epoch: 50, 81/274: VFL loss: 0.0001, total loss: 0.0224, anchor loss: 0.0447, VFL train accuracy: 1.0000
2026-04-20 23:34:39,511 - Epoch: 50, 91/274: VFL loss: 0.0001, total loss: 0.0224, anchor loss: 0.0447, VFL train accuracy: 1.0000
2026-04-20 23:34:39,727 - Epoch: 50, 101/274: VFL loss: 0.0001, total loss: 0.0225, anchor loss: 0.0449, VFL train accuracy: 1.0000
2026-04-20 23:34:39,935 - Epoch: 50, 111/274: VFL loss: 0.0001, total loss: 0.0225, anchor loss: 0.0449, VFL train accuracy: 1.0000
2026-04-20 23:34:40,145 - Epoch: 50, 121/274: VFL loss: 0.0001, total loss: 0.0225, anchor loss: 0.0450, VFL train accuracy: 1.0000
2026-04-20 23:34:40,348 - Epoch: 50, 131/274: VFL loss: 0.0001, total loss: 0.0225, anchor loss: 0.0450, VFL train accuracy: 1.0000
2026-04-20 23:34:40,559 - Epoch: 50, 141/274: VFL loss: 0.0001, total loss: 0.0225, anchor loss: 0.0450, VFL train accuracy: 1.0000
2026-04-20 23:34:40,770 - Epoch: 50, 151/274: VFL loss: 0.0001, total loss: 0.0226, anchor loss: 0.0451, VFL train accuracy: 1.0000
2026-04-20 23:34:40,984 - Epoch: 50, 161/274: VFL loss: 0.0001, total loss: 0.0226, anchor loss: 0.0451, VFL train accuracy: 1.0000
2026-04-20 23:34:41,190 - Epoch: 50, 171/274: VFL loss: 0.0001, total loss: 0.0226, anchor loss: 0.0451, VFL train accuracy: 1.0000
2026-04-20 23:34:41,397 - Epoch: 50, 181/274: VFL loss: 0.0001, total loss: 0.0226, anchor loss: 0.0450, VFL train accuracy: 1.0000
2026-04-20 23:34:41,624 - Epoch: 50, 191/274: VFL loss: 0.0001, total loss: 0.0225, anchor loss: 0.0450, VFL train accuracy: 1.0000
2026-04-20 23:34:41,834 - Epoch: 50, 201/274: VFL loss: 0.0001, total loss: 0.0225, anchor loss: 0.0449, VFL train accuracy: 1.0000
2026-04-20 23:34:42,038 - Epoch: 50, 211/274: VFL loss: 0.0001, total loss: 0.0225, anchor loss: 0.0449, VFL train accuracy: 1.0000
2026-04-20 23:34:42,249 - Epoch: 50, 221/274: VFL loss: 0.0001, total loss: 0.0225, anchor loss: 0.0449, VFL train accuracy: 1.0000
2026-04-20 23:34:42,452 - Epoch: 50, 231/274: VFL loss: 0.0001, total loss: 0.0225, anchor loss: 0.0450, VFL train accuracy: 1.0000
2026-04-20 23:34:42,653 - Epoch: 50, 241/274: VFL loss: 0.0001, total loss: 0.0226, anchor loss: 0.0450, VFL train accuracy: 1.0000
2026-04-20 23:34:42,852 - Epoch: 50, 251/274: VFL loss: 0.0001, total loss: 0.0225, anchor loss: 0.0450, VFL train accuracy: 1.0000
2026-04-20 23:34:43,052 - Epoch: 50, 261/274: VFL loss: 0.0001, total loss: 0.0225, anchor loss: 0.0449, VFL train accuracy: 1.0000
2026-04-20 23:34:43,251 - Epoch: 50, 271/274: VFL loss: 0.0001, total loss: 0.0225, anchor loss: 0.0449, VFL train accuracy: 1.0000
2026-04-20 23:34:43,314 - => Recorded Stage 2 client anchor losses for epoch 50 to 'results/AVGuard/stage3_gamma_sensitivity_3clients_noema_bounded_q/NUSWIDE_3clients_noema_bounded_q_gamma_1.0\stage2_final_epoch_client_anchor_losses.json': {0: 0.016489, 1: 0.052216, 2: 0.065914}
2026-04-20 23:34:43,316 - => Stage 2 EMA anchor update skipped at epoch 50 because momentum=1.0000 disables EMA; eligible classes per client {0: 5, 1: 5, 2: 5}
2026-04-20 23:34:43,316 - => Stage 2 Epoch 50 Training Summary: VFL loss: 0.0001, total loss: 0.0225, anchor loss: 0.0449, VFL train accuracy: 1.0000
2026-04-20 23:34:43,316 - => Test ASR...
2026-04-20 23:34:43,421 - =>Add Trigger to Test Data
2026-04-20 23:34:45,570 - Add Trigger to 37064 Bad Samples, 9629 Clean Samples (1.00)
2026-04-20 23:34:53,624 - => Test Epoch: 50, main task samples: 46693, attack samples: 46693, test loss: 1.4128, clean acc: 0.7828, Top-4: 0.9944, ASR: 0.0607, RAC: 0.7011, test target accuracy: 0.8856, stage3 final accuracy: 0.7828, stage3 final target accuracy: 0.7637, stage3 final asr: 0.0607, anchor loss: 0.0781
2026-04-20 23:34:53,624 - => Stage 3 Detection Summary: recall: 0.6519, precision: 0.0247, f1: 0.0476, false positive rate: 0.2056, correction rate: 0.3567
2026-04-20 23:34:53,624 - => Stage 3 Debug (clean): suspicious=9602/46693, correction_applied=9584, prediction_changed=9584, skipped_tied_vote=0, skipped_low_margin=0, skipped_other=18
2026-04-20 23:34:53,624 - => Stage 3 Debug (poison-valid): suspicious=11831/37064, correction_applied=11825, prediction_changed=11825, skipped_tied_vote=0, skipped_low_margin=0, skipped_other=6
2026-04-20 23:34:53,624 - => Stage 3 Debug (attack-success): suspicious=530/813, correction_applied=530, prediction_changed=530, corrected_to_true=290
2026-04-20 23:34:53,625 - => Stage 2 checkpoint score: mean(clean_acc=0.7828, recall=0.6519, correction_rate=0.3567) = 0.5971
2026-04-20 23:34:53,659 - => End Epoch: 50, early stop epochs: 49, best epoch: 1, best clean acc: 0.7673, best Top-4: 0.9965, best ASR: 0.2678, best RAC: 0.6693, anchor loss: 0.0830, best checkpoint score: 0.6513
2026-04-20 23:34:53,659 - => Stage 3 Detection Summary: recall: 0.6904, precision: 0.2858, f1: 0.4042, false positive rate: 0.2121, correction rate: 0.4961
