2026-04-20 22:39:15,818 - Namespace(config='', data_dir='./dataset/', dataset='IEEE_CIS_FRAUD', device=0, results_dir='results/AVGuard/stage3_gamma_sensitivity_3clients_noema_bounded_q/IEEE_CIS_FRAUD_3clients_noema_bounded_q_gamma_1.0', seed=100, epoch=50, batch_size=256, client_num=3, pretrained_checkpoint='results/AVGuard/stage3_gamma_sensitivity_3clients_noema_bounded_q/IEEE_CIS_FRAUD_3clients_noema_bounded_q_gamma_1.0\\latest_checkpoint.pth.tar', test_checkpoint=None, resume_latest=True, lr=0.001, start_epoch=0, print_steps=10, early_stop=0, attack='LFBA', target_label=None, poison_rate=0.1, poison_dimensions=30, trigger_feature_clip=1.0, attack_client_num=2, feature_extractor='', select_rate=0.3, lfba_poison_source='gradient', random_select=False, poison_all=False, anchor_idx=1001, pretrain_stage=0, mode='train', defense='anchor', defense_scheme='AVGuard', enable_stage1=True, force_stage1_retrain=False, enable_anchor_loss=True, lambda_anchor=0.5, lambda_stage1_anchor=0.8, anchor_pretrain_epochs=30, anchor_pretrain_early_stop=5, anchor_pretrain_min_delta=0.0001, anchor_scale=16.0, anchor_margin=0.45, anchor_bank_path='./results/AVGuard/IEEE_CIS_FRAUD/IEEE_CIS_FRAUD_anchor_defense_stage1/anchor_artifact.pt', anchor_stage1_dir='./results/AVGuard/IEEE_CIS_FRAUD/IEEE_CIS_FRAUD_anchor_defense_stage1/anchor_stage1', anchor_ema_momentum=1.0, anchor_ema_update_freq=1, stage3_enable_joint_weighted_voting=True, stage3_enable_static_reliability=True, gamma=1.0, stage3_confidence_mode='bounded_relative_gap', theta_supp=0.15, enable_conservative_correction=False, tau_corr=0.0, top_k=4, stage3_debug_batches=0, stage3_debug_max_samples=8, original_dataset='IEEE-CIS-FRAUD', attack_target_label=None, anchor_margin_auto_adjusted=False, requested_anchor_margin=0.45)
2026-04-20 22:39:15,818 - => Canonicalized dataset name from 'IEEE-CIS-FRAUD' to 'IEEE_CIS_FRAUD'; legacy NUS-WIDE aliases now share the unified NUSWIDE entry
2026-04-20 22:39:15,819 - => Defense scheme: AVGuard
2026-04-20 22:39:15,819 - => LFBA poison-set source: gradient
2026-04-20 22:39:15,819 - => Python executable: D:\Code\Miniconda\envs\backdoor\python.exe
2026-04-20 22:39:15,819 - => Torch version: 2.5.1+cu121, compiled CUDA: 12.1, cuda available: True, visible GPU count: 1
2026-04-20 22:39:15,819 - => Using GPU cuda:0 (NVIDIA GeForce RTX 4060 Laptop GPU)
2026-04-20 22:39:15,819 - => Preparing data...
2026-04-20 22:39:16,556 - => IEEE-CIS-Fraud directory: ./dataset/data_raw\processed\IEEE-CIS-Fraud
2026-04-20 22:39:16,556 - => IEEE-CIS-Fraud feature dim: 432, train samples: 49591, test samples: 12398
2026-04-20 22:39:16,562 - => Resolved LFBA attack target label=1 from training anchor_idx=1001
2026-04-20 22:39:16,662 - => No checkpoint found at 'results/AVGuard/stage3_gamma_sensitivity_3clients_noema_bounded_q/IEEE_CIS_FRAUD_3clients_noema_bounded_q_gamma_1.0\latest_checkpoint.pth.tar'
2026-04-20 22:39:16,678 - => Loading stage1 local models and anchors from './results/AVGuard/IEEE_CIS_FRAUD/IEEE_CIS_FRAUD_anchor_defense_stage1/anchor_stage1/stage1_artifact.pt'
2026-04-20 22:39:16,774 - => Stage 3 is ready; it will use Stage 1 client reliability from the loaded anchor state when available. Stage 2 client anchor-loss stats are optional diagnostics.
2026-04-20 22:39:16,777 - =>Add Trigger to Test Data
2026-04-20 22:39:17,190 - Add Trigger to 8265 Bad Samples, 4133 Clean Samples (1.00)
2026-04-20 22:39:17,191 - => Start Training with LFBA...
2026-04-20 22:39:17,191 - => Enter Stage 2: joint VFL training starts from stage1 passive local backbones with frozen anchor heads
2026-04-20 22:39:17,191 - => Stage 2 anchor loss enabled: True
2026-04-20 22:39:17,191 - => Stage 2 loss form: total_loss=(1-lambda_anchor)*CE + lambda_anchor*anchor_loss with lambda_anchor=0.5000
2026-04-20 22:39:17,191 - => Stage 2 EMA anchor calibration disabled: momentum=1.0000 makes anchor updates a no-op, update_freq=1 epoch(s)
2026-04-20 22:39:17,192 - => Stage 2 latest checkpoint path: 'results/AVGuard/stage3_gamma_sensitivity_3clients_noema_bounded_q/IEEE_CIS_FRAUD_3clients_noema_bounded_q_gamma_1.0\latest_checkpoint.pth.tar'
2026-04-20 22:39:17,192 - => Stage 2 best checkpoint path: 'results/AVGuard/stage3_gamma_sensitivity_3clients_noema_bounded_q/IEEE_CIS_FRAUD_3clients_noema_bounded_q_gamma_1.0\best_checkpoint.pth.tar'
2026-04-20 22:39:17,192 - => Stage 2 best checkpoint compatibility alias path: 'results/AVGuard/stage3_gamma_sensitivity_3clients_noema_bounded_q/IEEE_CIS_FRAUD_3clients_noema_bounded_q_gamma_1.0\best_clean_checkpoint.pth.tar'
2026-04-20 22:39:17,192 - => Stage 2 best checkpoint metric: mean(clean_acc, detection_recall, correction_rate)
2026-04-20 22:39:17,192 - => Stage 3 confidence mode for q_i: bounded_relative_gap
2026-04-20 22:39:17,197 - => Start Training for Injecting Backdoor...
2026-04-20 22:39:17,513 - Epoch: 1, 1/194: VFL loss: 0.7838, total loss: 0.4128, anchor loss: 0.0417, VFL train accuracy: 0.6484
2026-04-20 22:39:17,706 - Epoch: 1, 11/194: VFL loss: 0.5274, total loss: 0.2855, anchor loss: 0.0435, VFL train accuracy: 0.7766
2026-04-20 22:39:17,879 - Epoch: 1, 21/194: VFL loss: 0.4992, total loss: 0.2714, anchor loss: 0.0435, VFL train accuracy: 0.7898
2026-04-20 22:39:18,067 - Epoch: 1, 31/194: VFL loss: 0.4636, total loss: 0.2533, anchor loss: 0.0431, VFL train accuracy: 0.8054
2026-04-20 22:39:18,247 - Epoch: 1, 41/194: VFL loss: 0.4394, total loss: 0.2414, anchor loss: 0.0434, VFL train accuracy: 0.8159
2026-04-20 22:39:18,426 - Epoch: 1, 51/194: VFL loss: 0.4211, total loss: 0.2322, anchor loss: 0.0432, VFL train accuracy: 0.8254
2026-04-20 22:39:18,622 - Epoch: 1, 61/194: VFL loss: 0.4115, total loss: 0.2272, anchor loss: 0.0429, VFL train accuracy: 0.8316
2026-04-20 22:39:18,812 - Epoch: 1, 71/194: VFL loss: 0.4031, total loss: 0.2228, anchor loss: 0.0425, VFL train accuracy: 0.8372
2026-04-20 22:39:18,998 - Epoch: 1, 81/194: VFL loss: 0.3944, total loss: 0.2183, anchor loss: 0.0421, VFL train accuracy: 0.8422
2026-04-20 22:39:19,173 - Epoch: 1, 91/194: VFL loss: 0.3870, total loss: 0.2144, anchor loss: 0.0418, VFL train accuracy: 0.8459
2026-04-20 22:39:19,339 - Epoch: 1, 101/194: VFL loss: 0.3821, total loss: 0.2118, anchor loss: 0.0416, VFL train accuracy: 0.8493
2026-04-20 22:39:19,527 - Epoch: 1, 111/194: VFL loss: 0.3770, total loss: 0.2092, anchor loss: 0.0413, VFL train accuracy: 0.8519
2026-04-20 22:39:19,707 - Epoch: 1, 121/194: VFL loss: 0.3736, total loss: 0.2074, anchor loss: 0.0412, VFL train accuracy: 0.8531
2026-04-20 22:39:19,870 - Epoch: 1, 131/194: VFL loss: 0.3707, total loss: 0.2058, anchor loss: 0.0410, VFL train accuracy: 0.8548
2026-04-20 22:39:20,058 - Epoch: 1, 141/194: VFL loss: 0.3691, total loss: 0.2050, anchor loss: 0.0410, VFL train accuracy: 0.8557
2026-04-20 22:39:20,231 - Epoch: 1, 151/194: VFL loss: 0.3665, total loss: 0.2037, anchor loss: 0.0409, VFL train accuracy: 0.8567
2026-04-20 22:39:20,413 - Epoch: 1, 161/194: VFL loss: 0.3623, total loss: 0.2015, anchor loss: 0.0407, VFL train accuracy: 0.8583
2026-04-20 22:39:20,588 - Epoch: 1, 171/194: VFL loss: 0.3605, total loss: 0.2006, anchor loss: 0.0406, VFL train accuracy: 0.8594
2026-04-20 22:39:20,764 - Epoch: 1, 181/194: VFL loss: 0.3584, total loss: 0.1994, anchor loss: 0.0405, VFL train accuracy: 0.8603
2026-04-20 22:39:20,936 - Epoch: 1, 191/194: VFL loss: 0.3576, total loss: 0.1990, anchor loss: 0.0405, VFL train accuracy: 0.8607
2026-04-20 22:39:20,988 - => Recorded Stage 2 client anchor losses for epoch 1 to 'results/AVGuard/stage3_gamma_sensitivity_3clients_noema_bounded_q/IEEE_CIS_FRAUD_3clients_noema_bounded_q_gamma_1.0\stage2_final_epoch_client_anchor_losses.json': {0: 0.043863, 1: 0.038839, 2: 0.038662}
2026-04-20 22:39:20,998 - => Stage 2 EMA anchor update skipped at epoch 1 because momentum=1.0000 disables EMA; eligible classes per client {0: 2, 1: 2, 2: 2}
2026-04-20 22:39:20,998 - => Stage 2 Epoch 1 Training Summary: VFL loss: 0.3576, total loss: 0.1990, anchor loss: 0.0405, VFL train accuracy: 0.8606
2026-04-20 22:39:20,999 - => Test ASR...
2026-04-20 22:39:21,007 - =>Add Trigger to Test Data
2026-04-20 22:39:21,373 - Add Trigger to 8265 Bad Samples, 4133 Clean Samples (1.00)
2026-04-20 22:39:23,212 - => Test Epoch: 1, main task samples: 12398, attack samples: 12398, test loss: 0.3618, clean acc: 0.8220, Top-2: 1.0000, ASR: 0.1642, RAC: 0.7467, test target accuracy: 0.7278, stage3 final accuracy: 0.8220, stage3 final target accuracy: 0.5684, stage3 final asr: 0.1642, anchor loss: 0.0413
2026-04-20 22:39:23,212 - => Stage 3 Detection Summary: recall: 0.8136, precision: 0.8126, f1: 0.8131, false positive rate: 0.1034, correction rate: 0.8134
2026-04-20 22:39:23,212 - => Stage 3 Debug (clean): suspicious=1282/12398, correction_applied=1280, prediction_changed=1280, skipped_tied_vote=0, skipped_low_margin=0, skipped_other=2
2026-04-20 22:39:23,212 - => Stage 3 Debug (poison-valid): suspicious=5779/8265, correction_applied=5778, prediction_changed=5778, skipped_tied_vote=0, skipped_low_margin=0, skipped_other=1
2026-04-20 22:39:23,212 - => Stage 3 Debug (attack-success): suspicious=5738/7053, correction_applied=5737, prediction_changed=5737, corrected_to_true=5737
2026-04-20 22:39:23,212 - => Stage 2 checkpoint score: mean(clean_acc=0.8220, recall=0.8136, correction_rate=0.8134) = 0.8163
2026-04-20 22:39:23,212 - => Save best checkpoint model...
2026-04-20 22:39:23,282 - => End Epoch: 1, early stop epochs: 0, best epoch: 1, best clean acc: 0.8220, best Top-2: 1.0000, best ASR: 0.1642, best RAC: 0.7467, anchor loss: 0.0413, best checkpoint score: 0.8163
2026-04-20 22:39:23,283 - => Stage 3 Detection Summary: recall: 0.8136, precision: 0.8126, f1: 0.8131, false positive rate: 0.1034, correction rate: 0.8134
2026-04-20 22:39:23,290 - => Rebuilt LFBA poison set from cached gradients: anchor label=1, poison samples=4959, same-label poison samples=4959, consistent rate=1.0000
2026-04-20 22:39:23,302 - => LFBA current anchor-derived target label: 1
2026-04-20 22:39:23,324 - =>Add Trigger to Train Data
2026-04-20 22:39:23,418 - Add Trigger to 4959 Bad Samples, 44632 Clean Samples (0.10)
2026-04-20 22:39:23,427 - => Start Training for Injecting Backdoor...
2026-04-20 22:39:23,448 - Epoch: 2, 1/194: VFL loss: 0.2804, total loss: 0.1574, anchor loss: 0.0345, VFL train accuracy: 0.9062
2026-04-20 22:39:23,638 - Epoch: 2, 11/194: VFL loss: 0.2742, total loss: 0.1561, anchor loss: 0.0380, VFL train accuracy: 0.9059
2026-04-20 22:39:23,830 - Epoch: 2, 21/194: VFL loss: 0.2730, total loss: 0.1556, anchor loss: 0.0382, VFL train accuracy: 0.9049
2026-04-20 22:39:24,026 - Epoch: 2, 31/194: VFL loss: 0.2686, total loss: 0.1534, anchor loss: 0.0383, VFL train accuracy: 0.9075
2026-04-20 22:39:24,194 - Epoch: 2, 41/194: VFL loss: 0.2611, total loss: 0.1494, anchor loss: 0.0377, VFL train accuracy: 0.9090
2026-04-20 22:39:24,362 - Epoch: 2, 51/194: VFL loss: 0.2607, total loss: 0.1493, anchor loss: 0.0380, VFL train accuracy: 0.9080
2026-04-20 22:39:24,532 - Epoch: 2, 61/194: VFL loss: 0.2606, total loss: 0.1493, anchor loss: 0.0379, VFL train accuracy: 0.9078
2026-04-20 22:39:24,710 - Epoch: 2, 71/194: VFL loss: 0.2594, total loss: 0.1485, anchor loss: 0.0377, VFL train accuracy: 0.9082
2026-04-20 22:39:24,879 - Epoch: 2, 81/194: VFL loss: 0.2587, total loss: 0.1482, anchor loss: 0.0376, VFL train accuracy: 0.9090
2026-04-20 22:39:25,071 - Epoch: 2, 91/194: VFL loss: 0.2566, total loss: 0.1470, anchor loss: 0.0374, VFL train accuracy: 0.9096
2026-04-20 22:39:25,248 - Epoch: 2, 101/194: VFL loss: 0.2552, total loss: 0.1463, anchor loss: 0.0373, VFL train accuracy: 0.9097
2026-04-20 22:39:25,413 - Epoch: 2, 111/194: VFL loss: 0.2550, total loss: 0.1461, anchor loss: 0.0372, VFL train accuracy: 0.9095
2026-04-20 22:39:25,589 - Epoch: 2, 121/194: VFL loss: 0.2545, total loss: 0.1458, anchor loss: 0.0371, VFL train accuracy: 0.9101
2026-04-20 22:39:25,756 - Epoch: 2, 131/194: VFL loss: 0.2540, total loss: 0.1456, anchor loss: 0.0371, VFL train accuracy: 0.9099
2026-04-20 22:39:25,923 - Epoch: 2, 141/194: VFL loss: 0.2537, total loss: 0.1454, anchor loss: 0.0371, VFL train accuracy: 0.9101
2026-04-20 22:39:26,091 - Epoch: 2, 151/194: VFL loss: 0.2531, total loss: 0.1450, anchor loss: 0.0370, VFL train accuracy: 0.9105
2026-04-20 22:39:26,257 - Epoch: 2, 161/194: VFL loss: 0.2538, total loss: 0.1455, anchor loss: 0.0371, VFL train accuracy: 0.9105
2026-04-20 22:39:26,422 - Epoch: 2, 171/194: VFL loss: 0.2536, total loss: 0.1453, anchor loss: 0.0370, VFL train accuracy: 0.9105
2026-04-20 22:39:26,600 - Epoch: 2, 181/194: VFL loss: 0.2528, total loss: 0.1449, anchor loss: 0.0369, VFL train accuracy: 0.9108
2026-04-20 22:39:26,769 - Epoch: 2, 191/194: VFL loss: 0.2525, total loss: 0.1447, anchor loss: 0.0369, VFL train accuracy: 0.9107
2026-04-20 22:39:26,830 - => Recorded Stage 2 client anchor losses for epoch 2 to 'results/AVGuard/stage3_gamma_sensitivity_3clients_noema_bounded_q/IEEE_CIS_FRAUD_3clients_noema_bounded_q_gamma_1.0\stage2_final_epoch_client_anchor_losses.json': {0: 0.038853, 1: 0.037925, 2: 0.034013}
2026-04-20 22:39:26,831 - => Stage 2 EMA anchor update skipped at epoch 2 because momentum=1.0000 disables EMA; eligible classes per client {0: 2, 1: 2, 2: 2}
2026-04-20 22:39:26,832 - => Stage 2 Epoch 2 Training Summary: VFL loss: 0.2531, total loss: 0.1450, anchor loss: 0.0369, VFL train accuracy: 0.9106
2026-04-20 22:39:26,832 - => Test ASR...
2026-04-20 22:39:26,841 - =>Add Trigger to Test Data
2026-04-20 22:39:27,246 - Add Trigger to 8265 Bad Samples, 4133 Clean Samples (1.00)
2026-04-20 22:39:29,062 - => Test Epoch: 2, main task samples: 12398, attack samples: 12398, test loss: 0.3593, clean acc: 0.8185, Top-2: 1.0000, ASR: 0.1141, RAC: 0.7658, test target accuracy: 0.7036, stage3 final accuracy: 0.8185, stage3 final target accuracy: 0.5258, stage3 final asr: 0.1141, anchor loss: 0.0410
2026-04-20 22:39:29,062 - => Stage 3 Detection Summary: recall: 0.8858, precision: 0.8408, f1: 0.8627, false positive rate: 0.1111, correction rate: 0.8858
2026-04-20 22:39:29,063 - => Stage 3 Debug (clean): suspicious=1378/12398, correction_applied=1373, prediction_changed=1373, skipped_tied_vote=0, skipped_low_margin=0, skipped_other=5
2026-04-20 22:39:29,063 - => Stage 3 Debug (poison-valid): suspicious=7295/8265, correction_applied=7295, prediction_changed=7295, skipped_tied_vote=0, skipped_low_margin=0, skipped_other=0
2026-04-20 22:39:29,063 - => Stage 3 Debug (attack-success): suspicious=7292/8232, correction_applied=7292, prediction_changed=7292, corrected_to_true=7292
2026-04-20 22:39:29,063 - => Stage 2 checkpoint score: mean(clean_acc=0.8185, recall=0.8858, correction_rate=0.8858) = 0.8634
2026-04-20 22:39:29,063 - => Save best checkpoint model...
2026-04-20 22:39:29,140 - => End Epoch: 2, early stop epochs: 0, best epoch: 2, best clean acc: 0.8185, best Top-2: 1.0000, best ASR: 0.1141, best RAC: 0.7658, anchor loss: 0.0410, best checkpoint score: 0.8634
2026-04-20 22:39:29,140 - => Stage 3 Detection Summary: recall: 0.8858, precision: 0.8408, f1: 0.8627, false positive rate: 0.1111, correction rate: 0.8858
2026-04-20 22:39:29,154 - => LFBA current anchor-derived target label: 1
2026-04-20 22:39:29,163 - =>Add Trigger to Train Data
2026-04-20 22:39:29,250 - Add Trigger to 4959 Bad Samples, 44632 Clean Samples (0.10)
2026-04-20 22:39:29,259 - => Start Training for Injecting Backdoor...
2026-04-20 22:39:29,279 - Epoch: 3, 1/194: VFL loss: 0.3014, total loss: 0.1703, anchor loss: 0.0391, VFL train accuracy: 0.9023
2026-04-20 22:39:29,476 - Epoch: 3, 11/194: VFL loss: 0.2594, total loss: 0.1484, anchor loss: 0.0374, VFL train accuracy: 0.9151
2026-04-20 22:39:29,666 - Epoch: 3, 21/194: VFL loss: 0.2539, total loss: 0.1451, anchor loss: 0.0363, VFL train accuracy: 0.9159
2026-04-20 22:39:29,837 - Epoch: 3, 31/194: VFL loss: 0.2563, total loss: 0.1465, anchor loss: 0.0367, VFL train accuracy: 0.9131
2026-04-20 22:39:29,998 - Epoch: 3, 41/194: VFL loss: 0.2556, total loss: 0.1461, anchor loss: 0.0366, VFL train accuracy: 0.9124
2026-04-20 22:39:30,168 - Epoch: 3, 51/194: VFL loss: 0.2583, total loss: 0.1475, anchor loss: 0.0368, VFL train accuracy: 0.9116
2026-04-20 22:39:30,341 - Epoch: 3, 61/194: VFL loss: 0.2586, total loss: 0.1476, anchor loss: 0.0367, VFL train accuracy: 0.9118
2026-04-20 22:39:30,523 - Epoch: 3, 71/194: VFL loss: 0.2582, total loss: 0.1474, anchor loss: 0.0366, VFL train accuracy: 0.9119
2026-04-20 22:39:30,733 - Epoch: 3, 81/194: VFL loss: 0.2573, total loss: 0.1469, anchor loss: 0.0365, VFL train accuracy: 0.9123
2026-04-20 22:39:30,932 - Epoch: 3, 91/194: VFL loss: 0.2575, total loss: 0.1471, anchor loss: 0.0366, VFL train accuracy: 0.9122
2026-04-20 22:39:31,134 - Epoch: 3, 101/194: VFL loss: 0.2587, total loss: 0.1477, anchor loss: 0.0367, VFL train accuracy: 0.9118
2026-04-20 22:39:31,326 - Epoch: 3, 111/194: VFL loss: 0.2579, total loss: 0.1473, anchor loss: 0.0368, VFL train accuracy: 0.9118
2026-04-20 22:39:31,492 - Epoch: 3, 121/194: VFL loss: 0.2573, total loss: 0.1471, anchor loss: 0.0368, VFL train accuracy: 0.9120
2026-04-20 22:39:31,682 - Epoch: 3, 131/194: VFL loss: 0.2551, total loss: 0.1458, anchor loss: 0.0366, VFL train accuracy: 0.9130
2026-04-20 22:39:31,860 - Epoch: 3, 141/194: VFL loss: 0.2554, total loss: 0.1460, anchor loss: 0.0366, VFL train accuracy: 0.9130
2026-04-20 22:39:32,031 - Epoch: 3, 151/194: VFL loss: 0.2538, total loss: 0.1452, anchor loss: 0.0365, VFL train accuracy: 0.9135
2026-04-20 22:39:32,195 - Epoch: 3, 161/194: VFL loss: 0.2542, total loss: 0.1455, anchor loss: 0.0367, VFL train accuracy: 0.9132
2026-04-20 22:39:32,369 - Epoch: 3, 171/194: VFL loss: 0.2546, total loss: 0.1456, anchor loss: 0.0367, VFL train accuracy: 0.9128
2026-04-20 22:39:32,548 - Epoch: 3, 181/194: VFL loss: 0.2545, total loss: 0.1455, anchor loss: 0.0366, VFL train accuracy: 0.9127
2026-04-20 22:39:32,740 - Epoch: 3, 191/194: VFL loss: 0.2542, total loss: 0.1454, anchor loss: 0.0367, VFL train accuracy: 0.9126
2026-04-20 22:39:32,800 - => Recorded Stage 2 client anchor losses for epoch 3 to 'results/AVGuard/stage3_gamma_sensitivity_3clients_noema_bounded_q/IEEE_CIS_FRAUD_3clients_noema_bounded_q_gamma_1.0\stage2_final_epoch_client_anchor_losses.json': {0: 0.037887, 1: 0.037728, 2: 0.034496}
2026-04-20 22:39:32,801 - => Stage 2 EMA anchor update skipped at epoch 3 because momentum=1.0000 disables EMA; eligible classes per client {0: 2, 1: 2, 2: 2}
2026-04-20 22:39:32,801 - => Stage 2 Epoch 3 Training Summary: VFL loss: 0.2548, total loss: 0.1457, anchor loss: 0.0367, VFL train accuracy: 0.9123
2026-04-20 22:39:32,801 - => Test ASR...
2026-04-20 22:39:32,806 - =>Add Trigger to Test Data
2026-04-20 22:39:33,162 - Add Trigger to 8265 Bad Samples, 4133 Clean Samples (1.00)
2026-04-20 22:39:35,050 - => Test Epoch: 3, main task samples: 12398, attack samples: 12398, test loss: 0.3495, clean acc: 0.8205, Top-2: 1.0000, ASR: 0.1049, RAC: 0.7716, test target accuracy: 0.6864, stage3 final accuracy: 0.8205, stage3 final target accuracy: 0.5246, stage3 final asr: 0.1049, anchor loss: 0.0415
2026-04-20 22:39:35,050 - => Stage 3 Detection Summary: recall: 0.8949, precision: 0.8626, f1: 0.8784, false positive rate: 0.0943, correction rate: 0.8949
2026-04-20 22:39:35,051 - => Stage 3 Debug (clean): suspicious=1169/12398, correction_applied=1165, prediction_changed=1165, skipped_tied_vote=0, skipped_low_margin=0, skipped_other=4
2026-04-20 22:39:35,051 - => Stage 3 Debug (poison-valid): suspicious=7359/8265, correction_applied=7359, prediction_changed=7359, skipped_tied_vote=0, skipped_low_margin=0, skipped_other=0
2026-04-20 22:39:35,051 - => Stage 3 Debug (attack-success): suspicious=7356/8220, correction_applied=7356, prediction_changed=7356, corrected_to_true=7356
2026-04-20 22:39:35,051 - => Stage 2 checkpoint score: mean(clean_acc=0.8205, recall=0.8949, correction_rate=0.8949) = 0.8701
2026-04-20 22:39:35,051 - => Save best checkpoint model...
2026-04-20 22:39:35,124 - => End Epoch: 3, early stop epochs: 0, best epoch: 3, best clean acc: 0.8205, best Top-2: 1.0000, best ASR: 0.1049, best RAC: 0.7716, anchor loss: 0.0415, best checkpoint score: 0.8701
2026-04-20 22:39:35,124 - => Stage 3 Detection Summary: recall: 0.8949, precision: 0.8626, f1: 0.8784, false positive rate: 0.0943, correction rate: 0.8949
2026-04-20 22:39:35,139 - => LFBA current anchor-derived target label: 1
2026-04-20 22:39:35,147 - =>Add Trigger to Train Data
2026-04-20 22:39:35,253 - Add Trigger to 4959 Bad Samples, 44632 Clean Samples (0.10)
2026-04-20 22:39:35,263 - => Start Training for Injecting Backdoor...
2026-04-20 22:39:35,286 - Epoch: 4, 1/194: VFL loss: 0.2132, total loss: 0.1248, anchor loss: 0.0365, VFL train accuracy: 0.9258
2026-04-20 22:39:35,481 - Epoch: 4, 11/194: VFL loss: 0.2165, total loss: 0.1258, anchor loss: 0.0351, VFL train accuracy: 0.9300
2026-04-20 22:39:35,669 - Epoch: 4, 21/194: VFL loss: 0.2121, total loss: 0.1235, anchor loss: 0.0350, VFL train accuracy: 0.9312
2026-04-20 22:39:35,880 - Epoch: 4, 31/194: VFL loss: 0.2231, total loss: 0.1293, anchor loss: 0.0355, VFL train accuracy: 0.9233
2026-04-20 22:39:36,078 - Epoch: 4, 41/194: VFL loss: 0.2245, total loss: 0.1301, anchor loss: 0.0357, VFL train accuracy: 0.9235
2026-04-20 22:39:36,290 - Epoch: 4, 51/194: VFL loss: 0.2293, total loss: 0.1326, anchor loss: 0.0360, VFL train accuracy: 0.9215
2026-04-20 22:39:36,496 - Epoch: 4, 61/194: VFL loss: 0.2291, total loss: 0.1325, anchor loss: 0.0359, VFL train accuracy: 0.9213
2026-04-20 22:39:36,694 - Epoch: 4, 71/194: VFL loss: 0.2282, total loss: 0.1320, anchor loss: 0.0358, VFL train accuracy: 0.9215
2026-04-20 22:39:36,876 - Epoch: 4, 81/194: VFL loss: 0.2282, total loss: 0.1319, anchor loss: 0.0357, VFL train accuracy: 0.9212
2026-04-20 22:39:37,062 - Epoch: 4, 91/194: VFL loss: 0.2297, total loss: 0.1327, anchor loss: 0.0358, VFL train accuracy: 0.9196
2026-04-20 22:39:37,232 - Epoch: 4, 101/194: VFL loss: 0.2306, total loss: 0.1332, anchor loss: 0.0357, VFL train accuracy: 0.9187
2026-04-20 22:39:37,399 - Epoch: 4, 111/194: VFL loss: 0.2324, total loss: 0.1341, anchor loss: 0.0358, VFL train accuracy: 0.9180
2026-04-20 22:39:37,568 - Epoch: 4, 121/194: VFL loss: 0.2318, total loss: 0.1338, anchor loss: 0.0358, VFL train accuracy: 0.9181
2026-04-20 22:39:37,752 - Epoch: 4, 131/194: VFL loss: 0.2329, total loss: 0.1344, anchor loss: 0.0359, VFL train accuracy: 0.9176
2026-04-20 22:39:37,933 - Epoch: 4, 141/194: VFL loss: 0.2321, total loss: 0.1340, anchor loss: 0.0359, VFL train accuracy: 0.9179
2026-04-20 22:39:38,108 - Epoch: 4, 151/194: VFL loss: 0.2321, total loss: 0.1340, anchor loss: 0.0359, VFL train accuracy: 0.9181
2026-04-20 22:39:38,288 - Epoch: 4, 161/194: VFL loss: 0.2330, total loss: 0.1345, anchor loss: 0.0361, VFL train accuracy: 0.9177
2026-04-20 22:39:38,462 - Epoch: 4, 171/194: VFL loss: 0.2324, total loss: 0.1342, anchor loss: 0.0361, VFL train accuracy: 0.9178
2026-04-20 22:39:38,640 - Epoch: 4, 181/194: VFL loss: 0.2323, total loss: 0.1342, anchor loss: 0.0361, VFL train accuracy: 0.9179
2026-04-20 22:39:38,820 - Epoch: 4, 191/194: VFL loss: 0.2327, total loss: 0.1344, anchor loss: 0.0361, VFL train accuracy: 0.9177
2026-04-20 22:39:38,881 - => Recorded Stage 2 client anchor losses for epoch 4 to 'results/AVGuard/stage3_gamma_sensitivity_3clients_noema_bounded_q/IEEE_CIS_FRAUD_3clients_noema_bounded_q_gamma_1.0\stage2_final_epoch_client_anchor_losses.json': {0: 0.037056, 1: 0.037704, 2: 0.033576}
2026-04-20 22:39:38,882 - => Stage 2 EMA anchor update skipped at epoch 4 because momentum=1.0000 disables EMA; eligible classes per client {0: 2, 1: 2, 2: 2}
2026-04-20 22:39:38,883 - => Stage 2 Epoch 4 Training Summary: VFL loss: 0.2328, total loss: 0.1344, anchor loss: 0.0361, VFL train accuracy: 0.9177
2026-04-20 22:39:38,883 - => Test ASR...
2026-04-20 22:39:38,889 - =>Add Trigger to Test Data
2026-04-20 22:39:39,252 - Add Trigger to 8265 Bad Samples, 4133 Clean Samples (1.00)
2026-04-20 22:39:40,936 - => Test Epoch: 4, main task samples: 12398, attack samples: 12398, test loss: 0.3576, clean acc: 0.8187, Top-2: 1.0000, ASR: 0.0980, RAC: 0.7726, test target accuracy: 0.7022, stage3 final accuracy: 0.8187, stage3 final target accuracy: 0.5139, stage3 final asr: 0.0980, anchor loss: 0.0406
2026-04-20 22:39:40,936 - => Stage 3 Detection Summary: recall: 0.9017, precision: 0.8422, f1: 0.8710, false positive rate: 0.1119, correction rate: 0.9017
2026-04-20 22:39:40,936 - => Stage 3 Debug (clean): suspicious=1387/12398, correction_applied=1383, prediction_changed=1383, skipped_tied_vote=0, skipped_low_margin=0, skipped_other=4
2026-04-20 22:39:40,936 - => Stage 3 Debug (poison-valid): suspicious=7416/8265, correction_applied=7416, prediction_changed=7416, skipped_tied_vote=0, skipped_low_margin=0, skipped_other=0
2026-04-20 22:39:40,936 - => Stage 3 Debug (attack-success): suspicious=7414/8222, correction_applied=7414, prediction_changed=7414, corrected_to_true=7414
2026-04-20 22:39:40,936 - => Stage 2 checkpoint score: mean(clean_acc=0.8187, recall=0.9017, correction_rate=0.9017) = 0.8740
2026-04-20 22:39:40,936 - => Save best checkpoint model...
2026-04-20 22:39:41,007 - => End Epoch: 4, early stop epochs: 0, best epoch: 4, best clean acc: 0.8187, best Top-2: 1.0000, best ASR: 0.0980, best RAC: 0.7726, anchor loss: 0.0406, best checkpoint score: 0.8740
2026-04-20 22:39:41,008 - => Stage 3 Detection Summary: recall: 0.9017, precision: 0.8422, f1: 0.8710, false positive rate: 0.1119, correction rate: 0.9017
2026-04-20 22:39:41,022 - => LFBA current anchor-derived target label: 1
2026-04-20 22:39:41,029 - =>Add Trigger to Train Data
2026-04-20 22:39:41,114 - Add Trigger to 4959 Bad Samples, 44632 Clean Samples (0.10)
2026-04-20 22:39:41,116 - => Start Training for Injecting Backdoor...
2026-04-20 22:39:41,134 - Epoch: 5, 1/194: VFL loss: 0.2596, total loss: 0.1486, anchor loss: 0.0376, VFL train accuracy: 0.9102
2026-04-20 22:39:41,316 - Epoch: 5, 11/194: VFL loss: 0.2368, total loss: 0.1362, anchor loss: 0.0356, VFL train accuracy: 0.9197
2026-04-20 22:39:41,484 - Epoch: 5, 21/194: VFL loss: 0.2364, total loss: 0.1358, anchor loss: 0.0352, VFL train accuracy: 0.9206
2026-04-20 22:39:41,651 - Epoch: 5, 31/194: VFL loss: 0.2377, total loss: 0.1367, anchor loss: 0.0356, VFL train accuracy: 0.9202
2026-04-20 22:39:41,824 - Epoch: 5, 41/194: VFL loss: 0.2354, total loss: 0.1356, anchor loss: 0.0357, VFL train accuracy: 0.9206
2026-04-20 22:39:41,994 - Epoch: 5, 51/194: VFL loss: 0.2341, total loss: 0.1349, anchor loss: 0.0356, VFL train accuracy: 0.9209
2026-04-20 22:39:42,158 - Epoch: 5, 61/194: VFL loss: 0.2347, total loss: 0.1352, anchor loss: 0.0357, VFL train accuracy: 0.9205
2026-04-20 22:39:42,456 - Epoch: 5, 71/194: VFL loss: 0.2346, total loss: 0.1351, anchor loss: 0.0357, VFL train accuracy: 0.9206
2026-04-20 22:39:42,644 - Epoch: 5, 81/194: VFL loss: 0.2327, total loss: 0.1341, anchor loss: 0.0354, VFL train accuracy: 0.9214
2026-04-20 22:39:42,809 - Epoch: 5, 91/194: VFL loss: 0.2352, total loss: 0.1354, anchor loss: 0.0356, VFL train accuracy: 0.9204
2026-04-20 22:39:42,994 - Epoch: 5, 101/194: VFL loss: 0.2362, total loss: 0.1359, anchor loss: 0.0357, VFL train accuracy: 0.9199
2026-04-20 22:39:43,161 - Epoch: 5, 111/194: VFL loss: 0.2372, total loss: 0.1365, anchor loss: 0.0358, VFL train accuracy: 0.9194
2026-04-20 22:39:43,328 - Epoch: 5, 121/194: VFL loss: 0.2360, total loss: 0.1359, anchor loss: 0.0357, VFL train accuracy: 0.9193
2026-04-20 22:39:43,520 - Epoch: 5, 131/194: VFL loss: 0.2365, total loss: 0.1361, anchor loss: 0.0358, VFL train accuracy: 0.9189
2026-04-20 22:39:43,698 - Epoch: 5, 141/194: VFL loss: 0.2363, total loss: 0.1360, anchor loss: 0.0358, VFL train accuracy: 0.9189
2026-04-20 22:39:43,865 - Epoch: 5, 151/194: VFL loss: 0.2360, total loss: 0.1358, anchor loss: 0.0357, VFL train accuracy: 0.9186
2026-04-20 22:39:44,034 - Epoch: 5, 161/194: VFL loss: 0.2367, total loss: 0.1362, anchor loss: 0.0358, VFL train accuracy: 0.9184
2026-04-20 22:39:44,214 - Epoch: 5, 171/194: VFL loss: 0.2366, total loss: 0.1362, anchor loss: 0.0358, VFL train accuracy: 0.9185
2026-04-20 22:39:44,382 - Epoch: 5, 181/194: VFL loss: 0.2372, total loss: 0.1365, anchor loss: 0.0358, VFL train accuracy: 0.9181
2026-04-20 22:39:44,569 - Epoch: 5, 191/194: VFL loss: 0.2372, total loss: 0.1365, anchor loss: 0.0358, VFL train accuracy: 0.9181
2026-04-20 22:39:44,637 - => Recorded Stage 2 client anchor losses for epoch 5 to 'results/AVGuard/stage3_gamma_sensitivity_3clients_noema_bounded_q/IEEE_CIS_FRAUD_3clients_noema_bounded_q_gamma_1.0\stage2_final_epoch_client_anchor_losses.json': {0: 0.036315, 1: 0.037484, 2: 0.033671}
2026-04-20 22:39:44,638 - => Stage 2 EMA anchor update skipped at epoch 5 because momentum=1.0000 disables EMA; eligible classes per client {0: 2, 1: 2, 2: 2}
2026-04-20 22:39:44,638 - => Stage 2 Epoch 5 Training Summary: VFL loss: 0.2374, total loss: 0.1366, anchor loss: 0.0358, VFL train accuracy: 0.9181
2026-04-20 22:39:44,638 - => Test ASR...
2026-04-20 22:39:44,643 - =>Add Trigger to Test Data
2026-04-20 22:39:44,998 - Add Trigger to 8265 Bad Samples, 4133 Clean Samples (1.00)
2026-04-20 22:39:46,773 - => Test Epoch: 5, main task samples: 12398, attack samples: 12398, test loss: 0.3520, clean acc: 0.8291, Top-2: 1.0000, ASR: 0.1187, RAC: 0.7846, test target accuracy: 0.6944, stage3 final accuracy: 0.8291, stage3 final target accuracy: 0.5911, stage3 final asr: 0.1187, anchor loss: 0.0399
2026-04-20 22:39:46,773 - => Stage 3 Detection Summary: recall: 0.8812, precision: 0.8709, f1: 0.8760, false positive rate: 0.0864, correction rate: 0.8811
2026-04-20 22:39:46,774 - => Stage 3 Debug (clean): suspicious=1071/12398, correction_applied=1070, prediction_changed=1070, skipped_tied_vote=0, skipped_low_margin=0, skipped_other=1
2026-04-20 22:39:46,774 - => Stage 3 Debug (poison-valid): suspicious=7250/8265, correction_applied=7249, prediction_changed=7249, skipped_tied_vote=0, skipped_low_margin=0, skipped_other=1
2026-04-20 22:39:46,774 - => Stage 3 Debug (attack-success): suspicious=7247/8224, correction_applied=7246, prediction_changed=7246, corrected_to_true=7246
2026-04-20 22:39:46,774 - => Stage 2 checkpoint score: mean(clean_acc=0.8291, recall=0.8812, correction_rate=0.8811) = 0.8638
2026-04-20 22:39:46,800 - => End Epoch: 5, early stop epochs: 1, best epoch: 4, best clean acc: 0.8187, best Top-2: 1.0000, best ASR: 0.0980, best RAC: 0.7726, anchor loss: 0.0406, best checkpoint score: 0.8740
2026-04-20 22:39:46,800 - => Stage 3 Detection Summary: recall: 0.9017, precision: 0.8422, f1: 0.8710, false positive rate: 0.1119, correction rate: 0.9017
2026-04-20 22:39:46,819 - => LFBA current anchor-derived target label: 1
2026-04-20 22:39:46,828 - =>Add Trigger to Train Data
2026-04-20 22:39:46,917 - Add Trigger to 4959 Bad Samples, 44632 Clean Samples (0.10)
2026-04-20 22:39:46,918 - => Start Training for Injecting Backdoor...
2026-04-20 22:39:46,939 - Epoch: 6, 1/194: VFL loss: 0.2345, total loss: 0.1359, anchor loss: 0.0374, VFL train accuracy: 0.9219
2026-04-20 22:39:47,132 - Epoch: 6, 11/194: VFL loss: 0.2283, total loss: 0.1329, anchor loss: 0.0375, VFL train accuracy: 0.9233
2026-04-20 22:39:47,299 - Epoch: 6, 21/194: VFL loss: 0.2237, total loss: 0.1301, anchor loss: 0.0364, VFL train accuracy: 0.9224
2026-04-20 22:39:47,470 - Epoch: 6, 31/194: VFL loss: 0.2190, total loss: 0.1275, anchor loss: 0.0360, VFL train accuracy: 0.9253
2026-04-20 22:39:47,653 - Epoch: 6, 41/194: VFL loss: 0.2184, total loss: 0.1272, anchor loss: 0.0359, VFL train accuracy: 0.9247
2026-04-20 22:39:47,821 - Epoch: 6, 51/194: VFL loss: 0.2166, total loss: 0.1261, anchor loss: 0.0357, VFL train accuracy: 0.9254
2026-04-20 22:39:47,986 - Epoch: 6, 61/194: VFL loss: 0.2139, total loss: 0.1247, anchor loss: 0.0355, VFL train accuracy: 0.9258
2026-04-20 22:39:48,155 - Epoch: 6, 71/194: VFL loss: 0.2162, total loss: 0.1258, anchor loss: 0.0354, VFL train accuracy: 0.9244
2026-04-20 22:39:48,324 - Epoch: 6, 81/194: VFL loss: 0.2175, total loss: 0.1265, anchor loss: 0.0355, VFL train accuracy: 0.9239
2026-04-20 22:39:48,491 - Epoch: 6, 91/194: VFL loss: 0.2165, total loss: 0.1260, anchor loss: 0.0355, VFL train accuracy: 0.9242
2026-04-20 22:39:48,672 - Epoch: 6, 101/194: VFL loss: 0.2177, total loss: 0.1267, anchor loss: 0.0356, VFL train accuracy: 0.9235
2026-04-20 22:39:48,840 - Epoch: 6, 111/194: VFL loss: 0.2186, total loss: 0.1272, anchor loss: 0.0358, VFL train accuracy: 0.9236
2026-04-20 22:39:49,005 - Epoch: 6, 121/194: VFL loss: 0.2191, total loss: 0.1274, anchor loss: 0.0357, VFL train accuracy: 0.9235
2026-04-20 22:39:49,194 - Epoch: 6, 131/194: VFL loss: 0.2188, total loss: 0.1272, anchor loss: 0.0356, VFL train accuracy: 0.9233
2026-04-20 22:39:49,360 - Epoch: 6, 141/194: VFL loss: 0.2190, total loss: 0.1273, anchor loss: 0.0357, VFL train accuracy: 0.9233
2026-04-20 22:39:49,527 - Epoch: 6, 151/194: VFL loss: 0.2208, total loss: 0.1283, anchor loss: 0.0358, VFL train accuracy: 0.9225
2026-04-20 22:39:49,692 - Epoch: 6, 161/194: VFL loss: 0.2208, total loss: 0.1283, anchor loss: 0.0358, VFL train accuracy: 0.9226
2026-04-20 22:39:49,882 - Epoch: 6, 171/194: VFL loss: 0.2201, total loss: 0.1279, anchor loss: 0.0357, VFL train accuracy: 0.9228
2026-04-20 22:39:50,045 - Epoch: 6, 181/194: VFL loss: 0.2195, total loss: 0.1276, anchor loss: 0.0358, VFL train accuracy: 0.9229
2026-04-20 22:39:50,214 - Epoch: 6, 191/194: VFL loss: 0.2199, total loss: 0.1278, anchor loss: 0.0357, VFL train accuracy: 0.9227
2026-04-20 22:39:50,304 - => Recorded Stage 2 client anchor losses for epoch 6 to 'results/AVGuard/stage3_gamma_sensitivity_3clients_noema_bounded_q/IEEE_CIS_FRAUD_3clients_noema_bounded_q_gamma_1.0\stage2_final_epoch_client_anchor_losses.json': {0: 0.035833, 1: 0.037435, 2: 0.033969}
2026-04-20 22:39:50,305 - => Stage 2 EMA anchor update skipped at epoch 6 because momentum=1.0000 disables EMA; eligible classes per client {0: 2, 1: 2, 2: 2}
2026-04-20 22:39:50,305 - => Stage 2 Epoch 6 Training Summary: VFL loss: 0.2196, total loss: 0.1277, anchor loss: 0.0357, VFL train accuracy: 0.9228
2026-04-20 22:39:50,306 - => Test ASR...
2026-04-20 22:39:50,311 - =>Add Trigger to Test Data
2026-04-20 22:39:50,803 - Add Trigger to 8265 Bad Samples, 4133 Clean Samples (1.00)
2026-04-20 22:39:52,703 - => Test Epoch: 6, main task samples: 12398, attack samples: 12398, test loss: 0.3555, clean acc: 0.8281, Top-2: 1.0000, ASR: 0.1195, RAC: 0.7850, test target accuracy: 0.7222, stage3 final accuracy: 0.8281, stage3 final target accuracy: 0.5940, stage3 final asr: 0.1195, anchor loss: 0.0410
2026-04-20 22:39:52,703 - => Stage 3 Detection Summary: recall: 0.8800, precision: 0.8561, f1: 0.8679, false positive rate: 0.0981, correction rate: 0.8800
2026-04-20 22:39:52,703 - => Stage 3 Debug (clean): suspicious=1216/12398, correction_applied=1214, prediction_changed=1214, skipped_tied_vote=0, skipped_low_margin=0, skipped_other=2
2026-04-20 22:39:52,703 - => Stage 3 Debug (poison-valid): suspicious=7240/8265, correction_applied=7240, prediction_changed=7240, skipped_tied_vote=0, skipped_low_margin=0, skipped_other=0
2026-04-20 22:39:52,703 - => Stage 3 Debug (attack-success): suspicious=7239/8226, correction_applied=7239, prediction_changed=7239, corrected_to_true=7239
2026-04-20 22:39:52,704 - => Stage 2 checkpoint score: mean(clean_acc=0.8281, recall=0.8800, correction_rate=0.8800) = 0.8627
2026-04-20 22:39:52,739 - => End Epoch: 6, early stop epochs: 2, best epoch: 4, best clean acc: 0.8187, best Top-2: 1.0000, best ASR: 0.0980, best RAC: 0.7726, anchor loss: 0.0406, best checkpoint score: 0.8740
2026-04-20 22:39:52,739 - => Stage 3 Detection Summary: recall: 0.9017, precision: 0.8422, f1: 0.8710, false positive rate: 0.1119, correction rate: 0.9017
2026-04-20 22:39:52,786 - => LFBA current anchor-derived target label: 1
2026-04-20 22:39:52,803 - =>Add Trigger to Train Data
2026-04-20 22:39:52,904 - Add Trigger to 4959 Bad Samples, 44632 Clean Samples (0.10)
2026-04-20 22:39:52,914 - => Start Training for Injecting Backdoor...
2026-04-20 22:39:52,934 - Epoch: 7, 1/194: VFL loss: 0.2184, total loss: 0.1260, anchor loss: 0.0337, VFL train accuracy: 0.9219
2026-04-20 22:39:53,224 - Epoch: 7, 11/194: VFL loss: 0.2200, total loss: 0.1278, anchor loss: 0.0356, VFL train accuracy: 0.9240
2026-04-20 22:39:53,444 - Epoch: 7, 21/194: VFL loss: 0.2120, total loss: 0.1233, anchor loss: 0.0346, VFL train accuracy: 0.9263
2026-04-20 22:39:53,635 - Epoch: 7, 31/194: VFL loss: 0.2173, total loss: 0.1263, anchor loss: 0.0353, VFL train accuracy: 0.9249
2026-04-20 22:39:53,802 - Epoch: 7, 41/194: VFL loss: 0.2191, total loss: 0.1272, anchor loss: 0.0354, VFL train accuracy: 0.9240
2026-04-20 22:39:53,972 - Epoch: 7, 51/194: VFL loss: 0.2171, total loss: 0.1262, anchor loss: 0.0352, VFL train accuracy: 0.9253
2026-04-20 22:39:54,139 - Epoch: 7, 61/194: VFL loss: 0.2220, total loss: 0.1287, anchor loss: 0.0354, VFL train accuracy: 0.9233
2026-04-20 22:39:54,306 - Epoch: 7, 71/194: VFL loss: 0.2239, total loss: 0.1298, anchor loss: 0.0356, VFL train accuracy: 0.9222
2026-04-20 22:39:54,476 - Epoch: 7, 81/194: VFL loss: 0.2230, total loss: 0.1292, anchor loss: 0.0355, VFL train accuracy: 0.9228
2026-04-20 22:39:54,644 - Epoch: 7, 91/194: VFL loss: 0.2247, total loss: 0.1301, anchor loss: 0.0355, VFL train accuracy: 0.9226
2026-04-20 22:39:54,804 - Epoch: 7, 101/194: VFL loss: 0.2252, total loss: 0.1304, anchor loss: 0.0355, VFL train accuracy: 0.9225
2026-04-20 22:39:54,967 - Epoch: 7, 111/194: VFL loss: 0.2238, total loss: 0.1296, anchor loss: 0.0353, VFL train accuracy: 0.9232
2026-04-20 22:39:55,127 - Epoch: 7, 121/194: VFL loss: 0.2267, total loss: 0.1311, anchor loss: 0.0355, VFL train accuracy: 0.9218
2026-04-20 22:39:55,295 - Epoch: 7, 131/194: VFL loss: 0.2264, total loss: 0.1309, anchor loss: 0.0354, VFL train accuracy: 0.9216
2026-04-20 22:39:55,462 - Epoch: 7, 141/194: VFL loss: 0.2252, total loss: 0.1303, anchor loss: 0.0353, VFL train accuracy: 0.9220
2026-04-20 22:39:55,642 - Epoch: 7, 151/194: VFL loss: 0.2242, total loss: 0.1298, anchor loss: 0.0353, VFL train accuracy: 0.9225
2026-04-20 22:39:55,820 - Epoch: 7, 161/194: VFL loss: 0.2246, total loss: 0.1300, anchor loss: 0.0354, VFL train accuracy: 0.9225
2026-04-20 22:39:55,979 - Epoch: 7, 171/194: VFL loss: 0.2254, total loss: 0.1304, anchor loss: 0.0354, VFL train accuracy: 0.9223
2026-04-20 22:39:56,153 - Epoch: 7, 181/194: VFL loss: 0.2253, total loss: 0.1304, anchor loss: 0.0355, VFL train accuracy: 0.9224
2026-04-20 22:39:56,320 - Epoch: 7, 191/194: VFL loss: 0.2252, total loss: 0.1303, anchor loss: 0.0355, VFL train accuracy: 0.9223
2026-04-20 22:39:56,372 - => Recorded Stage 2 client anchor losses for epoch 7 to 'results/AVGuard/stage3_gamma_sensitivity_3clients_noema_bounded_q/IEEE_CIS_FRAUD_3clients_noema_bounded_q_gamma_1.0\stage2_final_epoch_client_anchor_losses.json': {0: 0.035258, 1: 0.037268, 2: 0.033877}
2026-04-20 22:39:56,373 - => Stage 2 EMA anchor update skipped at epoch 7 because momentum=1.0000 disables EMA; eligible classes per client {0: 2, 1: 2, 2: 2}
2026-04-20 22:39:56,373 - => Stage 2 Epoch 7 Training Summary: VFL loss: 0.2250, total loss: 0.1302, anchor loss: 0.0355, VFL train accuracy: 0.9223
2026-04-20 22:39:56,373 - => Test ASR...
2026-04-20 22:39:56,379 - =>Add Trigger to Test Data
2026-04-20 22:39:56,781 - Add Trigger to 8265 Bad Samples, 4133 Clean Samples (1.00)
2026-04-20 22:39:58,692 - => Test Epoch: 7, main task samples: 12398, attack samples: 12398, test loss: 0.3590, clean acc: 0.8272, Top-2: 1.0000, ASR: 0.1211, RAC: 0.7761, test target accuracy: 0.7309, stage3 final accuracy: 0.8272, stage3 final target accuracy: 0.5705, stage3 final asr: 0.1211, anchor loss: 0.0401
2026-04-20 22:39:58,692 - => Stage 3 Detection Summary: recall: 0.8786, precision: 0.8482, f1: 0.8632, false positive rate: 0.1040, correction rate: 0.8786
2026-04-20 22:39:58,692 - => Stage 3 Debug (clean): suspicious=1290/12398, correction_applied=1289, prediction_changed=1289, skipped_tied_vote=0, skipped_low_margin=0, skipped_other=1
2026-04-20 22:39:58,693 - => Stage 3 Debug (poison-valid): suspicious=7229/8265, correction_applied=7229, prediction_changed=7229, skipped_tied_vote=0, skipped_low_margin=0, skipped_other=0
2026-04-20 22:39:58,693 - => Stage 3 Debug (attack-success): suspicious=7226/8224, correction_applied=7226, prediction_changed=7226, corrected_to_true=7226
2026-04-20 22:39:58,693 - => Stage 2 checkpoint score: mean(clean_acc=0.8272, recall=0.8786, correction_rate=0.8786) = 0.8615
2026-04-20 22:39:58,716 - => End Epoch: 7, early stop epochs: 3, best epoch: 4, best clean acc: 0.8187, best Top-2: 1.0000, best ASR: 0.0980, best RAC: 0.7726, anchor loss: 0.0406, best checkpoint score: 0.8740
2026-04-20 22:39:58,716 - => Stage 3 Detection Summary: recall: 0.9017, precision: 0.8422, f1: 0.8710, false positive rate: 0.1119, correction rate: 0.9017
2026-04-20 22:39:58,731 - => LFBA current anchor-derived target label: 1
2026-04-20 22:39:58,739 - =>Add Trigger to Train Data
2026-04-20 22:39:58,833 - Add Trigger to 4959 Bad Samples, 44632 Clean Samples (0.10)
2026-04-20 22:39:58,834 - => Start Training for Injecting Backdoor...
2026-04-20 22:39:58,857 - Epoch: 8, 1/194: VFL loss: 0.2137, total loss: 0.1253, anchor loss: 0.0369, VFL train accuracy: 0.9258
2026-04-20 22:39:59,054 - Epoch: 8, 11/194: VFL loss: 0.1959, total loss: 0.1152, anchor loss: 0.0344, VFL train accuracy: 0.9297
2026-04-20 22:39:59,253 - Epoch: 8, 21/194: VFL loss: 0.1981, total loss: 0.1162, anchor loss: 0.0342, VFL train accuracy: 0.9312
2026-04-20 22:39:59,449 - Epoch: 8, 31/194: VFL loss: 0.1982, total loss: 0.1162, anchor loss: 0.0342, VFL train accuracy: 0.9317
2026-04-20 22:39:59,648 - Epoch: 8, 41/194: VFL loss: 0.1938, total loss: 0.1139, anchor loss: 0.0340, VFL train accuracy: 0.9325
2026-04-20 22:39:59,819 - Epoch: 8, 51/194: VFL loss: 0.1991, total loss: 0.1167, anchor loss: 0.0344, VFL train accuracy: 0.9290
2026-04-20 22:39:59,998 - Epoch: 8, 61/194: VFL loss: 0.1994, total loss: 0.1170, anchor loss: 0.0346, VFL train accuracy: 0.9285
2026-04-20 22:40:00,165 - Epoch: 8, 71/194: VFL loss: 0.2021, total loss: 0.1184, anchor loss: 0.0346, VFL train accuracy: 0.9279
2026-04-20 22:40:00,326 - Epoch: 8, 81/194: VFL loss: 0.2045, total loss: 0.1197, anchor loss: 0.0349, VFL train accuracy: 0.9273
2026-04-20 22:40:00,501 - Epoch: 8, 91/194: VFL loss: 0.2069, total loss: 0.1210, anchor loss: 0.0350, VFL train accuracy: 0.9265
2026-04-20 22:40:00,669 - Epoch: 8, 101/194: VFL loss: 0.2054, total loss: 0.1202, anchor loss: 0.0349, VFL train accuracy: 0.9271
2026-04-20 22:40:00,843 - Epoch: 8, 111/194: VFL loss: 0.2063, total loss: 0.1206, anchor loss: 0.0350, VFL train accuracy: 0.9263
2026-04-20 22:40:01,009 - Epoch: 8, 121/194: VFL loss: 0.2088, total loss: 0.1219, anchor loss: 0.0351, VFL train accuracy: 0.9254
2026-04-20 22:40:01,196 - Epoch: 8, 131/194: VFL loss: 0.2090, total loss: 0.1221, anchor loss: 0.0351, VFL train accuracy: 0.9254
2026-04-20 22:40:01,356 - Epoch: 8, 141/194: VFL loss: 0.2095, total loss: 0.1223, anchor loss: 0.0351, VFL train accuracy: 0.9251
2026-04-20 22:40:01,682 - Epoch: 8, 151/194: VFL loss: 0.2087, total loss: 0.1219, anchor loss: 0.0351, VFL train accuracy: 0.9254
2026-04-20 22:40:01,898 - Epoch: 8, 161/194: VFL loss: 0.2079, total loss: 0.1214, anchor loss: 0.0350, VFL train accuracy: 0.9256
2026-04-20 22:40:02,109 - Epoch: 8, 171/194: VFL loss: 0.2088, total loss: 0.1220, anchor loss: 0.0351, VFL train accuracy: 0.9253
2026-04-20 22:40:02,300 - Epoch: 8, 181/194: VFL loss: 0.2088, total loss: 0.1220, anchor loss: 0.0352, VFL train accuracy: 0.9254
2026-04-20 22:40:02,492 - Epoch: 8, 191/194: VFL loss: 0.2092, total loss: 0.1222, anchor loss: 0.0352, VFL train accuracy: 0.9254
2026-04-20 22:40:02,557 - => Recorded Stage 2 client anchor losses for epoch 8 to 'results/AVGuard/stage3_gamma_sensitivity_3clients_noema_bounded_q/IEEE_CIS_FRAUD_3clients_noema_bounded_q_gamma_1.0\stage2_final_epoch_client_anchor_losses.json': {0: 0.034656, 1: 0.037193, 2: 0.033615}
2026-04-20 22:40:02,558 - => Stage 2 EMA anchor update skipped at epoch 8 because momentum=1.0000 disables EMA; eligible classes per client {0: 2, 1: 2, 2: 2}
2026-04-20 22:40:02,558 - => Stage 2 Epoch 8 Training Summary: VFL loss: 0.2085, total loss: 0.1218, anchor loss: 0.0351, VFL train accuracy: 0.9257
2026-04-20 22:40:02,558 - => Test ASR...
2026-04-20 22:40:02,564 - =>Add Trigger to Test Data
2026-04-20 22:40:02,936 - Add Trigger to 8265 Bad Samples, 4133 Clean Samples (1.00)
2026-04-20 22:40:04,692 - => Test Epoch: 8, main task samples: 12398, attack samples: 12398, test loss: 0.3759, clean acc: 0.8245, Top-2: 1.0000, ASR: 0.1043, RAC: 0.7804, test target accuracy: 0.7213, stage3 final accuracy: 0.8245, stage3 final target accuracy: 0.5497, stage3 final asr: 0.1043, anchor loss: 0.0400
2026-04-20 22:40:04,692 - => Stage 3 Detection Summary: recall: 0.8954, precision: 0.8583, f1: 0.8765, false positive rate: 0.0973, correction rate: 0.8954
2026-04-20 22:40:04,692 - => Stage 3 Debug (clean): suspicious=1206/12398, correction_applied=1205, prediction_changed=1205, skipped_tied_vote=0, skipped_low_margin=0, skipped_other=1
2026-04-20 22:40:04,693 - => Stage 3 Debug (poison-valid): suspicious=7343/8265, correction_applied=7343, prediction_changed=7343, skipped_tied_vote=0, skipped_low_margin=0, skipped_other=0
2026-04-20 22:40:04,693 - => Stage 3 Debug (attack-success): suspicious=7338/8195, correction_applied=7338, prediction_changed=7338, corrected_to_true=7338
2026-04-20 22:40:04,693 - => Stage 2 checkpoint score: mean(clean_acc=0.8245, recall=0.8954, correction_rate=0.8954) = 0.8718
2026-04-20 22:40:04,719 - => End Epoch: 8, early stop epochs: 4, best epoch: 4, best clean acc: 0.8187, best Top-2: 1.0000, best ASR: 0.0980, best RAC: 0.7726, anchor loss: 0.0406, best checkpoint score: 0.8740
2026-04-20 22:40:04,719 - => Stage 3 Detection Summary: recall: 0.9017, precision: 0.8422, f1: 0.8710, false positive rate: 0.1119, correction rate: 0.9017
2026-04-20 22:40:04,735 - => LFBA current anchor-derived target label: 1
2026-04-20 22:40:04,745 - =>Add Trigger to Train Data
2026-04-20 22:40:04,828 - Add Trigger to 4959 Bad Samples, 44632 Clean Samples (0.10)
2026-04-20 22:40:04,829 - => Start Training for Injecting Backdoor...
2026-04-20 22:40:04,853 - Epoch: 9, 1/194: VFL loss: 0.1905, total loss: 0.1106, anchor loss: 0.0307, VFL train accuracy: 0.9453
2026-04-20 22:40:05,020 - Epoch: 9, 11/194: VFL loss: 0.2264, total loss: 0.1308, anchor loss: 0.0353, VFL train accuracy: 0.9219
2026-04-20 22:40:05,188 - Epoch: 9, 21/194: VFL loss: 0.2463, total loss: 0.1412, anchor loss: 0.0360, VFL train accuracy: 0.9170
2026-04-20 22:40:05,356 - Epoch: 9, 31/194: VFL loss: 0.2396, total loss: 0.1379, anchor loss: 0.0362, VFL train accuracy: 0.9192
2026-04-20 22:40:05,525 - Epoch: 9, 41/194: VFL loss: 0.2305, total loss: 0.1331, anchor loss: 0.0358, VFL train accuracy: 0.9221
2026-04-20 22:40:05,709 - Epoch: 9, 51/194: VFL loss: 0.2254, total loss: 0.1305, anchor loss: 0.0356, VFL train accuracy: 0.9242
2026-04-20 22:40:05,886 - Epoch: 9, 61/194: VFL loss: 0.2238, total loss: 0.1298, anchor loss: 0.0358, VFL train accuracy: 0.9239
2026-04-20 22:40:06,056 - Epoch: 9, 71/194: VFL loss: 0.2216, total loss: 0.1286, anchor loss: 0.0356, VFL train accuracy: 0.9245
2026-04-20 22:40:06,224 - Epoch: 9, 81/194: VFL loss: 0.2212, total loss: 0.1284, anchor loss: 0.0355, VFL train accuracy: 0.9249
2026-04-20 22:40:06,401 - Epoch: 9, 91/194: VFL loss: 0.2205, total loss: 0.1280, anchor loss: 0.0355, VFL train accuracy: 0.9250
2026-04-20 22:40:06,587 - Epoch: 9, 101/194: VFL loss: 0.2186, total loss: 0.1269, anchor loss: 0.0353, VFL train accuracy: 0.9255
2026-04-20 22:40:06,753 - Epoch: 9, 111/194: VFL loss: 0.2201, total loss: 0.1278, anchor loss: 0.0355, VFL train accuracy: 0.9245
2026-04-20 22:40:06,920 - Epoch: 9, 121/194: VFL loss: 0.2200, total loss: 0.1277, anchor loss: 0.0355, VFL train accuracy: 0.9242
2026-04-20 22:40:07,105 - Epoch: 9, 131/194: VFL loss: 0.2198, total loss: 0.1276, anchor loss: 0.0354, VFL train accuracy: 0.9242
2026-04-20 22:40:07,273 - Epoch: 9, 141/194: VFL loss: 0.2193, total loss: 0.1273, anchor loss: 0.0353, VFL train accuracy: 0.9244
2026-04-20 22:40:07,446 - Epoch: 9, 151/194: VFL loss: 0.2201, total loss: 0.1277, anchor loss: 0.0353, VFL train accuracy: 0.9241
2026-04-20 22:40:07,609 - Epoch: 9, 161/194: VFL loss: 0.2192, total loss: 0.1272, anchor loss: 0.0353, VFL train accuracy: 0.9247
2026-04-20 22:40:07,773 - Epoch: 9, 171/194: VFL loss: 0.2189, total loss: 0.1271, anchor loss: 0.0353, VFL train accuracy: 0.9247
2026-04-20 22:40:07,951 - Epoch: 9, 181/194: VFL loss: 0.2188, total loss: 0.1271, anchor loss: 0.0353, VFL train accuracy: 0.9246
2026-04-20 22:40:08,121 - Epoch: 9, 191/194: VFL loss: 0.2183, total loss: 0.1268, anchor loss: 0.0354, VFL train accuracy: 0.9248
2026-04-20 22:40:08,181 - => Recorded Stage 2 client anchor losses for epoch 9 to 'results/AVGuard/stage3_gamma_sensitivity_3clients_noema_bounded_q/IEEE_CIS_FRAUD_3clients_noema_bounded_q_gamma_1.0\stage2_final_epoch_client_anchor_losses.json': {0: 0.034407, 1: 0.037218, 2: 0.034422}
2026-04-20 22:40:08,182 - => Stage 2 EMA anchor update skipped at epoch 9 because momentum=1.0000 disables EMA; eligible classes per client {0: 2, 1: 2, 2: 2}
2026-04-20 22:40:08,182 - => Stage 2 Epoch 9 Training Summary: VFL loss: 0.2180, total loss: 0.1267, anchor loss: 0.0353, VFL train accuracy: 0.9250
2026-04-20 22:40:08,182 - => Test ASR...
2026-04-20 22:40:08,187 - =>Add Trigger to Test Data
2026-04-20 22:40:08,596 - Add Trigger to 8265 Bad Samples, 4133 Clean Samples (1.00)
2026-04-20 22:40:10,330 - => Test Epoch: 9, main task samples: 12398, attack samples: 12398, test loss: 0.3578, clean acc: 0.8263, Top-2: 1.0000, ASR: 0.1312, RAC: 0.7688, test target accuracy: 0.7355, stage3 final accuracy: 0.8263, stage3 final target accuracy: 0.5686, stage3 final asr: 0.1312, anchor loss: 0.0402
2026-04-20 22:40:10,330 - => Stage 3 Detection Summary: recall: 0.8685, precision: 0.8310, f1: 0.8493, false positive rate: 0.1156, correction rate: 0.8685
2026-04-20 22:40:10,330 - => Stage 3 Debug (clean): suspicious=1433/12398, correction_applied=1428, prediction_changed=1428, skipped_tied_vote=0, skipped_low_margin=0, skipped_other=5
2026-04-20 22:40:10,330 - => Stage 3 Debug (poison-valid): suspicious=7103/8265, correction_applied=7103, prediction_changed=7103, skipped_tied_vote=0, skipped_low_margin=0, skipped_other=0
2026-04-20 22:40:10,330 - => Stage 3 Debug (attack-success): suspicious=7093/8167, correction_applied=7093, prediction_changed=7093, corrected_to_true=7093
2026-04-20 22:40:10,330 - => Stage 2 checkpoint score: mean(clean_acc=0.8263, recall=0.8685, correction_rate=0.8685) = 0.8544
2026-04-20 22:40:10,354 - => End Epoch: 9, early stop epochs: 5, best epoch: 4, best clean acc: 0.8187, best Top-2: 1.0000, best ASR: 0.0980, best RAC: 0.7726, anchor loss: 0.0406, best checkpoint score: 0.8740
2026-04-20 22:40:10,355 - => Stage 3 Detection Summary: recall: 0.9017, precision: 0.8422, f1: 0.8710, false positive rate: 0.1119, correction rate: 0.9017
2026-04-20 22:40:10,370 - => LFBA current anchor-derived target label: 1
2026-04-20 22:40:10,378 - =>Add Trigger to Train Data
2026-04-20 22:40:10,473 - Add Trigger to 4959 Bad Samples, 44632 Clean Samples (0.10)
2026-04-20 22:40:10,474 - => Start Training for Injecting Backdoor...
2026-04-20 22:40:10,497 - Epoch: 10, 1/194: VFL loss: 0.1737, total loss: 0.1041, anchor loss: 0.0345, VFL train accuracy: 0.9414
2026-04-20 22:40:10,679 - Epoch: 10, 11/194: VFL loss: 0.1964, total loss: 0.1156, anchor loss: 0.0348, VFL train accuracy: 0.9325
2026-04-20 22:40:10,859 - Epoch: 10, 21/194: VFL loss: 0.2016, total loss: 0.1186, anchor loss: 0.0357, VFL train accuracy: 0.9278
2026-04-20 22:40:11,027 - Epoch: 10, 31/194: VFL loss: 0.1977, total loss: 0.1164, anchor loss: 0.0352, VFL train accuracy: 0.9306
2026-04-20 22:40:11,202 - Epoch: 10, 41/194: VFL loss: 0.1977, total loss: 0.1165, anchor loss: 0.0354, VFL train accuracy: 0.9298
2026-04-20 22:40:11,370 - Epoch: 10, 51/194: VFL loss: 0.2003, total loss: 0.1178, anchor loss: 0.0354, VFL train accuracy: 0.9292
2026-04-20 22:40:11,539 - Epoch: 10, 61/194: VFL loss: 0.2020, total loss: 0.1187, anchor loss: 0.0353, VFL train accuracy: 0.9287
2026-04-20 22:40:11,710 - Epoch: 10, 71/194: VFL loss: 0.2005, total loss: 0.1177, anchor loss: 0.0349, VFL train accuracy: 0.9288
2026-04-20 22:40:11,891 - Epoch: 10, 81/194: VFL loss: 0.2003, total loss: 0.1176, anchor loss: 0.0349, VFL train accuracy: 0.9292
2026-04-20 22:40:12,061 - Epoch: 10, 91/194: VFL loss: 0.2016, total loss: 0.1183, anchor loss: 0.0350, VFL train accuracy: 0.9280
2026-04-20 22:40:12,233 - Epoch: 10, 101/194: VFL loss: 0.2012, total loss: 0.1181, anchor loss: 0.0350, VFL train accuracy: 0.9280
2026-04-20 22:40:12,400 - Epoch: 10, 111/194: VFL loss: 0.2013, total loss: 0.1181, anchor loss: 0.0350, VFL train accuracy: 0.9277
2026-04-20 22:40:12,577 - Epoch: 10, 121/194: VFL loss: 0.2008, total loss: 0.1179, anchor loss: 0.0349, VFL train accuracy: 0.9280
2026-04-20 22:40:12,763 - Epoch: 10, 131/194: VFL loss: 0.2027, total loss: 0.1188, anchor loss: 0.0350, VFL train accuracy: 0.9267
2026-04-20 22:40:12,932 - Epoch: 10, 141/194: VFL loss: 0.2025, total loss: 0.1187, anchor loss: 0.0350, VFL train accuracy: 0.9267
2026-04-20 22:40:13,099 - Epoch: 10, 151/194: VFL loss: 0.2032, total loss: 0.1192, anchor loss: 0.0351, VFL train accuracy: 0.9265
2026-04-20 22:40:13,269 - Epoch: 10, 161/194: VFL loss: 0.2029, total loss: 0.1190, anchor loss: 0.0351, VFL train accuracy: 0.9266
2026-04-20 22:40:13,430 - Epoch: 10, 171/194: VFL loss: 0.2028, total loss: 0.1189, anchor loss: 0.0351, VFL train accuracy: 0.9266
2026-04-20 22:40:13,609 - Epoch: 10, 181/194: VFL loss: 0.2028, total loss: 0.1189, anchor loss: 0.0351, VFL train accuracy: 0.9266
2026-04-20 22:40:13,775 - Epoch: 10, 191/194: VFL loss: 0.2027, total loss: 0.1189, anchor loss: 0.0351, VFL train accuracy: 0.9266
2026-04-20 22:40:13,829 - => Recorded Stage 2 client anchor losses for epoch 10 to 'results/AVGuard/stage3_gamma_sensitivity_3clients_noema_bounded_q/IEEE_CIS_FRAUD_3clients_noema_bounded_q_gamma_1.0\stage2_final_epoch_client_anchor_losses.json': {0: 0.033911, 1: 0.03712, 2: 0.034157}
2026-04-20 22:40:13,829 - => Stage 2 EMA anchor update skipped at epoch 10 because momentum=1.0000 disables EMA; eligible classes per client {0: 2, 1: 2, 2: 2}
2026-04-20 22:40:13,829 - => Stage 2 Epoch 10 Training Summary: VFL loss: 0.2025, total loss: 0.1188, anchor loss: 0.0351, VFL train accuracy: 0.9267
2026-04-20 22:40:13,829 - => Test ASR...
2026-04-20 22:40:13,834 - =>Add Trigger to Test Data
2026-04-20 22:40:14,188 - Add Trigger to 8265 Bad Samples, 4133 Clean Samples (1.00)
2026-04-20 22:40:15,978 - => Test Epoch: 10, main task samples: 12398, attack samples: 12398, test loss: 0.3728, clean acc: 0.8194, Top-2: 1.0000, ASR: 0.1084, RAC: 0.7686, test target accuracy: 0.7005, stage3 final accuracy: 0.8194, stage3 final target accuracy: 0.5226, stage3 final asr: 0.1084, anchor loss: 0.0405
2026-04-20 22:40:15,978 - => Stage 3 Detection Summary: recall: 0.8914, precision: 0.8329, f1: 0.8612, false positive rate: 0.1185, correction rate: 0.8913
2026-04-20 22:40:15,978 - => Stage 3 Debug (clean): suspicious=1469/12398, correction_applied=1460, prediction_changed=1460, skipped_tied_vote=0, skipped_low_margin=0, skipped_other=9
2026-04-20 22:40:15,978 - => Stage 3 Debug (poison-valid): suspicious=7335/8265, correction_applied=7334, prediction_changed=7334, skipped_tied_vote=0, skipped_low_margin=0, skipped_other=1
2026-04-20 22:40:15,978 - => Stage 3 Debug (attack-success): suspicious=7333/8226, correction_applied=7332, prediction_changed=7332, corrected_to_true=7332
2026-04-20 22:40:15,978 - => Stage 2 checkpoint score: mean(clean_acc=0.8194, recall=0.8914, correction_rate=0.8913) = 0.8674
2026-04-20 22:40:16,007 - => End Epoch: 10, early stop epochs: 6, best epoch: 4, best clean acc: 0.8187, best Top-2: 1.0000, best ASR: 0.0980, best RAC: 0.7726, anchor loss: 0.0406, best checkpoint score: 0.8740
2026-04-20 22:40:16,007 - => Stage 3 Detection Summary: recall: 0.9017, precision: 0.8422, f1: 0.8710, false positive rate: 0.1119, correction rate: 0.9017
2026-04-20 22:40:16,023 - => LFBA current anchor-derived target label: 1
2026-04-20 22:40:16,033 - =>Add Trigger to Train Data
2026-04-20 22:40:16,122 - Add Trigger to 4959 Bad Samples, 44632 Clean Samples (0.10)
2026-04-20 22:40:16,124 - => Start Training for Injecting Backdoor...
2026-04-20 22:40:16,146 - Epoch: 11, 1/194: VFL loss: 0.1814, total loss: 0.1065, anchor loss: 0.0317, VFL train accuracy: 0.9336
2026-04-20 22:40:16,340 - Epoch: 11, 11/194: VFL loss: 0.2110, total loss: 0.1230, anchor loss: 0.0350, VFL train accuracy: 0.9258
2026-04-20 22:40:16,542 - Epoch: 11, 21/194: VFL loss: 0.2121, total loss: 0.1237, anchor loss: 0.0354, VFL train accuracy: 0.9250
2026-04-20 22:40:16,745 - Epoch: 11, 31/194: VFL loss: 0.2095, total loss: 0.1224, anchor loss: 0.0352, VFL train accuracy: 0.9255
2026-04-20 22:40:16,945 - Epoch: 11, 41/194: VFL loss: 0.2041, total loss: 0.1197, anchor loss: 0.0352, VFL train accuracy: 0.9277
2026-04-20 22:40:17,145 - Epoch: 11, 51/194: VFL loss: 0.2016, total loss: 0.1183, anchor loss: 0.0350, VFL train accuracy: 0.9288
2026-04-20 22:40:17,348 - Epoch: 11, 61/194: VFL loss: 0.2020, total loss: 0.1184, anchor loss: 0.0348, VFL train accuracy: 0.9290
2026-04-20 22:40:17,541 - Epoch: 11, 71/194: VFL loss: 0.2017, total loss: 0.1182, anchor loss: 0.0347, VFL train accuracy: 0.9291
2026-04-20 22:40:17,729 - Epoch: 11, 81/194: VFL loss: 0.2019, total loss: 0.1183, anchor loss: 0.0347, VFL train accuracy: 0.9292
2026-04-20 22:40:17,897 - Epoch: 11, 91/194: VFL loss: 0.2033, total loss: 0.1191, anchor loss: 0.0349, VFL train accuracy: 0.9282
2026-04-20 22:40:18,064 - Epoch: 11, 101/194: VFL loss: 0.2051, total loss: 0.1200, anchor loss: 0.0348, VFL train accuracy: 0.9279
2026-04-20 22:40:18,230 - Epoch: 11, 111/194: VFL loss: 0.2052, total loss: 0.1201, anchor loss: 0.0349, VFL train accuracy: 0.9276
2026-04-20 22:40:18,399 - Epoch: 11, 121/194: VFL loss: 0.2044, total loss: 0.1196, anchor loss: 0.0349, VFL train accuracy: 0.9278
2026-04-20 22:40:18,588 - Epoch: 11, 131/194: VFL loss: 0.2053, total loss: 0.1201, anchor loss: 0.0350, VFL train accuracy: 0.9277
2026-04-20 22:40:18,784 - Epoch: 11, 141/194: VFL loss: 0.2044, total loss: 0.1197, anchor loss: 0.0349, VFL train accuracy: 0.9283
2026-04-20 22:40:18,962 - Epoch: 11, 151/194: VFL loss: 0.2034, total loss: 0.1191, anchor loss: 0.0349, VFL train accuracy: 0.9289
2026-04-20 22:40:19,155 - Epoch: 11, 161/194: VFL loss: 0.2030, total loss: 0.1189, anchor loss: 0.0348, VFL train accuracy: 0.9290
2026-04-20 22:40:19,354 - Epoch: 11, 171/194: VFL loss: 0.2037, total loss: 0.1193, anchor loss: 0.0349, VFL train accuracy: 0.9287
2026-04-20 22:40:19,541 - Epoch: 11, 181/194: VFL loss: 0.2034, total loss: 0.1191, anchor loss: 0.0348, VFL train accuracy: 0.9290
2026-04-20 22:40:19,740 - Epoch: 11, 191/194: VFL loss: 0.2046, total loss: 0.1197, anchor loss: 0.0348, VFL train accuracy: 0.9285
2026-04-20 22:40:19,809 - => Recorded Stage 2 client anchor losses for epoch 11 to 'results/AVGuard/stage3_gamma_sensitivity_3clients_noema_bounded_q/IEEE_CIS_FRAUD_3clients_noema_bounded_q_gamma_1.0\stage2_final_epoch_client_anchor_losses.json': {0: 0.033217, 1: 0.036908, 2: 0.034299}
2026-04-20 22:40:19,810 - => Stage 2 EMA anchor update skipped at epoch 11 because momentum=1.0000 disables EMA; eligible classes per client {0: 2, 1: 2, 2: 2}
2026-04-20 22:40:19,810 - => Stage 2 Epoch 11 Training Summary: VFL loss: 0.2047, total loss: 0.1198, anchor loss: 0.0348, VFL train accuracy: 0.9285
2026-04-20 22:40:19,810 - => Test ASR...
2026-04-20 22:40:19,815 - =>Add Trigger to Test Data
2026-04-20 22:40:20,172 - Add Trigger to 8265 Bad Samples, 4133 Clean Samples (1.00)
2026-04-20 22:40:22,054 - => Test Epoch: 11, main task samples: 12398, attack samples: 12398, test loss: 0.3803, clean acc: 0.8271, Top-2: 1.0000, ASR: 0.0981, RAC: 0.7882, test target accuracy: 0.6571, stage3 final accuracy: 0.8271, stage3 final target accuracy: 0.5609, stage3 final asr: 0.0981, anchor loss: 0.0401
2026-04-20 22:40:22,054 - => Stage 3 Detection Summary: recall: 0.9013, precision: 0.8751, f1: 0.8880, false positive rate: 0.0840, correction rate: 0.9013
2026-04-20 22:40:22,054 - => Stage 3 Debug (clean): suspicious=1041/12398, correction_applied=1040, prediction_changed=1040, skipped_tied_vote=0, skipped_low_margin=0, skipped_other=1
2026-04-20 22:40:22,054 - => Stage 3 Debug (poison-valid): suspicious=7352/8265, correction_applied=7352, prediction_changed=7352, skipped_tied_vote=0, skipped_low_margin=0, skipped_other=0
2026-04-20 22:40:22,054 - => Stage 3 Debug (attack-success): suspicious=7345/8149, correction_applied=7345, prediction_changed=7345, corrected_to_true=7345
2026-04-20 22:40:22,054 - => Stage 2 checkpoint score: mean(clean_acc=0.8271, recall=0.9013, correction_rate=0.9013) = 0.8766
2026-04-20 22:40:22,054 - => Save best checkpoint model...
2026-04-20 22:40:22,125 - => End Epoch: 11, early stop epochs: 0, best epoch: 11, best clean acc: 0.8271, best Top-2: 1.0000, best ASR: 0.0981, best RAC: 0.7882, anchor loss: 0.0401, best checkpoint score: 0.8766
2026-04-20 22:40:22,125 - => Stage 3 Detection Summary: recall: 0.9013, precision: 0.8751, f1: 0.8880, false positive rate: 0.0840, correction rate: 0.9013
2026-04-20 22:40:22,140 - => LFBA current anchor-derived target label: 1
2026-04-20 22:40:22,148 - =>Add Trigger to Train Data
2026-04-20 22:40:22,232 - Add Trigger to 4959 Bad Samples, 44632 Clean Samples (0.10)
2026-04-20 22:40:22,234 - => Start Training for Injecting Backdoor...
2026-04-20 22:40:22,260 - Epoch: 12, 1/194: VFL loss: 0.2155, total loss: 0.1253, anchor loss: 0.0352, VFL train accuracy: 0.9141
2026-04-20 22:40:22,460 - Epoch: 12, 11/194: VFL loss: 0.1885, total loss: 0.1113, anchor loss: 0.0342, VFL train accuracy: 0.9293
2026-04-20 22:40:22,653 - Epoch: 12, 21/194: VFL loss: 0.1843, total loss: 0.1095, anchor loss: 0.0346, VFL train accuracy: 0.9321
2026-04-20 22:40:22,854 - Epoch: 12, 31/194: VFL loss: 0.1829, total loss: 0.1086, anchor loss: 0.0344, VFL train accuracy: 0.9332
2026-04-20 22:40:23,046 - Epoch: 12, 41/194: VFL loss: 0.1846, total loss: 0.1095, anchor loss: 0.0343, VFL train accuracy: 0.9326
2026-04-20 22:40:23,238 - Epoch: 12, 51/194: VFL loss: 0.1853, total loss: 0.1097, anchor loss: 0.0341, VFL train accuracy: 0.9328
2026-04-20 22:40:23,424 - Epoch: 12, 61/194: VFL loss: 0.1855, total loss: 0.1098, anchor loss: 0.0342, VFL train accuracy: 0.9332
2026-04-20 22:40:23,622 - Epoch: 12, 71/194: VFL loss: 0.1848, total loss: 0.1096, anchor loss: 0.0343, VFL train accuracy: 0.9334
2026-04-20 22:40:23,793 - Epoch: 12, 81/194: VFL loss: 0.1866, total loss: 0.1105, anchor loss: 0.0344, VFL train accuracy: 0.9329
2026-04-20 22:40:23,959 - Epoch: 12, 91/194: VFL loss: 0.1873, total loss: 0.1108, anchor loss: 0.0344, VFL train accuracy: 0.9325
2026-04-20 22:40:24,128 - Epoch: 12, 101/194: VFL loss: 0.1864, total loss: 0.1104, anchor loss: 0.0344, VFL train accuracy: 0.9328
2026-04-20 22:40:24,294 - Epoch: 12, 111/194: VFL loss: 0.1858, total loss: 0.1100, anchor loss: 0.0343, VFL train accuracy: 0.9333
2026-04-20 22:40:24,466 - Epoch: 12, 121/194: VFL loss: 0.1866, total loss: 0.1105, anchor loss: 0.0343, VFL train accuracy: 0.9330
2026-04-20 22:40:24,648 - Epoch: 12, 131/194: VFL loss: 0.1885, total loss: 0.1114, anchor loss: 0.0343, VFL train accuracy: 0.9326
2026-04-20 22:40:24,817 - Epoch: 12, 141/194: VFL loss: 0.1884, total loss: 0.1114, anchor loss: 0.0344, VFL train accuracy: 0.9326
2026-04-20 22:40:24,979 - Epoch: 12, 151/194: VFL loss: 0.1888, total loss: 0.1116, anchor loss: 0.0344, VFL train accuracy: 0.9324
2026-04-20 22:40:25,149 - Epoch: 12, 161/194: VFL loss: 0.1906, total loss: 0.1126, anchor loss: 0.0345, VFL train accuracy: 0.9317
2026-04-20 22:40:25,319 - Epoch: 12, 171/194: VFL loss: 0.1900, total loss: 0.1122, anchor loss: 0.0345, VFL train accuracy: 0.9320
2026-04-20 22:40:25,484 - Epoch: 12, 181/194: VFL loss: 0.1896, total loss: 0.1120, anchor loss: 0.0344, VFL train accuracy: 0.9321
2026-04-20 22:40:25,664 - Epoch: 12, 191/194: VFL loss: 0.1901, total loss: 0.1123, anchor loss: 0.0344, VFL train accuracy: 0.9318
2026-04-20 22:40:25,734 - => Recorded Stage 2 client anchor losses for epoch 12 to 'results/AVGuard/stage3_gamma_sensitivity_3clients_noema_bounded_q/IEEE_CIS_FRAUD_3clients_noema_bounded_q_gamma_1.0\stage2_final_epoch_client_anchor_losses.json': {0: 0.032669, 1: 0.036855, 2: 0.033867}
2026-04-20 22:40:25,736 - => Stage 2 EMA anchor update skipped at epoch 12 because momentum=1.0000 disables EMA; eligible classes per client {0: 2, 1: 2, 2: 2}
2026-04-20 22:40:25,737 - => Stage 2 Epoch 12 Training Summary: VFL loss: 0.1903, total loss: 0.1124, anchor loss: 0.0345, VFL train accuracy: 0.9317
2026-04-20 22:40:25,737 - => Test ASR...
2026-04-20 22:40:25,742 - =>Add Trigger to Test Data
2026-04-20 22:40:26,093 - Add Trigger to 8265 Bad Samples, 4133 Clean Samples (1.00)
2026-04-20 22:40:27,837 - => Test Epoch: 12, main task samples: 12398, attack samples: 12398, test loss: 0.3685, clean acc: 0.8226, Top-2: 1.0000, ASR: 0.1024, RAC: 0.7768, test target accuracy: 0.6867, stage3 final accuracy: 0.8226, stage3 final target accuracy: 0.5352, stage3 final asr: 0.1024, anchor loss: 0.0404
2026-04-20 22:40:27,838 - => Stage 3 Detection Summary: recall: 0.8973, precision: 0.8725, f1: 0.8847, false positive rate: 0.0868, correction rate: 0.8973
2026-04-20 22:40:27,838 - => Stage 3 Debug (clean): suspicious=1076/12398, correction_applied=1075, prediction_changed=1075, skipped_tied_vote=0, skipped_low_margin=0, skipped_other=1
2026-04-20 22:40:27,838 - => Stage 3 Debug (poison-valid): suspicious=7379/8265, correction_applied=7379, prediction_changed=7379, skipped_tied_vote=0, skipped_low_margin=0, skipped_other=0
2026-04-20 22:40:27,838 - => Stage 3 Debug (attack-success): suspicious=7377/8221, correction_applied=7377, prediction_changed=7377, corrected_to_true=7377
2026-04-20 22:40:27,839 - => Stage 2 checkpoint score: mean(clean_acc=0.8226, recall=0.8973, correction_rate=0.8973) = 0.8724
2026-04-20 22:40:27,865 - => End Epoch: 12, early stop epochs: 1, best epoch: 11, best clean acc: 0.8271, best Top-2: 1.0000, best ASR: 0.0981, best RAC: 0.7882, anchor loss: 0.0401, best checkpoint score: 0.8766
2026-04-20 22:40:27,865 - => Stage 3 Detection Summary: recall: 0.9013, precision: 0.8751, f1: 0.8880, false positive rate: 0.0840, correction rate: 0.9013
2026-04-20 22:40:27,883 - => LFBA current anchor-derived target label: 1
2026-04-20 22:40:27,892 - =>Add Trigger to Train Data
2026-04-20 22:40:27,977 - Add Trigger to 4959 Bad Samples, 44632 Clean Samples (0.10)
2026-04-20 22:40:27,980 - => Start Training for Injecting Backdoor...
2026-04-20 22:40:28,000 - Epoch: 13, 1/194: VFL loss: 0.1369, total loss: 0.0844, anchor loss: 0.0319, VFL train accuracy: 0.9375
2026-04-20 22:40:28,194 - Epoch: 13, 11/194: VFL loss: 0.1875, total loss: 0.1107, anchor loss: 0.0339, VFL train accuracy: 0.9339
2026-04-20 22:40:28,404 - Epoch: 13, 21/194: VFL loss: 0.1924, total loss: 0.1132, anchor loss: 0.0339, VFL train accuracy: 0.9332
2026-04-20 22:40:28,592 - Epoch: 13, 31/194: VFL loss: 0.1893, total loss: 0.1115, anchor loss: 0.0338, VFL train accuracy: 0.9347
2026-04-20 22:40:28,795 - Epoch: 13, 41/194: VFL loss: 0.1861, total loss: 0.1099, anchor loss: 0.0337, VFL train accuracy: 0.9350
2026-04-20 22:40:29,004 - Epoch: 13, 51/194: VFL loss: 0.1902, total loss: 0.1120, anchor loss: 0.0338, VFL train accuracy: 0.9348
2026-04-20 22:40:29,213 - Epoch: 13, 61/194: VFL loss: 0.1889, total loss: 0.1113, anchor loss: 0.0337, VFL train accuracy: 0.9351
2026-04-20 22:40:29,397 - Epoch: 13, 71/194: VFL loss: 0.1888, total loss: 0.1113, anchor loss: 0.0337, VFL train accuracy: 0.9347
2026-04-20 22:40:29,583 - Epoch: 13, 81/194: VFL loss: 0.1910, total loss: 0.1124, anchor loss: 0.0338, VFL train accuracy: 0.9336
2026-04-20 22:40:29,766 - Epoch: 13, 91/194: VFL loss: 0.1926, total loss: 0.1133, anchor loss: 0.0341, VFL train accuracy: 0.9330
2026-04-20 22:40:29,932 - Epoch: 13, 101/194: VFL loss: 0.1933, total loss: 0.1137, anchor loss: 0.0342, VFL train accuracy: 0.9324
2026-04-20 22:40:30,117 - Epoch: 13, 111/194: VFL loss: 0.1932, total loss: 0.1137, anchor loss: 0.0342, VFL train accuracy: 0.9324
2026-04-20 22:40:30,286 - Epoch: 13, 121/194: VFL loss: 0.1938, total loss: 0.1140, anchor loss: 0.0342, VFL train accuracy: 0.9320
2026-04-20 22:40:30,471 - Epoch: 13, 131/194: VFL loss: 0.1941, total loss: 0.1142, anchor loss: 0.0342, VFL train accuracy: 0.9319
2026-04-20 22:40:30,646 - Epoch: 13, 141/194: VFL loss: 0.1932, total loss: 0.1137, anchor loss: 0.0343, VFL train accuracy: 0.9323
2026-04-20 22:40:30,813 - Epoch: 13, 151/194: VFL loss: 0.1934, total loss: 0.1138, anchor loss: 0.0343, VFL train accuracy: 0.9322
2026-04-20 22:40:30,987 - Epoch: 13, 161/194: VFL loss: 0.1938, total loss: 0.1141, anchor loss: 0.0343, VFL train accuracy: 0.9323
2026-04-20 22:40:31,162 - Epoch: 13, 171/194: VFL loss: 0.1935, total loss: 0.1139, anchor loss: 0.0343, VFL train accuracy: 0.9326
2026-04-20 22:40:31,341 - Epoch: 13, 181/194: VFL loss: 0.1933, total loss: 0.1138, anchor loss: 0.0343, VFL train accuracy: 0.9328
2026-04-20 22:40:31,508 - Epoch: 13, 191/194: VFL loss: 0.1934, total loss: 0.1139, anchor loss: 0.0343, VFL train accuracy: 0.9326
2026-04-20 22:40:31,564 - => Recorded Stage 2 client anchor losses for epoch 13 to 'results/AVGuard/stage3_gamma_sensitivity_3clients_noema_bounded_q/IEEE_CIS_FRAUD_3clients_noema_bounded_q_gamma_1.0\stage2_final_epoch_client_anchor_losses.json': {0: 0.032277, 1: 0.036819, 2: 0.034126}
2026-04-20 22:40:31,565 - => Stage 2 EMA anchor update skipped at epoch 13 because momentum=1.0000 disables EMA; eligible classes per client {0: 2, 1: 2, 2: 2}
2026-04-20 22:40:31,566 - => Stage 2 Epoch 13 Training Summary: VFL loss: 0.1943, total loss: 0.1143, anchor loss: 0.0344, VFL train accuracy: 0.9323
2026-04-20 22:40:31,566 - => Test ASR...
2026-04-20 22:40:31,571 - =>Add Trigger to Test Data
2026-04-20 22:40:31,933 - Add Trigger to 8265 Bad Samples, 4133 Clean Samples (1.00)
2026-04-20 22:40:34,050 - => Test Epoch: 13, main task samples: 12398, attack samples: 12398, test loss: 0.3671, clean acc: 0.8281, Top-2: 1.0000, ASR: 0.1306, RAC: 0.7759, test target accuracy: 0.7179, stage3 final accuracy: 0.8281, stage3 final target accuracy: 0.5887, stage3 final asr: 0.1306, anchor loss: 0.0401
2026-04-20 22:40:34,050 - => Stage 3 Detection Summary: recall: 0.8688, precision: 0.8438, f1: 0.8561, false positive rate: 0.1058, correction rate: 0.8688
2026-04-20 22:40:34,050 - => Stage 3 Debug (clean): suspicious=1312/12398, correction_applied=1307, prediction_changed=1307, skipped_tied_vote=0, skipped_low_margin=0, skipped_other=5
2026-04-20 22:40:34,050 - => Stage 3 Debug (poison-valid): suspicious=7120/8265, correction_applied=7120, prediction_changed=7120, skipped_tied_vote=0, skipped_low_margin=0, skipped_other=0
2026-04-20 22:40:34,050 - => Stage 3 Debug (attack-success): suspicious=7115/8189, correction_applied=7115, prediction_changed=7115, corrected_to_true=7115
2026-04-20 22:40:34,051 - => Stage 2 checkpoint score: mean(clean_acc=0.8281, recall=0.8688, correction_rate=0.8688) = 0.8553
2026-04-20 22:40:34,080 - => End Epoch: 13, early stop epochs: 2, best epoch: 11, best clean acc: 0.8271, best Top-2: 1.0000, best ASR: 0.0981, best RAC: 0.7882, anchor loss: 0.0401, best checkpoint score: 0.8766
2026-04-20 22:40:34,080 - => Stage 3 Detection Summary: recall: 0.9013, precision: 0.8751, f1: 0.8880, false positive rate: 0.0840, correction rate: 0.9013
2026-04-20 22:40:34,100 - => LFBA current anchor-derived target label: 1
2026-04-20 22:40:34,115 - =>Add Trigger to Train Data
2026-04-20 22:40:34,210 - Add Trigger to 4959 Bad Samples, 44632 Clean Samples (0.10)
2026-04-20 22:40:34,220 - => Start Training for Injecting Backdoor...
2026-04-20 22:40:34,245 - Epoch: 14, 1/194: VFL loss: 0.1789, total loss: 0.1054, anchor loss: 0.0319, VFL train accuracy: 0.9492
2026-04-20 22:40:34,491 - Epoch: 14, 11/194: VFL loss: 0.1789, total loss: 0.1063, anchor loss: 0.0336, VFL train accuracy: 0.9375
2026-04-20 22:40:34,731 - Epoch: 14, 21/194: VFL loss: 0.1788, total loss: 0.1063, anchor loss: 0.0337, VFL train accuracy: 0.9379
2026-04-20 22:40:34,930 - Epoch: 14, 31/194: VFL loss: 0.1801, total loss: 0.1067, anchor loss: 0.0334, VFL train accuracy: 0.9365
2026-04-20 22:40:35,135 - Epoch: 14, 41/194: VFL loss: 0.1772, total loss: 0.1052, anchor loss: 0.0333, VFL train accuracy: 0.9375
2026-04-20 22:40:35,350 - Epoch: 14, 51/194: VFL loss: 0.1765, total loss: 0.1049, anchor loss: 0.0333, VFL train accuracy: 0.9377
2026-04-20 22:40:35,570 - Epoch: 14, 61/194: VFL loss: 0.1750, total loss: 0.1042, anchor loss: 0.0335, VFL train accuracy: 0.9379
2026-04-20 22:40:35,787 - Epoch: 14, 71/194: VFL loss: 0.1751, total loss: 0.1043, anchor loss: 0.0334, VFL train accuracy: 0.9381
2026-04-20 22:40:35,994 - Epoch: 14, 81/194: VFL loss: 0.1763, total loss: 0.1050, anchor loss: 0.0337, VFL train accuracy: 0.9376
2026-04-20 22:40:36,197 - Epoch: 14, 91/194: VFL loss: 0.1773, total loss: 0.1056, anchor loss: 0.0339, VFL train accuracy: 0.9365
2026-04-20 22:40:36,415 - Epoch: 14, 101/194: VFL loss: 0.1767, total loss: 0.1053, anchor loss: 0.0339, VFL train accuracy: 0.9369
2026-04-20 22:40:36,628 - Epoch: 14, 111/194: VFL loss: 0.1772, total loss: 0.1057, anchor loss: 0.0341, VFL train accuracy: 0.9366
2026-04-20 22:40:36,845 - Epoch: 14, 121/194: VFL loss: 0.1794, total loss: 0.1068, anchor loss: 0.0342, VFL train accuracy: 0.9360
2026-04-20 22:40:37,080 - Epoch: 14, 131/194: VFL loss: 0.1807, total loss: 0.1075, anchor loss: 0.0342, VFL train accuracy: 0.9358
2026-04-20 22:40:37,304 - Epoch: 14, 141/194: VFL loss: 0.1819, total loss: 0.1081, anchor loss: 0.0343, VFL train accuracy: 0.9352
2026-04-20 22:40:37,507 - Epoch: 14, 151/194: VFL loss: 0.1829, total loss: 0.1087, anchor loss: 0.0344, VFL train accuracy: 0.9349
2026-04-20 22:40:37,717 - Epoch: 14, 161/194: VFL loss: 0.1840, total loss: 0.1092, anchor loss: 0.0344, VFL train accuracy: 0.9345
2026-04-20 22:40:37,911 - Epoch: 14, 171/194: VFL loss: 0.1835, total loss: 0.1090, anchor loss: 0.0344, VFL train accuracy: 0.9347
2026-04-20 22:40:38,141 - Epoch: 14, 181/194: VFL loss: 0.1840, total loss: 0.1093, anchor loss: 0.0346, VFL train accuracy: 0.9345
2026-04-20 22:40:38,345 - Epoch: 14, 191/194: VFL loss: 0.1832, total loss: 0.1089, anchor loss: 0.0346, VFL train accuracy: 0.9347
2026-04-20 22:40:38,417 - => Recorded Stage 2 client anchor losses for epoch 14 to 'results/AVGuard/stage3_gamma_sensitivity_3clients_noema_bounded_q/IEEE_CIS_FRAUD_3clients_noema_bounded_q_gamma_1.0\stage2_final_epoch_client_anchor_losses.json': {0: 0.031995, 1: 0.036832, 2: 0.034803}
2026-04-20 22:40:38,418 - => Stage 2 EMA anchor update skipped at epoch 14 because momentum=1.0000 disables EMA; eligible classes per client {0: 2, 1: 2, 2: 2}
2026-04-20 22:40:38,419 - => Stage 2 Epoch 14 Training Summary: VFL loss: 0.1831, total loss: 0.1088, anchor loss: 0.0345, VFL train accuracy: 0.9348
2026-04-20 22:40:38,419 - => Test ASR...
2026-04-20 22:40:38,424 - =>Add Trigger to Test Data
2026-04-20 22:40:38,792 - Add Trigger to 8265 Bad Samples, 4133 Clean Samples (1.00)
2026-04-20 22:40:40,945 - => Test Epoch: 14, main task samples: 12398, attack samples: 12398, test loss: 0.3868, clean acc: 0.8243, Top-2: 1.0000, ASR: 0.1163, RAC: 0.7709, test target accuracy: 0.7082, stage3 final accuracy: 0.8243, stage3 final target accuracy: 0.5451, stage3 final asr: 0.1163, anchor loss: 0.0400
2026-04-20 22:40:40,945 - => Stage 3 Detection Summary: recall: 0.8831, precision: 0.8507, f1: 0.8666, false positive rate: 0.1017, correction rate: 0.8831
2026-04-20 22:40:40,945 - => Stage 3 Debug (clean): suspicious=1261/12398, correction_applied=1261, prediction_changed=1261, skipped_tied_vote=0, skipped_low_margin=0, skipped_other=0
2026-04-20 22:40:40,945 - => Stage 3 Debug (poison-valid): suspicious=7223/8265, correction_applied=7223, prediction_changed=7223, skipped_tied_vote=0, skipped_low_margin=0, skipped_other=0
2026-04-20 22:40:40,945 - => Stage 3 Debug (attack-success): suspicious=7217/8172, correction_applied=7217, prediction_changed=7217, corrected_to_true=7217
2026-04-20 22:40:40,946 - => Stage 2 checkpoint score: mean(clean_acc=0.8243, recall=0.8831, correction_rate=0.8831) = 0.8635
2026-04-20 22:40:40,973 - => End Epoch: 14, early stop epochs: 3, best epoch: 11, best clean acc: 0.8271, best Top-2: 1.0000, best ASR: 0.0981, best RAC: 0.7882, anchor loss: 0.0401, best checkpoint score: 0.8766
2026-04-20 22:40:40,973 - => Stage 3 Detection Summary: recall: 0.9013, precision: 0.8751, f1: 0.8880, false positive rate: 0.0840, correction rate: 0.9013
2026-04-20 22:40:40,991 - => LFBA current anchor-derived target label: 1
2026-04-20 22:40:40,999 - =>Add Trigger to Train Data
2026-04-20 22:40:41,087 - Add Trigger to 4959 Bad Samples, 44632 Clean Samples (0.10)
2026-04-20 22:40:41,089 - => Start Training for Injecting Backdoor...
2026-04-20 22:40:41,114 - Epoch: 15, 1/194: VFL loss: 0.1938, total loss: 0.1147, anchor loss: 0.0356, VFL train accuracy: 0.9297
2026-04-20 22:40:41,481 - Epoch: 15, 11/194: VFL loss: 0.1826, total loss: 0.1087, anchor loss: 0.0348, VFL train accuracy: 0.9379
2026-04-20 22:40:41,709 - Epoch: 15, 21/194: VFL loss: 0.1874, total loss: 0.1110, anchor loss: 0.0346, VFL train accuracy: 0.9349
2026-04-20 22:40:41,922 - Epoch: 15, 31/194: VFL loss: 0.1841, total loss: 0.1091, anchor loss: 0.0341, VFL train accuracy: 0.9359
2026-04-20 22:40:42,106 - Epoch: 15, 41/194: VFL loss: 0.1818, total loss: 0.1080, anchor loss: 0.0342, VFL train accuracy: 0.9363
2026-04-20 22:40:42,293 - Epoch: 15, 51/194: VFL loss: 0.1821, total loss: 0.1081, anchor loss: 0.0341, VFL train accuracy: 0.9361
2026-04-20 22:40:42,518 - Epoch: 15, 61/194: VFL loss: 0.1824, total loss: 0.1082, anchor loss: 0.0340, VFL train accuracy: 0.9364
2026-04-20 22:40:42,744 - Epoch: 15, 71/194: VFL loss: 0.1810, total loss: 0.1074, anchor loss: 0.0338, VFL train accuracy: 0.9369
2026-04-20 22:40:42,956 - Epoch: 15, 81/194: VFL loss: 0.1810, total loss: 0.1074, anchor loss: 0.0338, VFL train accuracy: 0.9366
2026-04-20 22:40:43,156 - Epoch: 15, 91/194: VFL loss: 0.1812, total loss: 0.1075, anchor loss: 0.0337, VFL train accuracy: 0.9364
2026-04-20 22:40:43,377 - Epoch: 15, 101/194: VFL loss: 0.1836, total loss: 0.1087, anchor loss: 0.0339, VFL train accuracy: 0.9358
2026-04-20 22:40:43,604 - Epoch: 15, 111/194: VFL loss: 0.1820, total loss: 0.1079, anchor loss: 0.0339, VFL train accuracy: 0.9365
2026-04-20 22:40:43,807 - Epoch: 15, 121/194: VFL loss: 0.1826, total loss: 0.1082, anchor loss: 0.0339, VFL train accuracy: 0.9362
2026-04-20 22:40:44,034 - Epoch: 15, 131/194: VFL loss: 0.1814, total loss: 0.1076, anchor loss: 0.0337, VFL train accuracy: 0.9367
2026-04-20 22:40:44,248 - Epoch: 15, 141/194: VFL loss: 0.1822, total loss: 0.1080, anchor loss: 0.0338, VFL train accuracy: 0.9365
2026-04-20 22:40:44,463 - Epoch: 15, 151/194: VFL loss: 0.1841, total loss: 0.1090, anchor loss: 0.0339, VFL train accuracy: 0.9359
2026-04-20 22:40:44,699 - Epoch: 15, 161/194: VFL loss: 0.1853, total loss: 0.1096, anchor loss: 0.0340, VFL train accuracy: 0.9354
2026-04-20 22:40:44,914 - Epoch: 15, 171/194: VFL loss: 0.1855, total loss: 0.1098, anchor loss: 0.0340, VFL train accuracy: 0.9352
2026-04-20 22:40:45,133 - Epoch: 15, 181/194: VFL loss: 0.1862, total loss: 0.1101, anchor loss: 0.0341, VFL train accuracy: 0.9349
2026-04-20 22:40:45,334 - Epoch: 15, 191/194: VFL loss: 0.1864, total loss: 0.1102, anchor loss: 0.0341, VFL train accuracy: 0.9347
2026-04-20 22:40:45,397 - => Recorded Stage 2 client anchor losses for epoch 15 to 'results/AVGuard/stage3_gamma_sensitivity_3clients_noema_bounded_q/IEEE_CIS_FRAUD_3clients_noema_bounded_q_gamma_1.0\stage2_final_epoch_client_anchor_losses.json': {0: 0.031584, 1: 0.036691, 2: 0.034053}
2026-04-20 22:40:45,404 - => Stage 2 EMA anchor update skipped at epoch 15 because momentum=1.0000 disables EMA; eligible classes per client {0: 2, 1: 2, 2: 2}
2026-04-20 22:40:45,404 - => Stage 2 Epoch 15 Training Summary: VFL loss: 0.1871, total loss: 0.1106, anchor loss: 0.0341, VFL train accuracy: 0.9344
2026-04-20 22:40:45,404 - => Test ASR...
2026-04-20 22:40:45,414 - =>Add Trigger to Test Data
2026-04-20 22:40:45,837 - Add Trigger to 8265 Bad Samples, 4133 Clean Samples (1.00)
2026-04-20 22:40:48,168 - => Test Epoch: 15, main task samples: 12398, attack samples: 12398, test loss: 0.3681, clean acc: 0.8326, Top-2: 1.0000, ASR: 0.1160, RAC: 0.7890, test target accuracy: 0.7360, stage3 final accuracy: 0.8326, stage3 final target accuracy: 0.5991, stage3 final asr: 0.1160, anchor loss: 0.0398
2026-04-20 22:40:48,168 - => Stage 3 Detection Summary: recall: 0.8835, precision: 0.8504, f1: 0.8666, false positive rate: 0.1030, correction rate: 0.8835
2026-04-20 22:40:48,168 - => Stage 3 Debug (clean): suspicious=1277/12398, correction_applied=1274, prediction_changed=1274, skipped_tied_vote=0, skipped_low_margin=0, skipped_other=3
2026-04-20 22:40:48,168 - => Stage 3 Debug (poison-valid): suspicious=7265/8265, correction_applied=7265, prediction_changed=7265, skipped_tied_vote=0, skipped_low_margin=0, skipped_other=0
2026-04-20 22:40:48,168 - => Stage 3 Debug (attack-success): suspicious=7264/8222, correction_applied=7264, prediction_changed=7264, corrected_to_true=7264
2026-04-20 22:40:48,168 - => Stage 2 checkpoint score: mean(clean_acc=0.8326, recall=0.8835, correction_rate=0.8835) = 0.8665
2026-04-20 22:40:48,194 - => End Epoch: 15, early stop epochs: 4, best epoch: 11, best clean acc: 0.8271, best Top-2: 1.0000, best ASR: 0.0981, best RAC: 0.7882, anchor loss: 0.0401, best checkpoint score: 0.8766
2026-04-20 22:40:48,194 - => Stage 3 Detection Summary: recall: 0.9013, precision: 0.8751, f1: 0.8880, false positive rate: 0.0840, correction rate: 0.9013
2026-04-20 22:40:48,213 - => LFBA current anchor-derived target label: 1
2026-04-20 22:40:48,221 - =>Add Trigger to Train Data
2026-04-20 22:40:48,306 - Add Trigger to 4959 Bad Samples, 44632 Clean Samples (0.10)
2026-04-20 22:40:48,307 - => Start Training for Injecting Backdoor...
2026-04-20 22:40:48,332 - Epoch: 16, 1/194: VFL loss: 0.1578, total loss: 0.0975, anchor loss: 0.0371, VFL train accuracy: 0.9453
2026-04-20 22:40:48,551 - Epoch: 16, 11/194: VFL loss: 0.1850, total loss: 0.1104, anchor loss: 0.0358, VFL train accuracy: 0.9343
2026-04-20 22:40:48,758 - Epoch: 16, 21/194: VFL loss: 0.1728, total loss: 0.1035, anchor loss: 0.0342, VFL train accuracy: 0.9381
2026-04-20 22:40:48,960 - Epoch: 16, 31/194: VFL loss: 0.1677, total loss: 0.1007, anchor loss: 0.0336, VFL train accuracy: 0.9409
2026-04-20 22:40:49,148 - Epoch: 16, 41/194: VFL loss: 0.1654, total loss: 0.0995, anchor loss: 0.0335, VFL train accuracy: 0.9407
2026-04-20 22:40:49,376 - Epoch: 16, 51/194: VFL loss: 0.1672, total loss: 0.1004, anchor loss: 0.0335, VFL train accuracy: 0.9390
2026-04-20 22:40:49,614 - Epoch: 16, 61/194: VFL loss: 0.1671, total loss: 0.1003, anchor loss: 0.0336, VFL train accuracy: 0.9391
2026-04-20 22:40:49,830 - Epoch: 16, 71/194: VFL loss: 0.1707, total loss: 0.1022, anchor loss: 0.0338, VFL train accuracy: 0.9376
2026-04-20 22:40:50,070 - Epoch: 16, 81/194: VFL loss: 0.1720, total loss: 0.1029, anchor loss: 0.0338, VFL train accuracy: 0.9377
2026-04-20 22:40:50,285 - Epoch: 16, 91/194: VFL loss: 0.1714, total loss: 0.1026, anchor loss: 0.0339, VFL train accuracy: 0.9379
2026-04-20 22:40:50,502 - Epoch: 16, 101/194: VFL loss: 0.1718, total loss: 0.1028, anchor loss: 0.0338, VFL train accuracy: 0.9376
2026-04-20 22:40:50,746 - Epoch: 16, 111/194: VFL loss: 0.1730, total loss: 0.1035, anchor loss: 0.0340, VFL train accuracy: 0.9366
2026-04-20 22:40:50,974 - Epoch: 16, 121/194: VFL loss: 0.1736, total loss: 0.1039, anchor loss: 0.0342, VFL train accuracy: 0.9364
2026-04-20 22:40:51,194 - Epoch: 16, 131/194: VFL loss: 0.1746, total loss: 0.1044, anchor loss: 0.0342, VFL train accuracy: 0.9361
2026-04-20 22:40:51,425 - Epoch: 16, 141/194: VFL loss: 0.1757, total loss: 0.1050, anchor loss: 0.0343, VFL train accuracy: 0.9358
2026-04-20 22:40:51,647 - Epoch: 16, 151/194: VFL loss: 0.1752, total loss: 0.1047, anchor loss: 0.0342, VFL train accuracy: 0.9358
2026-04-20 22:40:51,864 - Epoch: 16, 161/194: VFL loss: 0.1755, total loss: 0.1049, anchor loss: 0.0342, VFL train accuracy: 0.9355
2026-04-20 22:40:52,066 - Epoch: 16, 171/194: VFL loss: 0.1748, total loss: 0.1044, anchor loss: 0.0341, VFL train accuracy: 0.9362
2026-04-20 22:40:52,268 - Epoch: 16, 181/194: VFL loss: 0.1751, total loss: 0.1046, anchor loss: 0.0341, VFL train accuracy: 0.9361
2026-04-20 22:40:52,470 - Epoch: 16, 191/194: VFL loss: 0.1751, total loss: 0.1046, anchor loss: 0.0341, VFL train accuracy: 0.9364
2026-04-20 22:40:52,532 - => Recorded Stage 2 client anchor losses for epoch 16 to 'results/AVGuard/stage3_gamma_sensitivity_3clients_noema_bounded_q/IEEE_CIS_FRAUD_3clients_noema_bounded_q_gamma_1.0\stage2_final_epoch_client_anchor_losses.json': {0: 0.031252, 1: 0.036697, 2: 0.034405}
2026-04-20 22:40:52,538 - => Stage 2 EMA anchor update skipped at epoch 16 because momentum=1.0000 disables EMA; eligible classes per client {0: 2, 1: 2, 2: 2}
2026-04-20 22:40:52,538 - => Stage 2 Epoch 16 Training Summary: VFL loss: 0.1751, total loss: 0.1046, anchor loss: 0.0341, VFL train accuracy: 0.9365
2026-04-20 22:40:52,538 - => Test ASR...
2026-04-20 22:40:52,544 - =>Add Trigger to Test Data
2026-04-20 22:40:52,918 - Add Trigger to 8265 Bad Samples, 4133 Clean Samples (1.00)
2026-04-20 22:40:55,214 - => Test Epoch: 16, main task samples: 12398, attack samples: 12398, test loss: 0.3798, clean acc: 0.8304, Top-2: 1.0000, ASR: 0.1163, RAC: 0.7971, test target accuracy: 0.7186, stage3 final accuracy: 0.8304, stage3 final target accuracy: 0.6240, stage3 final asr: 0.1163, anchor loss: 0.0395
2026-04-20 22:40:55,214 - => Stage 3 Detection Summary: recall: 0.8833, precision: 0.8525, f1: 0.8677, false positive rate: 0.1011, correction rate: 0.8833
2026-04-20 22:40:55,214 - => Stage 3 Debug (clean): suspicious=1254/12398, correction_applied=1244, prediction_changed=1244, skipped_tied_vote=0, skipped_low_margin=0, skipped_other=10
2026-04-20 22:40:55,214 - => Stage 3 Debug (poison-valid): suspicious=7263/8265, correction_applied=7263, prediction_changed=7263, skipped_tied_vote=0, skipped_low_margin=0, skipped_other=0
2026-04-20 22:40:55,214 - => Stage 3 Debug (attack-success): suspicious=7261/8220, correction_applied=7261, prediction_changed=7261, corrected_to_true=7261
2026-04-20 22:40:55,214 - => Stage 2 checkpoint score: mean(clean_acc=0.8304, recall=0.8833, correction_rate=0.8833) = 0.8657
2026-04-20 22:40:55,241 - => End Epoch: 16, early stop epochs: 5, best epoch: 11, best clean acc: 0.8271, best Top-2: 1.0000, best ASR: 0.0981, best RAC: 0.7882, anchor loss: 0.0401, best checkpoint score: 0.8766
2026-04-20 22:40:55,241 - => Stage 3 Detection Summary: recall: 0.9013, precision: 0.8751, f1: 0.8880, false positive rate: 0.0840, correction rate: 0.9013
2026-04-20 22:40:55,257 - => LFBA current anchor-derived target label: 1
2026-04-20 22:40:55,268 - =>Add Trigger to Train Data
2026-04-20 22:40:55,353 - Add Trigger to 4959 Bad Samples, 44632 Clean Samples (0.10)
2026-04-20 22:40:55,354 - => Start Training for Injecting Backdoor...
2026-04-20 22:40:55,376 - Epoch: 17, 1/194: VFL loss: 0.1615, total loss: 0.0972, anchor loss: 0.0329, VFL train accuracy: 0.9531
2026-04-20 22:40:55,629 - Epoch: 17, 11/194: VFL loss: 0.1793, total loss: 0.1065, anchor loss: 0.0338, VFL train accuracy: 0.9364
2026-04-20 22:40:55,843 - Epoch: 17, 21/194: VFL loss: 0.1784, total loss: 0.1061, anchor loss: 0.0338, VFL train accuracy: 0.9371
2026-04-20 22:40:56,050 - Epoch: 17, 31/194: VFL loss: 0.1759, total loss: 0.1048, anchor loss: 0.0337, VFL train accuracy: 0.9375
2026-04-20 22:40:56,264 - Epoch: 17, 41/194: VFL loss: 0.1734, total loss: 0.1035, anchor loss: 0.0337, VFL train accuracy: 0.9391
2026-04-20 22:40:56,501 - Epoch: 17, 51/194: VFL loss: 0.1724, total loss: 0.1030, anchor loss: 0.0336, VFL train accuracy: 0.9391
2026-04-20 22:40:56,719 - Epoch: 17, 61/194: VFL loss: 0.1708, total loss: 0.1021, anchor loss: 0.0333, VFL train accuracy: 0.9401
2026-04-20 22:40:56,927 - Epoch: 17, 71/194: VFL loss: 0.1714, total loss: 0.1024, anchor loss: 0.0334, VFL train accuracy: 0.9398
2026-04-20 22:40:57,142 - Epoch: 17, 81/194: VFL loss: 0.1736, total loss: 0.1036, anchor loss: 0.0335, VFL train accuracy: 0.9390
2026-04-20 22:40:57,358 - Epoch: 17, 91/194: VFL loss: 0.1752, total loss: 0.1044, anchor loss: 0.0336, VFL train accuracy: 0.9389
2026-04-20 22:40:57,592 - Epoch: 17, 101/194: VFL loss: 0.1773, total loss: 0.1055, anchor loss: 0.0337, VFL train accuracy: 0.9383
2026-04-20 22:40:57,812 - Epoch: 17, 111/194: VFL loss: 0.1779, total loss: 0.1058, anchor loss: 0.0337, VFL train accuracy: 0.9380
2026-04-20 22:40:58,036 - Epoch: 17, 121/194: VFL loss: 0.1796, total loss: 0.1067, anchor loss: 0.0338, VFL train accuracy: 0.9375
2026-04-20 22:40:58,269 - Epoch: 17, 131/194: VFL loss: 0.1793, total loss: 0.1066, anchor loss: 0.0338, VFL train accuracy: 0.9378
2026-04-20 22:40:58,479 - Epoch: 17, 141/194: VFL loss: 0.1791, total loss: 0.1064, anchor loss: 0.0338, VFL train accuracy: 0.9379
2026-04-20 22:40:58,685 - Epoch: 17, 151/194: VFL loss: 0.1794, total loss: 0.1066, anchor loss: 0.0337, VFL train accuracy: 0.9378
2026-04-20 22:40:58,906 - Epoch: 17, 161/194: VFL loss: 0.1794, total loss: 0.1066, anchor loss: 0.0338, VFL train accuracy: 0.9379
2026-04-20 22:40:59,143 - Epoch: 17, 171/194: VFL loss: 0.1791, total loss: 0.1065, anchor loss: 0.0338, VFL train accuracy: 0.9380
2026-04-20 22:40:59,359 - Epoch: 17, 181/194: VFL loss: 0.1790, total loss: 0.1064, anchor loss: 0.0338, VFL train accuracy: 0.9382
2026-04-20 22:40:59,617 - Epoch: 17, 191/194: VFL loss: 0.1787, total loss: 0.1062, anchor loss: 0.0338, VFL train accuracy: 0.9383
2026-04-20 22:40:59,695 - => Recorded Stage 2 client anchor losses for epoch 17 to 'results/AVGuard/stage3_gamma_sensitivity_3clients_noema_bounded_q/IEEE_CIS_FRAUD_3clients_noema_bounded_q_gamma_1.0\stage2_final_epoch_client_anchor_losses.json': {0: 0.030683, 1: 0.036528, 2: 0.034184}
2026-04-20 22:40:59,696 - => Stage 2 EMA anchor update skipped at epoch 17 because momentum=1.0000 disables EMA; eligible classes per client {0: 2, 1: 2, 2: 2}
2026-04-20 22:40:59,696 - => Stage 2 Epoch 17 Training Summary: VFL loss: 0.1787, total loss: 0.1062, anchor loss: 0.0338, VFL train accuracy: 0.9384
2026-04-20 22:40:59,696 - => Test ASR...
2026-04-20 22:40:59,701 - =>Add Trigger to Test Data
2026-04-20 22:41:00,068 - Add Trigger to 8265 Bad Samples, 4133 Clean Samples (1.00)
2026-04-20 22:41:02,060 - => Test Epoch: 17, main task samples: 12398, attack samples: 12398, test loss: 0.3715, clean acc: 0.8275, Top-2: 1.0000, ASR: 0.1440, RAC: 0.7709, test target accuracy: 0.7452, stage3 final accuracy: 0.8275, stage3 final target accuracy: 0.6005, stage3 final asr: 0.1440, anchor loss: 0.0401
2026-04-20 22:41:02,060 - => Stage 3 Detection Summary: recall: 0.8558, precision: 0.8152, f1: 0.8350, false positive rate: 0.1279, correction rate: 0.8557
2026-04-20 22:41:02,060 - => Stage 3 Debug (clean): suspicious=1586/12398, correction_applied=1578, prediction_changed=1578, skipped_tied_vote=0, skipped_low_margin=0, skipped_other=8
2026-04-20 22:41:02,060 - => Stage 3 Debug (poison-valid): suspicious=7029/8265, correction_applied=7028, prediction_changed=7028, skipped_tied_vote=0, skipped_low_margin=0, skipped_other=1
2026-04-20 22:41:02,060 - => Stage 3 Debug (attack-success): suspicious=7023/8206, correction_applied=7022, prediction_changed=7022, corrected_to_true=7022
2026-04-20 22:41:02,060 - => Stage 2 checkpoint score: mean(clean_acc=0.8275, recall=0.8558, correction_rate=0.8557) = 0.8463
2026-04-20 22:41:02,085 - => End Epoch: 17, early stop epochs: 6, best epoch: 11, best clean acc: 0.8271, best Top-2: 1.0000, best ASR: 0.0981, best RAC: 0.7882, anchor loss: 0.0401, best checkpoint score: 0.8766
2026-04-20 22:41:02,085 - => Stage 3 Detection Summary: recall: 0.9013, precision: 0.8751, f1: 0.8880, false positive rate: 0.0840, correction rate: 0.9013
2026-04-20 22:41:02,100 - => LFBA current anchor-derived target label: 1
2026-04-20 22:41:02,108 - =>Add Trigger to Train Data
2026-04-20 22:41:02,189 - Add Trigger to 4959 Bad Samples, 44632 Clean Samples (0.10)
2026-04-20 22:41:02,190 - => Start Training for Injecting Backdoor...
2026-04-20 22:41:02,209 - Epoch: 18, 1/194: VFL loss: 0.0983, total loss: 0.0627, anchor loss: 0.0270, VFL train accuracy: 0.9688
2026-04-20 22:41:02,369 - Epoch: 18, 11/194: VFL loss: 0.1552, total loss: 0.0937, anchor loss: 0.0323, VFL train accuracy: 0.9482
2026-04-20 22:41:02,517 - Epoch: 18, 21/194: VFL loss: 0.1597, total loss: 0.0966, anchor loss: 0.0334, VFL train accuracy: 0.9466
2026-04-20 22:41:02,666 - Epoch: 18, 31/194: VFL loss: 0.1669, total loss: 0.1004, anchor loss: 0.0339, VFL train accuracy: 0.9428
2026-04-20 22:41:02,829 - Epoch: 18, 41/194: VFL loss: 0.1691, total loss: 0.1017, anchor loss: 0.0343, VFL train accuracy: 0.9403
2026-04-20 22:41:02,985 - Epoch: 18, 51/194: VFL loss: 0.1681, total loss: 0.1014, anchor loss: 0.0347, VFL train accuracy: 0.9398
2026-04-20 22:41:03,134 - Epoch: 18, 61/194: VFL loss: 0.1681, total loss: 0.1014, anchor loss: 0.0347, VFL train accuracy: 0.9400
2026-04-20 22:41:03,273 - Epoch: 18, 71/194: VFL loss: 0.1677, total loss: 0.1012, anchor loss: 0.0348, VFL train accuracy: 0.9398
2026-04-20 22:41:03,426 - Epoch: 18, 81/194: VFL loss: 0.1675, total loss: 0.1010, anchor loss: 0.0346, VFL train accuracy: 0.9399
2026-04-20 22:41:03,735 - Epoch: 18, 91/194: VFL loss: 0.1663, total loss: 0.1003, anchor loss: 0.0343, VFL train accuracy: 0.9402
2026-04-20 22:41:03,904 - Epoch: 18, 101/194: VFL loss: 0.1649, total loss: 0.0996, anchor loss: 0.0342, VFL train accuracy: 0.9406
2026-04-20 22:41:04,085 - Epoch: 18, 111/194: VFL loss: 0.1651, total loss: 0.0997, anchor loss: 0.0342, VFL train accuracy: 0.9403
2026-04-20 22:41:04,448 - Epoch: 18, 121/194: VFL loss: 0.1657, total loss: 0.1000, anchor loss: 0.0342, VFL train accuracy: 0.9396
2026-04-20 22:41:04,711 - Epoch: 18, 131/194: VFL loss: 0.1660, total loss: 0.1001, anchor loss: 0.0342, VFL train accuracy: 0.9400
2026-04-20 22:41:04,933 - Epoch: 18, 141/194: VFL loss: 0.1659, total loss: 0.1000, anchor loss: 0.0342, VFL train accuracy: 0.9399
2026-04-20 22:41:05,150 - Epoch: 18, 151/194: VFL loss: 0.1673, total loss: 0.1008, anchor loss: 0.0342, VFL train accuracy: 0.9395
2026-04-20 22:41:05,375 - Epoch: 18, 161/194: VFL loss: 0.1673, total loss: 0.1008, anchor loss: 0.0342, VFL train accuracy: 0.9396
2026-04-20 22:41:05,575 - Epoch: 18, 171/194: VFL loss: 0.1682, total loss: 0.1012, anchor loss: 0.0341, VFL train accuracy: 0.9395
2026-04-20 22:41:05,735 - Epoch: 18, 181/194: VFL loss: 0.1686, total loss: 0.1014, anchor loss: 0.0341, VFL train accuracy: 0.9393
2026-04-20 22:41:05,885 - Epoch: 18, 191/194: VFL loss: 0.1682, total loss: 0.1011, anchor loss: 0.0341, VFL train accuracy: 0.9396
2026-04-20 22:41:05,946 - => Recorded Stage 2 client anchor losses for epoch 18 to 'results/AVGuard/stage3_gamma_sensitivity_3clients_noema_bounded_q/IEEE_CIS_FRAUD_3clients_noema_bounded_q_gamma_1.0\stage2_final_epoch_client_anchor_losses.json': {0: 0.030651, 1: 0.036562, 2: 0.034912}
2026-04-20 22:41:05,947 - => Stage 2 EMA anchor update skipped at epoch 18 because momentum=1.0000 disables EMA; eligible classes per client {0: 2, 1: 2, 2: 2}
2026-04-20 22:41:05,947 - => Stage 2 Epoch 18 Training Summary: VFL loss: 0.1685, total loss: 0.1013, anchor loss: 0.0340, VFL train accuracy: 0.9395
2026-04-20 22:41:05,947 - => Test ASR...
2026-04-20 22:41:05,952 - =>Add Trigger to Test Data
2026-04-20 22:41:06,308 - Add Trigger to 8265 Bad Samples, 4133 Clean Samples (1.00)
2026-04-20 22:41:07,954 - => Test Epoch: 18, main task samples: 12398, attack samples: 12398, test loss: 0.3984, clean acc: 0.8321, Top-2: 1.0000, ASR: 0.1262, RAC: 0.7857, test target accuracy: 0.7503, stage3 final accuracy: 0.8321, stage3 final target accuracy: 0.6095, stage3 final asr: 0.1262, anchor loss: 0.0401
2026-04-20 22:41:07,954 - => Stage 3 Detection Summary: recall: 0.8738, precision: 0.8414, f1: 0.8573, false positive rate: 0.1089, correction rate: 0.8738
2026-04-20 22:41:07,954 - => Stage 3 Debug (clean): suspicious=1350/12398, correction_applied=1349, prediction_changed=1349, skipped_tied_vote=0, skipped_low_margin=0, skipped_other=1
2026-04-20 22:41:07,954 - => Stage 3 Debug (poison-valid): suspicious=7192/8265, correction_applied=7192, prediction_changed=7192, skipped_tied_vote=0, skipped_low_margin=0, skipped_other=0
2026-04-20 22:41:07,954 - => Stage 3 Debug (attack-success): suspicious=7187/8225, correction_applied=7187, prediction_changed=7187, corrected_to_true=7187
2026-04-20 22:41:07,954 - => Stage 2 checkpoint score: mean(clean_acc=0.8321, recall=0.8738, correction_rate=0.8738) = 0.8599
2026-04-20 22:41:07,981 - => End Epoch: 18, early stop epochs: 7, best epoch: 11, best clean acc: 0.8271, best Top-2: 1.0000, best ASR: 0.0981, best RAC: 0.7882, anchor loss: 0.0401, best checkpoint score: 0.8766
2026-04-20 22:41:07,982 - => Stage 3 Detection Summary: recall: 0.9013, precision: 0.8751, f1: 0.8880, false positive rate: 0.0840, correction rate: 0.9013
2026-04-20 22:41:07,999 - => LFBA current anchor-derived target label: 1
2026-04-20 22:41:08,007 - =>Add Trigger to Train Data
2026-04-20 22:41:08,096 - Add Trigger to 4959 Bad Samples, 44632 Clean Samples (0.10)
2026-04-20 22:41:08,098 - => Start Training for Injecting Backdoor...
2026-04-20 22:41:08,132 - Epoch: 19, 1/194: VFL loss: 0.1757, total loss: 0.1057, anchor loss: 0.0357, VFL train accuracy: 0.9414
2026-04-20 22:41:08,387 - Epoch: 19, 11/194: VFL loss: 0.1763, total loss: 0.1046, anchor loss: 0.0329, VFL train accuracy: 0.9382
2026-04-20 22:41:08,634 - Epoch: 19, 21/194: VFL loss: 0.1720, total loss: 0.1024, anchor loss: 0.0327, VFL train accuracy: 0.9401
2026-04-20 22:41:08,869 - Epoch: 19, 31/194: VFL loss: 0.1697, total loss: 0.1015, anchor loss: 0.0334, VFL train accuracy: 0.9409
2026-04-20 22:41:09,091 - Epoch: 19, 41/194: VFL loss: 0.1699, total loss: 0.1017, anchor loss: 0.0334, VFL train accuracy: 0.9395
2026-04-20 22:41:09,344 - Epoch: 19, 51/194: VFL loss: 0.1668, total loss: 0.1001, anchor loss: 0.0334, VFL train accuracy: 0.9413
2026-04-20 22:41:09,575 - Epoch: 19, 61/194: VFL loss: 0.1672, total loss: 0.1003, anchor loss: 0.0335, VFL train accuracy: 0.9419
2026-04-20 22:41:09,786 - Epoch: 19, 71/194: VFL loss: 0.1662, total loss: 0.0997, anchor loss: 0.0333, VFL train accuracy: 0.9420
2026-04-20 22:41:10,013 - Epoch: 19, 81/194: VFL loss: 0.1655, total loss: 0.0994, anchor loss: 0.0332, VFL train accuracy: 0.9421
2026-04-20 22:41:10,215 - Epoch: 19, 91/194: VFL loss: 0.1656, total loss: 0.0995, anchor loss: 0.0333, VFL train accuracy: 0.9414
2026-04-20 22:41:10,390 - Epoch: 19, 101/194: VFL loss: 0.1664, total loss: 0.0999, anchor loss: 0.0333, VFL train accuracy: 0.9412
2026-04-20 22:41:10,584 - Epoch: 19, 111/194: VFL loss: 0.1666, total loss: 0.1000, anchor loss: 0.0334, VFL train accuracy: 0.9411
2026-04-20 22:41:10,772 - Epoch: 19, 121/194: VFL loss: 0.1663, total loss: 0.0998, anchor loss: 0.0333, VFL train accuracy: 0.9416
2026-04-20 22:41:10,947 - Epoch: 19, 131/194: VFL loss: 0.1670, total loss: 0.1002, anchor loss: 0.0333, VFL train accuracy: 0.9414
2026-04-20 22:41:11,090 - Epoch: 19, 141/194: VFL loss: 0.1673, total loss: 0.1003, anchor loss: 0.0333, VFL train accuracy: 0.9411
2026-04-20 22:41:11,242 - Epoch: 19, 151/194: VFL loss: 0.1674, total loss: 0.1004, anchor loss: 0.0334, VFL train accuracy: 0.9410
2026-04-20 22:41:11,388 - Epoch: 19, 161/194: VFL loss: 0.1683, total loss: 0.1009, anchor loss: 0.0334, VFL train accuracy: 0.9408
2026-04-20 22:41:11,579 - Epoch: 19, 171/194: VFL loss: 0.1683, total loss: 0.1009, anchor loss: 0.0335, VFL train accuracy: 0.9406
2026-04-20 22:41:11,729 - Epoch: 19, 181/194: VFL loss: 0.1694, total loss: 0.1015, anchor loss: 0.0336, VFL train accuracy: 0.9402
2026-04-20 22:41:11,874 - Epoch: 19, 191/194: VFL loss: 0.1706, total loss: 0.1021, anchor loss: 0.0336, VFL train accuracy: 0.9394
2026-04-20 22:41:11,924 - => Recorded Stage 2 client anchor losses for epoch 19 to 'results/AVGuard/stage3_gamma_sensitivity_3clients_noema_bounded_q/IEEE_CIS_FRAUD_3clients_noema_bounded_q_gamma_1.0\stage2_final_epoch_client_anchor_losses.json': {0: 0.030302, 1: 0.036501, 2: 0.034044}
2026-04-20 22:41:11,926 - => Stage 2 EMA anchor update skipped at epoch 19 because momentum=1.0000 disables EMA; eligible classes per client {0: 2, 1: 2, 2: 2}
2026-04-20 22:41:11,926 - => Stage 2 Epoch 19 Training Summary: VFL loss: 0.1708, total loss: 0.1022, anchor loss: 0.0336, VFL train accuracy: 0.9393
2026-04-20 22:41:11,926 - => Test ASR...
2026-04-20 22:41:11,931 - =>Add Trigger to Test Data
2026-04-20 22:41:12,276 - Add Trigger to 8265 Bad Samples, 4133 Clean Samples (1.00)
2026-04-20 22:41:13,769 - => Test Epoch: 19, main task samples: 12398, attack samples: 12398, test loss: 0.3831, clean acc: 0.8237, Top-2: 1.0000, ASR: 0.1408, RAC: 0.7644, test target accuracy: 0.7406, stage3 final accuracy: 0.8237, stage3 final target accuracy: 0.5749, stage3 final asr: 0.1408, anchor loss: 0.0398
2026-04-20 22:41:13,769 - => Stage 3 Detection Summary: recall: 0.8588, precision: 0.8300, f1: 0.8442, false positive rate: 0.1164, correction rate: 0.8587
2026-04-20 22:41:13,769 - => Stage 3 Debug (clean): suspicious=1443/12398, correction_applied=1431, prediction_changed=1431, skipped_tied_vote=0, skipped_low_margin=0, skipped_other=12
2026-04-20 22:41:13,769 - => Stage 3 Debug (poison-valid): suspicious=7061/8265, correction_applied=7060, prediction_changed=7060, skipped_tied_vote=0, skipped_low_margin=0, skipped_other=1
2026-04-20 22:41:13,769 - => Stage 3 Debug (attack-success): suspicious=7058/8218, correction_applied=7057, prediction_changed=7057, corrected_to_true=7057
2026-04-20 22:41:13,769 - => Stage 2 checkpoint score: mean(clean_acc=0.8237, recall=0.8588, correction_rate=0.8587) = 0.8471
2026-04-20 22:41:13,798 - => End Epoch: 19, early stop epochs: 8, best epoch: 11, best clean acc: 0.8271, best Top-2: 1.0000, best ASR: 0.0981, best RAC: 0.7882, anchor loss: 0.0401, best checkpoint score: 0.8766
2026-04-20 22:41:13,798 - => Stage 3 Detection Summary: recall: 0.9013, precision: 0.8751, f1: 0.8880, false positive rate: 0.0840, correction rate: 0.9013
2026-04-20 22:41:13,820 - => LFBA current anchor-derived target label: 1
2026-04-20 22:41:13,828 - =>Add Trigger to Train Data
2026-04-20 22:41:13,909 - Add Trigger to 4959 Bad Samples, 44632 Clean Samples (0.10)
2026-04-20 22:41:13,910 - => Start Training for Injecting Backdoor...
2026-04-20 22:41:13,930 - Epoch: 20, 1/194: VFL loss: 0.1671, total loss: 0.1010, anchor loss: 0.0350, VFL train accuracy: 0.9336
2026-04-20 22:41:14,099 - Epoch: 20, 11/194: VFL loss: 0.1599, total loss: 0.0964, anchor loss: 0.0330, VFL train accuracy: 0.9414
2026-04-20 22:41:14,257 - Epoch: 20, 21/194: VFL loss: 0.1630, total loss: 0.0982, anchor loss: 0.0335, VFL train accuracy: 0.9403
2026-04-20 22:41:14,429 - Epoch: 20, 31/194: VFL loss: 0.1603, total loss: 0.0969, anchor loss: 0.0335, VFL train accuracy: 0.9420
2026-04-20 22:41:14,600 - Epoch: 20, 41/194: VFL loss: 0.1597, total loss: 0.0966, anchor loss: 0.0334, VFL train accuracy: 0.9428
2026-04-20 22:41:14,765 - Epoch: 20, 51/194: VFL loss: 0.1599, total loss: 0.0966, anchor loss: 0.0333, VFL train accuracy: 0.9428
2026-04-20 22:41:14,933 - Epoch: 20, 61/194: VFL loss: 0.1585, total loss: 0.0959, anchor loss: 0.0334, VFL train accuracy: 0.9433
2026-04-20 22:41:15,090 - Epoch: 20, 71/194: VFL loss: 0.1599, total loss: 0.0966, anchor loss: 0.0332, VFL train accuracy: 0.9429
2026-04-20 22:41:15,258 - Epoch: 20, 81/194: VFL loss: 0.1618, total loss: 0.0976, anchor loss: 0.0335, VFL train accuracy: 0.9420
2026-04-20 22:41:15,445 - Epoch: 20, 91/194: VFL loss: 0.1605, total loss: 0.0970, anchor loss: 0.0335, VFL train accuracy: 0.9421
2026-04-20 22:41:15,624 - Epoch: 20, 101/194: VFL loss: 0.1606, total loss: 0.0970, anchor loss: 0.0334, VFL train accuracy: 0.9422
2026-04-20 22:41:15,781 - Epoch: 20, 111/194: VFL loss: 0.1622, total loss: 0.0979, anchor loss: 0.0337, VFL train accuracy: 0.9414
2026-04-20 22:41:15,954 - Epoch: 20, 121/194: VFL loss: 0.1636, total loss: 0.0987, anchor loss: 0.0338, VFL train accuracy: 0.9410
2026-04-20 22:41:16,128 - Epoch: 20, 131/194: VFL loss: 0.1617, total loss: 0.0977, anchor loss: 0.0337, VFL train accuracy: 0.9419
2026-04-20 22:41:16,294 - Epoch: 20, 141/194: VFL loss: 0.1618, total loss: 0.0978, anchor loss: 0.0338, VFL train accuracy: 0.9418
2026-04-20 22:41:16,458 - Epoch: 20, 151/194: VFL loss: 0.1607, total loss: 0.0972, anchor loss: 0.0337, VFL train accuracy: 0.9423
2026-04-20 22:41:16,619 - Epoch: 20, 161/194: VFL loss: 0.1614, total loss: 0.0975, anchor loss: 0.0337, VFL train accuracy: 0.9417
2026-04-20 22:41:16,779 - Epoch: 20, 171/194: VFL loss: 0.1619, total loss: 0.0978, anchor loss: 0.0337, VFL train accuracy: 0.9419
2026-04-20 22:41:16,934 - Epoch: 20, 181/194: VFL loss: 0.1624, total loss: 0.0981, anchor loss: 0.0337, VFL train accuracy: 0.9416
2026-04-20 22:41:17,080 - Epoch: 20, 191/194: VFL loss: 0.1625, total loss: 0.0981, anchor loss: 0.0337, VFL train accuracy: 0.9412
2026-04-20 22:41:17,134 - => Recorded Stage 2 client anchor losses for epoch 20 to 'results/AVGuard/stage3_gamma_sensitivity_3clients_noema_bounded_q/IEEE_CIS_FRAUD_3clients_noema_bounded_q_gamma_1.0\stage2_final_epoch_client_anchor_losses.json': {0: 0.030022, 1: 0.036706, 2: 0.034501}
2026-04-20 22:41:17,135 - => Stage 2 EMA anchor update skipped at epoch 20 because momentum=1.0000 disables EMA; eligible classes per client {0: 2, 1: 2, 2: 2}
2026-04-20 22:41:17,135 - => Stage 2 Epoch 20 Training Summary: VFL loss: 0.1627, total loss: 0.0982, anchor loss: 0.0337, VFL train accuracy: 0.9412
2026-04-20 22:41:17,136 - => Test ASR...
2026-04-20 22:41:17,141 - =>Add Trigger to Test Data
2026-04-20 22:41:17,502 - Add Trigger to 8265 Bad Samples, 4133 Clean Samples (1.00)
2026-04-20 22:41:19,864 - => Test Epoch: 20, main task samples: 12398, attack samples: 12398, test loss: 0.4056, clean acc: 0.8227, Top-2: 1.0000, ASR: 0.1245, RAC: 0.7628, test target accuracy: 0.7111, stage3 final accuracy: 0.8227, stage3 final target accuracy: 0.5374, stage3 final asr: 0.1245, anchor loss: 0.0406
2026-04-20 22:41:19,865 - => Stage 3 Detection Summary: recall: 0.8748, precision: 0.8342, f1: 0.8540, false positive rate: 0.1121, correction rate: 0.8747
2026-04-20 22:41:19,865 - => Stage 3 Debug (clean): suspicious=1390/12398, correction_applied=1390, prediction_changed=1390, skipped_tied_vote=0, skipped_low_margin=0, skipped_other=0
2026-04-20 22:41:19,865 - => Stage 3 Debug (poison-valid): suspicious=7089/8265, correction_applied=7088, prediction_changed=7088, skipped_tied_vote=0, skipped_low_margin=0, skipped_other=1
2026-04-20 22:41:19,865 - => Stage 3 Debug (attack-success): suspicious=7073/8085, correction_applied=7072, prediction_changed=7072, corrected_to_true=7072
2026-04-20 22:41:19,866 - => Stage 2 checkpoint score: mean(clean_acc=0.8227, recall=0.8748, correction_rate=0.8747) = 0.8574
2026-04-20 22:41:19,893 - => End Epoch: 20, early stop epochs: 9, best epoch: 11, best clean acc: 0.8271, best Top-2: 1.0000, best ASR: 0.0981, best RAC: 0.7882, anchor loss: 0.0401, best checkpoint score: 0.8766
2026-04-20 22:41:19,893 - => Stage 3 Detection Summary: recall: 0.9013, precision: 0.8751, f1: 0.8880, false positive rate: 0.0840, correction rate: 0.9013
2026-04-20 22:41:19,913 - => LFBA current anchor-derived target label: 1
2026-04-20 22:41:19,923 - =>Add Trigger to Train Data
2026-04-20 22:41:20,003 - Add Trigger to 4959 Bad Samples, 44632 Clean Samples (0.10)
2026-04-20 22:41:20,005 - => Start Training for Injecting Backdoor...
2026-04-20 22:41:20,034 - Epoch: 21, 1/194: VFL loss: 0.1743, total loss: 0.1056, anchor loss: 0.0369, VFL train accuracy: 0.9336
2026-04-20 22:41:20,204 - Epoch: 21, 11/194: VFL loss: 0.1556, total loss: 0.0942, anchor loss: 0.0328, VFL train accuracy: 0.9442
2026-04-20 22:41:20,361 - Epoch: 21, 21/194: VFL loss: 0.1477, total loss: 0.0902, anchor loss: 0.0328, VFL train accuracy: 0.9487
2026-04-20 22:41:20,530 - Epoch: 21, 31/194: VFL loss: 0.1470, total loss: 0.0897, anchor loss: 0.0324, VFL train accuracy: 0.9495
2026-04-20 22:41:20,714 - Epoch: 21, 41/194: VFL loss: 0.1491, total loss: 0.0908, anchor loss: 0.0324, VFL train accuracy: 0.9489
2026-04-20 22:41:20,900 - Epoch: 21, 51/194: VFL loss: 0.1514, total loss: 0.0920, anchor loss: 0.0326, VFL train accuracy: 0.9481
2026-04-20 22:41:21,068 - Epoch: 21, 61/194: VFL loss: 0.1508, total loss: 0.0916, anchor loss: 0.0324, VFL train accuracy: 0.9484
2026-04-20 22:41:21,236 - Epoch: 21, 71/194: VFL loss: 0.1471, total loss: 0.0897, anchor loss: 0.0322, VFL train accuracy: 0.9498
2026-04-20 22:41:21,397 - Epoch: 21, 81/194: VFL loss: 0.1467, total loss: 0.0894, anchor loss: 0.0321, VFL train accuracy: 0.9501
2026-04-20 22:41:21,579 - Epoch: 21, 91/194: VFL loss: 0.1468, total loss: 0.0894, anchor loss: 0.0320, VFL train accuracy: 0.9499
2026-04-20 22:41:21,751 - Epoch: 21, 101/194: VFL loss: 0.1461, total loss: 0.0890, anchor loss: 0.0319, VFL train accuracy: 0.9502
2026-04-20 22:41:21,937 - Epoch: 21, 111/194: VFL loss: 0.1468, total loss: 0.0894, anchor loss: 0.0320, VFL train accuracy: 0.9501
2026-04-20 22:41:22,119 - Epoch: 21, 121/194: VFL loss: 0.1471, total loss: 0.0896, anchor loss: 0.0322, VFL train accuracy: 0.9503
2026-04-20 22:41:22,318 - Epoch: 21, 131/194: VFL loss: 0.1482, total loss: 0.0902, anchor loss: 0.0322, VFL train accuracy: 0.9501
2026-04-20 22:41:22,500 - Epoch: 21, 141/194: VFL loss: 0.1482, total loss: 0.0902, anchor loss: 0.0322, VFL train accuracy: 0.9500
2026-04-20 22:41:22,685 - Epoch: 21, 151/194: VFL loss: 0.1482, total loss: 0.0903, anchor loss: 0.0323, VFL train accuracy: 0.9497
2026-04-20 22:41:22,852 - Epoch: 21, 161/194: VFL loss: 0.1474, total loss: 0.0898, anchor loss: 0.0323, VFL train accuracy: 0.9500
2026-04-20 22:41:23,156 - Epoch: 21, 171/194: VFL loss: 0.1476, total loss: 0.0900, anchor loss: 0.0323, VFL train accuracy: 0.9501
2026-04-20 22:41:23,341 - Epoch: 21, 181/194: VFL loss: 0.1474, total loss: 0.0898, anchor loss: 0.0322, VFL train accuracy: 0.9502
2026-04-20 22:41:23,535 - Epoch: 21, 191/194: VFL loss: 0.1482, total loss: 0.0902, anchor loss: 0.0323, VFL train accuracy: 0.9499
2026-04-20 22:41:23,604 - => Recorded Stage 2 client anchor losses for epoch 21 to 'results/AVGuard/stage3_gamma_sensitivity_3clients_noema_bounded_q/IEEE_CIS_FRAUD_3clients_noema_bounded_q_gamma_1.0\stage2_final_epoch_client_anchor_losses.json': {0: 0.027338, 1: 0.036024, 2: 0.033364}
2026-04-20 22:41:23,605 - => Stage 2 EMA anchor update skipped at epoch 21 because momentum=1.0000 disables EMA; eligible classes per client {0: 2, 1: 2, 2: 2}
2026-04-20 22:41:23,605 - => Stage 2 Epoch 21 Training Summary: VFL loss: 0.1478, total loss: 0.0900, anchor loss: 0.0322, VFL train accuracy: 0.9500
2026-04-20 22:41:23,606 - => Test ASR...
2026-04-20 22:41:23,612 - =>Add Trigger to Test Data
2026-04-20 22:41:23,987 - Add Trigger to 8265 Bad Samples, 4133 Clean Samples (1.00)
2026-04-20 22:41:25,882 - => Test Epoch: 21, main task samples: 12398, attack samples: 12398, test loss: 0.3919, clean acc: 0.8317, Top-2: 1.0000, ASR: 0.1145, RAC: 0.7865, test target accuracy: 0.7433, stage3 final accuracy: 0.8317, stage3 final target accuracy: 0.5884, stage3 final asr: 0.1145, anchor loss: 0.0389
2026-04-20 22:41:25,883 - => Stage 3 Detection Summary: recall: 0.8851, precision: 0.8431, f1: 0.8636, false positive rate: 0.1082, correction rate: 0.8851
2026-04-20 22:41:25,883 - => Stage 3 Debug (clean): suspicious=1341/12398, correction_applied=1340, prediction_changed=1340, skipped_tied_vote=0, skipped_low_margin=0, skipped_other=1
2026-04-20 22:41:25,883 - => Stage 3 Debug (poison-valid): suspicious=7246/8265, correction_applied=7246, prediction_changed=7246, skipped_tied_vote=0, skipped_low_margin=0, skipped_other=0
2026-04-20 22:41:25,883 - => Stage 3 Debug (attack-success): suspicious=7240/8180, correction_applied=7240, prediction_changed=7240, corrected_to_true=7240
2026-04-20 22:41:25,883 - => Stage 2 checkpoint score: mean(clean_acc=0.8317, recall=0.8851, correction_rate=0.8851) = 0.8673
2026-04-20 22:41:25,912 - => End Epoch: 21, early stop epochs: 10, best epoch: 11, best clean acc: 0.8271, best Top-2: 1.0000, best ASR: 0.0981, best RAC: 0.7882, anchor loss: 0.0401, best checkpoint score: 0.8766
2026-04-20 22:41:25,912 - => Stage 3 Detection Summary: recall: 0.9013, precision: 0.8751, f1: 0.8880, false positive rate: 0.0840, correction rate: 0.9013
2026-04-20 22:41:25,927 - => LFBA current anchor-derived target label: 1
2026-04-20 22:41:25,936 - =>Add Trigger to Train Data
2026-04-20 22:41:26,026 - Add Trigger to 4959 Bad Samples, 44632 Clean Samples (0.10)
2026-04-20 22:41:26,028 - => Start Training for Injecting Backdoor...
2026-04-20 22:41:26,050 - Epoch: 22, 1/194: VFL loss: 0.1593, total loss: 0.0965, anchor loss: 0.0337, VFL train accuracy: 0.9453
2026-04-20 22:41:26,225 - Epoch: 22, 11/194: VFL loss: 0.1344, total loss: 0.0833, anchor loss: 0.0322, VFL train accuracy: 0.9528
2026-04-20 22:41:26,391 - Epoch: 22, 21/194: VFL loss: 0.1303, total loss: 0.0812, anchor loss: 0.0321, VFL train accuracy: 0.9544
2026-04-20 22:41:26,560 - Epoch: 22, 31/194: VFL loss: 0.1298, total loss: 0.0808, anchor loss: 0.0319, VFL train accuracy: 0.9546
2026-04-20 22:41:26,745 - Epoch: 22, 41/194: VFL loss: 0.1282, total loss: 0.0799, anchor loss: 0.0315, VFL train accuracy: 0.9558
2026-04-20 22:41:26,912 - Epoch: 22, 51/194: VFL loss: 0.1261, total loss: 0.0788, anchor loss: 0.0316, VFL train accuracy: 0.9567
2026-04-20 22:41:27,095 - Epoch: 22, 61/194: VFL loss: 0.1237, total loss: 0.0776, anchor loss: 0.0315, VFL train accuracy: 0.9574
2026-04-20 22:41:27,270 - Epoch: 22, 71/194: VFL loss: 0.1236, total loss: 0.0775, anchor loss: 0.0314, VFL train accuracy: 0.9572
2026-04-20 22:41:27,451 - Epoch: 22, 81/194: VFL loss: 0.1248, total loss: 0.0781, anchor loss: 0.0315, VFL train accuracy: 0.9563
2026-04-20 22:41:27,632 - Epoch: 22, 91/194: VFL loss: 0.1269, total loss: 0.0793, anchor loss: 0.0317, VFL train accuracy: 0.9559
2026-04-20 22:41:27,798 - Epoch: 22, 101/194: VFL loss: 0.1264, total loss: 0.0790, anchor loss: 0.0316, VFL train accuracy: 0.9563
2026-04-20 22:41:27,968 - Epoch: 22, 111/194: VFL loss: 0.1255, total loss: 0.0785, anchor loss: 0.0315, VFL train accuracy: 0.9567
2026-04-20 22:41:28,133 - Epoch: 22, 121/194: VFL loss: 0.1261, total loss: 0.0788, anchor loss: 0.0316, VFL train accuracy: 0.9565
2026-04-20 22:41:28,317 - Epoch: 22, 131/194: VFL loss: 0.1255, total loss: 0.0785, anchor loss: 0.0315, VFL train accuracy: 0.9567
2026-04-20 22:41:28,520 - Epoch: 22, 141/194: VFL loss: 0.1245, total loss: 0.0780, anchor loss: 0.0314, VFL train accuracy: 0.9572
2026-04-20 22:41:28,710 - Epoch: 22, 151/194: VFL loss: 0.1250, total loss: 0.0782, anchor loss: 0.0315, VFL train accuracy: 0.9571
2026-04-20 22:41:28,908 - Epoch: 22, 161/194: VFL loss: 0.1248, total loss: 0.0781, anchor loss: 0.0315, VFL train accuracy: 0.9570
2026-04-20 22:41:29,072 - Epoch: 22, 171/194: VFL loss: 0.1246, total loss: 0.0781, anchor loss: 0.0315, VFL train accuracy: 0.9569
2026-04-20 22:41:29,239 - Epoch: 22, 181/194: VFL loss: 0.1245, total loss: 0.0780, anchor loss: 0.0316, VFL train accuracy: 0.9571
2026-04-20 22:41:29,408 - Epoch: 22, 191/194: VFL loss: 0.1246, total loss: 0.0781, anchor loss: 0.0316, VFL train accuracy: 0.9569
2026-04-20 22:41:29,471 - => Recorded Stage 2 client anchor losses for epoch 22 to 'results/AVGuard/stage3_gamma_sensitivity_3clients_noema_bounded_q/IEEE_CIS_FRAUD_3clients_noema_bounded_q_gamma_1.0\stage2_final_epoch_client_anchor_losses.json': {0: 0.026215, 1: 0.035835, 2: 0.032705}
2026-04-20 22:41:29,475 - => Stage 2 EMA anchor update skipped at epoch 22 because momentum=1.0000 disables EMA; eligible classes per client {0: 2, 1: 2, 2: 2}
2026-04-20 22:41:29,475 - => Stage 2 Epoch 22 Training Summary: VFL loss: 0.1246, total loss: 0.0781, anchor loss: 0.0316, VFL train accuracy: 0.9569
2026-04-20 22:41:29,475 - => Test ASR...
2026-04-20 22:41:29,480 - =>Add Trigger to Test Data
2026-04-20 22:41:29,828 - Add Trigger to 8265 Bad Samples, 4133 Clean Samples (1.00)
2026-04-20 22:41:31,631 - => Test Epoch: 22, main task samples: 12398, attack samples: 12398, test loss: 0.4192, clean acc: 0.8319, Top-2: 1.0000, ASR: 0.1093, RAC: 0.7867, test target accuracy: 0.7360, stage3 final accuracy: 0.8319, stage3 final target accuracy: 0.5788, stage3 final asr: 0.1093, anchor loss: 0.0390
2026-04-20 22:41:31,631 - => Stage 3 Detection Summary: recall: 0.8906, precision: 0.8463, f1: 0.8679, false positive rate: 0.1063, correction rate: 0.8906
2026-04-20 22:41:31,631 - => Stage 3 Debug (clean): suspicious=1318/12398, correction_applied=1317, prediction_changed=1317, skipped_tied_vote=0, skipped_low_margin=0, skipped_other=1
2026-04-20 22:41:31,631 - => Stage 3 Debug (poison-valid): suspicious=7300/8265, correction_applied=7300, prediction_changed=7300, skipped_tied_vote=0, skipped_low_margin=0, skipped_other=0
2026-04-20 22:41:31,631 - => Stage 3 Debug (attack-success): suspicious=7293/8189, correction_applied=7293, prediction_changed=7293, corrected_to_true=7293
2026-04-20 22:41:31,632 - => Stage 2 checkpoint score: mean(clean_acc=0.8319, recall=0.8906, correction_rate=0.8906) = 0.8710
2026-04-20 22:41:31,657 - => End Epoch: 22, early stop epochs: 11, best epoch: 11, best clean acc: 0.8271, best Top-2: 1.0000, best ASR: 0.0981, best RAC: 0.7882, anchor loss: 0.0401, best checkpoint score: 0.8766
2026-04-20 22:41:31,657 - => Stage 3 Detection Summary: recall: 0.9013, precision: 0.8751, f1: 0.8880, false positive rate: 0.0840, correction rate: 0.9013
2026-04-20 22:41:31,673 - => LFBA current anchor-derived target label: 1
2026-04-20 22:41:31,681 - =>Add Trigger to Train Data
2026-04-20 22:41:31,764 - Add Trigger to 4959 Bad Samples, 44632 Clean Samples (0.10)
2026-04-20 22:41:31,766 - => Start Training for Injecting Backdoor...
2026-04-20 22:41:31,792 - Epoch: 23, 1/194: VFL loss: 0.1088, total loss: 0.0697, anchor loss: 0.0305, VFL train accuracy: 0.9688
2026-04-20 22:41:31,999 - Epoch: 23, 11/194: VFL loss: 0.1279, total loss: 0.0799, anchor loss: 0.0320, VFL train accuracy: 0.9588
2026-04-20 22:41:32,194 - Epoch: 23, 21/194: VFL loss: 0.1224, total loss: 0.0768, anchor loss: 0.0313, VFL train accuracy: 0.9608
2026-04-20 22:41:32,400 - Epoch: 23, 31/194: VFL loss: 0.1261, total loss: 0.0786, anchor loss: 0.0310, VFL train accuracy: 0.9588
2026-04-20 22:41:32,582 - Epoch: 23, 41/194: VFL loss: 0.1247, total loss: 0.0779, anchor loss: 0.0312, VFL train accuracy: 0.9593
2026-04-20 22:41:32,762 - Epoch: 23, 51/194: VFL loss: 0.1303, total loss: 0.0809, anchor loss: 0.0315, VFL train accuracy: 0.9566
2026-04-20 22:41:32,930 - Epoch: 23, 61/194: VFL loss: 0.1312, total loss: 0.0813, anchor loss: 0.0315, VFL train accuracy: 0.9563
2026-04-20 22:41:33,098 - Epoch: 23, 71/194: VFL loss: 0.1326, total loss: 0.0821, anchor loss: 0.0316, VFL train accuracy: 0.9557
2026-04-20 22:41:33,265 - Epoch: 23, 81/194: VFL loss: 0.1320, total loss: 0.0818, anchor loss: 0.0315, VFL train accuracy: 0.9560
2026-04-20 22:41:33,434 - Epoch: 23, 91/194: VFL loss: 0.1318, total loss: 0.0816, anchor loss: 0.0315, VFL train accuracy: 0.9561
2026-04-20 22:41:33,602 - Epoch: 23, 101/194: VFL loss: 0.1332, total loss: 0.0824, anchor loss: 0.0317, VFL train accuracy: 0.9554
2026-04-20 22:41:33,770 - Epoch: 23, 111/194: VFL loss: 0.1328, total loss: 0.0822, anchor loss: 0.0316, VFL train accuracy: 0.9556
2026-04-20 22:41:33,935 - Epoch: 23, 121/194: VFL loss: 0.1323, total loss: 0.0819, anchor loss: 0.0315, VFL train accuracy: 0.9558
2026-04-20 22:41:34,119 - Epoch: 23, 131/194: VFL loss: 0.1318, total loss: 0.0816, anchor loss: 0.0315, VFL train accuracy: 0.9557
2026-04-20 22:41:34,286 - Epoch: 23, 141/194: VFL loss: 0.1330, total loss: 0.0822, anchor loss: 0.0314, VFL train accuracy: 0.9554
2026-04-20 22:41:34,479 - Epoch: 23, 151/194: VFL loss: 0.1341, total loss: 0.0828, anchor loss: 0.0315, VFL train accuracy: 0.9551
2026-04-20 22:41:34,649 - Epoch: 23, 161/194: VFL loss: 0.1336, total loss: 0.0826, anchor loss: 0.0315, VFL train accuracy: 0.9553
2026-04-20 22:41:34,814 - Epoch: 23, 171/194: VFL loss: 0.1326, total loss: 0.0820, anchor loss: 0.0315, VFL train accuracy: 0.9557
2026-04-20 22:41:34,962 - Epoch: 23, 181/194: VFL loss: 0.1323, total loss: 0.0819, anchor loss: 0.0314, VFL train accuracy: 0.9560
2026-04-20 22:41:35,109 - Epoch: 23, 191/194: VFL loss: 0.1321, total loss: 0.0817, anchor loss: 0.0314, VFL train accuracy: 0.9561
2026-04-20 22:41:35,161 - => Recorded Stage 2 client anchor losses for epoch 23 to 'results/AVGuard/stage3_gamma_sensitivity_3clients_noema_bounded_q/IEEE_CIS_FRAUD_3clients_noema_bounded_q_gamma_1.0\stage2_final_epoch_client_anchor_losses.json': {0: 0.02603, 1: 0.035763, 2: 0.032564}
2026-04-20 22:41:35,161 - => Stage 2 EMA anchor update skipped at epoch 23 because momentum=1.0000 disables EMA; eligible classes per client {0: 2, 1: 2, 2: 2}
2026-04-20 22:41:35,161 - => Stage 2 Epoch 23 Training Summary: VFL loss: 0.1324, total loss: 0.0820, anchor loss: 0.0315, VFL train accuracy: 0.9560
2026-04-20 22:41:35,161 - => Test ASR...
2026-04-20 22:41:35,169 - =>Add Trigger to Test Data
2026-04-20 22:41:35,530 - Add Trigger to 8265 Bad Samples, 4133 Clean Samples (1.00)
2026-04-20 22:41:37,039 - => Test Epoch: 23, main task samples: 12398, attack samples: 12398, test loss: 0.4249, clean acc: 0.8350, Top-2: 1.0000, ASR: 0.1060, RAC: 0.7962, test target accuracy: 0.7481, stage3 final accuracy: 0.8350, stage3 final target accuracy: 0.6005, stage3 final asr: 0.1060, anchor loss: 0.0388
2026-04-20 22:41:37,040 - => Stage 3 Detection Summary: recall: 0.8939, precision: 0.8442, f1: 0.8683, false positive rate: 0.1087, correction rate: 0.8938
2026-04-20 22:41:37,040 - => Stage 3 Debug (clean): suspicious=1348/12398, correction_applied=1344, prediction_changed=1344, skipped_tied_vote=0, skipped_low_margin=0, skipped_other=4
2026-04-20 22:41:37,040 - => Stage 3 Debug (poison-valid): suspicious=7334/8265, correction_applied=7333, prediction_changed=7333, skipped_tied_vote=0, skipped_low_margin=0, skipped_other=1
2026-04-20 22:41:37,040 - => Stage 3 Debug (attack-success): suspicious=7329/8199, correction_applied=7328, prediction_changed=7328, corrected_to_true=7328
2026-04-20 22:41:37,040 - => Stage 2 checkpoint score: mean(clean_acc=0.8350, recall=0.8939, correction_rate=0.8938) = 0.8742
2026-04-20 22:41:37,068 - => End Epoch: 23, early stop epochs: 12, best epoch: 11, best clean acc: 0.8271, best Top-2: 1.0000, best ASR: 0.0981, best RAC: 0.7882, anchor loss: 0.0401, best checkpoint score: 0.8766
2026-04-20 22:41:37,069 - => Stage 3 Detection Summary: recall: 0.9013, precision: 0.8751, f1: 0.8880, false positive rate: 0.0840, correction rate: 0.9013
2026-04-20 22:41:37,084 - => LFBA current anchor-derived target label: 1
2026-04-20 22:41:37,092 - =>Add Trigger to Train Data
2026-04-20 22:41:37,174 - Add Trigger to 4959 Bad Samples, 44632 Clean Samples (0.10)
2026-04-20 22:41:37,175 - => Start Training for Injecting Backdoor...
2026-04-20 22:41:37,194 - Epoch: 24, 1/194: VFL loss: 0.1373, total loss: 0.0845, anchor loss: 0.0317, VFL train accuracy: 0.9492
2026-04-20 22:41:37,368 - Epoch: 24, 11/194: VFL loss: 0.1109, total loss: 0.0707, anchor loss: 0.0305, VFL train accuracy: 0.9648
2026-04-20 22:41:37,560 - Epoch: 24, 21/194: VFL loss: 0.1130, total loss: 0.0721, anchor loss: 0.0312, VFL train accuracy: 0.9637
2026-04-20 22:41:37,754 - Epoch: 24, 31/194: VFL loss: 0.1165, total loss: 0.0738, anchor loss: 0.0311, VFL train accuracy: 0.9616
2026-04-20 22:41:37,921 - Epoch: 24, 41/194: VFL loss: 0.1167, total loss: 0.0739, anchor loss: 0.0311, VFL train accuracy: 0.9606
2026-04-20 22:41:38,105 - Epoch: 24, 51/194: VFL loss: 0.1180, total loss: 0.0745, anchor loss: 0.0310, VFL train accuracy: 0.9598
2026-04-20 22:41:38,274 - Epoch: 24, 61/194: VFL loss: 0.1169, total loss: 0.0740, anchor loss: 0.0311, VFL train accuracy: 0.9599
2026-04-20 22:41:38,435 - Epoch: 24, 71/194: VFL loss: 0.1173, total loss: 0.0743, anchor loss: 0.0313, VFL train accuracy: 0.9594
2026-04-20 22:41:38,606 - Epoch: 24, 81/194: VFL loss: 0.1173, total loss: 0.0743, anchor loss: 0.0313, VFL train accuracy: 0.9594
2026-04-20 22:41:38,773 - Epoch: 24, 91/194: VFL loss: 0.1182, total loss: 0.0748, anchor loss: 0.0314, VFL train accuracy: 0.9590
2026-04-20 22:41:38,942 - Epoch: 24, 101/194: VFL loss: 0.1179, total loss: 0.0746, anchor loss: 0.0314, VFL train accuracy: 0.9592
2026-04-20 22:41:39,103 - Epoch: 24, 111/194: VFL loss: 0.1191, total loss: 0.0753, anchor loss: 0.0314, VFL train accuracy: 0.9588
2026-04-20 22:41:39,296 - Epoch: 24, 121/194: VFL loss: 0.1181, total loss: 0.0748, anchor loss: 0.0314, VFL train accuracy: 0.9594
2026-04-20 22:41:39,470 - Epoch: 24, 131/194: VFL loss: 0.1181, total loss: 0.0748, anchor loss: 0.0314, VFL train accuracy: 0.9594
2026-04-20 22:41:39,644 - Epoch: 24, 141/194: VFL loss: 0.1191, total loss: 0.0752, anchor loss: 0.0314, VFL train accuracy: 0.9591
2026-04-20 22:41:39,813 - Epoch: 24, 151/194: VFL loss: 0.1184, total loss: 0.0749, anchor loss: 0.0313, VFL train accuracy: 0.9594
2026-04-20 22:41:39,979 - Epoch: 24, 161/194: VFL loss: 0.1185, total loss: 0.0749, anchor loss: 0.0314, VFL train accuracy: 0.9593
2026-04-20 22:41:40,142 - Epoch: 24, 171/194: VFL loss: 0.1185, total loss: 0.0749, anchor loss: 0.0313, VFL train accuracy: 0.9594
2026-04-20 22:41:40,308 - Epoch: 24, 181/194: VFL loss: 0.1184, total loss: 0.0749, anchor loss: 0.0314, VFL train accuracy: 0.9594
2026-04-20 22:41:40,473 - Epoch: 24, 191/194: VFL loss: 0.1183, total loss: 0.0748, anchor loss: 0.0313, VFL train accuracy: 0.9595
2026-04-20 22:41:40,529 - => Recorded Stage 2 client anchor losses for epoch 24 to 'results/AVGuard/stage3_gamma_sensitivity_3clients_noema_bounded_q/IEEE_CIS_FRAUD_3clients_noema_bounded_q_gamma_1.0\stage2_final_epoch_client_anchor_losses.json': {0: 0.025934, 1: 0.035729, 2: 0.032522}
2026-04-20 22:41:40,530 - => Stage 2 EMA anchor update skipped at epoch 24 because momentum=1.0000 disables EMA; eligible classes per client {0: 2, 1: 2, 2: 2}
2026-04-20 22:41:40,530 - => Stage 2 Epoch 24 Training Summary: VFL loss: 0.1188, total loss: 0.0751, anchor loss: 0.0314, VFL train accuracy: 0.9593
2026-04-20 22:41:40,530 - => Test ASR...
2026-04-20 22:41:40,536 - =>Add Trigger to Test Data
2026-04-20 22:41:40,893 - Add Trigger to 8265 Bad Samples, 4133 Clean Samples (1.00)
2026-04-20 22:41:43,746 - => Test Epoch: 24, main task samples: 12398, attack samples: 12398, test loss: 0.4458, clean acc: 0.8339, Top-2: 1.0000, ASR: 0.1114, RAC: 0.7917, test target accuracy: 0.7597, stage3 final accuracy: 0.8339, stage3 final target accuracy: 0.5979, stage3 final asr: 0.1114, anchor loss: 0.0387
2026-04-20 22:41:43,746 - => Stage 3 Detection Summary: recall: 0.8883, precision: 0.8414, f1: 0.8642, false positive rate: 0.1105, correction rate: 0.8883
2026-04-20 22:41:43,747 - => Stage 3 Debug (clean): suspicious=1370/12398, correction_applied=1368, prediction_changed=1368, skipped_tied_vote=0, skipped_low_margin=0, skipped_other=2
2026-04-20 22:41:43,747 - => Stage 3 Debug (poison-valid): suspicious=7296/8265, correction_applied=7296, prediction_changed=7296, skipped_tied_vote=0, skipped_low_margin=0, skipped_other=0
2026-04-20 22:41:43,747 - => Stage 3 Debug (attack-success): suspicious=7292/8209, correction_applied=7292, prediction_changed=7292, corrected_to_true=7292
2026-04-20 22:41:43,747 - => Stage 2 checkpoint score: mean(clean_acc=0.8339, recall=0.8883, correction_rate=0.8883) = 0.8702
2026-04-20 22:41:43,778 - => End Epoch: 24, early stop epochs: 13, best epoch: 11, best clean acc: 0.8271, best Top-2: 1.0000, best ASR: 0.0981, best RAC: 0.7882, anchor loss: 0.0401, best checkpoint score: 0.8766
2026-04-20 22:41:43,778 - => Stage 3 Detection Summary: recall: 0.9013, precision: 0.8751, f1: 0.8880, false positive rate: 0.0840, correction rate: 0.9013
2026-04-20 22:41:43,798 - => LFBA current anchor-derived target label: 1
2026-04-20 22:41:43,812 - =>Add Trigger to Train Data
2026-04-20 22:41:43,914 - Add Trigger to 4959 Bad Samples, 44632 Clean Samples (0.10)
2026-04-20 22:41:43,925 - => Start Training for Injecting Backdoor...
2026-04-20 22:41:43,959 - Epoch: 25, 1/194: VFL loss: 0.0819, total loss: 0.0547, anchor loss: 0.0274, VFL train accuracy: 0.9805
2026-04-20 22:41:44,219 - Epoch: 25, 11/194: VFL loss: 0.1194, total loss: 0.0752, anchor loss: 0.0309, VFL train accuracy: 0.9599
2026-04-20 22:41:44,450 - Epoch: 25, 21/194: VFL loss: 0.1226, total loss: 0.0771, anchor loss: 0.0315, VFL train accuracy: 0.9598
2026-04-20 22:41:44,688 - Epoch: 25, 31/194: VFL loss: 0.1223, total loss: 0.0768, anchor loss: 0.0314, VFL train accuracy: 0.9590
2026-04-20 22:41:44,899 - Epoch: 25, 41/194: VFL loss: 0.1244, total loss: 0.0779, anchor loss: 0.0315, VFL train accuracy: 0.9593
2026-04-20 22:41:45,131 - Epoch: 25, 51/194: VFL loss: 0.1235, total loss: 0.0774, anchor loss: 0.0312, VFL train accuracy: 0.9593
2026-04-20 22:41:45,432 - Epoch: 25, 61/194: VFL loss: 0.1240, total loss: 0.0777, anchor loss: 0.0313, VFL train accuracy: 0.9591
2026-04-20 22:41:45,697 - Epoch: 25, 71/194: VFL loss: 0.1250, total loss: 0.0781, anchor loss: 0.0313, VFL train accuracy: 0.9584
2026-04-20 22:41:45,953 - Epoch: 25, 81/194: VFL loss: 0.1255, total loss: 0.0784, anchor loss: 0.0312, VFL train accuracy: 0.9584
2026-04-20 22:41:46,201 - Epoch: 25, 91/194: VFL loss: 0.1254, total loss: 0.0783, anchor loss: 0.0311, VFL train accuracy: 0.9585
2026-04-20 22:41:46,490 - Epoch: 25, 101/194: VFL loss: 0.1252, total loss: 0.0782, anchor loss: 0.0312, VFL train accuracy: 0.9581
2026-04-20 22:41:46,778 - Epoch: 25, 111/194: VFL loss: 0.1261, total loss: 0.0786, anchor loss: 0.0312, VFL train accuracy: 0.9581
2026-04-20 22:41:47,042 - Epoch: 25, 121/194: VFL loss: 0.1265, total loss: 0.0789, anchor loss: 0.0312, VFL train accuracy: 0.9581
2026-04-20 22:41:47,310 - Epoch: 25, 131/194: VFL loss: 0.1266, total loss: 0.0789, anchor loss: 0.0312, VFL train accuracy: 0.9578
2026-04-20 22:41:47,568 - Epoch: 25, 141/194: VFL loss: 0.1276, total loss: 0.0794, anchor loss: 0.0313, VFL train accuracy: 0.9573
2026-04-20 22:41:47,772 - Epoch: 25, 151/194: VFL loss: 0.1271, total loss: 0.0792, anchor loss: 0.0312, VFL train accuracy: 0.9576
2026-04-20 22:41:48,024 - Epoch: 25, 161/194: VFL loss: 0.1273, total loss: 0.0793, anchor loss: 0.0312, VFL train accuracy: 0.9575
2026-04-20 22:41:48,247 - Epoch: 25, 171/194: VFL loss: 0.1276, total loss: 0.0794, anchor loss: 0.0313, VFL train accuracy: 0.9573
2026-04-20 22:41:48,449 - Epoch: 25, 181/194: VFL loss: 0.1282, total loss: 0.0798, anchor loss: 0.0313, VFL train accuracy: 0.9570
2026-04-20 22:41:48,656 - Epoch: 25, 191/194: VFL loss: 0.1277, total loss: 0.0795, anchor loss: 0.0313, VFL train accuracy: 0.9575
2026-04-20 22:41:48,732 - => Recorded Stage 2 client anchor losses for epoch 25 to 'results/AVGuard/stage3_gamma_sensitivity_3clients_noema_bounded_q/IEEE_CIS_FRAUD_3clients_noema_bounded_q_gamma_1.0\stage2_final_epoch_client_anchor_losses.json': {0: 0.025771, 1: 0.035671, 2: 0.032489}
2026-04-20 22:41:48,739 - => Stage 2 EMA anchor update skipped at epoch 25 because momentum=1.0000 disables EMA; eligible classes per client {0: 2, 1: 2, 2: 2}
2026-04-20 22:41:48,739 - => Stage 2 Epoch 25 Training Summary: VFL loss: 0.1274, total loss: 0.0793, anchor loss: 0.0313, VFL train accuracy: 0.9576
2026-04-20 22:41:48,740 - => Test ASR...
2026-04-20 22:41:48,746 - =>Add Trigger to Test Data
2026-04-20 22:41:49,106 - Add Trigger to 8265 Bad Samples, 4133 Clean Samples (1.00)
2026-04-20 22:41:51,102 - => Test Epoch: 25, main task samples: 12398, attack samples: 12398, test loss: 0.4437, clean acc: 0.8301, Top-2: 1.0000, ASR: 0.1116, RAC: 0.7896, test target accuracy: 0.7520, stage3 final accuracy: 0.8301, stage3 final target accuracy: 0.5921, stage3 final asr: 0.1116, anchor loss: 0.0388
2026-04-20 22:41:51,102 - => Stage 3 Detection Summary: recall: 0.8882, precision: 0.8311, f1: 0.8587, false positive rate: 0.1191, correction rate: 0.8882
2026-04-20 22:41:51,102 - => Stage 3 Debug (clean): suspicious=1476/12398, correction_applied=1471, prediction_changed=1471, skipped_tied_vote=0, skipped_low_margin=0, skipped_other=5
2026-04-20 22:41:51,102 - => Stage 3 Debug (poison-valid): suspicious=7293/8265, correction_applied=7293, prediction_changed=7293, skipped_tied_vote=0, skipped_low_margin=0, skipped_other=0
2026-04-20 22:41:51,102 - => Stage 3 Debug (attack-success): suspicious=7288/8205, correction_applied=7288, prediction_changed=7288, corrected_to_true=7288
2026-04-20 22:41:51,102 - => Stage 2 checkpoint score: mean(clean_acc=0.8301, recall=0.8882, correction_rate=0.8882) = 0.8689
2026-04-20 22:41:51,128 - => End Epoch: 25, early stop epochs: 14, best epoch: 11, best clean acc: 0.8271, best Top-2: 1.0000, best ASR: 0.0981, best RAC: 0.7882, anchor loss: 0.0401, best checkpoint score: 0.8766
2026-04-20 22:41:51,128 - => Stage 3 Detection Summary: recall: 0.9013, precision: 0.8751, f1: 0.8880, false positive rate: 0.0840, correction rate: 0.9013
2026-04-20 22:41:51,153 - => LFBA current anchor-derived target label: 1
2026-04-20 22:41:51,163 - =>Add Trigger to Train Data
2026-04-20 22:41:51,256 - Add Trigger to 4959 Bad Samples, 44632 Clean Samples (0.10)
2026-04-20 22:41:51,269 - => Start Training for Injecting Backdoor...
2026-04-20 22:41:51,293 - Epoch: 26, 1/194: VFL loss: 0.1055, total loss: 0.0686, anchor loss: 0.0317, VFL train accuracy: 0.9609
2026-04-20 22:41:51,532 - Epoch: 26, 11/194: VFL loss: 0.1094, total loss: 0.0700, anchor loss: 0.0306, VFL train accuracy: 0.9627
2026-04-20 22:41:51,728 - Epoch: 26, 21/194: VFL loss: 0.1102, total loss: 0.0704, anchor loss: 0.0305, VFL train accuracy: 0.9619
2026-04-20 22:41:51,935 - Epoch: 26, 31/194: VFL loss: 0.1084, total loss: 0.0696, anchor loss: 0.0308, VFL train accuracy: 0.9624
2026-04-20 22:41:52,126 - Epoch: 26, 41/194: VFL loss: 0.1115, total loss: 0.0712, anchor loss: 0.0309, VFL train accuracy: 0.9625
2026-04-20 22:41:52,320 - Epoch: 26, 51/194: VFL loss: 0.1124, total loss: 0.0718, anchor loss: 0.0311, VFL train accuracy: 0.9621
2026-04-20 22:41:52,467 - Epoch: 26, 61/194: VFL loss: 0.1148, total loss: 0.0731, anchor loss: 0.0314, VFL train accuracy: 0.9611
2026-04-20 22:41:52,638 - Epoch: 26, 71/194: VFL loss: 0.1140, total loss: 0.0727, anchor loss: 0.0313, VFL train accuracy: 0.9618
2026-04-20 22:41:52,788 - Epoch: 26, 81/194: VFL loss: 0.1134, total loss: 0.0724, anchor loss: 0.0314, VFL train accuracy: 0.9621
2026-04-20 22:41:52,934 - Epoch: 26, 91/194: VFL loss: 0.1130, total loss: 0.0722, anchor loss: 0.0313, VFL train accuracy: 0.9620
2026-04-20 22:41:53,085 - Epoch: 26, 101/194: VFL loss: 0.1125, total loss: 0.0719, anchor loss: 0.0313, VFL train accuracy: 0.9620
2026-04-20 22:41:53,229 - Epoch: 26, 111/194: VFL loss: 0.1124, total loss: 0.0718, anchor loss: 0.0312, VFL train accuracy: 0.9620
2026-04-20 22:41:53,414 - Epoch: 26, 121/194: VFL loss: 0.1124, total loss: 0.0718, anchor loss: 0.0312, VFL train accuracy: 0.9617
2026-04-20 22:41:53,660 - Epoch: 26, 131/194: VFL loss: 0.1137, total loss: 0.0725, anchor loss: 0.0313, VFL train accuracy: 0.9610
2026-04-20 22:41:53,837 - Epoch: 26, 141/194: VFL loss: 0.1144, total loss: 0.0728, anchor loss: 0.0313, VFL train accuracy: 0.9608
2026-04-20 22:41:54,007 - Epoch: 26, 151/194: VFL loss: 0.1146, total loss: 0.0729, anchor loss: 0.0313, VFL train accuracy: 0.9608
2026-04-20 22:41:54,172 - Epoch: 26, 161/194: VFL loss: 0.1144, total loss: 0.0728, anchor loss: 0.0312, VFL train accuracy: 0.9609
2026-04-20 22:41:54,366 - Epoch: 26, 171/194: VFL loss: 0.1146, total loss: 0.0730, anchor loss: 0.0313, VFL train accuracy: 0.9607
2026-04-20 22:41:54,612 - Epoch: 26, 181/194: VFL loss: 0.1148, total loss: 0.0730, anchor loss: 0.0313, VFL train accuracy: 0.9606
2026-04-20 22:41:54,790 - Epoch: 26, 191/194: VFL loss: 0.1147, total loss: 0.0730, anchor loss: 0.0312, VFL train accuracy: 0.9608
2026-04-20 22:41:54,870 - => Recorded Stage 2 client anchor losses for epoch 26 to 'results/AVGuard/stage3_gamma_sensitivity_3clients_noema_bounded_q/IEEE_CIS_FRAUD_3clients_noema_bounded_q_gamma_1.0\stage2_final_epoch_client_anchor_losses.json': {0: 0.025587, 1: 0.035652, 2: 0.032381}
2026-04-20 22:41:54,871 - => Stage 2 EMA anchor update skipped at epoch 26 because momentum=1.0000 disables EMA; eligible classes per client {0: 2, 1: 2, 2: 2}
2026-04-20 22:41:54,872 - => Stage 2 Epoch 26 Training Summary: VFL loss: 0.1143, total loss: 0.0728, anchor loss: 0.0312, VFL train accuracy: 0.9609
2026-04-20 22:41:54,872 - => Test ASR...
2026-04-20 22:41:54,877 - =>Add Trigger to Test Data
2026-04-20 22:41:55,279 - Add Trigger to 8265 Bad Samples, 4133 Clean Samples (1.00)
2026-04-20 22:41:57,554 - => Test Epoch: 26, main task samples: 12398, attack samples: 12398, test loss: 0.4594, clean acc: 0.8315, Top-2: 1.0000, ASR: 0.1067, RAC: 0.7871, test target accuracy: 0.7438, stage3 final accuracy: 0.8315, stage3 final target accuracy: 0.5746, stage3 final asr: 0.1067, anchor loss: 0.0390
2026-04-20 22:41:57,554 - => Stage 3 Detection Summary: recall: 0.8932, precision: 0.8386, f1: 0.8650, false positive rate: 0.1133, correction rate: 0.8929
2026-04-20 22:41:57,555 - => Stage 3 Debug (clean): suspicious=1405/12398, correction_applied=1400, prediction_changed=1400, skipped_tied_vote=0, skipped_low_margin=0, skipped_other=5
2026-04-20 22:41:57,555 - => Stage 3 Debug (poison-valid): suspicious=7327/8265, correction_applied=7325, prediction_changed=7325, skipped_tied_vote=0, skipped_low_margin=0, skipped_other=2
2026-04-20 22:41:57,555 - => Stage 3 Debug (attack-success): suspicious=7323/8199, correction_applied=7321, prediction_changed=7321, corrected_to_true=7321
2026-04-20 22:41:57,555 - => Stage 2 checkpoint score: mean(clean_acc=0.8315, recall=0.8932, correction_rate=0.8929) = 0.8725
2026-04-20 22:41:57,586 - => End Epoch: 26, early stop epochs: 15, best epoch: 11, best clean acc: 0.8271, best Top-2: 1.0000, best ASR: 0.0981, best RAC: 0.7882, anchor loss: 0.0401, best checkpoint score: 0.8766
2026-04-20 22:41:57,586 - => Stage 3 Detection Summary: recall: 0.9013, precision: 0.8751, f1: 0.8880, false positive rate: 0.0840, correction rate: 0.9013
2026-04-20 22:41:57,610 - => LFBA current anchor-derived target label: 1
2026-04-20 22:41:57,619 - =>Add Trigger to Train Data
2026-04-20 22:41:57,719 - Add Trigger to 4959 Bad Samples, 44632 Clean Samples (0.10)
2026-04-20 22:41:57,735 - => Start Training for Injecting Backdoor...
2026-04-20 22:41:57,769 - Epoch: 27, 1/194: VFL loss: 0.0794, total loss: 0.0555, anchor loss: 0.0315, VFL train accuracy: 0.9688
2026-04-20 22:41:58,050 - Epoch: 27, 11/194: VFL loss: 0.1036, total loss: 0.0668, anchor loss: 0.0300, VFL train accuracy: 0.9659
2026-04-20 22:41:58,339 - Epoch: 27, 21/194: VFL loss: 0.1164, total loss: 0.0734, anchor loss: 0.0304, VFL train accuracy: 0.9611
2026-04-20 22:41:58,532 - Epoch: 27, 31/194: VFL loss: 0.1275, total loss: 0.0795, anchor loss: 0.0316, VFL train accuracy: 0.9567
2026-04-20 22:41:58,692 - Epoch: 27, 41/194: VFL loss: 0.1242, total loss: 0.0778, anchor loss: 0.0314, VFL train accuracy: 0.9587
2026-04-20 22:41:58,873 - Epoch: 27, 51/194: VFL loss: 0.1249, total loss: 0.0782, anchor loss: 0.0315, VFL train accuracy: 0.9586
2026-04-20 22:41:59,107 - Epoch: 27, 61/194: VFL loss: 0.1213, total loss: 0.0763, anchor loss: 0.0313, VFL train accuracy: 0.9600
2026-04-20 22:41:59,331 - Epoch: 27, 71/194: VFL loss: 0.1212, total loss: 0.0762, anchor loss: 0.0312, VFL train accuracy: 0.9601
2026-04-20 22:41:59,607 - Epoch: 27, 81/194: VFL loss: 0.1216, total loss: 0.0764, anchor loss: 0.0313, VFL train accuracy: 0.9600
2026-04-20 22:41:59,868 - Epoch: 27, 91/194: VFL loss: 0.1228, total loss: 0.0770, anchor loss: 0.0312, VFL train accuracy: 0.9598
2026-04-20 22:42:00,120 - Epoch: 27, 101/194: VFL loss: 0.1224, total loss: 0.0768, anchor loss: 0.0312, VFL train accuracy: 0.9600
2026-04-20 22:42:00,413 - Epoch: 27, 111/194: VFL loss: 0.1212, total loss: 0.0761, anchor loss: 0.0310, VFL train accuracy: 0.9605
2026-04-20 22:42:00,732 - Epoch: 27, 121/194: VFL loss: 0.1209, total loss: 0.0760, anchor loss: 0.0310, VFL train accuracy: 0.9604
2026-04-20 22:42:01,015 - Epoch: 27, 131/194: VFL loss: 0.1214, total loss: 0.0763, anchor loss: 0.0311, VFL train accuracy: 0.9600
2026-04-20 22:42:01,284 - Epoch: 27, 141/194: VFL loss: 0.1225, total loss: 0.0769, anchor loss: 0.0312, VFL train accuracy: 0.9594
2026-04-20 22:42:01,560 - Epoch: 27, 151/194: VFL loss: 0.1219, total loss: 0.0765, anchor loss: 0.0312, VFL train accuracy: 0.9596
2026-04-20 22:42:01,827 - Epoch: 27, 161/194: VFL loss: 0.1219, total loss: 0.0765, anchor loss: 0.0312, VFL train accuracy: 0.9596
2026-04-20 22:42:02,113 - Epoch: 27, 171/194: VFL loss: 0.1230, total loss: 0.0771, anchor loss: 0.0312, VFL train accuracy: 0.9593
2026-04-20 22:42:02,392 - Epoch: 27, 181/194: VFL loss: 0.1233, total loss: 0.0772, anchor loss: 0.0311, VFL train accuracy: 0.9591
2026-04-20 22:42:02,657 - Epoch: 27, 191/194: VFL loss: 0.1235, total loss: 0.0773, anchor loss: 0.0311, VFL train accuracy: 0.9590
2026-04-20 22:42:02,740 - => Recorded Stage 2 client anchor losses for epoch 27 to 'results/AVGuard/stage3_gamma_sensitivity_3clients_noema_bounded_q/IEEE_CIS_FRAUD_3clients_noema_bounded_q_gamma_1.0\stage2_final_epoch_client_anchor_losses.json': {0: 0.025588, 1: 0.03562, 2: 0.03225}
2026-04-20 22:42:02,745 - => Stage 2 EMA anchor update skipped at epoch 27 because momentum=1.0000 disables EMA; eligible classes per client {0: 2, 1: 2, 2: 2}
2026-04-20 22:42:02,745 - => Stage 2 Epoch 27 Training Summary: VFL loss: 0.1232, total loss: 0.0772, anchor loss: 0.0312, VFL train accuracy: 0.9591
2026-04-20 22:42:02,746 - => Test ASR...
2026-04-20 22:42:02,752 - =>Add Trigger to Test Data
2026-04-20 22:42:03,117 - Add Trigger to 8265 Bad Samples, 4133 Clean Samples (1.00)
2026-04-20 22:42:09,131 - => Test Epoch: 27, main task samples: 12398, attack samples: 12398, test loss: 0.4494, clean acc: 0.8322, Top-2: 1.0000, ASR: 0.1071, RAC: 0.7967, test target accuracy: 0.7583, stage3 final accuracy: 0.8322, stage3 final target accuracy: 0.6044, stage3 final asr: 0.1071, anchor loss: 0.0388
2026-04-20 22:42:09,132 - => Stage 3 Detection Summary: recall: 0.8928, precision: 0.8284, f1: 0.8594, false positive rate: 0.1220, correction rate: 0.8928
2026-04-20 22:42:09,132 - => Stage 3 Debug (clean): suspicious=1513/12398, correction_applied=1501, prediction_changed=1501, skipped_tied_vote=0, skipped_low_margin=0, skipped_other=12
2026-04-20 22:42:09,132 - => Stage 3 Debug (poison-valid): suspicious=7334/8265, correction_applied=7334, prediction_changed=7334, skipped_tied_vote=0, skipped_low_margin=0, skipped_other=0
2026-04-20 22:42:09,132 - => Stage 3 Debug (attack-success): suspicious=7329/8209, correction_applied=7329, prediction_changed=7329, corrected_to_true=7329
2026-04-20 22:42:09,132 - => Stage 2 checkpoint score: mean(clean_acc=0.8322, recall=0.8928, correction_rate=0.8928) = 0.8726
2026-04-20 22:42:09,164 - => End Epoch: 27, early stop epochs: 16, best epoch: 11, best clean acc: 0.8271, best Top-2: 1.0000, best ASR: 0.0981, best RAC: 0.7882, anchor loss: 0.0401, best checkpoint score: 0.8766
2026-04-20 22:42:09,165 - => Stage 3 Detection Summary: recall: 0.9013, precision: 0.8751, f1: 0.8880, false positive rate: 0.0840, correction rate: 0.9013
2026-04-20 22:42:09,187 - => LFBA current anchor-derived target label: 1
2026-04-20 22:42:09,198 - =>Add Trigger to Train Data
2026-04-20 22:42:09,296 - Add Trigger to 4959 Bad Samples, 44632 Clean Samples (0.10)
2026-04-20 22:42:09,308 - => Start Training for Injecting Backdoor...
2026-04-20 22:42:09,340 - Epoch: 28, 1/194: VFL loss: 0.0753, total loss: 0.0542, anchor loss: 0.0331, VFL train accuracy: 0.9805
2026-04-20 22:42:09,631 - Epoch: 28, 11/194: VFL loss: 0.1160, total loss: 0.0742, anchor loss: 0.0324, VFL train accuracy: 0.9620
2026-04-20 22:42:09,922 - Epoch: 28, 21/194: VFL loss: 0.1088, total loss: 0.0700, anchor loss: 0.0311, VFL train accuracy: 0.9626
2026-04-20 22:42:10,354 - Epoch: 28, 31/194: VFL loss: 0.1071, total loss: 0.0691, anchor loss: 0.0312, VFL train accuracy: 0.9633
2026-04-20 22:42:10,655 - Epoch: 28, 41/194: VFL loss: 0.1086, total loss: 0.0699, anchor loss: 0.0313, VFL train accuracy: 0.9627
2026-04-20 22:42:10,964 - Epoch: 28, 51/194: VFL loss: 0.1065, total loss: 0.0688, anchor loss: 0.0311, VFL train accuracy: 0.9633
2026-04-20 22:42:11,270 - Epoch: 28, 61/194: VFL loss: 0.1069, total loss: 0.0689, anchor loss: 0.0310, VFL train accuracy: 0.9631
2026-04-20 22:42:11,592 - Epoch: 28, 71/194: VFL loss: 0.1067, total loss: 0.0688, anchor loss: 0.0309, VFL train accuracy: 0.9630
2026-04-20 22:42:11,872 - Epoch: 28, 81/194: VFL loss: 0.1079, total loss: 0.0694, anchor loss: 0.0309, VFL train accuracy: 0.9627
2026-04-20 22:42:12,169 - Epoch: 28, 91/194: VFL loss: 0.1093, total loss: 0.0701, anchor loss: 0.0310, VFL train accuracy: 0.9627
2026-04-20 22:42:12,440 - Epoch: 28, 101/194: VFL loss: 0.1105, total loss: 0.0708, anchor loss: 0.0310, VFL train accuracy: 0.9623
2026-04-20 22:42:12,738 - Epoch: 28, 111/194: VFL loss: 0.1103, total loss: 0.0706, anchor loss: 0.0310, VFL train accuracy: 0.9624
2026-04-20 22:42:13,063 - Epoch: 28, 121/194: VFL loss: 0.1096, total loss: 0.0702, anchor loss: 0.0308, VFL train accuracy: 0.9624
2026-04-20 22:42:13,364 - Epoch: 28, 131/194: VFL loss: 0.1092, total loss: 0.0700, anchor loss: 0.0308, VFL train accuracy: 0.9626
2026-04-20 22:42:13,669 - Epoch: 28, 141/194: VFL loss: 0.1087, total loss: 0.0697, anchor loss: 0.0307, VFL train accuracy: 0.9627
2026-04-20 22:42:13,978 - Epoch: 28, 151/194: VFL loss: 0.1094, total loss: 0.0701, anchor loss: 0.0308, VFL train accuracy: 0.9624
2026-04-20 22:42:14,308 - Epoch: 28, 161/194: VFL loss: 0.1109, total loss: 0.0709, anchor loss: 0.0309, VFL train accuracy: 0.9620
2026-04-20 22:42:14,651 - Epoch: 28, 171/194: VFL loss: 0.1111, total loss: 0.0710, anchor loss: 0.0310, VFL train accuracy: 0.9621
2026-04-20 22:42:15,007 - Epoch: 28, 181/194: VFL loss: 0.1113, total loss: 0.0712, anchor loss: 0.0310, VFL train accuracy: 0.9620
2026-04-20 22:42:15,333 - Epoch: 28, 191/194: VFL loss: 0.1112, total loss: 0.0711, anchor loss: 0.0311, VFL train accuracy: 0.9619
2026-04-20 22:42:15,429 - => Recorded Stage 2 client anchor losses for epoch 28 to 'results/AVGuard/stage3_gamma_sensitivity_3clients_noema_bounded_q/IEEE_CIS_FRAUD_3clients_noema_bounded_q_gamma_1.0\stage2_final_epoch_client_anchor_losses.json': {0: 0.025444, 1: 0.035597, 2: 0.032213}
2026-04-20 22:42:15,433 - => Stage 2 EMA anchor update skipped at epoch 28 because momentum=1.0000 disables EMA; eligible classes per client {0: 2, 1: 2, 2: 2}
2026-04-20 22:42:15,433 - => Stage 2 Epoch 28 Training Summary: VFL loss: 0.1112, total loss: 0.0712, anchor loss: 0.0311, VFL train accuracy: 0.9619
2026-04-20 22:42:15,433 - => Test ASR...
2026-04-20 22:42:15,439 - =>Add Trigger to Test Data
2026-04-20 22:42:15,827 - Add Trigger to 8265 Bad Samples, 4133 Clean Samples (1.00)
2026-04-20 22:42:19,331 - => Test Epoch: 28, main task samples: 12398, attack samples: 12398, test loss: 0.4727, clean acc: 0.8309, Top-2: 1.0000, ASR: 0.1109, RAC: 0.7906, test target accuracy: 0.7542, stage3 final accuracy: 0.8309, stage3 final target accuracy: 0.5938, stage3 final asr: 0.1109, anchor loss: 0.0388
2026-04-20 22:42:19,332 - => Stage 3 Detection Summary: recall: 0.8885, precision: 0.8271, f1: 0.8567, false positive rate: 0.1226, correction rate: 0.8885
2026-04-20 22:42:19,332 - => Stage 3 Debug (clean): suspicious=1520/12398, correction_applied=1510, prediction_changed=1510, skipped_tied_vote=0, skipped_low_margin=0, skipped_other=10
2026-04-20 22:42:19,332 - => Stage 3 Debug (poison-valid): suspicious=7289/8265, correction_applied=7289, prediction_changed=7289, skipped_tied_vote=0, skipped_low_margin=0, skipped_other=0
2026-04-20 22:42:19,332 - => Stage 3 Debug (attack-success): suspicious=7286/8200, correction_applied=7286, prediction_changed=7286, corrected_to_true=7286
2026-04-20 22:42:19,333 - => Stage 2 checkpoint score: mean(clean_acc=0.8309, recall=0.8885, correction_rate=0.8885) = 0.8693
2026-04-20 22:42:19,362 - => End Epoch: 28, early stop epochs: 17, best epoch: 11, best clean acc: 0.8271, best Top-2: 1.0000, best ASR: 0.0981, best RAC: 0.7882, anchor loss: 0.0401, best checkpoint score: 0.8766
2026-04-20 22:42:19,362 - => Stage 3 Detection Summary: recall: 0.9013, precision: 0.8751, f1: 0.8880, false positive rate: 0.0840, correction rate: 0.9013
2026-04-20 22:42:19,383 - => LFBA current anchor-derived target label: 1
2026-04-20 22:42:19,401 - =>Add Trigger to Train Data
2026-04-20 22:42:19,510 - Add Trigger to 4959 Bad Samples, 44632 Clean Samples (0.10)
2026-04-20 22:42:19,521 - => Start Training for Injecting Backdoor...
2026-04-20 22:42:19,548 - Epoch: 29, 1/194: VFL loss: 0.1070, total loss: 0.0688, anchor loss: 0.0306, VFL train accuracy: 0.9688
2026-04-20 22:42:19,789 - Epoch: 29, 11/194: VFL loss: 0.1181, total loss: 0.0746, anchor loss: 0.0312, VFL train accuracy: 0.9574
2026-04-20 22:42:19,965 - Epoch: 29, 21/194: VFL loss: 0.1205, total loss: 0.0757, anchor loss: 0.0310, VFL train accuracy: 0.9604
2026-04-20 22:42:20,164 - Epoch: 29, 31/194: VFL loss: 0.1228, total loss: 0.0772, anchor loss: 0.0316, VFL train accuracy: 0.9599
2026-04-20 22:42:20,379 - Epoch: 29, 41/194: VFL loss: 0.1217, total loss: 0.0766, anchor loss: 0.0314, VFL train accuracy: 0.9606
2026-04-20 22:42:20,615 - Epoch: 29, 51/194: VFL loss: 0.1171, total loss: 0.0741, anchor loss: 0.0311, VFL train accuracy: 0.9624
2026-04-20 22:42:20,849 - Epoch: 29, 61/194: VFL loss: 0.1196, total loss: 0.0755, anchor loss: 0.0313, VFL train accuracy: 0.9613
2026-04-20 22:42:21,066 - Epoch: 29, 71/194: VFL loss: 0.1194, total loss: 0.0753, anchor loss: 0.0312, VFL train accuracy: 0.9615
2026-04-20 22:42:21,322 - Epoch: 29, 81/194: VFL loss: 0.1199, total loss: 0.0756, anchor loss: 0.0312, VFL train accuracy: 0.9615
2026-04-20 22:42:21,552 - Epoch: 29, 91/194: VFL loss: 0.1197, total loss: 0.0754, anchor loss: 0.0312, VFL train accuracy: 0.9616
2026-04-20 22:42:21,797 - Epoch: 29, 101/194: VFL loss: 0.1188, total loss: 0.0750, anchor loss: 0.0312, VFL train accuracy: 0.9617
2026-04-20 22:42:22,007 - Epoch: 29, 111/194: VFL loss: 0.1182, total loss: 0.0747, anchor loss: 0.0312, VFL train accuracy: 0.9622
2026-04-20 22:42:22,197 - Epoch: 29, 121/194: VFL loss: 0.1183, total loss: 0.0748, anchor loss: 0.0312, VFL train accuracy: 0.9619
2026-04-20 22:42:22,409 - Epoch: 29, 131/194: VFL loss: 0.1194, total loss: 0.0753, anchor loss: 0.0312, VFL train accuracy: 0.9616
2026-04-20 22:42:22,630 - Epoch: 29, 141/194: VFL loss: 0.1192, total loss: 0.0752, anchor loss: 0.0312, VFL train accuracy: 0.9616
2026-04-20 22:42:22,859 - Epoch: 29, 151/194: VFL loss: 0.1194, total loss: 0.0753, anchor loss: 0.0312, VFL train accuracy: 0.9613
2026-04-20 22:42:23,084 - Epoch: 29, 161/194: VFL loss: 0.1210, total loss: 0.0761, anchor loss: 0.0312, VFL train accuracy: 0.9607
2026-04-20 22:42:23,310 - Epoch: 29, 171/194: VFL loss: 0.1209, total loss: 0.0760, anchor loss: 0.0311, VFL train accuracy: 0.9608
2026-04-20 22:42:23,551 - Epoch: 29, 181/194: VFL loss: 0.1201, total loss: 0.0756, anchor loss: 0.0311, VFL train accuracy: 0.9610
2026-04-20 22:42:23,805 - Epoch: 29, 191/194: VFL loss: 0.1206, total loss: 0.0758, anchor loss: 0.0311, VFL train accuracy: 0.9606
2026-04-20 22:42:23,884 - => Recorded Stage 2 client anchor losses for epoch 29 to 'results/AVGuard/stage3_gamma_sensitivity_3clients_noema_bounded_q/IEEE_CIS_FRAUD_3clients_noema_bounded_q_gamma_1.0\stage2_final_epoch_client_anchor_losses.json': {0: 0.025477, 1: 0.035591, 2: 0.03219}
2026-04-20 22:42:23,890 - => Stage 2 EMA anchor update skipped at epoch 29 because momentum=1.0000 disables EMA; eligible classes per client {0: 2, 1: 2, 2: 2}
2026-04-20 22:42:23,890 - => Stage 2 Epoch 29 Training Summary: VFL loss: 0.1201, total loss: 0.0756, anchor loss: 0.0311, VFL train accuracy: 0.9608
2026-04-20 22:42:23,890 - => Test ASR...
2026-04-20 22:42:23,896 - =>Add Trigger to Test Data
2026-04-20 22:42:24,270 - Add Trigger to 8265 Bad Samples, 4133 Clean Samples (1.00)
2026-04-20 22:42:27,024 - => Test Epoch: 29, main task samples: 12398, attack samples: 12398, test loss: 0.4758, clean acc: 0.8305, Top-2: 1.0000, ASR: 0.1070, RAC: 0.7930, test target accuracy: 0.7484, stage3 final accuracy: 0.8305, stage3 final target accuracy: 0.5928, stage3 final asr: 0.1070, anchor loss: 0.0388
2026-04-20 22:42:27,024 - => Stage 3 Detection Summary: recall: 0.8928, precision: 0.8300, f1: 0.8603, false positive rate: 0.1207, correction rate: 0.8928
2026-04-20 22:42:27,025 - => Stage 3 Debug (clean): suspicious=1497/12398, correction_applied=1484, prediction_changed=1484, skipped_tied_vote=0, skipped_low_margin=0, skipped_other=13
2026-04-20 22:42:27,025 - => Stage 3 Debug (poison-valid): suspicious=7335/8265, correction_applied=7335, prediction_changed=7335, skipped_tied_vote=0, skipped_low_margin=0, skipped_other=0
2026-04-20 22:42:27,025 - => Stage 3 Debug (attack-success): suspicious=7331/8211, correction_applied=7331, prediction_changed=7331, corrected_to_true=7331
2026-04-20 22:42:27,026 - => Stage 2 checkpoint score: mean(clean_acc=0.8305, recall=0.8928, correction_rate=0.8928) = 0.8721
2026-04-20 22:42:27,052 - => End Epoch: 29, early stop epochs: 18, best epoch: 11, best clean acc: 0.8271, best Top-2: 1.0000, best ASR: 0.0981, best RAC: 0.7882, anchor loss: 0.0401, best checkpoint score: 0.8766
2026-04-20 22:42:27,052 - => Stage 3 Detection Summary: recall: 0.9013, precision: 0.8751, f1: 0.8880, false positive rate: 0.0840, correction rate: 0.9013
2026-04-20 22:42:27,072 - => LFBA current anchor-derived target label: 1
2026-04-20 22:42:27,084 - =>Add Trigger to Train Data
2026-04-20 22:42:27,186 - Add Trigger to 4959 Bad Samples, 44632 Clean Samples (0.10)
2026-04-20 22:42:27,200 - => Start Training for Injecting Backdoor...
2026-04-20 22:42:27,232 - Epoch: 30, 1/194: VFL loss: 0.1032, total loss: 0.0673, anchor loss: 0.0314, VFL train accuracy: 0.9609
2026-04-20 22:42:27,481 - Epoch: 30, 11/194: VFL loss: 0.1208, total loss: 0.0762, anchor loss: 0.0317, VFL train accuracy: 0.9570
2026-04-20 22:42:27,724 - Epoch: 30, 21/194: VFL loss: 0.1111, total loss: 0.0710, anchor loss: 0.0309, VFL train accuracy: 0.9621
2026-04-20 22:42:27,964 - Epoch: 30, 31/194: VFL loss: 0.1081, total loss: 0.0695, anchor loss: 0.0310, VFL train accuracy: 0.9631
2026-04-20 22:42:28,208 - Epoch: 30, 41/194: VFL loss: 0.1052, total loss: 0.0679, anchor loss: 0.0307, VFL train accuracy: 0.9641
2026-04-20 22:42:28,443 - Epoch: 30, 51/194: VFL loss: 0.1043, total loss: 0.0674, anchor loss: 0.0305, VFL train accuracy: 0.9648
2026-04-20 22:42:28,687 - Epoch: 30, 61/194: VFL loss: 0.1033, total loss: 0.0669, anchor loss: 0.0305, VFL train accuracy: 0.9652
2026-04-20 22:42:28,915 - Epoch: 30, 71/194: VFL loss: 0.1040, total loss: 0.0672, anchor loss: 0.0305, VFL train accuracy: 0.9649
2026-04-20 22:42:29,168 - Epoch: 30, 81/194: VFL loss: 0.1057, total loss: 0.0682, anchor loss: 0.0307, VFL train accuracy: 0.9644
2026-04-20 22:42:29,425 - Epoch: 30, 91/194: VFL loss: 0.1055, total loss: 0.0681, anchor loss: 0.0308, VFL train accuracy: 0.9646
2026-04-20 22:42:29,655 - Epoch: 30, 101/194: VFL loss: 0.1054, total loss: 0.0681, anchor loss: 0.0308, VFL train accuracy: 0.9645
2026-04-20 22:42:29,887 - Epoch: 30, 111/194: VFL loss: 0.1069, total loss: 0.0689, anchor loss: 0.0308, VFL train accuracy: 0.9638
2026-04-20 22:42:30,102 - Epoch: 30, 121/194: VFL loss: 0.1071, total loss: 0.0690, anchor loss: 0.0309, VFL train accuracy: 0.9636
2026-04-20 22:42:30,332 - Epoch: 30, 131/194: VFL loss: 0.1071, total loss: 0.0690, anchor loss: 0.0309, VFL train accuracy: 0.9639
2026-04-20 22:42:30,585 - Epoch: 30, 141/194: VFL loss: 0.1074, total loss: 0.0692, anchor loss: 0.0310, VFL train accuracy: 0.9636
2026-04-20 22:42:30,814 - Epoch: 30, 151/194: VFL loss: 0.1087, total loss: 0.0699, anchor loss: 0.0310, VFL train accuracy: 0.9631
2026-04-20 22:42:31,029 - Epoch: 30, 161/194: VFL loss: 0.1085, total loss: 0.0697, anchor loss: 0.0309, VFL train accuracy: 0.9634
2026-04-20 22:42:31,234 - Epoch: 30, 171/194: VFL loss: 0.1085, total loss: 0.0697, anchor loss: 0.0310, VFL train accuracy: 0.9633
2026-04-20 22:42:31,445 - Epoch: 30, 181/194: VFL loss: 0.1081, total loss: 0.0696, anchor loss: 0.0310, VFL train accuracy: 0.9635
2026-04-20 22:42:31,676 - Epoch: 30, 191/194: VFL loss: 0.1084, total loss: 0.0697, anchor loss: 0.0310, VFL train accuracy: 0.9633
2026-04-20 22:42:31,749 - => Recorded Stage 2 client anchor losses for epoch 30 to 'results/AVGuard/stage3_gamma_sensitivity_3clients_noema_bounded_q/IEEE_CIS_FRAUD_3clients_noema_bounded_q_gamma_1.0\stage2_final_epoch_client_anchor_losses.json': {0: 0.025323, 1: 0.035558, 2: 0.03218}
2026-04-20 22:42:31,754 - => Stage 2 EMA anchor update skipped at epoch 30 because momentum=1.0000 disables EMA; eligible classes per client {0: 2, 1: 2, 2: 2}
2026-04-20 22:42:31,754 - => Stage 2 Epoch 30 Training Summary: VFL loss: 0.1083, total loss: 0.0696, anchor loss: 0.0310, VFL train accuracy: 0.9634
2026-04-20 22:42:31,754 - => Test ASR...
2026-04-20 22:42:31,761 - =>Add Trigger to Test Data
2026-04-20 22:42:32,168 - Add Trigger to 8265 Bad Samples, 4133 Clean Samples (1.00)
2026-04-20 22:42:34,777 - => Test Epoch: 30, main task samples: 12398, attack samples: 12398, test loss: 0.4913, clean acc: 0.8303, Top-2: 1.0000, ASR: 0.1072, RAC: 0.7868, test target accuracy: 0.7457, stage3 final accuracy: 0.8303, stage3 final target accuracy: 0.5749, stage3 final asr: 0.1072, anchor loss: 0.0390
2026-04-20 22:42:34,777 - => Stage 3 Detection Summary: recall: 0.8924, precision: 0.8309, f1: 0.8606, false positive rate: 0.1198, correction rate: 0.8924
2026-04-20 22:42:34,777 - => Stage 3 Debug (clean): suspicious=1485/12398, correction_applied=1475, prediction_changed=1475, skipped_tied_vote=0, skipped_low_margin=0, skipped_other=10
2026-04-20 22:42:34,777 - => Stage 3 Debug (poison-valid): suspicious=7322/8265, correction_applied=7322, prediction_changed=7322, skipped_tied_vote=0, skipped_low_margin=0, skipped_other=0
2026-04-20 22:42:34,777 - => Stage 3 Debug (attack-success): suspicious=7318/8200, correction_applied=7318, prediction_changed=7318, corrected_to_true=7318
2026-04-20 22:42:34,778 - => Stage 2 checkpoint score: mean(clean_acc=0.8303, recall=0.8924, correction_rate=0.8924) = 0.8717
2026-04-20 22:42:34,809 - => End Epoch: 30, early stop epochs: 19, best epoch: 11, best clean acc: 0.8271, best Top-2: 1.0000, best ASR: 0.0981, best RAC: 0.7882, anchor loss: 0.0401, best checkpoint score: 0.8766
2026-04-20 22:42:34,809 - => Stage 3 Detection Summary: recall: 0.9013, precision: 0.8751, f1: 0.8880, false positive rate: 0.0840, correction rate: 0.9013
2026-04-20 22:42:34,830 - => LFBA current anchor-derived target label: 1
2026-04-20 22:42:34,843 - =>Add Trigger to Train Data
2026-04-20 22:42:34,944 - Add Trigger to 4959 Bad Samples, 44632 Clean Samples (0.10)
2026-04-20 22:42:34,958 - => Start Training for Injecting Backdoor...
2026-04-20 22:42:34,988 - Epoch: 31, 1/194: VFL loss: 0.0908, total loss: 0.0597, anchor loss: 0.0285, VFL train accuracy: 0.9727
2026-04-20 22:42:35,233 - Epoch: 31, 11/194: VFL loss: 0.1009, total loss: 0.0658, anchor loss: 0.0308, VFL train accuracy: 0.9698
2026-04-20 22:42:35,489 - Epoch: 31, 21/194: VFL loss: 0.1104, total loss: 0.0706, anchor loss: 0.0308, VFL train accuracy: 0.9663
2026-04-20 22:42:35,710 - Epoch: 31, 31/194: VFL loss: 0.1117, total loss: 0.0713, anchor loss: 0.0309, VFL train accuracy: 0.9657
2026-04-20 22:42:35,921 - Epoch: 31, 41/194: VFL loss: 0.1098, total loss: 0.0703, anchor loss: 0.0308, VFL train accuracy: 0.9666
2026-04-20 22:42:36,148 - Epoch: 31, 51/194: VFL loss: 0.1140, total loss: 0.0724, anchor loss: 0.0308, VFL train accuracy: 0.9646
2026-04-20 22:42:36,368 - Epoch: 31, 61/194: VFL loss: 0.1172, total loss: 0.0741, anchor loss: 0.0310, VFL train accuracy: 0.9632
2026-04-20 22:42:36,581 - Epoch: 31, 71/194: VFL loss: 0.1173, total loss: 0.0742, anchor loss: 0.0311, VFL train accuracy: 0.9625
2026-04-20 22:42:36,819 - Epoch: 31, 81/194: VFL loss: 0.1194, total loss: 0.0753, anchor loss: 0.0311, VFL train accuracy: 0.9612
2026-04-20 22:42:37,050 - Epoch: 31, 91/194: VFL loss: 0.1197, total loss: 0.0754, anchor loss: 0.0311, VFL train accuracy: 0.9612
2026-04-20 22:42:37,263 - Epoch: 31, 101/194: VFL loss: 0.1191, total loss: 0.0751, anchor loss: 0.0311, VFL train accuracy: 0.9612
2026-04-20 22:42:37,642 - Epoch: 31, 111/194: VFL loss: 0.1193, total loss: 0.0752, anchor loss: 0.0311, VFL train accuracy: 0.9615
2026-04-20 22:42:37,868 - Epoch: 31, 121/194: VFL loss: 0.1185, total loss: 0.0748, anchor loss: 0.0311, VFL train accuracy: 0.9616
2026-04-20 22:42:38,086 - Epoch: 31, 131/194: VFL loss: 0.1187, total loss: 0.0750, anchor loss: 0.0312, VFL train accuracy: 0.9617
2026-04-20 22:42:38,314 - Epoch: 31, 141/194: VFL loss: 0.1189, total loss: 0.0751, anchor loss: 0.0313, VFL train accuracy: 0.9614
2026-04-20 22:42:38,543 - Epoch: 31, 151/194: VFL loss: 0.1177, total loss: 0.0745, anchor loss: 0.0312, VFL train accuracy: 0.9618
2026-04-20 22:42:38,764 - Epoch: 31, 161/194: VFL loss: 0.1169, total loss: 0.0740, anchor loss: 0.0311, VFL train accuracy: 0.9622
2026-04-20 22:42:38,976 - Epoch: 31, 171/194: VFL loss: 0.1173, total loss: 0.0741, anchor loss: 0.0310, VFL train accuracy: 0.9620
2026-04-20 22:42:39,203 - Epoch: 31, 181/194: VFL loss: 0.1166, total loss: 0.0738, anchor loss: 0.0310, VFL train accuracy: 0.9622
2026-04-20 22:42:39,438 - Epoch: 31, 191/194: VFL loss: 0.1168, total loss: 0.0739, anchor loss: 0.0310, VFL train accuracy: 0.9620
2026-04-20 22:42:39,509 - => Recorded Stage 2 client anchor losses for epoch 31 to 'results/AVGuard/stage3_gamma_sensitivity_3clients_noema_bounded_q/IEEE_CIS_FRAUD_3clients_noema_bounded_q_gamma_1.0\stage2_final_epoch_client_anchor_losses.json': {0: 0.025284, 1: 0.035551, 2: 0.032124}
2026-04-20 22:42:39,511 - => Stage 2 EMA anchor update skipped at epoch 31 because momentum=1.0000 disables EMA; eligible classes per client {0: 2, 1: 2, 2: 2}
2026-04-20 22:42:39,511 - => Stage 2 Epoch 31 Training Summary: VFL loss: 0.1168, total loss: 0.0739, anchor loss: 0.0310, VFL train accuracy: 0.9620
2026-04-20 22:42:39,511 - => Test ASR...
2026-04-20 22:42:39,516 - =>Add Trigger to Test Data
2026-04-20 22:42:39,939 - Add Trigger to 8265 Bad Samples, 4133 Clean Samples (1.00)
2026-04-20 22:42:42,347 - => Test Epoch: 31, main task samples: 12398, attack samples: 12398, test loss: 0.4946, clean acc: 0.8321, Top-2: 1.0000, ASR: 0.1114, RAC: 0.7971, test target accuracy: 0.7643, stage3 final accuracy: 0.8321, stage3 final target accuracy: 0.6141, stage3 final asr: 0.1114, anchor loss: 0.0387
2026-04-20 22:42:42,347 - => Stage 3 Detection Summary: recall: 0.8883, precision: 0.8272, f1: 0.8567, false positive rate: 0.1226, correction rate: 0.8883
2026-04-20 22:42:42,347 - => Stage 3 Debug (clean): suspicious=1520/12398, correction_applied=1510, prediction_changed=1510, skipped_tied_vote=0, skipped_low_margin=0, skipped_other=10
2026-04-20 22:42:42,348 - => Stage 3 Debug (poison-valid): suspicious=7299/8265, correction_applied=7299, prediction_changed=7299, skipped_tied_vote=0, skipped_low_margin=0, skipped_other=0
2026-04-20 22:42:42,348 - => Stage 3 Debug (attack-success): suspicious=7295/8212, correction_applied=7295, prediction_changed=7295, corrected_to_true=7295
2026-04-20 22:42:42,348 - => Stage 2 checkpoint score: mean(clean_acc=0.8321, recall=0.8883, correction_rate=0.8883) = 0.8696
2026-04-20 22:42:42,379 - => End Epoch: 31, early stop epochs: 20, best epoch: 11, best clean acc: 0.8271, best Top-2: 1.0000, best ASR: 0.0981, best RAC: 0.7882, anchor loss: 0.0401, best checkpoint score: 0.8766
2026-04-20 22:42:42,379 - => Stage 3 Detection Summary: recall: 0.9013, precision: 0.8751, f1: 0.8880, false positive rate: 0.0840, correction rate: 0.9013
2026-04-20 22:42:42,403 - => LFBA current anchor-derived target label: 1
2026-04-20 22:42:42,414 - =>Add Trigger to Train Data
2026-04-20 22:42:42,518 - Add Trigger to 4959 Bad Samples, 44632 Clean Samples (0.10)
2026-04-20 22:42:42,529 - => Start Training for Injecting Backdoor...
2026-04-20 22:42:42,554 - Epoch: 32, 1/194: VFL loss: 0.0959, total loss: 0.0640, anchor loss: 0.0321, VFL train accuracy: 0.9648
2026-04-20 22:42:42,773 - Epoch: 32, 11/194: VFL loss: 0.0967, total loss: 0.0635, anchor loss: 0.0303, VFL train accuracy: 0.9677
2026-04-20 22:42:42,997 - Epoch: 32, 21/194: VFL loss: 0.1040, total loss: 0.0674, anchor loss: 0.0308, VFL train accuracy: 0.9645
2026-04-20 22:42:43,216 - Epoch: 32, 31/194: VFL loss: 0.1052, total loss: 0.0679, anchor loss: 0.0307, VFL train accuracy: 0.9647
2026-04-20 22:42:43,428 - Epoch: 32, 41/194: VFL loss: 0.1049, total loss: 0.0679, anchor loss: 0.0308, VFL train accuracy: 0.9650
2026-04-20 22:42:43,649 - Epoch: 32, 51/194: VFL loss: 0.1050, total loss: 0.0679, anchor loss: 0.0309, VFL train accuracy: 0.9647
2026-04-20 22:42:43,855 - Epoch: 32, 61/194: VFL loss: 0.1039, total loss: 0.0674, anchor loss: 0.0309, VFL train accuracy: 0.9652
2026-04-20 22:42:44,067 - Epoch: 32, 71/194: VFL loss: 0.1047, total loss: 0.0677, anchor loss: 0.0307, VFL train accuracy: 0.9647
2026-04-20 22:42:44,261 - Epoch: 32, 81/194: VFL loss: 0.1063, total loss: 0.0686, anchor loss: 0.0309, VFL train accuracy: 0.9638
2026-04-20 22:42:44,467 - Epoch: 32, 91/194: VFL loss: 0.1036, total loss: 0.0672, anchor loss: 0.0307, VFL train accuracy: 0.9650
2026-04-20 22:42:44,681 - Epoch: 32, 101/194: VFL loss: 0.1035, total loss: 0.0671, anchor loss: 0.0306, VFL train accuracy: 0.9646
2026-04-20 22:42:44,877 - Epoch: 32, 111/194: VFL loss: 0.1031, total loss: 0.0669, anchor loss: 0.0307, VFL train accuracy: 0.9648
2026-04-20 22:42:45,089 - Epoch: 32, 121/194: VFL loss: 0.1037, total loss: 0.0672, anchor loss: 0.0308, VFL train accuracy: 0.9647
2026-04-20 22:42:45,304 - Epoch: 32, 131/194: VFL loss: 0.1041, total loss: 0.0674, anchor loss: 0.0308, VFL train accuracy: 0.9647
2026-04-20 22:42:45,531 - Epoch: 32, 141/194: VFL loss: 0.1043, total loss: 0.0675, anchor loss: 0.0308, VFL train accuracy: 0.9650
2026-04-20 22:42:45,784 - Epoch: 32, 151/194: VFL loss: 0.1044, total loss: 0.0676, anchor loss: 0.0308, VFL train accuracy: 0.9648
2026-04-20 22:42:46,018 - Epoch: 32, 161/194: VFL loss: 0.1048, total loss: 0.0678, anchor loss: 0.0308, VFL train accuracy: 0.9646
2026-04-20 22:42:46,268 - Epoch: 32, 171/194: VFL loss: 0.1047, total loss: 0.0678, anchor loss: 0.0309, VFL train accuracy: 0.9646
2026-04-20 22:42:46,500 - Epoch: 32, 181/194: VFL loss: 0.1048, total loss: 0.0678, anchor loss: 0.0309, VFL train accuracy: 0.9646
2026-04-20 22:42:46,723 - Epoch: 32, 191/194: VFL loss: 0.1052, total loss: 0.0681, anchor loss: 0.0309, VFL train accuracy: 0.9645
2026-04-20 22:42:46,801 - => Recorded Stage 2 client anchor losses for epoch 32 to 'results/AVGuard/stage3_gamma_sensitivity_3clients_noema_bounded_q/IEEE_CIS_FRAUD_3clients_noema_bounded_q_gamma_1.0\stage2_final_epoch_client_anchor_losses.json': {0: 0.025159, 1: 0.035531, 2: 0.032139}
2026-04-20 22:42:46,807 - => Stage 2 EMA anchor update skipped at epoch 32 because momentum=1.0000 disables EMA; eligible classes per client {0: 2, 1: 2, 2: 2}
2026-04-20 22:42:46,807 - => Stage 2 Epoch 32 Training Summary: VFL loss: 0.1051, total loss: 0.0680, anchor loss: 0.0309, VFL train accuracy: 0.9645
2026-04-20 22:42:46,807 - => Test ASR...
2026-04-20 22:42:46,812 - =>Add Trigger to Test Data
2026-04-20 22:42:47,211 - Add Trigger to 8265 Bad Samples, 4133 Clean Samples (1.00)
2026-04-20 22:42:50,018 - => Test Epoch: 32, main task samples: 12398, attack samples: 12398, test loss: 0.5061, clean acc: 0.8308, Top-2: 1.0000, ASR: 0.1100, RAC: 0.7876, test target accuracy: 0.7522, stage3 final accuracy: 0.8308, stage3 final target accuracy: 0.5829, stage3 final asr: 0.1100, anchor loss: 0.0389
2026-04-20 22:42:50,019 - => Stage 3 Detection Summary: recall: 0.8896, precision: 0.8270, f1: 0.8571, false positive rate: 0.1229, correction rate: 0.8896
2026-04-20 22:42:50,019 - => Stage 3 Debug (clean): suspicious=1524/12398, correction_applied=1516, prediction_changed=1516, skipped_tied_vote=0, skipped_low_margin=0, skipped_other=8
2026-04-20 22:42:50,020 - => Stage 3 Debug (poison-valid): suspicious=7302/8265, correction_applied=7302, prediction_changed=7302, skipped_tied_vote=0, skipped_low_margin=0, skipped_other=0
2026-04-20 22:42:50,020 - => Stage 3 Debug (attack-success): suspicious=7299/8205, correction_applied=7299, prediction_changed=7299, corrected_to_true=7299
2026-04-20 22:42:50,021 - => Stage 2 checkpoint score: mean(clean_acc=0.8308, recall=0.8896, correction_rate=0.8896) = 0.8700
2026-04-20 22:42:50,050 - => End Epoch: 32, early stop epochs: 21, best epoch: 11, best clean acc: 0.8271, best Top-2: 1.0000, best ASR: 0.0981, best RAC: 0.7882, anchor loss: 0.0401, best checkpoint score: 0.8766
2026-04-20 22:42:50,050 - => Stage 3 Detection Summary: recall: 0.9013, precision: 0.8751, f1: 0.8880, false positive rate: 0.0840, correction rate: 0.9013
2026-04-20 22:42:50,073 - => LFBA current anchor-derived target label: 1
2026-04-20 22:42:50,084 - =>Add Trigger to Train Data
2026-04-20 22:42:50,211 - Add Trigger to 4959 Bad Samples, 44632 Clean Samples (0.10)
2026-04-20 22:42:50,222 - => Start Training for Injecting Backdoor...
2026-04-20 22:42:50,247 - Epoch: 33, 1/194: VFL loss: 0.1314, total loss: 0.0820, anchor loss: 0.0326, VFL train accuracy: 0.9609
2026-04-20 22:42:50,498 - Epoch: 33, 11/194: VFL loss: 0.1236, total loss: 0.0778, anchor loss: 0.0320, VFL train accuracy: 0.9574
2026-04-20 22:42:50,739 - Epoch: 33, 21/194: VFL loss: 0.1189, total loss: 0.0750, anchor loss: 0.0311, VFL train accuracy: 0.9613
2026-04-20 22:42:50,969 - Epoch: 33, 31/194: VFL loss: 0.1139, total loss: 0.0723, anchor loss: 0.0306, VFL train accuracy: 0.9631
2026-04-20 22:42:51,196 - Epoch: 33, 41/194: VFL loss: 0.1140, total loss: 0.0724, anchor loss: 0.0308, VFL train accuracy: 0.9627
2026-04-20 22:42:51,438 - Epoch: 33, 51/194: VFL loss: 0.1162, total loss: 0.0737, anchor loss: 0.0312, VFL train accuracy: 0.9615
2026-04-20 22:42:51,666 - Epoch: 33, 61/194: VFL loss: 0.1131, total loss: 0.0720, anchor loss: 0.0309, VFL train accuracy: 0.9634
2026-04-20 22:42:51,890 - Epoch: 33, 71/194: VFL loss: 0.1113, total loss: 0.0711, anchor loss: 0.0308, VFL train accuracy: 0.9643
2026-04-20 22:42:52,109 - Epoch: 33, 81/194: VFL loss: 0.1116, total loss: 0.0713, anchor loss: 0.0309, VFL train accuracy: 0.9641
2026-04-20 22:42:52,322 - Epoch: 33, 91/194: VFL loss: 0.1125, total loss: 0.0716, anchor loss: 0.0308, VFL train accuracy: 0.9637
2026-04-20 22:42:52,559 - Epoch: 33, 101/194: VFL loss: 0.1127, total loss: 0.0717, anchor loss: 0.0307, VFL train accuracy: 0.9636
2026-04-20 22:42:52,760 - Epoch: 33, 111/194: VFL loss: 0.1133, total loss: 0.0720, anchor loss: 0.0307, VFL train accuracy: 0.9633
2026-04-20 22:42:52,980 - Epoch: 33, 121/194: VFL loss: 0.1132, total loss: 0.0719, anchor loss: 0.0307, VFL train accuracy: 0.9635
2026-04-20 22:42:53,200 - Epoch: 33, 131/194: VFL loss: 0.1129, total loss: 0.0718, anchor loss: 0.0307, VFL train accuracy: 0.9635
2026-04-20 22:42:53,440 - Epoch: 33, 141/194: VFL loss: 0.1136, total loss: 0.0722, anchor loss: 0.0308, VFL train accuracy: 0.9633
2026-04-20 22:42:53,665 - Epoch: 33, 151/194: VFL loss: 0.1147, total loss: 0.0728, anchor loss: 0.0308, VFL train accuracy: 0.9630
2026-04-20 22:42:53,896 - Epoch: 33, 161/194: VFL loss: 0.1140, total loss: 0.0724, anchor loss: 0.0308, VFL train accuracy: 0.9632
2026-04-20 22:42:54,105 - Epoch: 33, 171/194: VFL loss: 0.1137, total loss: 0.0722, anchor loss: 0.0308, VFL train accuracy: 0.9633
2026-04-20 22:42:54,328 - Epoch: 33, 181/194: VFL loss: 0.1141, total loss: 0.0724, anchor loss: 0.0308, VFL train accuracy: 0.9631
2026-04-20 22:42:54,552 - Epoch: 33, 191/194: VFL loss: 0.1138, total loss: 0.0723, anchor loss: 0.0309, VFL train accuracy: 0.9631
2026-04-20 22:42:54,632 - => Recorded Stage 2 client anchor losses for epoch 33 to 'results/AVGuard/stage3_gamma_sensitivity_3clients_noema_bounded_q/IEEE_CIS_FRAUD_3clients_noema_bounded_q_gamma_1.0\stage2_final_epoch_client_anchor_losses.json': {0: 0.025142, 1: 0.035516, 2: 0.032074}
2026-04-20 22:42:54,638 - => Stage 2 EMA anchor update skipped at epoch 33 because momentum=1.0000 disables EMA; eligible classes per client {0: 2, 1: 2, 2: 2}
2026-04-20 22:42:54,638 - => Stage 2 Epoch 33 Training Summary: VFL loss: 0.1141, total loss: 0.0725, anchor loss: 0.0309, VFL train accuracy: 0.9630
2026-04-20 22:42:54,638 - => Test ASR...
2026-04-20 22:42:54,644 - =>Add Trigger to Test Data
2026-04-20 22:42:55,074 - Add Trigger to 8265 Bad Samples, 4133 Clean Samples (1.00)
2026-04-20 22:42:57,654 - => Test Epoch: 33, main task samples: 12398, attack samples: 12398, test loss: 0.5094, clean acc: 0.8303, Top-2: 1.0000, ASR: 0.1119, RAC: 0.7913, test target accuracy: 0.7624, stage3 final accuracy: 0.8303, stage3 final target accuracy: 0.5979, stage3 final asr: 0.1119, anchor loss: 0.0389
2026-04-20 22:42:57,654 - => Stage 3 Detection Summary: recall: 0.8878, precision: 0.8239, f1: 0.8546, false positive rate: 0.1253, correction rate: 0.8878
2026-04-20 22:42:57,654 - => Stage 3 Debug (clean): suspicious=1554/12398, correction_applied=1552, prediction_changed=1552, skipped_tied_vote=0, skipped_low_margin=0, skipped_other=2
2026-04-20 22:42:57,654 - => Stage 3 Debug (poison-valid): suspicious=7291/8265, correction_applied=7291, prediction_changed=7291, skipped_tied_vote=0, skipped_low_margin=0, skipped_other=0
2026-04-20 22:42:57,654 - => Stage 3 Debug (attack-success): suspicious=7287/8208, correction_applied=7287, prediction_changed=7287, corrected_to_true=7287
2026-04-20 22:42:57,654 - => Stage 2 checkpoint score: mean(clean_acc=0.8303, recall=0.8878, correction_rate=0.8878) = 0.8686
2026-04-20 22:42:57,682 - => End Epoch: 33, early stop epochs: 22, best epoch: 11, best clean acc: 0.8271, best Top-2: 1.0000, best ASR: 0.0981, best RAC: 0.7882, anchor loss: 0.0401, best checkpoint score: 0.8766
2026-04-20 22:42:57,682 - => Stage 3 Detection Summary: recall: 0.9013, precision: 0.8751, f1: 0.8880, false positive rate: 0.0840, correction rate: 0.9013
2026-04-20 22:42:57,703 - => LFBA current anchor-derived target label: 1
2026-04-20 22:42:57,712 - =>Add Trigger to Train Data
2026-04-20 22:42:57,813 - Add Trigger to 4959 Bad Samples, 44632 Clean Samples (0.10)
2026-04-20 22:42:57,825 - => Start Training for Injecting Backdoor...
2026-04-20 22:42:57,857 - Epoch: 34, 1/194: VFL loss: 0.0965, total loss: 0.0603, anchor loss: 0.0240, VFL train accuracy: 0.9688
2026-04-20 22:42:58,091 - Epoch: 34, 11/194: VFL loss: 0.1098, total loss: 0.0705, anchor loss: 0.0313, VFL train accuracy: 0.9624
2026-04-20 22:42:58,309 - Epoch: 34, 21/194: VFL loss: 0.1049, total loss: 0.0681, anchor loss: 0.0312, VFL train accuracy: 0.9624
2026-04-20 22:42:58,541 - Epoch: 34, 31/194: VFL loss: 0.1045, total loss: 0.0679, anchor loss: 0.0313, VFL train accuracy: 0.9635
2026-04-20 22:42:58,759 - Epoch: 34, 41/194: VFL loss: 0.1031, total loss: 0.0672, anchor loss: 0.0314, VFL train accuracy: 0.9652
2026-04-20 22:42:58,990 - Epoch: 34, 51/194: VFL loss: 0.1025, total loss: 0.0668, anchor loss: 0.0310, VFL train accuracy: 0.9652
2026-04-20 22:42:59,207 - Epoch: 34, 61/194: VFL loss: 0.1015, total loss: 0.0662, anchor loss: 0.0309, VFL train accuracy: 0.9654
2026-04-20 22:42:59,429 - Epoch: 34, 71/194: VFL loss: 0.1035, total loss: 0.0672, anchor loss: 0.0308, VFL train accuracy: 0.9647
2026-04-20 22:42:59,660 - Epoch: 34, 81/194: VFL loss: 0.1052, total loss: 0.0680, anchor loss: 0.0308, VFL train accuracy: 0.9642
2026-04-20 22:42:59,885 - Epoch: 34, 91/194: VFL loss: 0.1044, total loss: 0.0676, anchor loss: 0.0308, VFL train accuracy: 0.9648
2026-04-20 22:43:00,112 - Epoch: 34, 101/194: VFL loss: 0.1037, total loss: 0.0673, anchor loss: 0.0309, VFL train accuracy: 0.9650
2026-04-20 22:43:00,331 - Epoch: 34, 111/194: VFL loss: 0.1032, total loss: 0.0670, anchor loss: 0.0308, VFL train accuracy: 0.9652
2026-04-20 22:43:00,559 - Epoch: 34, 121/194: VFL loss: 0.1039, total loss: 0.0674, anchor loss: 0.0309, VFL train accuracy: 0.9650
2026-04-20 22:43:00,790 - Epoch: 34, 131/194: VFL loss: 0.1024, total loss: 0.0666, anchor loss: 0.0308, VFL train accuracy: 0.9657
2026-04-20 22:43:01,011 - Epoch: 34, 141/194: VFL loss: 0.1022, total loss: 0.0665, anchor loss: 0.0308, VFL train accuracy: 0.9657
2026-04-20 22:43:01,244 - Epoch: 34, 151/194: VFL loss: 0.1026, total loss: 0.0667, anchor loss: 0.0308, VFL train accuracy: 0.9655
2026-04-20 22:43:01,483 - Epoch: 34, 161/194: VFL loss: 0.1024, total loss: 0.0666, anchor loss: 0.0309, VFL train accuracy: 0.9657
2026-04-20 22:43:01,719 - Epoch: 34, 171/194: VFL loss: 0.1031, total loss: 0.0670, anchor loss: 0.0309, VFL train accuracy: 0.9655
2026-04-20 22:43:01,955 - Epoch: 34, 181/194: VFL loss: 0.1026, total loss: 0.0667, anchor loss: 0.0309, VFL train accuracy: 0.9656
2026-04-20 22:43:02,352 - Epoch: 34, 191/194: VFL loss: 0.1028, total loss: 0.0669, anchor loss: 0.0309, VFL train accuracy: 0.9656
2026-04-20 22:43:02,436 - => Recorded Stage 2 client anchor losses for epoch 34 to 'results/AVGuard/stage3_gamma_sensitivity_3clients_noema_bounded_q/IEEE_CIS_FRAUD_3clients_noema_bounded_q_gamma_1.0\stage2_final_epoch_client_anchor_losses.json': {0: 0.025052, 1: 0.035499, 2: 0.032069}
2026-04-20 22:43:02,436 - => Stage 2 EMA anchor update skipped at epoch 34 because momentum=1.0000 disables EMA; eligible classes per client {0: 2, 1: 2, 2: 2}
2026-04-20 22:43:02,437 - => Stage 2 Epoch 34 Training Summary: VFL loss: 0.1029, total loss: 0.0669, anchor loss: 0.0309, VFL train accuracy: 0.9655
2026-04-20 22:43:02,437 - => Test ASR...
2026-04-20 22:43:02,445 - =>Add Trigger to Test Data
2026-04-20 22:43:02,904 - Add Trigger to 8265 Bad Samples, 4133 Clean Samples (1.00)
2026-04-20 22:43:05,410 - => Test Epoch: 34, main task samples: 12398, attack samples: 12398, test loss: 0.5285, clean acc: 0.8303, Top-2: 1.0000, ASR: 0.1141, RAC: 0.7867, test target accuracy: 0.7585, stage3 final accuracy: 0.8303, stage3 final target accuracy: 0.5884, stage3 final asr: 0.1141, anchor loss: 0.0389
2026-04-20 22:43:05,410 - => Stage 3 Detection Summary: recall: 0.8855, precision: 0.8217, f1: 0.8524, false positive rate: 0.1268, correction rate: 0.8855
2026-04-20 22:43:05,411 - => Stage 3 Debug (clean): suspicious=1572/12398, correction_applied=1559, prediction_changed=1559, skipped_tied_vote=0, skipped_low_margin=0, skipped_other=13
2026-04-20 22:43:05,411 - => Stage 3 Debug (poison-valid): suspicious=7269/8265, correction_applied=7269, prediction_changed=7269, skipped_tied_vote=0, skipped_low_margin=0, skipped_other=0
2026-04-20 22:43:05,411 - => Stage 3 Debug (attack-success): suspicious=7265/8204, correction_applied=7265, prediction_changed=7265, corrected_to_true=7265
2026-04-20 22:43:05,411 - => Stage 2 checkpoint score: mean(clean_acc=0.8303, recall=0.8855, correction_rate=0.8855) = 0.8671
2026-04-20 22:43:05,440 - => End Epoch: 34, early stop epochs: 23, best epoch: 11, best clean acc: 0.8271, best Top-2: 1.0000, best ASR: 0.0981, best RAC: 0.7882, anchor loss: 0.0401, best checkpoint score: 0.8766
2026-04-20 22:43:05,440 - => Stage 3 Detection Summary: recall: 0.9013, precision: 0.8751, f1: 0.8880, false positive rate: 0.0840, correction rate: 0.9013
2026-04-20 22:43:05,463 - => LFBA current anchor-derived target label: 1
2026-04-20 22:43:05,471 - =>Add Trigger to Train Data
2026-04-20 22:43:05,596 - Add Trigger to 4959 Bad Samples, 44632 Clean Samples (0.10)
2026-04-20 22:43:05,608 - => Start Training for Injecting Backdoor...
2026-04-20 22:43:05,637 - Epoch: 35, 1/194: VFL loss: 0.1027, total loss: 0.0694, anchor loss: 0.0361, VFL train accuracy: 0.9688
2026-04-20 22:43:05,880 - Epoch: 35, 11/194: VFL loss: 0.1062, total loss: 0.0686, anchor loss: 0.0311, VFL train accuracy: 0.9673
2026-04-20 22:43:06,122 - Epoch: 35, 21/194: VFL loss: 0.1032, total loss: 0.0669, anchor loss: 0.0305, VFL train accuracy: 0.9667
2026-04-20 22:43:06,371 - Epoch: 35, 31/194: VFL loss: 0.1089, total loss: 0.0699, anchor loss: 0.0309, VFL train accuracy: 0.9648
2026-04-20 22:43:06,633 - Epoch: 35, 41/194: VFL loss: 0.1118, total loss: 0.0715, anchor loss: 0.0311, VFL train accuracy: 0.9644
2026-04-20 22:43:06,872 - Epoch: 35, 51/194: VFL loss: 0.1113, total loss: 0.0712, anchor loss: 0.0311, VFL train accuracy: 0.9636
2026-04-20 22:43:07,105 - Epoch: 35, 61/194: VFL loss: 0.1100, total loss: 0.0705, anchor loss: 0.0310, VFL train accuracy: 0.9643
2026-04-20 22:43:07,332 - Epoch: 35, 71/194: VFL loss: 0.1099, total loss: 0.0705, anchor loss: 0.0310, VFL train accuracy: 0.9646
2026-04-20 22:43:07,561 - Epoch: 35, 81/194: VFL loss: 0.1114, total loss: 0.0712, anchor loss: 0.0310, VFL train accuracy: 0.9641
2026-04-20 22:43:07,798 - Epoch: 35, 91/194: VFL loss: 0.1109, total loss: 0.0708, anchor loss: 0.0308, VFL train accuracy: 0.9645
2026-04-20 22:43:08,030 - Epoch: 35, 101/194: VFL loss: 0.1097, total loss: 0.0702, anchor loss: 0.0307, VFL train accuracy: 0.9649
2026-04-20 22:43:08,253 - Epoch: 35, 111/194: VFL loss: 0.1108, total loss: 0.0708, anchor loss: 0.0309, VFL train accuracy: 0.9643
2026-04-20 22:43:08,480 - Epoch: 35, 121/194: VFL loss: 0.1099, total loss: 0.0704, anchor loss: 0.0308, VFL train accuracy: 0.9648
2026-04-20 22:43:08,740 - Epoch: 35, 131/194: VFL loss: 0.1110, total loss: 0.0709, anchor loss: 0.0308, VFL train accuracy: 0.9644
2026-04-20 22:43:08,970 - Epoch: 35, 141/194: VFL loss: 0.1112, total loss: 0.0710, anchor loss: 0.0309, VFL train accuracy: 0.9644
2026-04-20 22:43:09,206 - Epoch: 35, 151/194: VFL loss: 0.1110, total loss: 0.0709, anchor loss: 0.0308, VFL train accuracy: 0.9645
2026-04-20 22:43:09,434 - Epoch: 35, 161/194: VFL loss: 0.1117, total loss: 0.0713, anchor loss: 0.0309, VFL train accuracy: 0.9642
2026-04-20 22:43:09,668 - Epoch: 35, 171/194: VFL loss: 0.1122, total loss: 0.0716, anchor loss: 0.0310, VFL train accuracy: 0.9640
2026-04-20 22:43:09,883 - Epoch: 35, 181/194: VFL loss: 0.1119, total loss: 0.0714, anchor loss: 0.0309, VFL train accuracy: 0.9640
2026-04-20 22:43:10,086 - Epoch: 35, 191/194: VFL loss: 0.1115, total loss: 0.0712, anchor loss: 0.0309, VFL train accuracy: 0.9641
2026-04-20 22:43:10,152 - => Recorded Stage 2 client anchor losses for epoch 35 to 'results/AVGuard/stage3_gamma_sensitivity_3clients_noema_bounded_q/IEEE_CIS_FRAUD_3clients_noema_bounded_q_gamma_1.0\stage2_final_epoch_client_anchor_losses.json': {0: 0.025016, 1: 0.035485, 2: 0.03211}
2026-04-20 22:43:10,154 - => Stage 2 EMA anchor update skipped at epoch 35 because momentum=1.0000 disables EMA; eligible classes per client {0: 2, 1: 2, 2: 2}
2026-04-20 22:43:10,154 - => Stage 2 Epoch 35 Training Summary: VFL loss: 0.1115, total loss: 0.0712, anchor loss: 0.0309, VFL train accuracy: 0.9641
2026-04-20 22:43:10,154 - => Test ASR...
2026-04-20 22:43:10,159 - =>Add Trigger to Test Data
2026-04-20 22:43:10,574 - Add Trigger to 8265 Bad Samples, 4133 Clean Samples (1.00)
2026-04-20 22:43:13,081 - => Test Epoch: 35, main task samples: 12398, attack samples: 12398, test loss: 0.5227, clean acc: 0.8308, Top-2: 1.0000, ASR: 0.0996, RAC: 0.7985, test target accuracy: 0.7481, stage3 final accuracy: 0.8308, stage3 final target accuracy: 0.5947, stage3 final asr: 0.0996, anchor loss: 0.0388
2026-04-20 22:43:13,081 - => Stage 3 Detection Summary: recall: 0.9002, precision: 0.8325, f1: 0.8650, false positive rate: 0.1195, correction rate: 0.9000
2026-04-20 22:43:13,081 - => Stage 3 Debug (clean): suspicious=1481/12398, correction_applied=1471, prediction_changed=1471, skipped_tied_vote=0, skipped_low_margin=0, skipped_other=10
2026-04-20 22:43:13,082 - => Stage 3 Debug (poison-valid): suspicious=7381/8265, correction_applied=7379, prediction_changed=7379, skipped_tied_vote=0, skipped_low_margin=0, skipped_other=2
2026-04-20 22:43:13,082 - => Stage 3 Debug (attack-success): suspicious=7378/8196, correction_applied=7376, prediction_changed=7376, corrected_to_true=7376
2026-04-20 22:43:13,082 - => Stage 2 checkpoint score: mean(clean_acc=0.8308, recall=0.9002, correction_rate=0.9000) = 0.8770
2026-04-20 22:43:13,082 - => Save best checkpoint model...
2026-04-20 22:43:13,159 - => End Epoch: 35, early stop epochs: 0, best epoch: 35, best clean acc: 0.8308, best Top-2: 1.0000, best ASR: 0.0996, best RAC: 0.7985, anchor loss: 0.0388, best checkpoint score: 0.8770
2026-04-20 22:43:13,159 - => Stage 3 Detection Summary: recall: 0.9002, precision: 0.8325, f1: 0.8650, false positive rate: 0.1195, correction rate: 0.9000
2026-04-20 22:43:13,180 - => LFBA current anchor-derived target label: 1
2026-04-20 22:43:13,189 - =>Add Trigger to Train Data
2026-04-20 22:43:13,293 - Add Trigger to 4959 Bad Samples, 44632 Clean Samples (0.10)
2026-04-20 22:43:13,304 - => Start Training for Injecting Backdoor...
2026-04-20 22:43:13,333 - Epoch: 36, 1/194: VFL loss: 0.0864, total loss: 0.0594, anchor loss: 0.0323, VFL train accuracy: 0.9688
2026-04-20 22:43:13,566 - Epoch: 36, 11/194: VFL loss: 0.1032, total loss: 0.0672, anchor loss: 0.0312, VFL train accuracy: 0.9666
2026-04-20 22:43:13,810 - Epoch: 36, 21/194: VFL loss: 0.1083, total loss: 0.0697, anchor loss: 0.0310, VFL train accuracy: 0.9647
2026-04-20 22:43:14,043 - Epoch: 36, 31/194: VFL loss: 0.1038, total loss: 0.0674, anchor loss: 0.0311, VFL train accuracy: 0.9660
2026-04-20 22:43:14,278 - Epoch: 36, 41/194: VFL loss: 0.1025, total loss: 0.0667, anchor loss: 0.0309, VFL train accuracy: 0.9667
2026-04-20 22:43:14,507 - Epoch: 36, 51/194: VFL loss: 0.0998, total loss: 0.0653, anchor loss: 0.0308, VFL train accuracy: 0.9678
2026-04-20 22:43:14,725 - Epoch: 36, 61/194: VFL loss: 0.1002, total loss: 0.0656, anchor loss: 0.0310, VFL train accuracy: 0.9673
2026-04-20 22:43:14,947 - Epoch: 36, 71/194: VFL loss: 0.1011, total loss: 0.0660, anchor loss: 0.0309, VFL train accuracy: 0.9668
2026-04-20 22:43:15,174 - Epoch: 36, 81/194: VFL loss: 0.0999, total loss: 0.0653, anchor loss: 0.0308, VFL train accuracy: 0.9674
2026-04-20 22:43:15,392 - Epoch: 36, 91/194: VFL loss: 0.0999, total loss: 0.0653, anchor loss: 0.0308, VFL train accuracy: 0.9670
2026-04-20 22:43:15,627 - Epoch: 36, 101/194: VFL loss: 0.0993, total loss: 0.0650, anchor loss: 0.0308, VFL train accuracy: 0.9674
2026-04-20 22:43:15,849 - Epoch: 36, 111/194: VFL loss: 0.0998, total loss: 0.0653, anchor loss: 0.0308, VFL train accuracy: 0.9671
2026-04-20 22:43:16,064 - Epoch: 36, 121/194: VFL loss: 0.0996, total loss: 0.0652, anchor loss: 0.0307, VFL train accuracy: 0.9671
2026-04-20 22:43:16,307 - Epoch: 36, 131/194: VFL loss: 0.0997, total loss: 0.0652, anchor loss: 0.0308, VFL train accuracy: 0.9671
2026-04-20 22:43:16,557 - Epoch: 36, 141/194: VFL loss: 0.0998, total loss: 0.0653, anchor loss: 0.0308, VFL train accuracy: 0.9668
2026-04-20 22:43:16,794 - Epoch: 36, 151/194: VFL loss: 0.0996, total loss: 0.0652, anchor loss: 0.0308, VFL train accuracy: 0.9669
2026-04-20 22:43:17,030 - Epoch: 36, 161/194: VFL loss: 0.0997, total loss: 0.0652, anchor loss: 0.0308, VFL train accuracy: 0.9667
2026-04-20 22:43:17,258 - Epoch: 36, 171/194: VFL loss: 0.1000, total loss: 0.0654, anchor loss: 0.0308, VFL train accuracy: 0.9666
2026-04-20 22:43:17,496 - Epoch: 36, 181/194: VFL loss: 0.1002, total loss: 0.0655, anchor loss: 0.0308, VFL train accuracy: 0.9666
2026-04-20 22:43:17,732 - Epoch: 36, 191/194: VFL loss: 0.1005, total loss: 0.0656, anchor loss: 0.0308, VFL train accuracy: 0.9664
2026-04-20 22:43:17,805 - => Recorded Stage 2 client anchor losses for epoch 36 to 'results/AVGuard/stage3_gamma_sensitivity_3clients_noema_bounded_q/IEEE_CIS_FRAUD_3clients_noema_bounded_q_gamma_1.0\stage2_final_epoch_client_anchor_losses.json': {0: 0.024921, 1: 0.035481, 2: 0.031944}
2026-04-20 22:43:17,807 - => Stage 2 EMA anchor update skipped at epoch 36 because momentum=1.0000 disables EMA; eligible classes per client {0: 2, 1: 2, 2: 2}
2026-04-20 22:43:17,807 - => Stage 2 Epoch 36 Training Summary: VFL loss: 0.1004, total loss: 0.0656, anchor loss: 0.0308, VFL train accuracy: 0.9665
2026-04-20 22:43:17,807 - => Test ASR...
2026-04-20 22:43:17,813 - =>Add Trigger to Test Data
2026-04-20 22:43:18,204 - Add Trigger to 8265 Bad Samples, 4133 Clean Samples (1.00)
2026-04-20 22:43:20,947 - => Test Epoch: 36, main task samples: 12398, attack samples: 12398, test loss: 0.5462, clean acc: 0.8273, Top-2: 1.0000, ASR: 0.1089, RAC: 0.7881, test target accuracy: 0.7626, stage3 final accuracy: 0.8273, stage3 final target accuracy: 0.5821, stage3 final asr: 0.1089, anchor loss: 0.0390
2026-04-20 22:43:20,947 - => Stage 3 Detection Summary: recall: 0.8909, precision: 0.8197, f1: 0.8538, false positive rate: 0.1292, correction rate: 0.8908
2026-04-20 22:43:20,947 - => Stage 3 Debug (clean): suspicious=1602/12398, correction_applied=1594, prediction_changed=1594, skipped_tied_vote=0, skipped_low_margin=0, skipped_other=8
2026-04-20 22:43:20,947 - => Stage 3 Debug (poison-valid): suspicious=7309/8265, correction_applied=7308, prediction_changed=7308, skipped_tied_vote=0, skipped_low_margin=0, skipped_other=1
2026-04-20 22:43:20,948 - => Stage 3 Debug (attack-success): suspicious=7304/8198, correction_applied=7303, prediction_changed=7303, corrected_to_true=7303
2026-04-20 22:43:20,948 - => Stage 2 checkpoint score: mean(clean_acc=0.8273, recall=0.8909, correction_rate=0.8908) = 0.8697
2026-04-20 22:43:20,976 - => End Epoch: 36, early stop epochs: 1, best epoch: 35, best clean acc: 0.8308, best Top-2: 1.0000, best ASR: 0.0996, best RAC: 0.7985, anchor loss: 0.0388, best checkpoint score: 0.8770
2026-04-20 22:43:20,977 - => Stage 3 Detection Summary: recall: 0.9002, precision: 0.8325, f1: 0.8650, false positive rate: 0.1195, correction rate: 0.9000
2026-04-20 22:43:20,997 - => LFBA current anchor-derived target label: 1
2026-04-20 22:43:21,006 - =>Add Trigger to Train Data
2026-04-20 22:43:21,101 - Add Trigger to 4959 Bad Samples, 44632 Clean Samples (0.10)
2026-04-20 22:43:21,111 - => Start Training for Injecting Backdoor...
2026-04-20 22:43:21,140 - Epoch: 37, 1/194: VFL loss: 0.1125, total loss: 0.0694, anchor loss: 0.0263, VFL train accuracy: 0.9688
2026-04-20 22:43:21,357 - Epoch: 37, 11/194: VFL loss: 0.1080, total loss: 0.0690, anchor loss: 0.0300, VFL train accuracy: 0.9656
2026-04-20 22:43:21,588 - Epoch: 37, 21/194: VFL loss: 0.1106, total loss: 0.0707, anchor loss: 0.0308, VFL train accuracy: 0.9634
2026-04-20 22:43:21,817 - Epoch: 37, 31/194: VFL loss: 0.1057, total loss: 0.0683, anchor loss: 0.0308, VFL train accuracy: 0.9652
2026-04-20 22:43:22,046 - Epoch: 37, 41/194: VFL loss: 0.1069, total loss: 0.0690, anchor loss: 0.0311, VFL train accuracy: 0.9645
2026-04-20 22:43:22,275 - Epoch: 37, 51/194: VFL loss: 0.1073, total loss: 0.0692, anchor loss: 0.0311, VFL train accuracy: 0.9642
2026-04-20 22:43:22,489 - Epoch: 37, 61/194: VFL loss: 0.1090, total loss: 0.0701, anchor loss: 0.0313, VFL train accuracy: 0.9636
2026-04-20 22:43:22,717 - Epoch: 37, 71/194: VFL loss: 0.1088, total loss: 0.0700, anchor loss: 0.0312, VFL train accuracy: 0.9635
2026-04-20 22:43:22,942 - Epoch: 37, 81/194: VFL loss: 0.1096, total loss: 0.0704, anchor loss: 0.0312, VFL train accuracy: 0.9633
2026-04-20 22:43:23,174 - Epoch: 37, 91/194: VFL loss: 0.1091, total loss: 0.0702, anchor loss: 0.0312, VFL train accuracy: 0.9636
2026-04-20 22:43:23,404 - Epoch: 37, 101/194: VFL loss: 0.1082, total loss: 0.0696, anchor loss: 0.0310, VFL train accuracy: 0.9641
2026-04-20 22:43:23,627 - Epoch: 37, 111/194: VFL loss: 0.1093, total loss: 0.0701, anchor loss: 0.0310, VFL train accuracy: 0.9636
2026-04-20 22:43:23,844 - Epoch: 37, 121/194: VFL loss: 0.1099, total loss: 0.0704, anchor loss: 0.0309, VFL train accuracy: 0.9631
2026-04-20 22:43:24,074 - Epoch: 37, 131/194: VFL loss: 0.1099, total loss: 0.0705, anchor loss: 0.0310, VFL train accuracy: 0.9632
2026-04-20 22:43:24,289 - Epoch: 37, 141/194: VFL loss: 0.1097, total loss: 0.0703, anchor loss: 0.0309, VFL train accuracy: 0.9635
2026-04-20 22:43:24,506 - Epoch: 37, 151/194: VFL loss: 0.1094, total loss: 0.0701, anchor loss: 0.0309, VFL train accuracy: 0.9635
2026-04-20 22:43:24,744 - Epoch: 37, 161/194: VFL loss: 0.1094, total loss: 0.0701, anchor loss: 0.0309, VFL train accuracy: 0.9638
2026-04-20 22:43:24,967 - Epoch: 37, 171/194: VFL loss: 0.1084, total loss: 0.0696, anchor loss: 0.0309, VFL train accuracy: 0.9642
2026-04-20 22:43:25,199 - Epoch: 37, 181/194: VFL loss: 0.1086, total loss: 0.0697, anchor loss: 0.0309, VFL train accuracy: 0.9641
2026-04-20 22:43:25,446 - Epoch: 37, 191/194: VFL loss: 0.1088, total loss: 0.0698, anchor loss: 0.0308, VFL train accuracy: 0.9642
2026-04-20 22:43:25,520 - => Recorded Stage 2 client anchor losses for epoch 37 to 'results/AVGuard/stage3_gamma_sensitivity_3clients_noema_bounded_q/IEEE_CIS_FRAUD_3clients_noema_bounded_q_gamma_1.0\stage2_final_epoch_client_anchor_losses.json': {0: 0.024871, 1: 0.035473, 2: 0.031975}
2026-04-20 22:43:25,526 - => Stage 2 EMA anchor update skipped at epoch 37 because momentum=1.0000 disables EMA; eligible classes per client {0: 2, 1: 2, 2: 2}
2026-04-20 22:43:25,526 - => Stage 2 Epoch 37 Training Summary: VFL loss: 0.1087, total loss: 0.0697, anchor loss: 0.0308, VFL train accuracy: 0.9642
2026-04-20 22:43:25,526 - => Test ASR...
2026-04-20 22:43:25,532 - =>Add Trigger to Test Data
2026-04-20 22:43:25,932 - Add Trigger to 8265 Bad Samples, 4133 Clean Samples (1.00)
2026-04-20 22:43:28,984 - => Test Epoch: 37, main task samples: 12398, attack samples: 12398, test loss: 0.5393, clean acc: 0.8282, Top-2: 1.0000, ASR: 0.1080, RAC: 0.7879, test target accuracy: 0.7547, stage3 final accuracy: 0.8282, stage3 final target accuracy: 0.5800, stage3 final asr: 0.1080, anchor loss: 0.0390
2026-04-20 22:43:28,985 - => Stage 3 Detection Summary: recall: 0.8914, precision: 0.8236, f1: 0.8562, false positive rate: 0.1258, correction rate: 0.8914
2026-04-20 22:43:28,985 - => Stage 3 Debug (clean): suspicious=1560/12398, correction_applied=1554, prediction_changed=1554, skipped_tied_vote=0, skipped_low_margin=0, skipped_other=6
2026-04-20 22:43:28,985 - => Stage 3 Debug (poison-valid): suspicious=7304/8265, correction_applied=7304, prediction_changed=7304, skipped_tied_vote=0, skipped_low_margin=0, skipped_other=0
2026-04-20 22:43:28,985 - => Stage 3 Debug (attack-success): suspicious=7300/8189, correction_applied=7300, prediction_changed=7300, corrected_to_true=7300
2026-04-20 22:43:28,985 - => Stage 2 checkpoint score: mean(clean_acc=0.8282, recall=0.8914, correction_rate=0.8914) = 0.8704
2026-04-20 22:43:29,022 - => End Epoch: 37, early stop epochs: 2, best epoch: 35, best clean acc: 0.8308, best Top-2: 1.0000, best ASR: 0.0996, best RAC: 0.7985, anchor loss: 0.0388, best checkpoint score: 0.8770
2026-04-20 22:43:29,022 - => Stage 3 Detection Summary: recall: 0.9002, precision: 0.8325, f1: 0.8650, false positive rate: 0.1195, correction rate: 0.9000
2026-04-20 22:43:29,041 - => LFBA current anchor-derived target label: 1
2026-04-20 22:43:29,050 - =>Add Trigger to Train Data
2026-04-20 22:43:29,145 - Add Trigger to 4959 Bad Samples, 44632 Clean Samples (0.10)
2026-04-20 22:43:29,156 - => Start Training for Injecting Backdoor...
2026-04-20 22:43:29,183 - Epoch: 38, 1/194: VFL loss: 0.0892, total loss: 0.0600, anchor loss: 0.0307, VFL train accuracy: 0.9766
2026-04-20 22:43:29,423 - Epoch: 38, 11/194: VFL loss: 0.1077, total loss: 0.0695, anchor loss: 0.0313, VFL train accuracy: 0.9641
2026-04-20 22:43:29,655 - Epoch: 38, 21/194: VFL loss: 0.0981, total loss: 0.0644, anchor loss: 0.0308, VFL train accuracy: 0.9678
2026-04-20 22:43:29,883 - Epoch: 38, 31/194: VFL loss: 0.0959, total loss: 0.0633, anchor loss: 0.0308, VFL train accuracy: 0.9681
2026-04-20 22:43:30,122 - Epoch: 38, 41/194: VFL loss: 0.0974, total loss: 0.0640, anchor loss: 0.0306, VFL train accuracy: 0.9679
2026-04-20 22:43:30,350 - Epoch: 38, 51/194: VFL loss: 0.0984, total loss: 0.0645, anchor loss: 0.0307, VFL train accuracy: 0.9674
2026-04-20 22:43:30,577 - Epoch: 38, 61/194: VFL loss: 0.1005, total loss: 0.0657, anchor loss: 0.0309, VFL train accuracy: 0.9668
2026-04-20 22:43:30,824 - Epoch: 38, 71/194: VFL loss: 0.1001, total loss: 0.0655, anchor loss: 0.0309, VFL train accuracy: 0.9667
2026-04-20 22:43:31,036 - Epoch: 38, 81/194: VFL loss: 0.0977, total loss: 0.0642, anchor loss: 0.0308, VFL train accuracy: 0.9676
2026-04-20 22:43:31,277 - Epoch: 38, 91/194: VFL loss: 0.0966, total loss: 0.0637, anchor loss: 0.0307, VFL train accuracy: 0.9679
2026-04-20 22:43:31,508 - Epoch: 38, 101/194: VFL loss: 0.0969, total loss: 0.0638, anchor loss: 0.0306, VFL train accuracy: 0.9679
2026-04-20 22:43:31,764 - Epoch: 38, 111/194: VFL loss: 0.0974, total loss: 0.0641, anchor loss: 0.0307, VFL train accuracy: 0.9677
2026-04-20 22:43:32,006 - Epoch: 38, 121/194: VFL loss: 0.0979, total loss: 0.0643, anchor loss: 0.0307, VFL train accuracy: 0.9674
2026-04-20 22:43:32,250 - Epoch: 38, 131/194: VFL loss: 0.0978, total loss: 0.0642, anchor loss: 0.0306, VFL train accuracy: 0.9676
2026-04-20 22:43:32,481 - Epoch: 38, 141/194: VFL loss: 0.0972, total loss: 0.0639, anchor loss: 0.0306, VFL train accuracy: 0.9678
2026-04-20 22:43:32,722 - Epoch: 38, 151/194: VFL loss: 0.0972, total loss: 0.0639, anchor loss: 0.0305, VFL train accuracy: 0.9677
2026-04-20 22:43:32,949 - Epoch: 38, 161/194: VFL loss: 0.0973, total loss: 0.0640, anchor loss: 0.0306, VFL train accuracy: 0.9678
2026-04-20 22:43:33,170 - Epoch: 38, 171/194: VFL loss: 0.0967, total loss: 0.0636, anchor loss: 0.0306, VFL train accuracy: 0.9680
2026-04-20 22:43:33,400 - Epoch: 38, 181/194: VFL loss: 0.0972, total loss: 0.0639, anchor loss: 0.0307, VFL train accuracy: 0.9677
2026-04-20 22:43:33,648 - Epoch: 38, 191/194: VFL loss: 0.0975, total loss: 0.0641, anchor loss: 0.0307, VFL train accuracy: 0.9677
2026-04-20 22:43:33,727 - => Recorded Stage 2 client anchor losses for epoch 38 to 'results/AVGuard/stage3_gamma_sensitivity_3clients_noema_bounded_q/IEEE_CIS_FRAUD_3clients_noema_bounded_q_gamma_1.0\stage2_final_epoch_client_anchor_losses.json': {0: 0.024791, 1: 0.035465, 2: 0.031783}
2026-04-20 22:43:33,730 - => Stage 2 EMA anchor update skipped at epoch 38 because momentum=1.0000 disables EMA; eligible classes per client {0: 2, 1: 2, 2: 2}
2026-04-20 22:43:33,730 - => Stage 2 Epoch 38 Training Summary: VFL loss: 0.0975, total loss: 0.0641, anchor loss: 0.0307, VFL train accuracy: 0.9678
2026-04-20 22:43:33,731 - => Test ASR...
2026-04-20 22:43:33,736 - =>Add Trigger to Test Data
2026-04-20 22:43:34,143 - Add Trigger to 8265 Bad Samples, 4133 Clean Samples (1.00)
2026-04-20 22:43:37,026 - => Test Epoch: 38, main task samples: 12398, attack samples: 12398, test loss: 0.5775, clean acc: 0.8299, Top-2: 1.0000, ASR: 0.1100, RAC: 0.7902, test target accuracy: 0.7697, stage3 final accuracy: 0.8299, stage3 final target accuracy: 0.5906, stage3 final asr: 0.1100, anchor loss: 0.0388
2026-04-20 22:43:37,026 - => Stage 3 Detection Summary: recall: 0.8895, precision: 0.8179, f1: 0.8522, false positive rate: 0.1304, correction rate: 0.8894
2026-04-20 22:43:37,026 - => Stage 3 Debug (clean): suspicious=1617/12398, correction_applied=1603, prediction_changed=1603, skipped_tied_vote=0, skipped_low_margin=0, skipped_other=14
2026-04-20 22:43:37,027 - => Stage 3 Debug (poison-valid): suspicious=7284/8265, correction_applied=7283, prediction_changed=7283, skipped_tied_vote=0, skipped_low_margin=0, skipped_other=1
2026-04-20 22:43:37,027 - => Stage 3 Debug (attack-success): suspicious=7280/8184, correction_applied=7279, prediction_changed=7279, corrected_to_true=7279
2026-04-20 22:43:37,027 - => Stage 2 checkpoint score: mean(clean_acc=0.8299, recall=0.8895, correction_rate=0.8894) = 0.8696
2026-04-20 22:43:37,054 - => End Epoch: 38, early stop epochs: 3, best epoch: 35, best clean acc: 0.8308, best Top-2: 1.0000, best ASR: 0.0996, best RAC: 0.7985, anchor loss: 0.0388, best checkpoint score: 0.8770
2026-04-20 22:43:37,054 - => Stage 3 Detection Summary: recall: 0.9002, precision: 0.8325, f1: 0.8650, false positive rate: 0.1195, correction rate: 0.9000
2026-04-20 22:43:37,073 - => LFBA current anchor-derived target label: 1
2026-04-20 22:43:37,081 - =>Add Trigger to Train Data
2026-04-20 22:43:37,184 - Add Trigger to 4959 Bad Samples, 44632 Clean Samples (0.10)
2026-04-20 22:43:37,195 - => Start Training for Injecting Backdoor...
2026-04-20 22:43:37,228 - Epoch: 39, 1/194: VFL loss: 0.1238, total loss: 0.0794, anchor loss: 0.0349, VFL train accuracy: 0.9609
2026-04-20 22:43:37,466 - Epoch: 39, 11/194: VFL loss: 0.1126, total loss: 0.0722, anchor loss: 0.0319, VFL train accuracy: 0.9648
2026-04-20 22:43:37,714 - Epoch: 39, 21/194: VFL loss: 0.1057, total loss: 0.0682, anchor loss: 0.0307, VFL train accuracy: 0.9671
2026-04-20 22:43:37,956 - Epoch: 39, 31/194: VFL loss: 0.1010, total loss: 0.0658, anchor loss: 0.0306, VFL train accuracy: 0.9680
2026-04-20 22:43:38,194 - Epoch: 39, 41/194: VFL loss: 0.1007, total loss: 0.0656, anchor loss: 0.0304, VFL train accuracy: 0.9683
2026-04-20 22:43:38,451 - Epoch: 39, 51/194: VFL loss: 0.1041, total loss: 0.0674, anchor loss: 0.0306, VFL train accuracy: 0.9674
2026-04-20 22:43:38,688 - Epoch: 39, 61/194: VFL loss: 0.1056, total loss: 0.0682, anchor loss: 0.0307, VFL train accuracy: 0.9664
2026-04-20 22:43:38,920 - Epoch: 39, 71/194: VFL loss: 0.1030, total loss: 0.0668, anchor loss: 0.0305, VFL train accuracy: 0.9674
2026-04-20 22:43:39,149 - Epoch: 39, 81/194: VFL loss: 0.1033, total loss: 0.0670, anchor loss: 0.0306, VFL train accuracy: 0.9674
2026-04-20 22:43:39,386 - Epoch: 39, 91/194: VFL loss: 0.1049, total loss: 0.0678, anchor loss: 0.0307, VFL train accuracy: 0.9667
2026-04-20 22:43:39,634 - Epoch: 39, 101/194: VFL loss: 0.1047, total loss: 0.0677, anchor loss: 0.0307, VFL train accuracy: 0.9670
2026-04-20 22:43:39,861 - Epoch: 39, 111/194: VFL loss: 0.1054, total loss: 0.0680, anchor loss: 0.0306, VFL train accuracy: 0.9668
2026-04-20 22:43:40,097 - Epoch: 39, 121/194: VFL loss: 0.1046, total loss: 0.0676, anchor loss: 0.0305, VFL train accuracy: 0.9670
2026-04-20 22:43:40,363 - Epoch: 39, 131/194: VFL loss: 0.1057, total loss: 0.0682, anchor loss: 0.0306, VFL train accuracy: 0.9667
2026-04-20 22:43:40,612 - Epoch: 39, 141/194: VFL loss: 0.1061, total loss: 0.0683, anchor loss: 0.0306, VFL train accuracy: 0.9663
2026-04-20 22:43:40,862 - Epoch: 39, 151/194: VFL loss: 0.1061, total loss: 0.0684, anchor loss: 0.0307, VFL train accuracy: 0.9662
2026-04-20 22:43:41,081 - Epoch: 39, 161/194: VFL loss: 0.1061, total loss: 0.0684, anchor loss: 0.0307, VFL train accuracy: 0.9662
2026-04-20 22:43:41,313 - Epoch: 39, 171/194: VFL loss: 0.1065, total loss: 0.0686, anchor loss: 0.0307, VFL train accuracy: 0.9658
2026-04-20 22:43:41,538 - Epoch: 39, 181/194: VFL loss: 0.1061, total loss: 0.0684, anchor loss: 0.0307, VFL train accuracy: 0.9659
2026-04-20 22:43:41,759 - Epoch: 39, 191/194: VFL loss: 0.1057, total loss: 0.0682, anchor loss: 0.0307, VFL train accuracy: 0.9661
2026-04-20 22:43:41,835 - => Recorded Stage 2 client anchor losses for epoch 39 to 'results/AVGuard/stage3_gamma_sensitivity_3clients_noema_bounded_q/IEEE_CIS_FRAUD_3clients_noema_bounded_q_gamma_1.0\stage2_final_epoch_client_anchor_losses.json': {0: 0.024796, 1: 0.03542, 2: 0.031915}
2026-04-20 22:43:41,837 - => Stage 2 EMA anchor update skipped at epoch 39 because momentum=1.0000 disables EMA; eligible classes per client {0: 2, 1: 2, 2: 2}
2026-04-20 22:43:41,837 - => Stage 2 Epoch 39 Training Summary: VFL loss: 0.1059, total loss: 0.0683, anchor loss: 0.0307, VFL train accuracy: 0.9661
2026-04-20 22:43:41,837 - => Test ASR...
2026-04-20 22:43:41,842 - =>Add Trigger to Test Data
2026-04-20 22:43:42,238 - Add Trigger to 8265 Bad Samples, 4133 Clean Samples (1.00)
2026-04-20 22:43:45,184 - => Test Epoch: 39, main task samples: 12398, attack samples: 12398, test loss: 0.5532, clean acc: 0.8285, Top-2: 1.0000, ASR: 0.1010, RAC: 0.7939, test target accuracy: 0.7457, stage3 final accuracy: 0.8285, stage3 final target accuracy: 0.5838, stage3 final asr: 0.1010, anchor loss: 0.0389
2026-04-20 22:43:45,184 - => Stage 3 Detection Summary: recall: 0.8983, precision: 0.8295, f1: 0.8625, false positive rate: 0.1217, correction rate: 0.8982
2026-04-20 22:43:45,184 - => Stage 3 Debug (clean): suspicious=1509/12398, correction_applied=1501, prediction_changed=1501, skipped_tied_vote=0, skipped_low_margin=0, skipped_other=8
2026-04-20 22:43:45,184 - => Stage 3 Debug (poison-valid): suspicious=7352/8265, correction_applied=7351, prediction_changed=7351, skipped_tied_vote=0, skipped_low_margin=0, skipped_other=1
2026-04-20 22:43:45,184 - => Stage 3 Debug (attack-success): suspicious=7350/8182, correction_applied=7349, prediction_changed=7349, corrected_to_true=7349
2026-04-20 22:43:45,184 - => Stage 2 checkpoint score: mean(clean_acc=0.8285, recall=0.8983, correction_rate=0.8982) = 0.8750
2026-04-20 22:43:45,215 - => End Epoch: 39, early stop epochs: 4, best epoch: 35, best clean acc: 0.8308, best Top-2: 1.0000, best ASR: 0.0996, best RAC: 0.7985, anchor loss: 0.0388, best checkpoint score: 0.8770
2026-04-20 22:43:45,216 - => Stage 3 Detection Summary: recall: 0.9002, precision: 0.8325, f1: 0.8650, false positive rate: 0.1195, correction rate: 0.9000
2026-04-20 22:43:45,235 - => LFBA current anchor-derived target label: 1
2026-04-20 22:43:45,242 - =>Add Trigger to Train Data
2026-04-20 22:43:45,337 - Add Trigger to 4959 Bad Samples, 44632 Clean Samples (0.10)
2026-04-20 22:43:45,347 - => Start Training for Injecting Backdoor...
2026-04-20 22:43:45,372 - Epoch: 40, 1/194: VFL loss: 0.0828, total loss: 0.0567, anchor loss: 0.0306, VFL train accuracy: 0.9648
2026-04-20 22:43:45,620 - Epoch: 40, 11/194: VFL loss: 0.0937, total loss: 0.0623, anchor loss: 0.0308, VFL train accuracy: 0.9695
2026-04-20 22:43:45,838 - Epoch: 40, 21/194: VFL loss: 0.0917, total loss: 0.0612, anchor loss: 0.0308, VFL train accuracy: 0.9712
2026-04-20 22:43:46,051 - Epoch: 40, 31/194: VFL loss: 0.0902, total loss: 0.0605, anchor loss: 0.0307, VFL train accuracy: 0.9722
2026-04-20 22:43:46,289 - Epoch: 40, 41/194: VFL loss: 0.0966, total loss: 0.0637, anchor loss: 0.0308, VFL train accuracy: 0.9699
2026-04-20 22:43:46,525 - Epoch: 40, 51/194: VFL loss: 0.0969, total loss: 0.0637, anchor loss: 0.0306, VFL train accuracy: 0.9694
2026-04-20 22:43:46,748 - Epoch: 40, 61/194: VFL loss: 0.1001, total loss: 0.0654, anchor loss: 0.0306, VFL train accuracy: 0.9683
2026-04-20 22:43:46,987 - Epoch: 40, 71/194: VFL loss: 0.1020, total loss: 0.0664, anchor loss: 0.0308, VFL train accuracy: 0.9673
2026-04-20 22:43:47,192 - Epoch: 40, 81/194: VFL loss: 0.1020, total loss: 0.0665, anchor loss: 0.0309, VFL train accuracy: 0.9672
2026-04-20 22:43:47,403 - Epoch: 40, 91/194: VFL loss: 0.1009, total loss: 0.0659, anchor loss: 0.0309, VFL train accuracy: 0.9676
2026-04-20 22:43:47,626 - Epoch: 40, 101/194: VFL loss: 0.0999, total loss: 0.0654, anchor loss: 0.0309, VFL train accuracy: 0.9679
2026-04-20 22:43:47,838 - Epoch: 40, 111/194: VFL loss: 0.0994, total loss: 0.0651, anchor loss: 0.0308, VFL train accuracy: 0.9677
2026-04-20 22:43:48,055 - Epoch: 40, 121/194: VFL loss: 0.0984, total loss: 0.0646, anchor loss: 0.0308, VFL train accuracy: 0.9678
2026-04-20 22:43:48,274 - Epoch: 40, 131/194: VFL loss: 0.0981, total loss: 0.0644, anchor loss: 0.0308, VFL train accuracy: 0.9679
2026-04-20 22:43:48,485 - Epoch: 40, 141/194: VFL loss: 0.0976, total loss: 0.0642, anchor loss: 0.0308, VFL train accuracy: 0.9679
2026-04-20 22:43:48,721 - Epoch: 40, 151/194: VFL loss: 0.0958, total loss: 0.0632, anchor loss: 0.0307, VFL train accuracy: 0.9686
2026-04-20 22:43:48,972 - Epoch: 40, 161/194: VFL loss: 0.0957, total loss: 0.0632, anchor loss: 0.0307, VFL train accuracy: 0.9687
2026-04-20 22:43:49,215 - Epoch: 40, 171/194: VFL loss: 0.0959, total loss: 0.0633, anchor loss: 0.0307, VFL train accuracy: 0.9686
2026-04-20 22:43:49,428 - Epoch: 40, 181/194: VFL loss: 0.0959, total loss: 0.0633, anchor loss: 0.0307, VFL train accuracy: 0.9684
2026-04-20 22:43:49,657 - Epoch: 40, 191/194: VFL loss: 0.0956, total loss: 0.0631, anchor loss: 0.0307, VFL train accuracy: 0.9685
2026-04-20 22:43:49,732 - => Recorded Stage 2 client anchor losses for epoch 40 to 'results/AVGuard/stage3_gamma_sensitivity_3clients_noema_bounded_q/IEEE_CIS_FRAUD_3clients_noema_bounded_q_gamma_1.0\stage2_final_epoch_client_anchor_losses.json': {0: 0.024754, 1: 0.035436, 2: 0.031783}
2026-04-20 22:43:49,733 - => Stage 2 EMA anchor update skipped at epoch 40 because momentum=1.0000 disables EMA; eligible classes per client {0: 2, 1: 2, 2: 2}
2026-04-20 22:43:49,734 - => Stage 2 Epoch 40 Training Summary: VFL loss: 0.0953, total loss: 0.0630, anchor loss: 0.0307, VFL train accuracy: 0.9686
2026-04-20 22:43:49,734 - => Test ASR...
2026-04-20 22:43:49,739 - =>Add Trigger to Test Data
2026-04-20 22:43:50,129 - Add Trigger to 8265 Bad Samples, 4133 Clean Samples (1.00)
2026-04-20 22:43:52,789 - => Test Epoch: 40, main task samples: 12398, attack samples: 12398, test loss: 0.5849, clean acc: 0.8290, Top-2: 1.0000, ASR: 0.1015, RAC: 0.7903, test target accuracy: 0.7387, stage3 final accuracy: 0.8290, stage3 final target accuracy: 0.5739, stage3 final asr: 0.1015, anchor loss: 0.0391
2026-04-20 22:43:52,789 - => Stage 3 Detection Summary: recall: 0.8981, precision: 0.8313, f1: 0.8634, false positive rate: 0.1195, correction rate: 0.8981
2026-04-20 22:43:52,789 - => Stage 3 Debug (clean): suspicious=1482/12398, correction_applied=1470, prediction_changed=1470, skipped_tied_vote=0, skipped_low_margin=0, skipped_other=12
2026-04-20 22:43:52,789 - => Stage 3 Debug (poison-valid): suspicious=7342/8265, correction_applied=7342, prediction_changed=7342, skipped_tied_vote=0, skipped_low_margin=0, skipped_other=0
2026-04-20 22:43:52,789 - => Stage 3 Debug (attack-success): suspicious=7335/8167, correction_applied=7335, prediction_changed=7335, corrected_to_true=7335
2026-04-20 22:43:52,790 - => Stage 2 checkpoint score: mean(clean_acc=0.8290, recall=0.8981, correction_rate=0.8981) = 0.8751
2026-04-20 22:43:52,818 - => End Epoch: 40, early stop epochs: 5, best epoch: 35, best clean acc: 0.8308, best Top-2: 1.0000, best ASR: 0.0996, best RAC: 0.7985, anchor loss: 0.0388, best checkpoint score: 0.8770
2026-04-20 22:43:52,819 - => Stage 3 Detection Summary: recall: 0.9002, precision: 0.8325, f1: 0.8650, false positive rate: 0.1195, correction rate: 0.9000
2026-04-20 22:43:52,836 - => LFBA current anchor-derived target label: 1
2026-04-20 22:43:52,844 - =>Add Trigger to Train Data
2026-04-20 22:43:52,949 - Add Trigger to 4959 Bad Samples, 44632 Clean Samples (0.10)
2026-04-20 22:43:52,959 - => Start Training for Injecting Backdoor...
2026-04-20 22:43:52,987 - Epoch: 41, 1/194: VFL loss: 0.1145, total loss: 0.0723, anchor loss: 0.0301, VFL train accuracy: 0.9609
2026-04-20 22:43:53,231 - Epoch: 41, 11/194: VFL loss: 0.1078, total loss: 0.0691, anchor loss: 0.0303, VFL train accuracy: 0.9648
2026-04-20 22:43:53,472 - Epoch: 41, 21/194: VFL loss: 0.1069, total loss: 0.0690, anchor loss: 0.0312, VFL train accuracy: 0.9648
2026-04-20 22:43:53,731 - Epoch: 41, 31/194: VFL loss: 0.1074, total loss: 0.0692, anchor loss: 0.0309, VFL train accuracy: 0.9652
2026-04-20 22:43:53,964 - Epoch: 41, 41/194: VFL loss: 0.1032, total loss: 0.0669, anchor loss: 0.0305, VFL train accuracy: 0.9662
2026-04-20 22:43:54,190 - Epoch: 41, 51/194: VFL loss: 0.1025, total loss: 0.0664, anchor loss: 0.0303, VFL train accuracy: 0.9666
2026-04-20 22:43:54,576 - Epoch: 41, 61/194: VFL loss: 0.1030, total loss: 0.0666, anchor loss: 0.0302, VFL train accuracy: 0.9665
2026-04-20 22:43:54,794 - Epoch: 41, 71/194: VFL loss: 0.1034, total loss: 0.0669, anchor loss: 0.0304, VFL train accuracy: 0.9665
2026-04-20 22:43:55,017 - Epoch: 41, 81/194: VFL loss: 0.1032, total loss: 0.0668, anchor loss: 0.0304, VFL train accuracy: 0.9666
2026-04-20 22:43:55,238 - Epoch: 41, 91/194: VFL loss: 0.1018, total loss: 0.0661, anchor loss: 0.0303, VFL train accuracy: 0.9674
2026-04-20 22:43:55,455 - Epoch: 41, 101/194: VFL loss: 0.1030, total loss: 0.0667, anchor loss: 0.0305, VFL train accuracy: 0.9669
2026-04-20 22:43:55,692 - Epoch: 41, 111/194: VFL loss: 0.1018, total loss: 0.0662, anchor loss: 0.0305, VFL train accuracy: 0.9677
2026-04-20 22:43:55,934 - Epoch: 41, 121/194: VFL loss: 0.1007, total loss: 0.0656, anchor loss: 0.0305, VFL train accuracy: 0.9681
2026-04-20 22:43:56,176 - Epoch: 41, 131/194: VFL loss: 0.0999, total loss: 0.0652, anchor loss: 0.0304, VFL train accuracy: 0.9682
2026-04-20 22:43:56,406 - Epoch: 41, 141/194: VFL loss: 0.1007, total loss: 0.0655, anchor loss: 0.0304, VFL train accuracy: 0.9683
2026-04-20 22:43:56,656 - Epoch: 41, 151/194: VFL loss: 0.1003, total loss: 0.0654, anchor loss: 0.0304, VFL train accuracy: 0.9684
2026-04-20 22:43:56,901 - Epoch: 41, 161/194: VFL loss: 0.1009, total loss: 0.0657, anchor loss: 0.0305, VFL train accuracy: 0.9684
2026-04-20 22:43:57,125 - Epoch: 41, 171/194: VFL loss: 0.1010, total loss: 0.0657, anchor loss: 0.0304, VFL train accuracy: 0.9683
2026-04-20 22:43:57,355 - Epoch: 41, 181/194: VFL loss: 0.1013, total loss: 0.0659, anchor loss: 0.0305, VFL train accuracy: 0.9682
2026-04-20 22:43:57,608 - Epoch: 41, 191/194: VFL loss: 0.1019, total loss: 0.0662, anchor loss: 0.0305, VFL train accuracy: 0.9680
2026-04-20 22:43:57,693 - => Recorded Stage 2 client anchor losses for epoch 41 to 'results/AVGuard/stage3_gamma_sensitivity_3clients_noema_bounded_q/IEEE_CIS_FRAUD_3clients_noema_bounded_q_gamma_1.0\stage2_final_epoch_client_anchor_losses.json': {0: 0.024505, 1: 0.035375, 2: 0.031683}
2026-04-20 22:43:57,699 - => Stage 2 EMA anchor update skipped at epoch 41 because momentum=1.0000 disables EMA; eligible classes per client {0: 2, 1: 2, 2: 2}
2026-04-20 22:43:57,699 - => Stage 2 Epoch 41 Training Summary: VFL loss: 0.1015, total loss: 0.0660, anchor loss: 0.0305, VFL train accuracy: 0.9681
2026-04-20 22:43:57,699 - => Test ASR...
2026-04-20 22:43:57,704 - =>Add Trigger to Test Data
2026-04-20 22:43:58,092 - Add Trigger to 8265 Bad Samples, 4133 Clean Samples (1.00)
2026-04-20 22:44:01,091 - => Test Epoch: 41, main task samples: 12398, attack samples: 12398, test loss: 0.5850, clean acc: 0.8296, Top-2: 1.0000, ASR: 0.1093, RAC: 0.7888, test target accuracy: 0.7607, stage3 final accuracy: 0.8296, stage3 final target accuracy: 0.5848, stage3 final asr: 0.1093, anchor loss: 0.0389
2026-04-20 22:44:01,091 - => Stage 3 Detection Summary: recall: 0.8902, precision: 0.8183, f1: 0.8527, false positive rate: 0.1303, correction rate: 0.8900
2026-04-20 22:44:01,091 - => Stage 3 Debug (clean): suspicious=1615/12398, correction_applied=1603, prediction_changed=1603, skipped_tied_vote=0, skipped_low_margin=0, skipped_other=12
2026-04-20 22:44:01,091 - => Stage 3 Debug (poison-valid): suspicious=7288/8265, correction_applied=7287, prediction_changed=7287, skipped_tied_vote=0, skipped_low_margin=0, skipped_other=1
2026-04-20 22:44:01,091 - => Stage 3 Debug (attack-success): suspicious=7285/8184, correction_applied=7284, prediction_changed=7284, corrected_to_true=7284
2026-04-20 22:44:01,092 - => Stage 2 checkpoint score: mean(clean_acc=0.8296, recall=0.8902, correction_rate=0.8900) = 0.8699
2026-04-20 22:44:01,124 - => End Epoch: 41, early stop epochs: 6, best epoch: 35, best clean acc: 0.8308, best Top-2: 1.0000, best ASR: 0.0996, best RAC: 0.7985, anchor loss: 0.0388, best checkpoint score: 0.8770
2026-04-20 22:44:01,124 - => Stage 3 Detection Summary: recall: 0.9002, precision: 0.8325, f1: 0.8650, false positive rate: 0.1195, correction rate: 0.9000
2026-04-20 22:44:01,144 - => LFBA current anchor-derived target label: 1
2026-04-20 22:44:01,152 - =>Add Trigger to Train Data
2026-04-20 22:44:01,260 - Add Trigger to 4959 Bad Samples, 44632 Clean Samples (0.10)
2026-04-20 22:44:01,270 - => Start Training for Injecting Backdoor...
2026-04-20 22:44:01,297 - Epoch: 42, 1/194: VFL loss: 0.1148, total loss: 0.0728, anchor loss: 0.0309, VFL train accuracy: 0.9609
2026-04-20 22:44:01,539 - Epoch: 42, 11/194: VFL loss: 0.0880, total loss: 0.0596, anchor loss: 0.0313, VFL train accuracy: 0.9744
2026-04-20 22:44:01,791 - Epoch: 42, 21/194: VFL loss: 0.0895, total loss: 0.0602, anchor loss: 0.0309, VFL train accuracy: 0.9725
2026-04-20 22:44:02,031 - Epoch: 42, 31/194: VFL loss: 0.0889, total loss: 0.0599, anchor loss: 0.0308, VFL train accuracy: 0.9725
2026-04-20 22:44:02,282 - Epoch: 42, 41/194: VFL loss: 0.0912, total loss: 0.0610, anchor loss: 0.0308, VFL train accuracy: 0.9717
2026-04-20 22:44:02,527 - Epoch: 42, 51/194: VFL loss: 0.0926, total loss: 0.0616, anchor loss: 0.0307, VFL train accuracy: 0.9710
2026-04-20 22:44:02,766 - Epoch: 42, 61/194: VFL loss: 0.0916, total loss: 0.0612, anchor loss: 0.0307, VFL train accuracy: 0.9715
2026-04-20 22:44:02,997 - Epoch: 42, 71/194: VFL loss: 0.0910, total loss: 0.0608, anchor loss: 0.0305, VFL train accuracy: 0.9716
2026-04-20 22:44:03,224 - Epoch: 42, 81/194: VFL loss: 0.0905, total loss: 0.0605, anchor loss: 0.0305, VFL train accuracy: 0.9716
2026-04-20 22:44:03,469 - Epoch: 42, 91/194: VFL loss: 0.0897, total loss: 0.0601, anchor loss: 0.0306, VFL train accuracy: 0.9718
2026-04-20 22:44:03,683 - Epoch: 42, 101/194: VFL loss: 0.0892, total loss: 0.0599, anchor loss: 0.0306, VFL train accuracy: 0.9718
2026-04-20 22:44:03,895 - Epoch: 42, 111/194: VFL loss: 0.0880, total loss: 0.0593, anchor loss: 0.0305, VFL train accuracy: 0.9724
2026-04-20 22:44:04,114 - Epoch: 42, 121/194: VFL loss: 0.0887, total loss: 0.0596, anchor loss: 0.0305, VFL train accuracy: 0.9721
2026-04-20 22:44:04,354 - Epoch: 42, 131/194: VFL loss: 0.0896, total loss: 0.0601, anchor loss: 0.0305, VFL train accuracy: 0.9720
2026-04-20 22:44:04,573 - Epoch: 42, 141/194: VFL loss: 0.0899, total loss: 0.0603, anchor loss: 0.0306, VFL train accuracy: 0.9719
2026-04-20 22:44:04,803 - Epoch: 42, 151/194: VFL loss: 0.0895, total loss: 0.0600, anchor loss: 0.0306, VFL train accuracy: 0.9719
2026-04-20 22:44:05,020 - Epoch: 42, 161/194: VFL loss: 0.0897, total loss: 0.0601, anchor loss: 0.0305, VFL train accuracy: 0.9717
2026-04-20 22:44:05,254 - Epoch: 42, 171/194: VFL loss: 0.0897, total loss: 0.0601, anchor loss: 0.0305, VFL train accuracy: 0.9717
2026-04-20 22:44:05,483 - Epoch: 42, 181/194: VFL loss: 0.0897, total loss: 0.0601, anchor loss: 0.0306, VFL train accuracy: 0.9716
2026-04-20 22:44:05,721 - Epoch: 42, 191/194: VFL loss: 0.0891, total loss: 0.0598, anchor loss: 0.0305, VFL train accuracy: 0.9718
2026-04-20 22:44:05,790 - => Recorded Stage 2 client anchor losses for epoch 42 to 'results/AVGuard/stage3_gamma_sensitivity_3clients_noema_bounded_q/IEEE_CIS_FRAUD_3clients_noema_bounded_q_gamma_1.0\stage2_final_epoch_client_anchor_losses.json': {0: 0.024406, 1: 0.035361, 2: 0.03165}
2026-04-20 22:44:05,791 - => Stage 2 EMA anchor update skipped at epoch 42 because momentum=1.0000 disables EMA; eligible classes per client {0: 2, 1: 2, 2: 2}
2026-04-20 22:44:05,792 - => Stage 2 Epoch 42 Training Summary: VFL loss: 0.0894, total loss: 0.0599, anchor loss: 0.0305, VFL train accuracy: 0.9717
2026-04-20 22:44:05,792 - => Test ASR...
2026-04-20 22:44:05,797 - =>Add Trigger to Test Data
2026-04-20 22:44:06,240 - Add Trigger to 8265 Bad Samples, 4133 Clean Samples (1.00)
2026-04-20 22:44:09,103 - => Test Epoch: 42, main task samples: 12398, attack samples: 12398, test loss: 0.5933, clean acc: 0.8296, Top-2: 1.0000, ASR: 0.1090, RAC: 0.7905, test target accuracy: 0.7624, stage3 final accuracy: 0.8296, stage3 final target accuracy: 0.5896, stage3 final asr: 0.1090, anchor loss: 0.0388
2026-04-20 22:44:09,103 - => Stage 3 Detection Summary: recall: 0.8906, precision: 0.8195, f1: 0.8535, false positive rate: 0.1292, correction rate: 0.8904
2026-04-20 22:44:09,103 - => Stage 3 Debug (clean): suspicious=1602/12398, correction_applied=1590, prediction_changed=1590, skipped_tied_vote=0, skipped_low_margin=0, skipped_other=12
2026-04-20 22:44:09,103 - => Stage 3 Debug (poison-valid): suspicious=7295/8265, correction_applied=7294, prediction_changed=7294, skipped_tied_vote=0, skipped_low_margin=0, skipped_other=1
2026-04-20 22:44:09,104 - => Stage 3 Debug (attack-success): suspicious=7291/8187, correction_applied=7290, prediction_changed=7290, corrected_to_true=7290
2026-04-20 22:44:09,104 - => Stage 2 checkpoint score: mean(clean_acc=0.8296, recall=0.8906, correction_rate=0.8904) = 0.8702
2026-04-20 22:44:09,132 - => End Epoch: 42, early stop epochs: 7, best epoch: 35, best clean acc: 0.8308, best Top-2: 1.0000, best ASR: 0.0996, best RAC: 0.7985, anchor loss: 0.0388, best checkpoint score: 0.8770
2026-04-20 22:44:09,132 - => Stage 3 Detection Summary: recall: 0.9002, precision: 0.8325, f1: 0.8650, false positive rate: 0.1195, correction rate: 0.9000
2026-04-20 22:44:09,152 - => LFBA current anchor-derived target label: 1
2026-04-20 22:44:09,166 - =>Add Trigger to Train Data
2026-04-20 22:44:09,269 - Add Trigger to 4959 Bad Samples, 44632 Clean Samples (0.10)
2026-04-20 22:44:09,281 - => Start Training for Injecting Backdoor...
2026-04-20 22:44:09,308 - Epoch: 43, 1/194: VFL loss: 0.1211, total loss: 0.0770, anchor loss: 0.0328, VFL train accuracy: 0.9648
2026-04-20 22:44:09,554 - Epoch: 43, 11/194: VFL loss: 0.1021, total loss: 0.0671, anchor loss: 0.0321, VFL train accuracy: 0.9673
2026-04-20 22:44:09,808 - Epoch: 43, 21/194: VFL loss: 0.0983, total loss: 0.0648, anchor loss: 0.0312, VFL train accuracy: 0.9691
2026-04-20 22:44:10,062 - Epoch: 43, 31/194: VFL loss: 0.0958, total loss: 0.0634, anchor loss: 0.0311, VFL train accuracy: 0.9698
2026-04-20 22:44:10,318 - Epoch: 43, 41/194: VFL loss: 0.0965, total loss: 0.0638, anchor loss: 0.0310, VFL train accuracy: 0.9693
2026-04-20 22:44:10,580 - Epoch: 43, 51/194: VFL loss: 0.0954, total loss: 0.0632, anchor loss: 0.0309, VFL train accuracy: 0.9696
2026-04-20 22:44:10,812 - Epoch: 43, 61/194: VFL loss: 0.0948, total loss: 0.0628, anchor loss: 0.0307, VFL train accuracy: 0.9696
2026-04-20 22:44:11,051 - Epoch: 43, 71/194: VFL loss: 0.0975, total loss: 0.0641, anchor loss: 0.0306, VFL train accuracy: 0.9692
2026-04-20 22:44:11,290 - Epoch: 43, 81/194: VFL loss: 0.0985, total loss: 0.0645, anchor loss: 0.0305, VFL train accuracy: 0.9691
2026-04-20 22:44:11,523 - Epoch: 43, 91/194: VFL loss: 0.1007, total loss: 0.0657, anchor loss: 0.0307, VFL train accuracy: 0.9686
2026-04-20 22:44:11,758 - Epoch: 43, 101/194: VFL loss: 0.1010, total loss: 0.0659, anchor loss: 0.0307, VFL train accuracy: 0.9683
2026-04-20 22:44:11,979 - Epoch: 43, 111/194: VFL loss: 0.1004, total loss: 0.0656, anchor loss: 0.0308, VFL train accuracy: 0.9685
2026-04-20 22:44:12,209 - Epoch: 43, 121/194: VFL loss: 0.1010, total loss: 0.0659, anchor loss: 0.0307, VFL train accuracy: 0.9682
2026-04-20 22:44:12,443 - Epoch: 43, 131/194: VFL loss: 0.1017, total loss: 0.0662, anchor loss: 0.0308, VFL train accuracy: 0.9679
2026-04-20 22:44:12,684 - Epoch: 43, 141/194: VFL loss: 0.1011, total loss: 0.0659, anchor loss: 0.0306, VFL train accuracy: 0.9683
2026-04-20 22:44:12,919 - Epoch: 43, 151/194: VFL loss: 0.1014, total loss: 0.0660, anchor loss: 0.0306, VFL train accuracy: 0.9682
2026-04-20 22:44:13,169 - Epoch: 43, 161/194: VFL loss: 0.1002, total loss: 0.0654, anchor loss: 0.0305, VFL train accuracy: 0.9684
2026-04-20 22:44:13,387 - Epoch: 43, 171/194: VFL loss: 0.0997, total loss: 0.0651, anchor loss: 0.0304, VFL train accuracy: 0.9688
2026-04-20 22:44:13,633 - Epoch: 43, 181/194: VFL loss: 0.0998, total loss: 0.0651, anchor loss: 0.0304, VFL train accuracy: 0.9688
2026-04-20 22:44:13,867 - Epoch: 43, 191/194: VFL loss: 0.0995, total loss: 0.0650, anchor loss: 0.0304, VFL train accuracy: 0.9688
2026-04-20 22:44:13,940 - => Recorded Stage 2 client anchor losses for epoch 43 to 'results/AVGuard/stage3_gamma_sensitivity_3clients_noema_bounded_q/IEEE_CIS_FRAUD_3clients_noema_bounded_q_gamma_1.0\stage2_final_epoch_client_anchor_losses.json': {0: 0.024389, 1: 0.035359, 2: 0.031571}
2026-04-20 22:44:13,942 - => Stage 2 EMA anchor update skipped at epoch 43 because momentum=1.0000 disables EMA; eligible classes per client {0: 2, 1: 2, 2: 2}
2026-04-20 22:44:13,942 - => Stage 2 Epoch 43 Training Summary: VFL loss: 0.0997, total loss: 0.0650, anchor loss: 0.0304, VFL train accuracy: 0.9687
2026-04-20 22:44:13,942 - => Test ASR...
2026-04-20 22:44:13,947 - =>Add Trigger to Test Data
2026-04-20 22:44:14,355 - Add Trigger to 8265 Bad Samples, 4133 Clean Samples (1.00)
2026-04-20 22:44:17,217 - => Test Epoch: 43, main task samples: 12398, attack samples: 12398, test loss: 0.5879, clean acc: 0.8292, Top-2: 1.0000, ASR: 0.1077, RAC: 0.7895, test target accuracy: 0.7593, stage3 final accuracy: 0.8292, stage3 final target accuracy: 0.5838, stage3 final asr: 0.1077, anchor loss: 0.0389
2026-04-20 22:44:17,218 - => Stage 3 Detection Summary: recall: 0.8919, precision: 0.8194, f1: 0.8541, false positive rate: 0.1295, correction rate: 0.8917
2026-04-20 22:44:17,218 - => Stage 3 Debug (clean): suspicious=1605/12398, correction_applied=1590, prediction_changed=1590, skipped_tied_vote=0, skipped_low_margin=0, skipped_other=15
2026-04-20 22:44:17,218 - => Stage 3 Debug (poison-valid): suspicious=7303/8265, correction_applied=7302, prediction_changed=7302, skipped_tied_vote=0, skipped_low_margin=0, skipped_other=1
2026-04-20 22:44:17,218 - => Stage 3 Debug (attack-success): suspicious=7299/8184, correction_applied=7298, prediction_changed=7298, corrected_to_true=7298
2026-04-20 22:44:17,218 - => Stage 2 checkpoint score: mean(clean_acc=0.8292, recall=0.8919, correction_rate=0.8917) = 0.8709
2026-04-20 22:44:17,247 - => End Epoch: 43, early stop epochs: 8, best epoch: 35, best clean acc: 0.8308, best Top-2: 1.0000, best ASR: 0.0996, best RAC: 0.7985, anchor loss: 0.0388, best checkpoint score: 0.8770
2026-04-20 22:44:17,247 - => Stage 3 Detection Summary: recall: 0.9002, precision: 0.8325, f1: 0.8650, false positive rate: 0.1195, correction rate: 0.9000
2026-04-20 22:44:17,268 - => LFBA current anchor-derived target label: 1
2026-04-20 22:44:17,278 - =>Add Trigger to Train Data
2026-04-20 22:44:17,372 - Add Trigger to 4959 Bad Samples, 44632 Clean Samples (0.10)
2026-04-20 22:44:17,383 - => Start Training for Injecting Backdoor...
2026-04-20 22:44:17,414 - Epoch: 44, 1/194: VFL loss: 0.1074, total loss: 0.0681, anchor loss: 0.0288, VFL train accuracy: 0.9609
2026-04-20 22:44:17,650 - Epoch: 44, 11/194: VFL loss: 0.0889, total loss: 0.0595, anchor loss: 0.0301, VFL train accuracy: 0.9705
2026-04-20 22:44:17,889 - Epoch: 44, 21/194: VFL loss: 0.0903, total loss: 0.0603, anchor loss: 0.0302, VFL train accuracy: 0.9706
2026-04-20 22:44:18,112 - Epoch: 44, 31/194: VFL loss: 0.0892, total loss: 0.0600, anchor loss: 0.0308, VFL train accuracy: 0.9713
2026-04-20 22:44:18,350 - Epoch: 44, 41/194: VFL loss: 0.0887, total loss: 0.0597, anchor loss: 0.0308, VFL train accuracy: 0.9717
2026-04-20 22:44:18,565 - Epoch: 44, 51/194: VFL loss: 0.0885, total loss: 0.0595, anchor loss: 0.0306, VFL train accuracy: 0.9717
2026-04-20 22:44:18,775 - Epoch: 44, 61/194: VFL loss: 0.0909, total loss: 0.0607, anchor loss: 0.0306, VFL train accuracy: 0.9709
2026-04-20 22:44:19,002 - Epoch: 44, 71/194: VFL loss: 0.0904, total loss: 0.0605, anchor loss: 0.0307, VFL train accuracy: 0.9710
2026-04-20 22:44:19,230 - Epoch: 44, 81/194: VFL loss: 0.0898, total loss: 0.0602, anchor loss: 0.0307, VFL train accuracy: 0.9711
2026-04-20 22:44:19,438 - Epoch: 44, 91/194: VFL loss: 0.0904, total loss: 0.0605, anchor loss: 0.0306, VFL train accuracy: 0.9711
2026-04-20 22:44:19,677 - Epoch: 44, 101/194: VFL loss: 0.0893, total loss: 0.0600, anchor loss: 0.0306, VFL train accuracy: 0.9717
2026-04-20 22:44:19,914 - Epoch: 44, 111/194: VFL loss: 0.0891, total loss: 0.0598, anchor loss: 0.0305, VFL train accuracy: 0.9717
2026-04-20 22:44:20,172 - Epoch: 44, 121/194: VFL loss: 0.0888, total loss: 0.0596, anchor loss: 0.0305, VFL train accuracy: 0.9718
2026-04-20 22:44:20,587 - Epoch: 44, 131/194: VFL loss: 0.0896, total loss: 0.0601, anchor loss: 0.0306, VFL train accuracy: 0.9715
2026-04-20 22:44:20,818 - Epoch: 44, 141/194: VFL loss: 0.0893, total loss: 0.0599, anchor loss: 0.0306, VFL train accuracy: 0.9714
2026-04-20 22:44:21,053 - Epoch: 44, 151/194: VFL loss: 0.0905, total loss: 0.0605, anchor loss: 0.0306, VFL train accuracy: 0.9711
2026-04-20 22:44:21,268 - Epoch: 44, 161/194: VFL loss: 0.0901, total loss: 0.0603, anchor loss: 0.0305, VFL train accuracy: 0.9713
2026-04-20 22:44:21,503 - Epoch: 44, 171/194: VFL loss: 0.0902, total loss: 0.0604, anchor loss: 0.0305, VFL train accuracy: 0.9713
2026-04-20 22:44:21,740 - Epoch: 44, 181/194: VFL loss: 0.0894, total loss: 0.0599, anchor loss: 0.0304, VFL train accuracy: 0.9715
2026-04-20 22:44:21,980 - Epoch: 44, 191/194: VFL loss: 0.0885, total loss: 0.0595, anchor loss: 0.0304, VFL train accuracy: 0.9718
2026-04-20 22:44:22,056 - => Recorded Stage 2 client anchor losses for epoch 44 to 'results/AVGuard/stage3_gamma_sensitivity_3clients_noema_bounded_q/IEEE_CIS_FRAUD_3clients_noema_bounded_q_gamma_1.0\stage2_final_epoch_client_anchor_losses.json': {0: 0.024357, 1: 0.035355, 2: 0.031578}
2026-04-20 22:44:22,059 - => Stage 2 EMA anchor update skipped at epoch 44 because momentum=1.0000 disables EMA; eligible classes per client {0: 2, 1: 2, 2: 2}
2026-04-20 22:44:22,059 - => Stage 2 Epoch 44 Training Summary: VFL loss: 0.0887, total loss: 0.0596, anchor loss: 0.0304, VFL train accuracy: 0.9717
2026-04-20 22:44:22,059 - => Test ASR...
2026-04-20 22:44:22,066 - =>Add Trigger to Test Data
2026-04-20 22:44:22,454 - Add Trigger to 8265 Bad Samples, 4133 Clean Samples (1.00)
2026-04-20 22:44:25,207 - => Test Epoch: 44, main task samples: 12398, attack samples: 12398, test loss: 0.5968, clean acc: 0.8298, Top-2: 1.0000, ASR: 0.1064, RAC: 0.7914, test target accuracy: 0.7612, stage3 final accuracy: 0.8298, stage3 final target accuracy: 0.5870, stage3 final asr: 0.1064, anchor loss: 0.0388
2026-04-20 22:44:25,208 - => Stage 3 Detection Summary: recall: 0.8931, precision: 0.8196, f1: 0.8548, false positive rate: 0.1295, correction rate: 0.8931
2026-04-20 22:44:25,208 - => Stage 3 Debug (clean): suspicious=1605/12398, correction_applied=1588, prediction_changed=1588, skipped_tied_vote=0, skipped_low_margin=0, skipped_other=17
2026-04-20 22:44:25,208 - => Stage 3 Debug (poison-valid): suspicious=7316/8265, correction_applied=7316, prediction_changed=7316, skipped_tied_vote=0, skipped_low_margin=0, skipped_other=0
2026-04-20 22:44:25,208 - => Stage 3 Debug (attack-success): suspicious=7312/8187, correction_applied=7312, prediction_changed=7312, corrected_to_true=7312
2026-04-20 22:44:25,208 - => Stage 2 checkpoint score: mean(clean_acc=0.8298, recall=0.8931, correction_rate=0.8931) = 0.8720
2026-04-20 22:44:25,239 - => End Epoch: 44, early stop epochs: 9, best epoch: 35, best clean acc: 0.8308, best Top-2: 1.0000, best ASR: 0.0996, best RAC: 0.7985, anchor loss: 0.0388, best checkpoint score: 0.8770
2026-04-20 22:44:25,239 - => Stage 3 Detection Summary: recall: 0.9002, precision: 0.8325, f1: 0.8650, false positive rate: 0.1195, correction rate: 0.9000
2026-04-20 22:44:25,257 - => LFBA current anchor-derived target label: 1
2026-04-20 22:44:25,265 - =>Add Trigger to Train Data
2026-04-20 22:44:25,364 - Add Trigger to 4959 Bad Samples, 44632 Clean Samples (0.10)
2026-04-20 22:44:25,376 - => Start Training for Injecting Backdoor...
2026-04-20 22:44:25,404 - Epoch: 45, 1/194: VFL loss: 0.1188, total loss: 0.0749, anchor loss: 0.0310, VFL train accuracy: 0.9609
2026-04-20 22:44:25,644 - Epoch: 45, 11/194: VFL loss: 0.1089, total loss: 0.0700, anchor loss: 0.0310, VFL train accuracy: 0.9670
2026-04-20 22:44:25,880 - Epoch: 45, 21/194: VFL loss: 0.1048, total loss: 0.0678, anchor loss: 0.0308, VFL train accuracy: 0.9686
2026-04-20 22:44:26,120 - Epoch: 45, 31/194: VFL loss: 0.1011, total loss: 0.0658, anchor loss: 0.0304, VFL train accuracy: 0.9686
2026-04-20 22:44:26,363 - Epoch: 45, 41/194: VFL loss: 0.1015, total loss: 0.0660, anchor loss: 0.0305, VFL train accuracy: 0.9685
2026-04-20 22:44:26,618 - Epoch: 45, 51/194: VFL loss: 0.0993, total loss: 0.0648, anchor loss: 0.0304, VFL train accuracy: 0.9691
2026-04-20 22:44:26,853 - Epoch: 45, 61/194: VFL loss: 0.0984, total loss: 0.0643, anchor loss: 0.0302, VFL train accuracy: 0.9700
2026-04-20 22:44:27,090 - Epoch: 45, 71/194: VFL loss: 0.0986, total loss: 0.0644, anchor loss: 0.0302, VFL train accuracy: 0.9694
2026-04-20 22:44:27,324 - Epoch: 45, 81/194: VFL loss: 0.0982, total loss: 0.0642, anchor loss: 0.0303, VFL train accuracy: 0.9696
2026-04-20 22:44:27,554 - Epoch: 45, 91/194: VFL loss: 0.0992, total loss: 0.0649, anchor loss: 0.0306, VFL train accuracy: 0.9691
2026-04-20 22:44:27,786 - Epoch: 45, 101/194: VFL loss: 0.0985, total loss: 0.0645, anchor loss: 0.0304, VFL train accuracy: 0.9692
2026-04-20 22:44:28,014 - Epoch: 45, 111/194: VFL loss: 0.0997, total loss: 0.0651, anchor loss: 0.0305, VFL train accuracy: 0.9689
2026-04-20 22:44:28,232 - Epoch: 45, 121/194: VFL loss: 0.1006, total loss: 0.0656, anchor loss: 0.0305, VFL train accuracy: 0.9684
2026-04-20 22:44:28,491 - Epoch: 45, 131/194: VFL loss: 0.1017, total loss: 0.0661, anchor loss: 0.0305, VFL train accuracy: 0.9679
2026-04-20 22:44:28,734 - Epoch: 45, 141/194: VFL loss: 0.1008, total loss: 0.0657, anchor loss: 0.0305, VFL train accuracy: 0.9680
2026-04-20 22:44:28,960 - Epoch: 45, 151/194: VFL loss: 0.1006, total loss: 0.0655, anchor loss: 0.0305, VFL train accuracy: 0.9683
2026-04-20 22:44:29,196 - Epoch: 45, 161/194: VFL loss: 0.1018, total loss: 0.0662, anchor loss: 0.0306, VFL train accuracy: 0.9678
2026-04-20 22:44:29,436 - Epoch: 45, 171/194: VFL loss: 0.1005, total loss: 0.0655, anchor loss: 0.0305, VFL train accuracy: 0.9684
2026-04-20 22:44:29,675 - Epoch: 45, 181/194: VFL loss: 0.0999, total loss: 0.0652, anchor loss: 0.0305, VFL train accuracy: 0.9685
2026-04-20 22:44:29,913 - Epoch: 45, 191/194: VFL loss: 0.0993, total loss: 0.0649, anchor loss: 0.0304, VFL train accuracy: 0.9688
2026-04-20 22:44:29,984 - => Recorded Stage 2 client anchor losses for epoch 45 to 'results/AVGuard/stage3_gamma_sensitivity_3clients_noema_bounded_q/IEEE_CIS_FRAUD_3clients_noema_bounded_q_gamma_1.0\stage2_final_epoch_client_anchor_losses.json': {0: 0.02435, 1: 0.035355, 2: 0.031562}
2026-04-20 22:44:29,989 - => Stage 2 EMA anchor update skipped at epoch 45 because momentum=1.0000 disables EMA; eligible classes per client {0: 2, 1: 2, 2: 2}
2026-04-20 22:44:29,989 - => Stage 2 Epoch 45 Training Summary: VFL loss: 0.0990, total loss: 0.0647, anchor loss: 0.0304, VFL train accuracy: 0.9689
2026-04-20 22:44:29,989 - => Test ASR...
2026-04-20 22:44:29,994 - =>Add Trigger to Test Data
2026-04-20 22:44:30,400 - Add Trigger to 8265 Bad Samples, 4133 Clean Samples (1.00)
2026-04-20 22:44:33,180 - => Test Epoch: 45, main task samples: 12398, attack samples: 12398, test loss: 0.5921, clean acc: 0.8294, Top-2: 1.0000, ASR: 0.1065, RAC: 0.7905, test target accuracy: 0.7593, stage3 final accuracy: 0.8294, stage3 final target accuracy: 0.5846, stage3 final asr: 0.1065, anchor loss: 0.0389
2026-04-20 22:44:33,180 - => Stage 3 Detection Summary: recall: 0.8930, precision: 0.8189, f1: 0.8543, false positive rate: 0.1301, correction rate: 0.8930
2026-04-20 22:44:33,180 - => Stage 3 Debug (clean): suspicious=1613/12398, correction_applied=1596, prediction_changed=1596, skipped_tied_vote=0, skipped_low_margin=0, skipped_other=17
2026-04-20 22:44:33,180 - => Stage 3 Debug (poison-valid): suspicious=7314/8265, correction_applied=7314, prediction_changed=7314, skipped_tied_vote=0, skipped_low_margin=0, skipped_other=0
2026-04-20 22:44:33,181 - => Stage 3 Debug (attack-success): suspicious=7310/8186, correction_applied=7310, prediction_changed=7310, corrected_to_true=7310
2026-04-20 22:44:33,181 - => Stage 2 checkpoint score: mean(clean_acc=0.8294, recall=0.8930, correction_rate=0.8930) = 0.8718
2026-04-20 22:44:33,208 - => End Epoch: 45, early stop epochs: 10, best epoch: 35, best clean acc: 0.8308, best Top-2: 1.0000, best ASR: 0.0996, best RAC: 0.7985, anchor loss: 0.0388, best checkpoint score: 0.8770
2026-04-20 22:44:33,208 - => Stage 3 Detection Summary: recall: 0.9002, precision: 0.8325, f1: 0.8650, false positive rate: 0.1195, correction rate: 0.9000
2026-04-20 22:44:33,231 - => LFBA current anchor-derived target label: 1
2026-04-20 22:44:33,239 - =>Add Trigger to Train Data
2026-04-20 22:44:33,337 - Add Trigger to 4959 Bad Samples, 44632 Clean Samples (0.10)
2026-04-20 22:44:33,348 - => Start Training for Injecting Backdoor...
2026-04-20 22:44:33,374 - Epoch: 46, 1/194: VFL loss: 0.0613, total loss: 0.0434, anchor loss: 0.0255, VFL train accuracy: 0.9766
2026-04-20 22:44:33,606 - Epoch: 46, 11/194: VFL loss: 0.0863, total loss: 0.0579, anchor loss: 0.0296, VFL train accuracy: 0.9712
2026-04-20 22:44:33,824 - Epoch: 46, 21/194: VFL loss: 0.0819, total loss: 0.0559, anchor loss: 0.0300, VFL train accuracy: 0.9734
2026-04-20 22:44:34,042 - Epoch: 46, 31/194: VFL loss: 0.0849, total loss: 0.0574, anchor loss: 0.0300, VFL train accuracy: 0.9719
2026-04-20 22:44:34,259 - Epoch: 46, 41/194: VFL loss: 0.0836, total loss: 0.0567, anchor loss: 0.0298, VFL train accuracy: 0.9731
2026-04-20 22:44:34,482 - Epoch: 46, 51/194: VFL loss: 0.0834, total loss: 0.0566, anchor loss: 0.0298, VFL train accuracy: 0.9733
2026-04-20 22:44:34,731 - Epoch: 46, 61/194: VFL loss: 0.0859, total loss: 0.0580, anchor loss: 0.0300, VFL train accuracy: 0.9722
2026-04-20 22:44:34,959 - Epoch: 46, 71/194: VFL loss: 0.0858, total loss: 0.0579, anchor loss: 0.0300, VFL train accuracy: 0.9725
2026-04-20 22:44:35,197 - Epoch: 46, 81/194: VFL loss: 0.0855, total loss: 0.0578, anchor loss: 0.0301, VFL train accuracy: 0.9727
2026-04-20 22:44:35,419 - Epoch: 46, 91/194: VFL loss: 0.0871, total loss: 0.0585, anchor loss: 0.0300, VFL train accuracy: 0.9723
2026-04-20 22:44:35,657 - Epoch: 46, 101/194: VFL loss: 0.0875, total loss: 0.0588, anchor loss: 0.0302, VFL train accuracy: 0.9722
2026-04-20 22:44:35,881 - Epoch: 46, 111/194: VFL loss: 0.0884, total loss: 0.0593, anchor loss: 0.0302, VFL train accuracy: 0.9719
2026-04-20 22:44:36,095 - Epoch: 46, 121/194: VFL loss: 0.0892, total loss: 0.0598, anchor loss: 0.0304, VFL train accuracy: 0.9715
2026-04-20 22:44:36,336 - Epoch: 46, 131/194: VFL loss: 0.0885, total loss: 0.0594, anchor loss: 0.0304, VFL train accuracy: 0.9718
2026-04-20 22:44:36,582 - Epoch: 46, 141/194: VFL loss: 0.0878, total loss: 0.0591, anchor loss: 0.0303, VFL train accuracy: 0.9720
2026-04-20 22:44:36,816 - Epoch: 46, 151/194: VFL loss: 0.0885, total loss: 0.0595, anchor loss: 0.0304, VFL train accuracy: 0.9720
2026-04-20 22:44:37,056 - Epoch: 46, 161/194: VFL loss: 0.0886, total loss: 0.0596, anchor loss: 0.0305, VFL train accuracy: 0.9719
2026-04-20 22:44:37,287 - Epoch: 46, 171/194: VFL loss: 0.0877, total loss: 0.0591, anchor loss: 0.0305, VFL train accuracy: 0.9722
2026-04-20 22:44:37,506 - Epoch: 46, 181/194: VFL loss: 0.0883, total loss: 0.0594, anchor loss: 0.0304, VFL train accuracy: 0.9721
2026-04-20 22:44:37,733 - Epoch: 46, 191/194: VFL loss: 0.0884, total loss: 0.0594, anchor loss: 0.0305, VFL train accuracy: 0.9719
2026-04-20 22:44:37,808 - => Recorded Stage 2 client anchor losses for epoch 46 to 'results/AVGuard/stage3_gamma_sensitivity_3clients_noema_bounded_q/IEEE_CIS_FRAUD_3clients_noema_bounded_q_gamma_1.0\stage2_final_epoch_client_anchor_losses.json': {0: 0.024339, 1: 0.035352, 2: 0.031574}
2026-04-20 22:44:37,811 - => Stage 2 EMA anchor update skipped at epoch 46 because momentum=1.0000 disables EMA; eligible classes per client {0: 2, 1: 2, 2: 2}
2026-04-20 22:44:37,811 - => Stage 2 Epoch 46 Training Summary: VFL loss: 0.0883, total loss: 0.0594, anchor loss: 0.0304, VFL train accuracy: 0.9719
2026-04-20 22:44:37,811 - => Test ASR...
2026-04-20 22:44:37,817 - =>Add Trigger to Test Data
2026-04-20 22:44:38,219 - Add Trigger to 8265 Bad Samples, 4133 Clean Samples (1.00)
2026-04-20 22:44:40,990 - => Test Epoch: 46, main task samples: 12398, attack samples: 12398, test loss: 0.6018, clean acc: 0.8294, Top-2: 1.0000, ASR: 0.1074, RAC: 0.7910, test target accuracy: 0.7624, stage3 final accuracy: 0.8294, stage3 final target accuracy: 0.5880, stage3 final asr: 0.1074, anchor loss: 0.0388
2026-04-20 22:44:40,990 - => Stage 3 Detection Summary: recall: 0.8921, precision: 0.8173, f1: 0.8531, false positive rate: 0.1313, correction rate: 0.8920
2026-04-20 22:44:40,990 - => Stage 3 Debug (clean): suspicious=1628/12398, correction_applied=1612, prediction_changed=1612, skipped_tied_vote=0, skipped_low_margin=0, skipped_other=16
2026-04-20 22:44:40,990 - => Stage 3 Debug (poison-valid): suspicious=7307/8265, correction_applied=7306, prediction_changed=7306, skipped_tied_vote=0, skipped_low_margin=0, skipped_other=1
2026-04-20 22:44:40,991 - => Stage 3 Debug (attack-success): suspicious=7303/8186, correction_applied=7302, prediction_changed=7302, corrected_to_true=7302
2026-04-20 22:44:40,991 - => Stage 2 checkpoint score: mean(clean_acc=0.8294, recall=0.8921, correction_rate=0.8920) = 0.8712
2026-04-20 22:44:41,023 - => End Epoch: 46, early stop epochs: 11, best epoch: 35, best clean acc: 0.8308, best Top-2: 1.0000, best ASR: 0.0996, best RAC: 0.7985, anchor loss: 0.0388, best checkpoint score: 0.8770
2026-04-20 22:44:41,023 - => Stage 3 Detection Summary: recall: 0.9002, precision: 0.8325, f1: 0.8650, false positive rate: 0.1195, correction rate: 0.9000
2026-04-20 22:44:41,042 - => LFBA current anchor-derived target label: 1
2026-04-20 22:44:41,053 - =>Add Trigger to Train Data
2026-04-20 22:44:41,187 - Add Trigger to 4959 Bad Samples, 44632 Clean Samples (0.10)
2026-04-20 22:44:41,199 - => Start Training for Injecting Backdoor...
2026-04-20 22:44:41,230 - Epoch: 47, 1/194: VFL loss: 0.0668, total loss: 0.0439, anchor loss: 0.0211, VFL train accuracy: 0.9805
2026-04-20 22:44:41,471 - Epoch: 47, 11/194: VFL loss: 0.0978, total loss: 0.0640, anchor loss: 0.0301, VFL train accuracy: 0.9659
2026-04-20 22:44:41,714 - Epoch: 47, 21/194: VFL loss: 0.0957, total loss: 0.0629, anchor loss: 0.0302, VFL train accuracy: 0.9693
2026-04-20 22:44:41,964 - Epoch: 47, 31/194: VFL loss: 0.0955, total loss: 0.0629, anchor loss: 0.0302, VFL train accuracy: 0.9695
2026-04-20 22:44:42,212 - Epoch: 47, 41/194: VFL loss: 0.0947, total loss: 0.0625, anchor loss: 0.0302, VFL train accuracy: 0.9696
2026-04-20 22:44:42,461 - Epoch: 47, 51/194: VFL loss: 0.0958, total loss: 0.0629, anchor loss: 0.0301, VFL train accuracy: 0.9697
2026-04-20 22:44:42,708 - Epoch: 47, 61/194: VFL loss: 0.0964, total loss: 0.0632, anchor loss: 0.0300, VFL train accuracy: 0.9699
2026-04-20 22:44:42,940 - Epoch: 47, 71/194: VFL loss: 0.0946, total loss: 0.0622, anchor loss: 0.0298, VFL train accuracy: 0.9707
2026-04-20 22:44:43,167 - Epoch: 47, 81/194: VFL loss: 0.0947, total loss: 0.0623, anchor loss: 0.0298, VFL train accuracy: 0.9709
2026-04-20 22:44:43,397 - Epoch: 47, 91/194: VFL loss: 0.0939, total loss: 0.0619, anchor loss: 0.0299, VFL train accuracy: 0.9711
2026-04-20 22:44:43,648 - Epoch: 47, 101/194: VFL loss: 0.0955, total loss: 0.0628, anchor loss: 0.0300, VFL train accuracy: 0.9704
2026-04-20 22:44:43,874 - Epoch: 47, 111/194: VFL loss: 0.0955, total loss: 0.0628, anchor loss: 0.0302, VFL train accuracy: 0.9704
2026-04-20 22:44:44,113 - Epoch: 47, 121/194: VFL loss: 0.0953, total loss: 0.0627, anchor loss: 0.0302, VFL train accuracy: 0.9705
2026-04-20 22:44:44,348 - Epoch: 47, 131/194: VFL loss: 0.0961, total loss: 0.0632, anchor loss: 0.0303, VFL train accuracy: 0.9701
2026-04-20 22:44:44,580 - Epoch: 47, 141/194: VFL loss: 0.0966, total loss: 0.0635, anchor loss: 0.0303, VFL train accuracy: 0.9700
2026-04-20 22:44:44,806 - Epoch: 47, 151/194: VFL loss: 0.0967, total loss: 0.0635, anchor loss: 0.0303, VFL train accuracy: 0.9702
2026-04-20 22:44:45,069 - Epoch: 47, 161/194: VFL loss: 0.0976, total loss: 0.0640, anchor loss: 0.0304, VFL train accuracy: 0.9698
2026-04-20 22:44:45,315 - Epoch: 47, 171/194: VFL loss: 0.0980, total loss: 0.0642, anchor loss: 0.0304, VFL train accuracy: 0.9696
2026-04-20 22:44:45,546 - Epoch: 47, 181/194: VFL loss: 0.0988, total loss: 0.0646, anchor loss: 0.0304, VFL train accuracy: 0.9691
2026-04-20 22:44:45,794 - Epoch: 47, 191/194: VFL loss: 0.0986, total loss: 0.0645, anchor loss: 0.0304, VFL train accuracy: 0.9692
2026-04-20 22:44:45,873 - => Recorded Stage 2 client anchor losses for epoch 47 to 'results/AVGuard/stage3_gamma_sensitivity_3clients_noema_bounded_q/IEEE_CIS_FRAUD_3clients_noema_bounded_q_gamma_1.0\stage2_final_epoch_client_anchor_losses.json': {0: 0.02433, 1: 0.03535, 2: 0.031565}
2026-04-20 22:44:45,875 - => Stage 2 EMA anchor update skipped at epoch 47 because momentum=1.0000 disables EMA; eligible classes per client {0: 2, 1: 2, 2: 2}
2026-04-20 22:44:45,876 - => Stage 2 Epoch 47 Training Summary: VFL loss: 0.0985, total loss: 0.0645, anchor loss: 0.0304, VFL train accuracy: 0.9692
2026-04-20 22:44:45,876 - => Test ASR...
2026-04-20 22:44:45,882 - =>Add Trigger to Test Data
2026-04-20 22:44:46,304 - Add Trigger to 8265 Bad Samples, 4133 Clean Samples (1.00)
2026-04-20 22:44:49,093 - => Test Epoch: 47, main task samples: 12398, attack samples: 12398, test loss: 0.5972, clean acc: 0.8295, Top-2: 1.0000, ASR: 0.1068, RAC: 0.7920, test target accuracy: 0.7624, stage3 final accuracy: 0.8295, stage3 final target accuracy: 0.5896, stage3 final asr: 0.1068, anchor loss: 0.0388
2026-04-20 22:44:49,093 - => Stage 3 Detection Summary: recall: 0.8929, precision: 0.8167, f1: 0.8531, false positive rate: 0.1320, correction rate: 0.8926
2026-04-20 22:44:49,093 - => Stage 3 Debug (clean): suspicious=1637/12398, correction_applied=1625, prediction_changed=1625, skipped_tied_vote=0, skipped_low_margin=0, skipped_other=12
2026-04-20 22:44:49,093 - => Stage 3 Debug (poison-valid): suspicious=7315/8265, correction_applied=7313, prediction_changed=7313, skipped_tied_vote=0, skipped_low_margin=0, skipped_other=2
2026-04-20 22:44:49,093 - => Stage 3 Debug (attack-success): suspicious=7311/8188, correction_applied=7309, prediction_changed=7309, corrected_to_true=7309
2026-04-20 22:44:49,094 - => Stage 2 checkpoint score: mean(clean_acc=0.8295, recall=0.8929, correction_rate=0.8926) = 0.8717
2026-04-20 22:44:49,127 - => End Epoch: 47, early stop epochs: 12, best epoch: 35, best clean acc: 0.8308, best Top-2: 1.0000, best ASR: 0.0996, best RAC: 0.7985, anchor loss: 0.0388, best checkpoint score: 0.8770
2026-04-20 22:44:49,128 - => Stage 3 Detection Summary: recall: 0.9002, precision: 0.8325, f1: 0.8650, false positive rate: 0.1195, correction rate: 0.9000
2026-04-20 22:44:49,151 - => LFBA current anchor-derived target label: 1
2026-04-20 22:44:49,160 - =>Add Trigger to Train Data
2026-04-20 22:44:49,279 - Add Trigger to 4959 Bad Samples, 44632 Clean Samples (0.10)
2026-04-20 22:44:49,291 - => Start Training for Injecting Backdoor...
2026-04-20 22:44:49,322 - Epoch: 48, 1/194: VFL loss: 0.0633, total loss: 0.0452, anchor loss: 0.0271, VFL train accuracy: 0.9727
2026-04-20 22:44:49,566 - Epoch: 48, 11/194: VFL loss: 0.0824, total loss: 0.0564, anchor loss: 0.0303, VFL train accuracy: 0.9755
2026-04-20 22:44:49,812 - Epoch: 48, 21/194: VFL loss: 0.0889, total loss: 0.0600, anchor loss: 0.0311, VFL train accuracy: 0.9727
2026-04-20 22:44:50,070 - Epoch: 48, 31/194: VFL loss: 0.0876, total loss: 0.0591, anchor loss: 0.0307, VFL train accuracy: 0.9730
2026-04-20 22:44:50,299 - Epoch: 48, 41/194: VFL loss: 0.0877, total loss: 0.0591, anchor loss: 0.0305, VFL train accuracy: 0.9731
2026-04-20 22:44:50,546 - Epoch: 48, 51/194: VFL loss: 0.0897, total loss: 0.0602, anchor loss: 0.0308, VFL train accuracy: 0.9722
2026-04-20 22:44:50,802 - Epoch: 48, 61/194: VFL loss: 0.0883, total loss: 0.0595, anchor loss: 0.0308, VFL train accuracy: 0.9729
2026-04-20 22:44:51,043 - Epoch: 48, 71/194: VFL loss: 0.0871, total loss: 0.0588, anchor loss: 0.0305, VFL train accuracy: 0.9733
2026-04-20 22:44:51,265 - Epoch: 48, 81/194: VFL loss: 0.0869, total loss: 0.0586, anchor loss: 0.0304, VFL train accuracy: 0.9735
2026-04-20 22:44:51,495 - Epoch: 48, 91/194: VFL loss: 0.0869, total loss: 0.0586, anchor loss: 0.0302, VFL train accuracy: 0.9735
2026-04-20 22:44:51,745 - Epoch: 48, 101/194: VFL loss: 0.0877, total loss: 0.0590, anchor loss: 0.0303, VFL train accuracy: 0.9730
2026-04-20 22:44:51,963 - Epoch: 48, 111/194: VFL loss: 0.0866, total loss: 0.0583, anchor loss: 0.0300, VFL train accuracy: 0.9734
2026-04-20 22:44:52,180 - Epoch: 48, 121/194: VFL loss: 0.0877, total loss: 0.0590, anchor loss: 0.0302, VFL train accuracy: 0.9728
2026-04-20 22:44:52,399 - Epoch: 48, 131/194: VFL loss: 0.0872, total loss: 0.0587, anchor loss: 0.0302, VFL train accuracy: 0.9727
2026-04-20 22:44:52,617 - Epoch: 48, 141/194: VFL loss: 0.0873, total loss: 0.0587, anchor loss: 0.0302, VFL train accuracy: 0.9726
2026-04-20 22:44:52,827 - Epoch: 48, 151/194: VFL loss: 0.0877, total loss: 0.0590, anchor loss: 0.0303, VFL train accuracy: 0.9725
2026-04-20 22:44:53,045 - Epoch: 48, 161/194: VFL loss: 0.0878, total loss: 0.0591, anchor loss: 0.0304, VFL train accuracy: 0.9723
2026-04-20 22:44:53,268 - Epoch: 48, 171/194: VFL loss: 0.0881, total loss: 0.0593, anchor loss: 0.0304, VFL train accuracy: 0.9721
2026-04-20 22:44:53,489 - Epoch: 48, 181/194: VFL loss: 0.0878, total loss: 0.0591, anchor loss: 0.0304, VFL train accuracy: 0.9722
2026-04-20 22:44:53,723 - Epoch: 48, 191/194: VFL loss: 0.0882, total loss: 0.0593, anchor loss: 0.0304, VFL train accuracy: 0.9721
2026-04-20 22:44:53,801 - => Recorded Stage 2 client anchor losses for epoch 48 to 'results/AVGuard/stage3_gamma_sensitivity_3clients_noema_bounded_q/IEEE_CIS_FRAUD_3clients_noema_bounded_q_gamma_1.0\stage2_final_epoch_client_anchor_losses.json': {0: 0.024329, 1: 0.03535, 2: 0.031576}
2026-04-20 22:44:53,806 - => Stage 2 EMA anchor update skipped at epoch 48 because momentum=1.0000 disables EMA; eligible classes per client {0: 2, 1: 2, 2: 2}
2026-04-20 22:44:53,806 - => Stage 2 Epoch 48 Training Summary: VFL loss: 0.0879, total loss: 0.0592, anchor loss: 0.0304, VFL train accuracy: 0.9721
2026-04-20 22:44:53,806 - => Test ASR...
2026-04-20 22:44:53,812 - =>Add Trigger to Test Data
2026-04-20 22:44:54,250 - Add Trigger to 8265 Bad Samples, 4133 Clean Samples (1.00)
2026-04-20 22:44:56,986 - => Test Epoch: 48, main task samples: 12398, attack samples: 12398, test loss: 0.6064, clean acc: 0.8296, Top-2: 1.0000, ASR: 0.1055, RAC: 0.7921, test target accuracy: 0.7626, stage3 final accuracy: 0.8296, stage3 final target accuracy: 0.5875, stage3 final asr: 0.1055, anchor loss: 0.0388
2026-04-20 22:44:56,986 - => Stage 3 Detection Summary: recall: 0.8940, precision: 0.8175, f1: 0.8540, false positive rate: 0.1315, correction rate: 0.8940
2026-04-20 22:44:56,986 - => Stage 3 Debug (clean): suspicious=1630/12398, correction_applied=1612, prediction_changed=1612, skipped_tied_vote=0, skipped_low_margin=0, skipped_other=18
2026-04-20 22:44:56,987 - => Stage 3 Debug (poison-valid): suspicious=7322/8265, correction_applied=7322, prediction_changed=7322, skipped_tied_vote=0, skipped_low_margin=0, skipped_other=0
2026-04-20 22:44:56,987 - => Stage 3 Debug (attack-success): suspicious=7318/8186, correction_applied=7318, prediction_changed=7318, corrected_to_true=7318
2026-04-20 22:44:56,987 - => Stage 2 checkpoint score: mean(clean_acc=0.8296, recall=0.8940, correction_rate=0.8940) = 0.8725
2026-04-20 22:44:57,014 - => End Epoch: 48, early stop epochs: 13, best epoch: 35, best clean acc: 0.8308, best Top-2: 1.0000, best ASR: 0.0996, best RAC: 0.7985, anchor loss: 0.0388, best checkpoint score: 0.8770
2026-04-20 22:44:57,015 - => Stage 3 Detection Summary: recall: 0.9002, precision: 0.8325, f1: 0.8650, false positive rate: 0.1195, correction rate: 0.9000
2026-04-20 22:44:57,034 - => LFBA current anchor-derived target label: 1
2026-04-20 22:44:57,043 - =>Add Trigger to Train Data
2026-04-20 22:44:57,142 - Add Trigger to 4959 Bad Samples, 44632 Clean Samples (0.10)
2026-04-20 22:44:57,154 - => Start Training for Injecting Backdoor...
2026-04-20 22:44:57,186 - Epoch: 49, 1/194: VFL loss: 0.0953, total loss: 0.0638, anchor loss: 0.0323, VFL train accuracy: 0.9688
2026-04-20 22:44:57,432 - Epoch: 49, 11/194: VFL loss: 0.0824, total loss: 0.0566, anchor loss: 0.0309, VFL train accuracy: 0.9734
2026-04-20 22:44:57,670 - Epoch: 49, 21/194: VFL loss: 0.0905, total loss: 0.0607, anchor loss: 0.0308, VFL train accuracy: 0.9743
2026-04-20 22:44:57,923 - Epoch: 49, 31/194: VFL loss: 0.0919, total loss: 0.0612, anchor loss: 0.0305, VFL train accuracy: 0.9728
2026-04-20 22:44:58,148 - Epoch: 49, 41/194: VFL loss: 0.0962, total loss: 0.0635, anchor loss: 0.0308, VFL train accuracy: 0.9713
2026-04-20 22:44:58,399 - Epoch: 49, 51/194: VFL loss: 0.0965, total loss: 0.0635, anchor loss: 0.0306, VFL train accuracy: 0.9709
2026-04-20 22:44:58,638 - Epoch: 49, 61/194: VFL loss: 0.0954, total loss: 0.0629, anchor loss: 0.0304, VFL train accuracy: 0.9711
2026-04-20 22:44:58,872 - Epoch: 49, 71/194: VFL loss: 0.0951, total loss: 0.0627, anchor loss: 0.0303, VFL train accuracy: 0.9716
2026-04-20 22:44:59,105 - Epoch: 49, 81/194: VFL loss: 0.0979, total loss: 0.0641, anchor loss: 0.0303, VFL train accuracy: 0.9701
2026-04-20 22:44:59,316 - Epoch: 49, 91/194: VFL loss: 0.0988, total loss: 0.0646, anchor loss: 0.0303, VFL train accuracy: 0.9695
2026-04-20 22:44:59,550 - Epoch: 49, 101/194: VFL loss: 0.0992, total loss: 0.0647, anchor loss: 0.0303, VFL train accuracy: 0.9692
2026-04-20 22:44:59,777 - Epoch: 49, 111/194: VFL loss: 0.1009, total loss: 0.0657, anchor loss: 0.0304, VFL train accuracy: 0.9685
2026-04-20 22:45:00,000 - Epoch: 49, 121/194: VFL loss: 0.0997, total loss: 0.0650, anchor loss: 0.0303, VFL train accuracy: 0.9691
2026-04-20 22:45:00,234 - Epoch: 49, 131/194: VFL loss: 0.1004, total loss: 0.0654, anchor loss: 0.0304, VFL train accuracy: 0.9689
2026-04-20 22:45:00,471 - Epoch: 49, 141/194: VFL loss: 0.0994, total loss: 0.0649, anchor loss: 0.0304, VFL train accuracy: 0.9691
2026-04-20 22:45:00,706 - Epoch: 49, 151/194: VFL loss: 0.0990, total loss: 0.0647, anchor loss: 0.0304, VFL train accuracy: 0.9692
2026-04-20 22:45:00,924 - Epoch: 49, 161/194: VFL loss: 0.0979, total loss: 0.0641, anchor loss: 0.0303, VFL train accuracy: 0.9697
2026-04-20 22:45:01,160 - Epoch: 49, 171/194: VFL loss: 0.0984, total loss: 0.0644, anchor loss: 0.0303, VFL train accuracy: 0.9696
2026-04-20 22:45:01,399 - Epoch: 49, 181/194: VFL loss: 0.0985, total loss: 0.0644, anchor loss: 0.0304, VFL train accuracy: 0.9695
2026-04-20 22:45:01,629 - Epoch: 49, 191/194: VFL loss: 0.0986, total loss: 0.0645, anchor loss: 0.0304, VFL train accuracy: 0.9694
2026-04-20 22:45:01,702 - => Recorded Stage 2 client anchor losses for epoch 49 to 'results/AVGuard/stage3_gamma_sensitivity_3clients_noema_bounded_q/IEEE_CIS_FRAUD_3clients_noema_bounded_q_gamma_1.0\stage2_final_epoch_client_anchor_losses.json': {0: 0.024327, 1: 0.035347, 2: 0.03153}
2026-04-20 22:45:01,703 - => Stage 2 EMA anchor update skipped at epoch 49 because momentum=1.0000 disables EMA; eligible classes per client {0: 2, 1: 2, 2: 2}
2026-04-20 22:45:01,703 - => Stage 2 Epoch 49 Training Summary: VFL loss: 0.0981, total loss: 0.0642, anchor loss: 0.0304, VFL train accuracy: 0.9696
2026-04-20 22:45:01,703 - => Test ASR...
2026-04-20 22:45:01,709 - =>Add Trigger to Test Data
2026-04-20 22:45:02,098 - Add Trigger to 8265 Bad Samples, 4133 Clean Samples (1.00)
2026-04-20 22:45:04,999 - => Test Epoch: 49, main task samples: 12398, attack samples: 12398, test loss: 0.6019, clean acc: 0.8291, Top-2: 1.0000, ASR: 0.1073, RAC: 0.7906, test target accuracy: 0.7600, stage3 final accuracy: 0.8291, stage3 final target accuracy: 0.5865, stage3 final asr: 0.1073, anchor loss: 0.0388
2026-04-20 22:45:04,999 - => Stage 3 Detection Summary: recall: 0.8924, precision: 0.8163, f1: 0.8527, false positive rate: 0.1323, correction rate: 0.8922
2026-04-20 22:45:04,999 - => Stage 3 Debug (clean): suspicious=1640/12398, correction_applied=1627, prediction_changed=1627, skipped_tied_vote=0, skipped_low_margin=0, skipped_other=13
2026-04-20 22:45:04,999 - => Stage 3 Debug (poison-valid): suspicious=7311/8265, correction_applied=7309, prediction_changed=7309, skipped_tied_vote=0, skipped_low_margin=0, skipped_other=2
2026-04-20 22:45:05,000 - => Stage 3 Debug (attack-success): suspicious=7307/8188, correction_applied=7305, prediction_changed=7305, corrected_to_true=7305
2026-04-20 22:45:05,000 - => Stage 2 checkpoint score: mean(clean_acc=0.8291, recall=0.8924, correction_rate=0.8922) = 0.8712
2026-04-20 22:45:05,031 - => End Epoch: 49, early stop epochs: 14, best epoch: 35, best clean acc: 0.8308, best Top-2: 1.0000, best ASR: 0.0996, best RAC: 0.7985, anchor loss: 0.0388, best checkpoint score: 0.8770
2026-04-20 22:45:05,031 - => Stage 3 Detection Summary: recall: 0.9002, precision: 0.8325, f1: 0.8650, false positive rate: 0.1195, correction rate: 0.9000
2026-04-20 22:45:05,049 - => LFBA current anchor-derived target label: 1
2026-04-20 22:45:05,058 - =>Add Trigger to Train Data
2026-04-20 22:45:05,157 - Add Trigger to 4959 Bad Samples, 44632 Clean Samples (0.10)
2026-04-20 22:45:05,167 - => Start Training for Injecting Backdoor...
2026-04-20 22:45:05,199 - Epoch: 50, 1/194: VFL loss: 0.0563, total loss: 0.0425, anchor loss: 0.0288, VFL train accuracy: 0.9805
2026-04-20 22:45:05,439 - Epoch: 50, 11/194: VFL loss: 0.0842, total loss: 0.0576, anchor loss: 0.0310, VFL train accuracy: 0.9723
2026-04-20 22:45:05,674 - Epoch: 50, 21/194: VFL loss: 0.0870, total loss: 0.0590, anchor loss: 0.0309, VFL train accuracy: 0.9734
2026-04-20 22:45:05,890 - Epoch: 50, 31/194: VFL loss: 0.0935, total loss: 0.0622, anchor loss: 0.0310, VFL train accuracy: 0.9706
2026-04-20 22:45:06,120 - Epoch: 50, 41/194: VFL loss: 0.0919, total loss: 0.0615, anchor loss: 0.0311, VFL train accuracy: 0.9712
2026-04-20 22:45:06,330 - Epoch: 50, 51/194: VFL loss: 0.0904, total loss: 0.0607, anchor loss: 0.0309, VFL train accuracy: 0.9715
2026-04-20 22:45:06,579 - Epoch: 50, 61/194: VFL loss: 0.0894, total loss: 0.0602, anchor loss: 0.0310, VFL train accuracy: 0.9721
2026-04-20 22:45:06,816 - Epoch: 50, 71/194: VFL loss: 0.0897, total loss: 0.0603, anchor loss: 0.0308, VFL train accuracy: 0.9719
2026-04-20 22:45:07,046 - Epoch: 50, 81/194: VFL loss: 0.0876, total loss: 0.0591, anchor loss: 0.0307, VFL train accuracy: 0.9726
2026-04-20 22:45:07,281 - Epoch: 50, 91/194: VFL loss: 0.0872, total loss: 0.0589, anchor loss: 0.0305, VFL train accuracy: 0.9728
2026-04-20 22:45:07,511 - Epoch: 50, 101/194: VFL loss: 0.0865, total loss: 0.0585, anchor loss: 0.0304, VFL train accuracy: 0.9729
2026-04-20 22:45:07,732 - Epoch: 50, 111/194: VFL loss: 0.0864, total loss: 0.0584, anchor loss: 0.0304, VFL train accuracy: 0.9728
2026-04-20 22:45:07,952 - Epoch: 50, 121/194: VFL loss: 0.0857, total loss: 0.0580, anchor loss: 0.0303, VFL train accuracy: 0.9731
2026-04-20 22:45:08,177 - Epoch: 50, 131/194: VFL loss: 0.0864, total loss: 0.0583, anchor loss: 0.0303, VFL train accuracy: 0.9729
2026-04-20 22:45:08,396 - Epoch: 50, 141/194: VFL loss: 0.0871, total loss: 0.0587, anchor loss: 0.0303, VFL train accuracy: 0.9728
2026-04-20 22:45:08,629 - Epoch: 50, 151/194: VFL loss: 0.0869, total loss: 0.0586, anchor loss: 0.0303, VFL train accuracy: 0.9727
2026-04-20 22:45:08,860 - Epoch: 50, 161/194: VFL loss: 0.0867, total loss: 0.0585, anchor loss: 0.0303, VFL train accuracy: 0.9730
2026-04-20 22:45:09,104 - Epoch: 50, 171/194: VFL loss: 0.0870, total loss: 0.0587, anchor loss: 0.0305, VFL train accuracy: 0.9728
2026-04-20 22:45:09,340 - Epoch: 50, 181/194: VFL loss: 0.0869, total loss: 0.0586, anchor loss: 0.0304, VFL train accuracy: 0.9727
2026-04-20 22:45:09,576 - Epoch: 50, 191/194: VFL loss: 0.0873, total loss: 0.0588, anchor loss: 0.0304, VFL train accuracy: 0.9726
2026-04-20 22:45:09,650 - => Recorded Stage 2 client anchor losses for epoch 50 to 'results/AVGuard/stage3_gamma_sensitivity_3clients_noema_bounded_q/IEEE_CIS_FRAUD_3clients_noema_bounded_q_gamma_1.0\stage2_final_epoch_client_anchor_losses.json': {0: 0.024319, 1: 0.035346, 2: 0.031572}
2026-04-20 22:45:09,654 - => Stage 2 EMA anchor update skipped at epoch 50 because momentum=1.0000 disables EMA; eligible classes per client {0: 2, 1: 2, 2: 2}
2026-04-20 22:45:09,654 - => Stage 2 Epoch 50 Training Summary: VFL loss: 0.0877, total loss: 0.0591, anchor loss: 0.0304, VFL train accuracy: 0.9724
2026-04-20 22:45:09,655 - => Test ASR...
2026-04-20 22:45:09,661 - =>Add Trigger to Test Data
2026-04-20 22:45:10,059 - Add Trigger to 8265 Bad Samples, 4133 Clean Samples (1.00)
2026-04-20 22:45:12,932 - => Test Epoch: 50, main task samples: 12398, attack samples: 12398, test loss: 0.6098, clean acc: 0.8299, Top-2: 1.0000, ASR: 0.1061, RAC: 0.7916, test target accuracy: 0.7622, stage3 final accuracy: 0.8299, stage3 final target accuracy: 0.5870, stage3 final asr: 0.1061, anchor loss: 0.0388
2026-04-20 22:45:12,932 - => Stage 3 Detection Summary: recall: 0.8935, precision: 0.8181, f1: 0.8541, false positive rate: 0.1309, correction rate: 0.8934
2026-04-20 22:45:12,932 - => Stage 3 Debug (clean): suspicious=1623/12398, correction_applied=1608, prediction_changed=1608, skipped_tied_vote=0, skipped_low_margin=0, skipped_other=15
2026-04-20 22:45:12,932 - => Stage 3 Debug (poison-valid): suspicious=7321/8265, correction_applied=7320, prediction_changed=7320, skipped_tied_vote=0, skipped_low_margin=0, skipped_other=1
2026-04-20 22:45:12,932 - => Stage 3 Debug (attack-success): suspicious=7317/8189, correction_applied=7316, prediction_changed=7316, corrected_to_true=7316
2026-04-20 22:45:12,932 - => Stage 2 checkpoint score: mean(clean_acc=0.8299, recall=0.8935, correction_rate=0.8934) = 0.8723
2026-04-20 22:45:12,962 - => End Epoch: 50, early stop epochs: 15, best epoch: 35, best clean acc: 0.8308, best Top-2: 1.0000, best ASR: 0.0996, best RAC: 0.7985, anchor loss: 0.0388, best checkpoint score: 0.8770
2026-04-20 22:45:12,962 - => Stage 3 Detection Summary: recall: 0.9002, precision: 0.8325, f1: 0.8650, false positive rate: 0.1195, correction rate: 0.9000
